,user_input,retrieved_contexts,response,reference,context_precision,context_recall,context_entity_recall,noise_sensitivity_relevant,answer_relevancy,faithfulness,factual_correctness,semantic_similarity,non_llm_string_similarity,rouge_score,string_present,exact_match,harmfulness,maliciousness,coherence,correctness,conciseness
0,Quais são as aplicações e benefícios dos No-Breaks da CM Comandos para as empresas?,"['A EMPRESA Com mais de 38 anos de atuação, a CM Comandos é hoje \numa das maiores fabricantes de No-Breaks da América Latina. \nAlém disso, é líder absoluta em soluções para o mercado corporativo. Certificada pela \nnorma ISO-9001:2015, a CM Comandos ressalta o seu compromisso com a excelência \ndos seus produtos e a total satisfação dos seus clientes.Inovação, qualidade, tecnologia\ne confiabilidade. Marcas das\nsoluções CM Comandos Lineares\nAPLICAÇÕES Os No -Breaks da CM C omandos Linear es são indicados para \naplicações de missão cr ítica, nas mais var iadas cor porações ,  \noferecendo pr oteção contra distúr bios de ener gia elétr ica, tais como: cor tes, micr o cor tes, \nruídos , dist orção har mônica, picos , transient es, sub e sobr e tensão e var iações de fr equência.\nSUPORTE\nTÉCNICOAo escolher a mar ca CM C omandos Linear es você conta com \no melhor  supor te técnico de pr é e pós- venda da empr esa que \nse consolidou ao longo dest es 38 anos como líder de \nmercado . Instrumentação de ponta, pr ofissionais altament e qualificados , com \ncober tura nacional e disponibilidade de at endiment o 24 horas , sete dias por \nsemana, call cent er e pr ocessos cer tificados  asseguram a ex celência dos nossos \nserviços de supor te.BENEFÍCIOSOs equipament os da CM C omandos operam com maior pr ecisão , \nagregam maior númer o de funções e são os mais segur os. \nCarac terísticas que geram alta confiabilidade e pr odutividade nas mais var iadas aplicações , \nminimizam falhas e , consequent ement e, cust os de manut enção . Em r esumo ,                               \nser um client e da CM C omandos sig nifica t er o r etorno do capital in vestido e garantias            \nque só uma empr esa com amplo supor te técnico pode of erecer .\nOSD  L NI A NM EA OR C EM SCISO\n90012015', 'Inovação, qualidade, tecnologia\ne confiabilidade. Marcas das\nsoluções CM Comandos Lineares\nCom mais de 40 anos de atuação, a CM Comandos é hoje uma das \nmaiores fabricantes de No-Breaks da América Latina. Além disso, é líder\nabsoluta em soluções para o mercado corporativo. Certiﬁ  cada pela norma ISO-900:2015, a CM Comandos \nressalta o seu compromisso com a excelência dos seus produtos e a total satisfação dos seus clientes.A EMPRESA\nOs  No-Breaks  da  CM  Comandos  são  indicados  para aplicações de  \nmissão crítica, nas mais variadas corporações, oferecendo proteção \ncontra distúrbios de energia elétrica, tais como: cortes, micro-cortes, ruídos, distorção harmônica, picos, \ntransientes, sub e sobretensão e variação de frequência.APLICAÇÕES\nOs equipamentos da CM Comandos operam com maior precisão, agre-\ngam maior número de funções e são mais seguros. Características\nque geram alta conﬁ  abilidade e produtividade nas mais variadas aplicações, minimizam falhas e,\nconsequentemente, custos de manutenção. Em resumo, ser um cliente CM Comandos signiﬁ  ca ter o \nretorno do capital investido e garantias que só uma empresa com amplo suporte técnico pode oferecer.BENEFÍCIOS\nAo escolher a marca CM Comandos Lineares você conta com o melhor supor-\nte técnico de pré e pós-venda da empresa que se consolidou ao longo  des-\ntes 40 anos como líder de mercado. Instrumentação de ponta, proﬁ  ssionais\naltamente qualiﬁ  cados, disponibilidade de atendimento 24 horas, sete dias da semana, call \ncenter e processos certiﬁ  cados que asseguram a excelência dos nossos serviços de suporte.SUPORTE\nTÉCNICO']","No-Breaks from CM Comandos are suitable for mission-critical applications in various corporations, providing protection against electrical power disturbances such as cuts, micro-cuts, noise, harmonic distortion, peaks, transients, over and under voltage, and frequency variations. These UPS systems operate with greater precision, offer more functions, and are safer, which leads to higher reliability, productivity, and reduced maintenance costs in a wide range of applications. By choosing CM Comandos Linears, businesses benefit from excellent pre- and post-sales support, including cutting-edge instrumentation, highly qualified professionals, 24/7 availability, and certified processes, ensuring top-notch service quality.","Os No-Breaks da CM Comandos são indicados para empresas, proporcionando aplicações e benefícios que garantem a continuidade das operações em caso de falhas de energia.",0.99999999995,1.0,0.49999999875,0.8888888888888888,0.8322376695870042,1.0,,0.7114336081046955,0.1801925722145805,0.078125,0.0,0.0,1,0,1,1,1
1,Quais são as aplicações e benefícios dos No-Breaks da CM Comandos para as empresas?,"['A EMPRESA Com mais de 38 anos de atuação, a CM Comandos é hoje \numa das maiores fabricantes de No-Breaks da América Latina. \nAlém disso, é líder absoluta em soluções para o mercado corporativo. Certificada pela \nnorma ISO-9001:2015, a CM Comandos ressalta o seu compromisso com a excelência \ndos seus produtos e a total satisfação dos seus clientes.Inovação, qualidade, tecnologia\ne confiabilidade. Marcas das\nsoluções CM Comandos Lineares\nAPLICAÇÕES Os No -Breaks da CM C omandos Linear es são indicados para \naplicações de missão cr ítica, nas mais var iadas cor porações ,  \noferecendo pr oteção contra distúr bios de ener gia elétr ica, tais como: cor tes, micr o cor tes, \nruídos , dist orção har mônica, picos , transient es, sub e sobr e tensão e var iações de fr equência.\nSUPORTE\nTÉCNICOAo escolher a mar ca CM C omandos Linear es você conta com \no melhor  supor te técnico de pr é e pós- venda da empr esa que \nse consolidou ao longo dest es 38 anos como líder de \nmercado . Instrumentação de ponta, pr ofissionais altament e qualificados , com \ncober tura nacional e disponibilidade de at endiment o 24 horas , sete dias por \nsemana, call cent er e pr ocessos cer tificados  asseguram a ex celência dos nossos \nserviços de supor te.BENEFÍCIOSOs equipament os da CM C omandos operam com maior pr ecisão , \nagregam maior númer o de funções e são os mais segur os. \nCarac terísticas que geram alta confiabilidade e pr odutividade nas mais var iadas aplicações , \nminimizam falhas e , consequent ement e, cust os de manut enção . Em r esumo ,                               \nser um client e da CM C omandos sig nifica t er o r etorno do capital in vestido e garantias            \nque só uma empr esa com amplo supor te técnico pode of erecer .\nOSD  L NI A NM EA OR C EM SCISO\n90012015', 'Inovação, qualidade, tecnologia\ne confiabilidade. Marcas das\nsoluções CM Comandos Lineares\nCom mais de 40 anos de atuação, a CM Comandos é hoje uma das \nmaiores fabricantes de No-Breaks da América Latina. Além disso, é líder\nabsoluta em soluções para o mercado corporativo. Certiﬁ  cada pela norma ISO-900:2015, a CM Comandos \nressalta o seu compromisso com a excelência dos seus produtos e a total satisfação dos seus clientes.A EMPRESA\nOs  No-Breaks  da  CM  Comandos  são  indicados  para aplicações de  \nmissão crítica, nas mais variadas corporações, oferecendo proteção \ncontra distúrbios de energia elétrica, tais como: cortes, micro-cortes, ruídos, distorção harmônica, picos, \ntransientes, sub e sobretensão e variação de frequência.APLICAÇÕES\nOs equipamentos da CM Comandos operam com maior precisão, agre-\ngam maior número de funções e são mais seguros. Características\nque geram alta conﬁ  abilidade e produtividade nas mais variadas aplicações, minimizam falhas e,\nconsequentemente, custos de manutenção. Em resumo, ser um cliente CM Comandos signiﬁ  ca ter o \nretorno do capital investido e garantias que só uma empresa com amplo suporte técnico pode oferecer.BENEFÍCIOS\nAo escolher a marca CM Comandos Lineares você conta com o melhor supor-\nte técnico de pré e pós-venda da empresa que se consolidou ao longo  des-\ntes 40 anos como líder de mercado. Instrumentação de ponta, proﬁ  ssionais\naltamente qualiﬁ  cados, disponibilidade de atendimento 24 horas, sete dias da semana, call \ncenter e processos certiﬁ  cados que asseguram a excelência dos nossos serviços de suporte.SUPORTE\nTÉCNICO']","No-Breaks from CM Comandos are suitable for mission-critical applications in various corporations, providing protection against electrical power disturbances such as cuts, micro-cuts, noise, harmonic distortion, peaks, transients, over and under voltage, and frequency variations. These UPS systems operate with greater precision, offer more functions, and are safer, which results in higher reliability, productivity, and reduced maintenance costs. By choosing CM Comandos Linears, businesses benefit from top-notch pre- and post-sale support, including cutting-edge instrumentation, highly qualified professionals, 24/7 availability, call center services, and certified processes, ensuring excellent support services.","Os No-Breaks da CM Comandos são indicados para empresas, proporcionando aplicações e benefícios que garantem a continuidade das operações em caso de falhas de energia.",0.99999999995,1.0,0.49999999875,0.875,0.8456402363575414,1.0,0.24,0.7102705018141333,0.1780250347705145,0.064,0.0,0.0,0,0,1,1,1
2,impacto da proteção contra distúrbios de energia na confiabilidade produtividade operações missão crítica,"['DominionSP1\nCARACTERÍSTIC AS  PRINCIP AIS\nTecnologia A vançada DSP  (Digital Signal P rocessor)\nMemória Int erna par a Registr o de E ventos\nMedições em True RMS c om P recisão de Multímetr os\nCorreção do F ator de P otência de E ntr ada0.99*\nAcionament os Monit orados pelo P rocessador DSPPermite funções a vançadas e ex clusivas em t empo r eal.\nPermite que sejam rastr eados para análise .\nSão ideais para a medição de car gas não linear es.\nAtua como filtr o para as car gas não -linear es.\nAs manobras são r egistradas e g ravadas no log de ev entos.TECNOL OGIA  ON-LINE  C OM  BYP ASS  ESTÁTIC O  DE  MANUTENÇÃO\nCorr ente Alternada de Entrada\nCorr ente ContínuaCorr ente Alternada de Saída\nCorr ente Alternada B ypass Estático  Corr ente Alternada B ypass Manual de Manutenção  Saída Rede Elétric a\nde Entr adaRede P resente\nFalha de Rede\nBypass Estátic o\nBypass Manual de\n ManutençãoBypass Manual de Manutenção\nNeste modo de operação , a car ga é alimentada dir etamente pelo cir cuito \nalter nativ o de B ypass que possibilita o desligamento completo do \nequipamento , podendo assim, r ealizar uma manutenção com substituições de \npeças e placas sem a necessidade de desligamento . Com o auxílio da chav e \nestática, após a manutenção , é possív el transf erir novamente o No -Break para \no modo nor mal mantendo a car ga sempr e alimentada.\nRetificador\nConverte a ener gia da r ede elétr ica \nda concessionár ia ou do g rupo \ngerador em cor rente contínua, \ncorrigindo ou eliminando \ndistúr bios da entrada do sistema.\nBanco de Baterias\nArmaz ena ener gia reser va para alimentar o No -Break durante \num per íodo pr é-deter minado , denominado como tempo de \nautonomia do No -Break.Inversor\nConverte a cor rente contínua do r etificador ou das \nbater ias em cor rente alter nada de saída, com f orma de \nonda senoidal pura, livr e de distúr bios .Transf ormador Isolador\nIsola a tensão de saída, garantindo assim uma \nmelhor qualidade de ener gia, filtrando possív eis \nruídos ex ternos mesmo operando em modo B ypass . Bypass Estático\nSistema de pr oteção que , \nem caso de falha, transf ere \nautomaticamente a car ga \npara a linha de B ypass \nsem inter rupções na saída \ne opera em sincr onismo \nde fase . \nPossibilidade de Upgr ade do F irmwar e do DSP\nAjust es da Tensão por Sof twar e\nBypass Estátic o e Bypass M anual de M anut enção\nGerenciament o Remot o Real-Time Via Int ernet*\nCompatív el com Todos os Grupos G erador esGarant e a atualização e pr eser vação do in vestiment o.\nAsseguram elevada pr ecisão e confiabilidade .\nAdicionam pr oteção e elevam a confiabilidade da car ga sensív el.\nVia TCP/IP e fir ewalls com pr oteção de senhas para acesso r emot o.\nPrecisão e t otal pr oteção para operação com g rupos gerador es.', 'TECNOLOGIA ON LINE COM BYPASS ESTÁTICO DE MANUTENÇÃO\nINTERFACE DE GERENCIAMENTO REMOTO\nAs Interfaces de Gerenciamento Remoto são compostas por diversas ferramentas, sendo elas: \n•  O Adaptador SNMP que permite gerenciar remotamente o No-Break via Internet através de um web browser,  monitorar o status \ne enviar alertas por e-mail. \n• O software, uma ferramenta de gerenciamento Windows Application e a versão Client é especíﬁ  ca para automatizar o shutdown \nde servidores, podendo desligar automática e simultaneamente vários servidores e estações. \n• O Adaptador Modbus permite integrar o No-Break, via uma porta RS485, a Sistemas de Automação Predial.\nBypass Estático\nSistema de proteção que, em caso de \nproblemas, transfere automaticamente \na carga para um circuito alternativo, sem \ninterrupção no fornecimento de energia.Bypass Estático de Manutenção\nPermite a transferência e o retorno da carga do No-Break para um circuito \nalternativo de fornecimento de energia, para atividades de manutenção. \nEm quaisquer situações, o fornecimento de energia é contínuo, sem \ninterrupções.\nBanco de Baterias\nArmazena energia reserva para alimentar o No-Break \ndurante um período predeterminado, denominado como \ntempo de autonomia do No-Break.Retificador\nConverte a energia da\nrede elétrica da concessionária\n ou do grupo gerador em\ncorrente contínua, corrigindo \nou eliminando distúrbios\nda entrada do sistema.\nCorrente alternada de entradaCorrente contínua Corrente alternada de saída\nCorrente alternada Bypass estáticoCorrente alternada Bypass estático\nde manutenção\nInversor\nConverte a corrente contínua do \nretiﬁ  cador ou das baterias em corrente \nalternada de saída, com forma de onda \nsenoidal pura, livre de distúrbios.\nRetificador\nConverte a energia da\nrede elétrica da concessionária\n ou do grupo gerador em\nInversor\nConverte a corrente contínua do \nretiﬁ  cador ou das baterias em corrente \nalternada de saída, com forma de onda']","The use of power energy disturbance protection can significantly improve the reliability and productivity of mission-critical operations. This protection typically involves the use of technologies such as digital signal processors (DSP), online maintenance with bypass systems, and advanced power management features. These technologies help ensure a stable and clean power supply, reducing the risk of equipment damage, data loss, and downtime. Additionally, they can provide real-time monitoring and analysis capabilities, allowing for proactive maintenance and faster issue resolution. Overall, implementing power energy disturbance protection can lead to increased efficiency, reduced costs, and improved operational performance in mission-critical environments.","A proteção contra distúrbios de energia elétrica impacta a confiabilidade e a produtividade em operações de missão crítica, minimizando falhas e custos de manutenção.",0.99999999995,0.0,0.0,0.4666666666666667,0.8092210019798515,0.5333333333333333,0.63,0.6538960529413274,0.1592689295039164,0.0151515151515151,0.0,0.0,0,1,1,1,1
3,De que forma a protecão contra distúrbios de energia afeta a confiabilidade nas operações críticas?,"['TECNOLOGIA ON LINE COM BYPASS ESTÁTICO DE MANUTENÇÃO\nINTERFACE DE GERENCIAMENTO REMOTO\nAs Interfaces de Gerenciamento Remoto são compostas por diversas ferramentas, sendo elas: \n•  O Adaptador SNMP que permite gerenciar remotamente o No-Break via Internet através de um web browser,  monitorar o status \ne enviar alertas por e-mail. \n• O software, uma ferramenta de gerenciamento Windows Application e a versão Client é especíﬁ  ca para automatizar o shutdown \nde servidores, podendo desligar automática e simultaneamente vários servidores e estações. \n• O Adaptador Modbus permite integrar o No-Break, via uma porta RS485, a Sistemas de Automação Predial.\nBypass Estático\nSistema de proteção que, em caso de \nproblemas, transfere automaticamente \na carga para um circuito alternativo, sem \ninterrupção no fornecimento de energia.Bypass Estático de Manutenção\nPermite a transferência e o retorno da carga do No-Break para um circuito \nalternativo de fornecimento de energia, para atividades de manutenção. \nEm quaisquer situações, o fornecimento de energia é contínuo, sem \ninterrupções.\nBanco de Baterias\nArmazena energia reserva para alimentar o No-Break \ndurante um período predeterminado, denominado como \ntempo de autonomia do No-Break.Retificador\nConverte a energia da\nrede elétrica da concessionária\n ou do grupo gerador em\ncorrente contínua, corrigindo \nou eliminando distúrbios\nda entrada do sistema.\nCorrente alternada de entradaCorrente contínua Corrente alternada de saída\nCorrente alternada Bypass estáticoCorrente alternada Bypass estático\nde manutenção\nInversor\nConverte a corrente contínua do \nretiﬁ  cador ou das baterias em corrente \nalternada de saída, com forma de onda \nsenoidal pura, livre de distúrbios.\nRetificador\nConverte a energia da\nrede elétrica da concessionária\n ou do grupo gerador em\nInversor\nConverte a corrente contínua do \nretiﬁ  cador ou das baterias em corrente \nalternada de saída, com forma de onda', 'DominionSP1\nCARACTERÍSTIC AS  PRINCIP AIS\nTecnologia A vançada DSP  (Digital Signal P rocessor)\nMemória Int erna par a Registr o de E ventos\nMedições em True RMS c om P recisão de Multímetr os\nCorreção do F ator de P otência de E ntr ada0.99*\nAcionament os Monit orados pelo P rocessador DSPPermite funções a vançadas e ex clusivas em t empo r eal.\nPermite que sejam rastr eados para análise .\nSão ideais para a medição de car gas não linear es.\nAtua como filtr o para as car gas não -linear es.\nAs manobras são r egistradas e g ravadas no log de ev entos.TECNOL OGIA  ON-LINE  C OM  BYP ASS  ESTÁTIC O  DE  MANUTENÇÃO\nCorr ente Alternada de Entrada\nCorr ente ContínuaCorr ente Alternada de Saída\nCorr ente Alternada B ypass Estático  Corr ente Alternada B ypass Manual de Manutenção  Saída Rede Elétric a\nde Entr adaRede P resente\nFalha de Rede\nBypass Estátic o\nBypass Manual de\n ManutençãoBypass Manual de Manutenção\nNeste modo de operação , a car ga é alimentada dir etamente pelo cir cuito \nalter nativ o de B ypass que possibilita o desligamento completo do \nequipamento , podendo assim, r ealizar uma manutenção com substituições de \npeças e placas sem a necessidade de desligamento . Com o auxílio da chav e \nestática, após a manutenção , é possív el transf erir novamente o No -Break para \no modo nor mal mantendo a car ga sempr e alimentada.\nRetificador\nConverte a ener gia da r ede elétr ica \nda concessionár ia ou do g rupo \ngerador em cor rente contínua, \ncorrigindo ou eliminando \ndistúr bios da entrada do sistema.\nBanco de Baterias\nArmaz ena ener gia reser va para alimentar o No -Break durante \num per íodo pr é-deter minado , denominado como tempo de \nautonomia do No -Break.Inversor\nConverte a cor rente contínua do r etificador ou das \nbater ias em cor rente alter nada de saída, com f orma de \nonda senoidal pura, livr e de distúr bios .Transf ormador Isolador\nIsola a tensão de saída, garantindo assim uma \nmelhor qualidade de ener gia, filtrando possív eis \nruídos ex ternos mesmo operando em modo B ypass . Bypass Estático\nSistema de pr oteção que , \nem caso de falha, transf ere \nautomaticamente a car ga \npara a linha de B ypass \nsem inter rupções na saída \ne opera em sincr onismo \nde fase . \nPossibilidade de Upgr ade do F irmwar e do DSP\nAjust es da Tensão por Sof twar e\nBypass Estátic o e Bypass M anual de M anut enção\nGerenciament o Remot o Real-Time Via Int ernet*\nCompatív el com Todos os Grupos G erador esGarant e a atualização e pr eser vação do in vestiment o.\nAsseguram elevada pr ecisão e confiabilidade .\nAdicionam pr oteção e elevam a confiabilidade da car ga sensív el.\nVia TCP/IP e fir ewalls com pr oteção de senhas para acesso r emot o.\nPrecisão e t otal pr oteção para operação com g rupos gerador es.']","A proteção contra distúrbios de energia, como o retificador que converte a energia da rede elétrica em corrente contínua e corrige ou elimina distúrbios da entrada do sistema, pode afetar positivamente a confiabilidade nas operações críticas. Isso se deve ao fato de que essa proteção garante uma alimentação estável e de alta qualidade, reduzindo os riscos de interrupções ou danos aos equipamentos e sistemas vitais para o processo em questão. Além disso, a possibilidade de upgrades no firmware e no DSP, juntamente com a gerência remota em tempo real via internet, asseguram a atualização e preservação do investimento, aumentando a confiabilidade geral das operações.","A proteção contra distúrbios de energia elétrica afeta a confiabilidade nas operações críticas ao minimizar falhas e custos de manutenção, garantindo maior precisão e segurança nos equipamentos.",0.99999999995,0.0,0.0,0.0,0.9822301820370806,0.4444444444444444,0.4,0.8181894944634249,0.2455357142857143,0.3076923076923077,0.0,0.0,0,1,1,1,1
4,implicações suporte técnico eficaz melhoria experiência usuário,"['Vantagens do C ontrat o de M anut enção \nAtravés do contrat o de manut enção , técnicos e gest ores de manut enção podem r eduzir a deg radação dos seus equipament os, prolongando \no tempo de vida útil e evitando int ervenções cor retivas , que geram cust os elevados e t êm impac tos negativ os.\nn   Supor te técnico por t elefone, durant e 24hs/dia\nn   Minimizar os r iscos e pr ejuíz os de t er um equipament o parado\nn   Prioridade no at endiment o no caso de uma parada \nn Redução da necessidade de manut enção cor retivas em at é 80% e \nconsequent e  redução de cust os\nn  Serviços de cor retivas , quando  inclusos no contrat o \nn Redução de cust o: equipament os com manut enção pr eventiva \nadequada sofr em menos desgast es e, por tanto \ntem sua vida útil ampliada. \nAv. Eng . Alber to de Zagottis , 760 - 04675-085 -  São P aulo - SP\nTel.: (11) 5696-5033 \nwww.cmcomandos .com.br\nSistema de \nSustentabilidade A uditadoIdentifique Nossa E quipe \nUniforme P adrão \nCamisa azul   Calça azul   Crachá  \nPedro\nSuporte Técnico0000000000001Nome:\nRG:\nSetor:João P edro \nMatrícula:\n1111 25.613.810-2\nAssistência Técnica\n1.Uso... \nJOÃO PEDRO \nSuporte Técnico Supor te Técnico\nCall C enter int egrado ao sist ema de gestão ERP\nTécnicos Treinados e Qualificados\nEquipados com I nstrumentação de P onta\nAnalisador de Har mônicos\nAtendiment o 24 horas - 7 dias da semana via C ontrat os\nde M anut enção P reditiva, P reventiva e C orretiva\n  Supor te Pleno de P ré e P ós-V enda\nAmpla cober tura em t odo o paísn   \nn  \nn  \nn  \nn  \nn\nn  \nCM MK T SET 2021  -   As especificações estão sujeitas a alterações sem pr évio aviso . Nós incentivamos a r eciclagem\nAtendiment o em t odo\n o Território Nacional\ncom filiais e r epresentant es nas pr incipais \ncidades e capitais , otimizando o t empo , \ncusto e buscando a ex celência\n na pr estação de ser viços\nEscaneie e saiba mais sobr e o\n contrat o de manut enção \nOSD  N LI A NM EO AC R EMSCISO\n90012015 OSD  N LI A NM EO AC R EMSC', 'TECNOLOGIA  EQUALIZER\nEqualização A tiva Individual das Ba terias\n O módulo de bater ia ativ o regula individualmente a \ntensão de cada bater ia e as mantém homogêneas , \nelevando a sua durabilidade , capacidade e r esistência \ncontra cor rosão e sulfatação .\nEvita e pr otege c ontr a Ex cesso de C arga\nAtrav és da Equalização Ativa as bater ias são pr oteg idas \nindividualmente contra o ex cesso de car ga, pr evenindo -\nas contra exalação de gases , secagem do eletr ólito \ninter no e do aquecimento inter no em ex cesso .\nEvita e pr otege c ontr a Falta de C arga\nA Equalização Ativa individual das bater ias impede que \nas mesmas r ecebam menor tensão que dev eriam, \nevitando -se a sulfatação e a per da de capacidade .\nIndicador de P roblemas da Ba teria\nAtrav és da medição da Tensão , Impedância e \nTemperatura, o sistema monitora os pr oblemas típicos \ndas bater ias, tais como sulfatação , cor rosão , per da de \ngases , secagem do eletr ólito e aquecimento inter no.Elimina a Sulfa tação das Ba terias\nO pr oblema decor re dos car regador es e r etificador es de \nbater ias, que r egulam a tensão de flutuação ou \nequalização na tensão final das bater ias e não garantem \nque em algumas  bater ias elas r ecebam maior tensão e , \nem outras , menor tensão . Atrav és da Equalização Ativa, \nmantêm-se todas as bater ias com tensão equilibrada.\nProteção c ontr a contaminação de ba terias\nAtrav és da Equalização Ativa individual de cada bater ia, \nevitam-se danos de uma bater ia a outras bater ias \npróximas , o ef eito de contaminação , ou seja, uma bater ia \nruim danifica as boas .\nOtimização da capacidade das ba terias\nGraças à Equalização Ativa, o Equaliz er garante a plena \nrecar ga e a máxima otimização da bater ia.\nAler ta par a substituir ba terias\nAtrav és da análise da cur va de impedância, pode -se \nidentificar a tendência, já na fase inicial de instalação , se \nalguma bater ia está deter iorada ou simplesmente mais \nfraca do que as outras . Quanto antes ef etuar este \ndiag nóstico , melhor será para o r estante da vida útil das \ndemais bater ias.Alarmes de ba teria\nAtrav és do monitoramento dos parâmetr os-chav e das \nbater ias e medições de limites pr eestabelecidos , o \nsistema en via avisos de alar mes automaticamente aos \nadministrador es do sistema.\nManutenção à distância \nO Equaliz er melhora a qualidade do ser viço, fornecendo \nmonitoramento r emoto atrav és da I nternet, VPN ou \noutra r ede, para faz er download de dados em tempo \nreal e acesso ao histór ico da bater ia para análise . \nManutenção sem desligar o sistema\nOs testes de bater ia individuais são possív eis \nremotamente , sem o esf orço para desligar as bater ias. \nAs manutenções e as análises  de bater ia podem ser \nrealizadas em condições r eais de operação , sem a \nnecessidade de paradas no sistema.\nOtimiza a manutenção em campo\nA equipe de manutenção se desloca somente quando \nhá inter venções cor retivas e dir etas na bater ia que \napresentar def eito na ocor rência de alar mes ou na \nanálise de diag nóstico e , é clar o, reduz enor mes custos \noperacionais .\nOSD  N LI A NM EO AC R EM SCISO\n90012015\nAv. Eng .']","A reliable technical support service can significantly improve the user experience in several ways. By providing quick and efficient assistance, users can promptly resolve any issues they encounter, reducing downtime and frustration. Technical support can also offer proactive maintenance, identifying and addressing potential problems before they affect the user. This can result in a more stable and reliable service, enhancing the overall user experience. Additionally, a knowledgeable and friendly support team can help users better understand and utilize the system, further improving their interaction with it.",O suporte técnico eficaz tem implicações significativas na melhoria da experiência do usuário.,0.9999999999,0.0,0.0,0.0,0.7921396029056348,0.7777777777777778,0.43,0.6229089613230905,0.1266233766233766,0.0194174757281553,0.0,0.0,1,0,1,1,1
5,Quais implicações tem um bom suporte técnico na experiência do usuário?,"['TECNOLOGIA  EQUALIZER\nEqualização A tiva Individual das Ba terias\n O módulo de bater ia ativ o regula individualmente a \ntensão de cada bater ia e as mantém homogêneas , \nelevando a sua durabilidade , capacidade e r esistência \ncontra cor rosão e sulfatação .\nEvita e pr otege c ontr a Ex cesso de C arga\nAtrav és da Equalização Ativa as bater ias são pr oteg idas \nindividualmente contra o ex cesso de car ga, pr evenindo -\nas contra exalação de gases , secagem do eletr ólito \ninter no e do aquecimento inter no em ex cesso .\nEvita e pr otege c ontr a Falta de C arga\nA Equalização Ativa individual das bater ias impede que \nas mesmas r ecebam menor tensão que dev eriam, \nevitando -se a sulfatação e a per da de capacidade .\nIndicador de P roblemas da Ba teria\nAtrav és da medição da Tensão , Impedância e \nTemperatura, o sistema monitora os pr oblemas típicos \ndas bater ias, tais como sulfatação , cor rosão , per da de \ngases , secagem do eletr ólito e aquecimento inter no.Elimina a Sulfa tação das Ba terias\nO pr oblema decor re dos car regador es e r etificador es de \nbater ias, que r egulam a tensão de flutuação ou \nequalização na tensão final das bater ias e não garantem \nque em algumas  bater ias elas r ecebam maior tensão e , \nem outras , menor tensão . Atrav és da Equalização Ativa, \nmantêm-se todas as bater ias com tensão equilibrada.\nProteção c ontr a contaminação de ba terias\nAtrav és da Equalização Ativa individual de cada bater ia, \nevitam-se danos de uma bater ia a outras bater ias \npróximas , o ef eito de contaminação , ou seja, uma bater ia \nruim danifica as boas .\nOtimização da capacidade das ba terias\nGraças à Equalização Ativa, o Equaliz er garante a plena \nrecar ga e a máxima otimização da bater ia.\nAler ta par a substituir ba terias\nAtrav és da análise da cur va de impedância, pode -se \nidentificar a tendência, já na fase inicial de instalação , se \nalguma bater ia está deter iorada ou simplesmente mais \nfraca do que as outras . Quanto antes ef etuar este \ndiag nóstico , melhor será para o r estante da vida útil das \ndemais bater ias.Alarmes de ba teria\nAtrav és do monitoramento dos parâmetr os-chav e das \nbater ias e medições de limites pr eestabelecidos , o \nsistema en via avisos de alar mes automaticamente aos \nadministrador es do sistema.\nManutenção à distância \nO Equaliz er melhora a qualidade do ser viço, fornecendo \nmonitoramento r emoto atrav és da I nternet, VPN ou \noutra r ede, para faz er download de dados em tempo \nreal e acesso ao histór ico da bater ia para análise . \nManutenção sem desligar o sistema\nOs testes de bater ia individuais são possív eis \nremotamente , sem o esf orço para desligar as bater ias. \nAs manutenções e as análises  de bater ia podem ser \nrealizadas em condições r eais de operação , sem a \nnecessidade de paradas no sistema.\nOtimiza a manutenção em campo\nA equipe de manutenção se desloca somente quando \nhá inter venções cor retivas e dir etas na bater ia que \napresentar def eito na ocor rência de alar mes ou na \nanálise de diag nóstico e , é clar o, reduz enor mes custos \noperacionais .\nOSD  N LI A NM EO AC R EM SCISO\n90012015\nAv. Eng .', 'Vantagens do C ontrat o de M anut enção \nAtravés do contrat o de manut enção , técnicos e gest ores de manut enção podem r eduzir a deg radação dos seus equipament os, prolongando \no tempo de vida útil e evitando int ervenções cor retivas , que geram cust os elevados e t êm impac tos negativ os.\nn   Supor te técnico por t elefone, durant e 24hs/dia\nn   Minimizar os r iscos e pr ejuíz os de t er um equipament o parado\nn   Prioridade no at endiment o no caso de uma parada \nn Redução da necessidade de manut enção cor retivas em at é 80% e \nconsequent e  redução de cust os\nn  Serviços de cor retivas , quando  inclusos no contrat o \nn Redução de cust o: equipament os com manut enção pr eventiva \nadequada sofr em menos desgast es e, por tanto \ntem sua vida útil ampliada. \nAv. Eng . Alber to de Zagottis , 760 - 04675-085 -  São P aulo - SP\nTel.: (11) 5696-5033 \nwww.cmcomandos .com.br\nSistema de \nSustentabilidade A uditadoIdentifique Nossa E quipe \nUniforme P adrão \nCamisa azul   Calça azul   Crachá  \nPedro\nSuporte Técnico0000000000001Nome:\nRG:\nSetor:João P edro \nMatrícula:\n1111 25.613.810-2\nAssistência Técnica\n1.Uso... \nJOÃO PEDRO \nSuporte Técnico Supor te Técnico\nCall C enter int egrado ao sist ema de gestão ERP\nTécnicos Treinados e Qualificados\nEquipados com I nstrumentação de P onta\nAnalisador de Har mônicos\nAtendiment o 24 horas - 7 dias da semana via C ontrat os\nde M anut enção P reditiva, P reventiva e C orretiva\n  Supor te Pleno de P ré e P ós-V enda\nAmpla cober tura em t odo o paísn   \nn  \nn  \nn  \nn  \nn\nn  \nCM MK T SET 2021  -   As especificações estão sujeitas a alterações sem pr évio aviso . Nós incentivamos a r eciclagem\nAtendiment o em t odo\n o Território Nacional\ncom filiais e r epresentant es nas pr incipais \ncidades e capitais , otimizando o t empo , \ncusto e buscando a ex celência\n na pr estação de ser viços\nEscaneie e saiba mais sobr e o\n contrat o de manut enção \nOSD  N LI A NM EO AC R EMSCISO\n90012015 OSD  N LI A NM EO AC R EMSC']","Adequate technical support can significantly enhance the user experience in several ways. It ensures that any issues or problems with the system are promptly addressed, reducing downtime and increasing productivity. With a competent support team, users can receive guidance on optimizing the system's performance, leading to a more efficient and satisfying user experience.

Additionally, a reliable technical support system instills confidence in users, knowing that they can quickly resolve any challenges they encounter. This assurance can lead to higher user satisfaction and a more positive overall perception of the system.

Furthermore, technical support can provide training and educational resources, enabling users to better understand and utilize the system's features. This empowerment can result in a more engaging and rewarding user experience.

Lastly, a robust technical support system can help prevent minor issues from escalating into major problems, ensuring smooth and uninterrupted operation of the system. This stability contributes to a positive user experience by minimizing frustration and promoting a seamless interaction with the system.","Um bom suporte técnico tem implicações positivas na experiência do usuário, pois pode oferecer soluções rápidas e eficazes para problemas, aumentando a satisfação e a confiança do cliente.",0.0,0.0,0.0,0.0,0.8692197441993089,0.625,0.52,0.6820159183649048,0.1288659793814432,0.0396039603960396,0.0,0.0,1,0,1,1,1
6,Como o sistema Paralelo Multi Ativo muda a confiabilidade dos no-breaks?,"['SISTEMA PARALELO MULTI ATIVO (EXCLUSIVO CM COMANDOS)\nA CM Comandos Lineares desenvolveu um sistema inovador e pioneiro no mundo de paralelismo entre no-breaks. O sistema \nParalelo Multi Ativo permite a expansão do sistema, de acordo com sua demanda de consumo, podendo paralelar quantas \nunidades forem necessárias para atender sua demanda, elevando a capacidade do sistema e a confiabilidade de sua aplicação.\nPOSSIBILIDADE DE SOMATÓRIA DE  POTÊNCIAS\nPermite a ligação para somatória de potência, utilizando dois ou mais \nNo-Breaks para atingir a demanda da carga total.\nQuando utilizado para somatória de potência, possibilita a ligação de \nNo-Breaks com potências diferentes. Quando a ligação for feita com \nNo-Breaks de potências diferentes, a carga será distribuída \nproporcionalmente. Permite a ligação em paralelo redundante N + 1,  N + 2, N + 3 … N+X,  \npossibilitando o desligamento de uma ou mais unidades, mantendo a \ncarga ativa.\nA comunicação entre os No-Breaks consiste no barramento de \ncomunicação comum, por onde transitam informações \ncontendo nível de carga, sincronismo e a condição do by pass.COMUNICAÇÃO ENTRE OS NO-BREAKSTodos os No-Breaks são autônomos, operam de forma \nindependente no sistema e possuem controle individual.NÃO EXISTE NO-BREAK MESTRE OU ESCRAVOPodem ser paraleladas quantas unidades forem necessárias, \npossibilitando expansão do sistema, de acordo com a demanda \nde consumo.QUANTIDADE ILIMITADA PARA PARALELISMO\nPARALELISMO DO BANCO DE BATERIAS\nPermite paralelismo dos bancos de baterias (quando forem de \nmesma tensão nominal).MANUTENÇÃO DO NO-BREAK\nPermite a inserção ou retirada de um No-Break no sistema, sem a \nnecessidade de parada.INTERFACES  DE  SHUTDOWN  E GERENCIAMENTO  REMOTO\nRede Elétric a\nde Entr ada\nSaídaNo-break 1\n Potência \nde 60 kV ANo-break 2\nPotência de \n100 kV ANo-break 3\nPotência de \n20 kV A\nCarga fornecida pelo sistema = 410 kV ANo-break 4\nPotência de \n30 kV ANo-break 5\nPotência de \n80 kV ANo-break 6\nPotência de \n120 kV ARede L ocal Ether netA   Inter face de Ger enciamento \n     \nC  Inter face Shutdown \n     Client \n     LANB  Inter face Shutdown \n     D   Inter face de Ger enciamento Remoto \n  \nE  Adaptador SNMP\n     \nF  Client Shutdown\nG Estação Remota\n    Sof tware com \n    conexão à I nter netMultisser vidor es\nMultiplataf ormas\nMulti-S.O .Porta M icroprocessada DB9\nPorta Contato Seco DB9\nRede Ethernet RJ45', 'S I S T E M A PA R A L E L O M U LT I AT I V O ( E X C L U S I V O C M C O M A N D O S )\nA CM Comandos Lineares desenvolveu um sistema inovador e pioneiro no mundo de paralelismo entre No Breaks. O sistema Paralelo \nMulti Ativo permite a expansão do sistema, de acordo com sua demanda de consumo, podendo paralelar quantas unidades forem \nnecessárias para atender sua demanda, elevando a capacidade do sistema e a confiabilidade de sua aplicação.\nP O S S I B I L I D A D E D E S O M A T Ó R I A D E  P O T Ê N C I A S\nPermite a ligação para somatória de potência, utilizando dois ou mais No \nBreaks para atingir a demanda da carga total.\nQuando utilizado para somatória de potência, possibilita a ligação de \nNo Breaks com potências diferentes. Quando a ligação for feita com No \nBreaks de potências diferentes, a carga será distribuída \nproporcionalmente. Permite a ligação em paralelo redundante N + 1,  N + 2, N + 3 … N+X,  \npossibilitando o desligamento de uma ou mais unidades mantendo a \ncarga ativa.L I G A Ç Ã O E M P A R A L E L O R E D U N D A N T E\nA comunicação entre os No Breaks consiste no barramento de \ncomunicação comum, por onde transitam informações contendo \nnível de carga, sincronismo e a condição do by pass.C O M U N I C A Ç Ã O E N T R E O S N O B R E A K STodos os No Breaks são autônomos, operam de forma \nindependente no sistema e possuem controle individual.N Ã O E X I S T E N O B R E A K M E S T R E O U E S C R A V OPodem ser paraleladas quantas unidades forem necessárias, \npossibilitando expansão do sistema, de acordo com a demanda de \nconsumo.Q U A N T I D A D E I L I M I T A D A P A R A P A R A L E L I S M O\nM A N U T E N Ç Ã O D O N O B R E A K\nPermite a inserção ou retirada de um No Break no sistema, sem a \nnecessidade de parada.Rede Elétrica\nde Entrada\nSaídaNo Break 1\n Potência de \n30 kVANo Break 2\nPotência de \n10 kVANo Break 3\nPotência de \n20 kVA\nCarga fornecida pelo sistema = 150 kVANo Break 4\nPotência de \n30 kVANo Break 5\nPotência de \n20 kVANo Break 6\nPotência de \n40 kVA\nINTERFACES DE \nGERENCIAMENTO   \nREMOTO\nSão compostas por diversas ferramentas. O \nAdaptador SNMP NetMate permite\ngerenciar remotamente o No Break via a \nInternet através de um web browser,\nmonitorar o status e enviar alertas por e-mail. \nO software IP Power é uma ferramenta de \ngerenciamento  Windows Application e a \nversão Client é específica para  automatizar o \nshutdown de servidores, podendo desligar \nautomática e simultaneamente vários\ns e r v i d o r e s  e  e s t a ç õ e s .\nO Adaptador ArmModbus permite integrar \no  N o  B r e a k ,  v i a  u m a  p o r t a\nRS485, a Sistemas de Automação Predial.']","The Parallel Multi Active system developed by CM Comandos Lineares enhances the reliability of the no-breaks by allowing the expansion of the system according to the consumption demand. It can parallel as many units as necessary to meet the demand, thereby increasing the system's capacity and reliability. Additionally, it enables the summation of powers, allowing the connection of no-breaks with different power ratings, which distributes the load proportionally. This redundant paralleling N+1, N+2, N+3 ... N+X also allows the system to keep the load active even if one or more units are turned off. The communication between no-breaks is facilitated through a common communication bus, which shares information about load level, synchronism, and bypass condition. Each no-break operates independently and has individual control, ensuring that there is no master or slave relationship among them. This system allows for an unlimited number of no-breaks to be paralleled, enabling seamless insertion or removal of a no-break without requiring system shutdown.","O sistema Paralelo Multi Ativo muda a confiabilidade dos no-breaks ao permitir a expansão do sistema de acordo com a demanda de consumo, elevando a capacidade do sistema e a confiabilidade de sua aplicação.",0.99999999995,1.0,0.0,0.7777777777777778,0.8573049758113047,1.0,0.24,0.7166880271590776,0.1495766698024458,0.048780487804878,0.0,0.0,0,0,1,1,0
7,De que forma o sistema Paralelo Multi Ativo da CM Comandos Lineares ajuda na expanção e confiabilidade em aplicaçõe que precisam de no-breaks?,"['SISTEMA PARALELO MULTI ATIVO (EXCLUSIVO CM COMANDOS)\nA CM Comandos Lineares desenvolveu um sistema inovador e pioneiro no mundo de paralelismo entre no-breaks. O sistema \nParalelo Multi Ativo permite a expansão do sistema, de acordo com sua demanda de consumo, podendo paralelar quantas \nunidades forem necessárias para atender sua demanda, elevando a capacidade do sistema e a confiabilidade de sua aplicação.\nPOSSIBILIDADE DE SOMATÓRIA DE  POTÊNCIAS\nPermite a ligação para somatória de potência, utilizando dois ou mais \nNo-Breaks para atingir a demanda da carga total.\nQuando utilizado para somatória de potência, possibilita a ligação de \nNo-Breaks com potências diferentes. Quando a ligação for feita com \nNo-Breaks de potências diferentes, a carga será distribuída \nproporcionalmente. Permite a ligação em paralelo redundante N + 1,  N + 2, N + 3 … N+X,  \npossibilitando o desligamento de uma ou mais unidades, mantendo a \ncarga ativa.\nA comunicação entre os No-Breaks consiste no barramento de \ncomunicação comum, por onde transitam informações \ncontendo nível de carga, sincronismo e a condição do by pass.COMUNICAÇÃO ENTRE OS NO-BREAKSTodos os No-Breaks são autônomos, operam de forma \nindependente no sistema e possuem controle individual.NÃO EXISTE NO-BREAK MESTRE OU ESCRAVOPodem ser paraleladas quantas unidades forem necessárias, \npossibilitando expansão do sistema, de acordo com a demanda \nde consumo.QUANTIDADE ILIMITADA PARA PARALELISMO\nPARALELISMO DO BANCO DE BATERIAS\nPermite paralelismo dos bancos de baterias (quando forem de \nmesma tensão nominal).MANUTENÇÃO DO NO-BREAK\nPermite a inserção ou retirada de um No-Break no sistema, sem a \nnecessidade de parada.INTERFACES  DE  SHUTDOWN  E GERENCIAMENTO  REMOTO\nRede Elétric a\nde Entr ada\nSaídaNo-break 1\n Potência \nde 60 kV ANo-break 2\nPotência de \n100 kV ANo-break 3\nPotência de \n20 kV A\nCarga fornecida pelo sistema = 410 kV ANo-break 4\nPotência de \n30 kV ANo-break 5\nPotência de \n80 kV ANo-break 6\nPotência de \n120 kV ARede L ocal Ether netA   Inter face de Ger enciamento \n     \nC  Inter face Shutdown \n     Client \n     LANB  Inter face Shutdown \n     D   Inter face de Ger enciamento Remoto \n  \nE  Adaptador SNMP\n     \nF  Client Shutdown\nG Estação Remota\n    Sof tware com \n    conexão à I nter netMultisser vidor es\nMultiplataf ormas\nMulti-S.O .Porta M icroprocessada DB9\nPorta Contato Seco DB9\nRede Ethernet RJ45', 'S I S T E M A PA R A L E L O M U LT I AT I V O ( E X C L U S I V O C M C O M A N D O S )\nA CM Comandos Lineares desenvolveu um sistema inovador e pioneiro no mundo de paralelismo entre No Breaks. O sistema Paralelo \nMulti Ativo permite a expansão do sistema, de acordo com sua demanda de consumo, podendo paralelar quantas unidades forem \nnecessárias para atender sua demanda, elevando a capacidade do sistema e a confiabilidade de sua aplicação.\nP O S S I B I L I D A D E D E S O M A T Ó R I A D E  P O T Ê N C I A S\nPermite a ligação para somatória de potência, utilizando dois ou mais No \nBreaks para atingir a demanda da carga total.\nQuando utilizado para somatória de potência, possibilita a ligação de \nNo Breaks com potências diferentes. Quando a ligação for feita com No \nBreaks de potências diferentes, a carga será distribuída \nproporcionalmente. Permite a ligação em paralelo redundante N + 1,  N + 2, N + 3 … N+X,  \npossibilitando o desligamento de uma ou mais unidades mantendo a \ncarga ativa.L I G A Ç Ã O E M P A R A L E L O R E D U N D A N T E\nA comunicação entre os No Breaks consiste no barramento de \ncomunicação comum, por onde transitam informações contendo \nnível de carga, sincronismo e a condição do by pass.C O M U N I C A Ç Ã O E N T R E O S N O B R E A K STodos os No Breaks são autônomos, operam de forma \nindependente no sistema e possuem controle individual.N Ã O E X I S T E N O B R E A K M E S T R E O U E S C R A V OPodem ser paraleladas quantas unidades forem necessárias, \npossibilitando expansão do sistema, de acordo com a demanda de \nconsumo.Q U A N T I D A D E I L I M I T A D A P A R A P A R A L E L I S M O\nM A N U T E N Ç Ã O D O N O B R E A K\nPermite a inserção ou retirada de um No Break no sistema, sem a \nnecessidade de parada.Rede Elétrica\nde Entrada\nSaídaNo Break 1\n Potência de \n30 kVANo Break 2\nPotência de \n10 kVANo Break 3\nPotência de \n20 kVA\nCarga fornecida pelo sistema = 150 kVANo Break 4\nPotência de \n30 kVANo Break 5\nPotência de \n20 kVANo Break 6\nPotência de \n40 kVA\nINTERFACES DE \nGERENCIAMENTO   \nREMOTO\nSão compostas por diversas ferramentas. O \nAdaptador SNMP NetMate permite\ngerenciar remotamente o No Break via a \nInternet através de um web browser,\nmonitorar o status e enviar alertas por e-mail. \nO software IP Power é uma ferramenta de \ngerenciamento  Windows Application e a \nversão Client é específica para  automatizar o \nshutdown de servidores, podendo desligar \nautomática e simultaneamente vários\ns e r v i d o r e s  e  e s t a ç õ e s .\nO Adaptador ArmModbus permite integrar \no  N o  B r e a k ,  v i a  u m a  p o r t a\nRS485, a Sistemas de Automação Predial.']","The Parallel Multi Active system developed by CM Comandos Lineares allows for the expansion of the system according to the demand of consumption, enabling the paralleling of as many units as necessary to meet the demand. This increases the system's capacity and reliability in applications that require no-breaks. It also allows for the summation of powers, where two or more no-breaks can be connected to reach the total load demand. This feature permits the connection of no-breaks with different powers, distributing the load proportionally. Additionally, it supports redundant parallel N+1, N+2, N+3...N+X connections, allowing for the disconnection of one or more units while keeping the load active. The communication between no-breaks is facilitated through a common communication bus, transmitting information about the load level, synchronism, and bypass condition. Each no-break operates independently with individual control, and there is no master or slave relationship between them. The system allows for an unlimited quantity of no-breaks to be paralleled, enabling system expansion according to the demand of consumption. Maintenance of a no-break can be performed without requiring system shutdown.","O sistema Paralelo Multi Ativo da CM Comandos Lineares ajuda na expansão e confiabilidade em aplicações que precisam de no-breaks, permitindo a paralelização de quantas unidades forem necessárias para atender a demanda de consumo.",0.99999999995,1.0,0.3333333322222222,0.75,0.7528101351443941,1.0,0.44,0.7241377919124676,0.1540362438220758,0.0698689956331877,0.0,0.0,1,0,1,1,0
8,impacto somatória potências No-Breaks eficiência confiabilidade energia sistemas críticos,"['S I S T E M A PA R A L E L O M U LT I AT I V O ( E X C L U S I V O C M C O M A N D O S )\nA CM Comandos Lineares desenvolveu um sistema inovador e pioneiro no mundo de paralelismo entre No Breaks. O sistema Paralelo \nMulti Ativo permite a expansão do sistema, de acordo com sua demanda de consumo, podendo paralelar quantas unidades forem \nnecessárias para atender sua demanda, elevando a capacidade do sistema e a confiabilidade de sua aplicação.\nP O S S I B I L I D A D E D E S O M A T Ó R I A D E  P O T Ê N C I A S\nPermite a ligação para somatória de potência, utilizando dois ou mais No \nBreaks para atingir a demanda da carga total.\nQuando utilizado para somatória de potência, possibilita a ligação de \nNo Breaks com potências diferentes. Quando a ligação for feita com No \nBreaks de potências diferentes, a carga será distribuída \nproporcionalmente. Permite a ligação em paralelo redundante N + 1,  N + 2, N + 3 … N+X,  \npossibilitando o desligamento de uma ou mais unidades mantendo a \ncarga ativa.L I G A Ç Ã O E M P A R A L E L O R E D U N D A N T E\nA comunicação entre os No Breaks consiste no barramento de \ncomunicação comum, por onde transitam informações contendo \nnível de carga, sincronismo e a condição do by pass.C O M U N I C A Ç Ã O E N T R E O S N O B R E A K STodos os No Breaks são autônomos, operam de forma \nindependente no sistema e possuem controle individual.N Ã O E X I S T E N O B R E A K M E S T R E O U E S C R A V OPodem ser paraleladas quantas unidades forem necessárias, \npossibilitando expansão do sistema, de acordo com a demanda de \nconsumo.Q U A N T I D A D E I L I M I T A D A P A R A P A R A L E L I S M O\nM A N U T E N Ç Ã O D O N O B R E A K\nPermite a inserção ou retirada de um No Break no sistema, sem a \nnecessidade de parada.Rede Elétrica\nde Entrada\nSaídaNo Break 1\n Potência de \n30 kVANo Break 2\nPotência de \n10 kVANo Break 3\nPotência de \n20 kVA\nCarga fornecida pelo sistema = 150 kVANo Break 4\nPotência de \n30 kVANo Break 5\nPotência de \n20 kVANo Break 6\nPotência de \n40 kVA\nINTERFACES DE \nGERENCIAMENTO   \nREMOTO\nSão compostas por diversas ferramentas. O \nAdaptador SNMP NetMate permite\ngerenciar remotamente o No Break via a \nInternet através de um web browser,\nmonitorar o status e enviar alertas por e-mail. \nO software IP Power é uma ferramenta de \ngerenciamento  Windows Application e a \nversão Client é específica para  automatizar o \nshutdown de servidores, podendo desligar \nautomática e simultaneamente vários\ns e r v i d o r e s  e  e s t a ç õ e s .\nO Adaptador ArmModbus permite integrar \no  N o  B r e a k ,  v i a  u m a  p o r t a\nRS485, a Sistemas de Automação Predial.', 'SISTEMA PARALELO MULTI ATIVO (EXCLUSIVO CM COMANDOS)\nA CM Comandos Lineares desenvolveu um sistema inovador e pioneiro no mundo de paralelismo entre no-breaks. O sistema \nParalelo Multi Ativo permite a expansão do sistema, de acordo com sua demanda de consumo, podendo paralelar quantas \nunidades forem necessárias para atender sua demanda, elevando a capacidade do sistema e a confiabilidade de sua aplicação.\nPOSSIBILIDADE DE SOMATÓRIA DE  POTÊNCIAS\nPermite a ligação para somatória de potência, utilizando dois ou mais \nNo-Breaks para atingir a demanda da carga total.\nQuando utilizado para somatória de potência, possibilita a ligação de \nNo-Breaks com potências diferentes. Quando a ligação for feita com \nNo-Breaks de potências diferentes, a carga será distribuída \nproporcionalmente. Permite a ligação em paralelo redundante N + 1,  N + 2, N + 3 … N+X,  \npossibilitando o desligamento de uma ou mais unidades, mantendo a \ncarga ativa.\nA comunicação entre os No-Breaks consiste no barramento de \ncomunicação comum, por onde transitam informações \ncontendo nível de carga, sincronismo e a condição do by pass.COMUNICAÇÃO ENTRE OS NO-BREAKSTodos os No-Breaks são autônomos, operam de forma \nindependente no sistema e possuem controle individual.NÃO EXISTE NO-BREAK MESTRE OU ESCRAVOPodem ser paraleladas quantas unidades forem necessárias, \npossibilitando expansão do sistema, de acordo com a demanda \nde consumo.QUANTIDADE ILIMITADA PARA PARALELISMO\nPARALELISMO DO BANCO DE BATERIAS\nPermite paralelismo dos bancos de baterias (quando forem de \nmesma tensão nominal).MANUTENÇÃO DO NO-BREAK\nPermite a inserção ou retirada de um No-Break no sistema, sem a \nnecessidade de parada.INTERFACES  DE  SHUTDOWN  E GERENCIAMENTO  REMOTO\nRede Elétric a\nde Entr ada\nSaídaNo-break 1\n Potência \nde 60 kV ANo-break 2\nPotência de \n100 kV ANo-break 3\nPotência de \n20 kV A\nCarga fornecida pelo sistema = 410 kV ANo-break 4\nPotência de \n30 kV ANo-break 5\nPotência de \n80 kV ANo-break 6\nPotência de \n120 kV ARede L ocal Ether netA   Inter face de Ger enciamento \n     \nC  Inter face Shutdown \n     Client \n     LANB  Inter face Shutdown \n     D   Inter face de Ger enciamento Remoto \n  \nE  Adaptador SNMP\n     \nF  Client Shutdown\nG Estação Remota\n    Sof tware com \n    conexão à I nter netMultisser vidor es\nMultiplataf ormas\nMulti-S.O .Porta M icroprocessada DB9\nPorta Contato Seco DB9\nRede Ethernet RJ45']","The system of Parallel Multi Active No-Breaks developed by CM Comandos Lineares allows for the expansion of the system according to the demand of consumption, enabling the paralleling of as many units as necessary to meet the demand. This increases the system's capacity and reliability for critical applications. The possibility of potency summation enables the connection of two or more No-Breaks to reach the total load demand. It also allows for the connection of No-Breaks with different potencies, distributing the load proportionally. This redundant parallel N + 1, N + 2, N + 3 ... N+X connection allows for the shutdown of one or more units while keeping the load active. The communication between No-Breaks is through a common communication bus, where information such as load level, synchronism, and bypass condition is transmitted. This ensures the autonomy, independence, and individual control of each No-Break, increasing the overall efficiency and reliability of the system, especially for critical energy applications.","A somatória de potências em No-Breaks permite a ligação de múltiplas unidades para atender à demanda total da carga, aumentando a eficiência e confiabilidade dos sistemas críticos.",0.99999999995,1.0,0.0,0.6153846153846154,0.5033724748475984,0.8461538461538461,0.5,0.7204514405139333,0.1342995169082125,0.0412371134020618,0.0,0.0,1,1,1,1,1
9,De que maneira a posibilidade de somatoria de potencias em No-Breaks impacta a distribuiçao de carga e a redudancia no sistema?,"['S I S T E M A PA R A L E L O M U LT I AT I V O ( E X C L U S I V O C M C O M A N D O S )\nA CM Comandos Lineares desenvolveu um sistema inovador e pioneiro no mundo de paralelismo entre No Breaks. O sistema Paralelo \nMulti Ativo permite a expansão do sistema, de acordo com sua demanda de consumo, podendo paralelar quantas unidades forem \nnecessárias para atender sua demanda, elevando a capacidade do sistema e a confiabilidade de sua aplicação.\nP O S S I B I L I D A D E D E S O M A T Ó R I A D E  P O T Ê N C I A S\nPermite a ligação para somatória de potência, utilizando dois ou mais No \nBreaks para atingir a demanda da carga total.\nQuando utilizado para somatória de potência, possibilita a ligação de \nNo Breaks com potências diferentes. Quando a ligação for feita com No \nBreaks de potências diferentes, a carga será distribuída \nproporcionalmente. Permite a ligação em paralelo redundante N + 1,  N + 2, N + 3 … N+X,  \npossibilitando o desligamento de uma ou mais unidades mantendo a \ncarga ativa.L I G A Ç Ã O E M P A R A L E L O R E D U N D A N T E\nA comunicação entre os No Breaks consiste no barramento de \ncomunicação comum, por onde transitam informações contendo \nnível de carga, sincronismo e a condição do by pass.C O M U N I C A Ç Ã O E N T R E O S N O B R E A K STodos os No Breaks são autônomos, operam de forma \nindependente no sistema e possuem controle individual.N Ã O E X I S T E N O B R E A K M E S T R E O U E S C R A V OPodem ser paraleladas quantas unidades forem necessárias, \npossibilitando expansão do sistema, de acordo com a demanda de \nconsumo.Q U A N T I D A D E I L I M I T A D A P A R A P A R A L E L I S M O\nM A N U T E N Ç Ã O D O N O B R E A K\nPermite a inserção ou retirada de um No Break no sistema, sem a \nnecessidade de parada.Rede Elétrica\nde Entrada\nSaídaNo Break 1\n Potência de \n30 kVANo Break 2\nPotência de \n10 kVANo Break 3\nPotência de \n20 kVA\nCarga fornecida pelo sistema = 150 kVANo Break 4\nPotência de \n30 kVANo Break 5\nPotência de \n20 kVANo Break 6\nPotência de \n40 kVA\nINTERFACES DE \nGERENCIAMENTO   \nREMOTO\nSão compostas por diversas ferramentas. O \nAdaptador SNMP NetMate permite\ngerenciar remotamente o No Break via a \nInternet através de um web browser,\nmonitorar o status e enviar alertas por e-mail. \nO software IP Power é uma ferramenta de \ngerenciamento  Windows Application e a \nversão Client é específica para  automatizar o \nshutdown de servidores, podendo desligar \nautomática e simultaneamente vários\ns e r v i d o r e s  e  e s t a ç õ e s .\nO Adaptador ArmModbus permite integrar \no  N o  B r e a k ,  v i a  u m a  p o r t a\nRS485, a Sistemas de Automação Predial.', 'SISTEMA PARALELO MULTI ATIVO (EXCLUSIVO CM COMANDOS)\nA CM Comandos Lineares desenvolveu um sistema inovador e pioneiro no mundo de paralelismo entre no-breaks. O sistema \nParalelo Multi Ativo permite a expansão do sistema, de acordo com sua demanda de consumo, podendo paralelar quantas \nunidades forem necessárias para atender sua demanda, elevando a capacidade do sistema e a confiabilidade de sua aplicação.\nPOSSIBILIDADE DE SOMATÓRIA DE  POTÊNCIAS\nPermite a ligação para somatória de potência, utilizando dois ou mais \nNo-Breaks para atingir a demanda da carga total.\nQuando utilizado para somatória de potência, possibilita a ligação de \nNo-Breaks com potências diferentes. Quando a ligação for feita com \nNo-Breaks de potências diferentes, a carga será distribuída \nproporcionalmente. Permite a ligação em paralelo redundante N + 1,  N + 2, N + 3 … N+X,  \npossibilitando o desligamento de uma ou mais unidades, mantendo a \ncarga ativa.\nA comunicação entre os No-Breaks consiste no barramento de \ncomunicação comum, por onde transitam informações \ncontendo nível de carga, sincronismo e a condição do by pass.COMUNICAÇÃO ENTRE OS NO-BREAKSTodos os No-Breaks são autônomos, operam de forma \nindependente no sistema e possuem controle individual.NÃO EXISTE NO-BREAK MESTRE OU ESCRAVOPodem ser paraleladas quantas unidades forem necessárias, \npossibilitando expansão do sistema, de acordo com a demanda \nde consumo.QUANTIDADE ILIMITADA PARA PARALELISMO\nPARALELISMO DO BANCO DE BATERIAS\nPermite paralelismo dos bancos de baterias (quando forem de \nmesma tensão nominal).MANUTENÇÃO DO NO-BREAK\nPermite a inserção ou retirada de um No-Break no sistema, sem a \nnecessidade de parada.INTERFACES  DE  SHUTDOWN  E GERENCIAMENTO  REMOTO\nRede Elétric a\nde Entr ada\nSaídaNo-break 1\n Potência \nde 60 kV ANo-break 2\nPotência de \n100 kV ANo-break 3\nPotência de \n20 kV A\nCarga fornecida pelo sistema = 410 kV ANo-break 4\nPotência de \n30 kV ANo-break 5\nPotência de \n80 kV ANo-break 6\nPotência de \n120 kV ARede L ocal Ether netA   Inter face de Ger enciamento \n     \nC  Inter face Shutdown \n     Client \n     LANB  Inter face Shutdown \n     D   Inter face de Ger enciamento Remoto \n  \nE  Adaptador SNMP\n     \nF  Client Shutdown\nG Estação Remota\n    Sof tware com \n    conexão à I nter netMultisser vidor es\nMultiplataf ormas\nMulti-S.O .Porta M icroprocessada DB9\nPorta Contato Seco DB9\nRede Ethernet RJ45']","The possibility of power summation in No-Breaks allows for the distribution of load to be proportional when connecting No-Breaks with different power ratings. This feature enables the connection of No-Breaks in a redundant parallel setup, such as N + 1, N + 2, N + 3 ... N+X, which permits the system to continue operating even if one or more units are turned off, maintaining an active load. The communication between No-Breaks is facilitated through a common communication bus, which transmits information about the load level, synchronism, and bypass condition. This ensures that all No-Breaks operate independently and have individual control, without a master or slave configuration. The system can parallel as many units as required, allowing for expansion based on consumption demand. Additionally, the power summation feature enables the paralleling of battery banks with the same nominal voltage, and allows for the insertion or removal of a No-Break from the system without the need for a shutdown.","A possibilidade de somatória de potências em No-Breaks impacta a distribuição de carga ao permitir a ligação de No-Breaks com potências diferentes, distribuindo a carga proporcionalmente e possibilitando redundância no sistema.",0.99999999995,1.0,0.0,0.8,0.706559954108196,1.0,0.2,0.7483059509482268,0.171626984126984,0.0799999999999999,0.0,0.0,0,1,1,1,0
10,como comunicação No Breaks influencia autonomia controle sistema,"['S I S T E M A PA R A L E L O M U LT I AT I V O ( E X C L U S I V O C M C O M A N D O S )\nA CM Comandos Lineares desenvolveu um sistema inovador e pioneiro no mundo de paralelismo entre No Breaks. O sistema Paralelo \nMulti Ativo permite a expansão do sistema, de acordo com sua demanda de consumo, podendo paralelar quantas unidades forem \nnecessárias para atender sua demanda, elevando a capacidade do sistema e a confiabilidade de sua aplicação.\nP O S S I B I L I D A D E D E S O M A T Ó R I A D E  P O T Ê N C I A S\nPermite a ligação para somatória de potência, utilizando dois ou mais No \nBreaks para atingir a demanda da carga total.\nQuando utilizado para somatória de potência, possibilita a ligação de \nNo Breaks com potências diferentes. Quando a ligação for feita com No \nBreaks de potências diferentes, a carga será distribuída \nproporcionalmente. Permite a ligação em paralelo redundante N + 1,  N + 2, N + 3 … N+X,  \npossibilitando o desligamento de uma ou mais unidades mantendo a \ncarga ativa.L I G A Ç Ã O E M P A R A L E L O R E D U N D A N T E\nA comunicação entre os No Breaks consiste no barramento de \ncomunicação comum, por onde transitam informações contendo \nnível de carga, sincronismo e a condição do by pass.C O M U N I C A Ç Ã O E N T R E O S N O B R E A K STodos os No Breaks são autônomos, operam de forma \nindependente no sistema e possuem controle individual.N Ã O E X I S T E N O B R E A K M E S T R E O U E S C R A V OPodem ser paraleladas quantas unidades forem necessárias, \npossibilitando expansão do sistema, de acordo com a demanda de \nconsumo.Q U A N T I D A D E I L I M I T A D A P A R A P A R A L E L I S M O\nM A N U T E N Ç Ã O D O N O B R E A K\nPermite a inserção ou retirada de um No Break no sistema, sem a \nnecessidade de parada.Rede Elétrica\nde Entrada\nSaídaNo Break 1\n Potência de \n30 kVANo Break 2\nPotência de \n10 kVANo Break 3\nPotência de \n20 kVA\nCarga fornecida pelo sistema = 150 kVANo Break 4\nPotência de \n30 kVANo Break 5\nPotência de \n20 kVANo Break 6\nPotência de \n40 kVA\nINTERFACES DE \nGERENCIAMENTO   \nREMOTO\nSão compostas por diversas ferramentas. O \nAdaptador SNMP NetMate permite\ngerenciar remotamente o No Break via a \nInternet através de um web browser,\nmonitorar o status e enviar alertas por e-mail. \nO software IP Power é uma ferramenta de \ngerenciamento  Windows Application e a \nversão Client é específica para  automatizar o \nshutdown de servidores, podendo desligar \nautomática e simultaneamente vários\ns e r v i d o r e s  e  e s t a ç õ e s .\nO Adaptador ArmModbus permite integrar \no  N o  B r e a k ,  v i a  u m a  p o r t a\nRS485, a Sistemas de Automação Predial.', 'SISTEMA PARALELO MULTI ATIVO (EXCLUSIVO CM COMANDOS)\nA CM Comandos Lineares desenvolveu um sistema inovador e pioneiro no mundo de paralelismo entre no-breaks. O sistema \nParalelo Multi Ativo permite a expansão do sistema, de acordo com sua demanda de consumo, podendo paralelar quantas \nunidades forem necessárias para atender sua demanda, elevando a capacidade do sistema e a confiabilidade de sua aplicação.\nPOSSIBILIDADE DE SOMATÓRIA DE  POTÊNCIAS\nPermite a ligação para somatória de potência, utilizando dois ou mais \nNo-Breaks para atingir a demanda da carga total.\nQuando utilizado para somatória de potência, possibilita a ligação de \nNo-Breaks com potências diferentes. Quando a ligação for feita com \nNo-Breaks de potências diferentes, a carga será distribuída \nproporcionalmente. Permite a ligação em paralelo redundante N + 1,  N + 2, N + 3 … N+X,  \npossibilitando o desligamento de uma ou mais unidades, mantendo a \ncarga ativa.\nA comunicação entre os No-Breaks consiste no barramento de \ncomunicação comum, por onde transitam informações \ncontendo nível de carga, sincronismo e a condição do by pass.COMUNICAÇÃO ENTRE OS NO-BREAKSTodos os No-Breaks são autônomos, operam de forma \nindependente no sistema e possuem controle individual.NÃO EXISTE NO-BREAK MESTRE OU ESCRAVOPodem ser paraleladas quantas unidades forem necessárias, \npossibilitando expansão do sistema, de acordo com a demanda \nde consumo.QUANTIDADE ILIMITADA PARA PARALELISMO\nPARALELISMO DO BANCO DE BATERIAS\nPermite paralelismo dos bancos de baterias (quando forem de \nmesma tensão nominal).MANUTENÇÃO DO NO-BREAK\nPermite a inserção ou retirada de um No-Break no sistema, sem a \nnecessidade de parada.INTERFACES  DE  SHUTDOWN  E GERENCIAMENTO  REMOTO\nRede Elétric a\nde Entr ada\nSaídaNo-break 1\n Potência \nde 60 kV ANo-break 2\nPotência de \n100 kV ANo-break 3\nPotência de \n20 kV A\nCarga fornecida pelo sistema = 410 kV ANo-break 4\nPotência de \n30 kV ANo-break 5\nPotência de \n80 kV ANo-break 6\nPotência de \n120 kV ARede L ocal Ether netA   Inter face de Ger enciamento \n     \nC  Inter face Shutdown \n     Client \n     LANB  Inter face Shutdown \n     D   Inter face de Ger enciamento Remoto \n  \nE  Adaptador SNMP\n     \nF  Client Shutdown\nG Estação Remota\n    Sof tware com \n    conexão à I nter netMultisser vidor es\nMultiplataf ormas\nMulti-S.O .Porta M icroprocessada DB9\nPorta Contato Seco DB9\nRede Ethernet RJ45']","The communication between No-Breaks is facilitated through a common communication bus, which transmits information related to the load level, synchronism, and bypass condition. This communication system allows the No-Breaks to operate autonomously and independently, while still maintaining coordination and allowing for features such as load distribution when connecting No-Breaks with different power ratings, and redundant paralleling N+1, N+2, N+3...N+X, which permits the disconnection of one or more units while keeping the load active. This communication system is essential for maintaining the system's reliability and efficiency, as it enables seamless integration and coordination between the No-Breaks in the parallel multi-active system.","A comunicação entre os No Breaks influencia a autonomia e o controle do sistema, pois cada No Break opera de forma independente e possui controle individual.",0.99999999995,1.0,0.3333333322222222,0.6153846153846154,0.6303463642706607,0.75,0.17,0.6401514309269426,0.1615487316421896,0.072463768115942,0.0,0.0,1,1,1,1,1
11,como comunicação entre No Breaks afeta autonomia controle sistema,"['S I S T E M A PA R A L E L O M U LT I AT I V O ( E X C L U S I V O C M C O M A N D O S )\nA CM Comandos Lineares desenvolveu um sistema inovador e pioneiro no mundo de paralelismo entre No Breaks. O sistema Paralelo \nMulti Ativo permite a expansão do sistema, de acordo com sua demanda de consumo, podendo paralelar quantas unidades forem \nnecessárias para atender sua demanda, elevando a capacidade do sistema e a confiabilidade de sua aplicação.\nP O S S I B I L I D A D E D E S O M A T Ó R I A D E  P O T Ê N C I A S\nPermite a ligação para somatória de potência, utilizando dois ou mais No \nBreaks para atingir a demanda da carga total.\nQuando utilizado para somatória de potência, possibilita a ligação de \nNo Breaks com potências diferentes. Quando a ligação for feita com No \nBreaks de potências diferentes, a carga será distribuída \nproporcionalmente. Permite a ligação em paralelo redundante N + 1,  N + 2, N + 3 … N+X,  \npossibilitando o desligamento de uma ou mais unidades mantendo a \ncarga ativa.L I G A Ç Ã O E M P A R A L E L O R E D U N D A N T E\nA comunicação entre os No Breaks consiste no barramento de \ncomunicação comum, por onde transitam informações contendo \nnível de carga, sincronismo e a condição do by pass.C O M U N I C A Ç Ã O E N T R E O S N O B R E A K STodos os No Breaks são autônomos, operam de forma \nindependente no sistema e possuem controle individual.N Ã O E X I S T E N O B R E A K M E S T R E O U E S C R A V OPodem ser paraleladas quantas unidades forem necessárias, \npossibilitando expansão do sistema, de acordo com a demanda de \nconsumo.Q U A N T I D A D E I L I M I T A D A P A R A P A R A L E L I S M O\nM A N U T E N Ç Ã O D O N O B R E A K\nPermite a inserção ou retirada de um No Break no sistema, sem a \nnecessidade de parada.Rede Elétrica\nde Entrada\nSaídaNo Break 1\n Potência de \n30 kVANo Break 2\nPotência de \n10 kVANo Break 3\nPotência de \n20 kVA\nCarga fornecida pelo sistema = 150 kVANo Break 4\nPotência de \n30 kVANo Break 5\nPotência de \n20 kVANo Break 6\nPotência de \n40 kVA\nINTERFACES DE \nGERENCIAMENTO   \nREMOTO\nSão compostas por diversas ferramentas. O \nAdaptador SNMP NetMate permite\ngerenciar remotamente o No Break via a \nInternet através de um web browser,\nmonitorar o status e enviar alertas por e-mail. \nO software IP Power é uma ferramenta de \ngerenciamento  Windows Application e a \nversão Client é específica para  automatizar o \nshutdown de servidores, podendo desligar \nautomática e simultaneamente vários\ns e r v i d o r e s  e  e s t a ç õ e s .\nO Adaptador ArmModbus permite integrar \no  N o  B r e a k ,  v i a  u m a  p o r t a\nRS485, a Sistemas de Automação Predial.', 'SISTEMA PARALELO MULTI ATIVO (EXCLUSIVO CM COMANDOS)\nA CM Comandos Lineares desenvolveu um sistema inovador e pioneiro no mundo de paralelismo entre no-breaks. O sistema \nParalelo Multi Ativo permite a expansão do sistema, de acordo com sua demanda de consumo, podendo paralelar quantas \nunidades forem necessárias para atender sua demanda, elevando a capacidade do sistema e a confiabilidade de sua aplicação.\nPOSSIBILIDADE DE SOMATÓRIA DE  POTÊNCIAS\nPermite a ligação para somatória de potência, utilizando dois ou mais \nNo-Breaks para atingir a demanda da carga total.\nQuando utilizado para somatória de potência, possibilita a ligação de \nNo-Breaks com potências diferentes. Quando a ligação for feita com \nNo-Breaks de potências diferentes, a carga será distribuída \nproporcionalmente. Permite a ligação em paralelo redundante N + 1,  N + 2, N + 3 … N+X,  \npossibilitando o desligamento de uma ou mais unidades, mantendo a \ncarga ativa.\nA comunicação entre os No-Breaks consiste no barramento de \ncomunicação comum, por onde transitam informações \ncontendo nível de carga, sincronismo e a condição do by pass.COMUNICAÇÃO ENTRE OS NO-BREAKSTodos os No-Breaks são autônomos, operam de forma \nindependente no sistema e possuem controle individual.NÃO EXISTE NO-BREAK MESTRE OU ESCRAVOPodem ser paraleladas quantas unidades forem necessárias, \npossibilitando expansão do sistema, de acordo com a demanda \nde consumo.QUANTIDADE ILIMITADA PARA PARALELISMO\nPARALELISMO DO BANCO DE BATERIAS\nPermite paralelismo dos bancos de baterias (quando forem de \nmesma tensão nominal).MANUTENÇÃO DO NO-BREAK\nPermite a inserção ou retirada de um No-Break no sistema, sem a \nnecessidade de parada.INTERFACES  DE  SHUTDOWN  E GERENCIAMENTO  REMOTO\nRede Elétric a\nde Entr ada\nSaídaNo-break 1\n Potência \nde 60 kV ANo-break 2\nPotência de \n100 kV ANo-break 3\nPotência de \n20 kV A\nCarga fornecida pelo sistema = 410 kV ANo-break 4\nPotência de \n30 kV ANo-break 5\nPotência de \n80 kV ANo-break 6\nPotência de \n120 kV ARede L ocal Ether netA   Inter face de Ger enciamento \n     \nC  Inter face Shutdown \n     Client \n     LANB  Inter face Shutdown \n     D   Inter face de Ger enciamento Remoto \n  \nE  Adaptador SNMP\n     \nF  Client Shutdown\nG Estação Remota\n    Sof tware com \n    conexão à I nter netMultisser vidor es\nMultiplataf ormas\nMulti-S.O .Porta M icroprocessada DB9\nPorta Contato Seco DB9\nRede Ethernet RJ45']","The communication between No Breaks is facilitated through a common communication bus, which transmits information related to the load level, synchronism, and bypass condition. This communication system allows for the autonomous and independent operation of each No Break, while also enabling the possibility of paralleling an unlimited number of units for system expansion according to demand. The communication bus also supports redundant paralleling configurations, allowing for the active maintenance of the load even in the event of the shutdown or failure of one or more units. Additionally, the system allows for the insertion or removal of a No Break from the system without the need for a shutdown, further enhancing the system's flexibility and autonomy.","A comunicação entre No Breaks afeta a autonomia e o controle do sistema, pois permite a troca de informações sobre nível de carga, sincronismo e condição do by pass, embora cada No Break opere de forma independente.",0.99999999995,1.0,0.1666666663888888,0.6363636363636364,0.7268651317002294,0.9,0.0,0.7551947465608768,0.2068062827225131,0.0764331210191082,0.0,0.0,0,1,1,1,1
12,De que maneira a posibilidade de paralelament de unidads em um sistema de no-break mestro ou escravo impacta a expanção e a eficienci do forneciment de energia de acordo com a demanda de consumu?,"['S I S T E M A PA R A L E L O M U LT I AT I V O ( E X C L U S I V O C M C O M A N D O S )\nA CM Comandos Lineares desenvolveu um sistema inovador e pioneiro no mundo de paralelismo entre No Breaks. O sistema Paralelo \nMulti Ativo permite a expansão do sistema, de acordo com sua demanda de consumo, podendo paralelar quantas unidades forem \nnecessárias para atender sua demanda, elevando a capacidade do sistema e a confiabilidade de sua aplicação.\nP O S S I B I L I D A D E D E S O M A T Ó R I A D E  P O T Ê N C I A S\nPermite a ligação para somatória de potência, utilizando dois ou mais No \nBreaks para atingir a demanda da carga total.\nQuando utilizado para somatória de potência, possibilita a ligação de \nNo Breaks com potências diferentes. Quando a ligação for feita com No \nBreaks de potências diferentes, a carga será distribuída \nproporcionalmente. Permite a ligação em paralelo redundante N + 1,  N + 2, N + 3 … N+X,  \npossibilitando o desligamento de uma ou mais unidades mantendo a \ncarga ativa.L I G A Ç Ã O E M P A R A L E L O R E D U N D A N T E\nA comunicação entre os No Breaks consiste no barramento de \ncomunicação comum, por onde transitam informações contendo \nnível de carga, sincronismo e a condição do by pass.C O M U N I C A Ç Ã O E N T R E O S N O B R E A K STodos os No Breaks são autônomos, operam de forma \nindependente no sistema e possuem controle individual.N Ã O E X I S T E N O B R E A K M E S T R E O U E S C R A V OPodem ser paraleladas quantas unidades forem necessárias, \npossibilitando expansão do sistema, de acordo com a demanda de \nconsumo.Q U A N T I D A D E I L I M I T A D A P A R A P A R A L E L I S M O\nM A N U T E N Ç Ã O D O N O B R E A K\nPermite a inserção ou retirada de um No Break no sistema, sem a \nnecessidade de parada.Rede Elétrica\nde Entrada\nSaídaNo Break 1\n Potência de \n30 kVANo Break 2\nPotência de \n10 kVANo Break 3\nPotência de \n20 kVA\nCarga fornecida pelo sistema = 150 kVANo Break 4\nPotência de \n30 kVANo Break 5\nPotência de \n20 kVANo Break 6\nPotência de \n40 kVA\nINTERFACES DE \nGERENCIAMENTO   \nREMOTO\nSão compostas por diversas ferramentas. O \nAdaptador SNMP NetMate permite\ngerenciar remotamente o No Break via a \nInternet através de um web browser,\nmonitorar o status e enviar alertas por e-mail. \nO software IP Power é uma ferramenta de \ngerenciamento  Windows Application e a \nversão Client é específica para  automatizar o \nshutdown de servidores, podendo desligar \nautomática e simultaneamente vários\ns e r v i d o r e s  e  e s t a ç õ e s .\nO Adaptador ArmModbus permite integrar \no  N o  B r e a k ,  v i a  u m a  p o r t a\nRS485, a Sistemas de Automação Predial.', 'SISTEMA PARALELO MULTI ATIVO (EXCLUSIVO CM COMANDOS)\nA CM Comandos Lineares desenvolveu um sistema inovador e pioneiro no mundo de paralelismo entre no-breaks. O sistema \nParalelo Multi Ativo permite a expansão do sistema, de acordo com sua demanda de consumo, podendo paralelar quantas \nunidades forem necessárias para atender sua demanda, elevando a capacidade do sistema e a confiabilidade de sua aplicação.\nPOSSIBILIDADE DE SOMATÓRIA DE  POTÊNCIAS\nPermite a ligação para somatória de potência, utilizando dois ou mais \nNo-Breaks para atingir a demanda da carga total.\nQuando utilizado para somatória de potência, possibilita a ligação de \nNo-Breaks com potências diferentes. Quando a ligação for feita com \nNo-Breaks de potências diferentes, a carga será distribuída \nproporcionalmente. Permite a ligação em paralelo redundante N + 1,  N + 2, N + 3 … N+X,  \npossibilitando o desligamento de uma ou mais unidades, mantendo a \ncarga ativa.\nA comunicação entre os No-Breaks consiste no barramento de \ncomunicação comum, por onde transitam informações \ncontendo nível de carga, sincronismo e a condição do by pass.COMUNICAÇÃO ENTRE OS NO-BREAKSTodos os No-Breaks são autônomos, operam de forma \nindependente no sistema e possuem controle individual.NÃO EXISTE NO-BREAK MESTRE OU ESCRAVOPodem ser paraleladas quantas unidades forem necessárias, \npossibilitando expansão do sistema, de acordo com a demanda \nde consumo.QUANTIDADE ILIMITADA PARA PARALELISMO\nPARALELISMO DO BANCO DE BATERIAS\nPermite paralelismo dos bancos de baterias (quando forem de \nmesma tensão nominal).MANUTENÇÃO DO NO-BREAK\nPermite a inserção ou retirada de um No-Break no sistema, sem a \nnecessidade de parada.INTERFACES  DE  SHUTDOWN  E GERENCIAMENTO  REMOTO\nRede Elétric a\nde Entr ada\nSaídaNo-break 1\n Potência \nde 60 kV ANo-break 2\nPotência de \n100 kV ANo-break 3\nPotência de \n20 kV A\nCarga fornecida pelo sistema = 410 kV ANo-break 4\nPotência de \n30 kV ANo-break 5\nPotência de \n80 kV ANo-break 6\nPotência de \n120 kV ARede L ocal Ether netA   Inter face de Ger enciamento \n     \nC  Inter face Shutdown \n     Client \n     LANB  Inter face Shutdown \n     D   Inter face de Ger enciamento Remoto \n  \nE  Adaptador SNMP\n     \nF  Client Shutdown\nG Estação Remota\n    Sof tware com \n    conexão à I nter netMultisser vidor es\nMultiplataf ormas\nMulti-S.O .Porta M icroprocessada DB9\nPorta Contato Seco DB9\nRede Ethernet RJ45']","The ability to parallel units in a master-slave system of no-breaks can impact the expansion and efficiency of power supply according to demand in several ways. However, the provided context describes a different system, where there is no master or slave no-break. Instead, all no-breaks are autonomous and operate independently with individual control. This system allows for the parallel connection of an unlimited number of no-breaks, expanding the system according to consumption demand. Additionally, it supports power summation, enabling the connection of no-breaks with different power ratings, and distributes the load proportionally. This configuration increases system capacity, reliability, and the ability to handle demand fluctuations without compromising the power supply.","A possibilidade de paralelamento de unidades em um sistema de no-break mestre ou escravo impacta a expansão e a eficiência do fornecimento de energia, permitindo que quantas unidades forem necessárias sejam paraleladas, de acordo com a demanda de consumo.",0.99999999995,0.0,0.0,0.5833333333333334,0.6441707691032327,0.6875,0.27,0.6774693597646317,0.2150127226463104,0.050314465408805,0.0,0.0,0,1,1,1,1
13,De que maneira a posibilidade de paralelamento de unidaddes em um sistema de no-break mestro ou escravo impacta a expanção e a eficienci do forneciment de energia de acordo com a demanda de consumu?,"['SISTEMA PARALELO MULTI ATIVO (EXCLUSIVO CM COMANDOS)\nA CM Comandos Lineares desenvolveu um sistema inovador e pioneiro no mundo de paralelismo entre no-breaks. O sistema \nParalelo Multi Ativo permite a expansão do sistema, de acordo com sua demanda de consumo, podendo paralelar quantas \nunidades forem necessárias para atender sua demanda, elevando a capacidade do sistema e a confiabilidade de sua aplicação.\nPOSSIBILIDADE DE SOMATÓRIA DE  POTÊNCIAS\nPermite a ligação para somatória de potência, utilizando dois ou mais \nNo-Breaks para atingir a demanda da carga total.\nQuando utilizado para somatória de potência, possibilita a ligação de \nNo-Breaks com potências diferentes. Quando a ligação for feita com \nNo-Breaks de potências diferentes, a carga será distribuída \nproporcionalmente. Permite a ligação em paralelo redundante N + 1,  N + 2, N + 3 … N+X,  \npossibilitando o desligamento de uma ou mais unidades, mantendo a \ncarga ativa.\nA comunicação entre os No-Breaks consiste no barramento de \ncomunicação comum, por onde transitam informações \ncontendo nível de carga, sincronismo e a condição do by pass.COMUNICAÇÃO ENTRE OS NO-BREAKSTodos os No-Breaks são autônomos, operam de forma \nindependente no sistema e possuem controle individual.NÃO EXISTE NO-BREAK MESTRE OU ESCRAVOPodem ser paraleladas quantas unidades forem necessárias, \npossibilitando expansão do sistema, de acordo com a demanda \nde consumo.QUANTIDADE ILIMITADA PARA PARALELISMO\nPARALELISMO DO BANCO DE BATERIAS\nPermite paralelismo dos bancos de baterias (quando forem de \nmesma tensão nominal).MANUTENÇÃO DO NO-BREAK\nPermite a inserção ou retirada de um No-Break no sistema, sem a \nnecessidade de parada.INTERFACES  DE  SHUTDOWN  E GERENCIAMENTO  REMOTO\nRede Elétric a\nde Entr ada\nSaídaNo-break 1\n Potência \nde 60 kV ANo-break 2\nPotência de \n100 kV ANo-break 3\nPotência de \n20 kV A\nCarga fornecida pelo sistema = 410 kV ANo-break 4\nPotência de \n30 kV ANo-break 5\nPotência de \n80 kV ANo-break 6\nPotência de \n120 kV ARede L ocal Ether netA   Inter face de Ger enciamento \n     \nC  Inter face Shutdown \n     Client \n     LANB  Inter face Shutdown \n     D   Inter face de Ger enciamento Remoto \n  \nE  Adaptador SNMP\n     \nF  Client Shutdown\nG Estação Remota\n    Sof tware com \n    conexão à I nter netMultisser vidor es\nMultiplataf ormas\nMulti-S.O .Porta M icroprocessada DB9\nPorta Contato Seco DB9\nRede Ethernet RJ45', 'S I S T E M A PA R A L E L O M U LT I AT I V O ( E X C L U S I V O C M C O M A N D O S )\nA CM Comandos Lineares desenvolveu um sistema inovador e pioneiro no mundo de paralelismo entre No Breaks. O sistema Paralelo \nMulti Ativo permite a expansão do sistema, de acordo com sua demanda de consumo, podendo paralelar quantas unidades forem \nnecessárias para atender sua demanda, elevando a capacidade do sistema e a confiabilidade de sua aplicação.\nP O S S I B I L I D A D E D E S O M A T Ó R I A D E  P O T Ê N C I A S\nPermite a ligação para somatória de potência, utilizando dois ou mais No \nBreaks para atingir a demanda da carga total.\nQuando utilizado para somatória de potência, possibilita a ligação de \nNo Breaks com potências diferentes. Quando a ligação for feita com No \nBreaks de potências diferentes, a carga será distribuída \nproporcionalmente. Permite a ligação em paralelo redundante N + 1,  N + 2, N + 3 … N+X,  \npossibilitando o desligamento de uma ou mais unidades mantendo a \ncarga ativa.L I G A Ç Ã O E M P A R A L E L O R E D U N D A N T E\nA comunicação entre os No Breaks consiste no barramento de \ncomunicação comum, por onde transitam informações contendo \nnível de carga, sincronismo e a condição do by pass.C O M U N I C A Ç Ã O E N T R E O S N O B R E A K STodos os No Breaks são autônomos, operam de forma \nindependente no sistema e possuem controle individual.N Ã O E X I S T E N O B R E A K M E S T R E O U E S C R A V OPodem ser paraleladas quantas unidades forem necessárias, \npossibilitando expansão do sistema, de acordo com a demanda de \nconsumo.Q U A N T I D A D E I L I M I T A D A P A R A P A R A L E L I S M O\nM A N U T E N Ç Ã O D O N O B R E A K\nPermite a inserção ou retirada de um No Break no sistema, sem a \nnecessidade de parada.Rede Elétrica\nde Entrada\nSaídaNo Break 1\n Potência de \n30 kVANo Break 2\nPotência de \n10 kVANo Break 3\nPotência de \n20 kVA\nCarga fornecida pelo sistema = 150 kVANo Break 4\nPotência de \n30 kVANo Break 5\nPotência de \n20 kVANo Break 6\nPotência de \n40 kVA\nINTERFACES DE \nGERENCIAMENTO   \nREMOTO\nSão compostas por diversas ferramentas. O \nAdaptador SNMP NetMate permite\ngerenciar remotamente o No Break via a \nInternet através de um web browser,\nmonitorar o status e enviar alertas por e-mail. \nO software IP Power é uma ferramenta de \ngerenciamento  Windows Application e a \nversão Client é específica para  automatizar o \nshutdown de servidores, podendo desligar \nautomática e simultaneamente vários\ns e r v i d o r e s  e  e s t a ç õ e s .\nO Adaptador ArmModbus permite integrar \no  N o  B r e a k ,  v i a  u m a  p o r t a\nRS485, a Sistemas de Automação Predial.']","The ability to parallel units in a no-break master or slave system allows for greater scalability and efficiency in meeting energy demand. This is achieved by expanding the system's capacity and reliability, as more units can be added as needed to handle increased consumption. Additionally, the system can distribute the load proportionally when connecting no-breaks with different power ratings, ensuring optimal use of resources. Furthermore, the redundant parallel N + 1, N + 2, N + 3 ... N+X configuration enables the system to maintain power supply even with the disconnection of one or more units. This flexibility in system design and operation leads to a more efficient and manageable power supply infrastructure.","A possibilidade de paralelamento de unidades em um sistema de no-break mestre ou escravo impacta a expansão e a eficiência do fornecimento de energia, permitindo que quantas unidades forem necessárias sejam paraleladas, de acordo com a demanda de consumo.",0.99999999995,0.0,0.0,0.3,0.6552866114308037,0.4,0.5,0.6865065043517242,0.2119113573407202,0.0512820512820512,0.0,0.0,1,1,1,1,1
14,Quais sã as implicações da variação de potênci em sistmas elétricos?,"['Av. Eng . Alber to de Zagottis , 760 - 04675-085 -  São P aulo - SP\nPhone .: (11) 5696-5000\nwww.cmcomandos .com.br\nSistema de \nSustentabilidade A uditadoOSD  N LI A NM EO AC R EM SCISO\n90012015\nQ Y UALIT600.000 600,0 1835 x 1444  x 1555  1680\n700.000 700,0 1835 x 1444  x 1555  1760\n800.000 800,0 1835 x 1444  x 1555  1840\nCM MK T JAN - 24  -   As especificações estão sujeitas a alterações sem aviso pr évio e conf orme necessidades de pr ojetos customizados . Nós incentivamos a r eciclagemLinha TI - Trifásic o Isolado\n  10.000   10,0   900 x 360  x  860       180\n  15.000   15,0   900 x 360  x  860       210\n  20.000   20,0   900 x 360  x  860       235\n30.000   30,0 1300 x 360  x  988       300\n40.000   40,0 1300 x 360  x  988      370\n50.000   50,0 1300 x 360  x  988      420\n75.000   75,0 1532 x 540  x 1070      596\n100.000 100,0 1532 x 540  x 1070      730\n150.000 150,0 1532 x 720  x 1070     1050\n200.000 200,0 1532 x 720  x 1070     1150\n250.000 250,0 1835 x 1444  x 1555   1350\n300.000 300,0 1835 x 1444  x 1555   1430\n400.000 400,0 1835 x 1444  x 1555   1520\n500.000 500,0 1835 x 1444  x 1555   1600Modelo Potência\nkVAAlt x Larg x P rof Peso\nmmkg\nLinha TA - Trifásic o com A utotr afo\n* Outras potências sob consultaDIMENSÕES FÍSICAS Entr ada\n   Tensão:  \n    \n    •380/220V ou 220/127V  - modelos TI - standar d\n    \n    •Outras tensões sob consulta\n  Variação A dmissív el:\n   \n    •± 16% da tensão nominal\n   Frequência:  50 ou 60 H z \n   Variação de F requência A dmissív el:  ± 5%\n \n  Configur ação:   Trifásica: 3F + N + T\n \n Fator de P otência:   0,8\nSaída\n  Potências Disponív eis:  \n \n    • 10 / 15 / 20 / 30 / 40 / 50 / 75 / 100 / 150 / 200\n       250 / 300 / 400 / 500 / 600/ 700/ 800 kV A\n \n    • Outras potências sob consulta\nTensão:  \n \n    • 220/127V\n \n    • 380/220V\n \n    • Outras tensões sob consulta\nRegulação Estática:  ± 1% nominal \n Frequência:  50 ou 60 H z \n \n  Configur ação:  Trifásica:  3F +N +  T\n  Fator de P otência:   0,', '00      X 280 X 647         97\n    7500       7,50     787 X 280 X 647        116\n   10000    10,00     815 X 480 X 875        204\n   15000    15,00     815 X 480 X 875        259787Peso (com \nbaterias)\nkgn    \nn   \nn   \nn  \nn   \nn   Upg rade de F irmware   On-Line - Dupla Con versão\nRetificador - I nversor - Banco de Bater ias\nBypass Estático \n Contr ole Dig ital M icroprocessador DSP\nInversor a M ódulo IGBT de Alta F requência \nCertificação de \nSustentabilidade A uditadaOSD  N LI A NM EO AC R EM SCISO\n90012015\nAv. Eng . Alber to de Zagottis , 760 - 04675-085 -  São P aulo - SP\nTel.: (11) 5696-5000 \nwww.cmcomandos .com.brEntr ada\nTensão:  \n    •220 V \n Variação A dmissív el:\n   \n    •± 15% da tensão nominal\nFrequência:  50 ou 60 H z\nVariação de F requência A dmissív el:   + 6%  - 4% \nConfigur ação:\n    \n    •Monofásico : F + N + T\n    \n    •Bifásica: F + F + T\nFator de P otência:\n    \n    •0,8     \n    •0,99*\nPotências Disponív eis:  \n   \n    •5 kV A / 3,5 kW\n   \n    •7,5 kV A / 5,25 kW\n   \n    •10 kV A / 7,0 kW\n   \n    •15 kV A / 10,5 kW\nRegulação Estática:  ± 1% nominal\nFrequência:  50 ou 60 H z\n \nVariação de F requência:  • ± 0,05% em modo bater ia\nConfigur ação:\n     \n    • Monofásico: F + N + T\n     \n    • Bifásica: F + F + T\nFator de P otência:  0,7\nForma de Onda:  senoidal\n Distorção Harmônica THD:  inferior a 1%, total\n  Fator de Crista:  3:1\nCapacidade de Sobr ecar ga:  125% durante25s\nRendimento:  90%\nBaterias\n \nTensão de Linha: 192 VDC\nSistema de Recar ga: contr olado , automático\nTempo de Recar ga: 8 a 10 horas para 90% da car ga\nTipo:  seladas , isentas de manutençãon   \nn  \n \nn    \nn   \nn   \nn   \nn\nn   \nn   \nn    \nn   \nn   \nn   \nn   \nn  \nn \nn   \nn   \nn    \nn   \nn   \nn       \nSaída\nTensão:  \n    • 220 V ( standar d )   Tecnologia\nCM.MK T SET 2021 - As especificações estão sujeitas a alterações sem pr évio aviso . Nós incentivamos a r eciclagem\n * Opcional']","In electrical systems, changes in power can have several implications. They can affect the system's efficiency, capacity to handle loads, and overall performance. For instance, a higher power capacity can allow for the operation of more demanding appliances or equipment, while a lower power capacity might limit the types of devices that can be used. Also, power fluctuations can cause instability in the system, leading to potential equipment damage or malfunctions. It's important to ensure that the power supply is properly matched to the requirements of the system and that any variations are carefully managed to minimize impacts.","As implicações da variação de potência em sistemas elétricos podem incluir a eficiência do sistema, a capacidade de carga e a estabilidade operacional, mas o contexto fornecido não detalha essas implicações específicas.",0.0,0.5,0.0,0.6,0.7777966773795285,1.0,0.4,0.6749253077785893,0.2122641509433962,0.0285714285714285,0.0,0.0,0,1,1,1,1
15,Quais implicações variação potência sistemas elétricos afeta eficiência energética?,"['Av. Eng . Alber to de Zagottis , 760 - 04675-085 -  São P aulo - SP\nPhone .: (11) 5696-5000\nwww.cmcomandos .com.br\nSistema de \nSustentabilidade A uditadoOSD  N LI A NM EO AC R EM SCISO\n90012015\nQ Y UALIT600.000 600,0 1835 x 1444  x 1555  1680\n700.000 700,0 1835 x 1444  x 1555  1760\n800.000 800,0 1835 x 1444  x 1555  1840\nCM MK T JAN - 24  -   As especificações estão sujeitas a alterações sem aviso pr évio e conf orme necessidades de pr ojetos customizados . Nós incentivamos a r eciclagemLinha TI - Trifásic o Isolado\n  10.000   10,0   900 x 360  x  860       180\n  15.000   15,0   900 x 360  x  860       210\n  20.000   20,0   900 x 360  x  860       235\n30.000   30,0 1300 x 360  x  988       300\n40.000   40,0 1300 x 360  x  988      370\n50.000   50,0 1300 x 360  x  988      420\n75.000   75,0 1532 x 540  x 1070      596\n100.000 100,0 1532 x 540  x 1070      730\n150.000 150,0 1532 x 720  x 1070     1050\n200.000 200,0 1532 x 720  x 1070     1150\n250.000 250,0 1835 x 1444  x 1555   1350\n300.000 300,0 1835 x 1444  x 1555   1430\n400.000 400,0 1835 x 1444  x 1555   1520\n500.000 500,0 1835 x 1444  x 1555   1600Modelo Potência\nkVAAlt x Larg x P rof Peso\nmmkg\nLinha TA - Trifásic o com A utotr afo\n* Outras potências sob consultaDIMENSÕES FÍSICAS Entr ada\n   Tensão:  \n    \n    •380/220V ou 220/127V  - modelos TI - standar d\n    \n    •Outras tensões sob consulta\n  Variação A dmissív el:\n   \n    •± 16% da tensão nominal\n   Frequência:  50 ou 60 H z \n   Variação de F requência A dmissív el:  ± 5%\n \n  Configur ação:   Trifásica: 3F + N + T\n \n Fator de P otência:   0,8\nSaída\n  Potências Disponív eis:  \n \n    • 10 / 15 / 20 / 30 / 40 / 50 / 75 / 100 / 150 / 200\n       250 / 300 / 400 / 500 / 600/ 700/ 800 kV A\n \n    • Outras potências sob consulta\nTensão:  \n \n    • 220/127V\n \n    • 380/220V\n \n    • Outras tensões sob consulta\nRegulação Estática:  ± 1% nominal \n Frequência:  50 ou 60 H z \n \n  Configur ação:  Trifásica:  3F +N +  T\n  Fator de P otência:   0,', 'ESPECIFICAÇÕES TÉCNICAS \nEntrada\nn Tensão: \n    •  3kVA \n100/110/115/120/127 VAC 120V (standard) ou  \n200/208/220/230/240 VAC 220V (standard) \n    •  6kVA / 10kVA\n 200/208/220/230/240 VAC 220V (standard)\nn Variação Admissível:\n   •   3kVA \n55-150 VAC ou 110-300 VAC @ 50% de Carga\n80-150 VAC ou 160-300 VAC @ 100% de Carga\n   •   6kVA / 10kVA \n110-300 VAC @ 50% de Carga\n176-300 VAC @ 100% de Carga \nn Freqüência: 50/60 Hz                           \nn Variação de Freqüência Admissível:   \n    •    3kVA  \n40-70Hz\n    •    6kVA / 10 kVA \n46-54Hz @50Hz e 56-64Hz @60Hz\nn  Configuração:\nMonofásica \nn Fator de Potência:\n≥ 0.99 Tensão nominal (100% de Carga)\nn Distorção Harmônica THDi:\n    •    3kVA\n ≤ 5% @ Tensão de Entrada nominal\n    •    6kVA / 10kVA\n<4% @100% de Carga, <6% @50% de Carga\nSaída\nnTensão: \n    •   3kVA \n100/110/115/120/127 VAC 115V (standard) ou \n200/208/220/230/240 VAC 220V (standard) \n    •   6kVA / 10kVA \n200/208/220/230/240 VAC 220V (standard) \nn Fator de Potência:  1,0\nn Regulação Estática:   ± 1% nominal modo \nbateria\nn Freqüência:   50 / 60 Hz \nn Variação de Freqüência: \n± 0,1Hz em modo bateria\nn Sincronismo com a Rede:   Sim\nn Configuração:   \n Monofásica f+n+t \nn Forma de Onda:   Onda senoidal pura\nn Distorção Harmônica THD:  \n •   3kVA \n    ≤ 2% carga linear \n    ≤ 4% carga não-linear \n •   6kVA / 10kVA \n    ≤ 1% carga linear \n    ≤ 4% carga não-linearBaterias\nn  Composição:  \n    •    72  VDC - 3,0 kVA \n    •     240 VDC - 6,0 kVA \n    •     240 VDC - 10,0 kVA \nn  Sistema de Recarga: \ncontrolado, automático\nn Tempo de Recarga:  \n8 a 10 horas para 90% da carga\nn Tipo: \nseladas, isentas de manutenção\nn  Paralelismo Redundante (N+1) \n»  Disponível nas potências de 6 e 10kVA\nn By-pass estático (inteligente):  \nO termo inteligente aplica-se, visto que a linha \nComposition XV  possui desligamento da saída da \nchave estática em condições que, a tensão da rede \napresenta variações fora da faixa de trabalho, prote -\ngendo a carga contra sub ou sobre tensão mesmo \nna condição de by-pass estático.']","The variation in power of electrical systems can affect energy efficiency in several ways. Firstly, a higher power demand can lead to increased energy consumption, which may result in higher energy costs. Additionally, electrical systems that are not properly sized for the power demand can operate inefficiently, leading to energy waste. On the other hand, using electrical systems with high energy efficiency ratings can help to reduce energy consumption and improve overall energy efficiency. It is important to ensure that electrical systems are properly designed, installed, and maintained to optimize energy efficiency and minimize energy waste.","A variação de potência em sistemas elétricos pode afetar a eficiência energética, mas o contexto fornecido não detalha as implicações específicas dessa variação.",0.0,0.0,0.0,0.0,0.9405784080118226,1.0,1.0,0.5598579450350543,0.1781874039938555,0.015625,0.0,0.0,1,1,1,1,1
16,Quais as implicações de um sistema com 'Shutdown' em funcionalidade e segurança?,"['TECNOLOGIA ON LINE COM BYPASS ESTÁTICO DE MANUTENÇÃO\nINTERFACE DE GERENCIAMENTO REMOTO\nAs Interfaces de Gerenciamento Remoto são compostas por diversas ferramentas, sendo elas: \n•  O Adaptador SNMP que permite gerenciar remotamente o No-Break via Internet através de um web browser,  monitorar o status \ne enviar alertas por e-mail. \n• O software, uma ferramenta de gerenciamento Windows Application e a versão Client é especíﬁ  ca para automatizar o shutdown \nde servidores, podendo desligar automática e simultaneamente vários servidores e estações. \n• O Adaptador Modbus permite integrar o No-Break, via uma porta RS485, a Sistemas de Automação Predial.\nBypass Estático\nSistema de proteção que, em caso de \nproblemas, transfere automaticamente \na carga para um circuito alternativo, sem \ninterrupção no fornecimento de energia.Bypass Estático de Manutenção\nPermite a transferência e o retorno da carga do No-Break para um circuito \nalternativo de fornecimento de energia, para atividades de manutenção. \nEm quaisquer situações, o fornecimento de energia é contínuo, sem \ninterrupções.\nBanco de Baterias\nArmazena energia reserva para alimentar o No-Break \ndurante um período predeterminado, denominado como \ntempo de autonomia do No-Break.Retificador\nConverte a energia da\nrede elétrica da concessionária\n ou do grupo gerador em\ncorrente contínua, corrigindo \nou eliminando distúrbios\nda entrada do sistema.\nCorrente alternada de entradaCorrente contínua Corrente alternada de saída\nCorrente alternada Bypass estáticoCorrente alternada Bypass estático\nde manutenção\nInversor\nConverte a corrente contínua do \nretiﬁ  cador ou das baterias em corrente \nalternada de saída, com forma de onda \nsenoidal pura, livre de distúrbios.\nRetificador\nConverte a energia da\nrede elétrica da concessionária\n ou do grupo gerador em\nInversor\nConverte a corrente contínua do \nretiﬁ  cador ou das baterias em corrente \nalternada de saída, com forma de onda', 'S I S T E M A PA R A L E L O M U LT I AT I V O ( E X C L U S I V O C M C O M A N D O S )\nA CM Comandos Lineares desenvolveu um sistema inovador e pioneiro no mundo de paralelismo entre No Breaks. O sistema Paralelo \nMulti Ativo permite a expansão do sistema, de acordo com sua demanda de consumo, podendo paralelar quantas unidades forem \nnecessárias para atender sua demanda, elevando a capacidade do sistema e a confiabilidade de sua aplicação.\nP O S S I B I L I D A D E D E S O M A T Ó R I A D E  P O T Ê N C I A S\nPermite a ligação para somatória de potência, utilizando dois ou mais No \nBreaks para atingir a demanda da carga total.\nQuando utilizado para somatória de potência, possibilita a ligação de \nNo Breaks com potências diferentes. Quando a ligação for feita com No \nBreaks de potências diferentes, a carga será distribuída \nproporcionalmente. Permite a ligação em paralelo redundante N + 1,  N + 2, N + 3 … N+X,  \npossibilitando o desligamento de uma ou mais unidades mantendo a \ncarga ativa.L I G A Ç Ã O E M P A R A L E L O R E D U N D A N T E\nA comunicação entre os No Breaks consiste no barramento de \ncomunicação comum, por onde transitam informações contendo \nnível de carga, sincronismo e a condição do by pass.C O M U N I C A Ç Ã O E N T R E O S N O B R E A K STodos os No Breaks são autônomos, operam de forma \nindependente no sistema e possuem controle individual.N Ã O E X I S T E N O B R E A K M E S T R E O U E S C R A V OPodem ser paraleladas quantas unidades forem necessárias, \npossibilitando expansão do sistema, de acordo com a demanda de \nconsumo.Q U A N T I D A D E I L I M I T A D A P A R A P A R A L E L I S M O\nM A N U T E N Ç Ã O D O N O B R E A K\nPermite a inserção ou retirada de um No Break no sistema, sem a \nnecessidade de parada.Rede Elétrica\nde Entrada\nSaídaNo Break 1\n Potência de \n30 kVANo Break 2\nPotência de \n10 kVANo Break 3\nPotência de \n20 kVA\nCarga fornecida pelo sistema = 150 kVANo Break 4\nPotência de \n30 kVANo Break 5\nPotência de \n20 kVANo Break 6\nPotência de \n40 kVA\nINTERFACES DE \nGERENCIAMENTO   \nREMOTO\nSão compostas por diversas ferramentas. O \nAdaptador SNMP NetMate permite\ngerenciar remotamente o No Break via a \nInternet através de um web browser,\nmonitorar o status e enviar alertas por e-mail. \nO software IP Power é uma ferramenta de \ngerenciamento  Windows Application e a \nversão Client é específica para  automatizar o \nshutdown de servidores, podendo desligar \nautomática e simultaneamente vários\ns e r v i d o r e s  e  e s t a ç õ e s .\nO Adaptador ArmModbus permite integrar \no  N o  B r e a k ,  v i a  u m a  p o r t a\nRS485, a Sistemas de Automação Predial.']","A funcionalidade de um sistema com 'Shutdown' permite a desligamento automático e simultaneamente de vários servidores e estações, oferecendo um gerenciamento eficiente do consumo de energia e recursos. Em termos de segurança, isso garante a desconexão adequada do equipamento, evitando riscos de dano aos dados ou mesmo aos dispositivos em si durante situações como manutenção, falhas de energia ou outros problemas. Além disso, o 'Shutdown' pode ser configurado para salvar o trabalho em andamento e fechar programas corretamente, reduzindo a possibilidade de perda de dados e minimizando o tempo de inatividade ao reiniciar os servidores.",As implicações de um sistema com 'Shutdown' em funcionalidade e segurança não estão claramente definidas no contexto fornecido.,0.49999999995,0.0,0.0,0.0,0.8436036838587345,0.1428571428571428,0.0,0.6750190715990655,0.1638065522620905,0.1599999999999999,0.0,0.0,0,0,1,1,1
17,Quais as implicações de um sistema que tá em 'Shutdown'?,"['S I S T E M A PA R A L E L O M U LT I AT I V O ( E X C L U S I V O C M C O M A N D O S )\nA CM Comandos Lineares desenvolveu um sistema inovador e pioneiro no mundo de paralelismo entre No Breaks. O sistema Paralelo \nMulti Ativo permite a expansão do sistema, de acordo com sua demanda de consumo, podendo paralelar quantas unidades forem \nnecessárias para atender sua demanda, elevando a capacidade do sistema e a confiabilidade de sua aplicação.\nP O S S I B I L I D A D E D E S O M A T Ó R I A D E  P O T Ê N C I A S\nPermite a ligação para somatória de potência, utilizando dois ou mais No \nBreaks para atingir a demanda da carga total.\nQuando utilizado para somatória de potência, possibilita a ligação de \nNo Breaks com potências diferentes. Quando a ligação for feita com No \nBreaks de potências diferentes, a carga será distribuída \nproporcionalmente. Permite a ligação em paralelo redundante N + 1,  N + 2, N + 3 … N+X,  \npossibilitando o desligamento de uma ou mais unidades mantendo a \ncarga ativa.L I G A Ç Ã O E M P A R A L E L O R E D U N D A N T E\nA comunicação entre os No Breaks consiste no barramento de \ncomunicação comum, por onde transitam informações contendo \nnível de carga, sincronismo e a condição do by pass.C O M U N I C A Ç Ã O E N T R E O S N O B R E A K STodos os No Breaks são autônomos, operam de forma \nindependente no sistema e possuem controle individual.N Ã O E X I S T E N O B R E A K M E S T R E O U E S C R A V OPodem ser paraleladas quantas unidades forem necessárias, \npossibilitando expansão do sistema, de acordo com a demanda de \nconsumo.Q U A N T I D A D E I L I M I T A D A P A R A P A R A L E L I S M O\nM A N U T E N Ç Ã O D O N O B R E A K\nPermite a inserção ou retirada de um No Break no sistema, sem a \nnecessidade de parada.Rede Elétrica\nde Entrada\nSaídaNo Break 1\n Potência de \n30 kVANo Break 2\nPotência de \n10 kVANo Break 3\nPotência de \n20 kVA\nCarga fornecida pelo sistema = 150 kVANo Break 4\nPotência de \n30 kVANo Break 5\nPotência de \n20 kVANo Break 6\nPotência de \n40 kVA\nINTERFACES DE \nGERENCIAMENTO   \nREMOTO\nSão compostas por diversas ferramentas. O \nAdaptador SNMP NetMate permite\ngerenciar remotamente o No Break via a \nInternet através de um web browser,\nmonitorar o status e enviar alertas por e-mail. \nO software IP Power é uma ferramenta de \ngerenciamento  Windows Application e a \nversão Client é específica para  automatizar o \nshutdown de servidores, podendo desligar \nautomática e simultaneamente vários\ns e r v i d o r e s  e  e s t a ç õ e s .\nO Adaptador ArmModbus permite integrar \no  N o  B r e a k ,  v i a  u m a  p o r t a\nRS485, a Sistemas de Automação Predial.', 'TECNOLOGIA ON LINE COM BYPASS ESTÁTICO DE MANUTENÇÃO\nINTERFACE DE GERENCIAMENTO REMOTO\nAs Interfaces de Gerenciamento Remoto são compostas por diversas ferramentas, sendo elas: \n•  O Adaptador SNMP que permite gerenciar remotamente o No-Break via Internet através de um web browser,  monitorar o status \ne enviar alertas por e-mail. \n• O software, uma ferramenta de gerenciamento Windows Application e a versão Client é especíﬁ  ca para automatizar o shutdown \nde servidores, podendo desligar automática e simultaneamente vários servidores e estações. \n• O Adaptador Modbus permite integrar o No-Break, via uma porta RS485, a Sistemas de Automação Predial.\nBypass Estático\nSistema de proteção que, em caso de \nproblemas, transfere automaticamente \na carga para um circuito alternativo, sem \ninterrupção no fornecimento de energia.Bypass Estático de Manutenção\nPermite a transferência e o retorno da carga do No-Break para um circuito \nalternativo de fornecimento de energia, para atividades de manutenção. \nEm quaisquer situações, o fornecimento de energia é contínuo, sem \ninterrupções.\nBanco de Baterias\nArmazena energia reserva para alimentar o No-Break \ndurante um período predeterminado, denominado como \ntempo de autonomia do No-Break.Retificador\nConverte a energia da\nrede elétrica da concessionária\n ou do grupo gerador em\ncorrente contínua, corrigindo \nou eliminando distúrbios\nda entrada do sistema.\nCorrente alternada de entradaCorrente contínua Corrente alternada de saída\nCorrente alternada Bypass estáticoCorrente alternada Bypass estático\nde manutenção\nInversor\nConverte a corrente contínua do \nretiﬁ  cador ou das baterias em corrente \nalternada de saída, com forma de onda \nsenoidal pura, livre de distúrbios.\nRetificador\nConverte a energia da\nrede elétrica da concessionária\n ou do grupo gerador em\nInversor\nConverte a corrente contínua do \nretiﬁ  cador ou das baterias em corrente \nalternada de saída, com forma de onda']","When a system is in ""Shutdown"" state, it implies that it has been intentionally stopped or halted. This could mean that the system is no longer processing new tasks or requests, and is conserving energy until it is started again. However, the specific implications can vary depending on the context. For instance, in the context of a computer, a shutdown would mean that all applications and services have been closed, and the system is safe to turn off. In the context of a power management system, a shutdown might refer to the safe closing down of servers and other devices, so that maintenance or repairs can be carried out. It is also important to note that a shutdown does not necessarily mean that the system is completely off, as there might be certain components or functions that continue to operate in a low-power mode.",As implicações de um sistema que está em 'Shutdown' podem incluir a interrupção de todas as operações e a necessidade de reinicialização para retomar as funções normais.,0.0,0.0,0.0,0.0,0.813398646242336,0.0,0.46,0.599023561367177,0.153012048192771,0.0451977401129943,0.0,0.0,0,0,1,1,0
18,Quais as implicações de manter No-Break manualmente na operação?,"['S I S T E M A PA R A L E L O M U LT I AT I V O ( E X C L U S I V O C M C O M A N D O S )\nA CM Comandos Lineares desenvolveu um sistema inovador e pioneiro no mundo de paralelismo entre No Breaks. O sistema Paralelo \nMulti Ativo permite a expansão do sistema, de acordo com sua demanda de consumo, podendo paralelar quantas unidades forem \nnecessárias para atender sua demanda, elevando a capacidade do sistema e a confiabilidade de sua aplicação.\nP O S S I B I L I D A D E D E S O M A T Ó R I A D E  P O T Ê N C I A S\nPermite a ligação para somatória de potência, utilizando dois ou mais No \nBreaks para atingir a demanda da carga total.\nQuando utilizado para somatória de potência, possibilita a ligação de \nNo Breaks com potências diferentes. Quando a ligação for feita com No \nBreaks de potências diferentes, a carga será distribuída \nproporcionalmente. Permite a ligação em paralelo redundante N + 1,  N + 2, N + 3 … N+X,  \npossibilitando o desligamento de uma ou mais unidades mantendo a \ncarga ativa.L I G A Ç Ã O E M P A R A L E L O R E D U N D A N T E\nA comunicação entre os No Breaks consiste no barramento de \ncomunicação comum, por onde transitam informações contendo \nnível de carga, sincronismo e a condição do by pass.C O M U N I C A Ç Ã O E N T R E O S N O B R E A K STodos os No Breaks são autônomos, operam de forma \nindependente no sistema e possuem controle individual.N Ã O E X I S T E N O B R E A K M E S T R E O U E S C R A V OPodem ser paraleladas quantas unidades forem necessárias, \npossibilitando expansão do sistema, de acordo com a demanda de \nconsumo.Q U A N T I D A D E I L I M I T A D A P A R A P A R A L E L I S M O\nM A N U T E N Ç Ã O D O N O B R E A K\nPermite a inserção ou retirada de um No Break no sistema, sem a \nnecessidade de parada.Rede Elétrica\nde Entrada\nSaídaNo Break 1\n Potência de \n30 kVANo Break 2\nPotência de \n10 kVANo Break 3\nPotência de \n20 kVA\nCarga fornecida pelo sistema = 150 kVANo Break 4\nPotência de \n30 kVANo Break 5\nPotência de \n20 kVANo Break 6\nPotência de \n40 kVA\nINTERFACES DE \nGERENCIAMENTO   \nREMOTO\nSão compostas por diversas ferramentas. O \nAdaptador SNMP NetMate permite\ngerenciar remotamente o No Break via a \nInternet através de um web browser,\nmonitorar o status e enviar alertas por e-mail. \nO software IP Power é uma ferramenta de \ngerenciamento  Windows Application e a \nversão Client é específica para  automatizar o \nshutdown de servidores, podendo desligar \nautomática e simultaneamente vários\ns e r v i d o r e s  e  e s t a ç õ e s .\nO Adaptador ArmModbus permite integrar \no  N o  B r e a k ,  v i a  u m a  p o r t a\nRS485, a Sistemas de Automação Predial.', 'TECNOLOGIA ON LINE COM BYPASS ESTÁTICO DE MANUTENÇÃO\nINTERFACE DE GERENCIAMENTO REMOTO\nAs Interfaces de Gerenciamento Remoto são compostas por diversas ferramentas, sendo elas: \n•  O Adaptador SNMP que permite gerenciar remotamente o No-Break via Internet através de um web browser,  monitorar o status \ne enviar alertas por e-mail. \n• O software, uma ferramenta de gerenciamento Windows Application e a versão Client é especíﬁ  ca para automatizar o shutdown \nde servidores, podendo desligar automática e simultaneamente vários servidores e estações. \n• O Adaptador Modbus permite integrar o No-Break, via uma porta RS485, a Sistemas de Automação Predial.\nBypass Estático\nSistema de proteção que, em caso de \nproblemas, transfere automaticamente \na carga para um circuito alternativo, sem \ninterrupção no fornecimento de energia.Bypass Estático de Manutenção\nPermite a transferência e o retorno da carga do No-Break para um circuito \nalternativo de fornecimento de energia, para atividades de manutenção. \nEm quaisquer situações, o fornecimento de energia é contínuo, sem \ninterrupções.\nBanco de Baterias\nArmazena energia reserva para alimentar o No-Break \ndurante um período predeterminado, denominado como \ntempo de autonomia do No-Break.Retificador\nConverte a energia da\nrede elétrica da concessionária\n ou do grupo gerador em\ncorrente contínua, corrigindo \nou eliminando distúrbios\nda entrada do sistema.\nCorrente alternada de entradaCorrente contínua Corrente alternada de saída\nCorrente alternada Bypass estáticoCorrente alternada Bypass estático\nde manutenção\nInversor\nConverte a corrente contínua do \nretiﬁ  cador ou das baterias em corrente \nalternada de saída, com forma de onda \nsenoidal pura, livre de distúrbios.\nRetificador\nConverte a energia da\nrede elétrica da concessionária\n ou do grupo gerador em\nInversor\nConverte a corrente contínua do \nretiﬁ  cador ou das baterias em corrente \nalternada de saída, com forma de onda']","Manually keeping a No-Break operational has implications related to the management and control of the system. Firstly, it would require constant supervision to ensure the No-Break is functioning correctly and providing the necessary power backup. This could lead to increased labor costs and potential human errors.

Secondly, manual operation may not allow for the optimal distribution of loads when connecting No-Breaks with different power ratings, as the system would not automatically adjust the distribution according to the demand. This could result in an inefficient power supply and potentially reduced equipment lifespan.

Lastly, without the use of remote management tools, monitoring the status and performance of the No-Break would be challenging. This could lead to delays in identifying and addressing issues, which might increase the risk of system failures or downtime.",As implicações de manter No-Break manualmente na operação incluem a possibilidade de realizar manutenção sem desligar a carga e a reposição ao modo normal sem interrupção.,0.99999999995,1.0,0.0,0.25,0.9481343619402374,0.0833333333333333,0.12,0.730016583835241,0.1478555304740406,0.036144578313253,0.0,0.0,1,1,1,1,1
19,Quais as implicações de manter o No-Break manualmente para a operação?,"['S I S T E M A PA R A L E L O M U LT I AT I V O ( E X C L U S I V O C M C O M A N D O S )\nA CM Comandos Lineares desenvolveu um sistema inovador e pioneiro no mundo de paralelismo entre No Breaks. O sistema Paralelo \nMulti Ativo permite a expansão do sistema, de acordo com sua demanda de consumo, podendo paralelar quantas unidades forem \nnecessárias para atender sua demanda, elevando a capacidade do sistema e a confiabilidade de sua aplicação.\nP O S S I B I L I D A D E D E S O M A T Ó R I A D E  P O T Ê N C I A S\nPermite a ligação para somatória de potência, utilizando dois ou mais No \nBreaks para atingir a demanda da carga total.\nQuando utilizado para somatória de potência, possibilita a ligação de \nNo Breaks com potências diferentes. Quando a ligação for feita com No \nBreaks de potências diferentes, a carga será distribuída \nproporcionalmente. Permite a ligação em paralelo redundante N + 1,  N + 2, N + 3 … N+X,  \npossibilitando o desligamento de uma ou mais unidades mantendo a \ncarga ativa.L I G A Ç Ã O E M P A R A L E L O R E D U N D A N T E\nA comunicação entre os No Breaks consiste no barramento de \ncomunicação comum, por onde transitam informações contendo \nnível de carga, sincronismo e a condição do by pass.C O M U N I C A Ç Ã O E N T R E O S N O B R E A K STodos os No Breaks são autônomos, operam de forma \nindependente no sistema e possuem controle individual.N Ã O E X I S T E N O B R E A K M E S T R E O U E S C R A V OPodem ser paraleladas quantas unidades forem necessárias, \npossibilitando expansão do sistema, de acordo com a demanda de \nconsumo.Q U A N T I D A D E I L I M I T A D A P A R A P A R A L E L I S M O\nM A N U T E N Ç Ã O D O N O B R E A K\nPermite a inserção ou retirada de um No Break no sistema, sem a \nnecessidade de parada.Rede Elétrica\nde Entrada\nSaídaNo Break 1\n Potência de \n30 kVANo Break 2\nPotência de \n10 kVANo Break 3\nPotência de \n20 kVA\nCarga fornecida pelo sistema = 150 kVANo Break 4\nPotência de \n30 kVANo Break 5\nPotência de \n20 kVANo Break 6\nPotência de \n40 kVA\nINTERFACES DE \nGERENCIAMENTO   \nREMOTO\nSão compostas por diversas ferramentas. O \nAdaptador SNMP NetMate permite\ngerenciar remotamente o No Break via a \nInternet através de um web browser,\nmonitorar o status e enviar alertas por e-mail. \nO software IP Power é uma ferramenta de \ngerenciamento  Windows Application e a \nversão Client é específica para  automatizar o \nshutdown de servidores, podendo desligar \nautomática e simultaneamente vários\ns e r v i d o r e s  e  e s t a ç õ e s .\nO Adaptador ArmModbus permite integrar \no  N o  B r e a k ,  v i a  u m a  p o r t a\nRS485, a Sistemas de Automação Predial.', 'TECNOLOGIA ON LINE COM BYPASS ESTÁTICO DE MANUTENÇÃO\nINTERFACE DE GERENCIAMENTO REMOTO\nAs Interfaces de Gerenciamento Remoto são compostas por diversas ferramentas, sendo elas: \n•  O Adaptador SNMP que permite gerenciar remotamente o No-Break via Internet através de um web browser,  monitorar o status \ne enviar alertas por e-mail. \n• O software, uma ferramenta de gerenciamento Windows Application e a versão Client é especíﬁ  ca para automatizar o shutdown \nde servidores, podendo desligar automática e simultaneamente vários servidores e estações. \n• O Adaptador Modbus permite integrar o No-Break, via uma porta RS485, a Sistemas de Automação Predial.\nBypass Estático\nSistema de proteção que, em caso de \nproblemas, transfere automaticamente \na carga para um circuito alternativo, sem \ninterrupção no fornecimento de energia.Bypass Estático de Manutenção\nPermite a transferência e o retorno da carga do No-Break para um circuito \nalternativo de fornecimento de energia, para atividades de manutenção. \nEm quaisquer situações, o fornecimento de energia é contínuo, sem \ninterrupções.\nBanco de Baterias\nArmazena energia reserva para alimentar o No-Break \ndurante um período predeterminado, denominado como \ntempo de autonomia do No-Break.Retificador\nConverte a energia da\nrede elétrica da concessionária\n ou do grupo gerador em\ncorrente contínua, corrigindo \nou eliminando distúrbios\nda entrada do sistema.\nCorrente alternada de entradaCorrente contínua Corrente alternada de saída\nCorrente alternada Bypass estáticoCorrente alternada Bypass estático\nde manutenção\nInversor\nConverte a corrente contínua do \nretiﬁ  cador ou das baterias em corrente \nalternada de saída, com forma de onda \nsenoidal pura, livre de distúrbios.\nRetificador\nConverte a energia da\nrede elétrica da concessionária\n ou do grupo gerador em\nInversor\nConverte a corrente contínua do \nretiﬁ  cador ou das baterias em corrente \nalternada de saída, com forma de onda']","Manually maintaining a No-Break unit can have several implications for its operation:

1. Increased workload: Manual maintenance requires a dedicated team to constantly monitor and service the No-Break unit, which can be labor-intensive and time-consuming.

2. Human error: Manual maintenance increases the risk of errors due to human intervention, which can lead to system downtime or damage to the equipment.

3. Reduced efficiency: Manual maintenance may not be as efficient as automated systems, leading to potential delays in identifying and addressing issues.

4. Lack of scalability: Manual maintenance may not be able to keep up with increasing demand or load, limiting the system's ability to expand and adapt to changing needs.

5. Inconsistent maintenance: Manual maintenance may result in inconsistent practices, leading to potential discrepancies in the quality of care provided to the No-Break unit.

6. Increased costs: Manual maintenance can be more costly in the long run due to the need for additional staffing, training, and potential repairs or replacements caused by human error.

7. Limited data analysis: Manual maintenance may not provide the same level of data analysis and reporting capabilities as automated systems, making it more difficult to track performance and identify trends over time.

8. Safety concerns: Manual maintenance can pose safety risks to personnel if proper precautions and training are not taken.

9. Reduced reliability: Manual maintenance may lead to reduced reliability due to the increased potential for errors and inconsistencies.

10. Limited integration: Manual maintenance may not integrate as seamlessly with other systems or components, potentially limiting the overall functionality and efficiency of the No-Break unit.",Manter o No-Break manualmente permite a manutenção sem desligar a carga e reposição ao modo normal sem interrupção.,0.99999999995,1.0,0.0,0.0,0.8470724295346644,0.0,0.0,0.5533938625335799,0.06070826306914,0.0206185567010309,0.0,0.0,1,0,1,1,0
20,Quais sã os diferent tipos de alrmes controlados pel processador DSP e como elis se manifestam?,"['Alta Tecnologia em\nProcessamento Digital de Sinais - DSP\nHoje esta tecnologia está presente nos mais soﬁ  sticados sistemas eletrônicos devido a sua alta velocidade e conﬁ  abil-\ndade. Processadores Digitais de Sinais são capazes de processar dez milhões de amostragens por segundo. Isso signiﬁ  -\nca processamento em tempo real - o sinal é processado no mesmo instante em que é recebido, sem retardos ou atrasos.Vivemos  em um mundo cada vez mais ágil e prático. Um mundo conectado por processadores, chips, softwares e periféricos.  Mas \nainda não é o bastante, por isso, o mundo caminha para tecnologias de processamento imediato de dados. A CM Comandos está \num passo à frente e oferece aos seus clientes produtos dotados de uma tecnologia revolucionária, denominada Processamento \nDigital de Sinais - DSP .\nToda linha de No-Breaks Composition conta com a tecno-\nlogia DSP . Característica que proporciona alta performa-\nce e conﬁ  abilidade, tornando-os ideais para aplicações de \nmissão crítica. Ou seja, protegem as aplicações nas quais a  \ncontinuidade da operação é de fundamental importância. \nProjetados com o uso intenso dos recursos da tecnologia\nDSP , os No-Breaks Composition agregam novos e avançados \nrecursos que estabelecem um novo conceito em desenvolvi-\nmento, no qual o ﬁ  rmware dos equipamentos pode ser atuali-\nzado acrescentando novas funções em  unidades já instaladas.\nAo pensar em adquirir No-Breaks, conte com as soluções da \nCM Comandos, que asseguram tecnologia de ponta, máxima \nproteção, precisão digital e processamento em tempo real.OS MAIS MODERNOS NO-BREAKS CORPORATIVOS', 'Alta Tecnolog ia em\nProcessament o Dig ital\nde Sinais - DSP\nOS MAIS MODERNOS\nNO-BREAKS CORPORATIVOSVivemos em um mundo cada v ez mais ág il e prático . Um mundo conec tado por pr ocessador es, chips , softwares e \nperiféricos. Mas isso ainda não é o bastant e. Por isso , o mundo caminha para t ecnolog ias de pr ocessament o imediat o \nde dados . A CM C omandos Linear es está um passo à fr ente e of erece aos seus client es pr odut os dotados de uma \ntecnolog ia revolucionár ia, denominada P rocessament o Dig ital de Sinais - - DSP .\nToda a linha de No -Breaks  \nconta com a t ecnolog ia DSP .  Carac terística que \npropor ciona alta per formance e confiabilidade , Conception Multi Ativ o \npara aplicações de missão cr ítica. Ou seja, pr otegem as aplicações nas quais a continuidade da operação é de \nfundamental impor tância.\nequipament os pode ser atualizado , \nacrescentando novas funções em \nunidades já instaladas . Hoje , esta t ecnolog ia está pr esent e nos mais sofisticados sist emas eletr ônicos , devido à sua alta v elocidade e \nconfiabilidade . Processador es Dig itais de Sinais são capaz es de pr ocessar dez milhões de amostragens por segundo . \nIsso sig nifica pr ocessament o em t empo r eal -- o sinal é pr ocessado no mesmo instant e em que é r ecebido , sem \nretardos ou atrasos .\nProjetados com o uso int enso dos r ecursos da t ecnolog ia DSP ,  os No -Breaks C onception Multi Ativ o  ag regam nov os  \ne avançados r ecursos , que estabelecem um nov o conceit o em desen volviment o, no qual o fir mware dos \nAdquir indo No -Breaks , cont e com as \nsoluções da CM C omandos , que \nasseguram t ecnolog ia de ponta, \nmáxima pr oteção , precisão dig ital e \nprocessament o em t empo r eal.  Modelo 300kV A']","Based on the provided context, the DSP (Digital Signal Processing) technology in the No-Break systems offered by CM Commandos is capable of processing millions of samples per second, enabling real-time processing with no delays or latency. Although the context does not explicitly list the different types of alarms controlled by the DSP, it can be inferred that this technology contributes to the overall performance and reliability of the No-Break systems, ensuring mission-critical applications are protected with maximum protection, precision, and real-time processing.

However, the specific alarm types and their manifestations are not detailed in the context. For a comprehensive understanding of the alarms and their behaviors, additional context or documentation specific to the alarm system would be required.","Os diferentes tipos de alarmes controlados pelo processador DSP incluem alarmes sonoros, como falta de rede (1 toque por segundo) e pré-alarme das baterias (2 toques por segundo), além de mensagens de alerta que podem ser exibidas em um display de cristal líquido, enviadas via software IP Power por TCP/IP ou por e-mail.",0.0,0.0,0.0,0.0,0.0,1.0,0.29,0.574535267259112,0.2234432234432234,0.0441988950276243,0.0,0.0,1,1,1,0,0
21,Quais são os diferentes tipos de alarmes controlados pelo processador DSP e como eles se manifestam?,"['Alta Tecnologia em\nProcessamento Digital de Sinais - DSP\nHoje esta tecnologia está presente nos mais soﬁ  sticados sistemas eletrônicos devido a sua alta velocidade e conﬁ  abil-\ndade. Processadores Digitais de Sinais são capazes de processar dez milhões de amostragens por segundo. Isso signiﬁ  -\nca processamento em tempo real - o sinal é processado no mesmo instante em que é recebido, sem retardos ou atrasos.Vivemos  em um mundo cada vez mais ágil e prático. Um mundo conectado por processadores, chips, softwares e periféricos.  Mas \nainda não é o bastante, por isso, o mundo caminha para tecnologias de processamento imediato de dados. A CM Comandos está \num passo à frente e oferece aos seus clientes produtos dotados de uma tecnologia revolucionária, denominada Processamento \nDigital de Sinais - DSP .\nToda linha de No-Breaks Composition conta com a tecno-\nlogia DSP . Característica que proporciona alta performa-\nce e conﬁ  abilidade, tornando-os ideais para aplicações de \nmissão crítica. Ou seja, protegem as aplicações nas quais a  \ncontinuidade da operação é de fundamental importância. \nProjetados com o uso intenso dos recursos da tecnologia\nDSP , os No-Breaks Composition agregam novos e avançados \nrecursos que estabelecem um novo conceito em desenvolvi-\nmento, no qual o ﬁ  rmware dos equipamentos pode ser atuali-\nzado acrescentando novas funções em  unidades já instaladas.\nAo pensar em adquirir No-Breaks, conte com as soluções da \nCM Comandos, que asseguram tecnologia de ponta, máxima \nproteção, precisão digital e processamento em tempo real.OS MAIS MODERNOS NO-BREAKS CORPORATIVOS', 'Alta Tecnolog ia em\nProcessament o Dig ital\nde Sinais - DSP\nOS MAIS MODERNOS\nNO-BREAKS CORPORATIVOSVivemos em um mundo cada v ez mais ág il e prático . Um mundo conec tado por pr ocessador es, chips , softwares e \nperiféricos. Mas isso ainda não é o bastant e. Por isso , o mundo caminha para t ecnolog ias de pr ocessament o imediat o \nde dados . A CM C omandos Linear es está um passo à fr ente e of erece aos seus client es pr odut os dotados de uma \ntecnolog ia revolucionár ia, denominada P rocessament o Dig ital de Sinais - - DSP .\nToda a linha de No -Breaks  \nconta com a t ecnolog ia DSP .  Carac terística que \npropor ciona alta per formance e confiabilidade , Conception Multi Ativ o \npara aplicações de missão cr ítica. Ou seja, pr otegem as aplicações nas quais a continuidade da operação é de \nfundamental impor tância.\nequipament os pode ser atualizado , \nacrescentando novas funções em \nunidades já instaladas . Hoje , esta t ecnolog ia está pr esent e nos mais sofisticados sist emas eletr ônicos , devido à sua alta v elocidade e \nconfiabilidade . Processador es Dig itais de Sinais são capaz es de pr ocessar dez milhões de amostragens por segundo . \nIsso sig nifica pr ocessament o em t empo r eal -- o sinal é pr ocessado no mesmo instant e em que é r ecebido , sem \nretardos ou atrasos .\nProjetados com o uso int enso dos r ecursos da t ecnolog ia DSP ,  os No -Breaks C onception Multi Ativ o  ag regam nov os  \ne avançados r ecursos , que estabelecem um nov o conceit o em desen volviment o, no qual o fir mware dos \nAdquir indo No -Breaks , cont e com as \nsoluções da CM C omandos , que \nasseguram t ecnolog ia de ponta, \nmáxima pr oteção , precisão dig ital e \nprocessament o em t empo r eal.  Modelo 300kV A']","Based on the provided context, the DSP (Digital Signal Processing) technology in the No-Breaks products offered by CM Comandos controls various types of alarms. However, the context does not provide specific details about the different types of alarms and how they manifest. Therefore, it is not possible to answer this question without additional information.","Os diferentes tipos de alarmes controlados pelo processador DSP incluem alarmes sonoros, como falta de rede (1 toque por segundo) e pré-alarmes das baterias (2 toques por segundo), além de mensagens de alerta que podem ser exibidas em um display de cristal líquido, enviadas via software IP Power por TCP/IP ou por e-mail.",0.0,0.0,0.0,0.0,0.0,0.75,0.0,0.5907360820253837,0.2527777777777777,0.0530973451327433,0.0,0.0,0,0,1,0,0
22,Quais os impactos das variações de tensão e corrente nas medições e desempenho dos sistemas?,"['TECNOLOGIA  EQUALIZER\nEqualização A tiva Individual das Ba terias\n O módulo de bater ia ativ o regula individualmente a \ntensão de cada bater ia e as mantém homogêneas , \nelevando a sua durabilidade , capacidade e r esistência \ncontra cor rosão e sulfatação .\nEvita e pr otege c ontr a Ex cesso de C arga\nAtrav és da Equalização Ativa as bater ias são pr oteg idas \nindividualmente contra o ex cesso de car ga, pr evenindo -\nas contra exalação de gases , secagem do eletr ólito \ninter no e do aquecimento inter no em ex cesso .\nEvita e pr otege c ontr a Falta de C arga\nA Equalização Ativa individual das bater ias impede que \nas mesmas r ecebam menor tensão que dev eriam, \nevitando -se a sulfatação e a per da de capacidade .\nIndicador de P roblemas da Ba teria\nAtrav és da medição da Tensão , Impedância e \nTemperatura, o sistema monitora os pr oblemas típicos \ndas bater ias, tais como sulfatação , cor rosão , per da de \ngases , secagem do eletr ólito e aquecimento inter no.Elimina a Sulfa tação das Ba terias\nO pr oblema decor re dos car regador es e r etificador es de \nbater ias, que r egulam a tensão de flutuação ou \nequalização na tensão final das bater ias e não garantem \nque em algumas  bater ias elas r ecebam maior tensão e , \nem outras , menor tensão . Atrav és da Equalização Ativa, \nmantêm-se todas as bater ias com tensão equilibrada.\nProteção c ontr a contaminação de ba terias\nAtrav és da Equalização Ativa individual de cada bater ia, \nevitam-se danos de uma bater ia a outras bater ias \npróximas , o ef eito de contaminação , ou seja, uma bater ia \nruim danifica as boas .\nOtimização da capacidade das ba terias\nGraças à Equalização Ativa, o Equaliz er garante a plena \nrecar ga e a máxima otimização da bater ia.\nAler ta par a substituir ba terias\nAtrav és da análise da cur va de impedância, pode -se \nidentificar a tendência, já na fase inicial de instalação , se \nalguma bater ia está deter iorada ou simplesmente mais \nfraca do que as outras . Quanto antes ef etuar este \ndiag nóstico , melhor será para o r estante da vida útil das \ndemais bater ias.Alarmes de ba teria\nAtrav és do monitoramento dos parâmetr os-chav e das \nbater ias e medições de limites pr eestabelecidos , o \nsistema en via avisos de alar mes automaticamente aos \nadministrador es do sistema.\nManutenção à distância \nO Equaliz er melhora a qualidade do ser viço, fornecendo \nmonitoramento r emoto atrav és da I nternet, VPN ou \noutra r ede, para faz er download de dados em tempo \nreal e acesso ao histór ico da bater ia para análise . \nManutenção sem desligar o sistema\nOs testes de bater ia individuais são possív eis \nremotamente , sem o esf orço para desligar as bater ias. \nAs manutenções e as análises  de bater ia podem ser \nrealizadas em condições r eais de operação , sem a \nnecessidade de paradas no sistema.\nOtimiza a manutenção em campo\nA equipe de manutenção se desloca somente quando \nhá inter venções cor retivas e dir etas na bater ia que \napresentar def eito na ocor rência de alar mes ou na \nanálise de diag nóstico e , é clar o, reduz enor mes custos \noperacionais .\nOSD  N LI A NM EO AC R EM SCISO\n90012015\nAv. Eng .', 'Módulo de Ba teria Equaliz er\nProcessador:   DSP\nInter faces:  2 Portas RJ11\nSensor Temper atura:  Interno\nGabinete:   ABS\nDimensões:   12 x 65 x 113 mm - 50 g\no\n  Ambiente:   abrigado , IP-20, 0 a 60 C, umidade\n  relativa máx 90% não condensante .\nModelo Equaliz er M12 - MB02 \nTensão nominal:   12 VDC - 02VDC \nCapacidade:  7 a 600 Ah - 7 a 5.000 Ah n   \nn    \nn    \nn    \nn   \nn \nn   \nn   \nn   \nMódulo de C orrente \n Descrição:\nAcessório (opcional) destinado à medição da \ncorrente elétrica que circula pelo banco de \nbaterias com indicação do sentido da corrente \nelétrica (C arga ou Descar ga).\nEspecificações:\nTensão de alimentação:  5V\nErro:  ≤ 1,5% @ corrente nominal\nComunicação:  RS-232 (Nív el TTL)n \nn']","Fluctuations in voltage and current can impact the accuracy of measurements and the overall performance of systems. In the context of the Equalizer system, inconsistent voltage can lead to issues like sulfation, reduced capacity, and corrosion in batteries. It can also cause contamination, where a faulty battery negatively affects the performance of nearby batteries. On the other hand, precise current measurement is essential for understanding the behavior of the system and ensuring optimal performance. The optional Current Module accessory measures the electrical current and its direction, providing valuable data for monitoring and maintaining the system.","As variações de tensão e corrente impactam as medições e o desempenho dos sistemas, afetando a precisão das medições de potência, tensão e corrente, além de influenciar a eficiência operacional dos equipamentos.",0.9999999999,0.0,0.0,0.0,0.6459847575193441,0.5454545454545454,0.21,0.5791836515422724,0.2108433734939758,0.0147058823529411,0.0,0.0,0,0,1,1,1
23,Quais os impacto das variaçõe de tensão e corrente nas medições elétrica e no desempenho dos sistema elétrico?,"['Módulo de Ba teria Equaliz er\nProcessador:   DSP\nInter faces:  2 Portas RJ11\nSensor Temper atura:  Interno\nGabinete:   ABS\nDimensões:   12 x 65 x 113 mm - 50 g\no\n  Ambiente:   abrigado , IP-20, 0 a 60 C, umidade\n  relativa máx 90% não condensante .\nModelo Equaliz er M12 - MB02 \nTensão nominal:   12 VDC - 02VDC \nCapacidade:  7 a 600 Ah - 7 a 5.000 Ah n   \nn    \nn    \nn    \nn   \nn \nn   \nn   \nn   \nMódulo de C orrente \n Descrição:\nAcessório (opcional) destinado à medição da \ncorrente elétrica que circula pelo banco de \nbaterias com indicação do sentido da corrente \nelétrica (C arga ou Descar ga).\nEspecificações:\nTensão de alimentação:  5V\nErro:  ≤ 1,5% @ corrente nominal\nComunicação:  RS-232 (Nív el TTL)n \nn', 'TECNOLOGIA  EQUALIZER\nEqualização A tiva Individual das Ba terias\n O módulo de bater ia ativ o regula individualmente a \ntensão de cada bater ia e as mantém homogêneas , \nelevando a sua durabilidade , capacidade e r esistência \ncontra cor rosão e sulfatação .\nEvita e pr otege c ontr a Ex cesso de C arga\nAtrav és da Equalização Ativa as bater ias são pr oteg idas \nindividualmente contra o ex cesso de car ga, pr evenindo -\nas contra exalação de gases , secagem do eletr ólito \ninter no e do aquecimento inter no em ex cesso .\nEvita e pr otege c ontr a Falta de C arga\nA Equalização Ativa individual das bater ias impede que \nas mesmas r ecebam menor tensão que dev eriam, \nevitando -se a sulfatação e a per da de capacidade .\nIndicador de P roblemas da Ba teria\nAtrav és da medição da Tensão , Impedância e \nTemperatura, o sistema monitora os pr oblemas típicos \ndas bater ias, tais como sulfatação , cor rosão , per da de \ngases , secagem do eletr ólito e aquecimento inter no.Elimina a Sulfa tação das Ba terias\nO pr oblema decor re dos car regador es e r etificador es de \nbater ias, que r egulam a tensão de flutuação ou \nequalização na tensão final das bater ias e não garantem \nque em algumas  bater ias elas r ecebam maior tensão e , \nem outras , menor tensão . Atrav és da Equalização Ativa, \nmantêm-se todas as bater ias com tensão equilibrada.\nProteção c ontr a contaminação de ba terias\nAtrav és da Equalização Ativa individual de cada bater ia, \nevitam-se danos de uma bater ia a outras bater ias \npróximas , o ef eito de contaminação , ou seja, uma bater ia \nruim danifica as boas .\nOtimização da capacidade das ba terias\nGraças à Equalização Ativa, o Equaliz er garante a plena \nrecar ga e a máxima otimização da bater ia.\nAler ta par a substituir ba terias\nAtrav és da análise da cur va de impedância, pode -se \nidentificar a tendência, já na fase inicial de instalação , se \nalguma bater ia está deter iorada ou simplesmente mais \nfraca do que as outras . Quanto antes ef etuar este \ndiag nóstico , melhor será para o r estante da vida útil das \ndemais bater ias.Alarmes de ba teria\nAtrav és do monitoramento dos parâmetr os-chav e das \nbater ias e medições de limites pr eestabelecidos , o \nsistema en via avisos de alar mes automaticamente aos \nadministrador es do sistema.\nManutenção à distância \nO Equaliz er melhora a qualidade do ser viço, fornecendo \nmonitoramento r emoto atrav és da I nternet, VPN ou \noutra r ede, para faz er download de dados em tempo \nreal e acesso ao histór ico da bater ia para análise . \nManutenção sem desligar o sistema\nOs testes de bater ia individuais são possív eis \nremotamente , sem o esf orço para desligar as bater ias. \nAs manutenções e as análises  de bater ia podem ser \nrealizadas em condições r eais de operação , sem a \nnecessidade de paradas no sistema.\nOtimiza a manutenção em campo\nA equipe de manutenção se desloca somente quando \nhá inter venções cor retivas e dir etas na bater ia que \napresentar def eito na ocor rência de alar mes ou na \nanálise de diag nóstico e , é clar o, reduz enor mes custos \noperacionais .\nOSD  N LI A NM EO AC R EM SCISO\n90012015\nAv. Eng .']","Fluctuations in voltage and current can have significant impacts on electrical measurements and the performance of electrical systems. When voltage varies, it can lead to inaccurate readings in electrical measurements, as many sensors and devices rely on a stable voltage supply to function correctly. Additionally, voltage fluctuations can cause equipment to malfunction or even damage connected devices.

On the other hand, current fluctuations can also negatively affect electrical systems. For instance, high current levels can generate heat, which may damage components and wiring, leading to system failure. In some cases, current fluctuations can also cause electrical noise, which interferes with signal transmission and accurate measurements.

In the context of the provided information, maintaining stable voltage and current levels is crucial for the proper functioning and longevity of the battery equalizer system. The system's performance, including equalization, protection against overcharging and undercharging, and monitoring of battery problems, depends on accurate electrical measurements and the reliable operation of its components. Therefore, it is essential to ensure that voltage and current levels remain within the specified ranges to guarantee the system's optimal performance and prevent potential damage to the components.","As variações de tensão e corrente impactam as medições elétricas e o desempenho do sistema elétrico, afetando a potência de saída, a precisão das medições e a eficiência geral do sistema.",0.49999999995,0.0,0.0,0.0,0.8948401061522328,0.05,0.45,0.5929395872850143,0.1168639053254437,0.017391304347826,0.0,0.0,0,1,1,1,0
24,Quais sã as implicações da xoxha de materiais e design na eficienci e funcionalidade de um eqipamento técnico?,"['TECNOLOGIA  EQUALIZER\nEqualização A tiva Individual das Ba terias\n O módulo de bater ia ativ o regula individualmente a \ntensão de cada bater ia e as mantém homogêneas , \nelevando a sua durabilidade , capacidade e r esistência \ncontra cor rosão e sulfatação .\nEvita e pr otege c ontr a Ex cesso de C arga\nAtrav és da Equalização Ativa as bater ias são pr oteg idas \nindividualmente contra o ex cesso de car ga, pr evenindo -\nas contra exalação de gases , secagem do eletr ólito \ninter no e do aquecimento inter no em ex cesso .\nEvita e pr otege c ontr a Falta de C arga\nA Equalização Ativa individual das bater ias impede que \nas mesmas r ecebam menor tensão que dev eriam, \nevitando -se a sulfatação e a per da de capacidade .\nIndicador de P roblemas da Ba teria\nAtrav és da medição da Tensão , Impedância e \nTemperatura, o sistema monitora os pr oblemas típicos \ndas bater ias, tais como sulfatação , cor rosão , per da de \ngases , secagem do eletr ólito e aquecimento inter no.Elimina a Sulfa tação das Ba terias\nO pr oblema decor re dos car regador es e r etificador es de \nbater ias, que r egulam a tensão de flutuação ou \nequalização na tensão final das bater ias e não garantem \nque em algumas  bater ias elas r ecebam maior tensão e , \nem outras , menor tensão . Atrav és da Equalização Ativa, \nmantêm-se todas as bater ias com tensão equilibrada.\nProteção c ontr a contaminação de ba terias\nAtrav és da Equalização Ativa individual de cada bater ia, \nevitam-se danos de uma bater ia a outras bater ias \npróximas , o ef eito de contaminação , ou seja, uma bater ia \nruim danifica as boas .\nOtimização da capacidade das ba terias\nGraças à Equalização Ativa, o Equaliz er garante a plena \nrecar ga e a máxima otimização da bater ia.\nAler ta par a substituir ba terias\nAtrav és da análise da cur va de impedância, pode -se \nidentificar a tendência, já na fase inicial de instalação , se \nalguma bater ia está deter iorada ou simplesmente mais \nfraca do que as outras . Quanto antes ef etuar este \ndiag nóstico , melhor será para o r estante da vida útil das \ndemais bater ias.Alarmes de ba teria\nAtrav és do monitoramento dos parâmetr os-chav e das \nbater ias e medições de limites pr eestabelecidos , o \nsistema en via avisos de alar mes automaticamente aos \nadministrador es do sistema.\nManutenção à distância \nO Equaliz er melhora a qualidade do ser viço, fornecendo \nmonitoramento r emoto atrav és da I nternet, VPN ou \noutra r ede, para faz er download de dados em tempo \nreal e acesso ao histór ico da bater ia para análise . \nManutenção sem desligar o sistema\nOs testes de bater ia individuais são possív eis \nremotamente , sem o esf orço para desligar as bater ias. \nAs manutenções e as análises  de bater ia podem ser \nrealizadas em condições r eais de operação , sem a \nnecessidade de paradas no sistema.\nOtimiza a manutenção em campo\nA equipe de manutenção se desloca somente quando \nhá inter venções cor retivas e dir etas na bater ia que \napresentar def eito na ocor rência de alar mes ou na \nanálise de diag nóstico e , é clar o, reduz enor mes custos \noperacionais .\nOSD  N LI A NM EO AC R EM SCISO\n90012015\nAv. Eng .', 'Alta Tecnolog ia em\nProcessament o Dig ital\nde Sinais - DSP\nOS MAIS MODERNOS\nNO-BREAKS CORPORATIVOSVivemos em um mundo cada v ez mais ág il e prático . Um mundo conec tado por pr ocessador es, chips , softwares e \nperiféricos. Mas isso ainda não é o bastant e. Por isso , o mundo caminha para t ecnolog ias de pr ocessament o imediat o \nde dados . A CM C omandos Linear es está um passo à fr ente e of erece aos seus client es pr odut os dotados de uma \ntecnolog ia revolucionár ia, denominada P rocessament o Dig ital de Sinais - - DSP .\nToda a linha de No -Breaks  \nconta com a t ecnolog ia DSP .  Carac terística que \npropor ciona alta per formance e confiabilidade , Conception Multi Ativ o \npara aplicações de missão cr ítica. Ou seja, pr otegem as aplicações nas quais a continuidade da operação é de \nfundamental impor tância.\nequipament os pode ser atualizado , \nacrescentando novas funções em \nunidades já instaladas . Hoje , esta t ecnolog ia está pr esent e nos mais sofisticados sist emas eletr ônicos , devido à sua alta v elocidade e \nconfiabilidade . Processador es Dig itais de Sinais são capaz es de pr ocessar dez milhões de amostragens por segundo . \nIsso sig nifica pr ocessament o em t empo r eal -- o sinal é pr ocessado no mesmo instant e em que é r ecebido , sem \nretardos ou atrasos .\nProjetados com o uso int enso dos r ecursos da t ecnolog ia DSP ,  os No -Breaks C onception Multi Ativ o  ag regam nov os  \ne avançados r ecursos , que estabelecem um nov o conceit o em desen volviment o, no qual o fir mware dos \nAdquir indo No -Breaks , cont e com as \nsoluções da CM C omandos , que \nasseguram t ecnolog ia de ponta, \nmáxima pr oteção , precisão dig ital e \nprocessament o em t empo r eal.  Modelo 300kV A']","The use of advanced materials and design can significantly impact the efficiency and functionality of a technical equipment. For instance, in the context of the Equalizer system, the use of cutting-edge DSP (Digital Signal Processing) technology allows for high-performance and reliability, enabling the system to process millions of samples per second in real-time. This results in improved performance, faster response times, and enhanced protection for critical applications.

Similarly, the design of the Equalizer system includes individual equalization of battery cells, which helps maintain optimal voltage levels, prevent sulfation and gas buildup, and extend battery life. The system also includes monitoring and alert features that detect potential issues and provide timely warnings to administrators.

Therefore, the choice of materials and design can greatly affect the overall performance, durability, and safety of a technical equipment. By incorporating advanced technologies and innovative design solutions, manufacturers can create more efficient, reliable, and functional systems.","As implicações da escolha de materiais e design na eficiência e funcionalidade de um equipamento técnico incluem a utilização de estruturas metálicas e painéis de alta resistência, que contribuem para a durabilidade e a movimentação facilitada do equipamento.",0.0,0.0,0.0,0.0,0.574696227624789,0.6923076923076923,0.33,0.5557179407813977,0.1710646041856233,0.0301507537688442,0.0,0.0,0,0,1,1,1
25,Quais são as implicações do material e design na eficiência de um equipamento técnico?,"['TECNOLOGIA  EQUALIZER\nEqualização A tiva Individual das Ba terias\n O módulo de bater ia ativ o regula individualmente a \ntensão de cada bater ia e as mantém homogêneas , \nelevando a sua durabilidade , capacidade e r esistência \ncontra cor rosão e sulfatação .\nEvita e pr otege c ontr a Ex cesso de C arga\nAtrav és da Equalização Ativa as bater ias são pr oteg idas \nindividualmente contra o ex cesso de car ga, pr evenindo -\nas contra exalação de gases , secagem do eletr ólito \ninter no e do aquecimento inter no em ex cesso .\nEvita e pr otege c ontr a Falta de C arga\nA Equalização Ativa individual das bater ias impede que \nas mesmas r ecebam menor tensão que dev eriam, \nevitando -se a sulfatação e a per da de capacidade .\nIndicador de P roblemas da Ba teria\nAtrav és da medição da Tensão , Impedância e \nTemperatura, o sistema monitora os pr oblemas típicos \ndas bater ias, tais como sulfatação , cor rosão , per da de \ngases , secagem do eletr ólito e aquecimento inter no.Elimina a Sulfa tação das Ba terias\nO pr oblema decor re dos car regador es e r etificador es de \nbater ias, que r egulam a tensão de flutuação ou \nequalização na tensão final das bater ias e não garantem \nque em algumas  bater ias elas r ecebam maior tensão e , \nem outras , menor tensão . Atrav és da Equalização Ativa, \nmantêm-se todas as bater ias com tensão equilibrada.\nProteção c ontr a contaminação de ba terias\nAtrav és da Equalização Ativa individual de cada bater ia, \nevitam-se danos de uma bater ia a outras bater ias \npróximas , o ef eito de contaminação , ou seja, uma bater ia \nruim danifica as boas .\nOtimização da capacidade das ba terias\nGraças à Equalização Ativa, o Equaliz er garante a plena \nrecar ga e a máxima otimização da bater ia.\nAler ta par a substituir ba terias\nAtrav és da análise da cur va de impedância, pode -se \nidentificar a tendência, já na fase inicial de instalação , se \nalguma bater ia está deter iorada ou simplesmente mais \nfraca do que as outras . Quanto antes ef etuar este \ndiag nóstico , melhor será para o r estante da vida útil das \ndemais bater ias.Alarmes de ba teria\nAtrav és do monitoramento dos parâmetr os-chav e das \nbater ias e medições de limites pr eestabelecidos , o \nsistema en via avisos de alar mes automaticamente aos \nadministrador es do sistema.\nManutenção à distância \nO Equaliz er melhora a qualidade do ser viço, fornecendo \nmonitoramento r emoto atrav és da I nternet, VPN ou \noutra r ede, para faz er download de dados em tempo \nreal e acesso ao histór ico da bater ia para análise . \nManutenção sem desligar o sistema\nOs testes de bater ia individuais são possív eis \nremotamente , sem o esf orço para desligar as bater ias. \nAs manutenções e as análises  de bater ia podem ser \nrealizadas em condições r eais de operação , sem a \nnecessidade de paradas no sistema.\nOtimiza a manutenção em campo\nA equipe de manutenção se desloca somente quando \nhá inter venções cor retivas e dir etas na bater ia que \napresentar def eito na ocor rência de alar mes ou na \nanálise de diag nóstico e , é clar o, reduz enor mes custos \noperacionais .\nOSD  N LI A NM EO AC R EM SCISO\n90012015\nAv. Eng .', 'Alta Tecnolog ia em\nProcessament o Dig ital\nde Sinais - DSP\nOS MAIS MODERNOS\nNO-BREAKS CORPORATIVOSVivemos em um mundo cada v ez mais ág il e prático . Um mundo conec tado por pr ocessador es, chips , softwares e \nperiféricos. Mas isso ainda não é o bastant e. Por isso , o mundo caminha para t ecnolog ias de pr ocessament o imediat o \nde dados . A CM C omandos Linear es está um passo à fr ente e of erece aos seus client es pr odut os dotados de uma \ntecnolog ia revolucionár ia, denominada P rocessament o Dig ital de Sinais - - DSP .\nToda a linha de No -Breaks  \nconta com a t ecnolog ia DSP .  Carac terística que \npropor ciona alta per formance e confiabilidade , Conception Multi Ativ o \npara aplicações de missão cr ítica. Ou seja, pr otegem as aplicações nas quais a continuidade da operação é de \nfundamental impor tância.\nequipament os pode ser atualizado , \nacrescentando novas funções em \nunidades já instaladas . Hoje , esta t ecnolog ia está pr esent e nos mais sofisticados sist emas eletr ônicos , devido à sua alta v elocidade e \nconfiabilidade . Processador es Dig itais de Sinais são capaz es de pr ocessar dez milhões de amostragens por segundo . \nIsso sig nifica pr ocessament o em t empo r eal -- o sinal é pr ocessado no mesmo instant e em que é r ecebido , sem \nretardos ou atrasos .\nProjetados com o uso int enso dos r ecursos da t ecnolog ia DSP ,  os No -Breaks C onception Multi Ativ o  ag regam nov os  \ne avançados r ecursos , que estabelecem um nov o conceit o em desen volviment o, no qual o fir mware dos \nAdquir indo No -Breaks , cont e com as \nsoluções da CM C omandos , que \nasseguram t ecnolog ia de ponta, \nmáxima pr oteção , precisão dig ital e \nprocessament o em t empo r eal.  Modelo 300kV A']","The design and materials of a technical equipment significantly impact its efficiency in several ways. Firstly, the use of advanced technology like Digital Signal Processing (DSP) in the Equalizer technology ensures high-performance and reliability. This technology allows for real-time processing of data, improving the efficiency of the system. 

Secondly, the design of the Equalizer system enables individual monitoring and regulation of each battery, which enhances their durability, capacity, and resistance to corrosion and sulfation. This feature also protects batteries from overcharging and deep discharge, thereby increasing their lifespan and efficiency.

Moreover, the system's ability to monitor battery parameters such as voltage, impedance, and temperature helps identify potential issues like sulfation, corrosion, gas leakage, and overheating. Early detection of these problems contributes to the efficient operation of the system.

Furthermore, the design of the Equalizer system allows for remote monitoring and maintenance, which reduces downtime and increases efficiency. The system can also be updated with new functions, ensuring optimal performance and reducing maintenance costs.

Therefore, the materials and design of the Equalizer technology play a crucial role in its efficiency, reliability, and cost-effectiveness.","As implicações do material e design na eficiência de um equipamento técnico incluem a escolha de materiais como ABS de alta resistência e estruturas metálicas, que contribuem para a durabilidade e funcionalidade do equipamento.",0.0,0.0,0.0,0.0,0.902315884218508,0.5625,0.12,0.4645782575183269,0.1352154531946507,0.0355555555555555,0.0,0.0,0,1,1,1,1
26,como No-Breaks CM Comandos Lineares garantem continuidade operacional missão crítica,"['A EMPRESA Com mais de 38 anos de atuação, a CM Comandos é hoje \numa das maiores fabricantes de No-Breaks da América Latina. \nAlém disso, é líder absoluta em soluções para o mercado corporativo. Certificada pela \nnorma ISO-9001:2015, a CM Comandos ressalta o seu compromisso com a excelência \ndos seus produtos e a total satisfação dos seus clientes.Inovação, qualidade, tecnologia\ne confiabilidade. Marcas das\nsoluções CM Comandos Lineares\nAPLICAÇÕES Os No -Breaks da CM C omandos Linear es são indicados para \naplicações de missão cr ítica, nas mais var iadas cor porações ,  \noferecendo pr oteção contra distúr bios de ener gia elétr ica, tais como: cor tes, micr o cor tes, \nruídos , dist orção har mônica, picos , transient es, sub e sobr e tensão e var iações de fr equência.\nSUPORTE\nTÉCNICOAo escolher a mar ca CM C omandos Linear es você conta com \no melhor  supor te técnico de pr é e pós- venda da empr esa que \nse consolidou ao longo dest es 38 anos como líder de \nmercado . Instrumentação de ponta, pr ofissionais altament e qualificados , com \ncober tura nacional e disponibilidade de at endiment o 24 horas , sete dias por \nsemana, call cent er e pr ocessos cer tificados  asseguram a ex celência dos nossos \nserviços de supor te.BENEFÍCIOSOs equipament os da CM C omandos operam com maior pr ecisão , \nagregam maior númer o de funções e são os mais segur os. \nCarac terísticas que geram alta confiabilidade e pr odutividade nas mais var iadas aplicações , \nminimizam falhas e , consequent ement e, cust os de manut enção . Em r esumo ,                               \nser um client e da CM C omandos sig nifica t er o r etorno do capital in vestido e garantias            \nque só uma empr esa com amplo supor te técnico pode of erecer .\nOSD  L NI A NM EA OR C EM SCISO\n90012015', 'OSD  L NI A NM EA OR C EM SCISO\n90012015\nA EMPRESACom mais de 38 anos de atuação, a CM Comandos é hoje \numa das maiores fabricantes de No-Breaks da América Latina. \nAlém disso, é líder absoluta em soluções para o mercado corporativo. \nCertificada pela norma ISO-9001:2015 a CM Comandos ressalta o seu compromisso \ncom a preservação do meio ambiente, a excelência dos seus produtos e a total \nsatisfação dos seus clientes.\nAPLICAÇÕES Os No -Breaks da CM C omandos Linear es são indicados para \naplicações de missão cr ítica, nas mais var iadas cor porações ,  \noferecendo por teção contra distúr bios de ener gia elétr ica, tais como cor tes, micr o cor tes, \nruídos , dist orção har mônica, picos , transient es, sub e sobr e tensão e var iações de fr equência.\nSUPORTE\nTÉCNICOAo escolher a mar ca CM C omandos Linear es, você conta com o \nmelhor  supor te técnico de pr é e pós- venda da empr esa que se \nconsolidou ao longo dest es 38 anos como líder de mer cado .\nInstrumentação de ponta, pr ofissionais altament e qualificados , com cober tura \nnacional e disponibilidade de at endiment o 24 horas , sete dias da semana, call \ncent er e pr ocessos cer tificados ,  asseguram a ex celência dos nossos ser viços de \nsupor te.BENEFÍCIOSOs equipament os da CM C omandos operam com maior pr ecisão , \nagregam maior númer o de funções e são os mais segur os. \nCarac terísticas que geram alta confiabilidade e pr odutividade nas mais var iadas aplicações , \nminimizam falhas e , consequent ement e, cust os de manut enção . Em r esumo ,                               \nser um client e da CM C omandos sig nifica t er o r etorno do capital in vestido e garantias            \nque só uma empr esa com amplo supor te técnico pode of erecer .Inovação, qualidade, tecnologia\ne confiabilidade. Marcas das\nsoluções CM Comandos Lineares\nOSD  L NI A NM EA OR C EM SCISO\n90012015']","The No-Breaks CM Comandos Lineares ensure continuity of critical mission operations by providing protection against various electrical power disturbances. These disturbances include voltage fluctuations such as surges, sags, spikes, and voltage swells, as well as other issues like electrical noise, harmonic distortion, and frequency variations. By safeguarding against these problems, the No-Breaks help maintain the required power supply, enabling uninterrupted operation of critical systems during electrical disruptions.","Os No-Breaks da CM Comandos Lineares garantem continuidade operacional em aplicações de missão crítica, oferecendo proteção contra distúrbios de energia elétrica, como cortes, micro cortes, ruídos, distorção harmônica, picos, transientes, sub e sobre tensão e variações de frequência.",0.99999999995,1.0,0.6923076917751478,0.1428571428571428,0.9010421823657954,0.8571428571428571,0.73,0.8369540340912915,0.2914285714285715,0.0833333333333333,0.0,0.0,0,0,1,1,1
27,De que maneira os No-Breaks da CM Comandos Lineares garantem a continuidade operacional em aplicações de missão crítica?,"['A EMPRESA Com mais de 38 anos de atuação, a CM Comandos é hoje \numa das maiores fabricantes de No-Breaks da América Latina. \nAlém disso, é líder absoluta em soluções para o mercado corporativo. Certificada pela \nnorma ISO-9001:2015, a CM Comandos ressalta o seu compromisso com a excelência \ndos seus produtos e a total satisfação dos seus clientes.Inovação, qualidade, tecnologia\ne confiabilidade. Marcas das\nsoluções CM Comandos Lineares\nAPLICAÇÕES Os No -Breaks da CM C omandos Linear es são indicados para \naplicações de missão cr ítica, nas mais var iadas cor porações ,  \noferecendo pr oteção contra distúr bios de ener gia elétr ica, tais como: cor tes, micr o cor tes, \nruídos , dist orção har mônica, picos , transient es, sub e sobr e tensão e var iações de fr equência.\nSUPORTE\nTÉCNICOAo escolher a mar ca CM C omandos Linear es você conta com \no melhor  supor te técnico de pr é e pós- venda da empr esa que \nse consolidou ao longo dest es 38 anos como líder de \nmercado . Instrumentação de ponta, pr ofissionais altament e qualificados , com \ncober tura nacional e disponibilidade de at endiment o 24 horas , sete dias por \nsemana, call cent er e pr ocessos cer tificados  asseguram a ex celência dos nossos \nserviços de supor te.BENEFÍCIOSOs equipament os da CM C omandos operam com maior pr ecisão , \nagregam maior númer o de funções e são os mais segur os. \nCarac terísticas que geram alta confiabilidade e pr odutividade nas mais var iadas aplicações , \nminimizam falhas e , consequent ement e, cust os de manut enção . Em r esumo ,                               \nser um client e da CM C omandos sig nifica t er o r etorno do capital in vestido e garantias            \nque só uma empr esa com amplo supor te técnico pode of erecer .\nOSD  L NI A NM EA OR C EM SCISO\n90012015', 'Inovação, qualidade, tecnologia\ne confiabilidade. Marcas das\nsoluções CM Comandos Lineares\nCom mais de 40 anos de atuação, a CM Comandos é hoje uma das \nmaiores fabricantes de No-Breaks da América Latina. Além disso, é líder\nabsoluta em soluções para o mercado corporativo. Certiﬁ  cada pela norma ISO-900:2015, a CM Comandos \nressalta o seu compromisso com a excelência dos seus produtos e a total satisfação dos seus clientes.A EMPRESA\nOs  No-Breaks  da  CM  Comandos  são  indicados  para aplicações de  \nmissão crítica, nas mais variadas corporações, oferecendo proteção \ncontra distúrbios de energia elétrica, tais como: cortes, micro-cortes, ruídos, distorção harmônica, picos, \ntransientes, sub e sobretensão e variação de frequência.APLICAÇÕES\nOs equipamentos da CM Comandos operam com maior precisão, agre-\ngam maior número de funções e são mais seguros. Características\nque geram alta conﬁ  abilidade e produtividade nas mais variadas aplicações, minimizam falhas e,\nconsequentemente, custos de manutenção. Em resumo, ser um cliente CM Comandos signiﬁ  ca ter o \nretorno do capital investido e garantias que só uma empresa com amplo suporte técnico pode oferecer.BENEFÍCIOS\nAo escolher a marca CM Comandos Lineares você conta com o melhor supor-\nte técnico de pré e pós-venda da empresa que se consolidou ao longo  des-\ntes 40 anos como líder de mercado. Instrumentação de ponta, proﬁ  ssionais\naltamente qualiﬁ  cados, disponibilidade de atendimento 24 horas, sete dias da semana, call \ncenter e processos certiﬁ  cados que asseguram a excelência dos nossos serviços de suporte.SUPORTE\nTÉCNICO']","No-Breaks from CM Comandos Lineares ensure continuity in critical applications by offering protection against various electrical power disturbances. These disturbances include voltage fluctuations, frequency variations, electrical noise, transients, spikes, and surges. By protecting against these issues, No-Breaks help maintain the required power levels and prevent damage to connected equipment, ensuring uninterrupted operation in mission-critical applications.","Os No-Breaks da CM Comandos Lineares garantem a continuidade operacional em aplicações de missão crítica ao oferecer proteção contra distúrbios de energia elétrica, como cortes, micro cortes, ruídos, distorção harmônica, picos, transientes, sub e sobre tensão e variações de frequência.",0.99999999995,1.0,0.4999999995833333,0.0909090909090909,0.9278497754319096,0.6363636363636364,0.73,0.8428037899114498,0.3010752688172042,0.1081081081081081,0.0,0.0,0,0,1,1,1
28,Quais sã as implicações do uso de comands linears na programção e automação de processos?,"['A E M P R E S ACom mais de 35 anos de atuação, a CM Comandos é hoje \numa das maiores fabricantes de No-Breaks da América \nLatina. \nAlém disso, é líder absoluta em soluções para o mercado corporativo. Certificada pela \nnorma ISO-9001:2015, a CM Comandos ressalta o seu compromisso com a excelência \ndos seus produtos e a total satisfação dos seus clientes.Inovação, qualidade, tecnologia\ne confiabilidade. Marcas das\nsoluções CM Comandos Lineares\nA P L I C A Ç Õ E SOs No Breaks  da CM Comandos Lineares são indicados para aplicações \nde missão crítica, nas mais variadas corporações, oferecendo proteção \ncontra distúrbios de energia elétrica, tais como: cortes, micro cortes, ruídos, distorção harmônica, \npicos, transientes, sub e sobre tensão e variações de frequência.\nS U P O R T E\nT É C N I C OAo  escolher  a marca  CM Comandos  Lineares  você  conta com o melhor \nsuporte  técnico  de pré e pós-venda da empresa que se consolidou ao longo \ndestes 36  anos como  líder  de  mercado.\nInstrumentação de ponta, profissionais altamente qualificados, com cobertura nacional e \ndisponibilidade de atendimento 24 horas, sete dias por semana, call center e processos certificados \nque asseguram a excelência dos  nossos serviços  de  suporte.B E N E F Í C I O SOs equipamentos da CM Comandos operam com maior precisão, \nagregam maior número de funções e são os mais seguros. \nCaracterísticas que geram alta confiabilidade e produtividade nas mais variadas aplicações, \nminimizam falhas e, consequentemente,  custos de manutenção. Em resumo,  ser um cliente da \nCM Comandos significa ter o retorno do capital investido e garantias que  só uma empresa com \namplo suporte técnico pode oferecer.\nCM COMANDOS LINEARES\nOSD L NI A NM EA OR CEM SCISO\n9001\n2015', 'OSD  L NI A NM EA OR C EM SCISO\n90012015\nInovação , qualidade , tecnolo gia\ne confiabilidade . Marcas das\nsoluções CM C omandos Linear es\nCom mais de 40 anos de atuação , a CM Comandos é hoje uma das \nmaior es fabricant es de No-Breaks da Amér ica Latina. Além disso , é líder\nabsoluta em soluções para o mercado corporativ o. Certificada pela norma ISO-900:2015, a CM Comandos \nressalta o seu compr omisso com a excelência dos seus produt os e a total satisfação dos seus client es.A EMPRESA\nOs    No-Breaks   da   CM     Comandos  são  indicados   para    aplicações \nde  missã o crítica, nas mais variadas corporações , oferecendo proteção \ncontra distúr bios de ener gia elétr ica, tais como: cortes, micr o-cortes, ruídos , distorção harmônica, picos , \ntransient es, sub e sobr etensão e var iação de fr equência.APLICAÇÕES\nOs equipament os da CM Comandos operam com maior precisão , agre-\ngam maior númer o de funções e são mais segur os. Carac terísticas\nque geram alta confiabilidade e produtividade nas mais variadas aplicações , minimizam falhas e,\nconsequent ement e, cust os de manut enção . Em resumo , ser um client e CM Comandos significa ter o \nretorno do capital investido e garantias que só uma empr esa com amplo supor te técnico pode oferecer .BENEFÍCIOS\nAo escolher a marca CM Comandos Linear es você conta com o melhor supor -\nte técnico de pré e pós- venda da empr esa que se consolidou ao longo  des-\ntes 40 anos como líder de mercado . Instrumentação de ponta, profissionais\naltament e qualificados , disponibilidade de atendiment o 24 horas , sete dias da semana, call \ncent er e processos certificados que asseguram a excelência dos nossos serviços de supor te.SUPORTE\nTÉCNIC O']","Based on the provided context, there is no information about ""comands linears"" in the context of programming and automation of processes. The context refers to ""CM Comandos Lineares"" which is a brand of No-Breaks (uninterruptible power supplies) and a leader in the production and distribution of these products in Latin America. They offer solutions for mission-critical applications in various corporations, providing protection against electrical power disturbances. However, there is no mention of the implications of using this brand in programming and automation of processes.",As implicações do uso de comandos lineares na programação e automação de processos não estão claramente definidas no contexto fornecido.,0.0,1.0,0.0,0.6666666666666666,0.0,0.8571428571428571,0.5,0.5979385658967709,0.1752577319587629,0.054054054054054,0.0,0.0,0,0,1,0,0
29,Qual é a importânçia dos comands lineares na programacão e como eles influenciam a execuçãu de tarefas?,"['A E M P R E S ACom mais de 35 anos de atuação, a CM Comandos é hoje \numa das maiores fabricantes de No-Breaks da América \nLatina. \nAlém disso, é líder absoluta em soluções para o mercado corporativo. Certificada pela \nnorma ISO-9001:2015, a CM Comandos ressalta o seu compromisso com a excelência \ndos seus produtos e a total satisfação dos seus clientes.Inovação, qualidade, tecnologia\ne confiabilidade. Marcas das\nsoluções CM Comandos Lineares\nA P L I C A Ç Õ E SOs No Breaks  da CM Comandos Lineares são indicados para aplicações \nde missão crítica, nas mais variadas corporações, oferecendo proteção \ncontra distúrbios de energia elétrica, tais como: cortes, micro cortes, ruídos, distorção harmônica, \npicos, transientes, sub e sobre tensão e variações de frequência.\nS U P O R T E\nT É C N I C OAo  escolher  a marca  CM Comandos  Lineares  você  conta com o melhor \nsuporte  técnico  de pré e pós-venda da empresa que se consolidou ao longo \ndestes 36  anos como  líder  de  mercado.\nInstrumentação de ponta, profissionais altamente qualificados, com cobertura nacional e \ndisponibilidade de atendimento 24 horas, sete dias por semana, call center e processos certificados \nque asseguram a excelência dos  nossos serviços  de  suporte.B E N E F Í C I O SOs equipamentos da CM Comandos operam com maior precisão, \nagregam maior número de funções e são os mais seguros. \nCaracterísticas que geram alta confiabilidade e produtividade nas mais variadas aplicações, \nminimizam falhas e, consequentemente,  custos de manutenção. Em resumo,  ser um cliente da \nCM Comandos significa ter o retorno do capital investido e garantias que  só uma empresa com \namplo suporte técnico pode oferecer.\nCM COMANDOS LINEARES\nOSD L NI A NM EA OR CEM SCISO\n9001\n2015', 'Inovação, qualidade, tecnologia\ne confiabilidade. Marcas das\nsoluções CM Comandos Lineares\nCom mais de 40 anos de atuação, a CM Comandos é hoje uma das \nmaiores fabricantes de No-Breaks da América Latina. Além disso, é líder\nabsoluta em soluções para o mercado corporativo. Certiﬁ  cada pela norma ISO-900:2015, a CM Comandos \nressalta o seu compromisso com a excelência dos seus produtos e a total satisfação dos seus clientes.A EMPRESA\nOs  No-Breaks  da  CM  Comandos  são  indicados  para aplicações de  \nmissão crítica, nas mais variadas corporações, oferecendo proteção \ncontra distúrbios de energia elétrica, tais como: cortes, micro-cortes, ruídos, distorção harmônica, picos, \ntransientes, sub e sobretensão e variação de frequência.APLICAÇÕES\nOs equipamentos da CM Comandos operam com maior precisão, agre-\ngam maior número de funções e são mais seguros. Características\nque geram alta conﬁ  abilidade e produtividade nas mais variadas aplicações, minimizam falhas e,\nconsequentemente, custos de manutenção. Em resumo, ser um cliente CM Comandos signiﬁ  ca ter o \nretorno do capital investido e garantias que só uma empresa com amplo suporte técnico pode oferecer.BENEFÍCIOS\nAo escolher a marca CM Comandos Lineares você conta com o melhor supor-\nte técnico de pré e pós-venda da empresa que se consolidou ao longo  des-\ntes 40 anos como líder de mercado. Instrumentação de ponta, proﬁ  ssionais\naltamente qualiﬁ  cados, disponibilidade de atendimento 24 horas, sete dias da semana, call \ncenter e processos certiﬁ  cados que asseguram a excelência dos nossos serviços de suporte.SUPORTE\nTÉCNICO']","In the provided context, ""Comandos Lineares"" refers to a brand of power backup systems (No-Breaks) manufactured by CM Comandos, which are indicated for use in mission-critical applications in various corporations. These systems offer protection against electrical power disturbances such as outages, micro-outages, noise, harmonic distortion, spikes, transients, over and under voltage, and frequency variations. By ensuring a stable power supply, these systems help maintain the smooth operation and precision of connected equipment, minimizing errors, interruptions, and maintenance costs.

However, the query seems to be asking about ""comandos lineares"" in the context of programming, which refers to linear commands or instructions that execute sequentially in programming languages. This concept is unrelated to the ""Comandos Lineares"" from the context provided.

To answer the query accurately, additional context or information about the role of linear commands in programming would be required.",A importância dos comandos lineares na programação reside na sua capacidade de influenciar a execução de tarefas de forma sequencial e organizada.,0.0,0.0,0.0,0.0,0.0,0.6666666666666666,0.53,0.5891413623166745,0.1207584830339321,0.036144578313253,0.0,0.0,1,0,1,0,0
30,Qual é o impacto da abordagem Multi Ativo na diversificação de investimentos?,"['TECNOLOGIA  EQUALIZER\nEqualização A tiva Individual das Ba terias\n O módulo de bater ia ativ o regula individualmente a \ntensão de cada bater ia e as mantém homogêneas , \nelevando a sua durabilidade , capacidade e r esistência \ncontra cor rosão e sulfatação .\nEvita e pr otege c ontr a Ex cesso de C arga\nAtrav és da Equalização Ativa as bater ias são pr oteg idas \nindividualmente contra o ex cesso de car ga, pr evenindo -\nas contra exalação de gases , secagem do eletr ólito \ninter no e do aquecimento inter no em ex cesso .\nEvita e pr otege c ontr a Falta de C arga\nA Equalização Ativa individual das bater ias impede que \nas mesmas r ecebam menor tensão que dev eriam, \nevitando -se a sulfatação e a per da de capacidade .\nIndicador de P roblemas da Ba teria\nAtrav és da medição da Tensão , Impedância e \nTemperatura, o sistema monitora os pr oblemas típicos \ndas bater ias, tais como sulfatação , cor rosão , per da de \ngases , secagem do eletr ólito e aquecimento inter no.Elimina a Sulfa tação das Ba terias\nO pr oblema decor re dos car regador es e r etificador es de \nbater ias, que r egulam a tensão de flutuação ou \nequalização na tensão final das bater ias e não garantem \nque em algumas  bater ias elas r ecebam maior tensão e , \nem outras , menor tensão . Atrav és da Equalização Ativa, \nmantêm-se todas as bater ias com tensão equilibrada.\nProteção c ontr a contaminação de ba terias\nAtrav és da Equalização Ativa individual de cada bater ia, \nevitam-se danos de uma bater ia a outras bater ias \npróximas , o ef eito de contaminação , ou seja, uma bater ia \nruim danifica as boas .\nOtimização da capacidade das ba terias\nGraças à Equalização Ativa, o Equaliz er garante a plena \nrecar ga e a máxima otimização da bater ia.\nAler ta par a substituir ba terias\nAtrav és da análise da cur va de impedância, pode -se \nidentificar a tendência, já na fase inicial de instalação , se \nalguma bater ia está deter iorada ou simplesmente mais \nfraca do que as outras . Quanto antes ef etuar este \ndiag nóstico , melhor será para o r estante da vida útil das \ndemais bater ias.Alarmes de ba teria\nAtrav és do monitoramento dos parâmetr os-chav e das \nbater ias e medições de limites pr eestabelecidos , o \nsistema en via avisos de alar mes automaticamente aos \nadministrador es do sistema.\nManutenção à distância \nO Equaliz er melhora a qualidade do ser viço, fornecendo \nmonitoramento r emoto atrav és da I nternet, VPN ou \noutra r ede, para faz er download de dados em tempo \nreal e acesso ao histór ico da bater ia para análise . \nManutenção sem desligar o sistema\nOs testes de bater ia individuais são possív eis \nremotamente , sem o esf orço para desligar as bater ias. \nAs manutenções e as análises  de bater ia podem ser \nrealizadas em condições r eais de operação , sem a \nnecessidade de paradas no sistema.\nOtimiza a manutenção em campo\nA equipe de manutenção se desloca somente quando \nhá inter venções cor retivas e dir etas na bater ia que \napresentar def eito na ocor rência de alar mes ou na \nanálise de diag nóstico e , é clar o, reduz enor mes custos \noperacionais .\nOSD  N LI A NM EO AC R EM SCISO\n90012015\nAv. Eng .', 'SISTEMA PARALELO MULTI ATIVO (EXCLUSIVO CM COMANDOS)\nA CM Comandos Lineares desenvolveu um sistema inovador e pioneiro no mundo de paralelismo entre no-breaks. O sistema \nParalelo Multi Ativo permite a expansão do sistema, de acordo com sua demanda de consumo, podendo paralelar quantas \nunidades forem necessárias para atender sua demanda, elevando a capacidade do sistema e a confiabilidade de sua aplicação.\nPOSSIBILIDADE DE SOMATÓRIA DE  POTÊNCIAS\nPermite a ligação para somatória de potência, utilizando dois ou mais \nNo-Breaks para atingir a demanda da carga total.\nQuando utilizado para somatória de potência, possibilita a ligação de \nNo-Breaks com potências diferentes. Quando a ligação for feita com \nNo-Breaks de potências diferentes, a carga será distribuída \nproporcionalmente. Permite a ligação em paralelo redundante N + 1,  N + 2, N + 3 … N+X,  \npossibilitando o desligamento de uma ou mais unidades, mantendo a \ncarga ativa.\nA comunicação entre os No-Breaks consiste no barramento de \ncomunicação comum, por onde transitam informações \ncontendo nível de carga, sincronismo e a condição do by pass.COMUNICAÇÃO ENTRE OS NO-BREAKSTodos os No-Breaks são autônomos, operam de forma \nindependente no sistema e possuem controle individual.NÃO EXISTE NO-BREAK MESTRE OU ESCRAVOPodem ser paraleladas quantas unidades forem necessárias, \npossibilitando expansão do sistema, de acordo com a demanda \nde consumo.QUANTIDADE ILIMITADA PARA PARALELISMO\nPARALELISMO DO BANCO DE BATERIAS\nPermite paralelismo dos bancos de baterias (quando forem de \nmesma tensão nominal).MANUTENÇÃO DO NO-BREAK\nPermite a inserção ou retirada de um No-Break no sistema, sem a \nnecessidade de parada.INTERFACES  DE  SHUTDOWN  E GERENCIAMENTO  REMOTO\nRede Elétric a\nde Entr ada\nSaídaNo-break 1\n Potência \nde 60 kV ANo-break 2\nPotência de \n100 kV ANo-break 3\nPotência de \n20 kV A\nCarga fornecida pelo sistema = 410 kV ANo-break 4\nPotência de \n30 kV ANo-break 5\nPotência de \n80 kV ANo-break 6\nPotência de \n120 kV ARede L ocal Ether netA   Inter face de Ger enciamento \n     \nC  Inter face Shutdown \n     Client \n     LANB  Inter face Shutdown \n     D   Inter face de Ger enciamento Remoto \n  \nE  Adaptador SNMP\n     \nF  Client Shutdown\nG Estação Remota\n    Sof tware com \n    conexão à I nter netMultisser vidor es\nMultiplataf ormas\nMulti-S.O .Porta M icroprocessada DB9\nPorta Contato Seco DB9\nRede Ethernet RJ45']",The provided context does not contain information about the impact of the Multi Ativo approach on the diversification of investments. The context is about the technical aspects of the Equalizer technology and the Parallel Multi Ativo system for connecting No-Breaks.,O impacto da abordagem Multi Ativo na diversificação de investimentos não é mencionado no contexto fornecido.,0.0,1.0,0.0,0.6666666666666666,0.0,1.0,0.5,0.6942997922277812,0.3045112781954887,0.1034482758620689,0.0,0.0,0,1,1,0,0
31,Qual eh o impato da abordajem Multi Ativo na diversificassao de investimentos?,"['SISTEMA PARALELO MULTI ATIVO (EXCLUSIVO CM COMANDOS)\nA CM Comandos Lineares desenvolveu um sistema inovador e pioneiro no mundo de paralelismo entre no-breaks. O sistema \nParalelo Multi Ativo permite a expansão do sistema, de acordo com sua demanda de consumo, podendo paralelar quantas \nunidades forem necessárias para atender sua demanda, elevando a capacidade do sistema e a confiabilidade de sua aplicação.\nPOSSIBILIDADE DE SOMATÓRIA DE  POTÊNCIAS\nPermite a ligação para somatória de potência, utilizando dois ou mais \nNo-Breaks para atingir a demanda da carga total.\nQuando utilizado para somatória de potência, possibilita a ligação de \nNo-Breaks com potências diferentes. Quando a ligação for feita com \nNo-Breaks de potências diferentes, a carga será distribuída \nproporcionalmente. Permite a ligação em paralelo redundante N + 1,  N + 2, N + 3 … N+X,  \npossibilitando o desligamento de uma ou mais unidades, mantendo a \ncarga ativa.\nA comunicação entre os No-Breaks consiste no barramento de \ncomunicação comum, por onde transitam informações \ncontendo nível de carga, sincronismo e a condição do by pass.COMUNICAÇÃO ENTRE OS NO-BREAKSTodos os No-Breaks são autônomos, operam de forma \nindependente no sistema e possuem controle individual.NÃO EXISTE NO-BREAK MESTRE OU ESCRAVOPodem ser paraleladas quantas unidades forem necessárias, \npossibilitando expansão do sistema, de acordo com a demanda \nde consumo.QUANTIDADE ILIMITADA PARA PARALELISMO\nPARALELISMO DO BANCO DE BATERIAS\nPermite paralelismo dos bancos de baterias (quando forem de \nmesma tensão nominal).MANUTENÇÃO DO NO-BREAK\nPermite a inserção ou retirada de um No-Break no sistema, sem a \nnecessidade de parada.INTERFACES  DE  SHUTDOWN  E GERENCIAMENTO  REMOTO\nRede Elétric a\nde Entr ada\nSaídaNo-break 1\n Potência \nde 60 kV ANo-break 2\nPotência de \n100 kV ANo-break 3\nPotência de \n20 kV A\nCarga fornecida pelo sistema = 410 kV ANo-break 4\nPotência de \n30 kV ANo-break 5\nPotência de \n80 kV ANo-break 6\nPotência de \n120 kV ARede L ocal Ether netA   Inter face de Ger enciamento \n     \nC  Inter face Shutdown \n     Client \n     LANB  Inter face Shutdown \n     D   Inter face de Ger enciamento Remoto \n  \nE  Adaptador SNMP\n     \nF  Client Shutdown\nG Estação Remota\n    Sof tware com \n    conexão à I nter netMultisser vidor es\nMultiplataf ormas\nMulti-S.O .Porta M icroprocessada DB9\nPorta Contato Seco DB9\nRede Ethernet RJ45', 'TECNOLOGIA  EQUALIZER\nEqualização A tiva Individual das Ba terias\n O módulo de bater ia ativ o regula individualmente a \ntensão de cada bater ia e as mantém homogêneas , \nelevando a sua durabilidade , capacidade e r esistência \ncontra cor rosão e sulfatação .\nEvita e pr otege c ontr a Ex cesso de C arga\nAtrav és da Equalização Ativa as bater ias são pr oteg idas \nindividualmente contra o ex cesso de car ga, pr evenindo -\nas contra exalação de gases , secagem do eletr ólito \ninter no e do aquecimento inter no em ex cesso .\nEvita e pr otege c ontr a Falta de C arga\nA Equalização Ativa individual das bater ias impede que \nas mesmas r ecebam menor tensão que dev eriam, \nevitando -se a sulfatação e a per da de capacidade .\nIndicador de P roblemas da Ba teria\nAtrav és da medição da Tensão , Impedância e \nTemperatura, o sistema monitora os pr oblemas típicos \ndas bater ias, tais como sulfatação , cor rosão , per da de \ngases , secagem do eletr ólito e aquecimento inter no.Elimina a Sulfa tação das Ba terias\nO pr oblema decor re dos car regador es e r etificador es de \nbater ias, que r egulam a tensão de flutuação ou \nequalização na tensão final das bater ias e não garantem \nque em algumas  bater ias elas r ecebam maior tensão e , \nem outras , menor tensão . Atrav és da Equalização Ativa, \nmantêm-se todas as bater ias com tensão equilibrada.\nProteção c ontr a contaminação de ba terias\nAtrav és da Equalização Ativa individual de cada bater ia, \nevitam-se danos de uma bater ia a outras bater ias \npróximas , o ef eito de contaminação , ou seja, uma bater ia \nruim danifica as boas .\nOtimização da capacidade das ba terias\nGraças à Equalização Ativa, o Equaliz er garante a plena \nrecar ga e a máxima otimização da bater ia.\nAler ta par a substituir ba terias\nAtrav és da análise da cur va de impedância, pode -se \nidentificar a tendência, já na fase inicial de instalação , se \nalguma bater ia está deter iorada ou simplesmente mais \nfraca do que as outras . Quanto antes ef etuar este \ndiag nóstico , melhor será para o r estante da vida útil das \ndemais bater ias.Alarmes de ba teria\nAtrav és do monitoramento dos parâmetr os-chav e das \nbater ias e medições de limites pr eestabelecidos , o \nsistema en via avisos de alar mes automaticamente aos \nadministrador es do sistema.\nManutenção à distância \nO Equaliz er melhora a qualidade do ser viço, fornecendo \nmonitoramento r emoto atrav és da I nternet, VPN ou \noutra r ede, para faz er download de dados em tempo \nreal e acesso ao histór ico da bater ia para análise . \nManutenção sem desligar o sistema\nOs testes de bater ia individuais são possív eis \nremotamente , sem o esf orço para desligar as bater ias. \nAs manutenções e as análises  de bater ia podem ser \nrealizadas em condições r eais de operação , sem a \nnecessidade de paradas no sistema.\nOtimiza a manutenção em campo\nA equipe de manutenção se desloca somente quando \nhá inter venções cor retivas e dir etas na bater ia que \napresentar def eito na ocor rência de alar mes ou na \nanálise de diag nóstico e , é clar o, reduz enor mes custos \noperacionais .\nOSD  N LI A NM EO AC R EM SCISO\n90012015\nAv. Eng .']","The Multi-Active approach allows for the parallel connection of two or more uninterruptible power supplies (No-Breaks) with different power ratings, enabling the distribution of the load proportionally. This enables the system to handle a wider range of power demands and provides redundancy, as units can be taken offline for maintenance without disrupting the load. This can lead to a more efficient use of resources and a more robust power supply system. However, without more specific information about the investment diversification context, it is difficult to provide a more precise answer.",O impacto da abordagem Multi Ativo na diversificação de investimentos não está claramente definido no contexto fornecido.,0.0,1.0,0.0,0.625,0.0,0.625,0.22,0.4223505932048712,0.1510067114093959,0.036036036036036,0.0,0.0,0,1,1,0,0
32,importância sistema trifásico distribuição energia elétrica,"['Av. Eng . Alber to de Zagottis , 760 - 04675-085 -  São P aulo - SP\nPhone .: (11) 5696-5000\nwww.cmcomandos .com.br\nSistema de \nSustentabilidade A uditadoOSD  N LI A NM EO AC R EM SCISO\n90012015\nQ Y UALIT600.000 600,0 1835 x 1444  x 1555  1680\n700.000 700,0 1835 x 1444  x 1555  1760\n800.000 800,0 1835 x 1444  x 1555  1840\nCM MK T JAN - 24  -   As especificações estão sujeitas a alterações sem aviso pr évio e conf orme necessidades de pr ojetos customizados . Nós incentivamos a r eciclagemLinha TI - Trifásic o Isolado\n  10.000   10,0   900 x 360  x  860       180\n  15.000   15,0   900 x 360  x  860       210\n  20.000   20,0   900 x 360  x  860       235\n30.000   30,0 1300 x 360  x  988       300\n40.000   40,0 1300 x 360  x  988      370\n50.000   50,0 1300 x 360  x  988      420\n75.000   75,0 1532 x 540  x 1070      596\n100.000 100,0 1532 x 540  x 1070      730\n150.000 150,0 1532 x 720  x 1070     1050\n200.000 200,0 1532 x 720  x 1070     1150\n250.000 250,0 1835 x 1444  x 1555   1350\n300.000 300,0 1835 x 1444  x 1555   1430\n400.000 400,0 1835 x 1444  x 1555   1520\n500.000 500,0 1835 x 1444  x 1555   1600Modelo Potência\nkVAAlt x Larg x P rof Peso\nmmkg\nLinha TA - Trifásic o com A utotr afo\n* Outras potências sob consultaDIMENSÕES FÍSICAS Entr ada\n   Tensão:  \n    \n    •380/220V ou 220/127V  - modelos TI - standar d\n    \n    •Outras tensões sob consulta\n  Variação A dmissív el:\n   \n    •± 16% da tensão nominal\n   Frequência:  50 ou 60 H z \n   Variação de F requência A dmissív el:  ± 5%\n \n  Configur ação:   Trifásica: 3F + N + T\n \n Fator de P otência:   0,8\nSaída\n  Potências Disponív eis:  \n \n    • 10 / 15 / 20 / 30 / 40 / 50 / 75 / 100 / 150 / 200\n       250 / 300 / 400 / 500 / 600/ 700/ 800 kV A\n \n    • Outras potências sob consulta\nTensão:  \n \n    • 220/127V\n \n    • 380/220V\n \n    • Outras tensões sob consulta\nRegulação Estática:  ± 1% nominal \n Frequência:  50 ou 60 H z \n \n  Configur ação:  Trifásica:  3F +N +  T\n  Fator de P otência:   0,', 'TECNOLOGIA ON LINE COM BYPASS ESTÁTICO DE MANUTENÇÃO\nINTERFACE DE GERENCIAMENTO REMOTO\nAs Interfaces de Gerenciamento Remoto são compostas por diversas ferramentas, sendo elas: \n•  O Adaptador SNMP que permite gerenciar remotamente o No-Break via Internet através de um web browser,  monitorar o status \ne enviar alertas por e-mail. \n• O software, uma ferramenta de gerenciamento Windows Application e a versão Client é especíﬁ  ca para automatizar o shutdown \nde servidores, podendo desligar automática e simultaneamente vários servidores e estações. \n• O Adaptador Modbus permite integrar o No-Break, via uma porta RS485, a Sistemas de Automação Predial.\nBypass Estático\nSistema de proteção que, em caso de \nproblemas, transfere automaticamente \na carga para um circuito alternativo, sem \ninterrupção no fornecimento de energia.Bypass Estático de Manutenção\nPermite a transferência e o retorno da carga do No-Break para um circuito \nalternativo de fornecimento de energia, para atividades de manutenção. \nEm quaisquer situações, o fornecimento de energia é contínuo, sem \ninterrupções.\nBanco de Baterias\nArmazena energia reserva para alimentar o No-Break \ndurante um período predeterminado, denominado como \ntempo de autonomia do No-Break.Retificador\nConverte a energia da\nrede elétrica da concessionária\n ou do grupo gerador em\ncorrente contínua, corrigindo \nou eliminando distúrbios\nda entrada do sistema.\nCorrente alternada de entradaCorrente contínua Corrente alternada de saída\nCorrente alternada Bypass estáticoCorrente alternada Bypass estático\nde manutenção\nInversor\nConverte a corrente contínua do \nretiﬁ  cador ou das baterias em corrente \nalternada de saída, com forma de onda \nsenoidal pura, livre de distúrbios.\nRetificador\nConverte a energia da\nrede elétrica da concessionária\n ou do grupo gerador em\nInversor\nConverte a corrente contínua do \nretiﬁ  cador ou das baterias em corrente \nalternada de saída, com forma de onda']","The information provided does not directly discuss the importance of three-phase systems in electrical power distribution. However, it does mention some details related to three-phase power:

- The context refers to a product that supports three-phase power configurations, such as the ""Linha TA - Trifásico com Autotransformador"" in the first document. This suggests that three-phase power systems are used in the products being described.
- In the second document, there is a mention of a ""Trifásica: 3F + N + T"" configuration, which further indicates the use of three-phase power.

Generally, three-phase power systems are essential for efficient and reliable electrical power distribution in various applications, such as industrial processes, large commercial buildings, and utility power transmission. They offer several advantages over single-phase systems, including:

1. Higher power capacity: Three-phase systems can transmit more power than single-phase systems for a given conductor size, reducing energy losses and material costs.
2. Balanced loads: Three-phase systems distribute the electrical load evenly among the three phases, reducing the risk of overloading individual phases and improving overall system efficiency.
3. Continuous power supply: In some three-phase systems, if one phase fails, the remaining two phases can still provide power, ensuring a more reliable power supply.
4. Reduced motor vibration and noise: Three-phase induction motors, commonly used in industrial applications, operate more smoothly and efficiently than single-phase motors, leading to reduced vibration and noise.

These advantages make three-phase power systems crucial for modern electrical power distribution infrastructure.","O sistema trifásico é importante para a distribuição de energia elétrica devido à sua capacidade de fornecer uma corrente mais estável e eficiente, permitindo a transmissão de grandes quantidades de energia com menor perda.",0.0,1.0,0.0,0.0,0.8618064909815782,1.0,0.79,0.6848660427454225,0.1104046242774566,0.0344827586206896,0.0,0.0,0,1,1,1,0
33,Quais sâo as implicações do conceito de trifásico em sistmas elétricos e como ele se relacona com a eficienci energética?,"['Av. Eng . Alber to de Zagottis , 760 - 04675-085 -  São P aulo - SP\nPhone .: (11) 5696-5000\nwww.cmcomandos .com.br\nSistema de \nSustentabilidade A uditadoOSD  N LI A NM EO AC R EM SCISO\n90012015\nQ Y UALIT600.000 600,0 1835 x 1444  x 1555  1680\n700.000 700,0 1835 x 1444  x 1555  1760\n800.000 800,0 1835 x 1444  x 1555  1840\nCM MK T JAN - 24  -   As especificações estão sujeitas a alterações sem aviso pr évio e conf orme necessidades de pr ojetos customizados . Nós incentivamos a r eciclagemLinha TI - Trifásic o Isolado\n  10.000   10,0   900 x 360  x  860       180\n  15.000   15,0   900 x 360  x  860       210\n  20.000   20,0   900 x 360  x  860       235\n30.000   30,0 1300 x 360  x  988       300\n40.000   40,0 1300 x 360  x  988      370\n50.000   50,0 1300 x 360  x  988      420\n75.000   75,0 1532 x 540  x 1070      596\n100.000 100,0 1532 x 540  x 1070      730\n150.000 150,0 1532 x 720  x 1070     1050\n200.000 200,0 1532 x 720  x 1070     1150\n250.000 250,0 1835 x 1444  x 1555   1350\n300.000 300,0 1835 x 1444  x 1555   1430\n400.000 400,0 1835 x 1444  x 1555   1520\n500.000 500,0 1835 x 1444  x 1555   1600Modelo Potência\nkVAAlt x Larg x P rof Peso\nmmkg\nLinha TA - Trifásic o com A utotr afo\n* Outras potências sob consultaDIMENSÕES FÍSICAS Entr ada\n   Tensão:  \n    \n    •380/220V ou 220/127V  - modelos TI - standar d\n    \n    •Outras tensões sob consulta\n  Variação A dmissív el:\n   \n    •± 16% da tensão nominal\n   Frequência:  50 ou 60 H z \n   Variação de F requência A dmissív el:  ± 5%\n \n  Configur ação:   Trifásica: 3F + N + T\n \n Fator de P otência:   0,8\nSaída\n  Potências Disponív eis:  \n \n    • 10 / 15 / 20 / 30 / 40 / 50 / 75 / 100 / 150 / 200\n       250 / 300 / 400 / 500 / 600/ 700/ 800 kV A\n \n    • Outras potências sob consulta\nTensão:  \n \n    • 220/127V\n \n    • 380/220V\n \n    • Outras tensões sob consulta\nRegulação Estática:  ± 1% nominal \n Frequência:  50 ou 60 H z \n \n  Configur ação:  Trifásica:  3F +N +  T\n  Fator de P otência:   0,', 'TECNOLOGIA ON LINE COM BYPASS ESTÁTICO DE MANUTENÇÃO\nINTERFACE DE GERENCIAMENTO REMOTO\nAs Interfaces de Gerenciamento Remoto são compostas por diversas ferramentas, sendo elas: \n•  O Adaptador SNMP que permite gerenciar remotamente o No-Break via Internet através de um web browser,  monitorar o status \ne enviar alertas por e-mail. \n• O software, uma ferramenta de gerenciamento Windows Application e a versão Client é especíﬁ  ca para automatizar o shutdown \nde servidores, podendo desligar automática e simultaneamente vários servidores e estações. \n• O Adaptador Modbus permite integrar o No-Break, via uma porta RS485, a Sistemas de Automação Predial.\nBypass Estático\nSistema de proteção que, em caso de \nproblemas, transfere automaticamente \na carga para um circuito alternativo, sem \ninterrupção no fornecimento de energia.Bypass Estático de Manutenção\nPermite a transferência e o retorno da carga do No-Break para um circuito \nalternativo de fornecimento de energia, para atividades de manutenção. \nEm quaisquer situações, o fornecimento de energia é contínuo, sem \ninterrupções.\nBanco de Baterias\nArmazena energia reserva para alimentar o No-Break \ndurante um período predeterminado, denominado como \ntempo de autonomia do No-Break.Retificador\nConverte a energia da\nrede elétrica da concessionária\n ou do grupo gerador em\ncorrente contínua, corrigindo \nou eliminando distúrbios\nda entrada do sistema.\nCorrente alternada de entradaCorrente contínua Corrente alternada de saída\nCorrente alternada Bypass estáticoCorrente alternada Bypass estático\nde manutenção\nInversor\nConverte a corrente contínua do \nretiﬁ  cador ou das baterias em corrente \nalternada de saída, com forma de onda \nsenoidal pura, livre de distúrbios.\nRetificador\nConverte a energia da\nrede elétrica da concessionária\n ou do grupo gerador em\nInversor\nConverte a corrente contínua do \nretiﬁ  cador ou das baterias em corrente \nalternada de saída, com forma de onda']","A configuração trifásica em sistemas elétricos se refere à utilização de três fases ou circuitos elétricos deslocados em 120 graus um do outro. Isso permite uma distribuição mais eficiente da carga e uma melhor qualidade de energia elétrica.

Em termos de eficiência energética, o sistema trifásico geralmente é mais eficiente do que um sistema monofásico, pois pode transmitir potência três vezes maior com o mesmo peso de condutor. Além disso, motores elétricos trifásicos tendem a ser mais eficientes e compactos do que motores monofásicos de potência equivalente.

No contexto fornecido, a configuração trifásica é mencionada no sistema de sustentabilidade auditado, o que pode indicar um compromisso com a eficiência energética. No entanto, a falta de informações detalhadas no contexto não permite uma análise mais aprofundada sobre como isso se relaciona com o conceito de trifásico neste sistema específico.","O conceito de trifásico em sistemas elétricos tem implicações significativas na eficiência energética, pois permite uma distribuição mais equilibrada da carga elétrica, reduzindo perdas e melhorando o desempenho dos sistemas.",0.0,0.0,0.0,0.0,0.7695117199074201,0.25,0.29,0.8498646249583475,0.1978142076502732,0.18,0.0,0.0,1,1,1,1,1
34,Qual a importancia de um no-break em lugares criticos?,"['S I S T E M A PA R A L E L O M U LT I AT I V O ( E X C L U S I V O C M C O M A N D O S )\nA CM Comandos Lineares desenvolveu um sistema inovador e pioneiro no mundo de paralelismo entre No Breaks. O sistema Paralelo \nMulti Ativo permite a expansão do sistema, de acordo com sua demanda de consumo, podendo paralelar quantas unidades forem \nnecessárias para atender sua demanda, elevando a capacidade do sistema e a confiabilidade de sua aplicação.\nP O S S I B I L I D A D E D E S O M A T Ó R I A D E  P O T Ê N C I A S\nPermite a ligação para somatória de potência, utilizando dois ou mais No \nBreaks para atingir a demanda da carga total.\nQuando utilizado para somatória de potência, possibilita a ligação de \nNo Breaks com potências diferentes. Quando a ligação for feita com No \nBreaks de potências diferentes, a carga será distribuída \nproporcionalmente. Permite a ligação em paralelo redundante N + 1,  N + 2, N + 3 … N+X,  \npossibilitando o desligamento de uma ou mais unidades mantendo a \ncarga ativa.L I G A Ç Ã O E M P A R A L E L O R E D U N D A N T E\nA comunicação entre os No Breaks consiste no barramento de \ncomunicação comum, por onde transitam informações contendo \nnível de carga, sincronismo e a condição do by pass.C O M U N I C A Ç Ã O E N T R E O S N O B R E A K STodos os No Breaks são autônomos, operam de forma \nindependente no sistema e possuem controle individual.N Ã O E X I S T E N O B R E A K M E S T R E O U E S C R A V OPodem ser paraleladas quantas unidades forem necessárias, \npossibilitando expansão do sistema, de acordo com a demanda de \nconsumo.Q U A N T I D A D E I L I M I T A D A P A R A P A R A L E L I S M O\nM A N U T E N Ç Ã O D O N O B R E A K\nPermite a inserção ou retirada de um No Break no sistema, sem a \nnecessidade de parada.Rede Elétrica\nde Entrada\nSaídaNo Break 1\n Potência de \n30 kVANo Break 2\nPotência de \n10 kVANo Break 3\nPotência de \n20 kVA\nCarga fornecida pelo sistema = 150 kVANo Break 4\nPotência de \n30 kVANo Break 5\nPotência de \n20 kVANo Break 6\nPotência de \n40 kVA\nINTERFACES DE \nGERENCIAMENTO   \nREMOTO\nSão compostas por diversas ferramentas. O \nAdaptador SNMP NetMate permite\ngerenciar remotamente o No Break via a \nInternet através de um web browser,\nmonitorar o status e enviar alertas por e-mail. \nO software IP Power é uma ferramenta de \ngerenciamento  Windows Application e a \nversão Client é específica para  automatizar o \nshutdown de servidores, podendo desligar \nautomática e simultaneamente vários\ns e r v i d o r e s  e  e s t a ç õ e s .\nO Adaptador ArmModbus permite integrar \no  N o  B r e a k ,  v i a  u m a  p o r t a\nRS485, a Sistemas de Automação Predial.', 'Alta Tecnologia em\nProcessamento Digital de Sinais - DSP\nHoje esta tecnologia está presente nos mais soﬁ  sticados sistemas eletrônicos devido a sua alta velocidade e conﬁ  abil-\ndade. Processadores Digitais de Sinais são capazes de processar dez milhões de amostragens por segundo. Isso signiﬁ  -\nca processamento em tempo real - o sinal é processado no mesmo instante em que é recebido, sem retardos ou atrasos.Vivemos  em um mundo cada vez mais ágil e prático. Um mundo conectado por processadores, chips, softwares e periféricos.  Mas \nainda não é o bastante, por isso, o mundo caminha para tecnologias de processamento imediato de dados. A CM Comandos está \num passo à frente e oferece aos seus clientes produtos dotados de uma tecnologia revolucionária, denominada Processamento \nDigital de Sinais - DSP .\nToda linha de No-Breaks Composition conta com a tecno-\nlogia DSP . Característica que proporciona alta performa-\nce e conﬁ  abilidade, tornando-os ideais para aplicações de \nmissão crítica. Ou seja, protegem as aplicações nas quais a  \ncontinuidade da operação é de fundamental importância. \nProjetados com o uso intenso dos recursos da tecnologia\nDSP , os No-Breaks Composition agregam novos e avançados \nrecursos que estabelecem um novo conceito em desenvolvi-\nmento, no qual o ﬁ  rmware dos equipamentos pode ser atuali-\nzado acrescentando novas funções em  unidades já instaladas.\nAo pensar em adquirir No-Breaks, conte com as soluções da \nCM Comandos, que asseguram tecnologia de ponta, máxima \nproteção, precisão digital e processamento em tempo real.OS MAIS MODERNOS NO-BREAKS CORPORATIVOS']","No-breaks are crucial in critical locations because they provide uninterrupted power supply, ensuring the continuity of operations. They protect mission-critical applications where uninterrupted power is of fundamental importance. With the advanced technology of DSP (Digital Signal Processing), no-breaks can process large amounts of data in real-time, making them ideal for critical applications. They also offer the ability to update firmware and add new functions to existing units, providing a high level of performance and reliability.",A importância de um no-break em lugares críticos está em garantir a continuidade de energia e proteger equipamentos sensíveis contra quedas de energia.,0.49999999995,0.0,0.0,0.3,0.9041085589665472,1.0,0.67,0.6315435300349556,0.1848428835489833,0.0754716981132075,0.0,0.0,0,0,1,1,1
35,importância sistema No-Break ambientes críticos,"['S I S T E M A PA R A L E L O M U LT I AT I V O ( E X C L U S I V O C M C O M A N D O S )\nA CM Comandos Lineares desenvolveu um sistema inovador e pioneiro no mundo de paralelismo entre No Breaks. O sistema Paralelo \nMulti Ativo permite a expansão do sistema, de acordo com sua demanda de consumo, podendo paralelar quantas unidades forem \nnecessárias para atender sua demanda, elevando a capacidade do sistema e a confiabilidade de sua aplicação.\nP O S S I B I L I D A D E D E S O M A T Ó R I A D E  P O T Ê N C I A S\nPermite a ligação para somatória de potência, utilizando dois ou mais No \nBreaks para atingir a demanda da carga total.\nQuando utilizado para somatória de potência, possibilita a ligação de \nNo Breaks com potências diferentes. Quando a ligação for feita com No \nBreaks de potências diferentes, a carga será distribuída \nproporcionalmente. Permite a ligação em paralelo redundante N + 1,  N + 2, N + 3 … N+X,  \npossibilitando o desligamento de uma ou mais unidades mantendo a \ncarga ativa.L I G A Ç Ã O E M P A R A L E L O R E D U N D A N T E\nA comunicação entre os No Breaks consiste no barramento de \ncomunicação comum, por onde transitam informações contendo \nnível de carga, sincronismo e a condição do by pass.C O M U N I C A Ç Ã O E N T R E O S N O B R E A K STodos os No Breaks são autônomos, operam de forma \nindependente no sistema e possuem controle individual.N Ã O E X I S T E N O B R E A K M E S T R E O U E S C R A V OPodem ser paraleladas quantas unidades forem necessárias, \npossibilitando expansão do sistema, de acordo com a demanda de \nconsumo.Q U A N T I D A D E I L I M I T A D A P A R A P A R A L E L I S M O\nM A N U T E N Ç Ã O D O N O B R E A K\nPermite a inserção ou retirada de um No Break no sistema, sem a \nnecessidade de parada.Rede Elétrica\nde Entrada\nSaídaNo Break 1\n Potência de \n30 kVANo Break 2\nPotência de \n10 kVANo Break 3\nPotência de \n20 kVA\nCarga fornecida pelo sistema = 150 kVANo Break 4\nPotência de \n30 kVANo Break 5\nPotência de \n20 kVANo Break 6\nPotência de \n40 kVA\nINTERFACES DE \nGERENCIAMENTO   \nREMOTO\nSão compostas por diversas ferramentas. O \nAdaptador SNMP NetMate permite\ngerenciar remotamente o No Break via a \nInternet através de um web browser,\nmonitorar o status e enviar alertas por e-mail. \nO software IP Power é uma ferramenta de \ngerenciamento  Windows Application e a \nversão Client é específica para  automatizar o \nshutdown de servidores, podendo desligar \nautomática e simultaneamente vários\ns e r v i d o r e s  e  e s t a ç õ e s .\nO Adaptador ArmModbus permite integrar \no  N o  B r e a k ,  v i a  u m a  p o r t a\nRS485, a Sistemas de Automação Predial.', 'SISTEMA PARALELO MULTI ATIVO (EXCLUSIVO CM COMANDOS)\nA CM Comandos Lineares desenvolveu um sistema inovador e pioneiro no mundo de paralelismo entre no-breaks. O sistema \nParalelo Multi Ativo permite a expansão do sistema, de acordo com sua demanda de consumo, podendo paralelar quantas \nunidades forem necessárias para atender sua demanda, elevando a capacidade do sistema e a confiabilidade de sua aplicação.\nPOSSIBILIDADE DE SOMATÓRIA DE  POTÊNCIAS\nPermite a ligação para somatória de potência, utilizando dois ou mais \nNo-Breaks para atingir a demanda da carga total.\nQuando utilizado para somatória de potência, possibilita a ligação de \nNo-Breaks com potências diferentes. Quando a ligação for feita com \nNo-Breaks de potências diferentes, a carga será distribuída \nproporcionalmente. Permite a ligação em paralelo redundante N + 1,  N + 2, N + 3 … N+X,  \npossibilitando o desligamento de uma ou mais unidades, mantendo a \ncarga ativa.\nA comunicação entre os No-Breaks consiste no barramento de \ncomunicação comum, por onde transitam informações \ncontendo nível de carga, sincronismo e a condição do by pass.COMUNICAÇÃO ENTRE OS NO-BREAKSTodos os No-Breaks são autônomos, operam de forma \nindependente no sistema e possuem controle individual.NÃO EXISTE NO-BREAK MESTRE OU ESCRAVOPodem ser paraleladas quantas unidades forem necessárias, \npossibilitando expansão do sistema, de acordo com a demanda \nde consumo.QUANTIDADE ILIMITADA PARA PARALELISMO\nPARALELISMO DO BANCO DE BATERIAS\nPermite paralelismo dos bancos de baterias (quando forem de \nmesma tensão nominal).MANUTENÇÃO DO NO-BREAK\nPermite a inserção ou retirada de um No-Break no sistema, sem a \nnecessidade de parada.INTERFACES  DE  SHUTDOWN  E GERENCIAMENTO  REMOTO\nRede Elétric a\nde Entr ada\nSaídaNo-break 1\n Potência \nde 60 kV ANo-break 2\nPotência de \n100 kV ANo-break 3\nPotência de \n20 kV A\nCarga fornecida pelo sistema = 410 kV ANo-break 4\nPotência de \n30 kV ANo-break 5\nPotência de \n80 kV ANo-break 6\nPotência de \n120 kV ARede L ocal Ether netA   Inter face de Ger enciamento \n     \nC  Inter face Shutdown \n     Client \n     LANB  Inter face Shutdown \n     D   Inter face de Ger enciamento Remoto \n  \nE  Adaptador SNMP\n     \nF  Client Shutdown\nG Estação Remota\n    Sof tware com \n    conexão à I nter netMultisser vidor es\nMultiplataf ormas\nMulti-S.O .Porta M icroprocessada DB9\nPorta Contato Seco DB9\nRede Ethernet RJ45']","No-Break systems play a critical role in protecting equipment and maintaining operational continuity in environments where power outages can cause significant disruptions or damage. Here's why:

1. Data Protection: In environments with critical data processing, such as data centers, power interruptions can lead to data loss or corruption. No-Break systems ensure a stable power supply, protecting data integrity.

2. Equipment Safety: Sensitive electronic equipment can be damaged by power surges or drops that often accompany power outages. No-Break systems regulate the power supply, preventing damage to equipment.

3. System Uptime: Unplanned downtime can result in significant losses, particularly in industrial or commercial settings. No-Break systems ensure power is available, reducing the likelihood of downtime.

4. Redundancy and Reliability: No-Break systems can be configured in redundant setups, allowing for the simultaneous operation of multiple units. This increases system reliability, as the failure of one unit won't disrupt the power supply.

5. Scalability: No-Break systems can be paralleled to increase capacity according to demand, making them a scalable solution for growing power needs.

6. Remote Management: Modern No-Break systems often come with remote management interfaces, allowing administrators to monitor and control the systems remotely, enhancing system maintenance and management.",O sistema No-Break é importante em ambientes críticos para garantir a continuidade do fornecimento de energia e proteger equipamentos contra quedas de energia.,0.99999999995,0.0,0.0,0.5238095238095238,0.7428146937875336,1.0,0.7,0.7079320163370242,0.0984528832630098,0.0260869565217391,0.0,0.0,0,0,1,1,1
36,"Como as diferentes tecnologias e características dos sistemas de No-Break, como a tecnologia Transformerless, Digital Signal Processor, e a modularidade dos No-Breaks Composition trifásico, se comparam em termos de confiabilidade e eficiência em ambientes críticos, conforme descrito nos relatórios?","['Alta Tecnologia em\nProcessamento Digital\nde Sinais - DSP\nO S M A I S M O D E R N O S\nN O B R E A K S C O R P O R AT I V O SVivemos em um mundo cada vez mais ágil e prático. Um mundo conectado por processadores, chips, softwares e \nperiféricos. Mas isso ainda não é o bastante. Por isso, o mundo caminha para tecnologias de processamento imediato \nde dados. A CM Comandos Lineares está um passo à frente e oferece aos seus clientes produtos dotados de uma \ntecnologia revolucionária, denominada Processamento Digital de Sinais -- DSP .\nToda a linha de No Breaks Innovation S1 Trifásico  \nTransformerless conta com a tecnologia DS P.   \nCaracterística que proporciona alta performance e \nconfiabilidade, tornando-os ideais para aplicações de missão crítica. Ou seja, protegem as aplicações nas quais a \ncontinuidade da operação é de fundamental importância.\ndos equipamentos pode ser atualizado, \nacrescentando novas funções em \nunidades já instaladas. Hoje, esta tecnologia está presente nos mais sofisticados sistemas eletrônicos, devido à sua alta velocidade e \nconfiabilidade. Processadores Digitais de Sinais são capazes de processar dez milhões de amostragens por segundo. \nIsso significa processamento em tempo real -- o sinal é processado no mesmo instante em que é recebido, sem \nretardos ou atrasos.\nProjetados com o uso intenso dos recursos da tecnologia DSP ,  os No Breaks Innovation Trifásico Transformerless  \nagregam novos  e avançados recursos, que estabelecem um novo conceito em desenvolvimento, no qual o firmware \nAo pensar em adquirir No Breaks,     \nconte com as soluções da\nCM Comandos, que asseguram \ntecnologia de ponta, máxima proteção, \nprecisão digital e processamento        \nem tempo real.', 'No-Break Composition XI\nTrifásico Modular  25 kW  30 kW  50 kW\nOs No-Breaks Composition trifásico são modulares, on line de dupla conversão e possuem rack na largura padrão informática, integrando-se \nao seu data center.  Cada módulo possui a tecnologia hotswap, que permite a substituição sem a necessidade de  paralisar todo o sistema. \nPossuem também alta conﬁ  abilidade e são disponíveis em diversos modelos e capacidades, permitindo  sua expansão escalonada confor-\nme suas necessidades.\nCARACTERÍSTICAS PRINCIPAIS \n• Topologia Online de Dupla Conversão\n• Controle DSP - Processador Digital de Sinais\n• Retiﬁ  cador e Inversor a IGBT\n• Alto Fator de Potência de Entrada (Power Factor Correction)\n• Bypass estático, automático e manual*\n• Gerenciamento Avançado de Baterias\n• Fácil Manutenção - Módulos Hot Swap\n• Set de Baterias Conﬁ  gurável (conforme modelo e capacidades)\n• Design Modular Rack Padrão informática\n• Escalável e Modular\n• Ampla Faixa de Tensão Admissível de Entrada\n• Compatível com Grupo Gerador\n• Software de Gerenciamento Remoto RS232*\n• Slot Adaptador SNMP , Contato Seco e Modbus*\n• Paralelismo Redundante dos RacksDISPLAY LCD CENTRAL DE ATÉ 10,4’’  \nTOUCH SCREEN E DISPLAY\nINDIVIDUAL POR MÓDULO RACK NO-BREAK MODULAR COM BYPASS*']","In terms of reliability and efficiency in critical environments, as described in the reports, the different technologies and features of the No-Break systems compare as follows:

The Transformerless technology, utilized in the No Breaks Innovation S1 Trifásico, offers high performance and dependability, making it ideal for mission-critical applications. This technology ensures continuity of operation, which is essential in such scenarios.

The Digital Signal Processor (DSP) technology, also featured in the No Breaks Innovation S1 Trifásico, provides rapid processing of up to ten million samples per second. This real-time processing capability ensures instantaneous signal processing without delays or lags, further enhancing the reliability and efficiency of the system.

As for the No-Breaks Composition trifásico, its modular design allows for easy maintenance and scalability, adapting to the user's needs. The modularity also ensures high availability through redundant paralleling of racks, further increasing reliability.

In summary, the Transformerless technology, DSP, and modularity of the No-Break systems contribute to their overall reliability and efficiency in critical environments. The Transformerless technology and DSP ensure high performance and real-time processing, while modularity allows for scalability and high availability.","As diferentes tecnologias e características dos sistemas de No-Break, como a tecnologia Transformerless, Digital Signal Processor e a modularidade dos No-Breaks Composition trifásico, se comparam em termos de confiabilidade e eficiência em ambientes críticos, oferecendo alta confiabilidade, proteção contra distúrbios de energia elétrica e a capacidade de expansão conforme a demanda.",0.99999999995,0.5,0.0,0.5294117647058824,0.817205754447241,1.0,0.27,0.8276928457421062,0.2063375092114959,0.0948616600790513,0.0,0.0,0,0,1,1,1
37,"Como as diferntes abordagens e tecnologias de Processadores de Sinal Digital, como o Transformrless e o sistma de No-Breaks Composiçã trifásico, se comparam em termos de conffabilidade, escalabilidade e eficienci em ambients críticos, conforme descrito nos relatorios?","['Alta Tecnologia em\nProcessamento Digital\nde Sinais - DSP\nO S M A I S M O D E R N O S\nN O B R E A K S C O R P O R AT I V O SVivemos em um mundo cada vez mais ágil e prático. Um mundo conectado por processadores, chips, softwares e \nperiféricos. Mas isso ainda não é o bastante. Por isso, o mundo caminha para tecnologias de processamento imediato \nde dados. A CM Comandos Lineares está um passo à frente e oferece aos seus clientes produtos dotados de uma \ntecnologia revolucionária, denominada Processamento Digital de Sinais -- DSP .\nToda a linha de No Breaks Innovation S1 Trifásico  \nTransformerless conta com a tecnologia DS P.   \nCaracterística que proporciona alta performance e \nconfiabilidade, tornando-os ideais para aplicações de missão crítica. Ou seja, protegem as aplicações nas quais a \ncontinuidade da operação é de fundamental importância.\ndos equipamentos pode ser atualizado, \nacrescentando novas funções em \nunidades já instaladas. Hoje, esta tecnologia está presente nos mais sofisticados sistemas eletrônicos, devido à sua alta velocidade e \nconfiabilidade. Processadores Digitais de Sinais são capazes de processar dez milhões de amostragens por segundo. \nIsso significa processamento em tempo real -- o sinal é processado no mesmo instante em que é recebido, sem \nretardos ou atrasos.\nProjetados com o uso intenso dos recursos da tecnologia DSP ,  os No Breaks Innovation Trifásico Transformerless  \nagregam novos  e avançados recursos, que estabelecem um novo conceito em desenvolvimento, no qual o firmware \nAo pensar em adquirir No Breaks,     \nconte com as soluções da\nCM Comandos, que asseguram \ntecnologia de ponta, máxima proteção, \nprecisão digital e processamento        \nem tempo real.', 'Alta Tecnolog ia em\nProcessament o Dig ital\nde Sinais - DSP\nOS MAIS MODERNOS\nNO-BREAKS CORPORATIVOSVivemos em um mundo cada v ez mais ág il e prático . Um mundo conec tado por pr ocessador es, chips , softwares e \nperiféricos. Mas isso ainda não é o bastant e. Por isso , o mundo caminha para t ecnolog ias de pr ocessament o imediat o \nde dados . A CM C omandos Linear es está um passo à fr ente e of erece aos seus client es pr odut os dotados de uma \ntecnolog ia revolucionár ia, denominada P rocessament o Dig ital de Sinais - - DSP .\nToda a linha de No -Breaks  \nconta com a t ecnolog ia DSP .  Carac terística que \npropor ciona alta per formance e confiabilidade , Conception Multi Ativ o \npara aplicações de missão cr ítica. Ou seja, pr otegem as aplicações nas quais a continuidade da operação é de \nfundamental impor tância.\nequipament os pode ser atualizado , \nacrescentando novas funções em \nunidades já instaladas . Hoje , esta t ecnolog ia está pr esent e nos mais sofisticados sist emas eletr ônicos , devido à sua alta v elocidade e \nconfiabilidade . Processador es Dig itais de Sinais são capaz es de pr ocessar dez milhões de amostragens por segundo . \nIsso sig nifica pr ocessament o em t empo r eal -- o sinal é pr ocessado no mesmo instant e em que é r ecebido , sem \nretardos ou atrasos .\nProjetados com o uso int enso dos r ecursos da t ecnolog ia DSP ,  os No -Breaks C onception Multi Ativ o  ag regam nov os  \ne avançados r ecursos , que estabelecem um nov o conceit o em desen volviment o, no qual o fir mware dos \nAdquir indo No -Breaks , cont e com as \nsoluções da CM C omandos , que \nasseguram t ecnolog ia de ponta, \nmáxima pr oteção , precisão dig ital e \nprocessament o em t empo r eal.  Modelo 300kV A']","The DSP (Digital Signal Processing) technology, as implemented in both the Transformerless and the three-phase No-Breaks Composiçã systems, offers high performance and reliability, making them ideal for mission-critical applications where continuous operation is of fundamental importance. 

The Transformerless technology, specifically the No Breaks Innovation S1 Trifásico, boasts the DSP technology, which provides rapid processing of up to ten million samples per second. This real-time processing, where the signal is processed in the same instant it is received, ensures no delays or lags. This technology is present in sophisticated electronic systems due to its high speed and reliability.

On the other hand, the No-Breaks Conception Multi Ativo system is designed with intensive use of DSP technology resources, adding new and advanced features that establish a new concept in development. This system also ensures maximum protection, precision, and real-time processing.

In terms of comparisons, both systems share the DSP technology, which guarantees high performance, reliability, and real-time processing. However, the specific features and capabilities may vary depending on the system's design and application. Therefore, the choice between the two would depend on the specific requirements of the critical environment where they are to be used.","As diferentes abordagens e tecnologias de Processadores de Sinal Digital, como o Transformadorless e os No-Breaks Composição trifásico, se comparam em termos de confiabilidade, escalabilidade e eficiência em ambientes críticos, destacando a inovação do modelo S1 e as características modulares e de alta confiabilidade dos No-Breaks.",0.9999999999,0.0,0.0,0.4375,0.6710873516962582,0.75,0.36,0.7519098223648056,0.1754772393538913,0.0625,0.0,0.0,0,0,1,0,1
38,Como as tecnologias dos sistemas de No-Break se comparam em confiabilidade e eficiência?,"['S I S T E M A PA R A L E L O M U LT I AT I V O ( E X C L U S I V O C M C O M A N D O S )\nA CM Comandos Lineares desenvolveu um sistema inovador e pioneiro no mundo de paralelismo entre No Breaks. O sistema Paralelo \nMulti Ativo permite a expansão do sistema, de acordo com sua demanda de consumo, podendo paralelar quantas unidades forem \nnecessárias para atender sua demanda, elevando a capacidade do sistema e a confiabilidade de sua aplicação.\nP O S S I B I L I D A D E D E S O M A T Ó R I A D E  P O T Ê N C I A S\nPermite a ligação para somatória de potência, utilizando dois ou mais No \nBreaks para atingir a demanda da carga total.\nQuando utilizado para somatória de potência, possibilita a ligação de \nNo Breaks com potências diferentes. Quando a ligação for feita com No \nBreaks de potências diferentes, a carga será distribuída \nproporcionalmente. Permite a ligação em paralelo redundante N + 1,  N + 2, N + 3 … N+X,  \npossibilitando o desligamento de uma ou mais unidades mantendo a \ncarga ativa.L I G A Ç Ã O E M P A R A L E L O R E D U N D A N T E\nA comunicação entre os No Breaks consiste no barramento de \ncomunicação comum, por onde transitam informações contendo \nnível de carga, sincronismo e a condição do by pass.C O M U N I C A Ç Ã O E N T R E O S N O B R E A K STodos os No Breaks são autônomos, operam de forma \nindependente no sistema e possuem controle individual.N Ã O E X I S T E N O B R E A K M E S T R E O U E S C R A V OPodem ser paraleladas quantas unidades forem necessárias, \npossibilitando expansão do sistema, de acordo com a demanda de \nconsumo.Q U A N T I D A D E I L I M I T A D A P A R A P A R A L E L I S M O\nM A N U T E N Ç Ã O D O N O B R E A K\nPermite a inserção ou retirada de um No Break no sistema, sem a \nnecessidade de parada.Rede Elétrica\nde Entrada\nSaídaNo Break 1\n Potência de \n30 kVANo Break 2\nPotência de \n10 kVANo Break 3\nPotência de \n20 kVA\nCarga fornecida pelo sistema = 150 kVANo Break 4\nPotência de \n30 kVANo Break 5\nPotência de \n20 kVANo Break 6\nPotência de \n40 kVA\nINTERFACES DE \nGERENCIAMENTO   \nREMOTO\nSão compostas por diversas ferramentas. O \nAdaptador SNMP NetMate permite\ngerenciar remotamente o No Break via a \nInternet através de um web browser,\nmonitorar o status e enviar alertas por e-mail. \nO software IP Power é uma ferramenta de \ngerenciamento  Windows Application e a \nversão Client é específica para  automatizar o \nshutdown de servidores, podendo desligar \nautomática e simultaneamente vários\ns e r v i d o r e s  e  e s t a ç õ e s .\nO Adaptador ArmModbus permite integrar \no  N o  B r e a k ,  v i a  u m a  p o r t a\nRS485, a Sistemas de Automação Predial.', 'Alta Tecnologia em\nProcessamento Digital\nde Sinais - DSP\nO S M A I S M O D E R N O S\nN O B R E A K S C O R P O R AT I V O SVivemos em um mundo cada vez mais ágil e prático. Um mundo conectado por processadores, chips, softwares e \nperiféricos. Mas isso ainda não é o bastante. Por isso, o mundo caminha para tecnologias de processamento imediato \nde dados. A CM Comandos Lineares está um passo à frente e oferece aos seus clientes produtos dotados de uma \ntecnologia revolucionária, denominada Processamento Digital de Sinais -- DSP .\nToda a linha de No Breaks Innovation S1 Trifásico  \nTransformerless conta com a tecnologia DS P.   \nCaracterística que proporciona alta performance e \nconfiabilidade, tornando-os ideais para aplicações de missão crítica. Ou seja, protegem as aplicações nas quais a \ncontinuidade da operação é de fundamental importância.\ndos equipamentos pode ser atualizado, \nacrescentando novas funções em \nunidades já instaladas. Hoje, esta tecnologia está presente nos mais sofisticados sistemas eletrônicos, devido à sua alta velocidade e \nconfiabilidade. Processadores Digitais de Sinais são capazes de processar dez milhões de amostragens por segundo. \nIsso significa processamento em tempo real -- o sinal é processado no mesmo instante em que é recebido, sem \nretardos ou atrasos.\nProjetados com o uso intenso dos recursos da tecnologia DSP ,  os No Breaks Innovation Trifásico Transformerless  \nagregam novos  e avançados recursos, que estabelecem um novo conceito em desenvolvimento, no qual o firmware \nAo pensar em adquirir No Breaks,     \nconte com as soluções da\nCM Comandos, que asseguram \ntecnologia de ponta, máxima proteção, \nprecisão digital e processamento        \nem tempo real.']","The text provided describes the innovative and pioneering System for Parallel Operation (Exclusive CMM Commandos) developed by ACM Commandos Lineares. This system allows for the expansion of the system according to its consumption demand, enabling the paralleling of as many units as necessary to meet the demand, which increases the system's capacity and reliability.

The text also highlights the Digital Signal Processing (DSP) technology present in the CM Comandos Lineares's new generation of three-phase No-Breaks. This technology provides high performance and reliability, making these No-Breaks ideal for mission-critical applications. DSP technology can process ten million samples per second, enabling real-time signal processing with no delays or latency.

Comparing the two systems, the Parallel Operation System focuses on expanding the system's capacity and reliability by paralleling multiple No-Breaks, while the DSP technology in the three-phase No-Breaks offers high performance, reliability, and real-time signal processing. Both systems aim to ensure maximum protection and precision for the equipment they support.

In summary, both the Parallel Operation System and the DSP technology in the three-phase No-Breaks contribute to the overall reliability and efficiency of the systems. The Parallel Operation System enhances reliability by allowing the connection of multiple No-Breaks, while the DSP technology provides high performance and real-time signal processing capabilities.","As tecnologias dos sistemas de No-Break, como os da CM Comandos, se destacam em confiabilidade e eficiência, oferecendo alta performance, modularidade e suporte técnico de excelência.",0.99999999995,1.0,0.0,0.8235294117647058,0.5727293733609669,0.9411764705882352,0.0,0.5998210461024196,0.1038615179760319,0.0316205533596837,0.0,0.0,0,0,1,0,1
39,"Como as diferentes abordagens para alta confiabilidade em sistemas de No-Break, como a tecnologia Transformerless, Digital Signal Processor, e sistemas modulares e on line de dupla conversão, se comparam em termos de desempenho e segurança em ambientes críticos, conforme descrito nos relatórios?","['Alta Tecnologia em\nProcessamento Digital\nde Sinais - DSP\nO S M A I S M O D E R N O S\nN O B R E A K S C O R P O R AT I V O SVivemos em um mundo cada vez mais ágil e prático. Um mundo conectado por processadores, chips, softwares e \nperiféricos. Mas isso ainda não é o bastante. Por isso, o mundo caminha para tecnologias de processamento imediato \nde dados. A CM Comandos Lineares está um passo à frente e oferece aos seus clientes produtos dotados de uma \ntecnologia revolucionária, denominada Processamento Digital de Sinais -- DSP .\nToda a linha de No Breaks Innovation S1 Trifásico  \nTransformerless conta com a tecnologia DS P.   \nCaracterística que proporciona alta performance e \nconfiabilidade, tornando-os ideais para aplicações de missão crítica. Ou seja, protegem as aplicações nas quais a \ncontinuidade da operação é de fundamental importância.\ndos equipamentos pode ser atualizado, \nacrescentando novas funções em \nunidades já instaladas. Hoje, esta tecnologia está presente nos mais sofisticados sistemas eletrônicos, devido à sua alta velocidade e \nconfiabilidade. Processadores Digitais de Sinais são capazes de processar dez milhões de amostragens por segundo. \nIsso significa processamento em tempo real -- o sinal é processado no mesmo instante em que é recebido, sem \nretardos ou atrasos.\nProjetados com o uso intenso dos recursos da tecnologia DSP ,  os No Breaks Innovation Trifásico Transformerless  \nagregam novos  e avançados recursos, que estabelecem um novo conceito em desenvolvimento, no qual o firmware \nAo pensar em adquirir No Breaks,     \nconte com as soluções da\nCM Comandos, que asseguram \ntecnologia de ponta, máxima proteção, \nprecisão digital e processamento        \nem tempo real.', 'Alta Tecnolog ia em\nProcessament o Dig ital\nde Sinais - DSP\nOS MAIS MODERNOS\nNO-BREAKS CORPORATIVOSVivemos em um mundo cada v ez mais ág il e prático . Um mundo conec tado por pr ocessador es, chips , softwares e \nperiféricos. Mas isso ainda não é o bastant e. Por isso , o mundo caminha para t ecnolog ias de pr ocessament o imediat o \nde dados . A CM C omandos Linear es está um passo à fr ente e of erece aos seus client es pr odut os dotados de uma \ntecnolog ia revolucionár ia, denominada P rocessament o Dig ital de Sinais - - DSP .\nToda a linha de No -Breaks  \nconta com a t ecnolog ia DSP .  Carac terística que \npropor ciona alta per formance e confiabilidade , Conception Multi Ativ o \npara aplicações de missão cr ítica. Ou seja, pr otegem as aplicações nas quais a continuidade da operação é de \nfundamental impor tância.\nequipament os pode ser atualizado , \nacrescentando novas funções em \nunidades já instaladas . Hoje , esta t ecnolog ia está pr esent e nos mais sofisticados sist emas eletr ônicos , devido à sua alta v elocidade e \nconfiabilidade . Processador es Dig itais de Sinais são capaz es de pr ocessar dez milhões de amostragens por segundo . \nIsso sig nifica pr ocessament o em t empo r eal -- o sinal é pr ocessado no mesmo instant e em que é r ecebido , sem \nretardos ou atrasos .\nProjetados com o uso int enso dos r ecursos da t ecnolog ia DSP ,  os No -Breaks C onception Multi Ativ o  ag regam nov os  \ne avançados r ecursos , que estabelecem um nov o conceit o em desen volviment o, no qual o fir mware dos \nAdquir indo No -Breaks , cont e com as \nsoluções da CM C omandos , que \nasseguram t ecnolog ia de ponta, \nmáxima pr oteção , precisão dig ital e \nprocessament o em t empo r eal.  Modelo 300kV A']","In terms of performance and reliability in critical environments, Digital Signal Processor (DSP) technology, such as that used in the No-Breaks, stands out for its ability to process ten million samples per second, enabling real-time processing with no delays or latency. This is particularly beneficial for mission-critical applications where continuous operation is of utmost importance.

Transformerless technology, also used in No-Breaks, offers high performance and reliability, making these units ideal for mission-critical applications. The text highlights that the entire line of No-Breaks is equipped with DSP technology, which provides advanced features and establishes a new concept in development, where firmware can be updated to add new functions to installed units.

The context does not provide specific information about modular and online dual-conversion systems. However, it can be inferred that the No-Breaks, with their DSP and Transformerless technologies, offer advanced performance and reliability features, which are crucial in critical environment applications.

In summary, based on the provided context, DSP and Transformerless technologies in No-Breaks demonstrate high performance and reliability, making them suitable for mission-critical applications. The text does not offer specific details about modular and online dual-conversion systems in comparison.","As diferentes abordagens para alta confiabilidade em sistemas de No-Break, como a tecnologia Transformerless, Digital Signal Processor e sistemas modulares e on line de dupla conversão, se comparam em termos de desempenho e segurança em ambientes críticos, destacando a inovação e características específicas de cada tecnologia, como a modularidade e a operação contínua sem interrupções.",0.9999999999,0.0,0.0,0.4705882352941176,0.6405198900921263,0.7058823529411765,0.62,0.722424304828174,0.1923631123919308,0.0452830188679245,0.0,0.0,0,0,1,1,1
40,"Como as diferentes abordagens de gerenciamento de bateria, incluindo sistemas com processadores de sinal digital, No-Breaks modulares e tecnologia de equalização ativa, se comparam em termos de confiabilidade e eficiência em relatórios sobre soluções de energia crítica?","['Equaliz erActive Batt ery Mangement\nBENEFÍCIOS\nEstende a vida útil das baterias\nO sistema de Equalização Ativa mantém as baterias em condições \nideais, maximizando a sua vida útil. Reduz a necessidade de troca das \nbaterias e reduz o custo.\nRedução de Custo de Propriedade\nProlonga a vida útil das baterias, reduz o período de trocas e \nautomatiza a manutenção, reduzindo enormes custos com \nintervenções manuais.\nEcológico e Sustentável\nNa era da sustentabilidade, reduzir o consumo de baterias significa \nusar menos recursos e gerar menos descartes no meio ambiente.Análise da Vida Útil da Bateria\nAnalisa a curva de carga e descarga de um banco de baterias e \nacompanhe a evolução da vida útil, algo que é impraticável fazer \nmanualmente.Minimiza o Downtime por falha da bateria\nO prejuízo decorrente de uma queda do sistema por falha de bateria \ngera um valor incalculável para a sua operação.CARACTERÍSTICAS  \nPRINCIPAIS\nEqualização Ativa Individual do Banco de Baterias\nEleva a vida útil e a confiabilidade das baterias. \nPermite que as baterias atinjam a máxima vida útil de operação.\nAutomatização da Manutenção das Baterias\nO sistema mantém as baterias em condições ideais automaticamente. \nA análise e o diagnóstico são realizados à distância, individualmente e \nsem precisar desligar o sistema.\nMonitoramento em Tempo Real das Baterias\nMonitora a condição das baterias em tempo real à distância,  de \nforma eficiente e reduzindo o elevado custo com intervenções \nmanuais.Medição da Impedância da Bateria\nA Impedância interna é o parâmetro real da condição da bateria. \nAlém disso, mede a tensão e temperatura individual de cada bateria e \ngrava na memória.Previne contra quedas do sistema por defeito nas baterias\nO sistema monitora constantemente as baterias individualmente e \nenvia alarmes antes de ocorrer um problema.\nCONFIGURAÇÃO DO BANCO DE BATERIAS\nAPLICAÇÕES\nn   \nn   \n Banc os de Ba terias:\n• Sist emas No -Breaks\n• Retificador es de Telecomunicações\n• Ener gia Solar e Eólica\n• Compatív el com t odas as mar cas \nde equipament os, independent e \ndo fabr icant e.\nTipos :\n• Seladas Reguladas por Válvula VRLA\n• Estacionár ias\n• 12VDC e 2VDC', '• Analisa as curvas de carga e d escarga  das baterias, \nremotamente e s em desligar o s istema.\n• Identifica e e nvia alarmes da  bateria com defeito antes de \ncomprometer o s istema.\n• A m anutenção torna-se proativa, pois a intervenção é d ireta \nna bateria defeituosa, na ocorrência de alarmes. \n• Dashboard com duas opções de visualização, vertical e \nhorizontal.\n• Layout Responsivo, pronto para PCs, Tablets e S martphones. ANÁLISE  DA  VIDA ÚTIL CONFORME NORMA  IEEE  1188  E  1491 \n• Analisa o ciclo de vida útil das bat erias conf orme a Nor ma IEEE 1188: P ráticas r ecomendadas para manut enção , testes e substituição \nde bat erias e IEEE 1491: Guia para seleção e uso de equipament os de monit orament o de bat erias. \n• Determina a data z ero a par tir da instalação das bat erias e r egistra per iodicament e a ev olução do ciclo de vida útil das bat erias.\n• Relat ório do Ciclo de Vida com parâmetr os configurá veis.\nGERENCIAMENTO WEB \n• Medições de Impedância, Tensão e Temperatura individuais de \ncada bateria.\n• Indicadores de Status Normal, Falha e P ré-Alarme configuráveis.\n•Gráficos de Descarga com filtros dinâmicos.\n• Envio de e-mails em caso de alarmes.\n• Data Logger armazenado em Banco de Dados ANSI SQL.\n• Frequência de gravação configurável.\n• Controle de Acesso por senha em três níveis.\n• Protocolos SNMP V1 e V3 e M odbus Over IP.']","Based on the provided context, different battery management approaches, such as systems with digital signal processors, modular No-Breaks, and active equalization technology, can be compared in terms of reliability and efficiency in critical energy solutions reports.

Active Equalization Management systems, like the one described in the context, offer extended battery life, cost reduction, and ecological sustainability. They analyze battery life curves, monitor battery condition in real-time, and measure battery impedance, voltage, and temperature. These systems can predict battery failures and send alarms, allowing for proactive maintenance. They also comply with IEEE 1188 and 1491 standards for battery maintenance, testing, and replacement practices.

On the other hand, digital signal processors and modular No-Breaks can also contribute to reliable and efficient battery management. Digital signal processors can provide accurate measurements and calculations, improving system performance. Modular No-Breaks offer scalability, flexibility, and redundancy, ensuring a high level of system availability.

In comparing these approaches, active equalization management systems seem to offer a more comprehensive solution, as they not only monitor and analyze battery conditions but also provide predictive maintenance and real-time alerts. However, the choice of battery management approach depends on the specific requirements and constraints of the energy solution, and a combination of these technologies might be the most effective strategy in many cases.","As diferentes abordagens de gerenciamento de bateria, incluindo sistemas com processadores de sinal digital, No-Breaks modulares e tecnologia de equalização ativa, se comparam em termos de confiabilidade e eficiência, destacando a alta confiabilidade dos No-Breaks modulares e a maximização da vida útil das baterias com a equalização ativa.",0.0,0.3333333333333333,0.0,0.4074074074074074,0.8103834236244506,0.5185185185185185,0.09,0.7794811947116551,0.1605095541401273,0.07380073800738,0.0,0.0,0,0,1,1,1
41,"Como as diferentes abordagens de gerenciamento remoto, como a tecnologia DSP, interfaces de gerenciamento remoto e sistemas de equalização ativa, se comparam em termos de confiabilidade e eficiência em relatórios sobre No-Breaks e sistemas de energia?","['S I S T E M A PA R A L E L O M U LT I AT I V O ( E X C L U S I V O C M C O M A N D O S )\nA CM Comandos Lineares desenvolveu um sistema inovador e pioneiro no mundo de paralelismo entre No Breaks. O sistema Paralelo \nMulti Ativo permite a expansão do sistema, de acordo com sua demanda de consumo, podendo paralelar quantas unidades forem \nnecessárias para atender sua demanda, elevando a capacidade do sistema e a confiabilidade de sua aplicação.\nP O S S I B I L I D A D E D E S O M A T Ó R I A D E  P O T Ê N C I A S\nPermite a ligação para somatória de potência, utilizando dois ou mais No \nBreaks para atingir a demanda da carga total.\nQuando utilizado para somatória de potência, possibilita a ligação de \nNo Breaks com potências diferentes. Quando a ligação for feita com No \nBreaks de potências diferentes, a carga será distribuída \nproporcionalmente. Permite a ligação em paralelo redundante N + 1,  N + 2, N + 3 … N+X,  \npossibilitando o desligamento de uma ou mais unidades mantendo a \ncarga ativa.L I G A Ç Ã O E M P A R A L E L O R E D U N D A N T E\nA comunicação entre os No Breaks consiste no barramento de \ncomunicação comum, por onde transitam informações contendo \nnível de carga, sincronismo e a condição do by pass.C O M U N I C A Ç Ã O E N T R E O S N O B R E A K STodos os No Breaks são autônomos, operam de forma \nindependente no sistema e possuem controle individual.N Ã O E X I S T E N O B R E A K M E S T R E O U E S C R A V OPodem ser paraleladas quantas unidades forem necessárias, \npossibilitando expansão do sistema, de acordo com a demanda de \nconsumo.Q U A N T I D A D E I L I M I T A D A P A R A P A R A L E L I S M O\nM A N U T E N Ç Ã O D O N O B R E A K\nPermite a inserção ou retirada de um No Break no sistema, sem a \nnecessidade de parada.Rede Elétrica\nde Entrada\nSaídaNo Break 1\n Potência de \n30 kVANo Break 2\nPotência de \n10 kVANo Break 3\nPotência de \n20 kVA\nCarga fornecida pelo sistema = 150 kVANo Break 4\nPotência de \n30 kVANo Break 5\nPotência de \n20 kVANo Break 6\nPotência de \n40 kVA\nINTERFACES DE \nGERENCIAMENTO   \nREMOTO\nSão compostas por diversas ferramentas. O \nAdaptador SNMP NetMate permite\ngerenciar remotamente o No Break via a \nInternet através de um web browser,\nmonitorar o status e enviar alertas por e-mail. \nO software IP Power é uma ferramenta de \ngerenciamento  Windows Application e a \nversão Client é específica para  automatizar o \nshutdown de servidores, podendo desligar \nautomática e simultaneamente vários\ns e r v i d o r e s  e  e s t a ç õ e s .\nO Adaptador ArmModbus permite integrar \no  N o  B r e a k ,  v i a  u m a  p o r t a\nRS485, a Sistemas de Automação Predial.', 'TECNOLOGIA  ON  LINE  COM  BYPASS\nESTÁTICO  DE  MANUTENÇÃO\nCARACTERÍSTICAS  PRINCIPAIS\nTecnologia Avançada \nDSP  (Digital Signal Processor)\nMedições em True RMS com Precisão de \nMultímetros\nBypass Estático de Manutenção\nSoftware de Gerenciamento Remoto Real-Time \nSistema Paralelo Multi Ativo (Exclusivo CM)Permite funções avançadas e exclusivas em \ntempo real.\nPermite que sejam rastreados para análise.\nSão ideais para a medição de cargas não lineares.\nAdicionam proteção e elevam a confiabilidade da \ncarga sensível.\nVia TCP/IP,  com proteção de senhas para acesso \nremoto, shutdown.\nPodem ser paraleladas quantas unidades forem \nnecessárias, possibilitando expansão do sistema, \nde acordo com a demanda de consumo.Memória Interna para Registro de EventosDisplay TFT 4,3"" Touch Screen\n(Item de Série)\nPossibilidade de Upgrade do Firmware do \nDSP \nAcionamentos Monitorados pelo  DSP\nControle Inteligente da Velocidade dos \nCoolersModerna tela com comandos por toque, que \npermite acesso ao No-Break pela internet.\nGarante a utilização e preservação do \ninvestimento.\nAs manobras são registradas e gravadas no \nlog de eventos.\nProlongam a vida útil dos equipamentos \ne reduzem os intervalos de manutenção. Saída Rede Elétric a\nde En trada\nCorrente Alt ernada de Entrada\nCorrente ContínuaCorrente Alternada de Saída\nCorrente Alternada B ypass Estático  Corr ente Alternada B ypass Estático \nde Manutenção Bypass Estático de Manutenção\nPermite a transf erência e o r etorno da car ga do No -Break \npara um cir cuito alter nativ o de f ornecimento de ener gia, \npara atividades de manutenção . Em quaisquer situações , \no fornecimento de ener gia é contínuo , sem \ninter rupções .\nRetificador\nConverte a ener gia da \nrede elétr ica da \nconcessionár ia ou do \ngrupo gerador em \ncorrente contínua, \ncorrigindo ou \neliminando distúr bios   \nda entrada do sistema.Inversor\nConverte a cor rente contínua do \nretificador ou das bater ias em cor rente \nalter nada de saída, com f orma de onda \nBanco de Baterias\nArmaz ena ener gia reser va para alimentar o No -Break \ndurante um per íodo pr edeter minado , denominado Bypass Estático\nSistema de pr oteção \nque, em caso de \nproblemas , transf ere \nautomaticamente a \ncarga para um \ncircuito alter nativ o, \nsem inter rupção no \nfornecimento de \nener gia. Rede Pr esente\nFalha de R ede\nBypass Estátic o\nBypass Estátic o de\n Manutenç ãoNo-Break C onception M ulti A tivo\nTrifásico\nINTERFACES DE \nGERENCIAMENTO   \nREMOTO\nSão compostas por div ersas \nferramentas . O A daptador SNMP \nNetM ate per mite ger enciar \nremotament e o No -Break via a I nternet \natravés de um w eb br owser , monit orar \no status e en viar aler tas por e -mail . \nO sof tware IP P ower é uma f erramenta \nde ger enciament o  Windows \nApplication e a v ersão Client é \nespecífica para  aut omatizar o \nshut down de ser vidor es, podendo \ndesligar aut omática e simultaneament e \nvários ser vidor es e estações . \nO Adaptador Ar mModbus per mite \nintegrar o No -Break, via uma por ta \nRS485, a Sist emas de A utomação \nPredial .DISPLAY TFT 4,3 ‘’ \nTOUCH SCREEN\nCOMANDO POR TOQUE']","Based on the provided context, the System Parallel Multi Active (Exclusive CMC Commands) developed by ACM Comandos Lineares is an innovative and pioneering solution in the world of parallelism between No Breaks. This system allows for the expansion of the system according to its demand for consumption, enabling the paralleling of as many units as necessary to meet the demand, increasing the system's capacity and the reliability of its application.

The technology Online with Static Bypass Maintenance features advanced characteristics such as the DSP (Digital Signal Processor), which allows for precise True RMS measurements. This technology, along with the Bypass Estático de Manutenção, enables advanced and exclusive real-time functions, allowing for the tracking of measurements for analysis and adding protection and increasing the reliability of sensitive loads.

The Remote Management Interfaces, such as the SNMP NetMate Adapter and the IP Power software, allow for remote management of the No Break via the internet, monitoring the status and sending alerts via email. These interfaces provide real-time information and ensure the continuity of energy supply, making the system more efficient and reliable.

The Active Equalization Systems, although not explicitly mentioned in the context, are designed to improve the efficiency and reliability of battery banks in No Break systems. By maintaining balanced charge levels across all batteries, these systems can extend the life of the batteries and improve the overall performance of the No Break.

In conclusion, the System Parallel Multi Active, the Online with Static Bypass Maintenance technology, and the Remote Management Interfaces all contribute to the overall reliability and efficiency of No Break systems. The Active Equalization Systems can further enhance the performance of these systems by maintaining balanced charge levels in battery banks.","As diferentes abordagens de gerenciamento remoto, como a tecnologia DSP, interfaces de gerenciamento remoto e sistemas de equalização ativa, se comparam em termos de confiabilidade e eficiência em relatórios sobre No-Breaks e sistemas de energia, destacando a alta confiabilidade e a capacidade de monitoramento em tempo real.",0.49999999995,1.0,0.0,0.5925925925925926,0.4199898160240664,0.5909090909090909,0.22,0.6252844950360388,0.1363163371488033,0.0412979351032448,0.0,0.0,0,0,1,0,0
42,"Como as diferentes tecnologias de proteção de energia, como No-Breaks com Processador Digital de Sinais, sistemas de Equalização Ativa de Baterias e soluções de Bypass Estático, se comparam em termos de confiabilidade e eficiência em ambientes críticos, conforme descrito nos relatórios?","['TECNOLOGIA ON LINE COM BYPASS ESTÁTICO DE MANUTENÇÃO\nINTERFACE DE GERENCIAMENTO REMOTO\nAs Interfaces de Gerenciamento Remoto são compostas por diversas ferramentas, sendo elas: \n•  O Adaptador SNMP que permite gerenciar remotamente o No-Break via Internet através de um web browser,  monitorar o status \ne enviar alertas por e-mail. \n• O software, uma ferramenta de gerenciamento Windows Application e a versão Client é especíﬁ  ca para automatizar o shutdown \nde servidores, podendo desligar automática e simultaneamente vários servidores e estações. \n• O Adaptador Modbus permite integrar o No-Break, via uma porta RS485, a Sistemas de Automação Predial.\nBypass Estático\nSistema de proteção que, em caso de \nproblemas, transfere automaticamente \na carga para um circuito alternativo, sem \ninterrupção no fornecimento de energia.Bypass Estático de Manutenção\nPermite a transferência e o retorno da carga do No-Break para um circuito \nalternativo de fornecimento de energia, para atividades de manutenção. \nEm quaisquer situações, o fornecimento de energia é contínuo, sem \ninterrupções.\nBanco de Baterias\nArmazena energia reserva para alimentar o No-Break \ndurante um período predeterminado, denominado como \ntempo de autonomia do No-Break.Retificador\nConverte a energia da\nrede elétrica da concessionária\n ou do grupo gerador em\ncorrente contínua, corrigindo \nou eliminando distúrbios\nda entrada do sistema.\nCorrente alternada de entradaCorrente contínua Corrente alternada de saída\nCorrente alternada Bypass estáticoCorrente alternada Bypass estático\nde manutenção\nInversor\nConverte a corrente contínua do \nretiﬁ  cador ou das baterias em corrente \nalternada de saída, com forma de onda \nsenoidal pura, livre de distúrbios.\nRetificador\nConverte a energia da\nrede elétrica da concessionária\n ou do grupo gerador em\nInversor\nConverte a corrente contínua do \nretiﬁ  cador ou das baterias em corrente \nalternada de saída, com forma de onda', 'Alta Tecnologia em\nProcessamento Digital\nde Sinais - DSP\nO S M A I S M O D E R N O S\nN O B R E A K S C O R P O R AT I V O SVivemos em um mundo cada vez mais ágil e prático. Um mundo conectado por processadores, chips, softwares e \nperiféricos. Mas isso ainda não é o bastante. Por isso, o mundo caminha para tecnologias de processamento imediato \nde dados. A CM Comandos Lineares está um passo à frente e oferece aos seus clientes produtos dotados de uma \ntecnologia revolucionária, denominada Processamento Digital de Sinais -- DSP .\nToda a linha de No Breaks Innovation S1 Trifásico  \nTransformerless conta com a tecnologia DS P.   \nCaracterística que proporciona alta performance e \nconfiabilidade, tornando-os ideais para aplicações de missão crítica. Ou seja, protegem as aplicações nas quais a \ncontinuidade da operação é de fundamental importância.\ndos equipamentos pode ser atualizado, \nacrescentando novas funções em \nunidades já instaladas. Hoje, esta tecnologia está presente nos mais sofisticados sistemas eletrônicos, devido à sua alta velocidade e \nconfiabilidade. Processadores Digitais de Sinais são capazes de processar dez milhões de amostragens por segundo. \nIsso significa processamento em tempo real -- o sinal é processado no mesmo instante em que é recebido, sem \nretardos ou atrasos.\nProjetados com o uso intenso dos recursos da tecnologia DSP ,  os No Breaks Innovation Trifásico Transformerless  \nagregam novos  e avançados recursos, que estabelecem um novo conceito em desenvolvimento, no qual o firmware \nAo pensar em adquirir No Breaks,     \nconte com as soluções da\nCM Comandos, que asseguram \ntecnologia de ponta, máxima proteção, \nprecisão digital e processamento        \nem tempo real.']","No-Breaks equipped with Digital Signal Processing (DSP) technology, such as those offered by CM Comandos Lineares, are designed to provide high performance and reliability, making them ideal for mission-critical applications where uninterrupted operation is essential. These No-Breaks can process up to ten million samples per second, enabling real-time processing without delays or latency.

Active Battery Equalization Systems help maintain battery performance and lifespan by balancing the charge across all battery cells. This results in improved system efficiency and reliability, particularly in critical environments where consistent power supply is crucial.

Bypass Static solutions, like the one described in the context, offer uninterrupted power supply during maintenance activities. By automatically transferring the load to an alternative power source, these systems ensure continuous energy flow, enhancing overall system reliability in critical situations.

In summary, each technology has its unique benefits and contributes to improving reliability and efficiency in critical environments. No-Breaks with DSP technology provide high performance and real-time processing, Active Battery Equalization Systems maintain battery efficiency and lifespan, and Bypass Static solutions ensure continuous power supply during maintenance. The choice of technology depends on the specific requirements and constraints of the application.","As diferentes tecnologias de proteção de energia, como No-Breaks com Processador Digital de Sinais, sistemas de Equalização Ativa de Baterias e soluções de Bypass Estático, se comparam em termos de confiabilidade e eficiência em ambientes críticos, oferecendo alta performance, proteção e continuidade operacional.",0.49999999995,0.0,0.0,0.2222222222222222,0.7353281596545013,0.4705882352941176,0.74,0.7528908330524653,0.1678224687933426,0.0404858299595141,0.0,0.0,0,0,1,1,1
43,"Como as abordagens de manutenção e as tecnologias implementadas em sistemas de No-Break, como o uso de Processadores de Sinal Digital, Bypass Estático de Manutenção e Equalização Ativa de Baterias, se comparam entre diferentes fabricantes e modelos, considerando a confiabilidade e a eficiência em aplicações críticas?","['TECNOLOGIA  EQUALIZER\nEqualização A tiva Individual das Ba terias\n O módulo de bater ia ativ o regula individualmente a \ntensão de cada bater ia e as mantém homogêneas , \nelevando a sua durabilidade , capacidade e r esistência \ncontra cor rosão e sulfatação .\nEvita e pr otege c ontr a Ex cesso de C arga\nAtrav és da Equalização Ativa as bater ias são pr oteg idas \nindividualmente contra o ex cesso de car ga, pr evenindo -\nas contra exalação de gases , secagem do eletr ólito \ninter no e do aquecimento inter no em ex cesso .\nEvita e pr otege c ontr a Falta de C arga\nA Equalização Ativa individual das bater ias impede que \nas mesmas r ecebam menor tensão que dev eriam, \nevitando -se a sulfatação e a per da de capacidade .\nIndicador de P roblemas da Ba teria\nAtrav és da medição da Tensão , Impedância e \nTemperatura, o sistema monitora os pr oblemas típicos \ndas bater ias, tais como sulfatação , cor rosão , per da de \ngases , secagem do eletr ólito e aquecimento inter no.Elimina a Sulfa tação das Ba terias\nO pr oblema decor re dos car regador es e r etificador es de \nbater ias, que r egulam a tensão de flutuação ou \nequalização na tensão final das bater ias e não garantem \nque em algumas  bater ias elas r ecebam maior tensão e , \nem outras , menor tensão . Atrav és da Equalização Ativa, \nmantêm-se todas as bater ias com tensão equilibrada.\nProteção c ontr a contaminação de ba terias\nAtrav és da Equalização Ativa individual de cada bater ia, \nevitam-se danos de uma bater ia a outras bater ias \npróximas , o ef eito de contaminação , ou seja, uma bater ia \nruim danifica as boas .\nOtimização da capacidade das ba terias\nGraças à Equalização Ativa, o Equaliz er garante a plena \nrecar ga e a máxima otimização da bater ia.\nAler ta par a substituir ba terias\nAtrav és da análise da cur va de impedância, pode -se \nidentificar a tendência, já na fase inicial de instalação , se \nalguma bater ia está deter iorada ou simplesmente mais \nfraca do que as outras . Quanto antes ef etuar este \ndiag nóstico , melhor será para o r estante da vida útil das \ndemais bater ias.Alarmes de ba teria\nAtrav és do monitoramento dos parâmetr os-chav e das \nbater ias e medições de limites pr eestabelecidos , o \nsistema en via avisos de alar mes automaticamente aos \nadministrador es do sistema.\nManutenção à distância \nO Equaliz er melhora a qualidade do ser viço, fornecendo \nmonitoramento r emoto atrav és da I nternet, VPN ou \noutra r ede, para faz er download de dados em tempo \nreal e acesso ao histór ico da bater ia para análise . \nManutenção sem desligar o sistema\nOs testes de bater ia individuais são possív eis \nremotamente , sem o esf orço para desligar as bater ias. \nAs manutenções e as análises  de bater ia podem ser \nrealizadas em condições r eais de operação , sem a \nnecessidade de paradas no sistema.\nOtimiza a manutenção em campo\nA equipe de manutenção se desloca somente quando \nhá inter venções cor retivas e dir etas na bater ia que \napresentar def eito na ocor rência de alar mes ou na \nanálise de diag nóstico e , é clar o, reduz enor mes custos \noperacionais .\nOSD  N LI A NM EO AC R EM SCISO\n90012015\nAv. Eng .', 'Alta Tecnolog ia em\nProcessament o Dig ital\nde Sinais - DSP\nOS MAIS MODERNOS\nNO-BREAKS CORPORATIVOSVivemos em um mundo cada v ez mais ág il e prático . Um mundo conec tado por pr ocessador es, chips , softwares e \nperiféricos. Mas isso ainda não é o bastant e. Por isso , o mundo caminha para t ecnolog ias de pr ocessament o imediat o \nde dados . A CM C omandos Linear es está um passo à fr ente e of erece aos seus client es pr odut os dotados de uma \ntecnolog ia revolucionár ia, denominada P rocessament o Dig ital de Sinais - - DSP .\nToda a linha de No -Breaks  \nconta com a t ecnolog ia DSP .  Carac terística que \npropor ciona alta per formance e confiabilidade , Conception Multi Ativ o \npara aplicações de missão cr ítica. Ou seja, pr otegem as aplicações nas quais a continuidade da operação é de \nfundamental impor tância.\nequipament os pode ser atualizado , \nacrescentando novas funções em \nunidades já instaladas . Hoje , esta t ecnolog ia está pr esent e nos mais sofisticados sist emas eletr ônicos , devido à sua alta v elocidade e \nconfiabilidade . Processador es Dig itais de Sinais são capaz es de pr ocessar dez milhões de amostragens por segundo . \nIsso sig nifica pr ocessament o em t empo r eal -- o sinal é pr ocessado no mesmo instant e em que é r ecebido , sem \nretardos ou atrasos .\nProjetados com o uso int enso dos r ecursos da t ecnolog ia DSP ,  os No -Breaks C onception Multi Ativ o  ag regam nov os  \ne avançados r ecursos , que estabelecem um nov o conceit o em desen volviment o, no qual o fir mware dos \nAdquir indo No -Breaks , cont e com as \nsoluções da CM C omandos , que \nasseguram t ecnolog ia de ponta, \nmáxima pr oteção , precisão dig ital e \nprocessament o em t empo r eal.  Modelo 300kV A']","When comparing the maintenance approaches and technologies used in different No-Break systems, such as the implementation of Digital Signal Processors (DSP), Static Bypass Maintenance, and Active Battery Equalization, several factors come into play regarding reliability and efficiency in critical applications.

1. Digital Signal Processors (DSP): DSPs offer high-performance and reliability, enabling real-time data processing with minimal latency. They can process tens of millions of samples per second, ensuring quick and accurate responses to power fluctuations. However, the efficiency of DSPs may vary depending on the firmware and solutions provided by the manufacturer.

2. Static Bypass Maintenance: This technology allows for seamless transfer of the load to a secondary power source during maintenance, ensuring uninterrupted power supply. The reliability and efficiency of this feature can be influenced by the design and quality of the static bypass mechanism, which may differ among manufacturers and models.

3. Active Battery Equalization: This technology ensures that each battery in a system maintains a balanced charge, extending battery life and improving overall system performance. The effectiveness of active battery equalization can depend on the algorithms and control mechanisms used by the manufacturer, which can vary between different No-Break systems.

When comparing these features across different manufacturers and models, it is essential to consider factors such as:

- The quality and reliability of the components used in the system
- The firmware and software solutions provided by the manufacturer
- The design and engineering of the No-Break system, including power electronics and mechanical components
- The track record and reputation of the manufacturer in providing reliable and efficient power protection solutions

Ultimately, the choice of a specific No-Break system should be based on a comprehensive evaluation of these factors, considering the specific requirements and constraints of the application.","As abordagens de manutenção e tecnologias implementadas em sistemas de No-Break, como o uso de Processadores de Sinal Digital, Bypass Estático de Manutenção e Equalização Ativa de Baterias, variam entre diferentes fabricantes e modelos, com a CM Comandos se destacando pela confiabilidade e eficiência em aplicações críticas.",0.49999999995,0.0,0.0,0.1764705882352941,0.6809655523946931,0.4705882352941176,0.74,0.7351028143156837,0.1271310277642474,0.028735632183908,0.0,0.0,0,0,1,1,1
44,Como se comparam os sistemas de No-Break em confiabilidade e eficiência?,"['S I S T E M A PA R A L E L O M U LT I AT I V O ( E X C L U S I V O C M C O M A N D O S )\nA CM Comandos Lineares desenvolveu um sistema inovador e pioneiro no mundo de paralelismo entre No Breaks. O sistema Paralelo \nMulti Ativo permite a expansão do sistema, de acordo com sua demanda de consumo, podendo paralelar quantas unidades forem \nnecessárias para atender sua demanda, elevando a capacidade do sistema e a confiabilidade de sua aplicação.\nP O S S I B I L I D A D E D E S O M A T Ó R I A D E  P O T Ê N C I A S\nPermite a ligação para somatória de potência, utilizando dois ou mais No \nBreaks para atingir a demanda da carga total.\nQuando utilizado para somatória de potência, possibilita a ligação de \nNo Breaks com potências diferentes. Quando a ligação for feita com No \nBreaks de potências diferentes, a carga será distribuída \nproporcionalmente. Permite a ligação em paralelo redundante N + 1,  N + 2, N + 3 … N+X,  \npossibilitando o desligamento de uma ou mais unidades mantendo a \ncarga ativa.L I G A Ç Ã O E M P A R A L E L O R E D U N D A N T E\nA comunicação entre os No Breaks consiste no barramento de \ncomunicação comum, por onde transitam informações contendo \nnível de carga, sincronismo e a condição do by pass.C O M U N I C A Ç Ã O E N T R E O S N O B R E A K STodos os No Breaks são autônomos, operam de forma \nindependente no sistema e possuem controle individual.N Ã O E X I S T E N O B R E A K M E S T R E O U E S C R A V OPodem ser paraleladas quantas unidades forem necessárias, \npossibilitando expansão do sistema, de acordo com a demanda de \nconsumo.Q U A N T I D A D E I L I M I T A D A P A R A P A R A L E L I S M O\nM A N U T E N Ç Ã O D O N O B R E A K\nPermite a inserção ou retirada de um No Break no sistema, sem a \nnecessidade de parada.Rede Elétrica\nde Entrada\nSaídaNo Break 1\n Potência de \n30 kVANo Break 2\nPotência de \n10 kVANo Break 3\nPotência de \n20 kVA\nCarga fornecida pelo sistema = 150 kVANo Break 4\nPotência de \n30 kVANo Break 5\nPotência de \n20 kVANo Break 6\nPotência de \n40 kVA\nINTERFACES DE \nGERENCIAMENTO   \nREMOTO\nSão compostas por diversas ferramentas. O \nAdaptador SNMP NetMate permite\ngerenciar remotamente o No Break via a \nInternet através de um web browser,\nmonitorar o status e enviar alertas por e-mail. \nO software IP Power é uma ferramenta de \ngerenciamento  Windows Application e a \nversão Client é específica para  automatizar o \nshutdown de servidores, podendo desligar \nautomática e simultaneamente vários\ns e r v i d o r e s  e  e s t a ç õ e s .\nO Adaptador ArmModbus permite integrar \no  N o  B r e a k ,  v i a  u m a  p o r t a\nRS485, a Sistemas de Automação Predial.', 'SISTEMA PARALELO MULTI ATIVO (EXCLUSIVO CM COMANDOS)\nA CM Comandos Lineares desenvolveu um sistema inovador e pioneiro no mundo de paralelismo entre no-breaks. O sistema \nParalelo Multi Ativo permite a expansão do sistema, de acordo com sua demanda de consumo, podendo paralelar quantas \nunidades forem necessárias para atender sua demanda, elevando a capacidade do sistema e a confiabilidade de sua aplicação.\nPOSSIBILIDADE DE SOMATÓRIA DE  POTÊNCIAS\nPermite a ligação para somatória de potência, utilizando dois ou mais \nNo-Breaks para atingir a demanda da carga total.\nQuando utilizado para somatória de potência, possibilita a ligação de \nNo-Breaks com potências diferentes. Quando a ligação for feita com \nNo-Breaks de potências diferentes, a carga será distribuída \nproporcionalmente. Permite a ligação em paralelo redundante N + 1,  N + 2, N + 3 … N+X,  \npossibilitando o desligamento de uma ou mais unidades, mantendo a \ncarga ativa.\nA comunicação entre os No-Breaks consiste no barramento de \ncomunicação comum, por onde transitam informações \ncontendo nível de carga, sincronismo e a condição do by pass.COMUNICAÇÃO ENTRE OS NO-BREAKSTodos os No-Breaks são autônomos, operam de forma \nindependente no sistema e possuem controle individual.NÃO EXISTE NO-BREAK MESTRE OU ESCRAVOPodem ser paraleladas quantas unidades forem necessárias, \npossibilitando expansão do sistema, de acordo com a demanda \nde consumo.QUANTIDADE ILIMITADA PARA PARALELISMO\nPARALELISMO DO BANCO DE BATERIAS\nPermite paralelismo dos bancos de baterias (quando forem de \nmesma tensão nominal).MANUTENÇÃO DO NO-BREAK\nPermite a inserção ou retirada de um No-Break no sistema, sem a \nnecessidade de parada.INTERFACES  DE  SHUTDOWN  E GERENCIAMENTO  REMOTO\nRede Elétric a\nde Entr ada\nSaídaNo-break 1\n Potência \nde 60 kV ANo-break 2\nPotência de \n100 kV ANo-break 3\nPotência de \n20 kV A\nCarga fornecida pelo sistema = 410 kV ANo-break 4\nPotência de \n30 kV ANo-break 5\nPotência de \n80 kV ANo-break 6\nPotência de \n120 kV ARede L ocal Ether netA   Inter face de Ger enciamento \n     \nC  Inter face Shutdown \n     Client \n     LANB  Inter face Shutdown \n     D   Inter face de Ger enciamento Remoto \n  \nE  Adaptador SNMP\n     \nF  Client Shutdown\nG Estação Remota\n    Sof tware com \n    conexão à I nter netMultisser vidor es\nMultiplataf ormas\nMulti-S.O .Porta M icroprocessada DB9\nPorta Contato Seco DB9\nRede Ethernet RJ45']","The described system, System Parallel Multi Ativo, developed by CM Comandos Lineares, is innovative and pioneering in the world of paralleling No-Breaks. It allows for system expansion according to consumption demand, enabling paralleling of as many units as necessary to meet the demand, which increases system capacity and reliability of its application.

When using this system for power summation, it allows connection of No-Breaks with different power ratings, distributing the load proportionally. Additionally, it supports parallel redundant connections such as N+1, N+2, N+3 ... N+X, allowing one or more units to be turned off while keeping the load active.

Communication between No-Breaks is achieved through a common communication bus, where information such as load level, synchronism, and bypass condition is transmitted. Each No-Break operates independently and has individual control, with no master or slave No-Break.

The system also allows for battery bank paralleling when they have the same nominal voltage and enables No-Break insertion or removal without requiring system shutdown.

Compared to traditional No-Break systems, this System Parallel Multi Ativo offers increased reliability and efficiency due to its paralleling capabilities, load distribution, and redundancy features. This innovative solution ensures a more robust and adaptable power protection system.","Os sistemas de No-Break se comparam em confiabilidade e eficiência, destacando-se pela alta confiabilidade e pela capacidade de operar em ambientes críticos, com características como tecnologia hotswap, controle DSP e gerenciamento avançado de baterias.",0.0,0.0,0.0,0.8571428571428571,0.3898969573393886,0.8571428571428571,0.0,0.6340700795652887,0.1416247304097772,0.0242914979757085,0.0,0.0,0,0,1,1,0
45,"Como inovações tecnológicas como uso de processadores de sinal digital e sistemas de bypass estático se comparam entre diferentes modelos de No-Breaks e suas aplicaçãos em ambientes críticos, conforme descrito nos relatórios?","['Alta Tecnologia em\nProcessamento Digital\nde Sinais - DSP\nO S M A I S M O D E R N O S\nN O B R E A K S C O R P O R AT I V O SVivemos em um mundo cada vez mais ágil e prático. Um mundo conectado por processadores, chips, softwares e \nperiféricos. Mas isso ainda não é o bastante. Por isso, o mundo caminha para tecnologias de processamento imediato \nde dados. A CM Comandos Lineares está um passo à frente e oferece aos seus clientes produtos dotados de uma \ntecnologia revolucionária, denominada Processamento Digital de Sinais -- DSP .\nToda a linha de No Breaks Innovation S1 Trifásico  \nTransformerless conta com a tecnologia DS P.   \nCaracterística que proporciona alta performance e \nconfiabilidade, tornando-os ideais para aplicações de missão crítica. Ou seja, protegem as aplicações nas quais a \ncontinuidade da operação é de fundamental importância.\ndos equipamentos pode ser atualizado, \nacrescentando novas funções em \nunidades já instaladas. Hoje, esta tecnologia está presente nos mais sofisticados sistemas eletrônicos, devido à sua alta velocidade e \nconfiabilidade. Processadores Digitais de Sinais são capazes de processar dez milhões de amostragens por segundo. \nIsso significa processamento em tempo real -- o sinal é processado no mesmo instante em que é recebido, sem \nretardos ou atrasos.\nProjetados com o uso intenso dos recursos da tecnologia DSP ,  os No Breaks Innovation Trifásico Transformerless  \nagregam novos  e avançados recursos, que estabelecem um novo conceito em desenvolvimento, no qual o firmware \nAo pensar em adquirir No Breaks,     \nconte com as soluções da\nCM Comandos, que asseguram \ntecnologia de ponta, máxima proteção, \nprecisão digital e processamento        \nem tempo real.', 'Alta Tecnolog ia em\nProcessament o Dig ital\nde Sinais - DSP\nOS MAIS MODERNOS\nNO-BREAKS CORPORATIVOSVivemos em um mundo cada v ez mais ág il e prático . Um mundo conec tado por pr ocessador es, chips , softwares e \nperiféricos. Mas isso ainda não é o bastant e. Por isso , o mundo caminha para t ecnolog ias de pr ocessament o imediat o \nde dados . A CM C omandos Linear es está um passo à fr ente e of erece aos seus client es pr odut os dotados de uma \ntecnolog ia revolucionár ia, denominada P rocessament o Dig ital de Sinais - - DSP .\nToda a linha de No -Breaks  \nconta com a t ecnolog ia DSP .  Carac terística que \npropor ciona alta per formance e confiabilidade , Conception Multi Ativ o \npara aplicações de missão cr ítica. Ou seja, pr otegem as aplicações nas quais a continuidade da operação é de \nfundamental impor tância.\nequipament os pode ser atualizado , \nacrescentando novas funções em \nunidades já instaladas . Hoje , esta t ecnolog ia está pr esent e nos mais sofisticados sist emas eletr ônicos , devido à sua alta v elocidade e \nconfiabilidade . Processador es Dig itais de Sinais são capaz es de pr ocessar dez milhões de amostragens por segundo . \nIsso sig nifica pr ocessament o em t empo r eal -- o sinal é pr ocessado no mesmo instant e em que é r ecebido , sem \nretardos ou atrasos .\nProjetados com o uso int enso dos r ecursos da t ecnolog ia DSP ,  os No -Breaks C onception Multi Ativ o  ag regam nov os  \ne avançados r ecursos , que estabelecem um nov o conceit o em desen volviment o, no qual o fir mware dos \nAdquir indo No -Breaks , cont e com as \nsoluções da CM C omandos , que \nasseguram t ecnolog ia de ponta, \nmáxima pr oteção , precisão dig ital e \nprocessament o em t empo r eal.  Modelo 300kV A']","No-Breaks models with advanced technological features such as Digital Signal Processors (DSP) and static bypass systems offer high performance, reliability, and real-time processing, making them ideal for critical applications. These innovations allow for updating equipment, adding new functions to installed units, and ensuring maximum protection, precision, and real-time processing.

When comparing different No-Breaks models, consider that the DSP technology processes millions of samples per second, enabling real-time signal processing without delays. This technology is present in sophisticated electronic systems due to its high speed and reliability.

On the other hand, static bypass systems provide an uninterruptible power supply, ensuring continuous operation during power transitions or in case of power supply failures. These systems are essential in critical applications where power interruptions cannot be tolerated.

In summary, No-Breaks models with DSP technology and static bypass systems provide enhanced performance, reliability, and real-time processing, making them suitable for critical applications in various environments. The specific features and benefits may vary between models, so it is essential to consult the product specifications and datasheets for detailed information.","Inovações tecnológicas como o uso de processadores de sinal digital e sistemas de bypass estático em No-Breaks, como os modelos da CM Comandos, oferecem alta confiabilidade e eficiência em ambientes críticos, permitindo manutenção sem interrupção do fornecimento de energia.",0.99999999995,0.5,0.0,0.56,0.7229420493529551,0.28,0.53,0.7146546812286975,0.1610687022900763,0.0350877192982456,0.0,0.0,0,0,1,1,1
46,"Como as diferentes tecnologias de fornecimento de energia, como No-Breaks com Processador Digital de Sinais, sistemas de Equalização Ativa de Baterias e soluções modulares trifásicas, se comparam em termos de confiabilidade, escalabilidade e suporte técnico, conforme descrito nos relatórios?","['No-Break Composition XI\nTrifásico Modular  25 kW  30 kW  50 kW\nOs No-Breaks Composition trifásico são modulares, on line de dupla conversão e possuem rack na largura padrão informática, integrando-se \nao seu data center.  Cada módulo possui a tecnologia hotswap, que permite a substituição sem a necessidade de  paralisar todo o sistema. \nPossuem também alta conﬁ  abilidade e são disponíveis em diversos modelos e capacidades, permitindo  sua expansão escalonada confor-\nme suas necessidades.\nCARACTERÍSTICAS PRINCIPAIS \n• Topologia Online de Dupla Conversão\n• Controle DSP - Processador Digital de Sinais\n• Retiﬁ  cador e Inversor a IGBT\n• Alto Fator de Potência de Entrada (Power Factor Correction)\n• Bypass estático, automático e manual*\n• Gerenciamento Avançado de Baterias\n• Fácil Manutenção - Módulos Hot Swap\n• Set de Baterias Conﬁ  gurável (conforme modelo e capacidades)\n• Design Modular Rack Padrão informática\n• Escalável e Modular\n• Ampla Faixa de Tensão Admissível de Entrada\n• Compatível com Grupo Gerador\n• Software de Gerenciamento Remoto RS232*\n• Slot Adaptador SNMP , Contato Seco e Modbus*\n• Paralelismo Redundante dos RacksDISPLAY LCD CENTRAL DE ATÉ 10,4’’  \nTOUCH SCREEN E DISPLAY\nINDIVIDUAL POR MÓDULO RACK NO-BREAK MODULAR COM BYPASS*', 'S I S T E M A PA R A L E L O M U LT I AT I V O ( E X C L U S I V O C M C O M A N D O S )\nA CM Comandos Lineares desenvolveu um sistema inovador e pioneiro no mundo de paralelismo entre No Breaks. O sistema Paralelo \nMulti Ativo permite a expansão do sistema, de acordo com sua demanda de consumo, podendo paralelar quantas unidades forem \nnecessárias para atender sua demanda, elevando a capacidade do sistema e a confiabilidade de sua aplicação.\nP O S S I B I L I D A D E D E S O M A T Ó R I A D E  P O T Ê N C I A S\nPermite a ligação para somatória de potência, utilizando dois ou mais No \nBreaks para atingir a demanda da carga total.\nQuando utilizado para somatória de potência, possibilita a ligação de \nNo Breaks com potências diferentes. Quando a ligação for feita com No \nBreaks de potências diferentes, a carga será distribuída \nproporcionalmente. Permite a ligação em paralelo redundante N + 1,  N + 2, N + 3 … N+X,  \npossibilitando o desligamento de uma ou mais unidades mantendo a \ncarga ativa.L I G A Ç Ã O E M P A R A L E L O R E D U N D A N T E\nA comunicação entre os No Breaks consiste no barramento de \ncomunicação comum, por onde transitam informações contendo \nnível de carga, sincronismo e a condição do by pass.C O M U N I C A Ç Ã O E N T R E O S N O B R E A K STodos os No Breaks são autônomos, operam de forma \nindependente no sistema e possuem controle individual.N Ã O E X I S T E N O B R E A K M E S T R E O U E S C R A V OPodem ser paraleladas quantas unidades forem necessárias, \npossibilitando expansão do sistema, de acordo com a demanda de \nconsumo.Q U A N T I D A D E I L I M I T A D A P A R A P A R A L E L I S M O\nM A N U T E N Ç Ã O D O N O B R E A K\nPermite a inserção ou retirada de um No Break no sistema, sem a \nnecessidade de parada.Rede Elétrica\nde Entrada\nSaídaNo Break 1\n Potência de \n30 kVANo Break 2\nPotência de \n10 kVANo Break 3\nPotência de \n20 kVA\nCarga fornecida pelo sistema = 150 kVANo Break 4\nPotência de \n30 kVANo Break 5\nPotência de \n20 kVANo Break 6\nPotência de \n40 kVA\nINTERFACES DE \nGERENCIAMENTO   \nREMOTO\nSão compostas por diversas ferramentas. O \nAdaptador SNMP NetMate permite\ngerenciar remotamente o No Break via a \nInternet através de um web browser,\nmonitorar o status e enviar alertas por e-mail. \nO software IP Power é uma ferramenta de \ngerenciamento  Windows Application e a \nversão Client é específica para  automatizar o \nshutdown de servidores, podendo desligar \nautomática e simultaneamente vários\ns e r v i d o r e s  e  e s t a ç õ e s .\nO Adaptador ArmModbus permite integrar \no  N o  B r e a k ,  v i a  u m a  p o r t a\nRS485, a Sistemas de Automação Predial.']","Based on the provided context, the No-Breaks with Digital Signal Processors (DSP) have high reliability due to their topology of dual conversion and digital control. They also offer high input power factor correction and advanced battery management. The modular trifásicas are also reliable, with a double conversion online topology, IGBT inverter, and DSP control. They are scalable and have a wide input voltage range, making them suitable for various applications.

Regarding escalability, the No-Breaks with DSP and the modular trifásicas are both scalable and modular, allowing for expansion according to the user's needs. The innovative system developed by CM Comandos Lineares allows for parallel operation of multiple No-Breaks, elevating the system's capacity and reliability.

In terms of technical support, the No-Breaks with DSP and the modular trifásicas have advanced features such as remote management software, SNMP adapter, and Modbus integration. The CM Comandos Lineares system also has a communication bus for data transmission between No-Breaks, ensuring proper operation and synchronization.

In summary, the No-Breaks with DSP and the modular trifásicas offer high reliability, scalability, and advanced technical support features. The CM Comandos Lineares system provides an innovative solution for parallel operation of multiple No-Breaks, further enhancing the system's capacity and reliability.","As diferentes tecnologias de fornecimento de energia, como No-Breaks com Processador Digital de Sinais, sistemas de Equalização Ativa de Baterias e soluções modulares trifásicas, se comparam em termos de confiabilidade, escalabilidade e suporte técnico, destacando a alta confiabilidade dos No-Breaks modulares, a escalabilidade das soluções e o suporte técnico de excelência oferecido pela CM Comandos.",0.9999999999,0.5,0.1999999996,0.3043478260869565,0.641597620317391,0.7407407407407407,0.0,0.7703900761423357,0.1970443349753694,0.0931899641577061,0.0,0.0,0,0,1,1,1
47,"Como as diferentes abordagens de monitoramento e alertas em sistemas de No-Break, como a tecnologia DSP, a equalização ativa de baterias e a supervisão de falhas de isolação, se comparam em termos de confiabilidade e eficiência em ambientes críticos, conforme descrito nos relatórios?","['TECNOLOGIA  EQUALIZER\nEqualização A tiva Individual das Ba terias\n O módulo de bater ia ativ o regula individualmente a \ntensão de cada bater ia e as mantém homogêneas , \nelevando a sua durabilidade , capacidade e r esistência \ncontra cor rosão e sulfatação .\nEvita e pr otege c ontr a Ex cesso de C arga\nAtrav és da Equalização Ativa as bater ias são pr oteg idas \nindividualmente contra o ex cesso de car ga, pr evenindo -\nas contra exalação de gases , secagem do eletr ólito \ninter no e do aquecimento inter no em ex cesso .\nEvita e pr otege c ontr a Falta de C arga\nA Equalização Ativa individual das bater ias impede que \nas mesmas r ecebam menor tensão que dev eriam, \nevitando -se a sulfatação e a per da de capacidade .\nIndicador de P roblemas da Ba teria\nAtrav és da medição da Tensão , Impedância e \nTemperatura, o sistema monitora os pr oblemas típicos \ndas bater ias, tais como sulfatação , cor rosão , per da de \ngases , secagem do eletr ólito e aquecimento inter no.Elimina a Sulfa tação das Ba terias\nO pr oblema decor re dos car regador es e r etificador es de \nbater ias, que r egulam a tensão de flutuação ou \nequalização na tensão final das bater ias e não garantem \nque em algumas  bater ias elas r ecebam maior tensão e , \nem outras , menor tensão . Atrav és da Equalização Ativa, \nmantêm-se todas as bater ias com tensão equilibrada.\nProteção c ontr a contaminação de ba terias\nAtrav és da Equalização Ativa individual de cada bater ia, \nevitam-se danos de uma bater ia a outras bater ias \npróximas , o ef eito de contaminação , ou seja, uma bater ia \nruim danifica as boas .\nOtimização da capacidade das ba terias\nGraças à Equalização Ativa, o Equaliz er garante a plena \nrecar ga e a máxima otimização da bater ia.\nAler ta par a substituir ba terias\nAtrav és da análise da cur va de impedância, pode -se \nidentificar a tendência, já na fase inicial de instalação , se \nalguma bater ia está deter iorada ou simplesmente mais \nfraca do que as outras . Quanto antes ef etuar este \ndiag nóstico , melhor será para o r estante da vida útil das \ndemais bater ias.Alarmes de ba teria\nAtrav és do monitoramento dos parâmetr os-chav e das \nbater ias e medições de limites pr eestabelecidos , o \nsistema en via avisos de alar mes automaticamente aos \nadministrador es do sistema.\nManutenção à distância \nO Equaliz er melhora a qualidade do ser viço, fornecendo \nmonitoramento r emoto atrav és da I nternet, VPN ou \noutra r ede, para faz er download de dados em tempo \nreal e acesso ao histór ico da bater ia para análise . \nManutenção sem desligar o sistema\nOs testes de bater ia individuais são possív eis \nremotamente , sem o esf orço para desligar as bater ias. \nAs manutenções e as análises  de bater ia podem ser \nrealizadas em condições r eais de operação , sem a \nnecessidade de paradas no sistema.\nOtimiza a manutenção em campo\nA equipe de manutenção se desloca somente quando \nhá inter venções cor retivas e dir etas na bater ia que \napresentar def eito na ocor rência de alar mes ou na \nanálise de diag nóstico e , é clar o, reduz enor mes custos \noperacionais .\nOSD  N LI A NM EO AC R EM SCISO\n90012015\nAv. Eng .', 'n  Rendimento: 95% \nBaterias\nn  Tensão de Linha:\n• 380/400/415V : ± 240 Vdc (40 baterias)   \n• 200/208/220V : ± 120 Vdc (20 baterias)   \nn  Sistema de Recarga: controlado, automático\nn  Tempo de Recarga:  8 a 10 horas para 90% da \ncarga\nn Tipo: seladas, isentas de manutenção\nBy-pass estático \nn  Acionamento: automático controlado pelo \nDSP\nn  Tempo de Transferência: 0 ms (nulo)\nn   Retransferência ao Modo Normal:  \nautomática\nBy-pass estático de Manutenção\nPermite manutenção do No-Break sem \ndesligar a carga\nn  Acionamento:  manual através de disjuntor\nn  Reposição ao modo normal: sem interrupção\nProteções Elétricas\nn  Sub e Sobre Tensão de Entrada e Saída \nn  Sub e Sobre Tensão DC e Bateria \nn  Sobrecarga e Curto-circuito\nn  Mínima descarga de bateria\nn  Sobre temperatura \nMedições\nn  True RMS \nn  Potência de saída em kVA\nn  Potência de saída em kW\nn  Fator de Potência de saídan  Tensão de Saída\nn  Frequência de Saída \nn  Tensão de Bateria\nn  Corrente de Bateria*\nn  Fator de Potência de Entrada*\nn  Tensão de Entrada\nn  Corrente de Entrada*\nn  Frequência de Entrada\nAlarmes\nControlados pelo processador DSP\nn Tipos de Alarmes:\n• Sonoros:\n       »  Falta de Rede - 1 toque a cada 4 segundos\n       »  Pré-alarme das Baterias: 1 toque por segundo\n       »  Falha Interna do No-Break: alarme contínuo\n• Mensagens de alerta:\n       »  Display de Cristal líquido\n       »  Display em LCD\n       »  Mensagem por e-mail, celular ou pop-up:\n       - Operação Normal\n       - Falha de Rede \n       - Pré-alarme de Baterias\n       - Bypass Estático ativo\n       - Bypass Manual ativo\n       - Sobrecarga de Saída\n       - Falha Interna\nLog de Eventos\nn  Registros Armazenados:\n    •    5 mil registros em memória interna\n    •    Indicação de data, hora e ocorrência \n    •    Medições  \n    •    Status de operação e alarmes do painel \nCaracterísticas de operação\nn Ruído Audível: 55 dBA a 60 dBA a 1 metro\nn MTBF (Mean Time Between Failures): 250 mil horas   \nn MTTR (Mean Time To Repair): 30 minutos\nn Temperatura ambiente:\n   • No-Break: 20ºC a 40ºC \n   • Baterias: 0ºC a 30ºC\n   • Recomendada: 20ºC a 25ºC\nn Umidade Relativa:\n  • 0% a 95% sem condensação\n  • Recomendada: 45% a 55%\nn Atitude: até 1.000m\nn Tipo de Ambiente Recomendado:\n  • Interno, instalação abrigada\n  • Atmosfera: limpa, livre de partículas condutivas, \ngases tóxicos, líquidos e inﬂ  amáveis.']","In terms of reliability and efficiency in critical environments, as described in the reports, the different monitoring and alert approaches in No-Break systems, such as DSP technology, active battery equalization, and insulation fault supervision, can be compared as follows:

DSP Technology: This digital signal processing technology offers precise and fast control over the No-Break system's operations. Its advanced algorithms enable early detection of potential issues, ensuring system reliability. The DSP's ability to control audible alarms and visual alerts on displays, as well as send notifications via email, cellphone, or pop-up messages, contributes to its efficiency in alerting users about system status and potential problems.

Active Battery Equalization: This technology individually regulates the voltage of each battery and keeps them homogeneous, increasing their durability, capacity, and resistance to corrosion and sulfation. By protecting batteries from overcharging and undercharging, active battery equalization prevents battery damage and prolongs their lifespan. This approach enhances system reliability and efficiency by maintaining optimal battery performance and preventing unexpected failures.

Insulation Fault Supervision: This monitoring technique detects and alerts users about insulation faults in the No-Break system. By continuously monitoring insulation resistance, it can identify potential issues before they escalate into critical failures. This proactive monitoring approach contributes to system reliability and efficiency by ensuring the integrity of the power system and preventing potential hazards.

In conclusion, these monitoring and alert approaches in No-Break systems provide enhanced reliability and efficiency in critical environments. DSP technology offers precise control and advanced alerting capabilities, active battery equalization ensures optimal battery performance, and insulation fault supervision maintains power system integrity. Implementing these technologies can contribute to improved system performance and reduced downtime in critical applications.","As diferentes abordagens de monitoramento e alertas em sistemas de No-Break, como a tecnologia DSP, a equalização ativa de baterias e a supervisão de falhas de isolação, se comparam em termos de confiabilidade e eficiência em ambientes críticos, destacando a alta confiabilidade dos No-Breaks com tecnologia DSP e a importância da equalização ativa para maximizar a vida útil das baterias.",0.49999999995,0.0,0.0,0.3076923076923077,0.7684175697922283,0.4074074074074074,0.1,0.7929484574496909,0.1483749411210551,0.0398860398860398,0.0,0.0,0,0,1,1,1
48,Como as caracteristicas fisicas e mecanicas dos No-Breaks se comparam entre fabricantes?,"['OSD  L NI A NM EA OR C EM SCISO\n90012015\nA EMPRESACom mais de 38 anos de atuação, a CM Comandos é hoje \numa das maiores fabricantes de No-Breaks da América Latina. \nAlém disso, é líder absoluta em soluções para o mercado corporativo. \nCertificada pela norma ISO-9001:2015 a CM Comandos ressalta o seu compromisso \ncom a preservação do meio ambiente, a excelência dos seus produtos e a total \nsatisfação dos seus clientes.\nAPLICAÇÕES Os No -Breaks da CM C omandos Linear es são indicados para \naplicações de missão cr ítica, nas mais var iadas cor porações ,  \noferecendo por teção contra distúr bios de ener gia elétr ica, tais como cor tes, micr o cor tes, \nruídos , dist orção har mônica, picos , transient es, sub e sobr e tensão e var iações de fr equência.\nSUPORTE\nTÉCNICOAo escolher a mar ca CM C omandos Linear es, você conta com o \nmelhor  supor te técnico de pr é e pós- venda da empr esa que se \nconsolidou ao longo dest es 38 anos como líder de mer cado .\nInstrumentação de ponta, pr ofissionais altament e qualificados , com cober tura \nnacional e disponibilidade de at endiment o 24 horas , sete dias da semana, call \ncent er e pr ocessos cer tificados ,  asseguram a ex celência dos nossos ser viços de \nsupor te.BENEFÍCIOSOs equipament os da CM C omandos operam com maior pr ecisão , \nagregam maior númer o de funções e são os mais segur os. \nCarac terísticas que geram alta confiabilidade e pr odutividade nas mais var iadas aplicações , \nminimizam falhas e , consequent ement e, cust os de manut enção . Em r esumo ,                               \nser um client e da CM C omandos sig nifica t er o r etorno do capital in vestido e garantias            \nque só uma empr esa com amplo supor te técnico pode of erecer .Inovação, qualidade, tecnologia\ne confiabilidade. Marcas das\nsoluções CM Comandos Lineares\nOSD  L NI A NM EA OR C EM SCISO\n90012015', 'S I S T E M A PA R A L E L O M U LT I AT I V O ( E X C L U S I V O C M C O M A N D O S )\nA CM Comandos Lineares desenvolveu um sistema inovador e pioneiro no mundo de paralelismo entre No Breaks. O sistema Paralelo \nMulti Ativo permite a expansão do sistema, de acordo com sua demanda de consumo, podendo paralelar quantas unidades forem \nnecessárias para atender sua demanda, elevando a capacidade do sistema e a confiabilidade de sua aplicação.\nP O S S I B I L I D A D E D E S O M A T Ó R I A D E  P O T Ê N C I A S\nPermite a ligação para somatória de potência, utilizando dois ou mais No \nBreaks para atingir a demanda da carga total.\nQuando utilizado para somatória de potência, possibilita a ligação de \nNo Breaks com potências diferentes. Quando a ligação for feita com No \nBreaks de potências diferentes, a carga será distribuída \nproporcionalmente. Permite a ligação em paralelo redundante N + 1,  N + 2, N + 3 … N+X,  \npossibilitando o desligamento de uma ou mais unidades mantendo a \ncarga ativa.L I G A Ç Ã O E M P A R A L E L O R E D U N D A N T E\nA comunicação entre os No Breaks consiste no barramento de \ncomunicação comum, por onde transitam informações contendo \nnível de carga, sincronismo e a condição do by pass.C O M U N I C A Ç Ã O E N T R E O S N O B R E A K STodos os No Breaks são autônomos, operam de forma \nindependente no sistema e possuem controle individual.N Ã O E X I S T E N O B R E A K M E S T R E O U E S C R A V OPodem ser paraleladas quantas unidades forem necessárias, \npossibilitando expansão do sistema, de acordo com a demanda de \nconsumo.Q U A N T I D A D E I L I M I T A D A P A R A P A R A L E L I S M O\nM A N U T E N Ç Ã O D O N O B R E A K\nPermite a inserção ou retirada de um No Break no sistema, sem a \nnecessidade de parada.Rede Elétrica\nde Entrada\nSaídaNo Break 1\n Potência de \n30 kVANo Break 2\nPotência de \n10 kVANo Break 3\nPotência de \n20 kVA\nCarga fornecida pelo sistema = 150 kVANo Break 4\nPotência de \n30 kVANo Break 5\nPotência de \n20 kVANo Break 6\nPotência de \n40 kVA\nINTERFACES DE \nGERENCIAMENTO   \nREMOTO\nSão compostas por diversas ferramentas. O \nAdaptador SNMP NetMate permite\ngerenciar remotamente o No Break via a \nInternet através de um web browser,\nmonitorar o status e enviar alertas por e-mail. \nO software IP Power é uma ferramenta de \ngerenciamento  Windows Application e a \nversão Client é específica para  automatizar o \nshutdown de servidores, podendo desligar \nautomática e simultaneamente vários\ns e r v i d o r e s  e  e s t a ç õ e s .\nO Adaptador ArmModbus permite integrar \no  N o  B r e a k ,  v i a  u m a  p o r t a\nRS485, a Sistemas de Automação Predial.']",The context does not provide information on how the physical and mechanical characteristics of No-Breaks compare between different manufacturers.,"As características físicas e mecânicas dos No-Breaks variam entre fabricantes, com a CM Comandos se destacando pela inovação, qualidade e confiabilidade de seus produtos, que incluem tecnologia de Processamento Digital de Sinais (DSP) e sistemas modulares.",0.99999999995,0.5,0.3999999992,0.0,0.0,1.0,0.67,0.5937613734973206,0.23828125,0.0655737704918032,0.0,0.0,1,0,1,1,1
49,Como as tecnologias de No-Breaks e baterias se comparam em confiabilidade?,"['Equaliz erActive Batt ery Mangement\nBENEFÍCIOS\nEstende a vida útil das baterias\nO sistema de Equalização Ativa mantém as baterias em condições \nideais, maximizando a sua vida útil. Reduz a necessidade de troca das \nbaterias e reduz o custo.\nRedução de Custo de Propriedade\nProlonga a vida útil das baterias, reduz o período de trocas e \nautomatiza a manutenção, reduzindo enormes custos com \nintervenções manuais.\nEcológico e Sustentável\nNa era da sustentabilidade, reduzir o consumo de baterias significa \nusar menos recursos e gerar menos descartes no meio ambiente.Análise da Vida Útil da Bateria\nAnalisa a curva de carga e descarga de um banco de baterias e \nacompanhe a evolução da vida útil, algo que é impraticável fazer \nmanualmente.Minimiza o Downtime por falha da bateria\nO prejuízo decorrente de uma queda do sistema por falha de bateria \ngera um valor incalculável para a sua operação.CARACTERÍSTICAS  \nPRINCIPAIS\nEqualização Ativa Individual do Banco de Baterias\nEleva a vida útil e a confiabilidade das baterias. \nPermite que as baterias atinjam a máxima vida útil de operação.\nAutomatização da Manutenção das Baterias\nO sistema mantém as baterias em condições ideais automaticamente. \nA análise e o diagnóstico são realizados à distância, individualmente e \nsem precisar desligar o sistema.\nMonitoramento em Tempo Real das Baterias\nMonitora a condição das baterias em tempo real à distância,  de \nforma eficiente e reduzindo o elevado custo com intervenções \nmanuais.Medição da Impedância da Bateria\nA Impedância interna é o parâmetro real da condição da bateria. \nAlém disso, mede a tensão e temperatura individual de cada bateria e \ngrava na memória.Previne contra quedas do sistema por defeito nas baterias\nO sistema monitora constantemente as baterias individualmente e \nenvia alarmes antes de ocorrer um problema.\nCONFIGURAÇÃO DO BANCO DE BATERIAS\nAPLICAÇÕES\nn   \nn   \n Banc os de Ba terias:\n• Sist emas No -Breaks\n• Retificador es de Telecomunicações\n• Ener gia Solar e Eólica\n• Compatív el com t odas as mar cas \nde equipament os, independent e \ndo fabr icant e.\nTipos :\n• Seladas Reguladas por Válvula VRLA\n• Estacionár ias\n• 12VDC e 2VDC', 'n  Rendimento: 95% \nBaterias\nn  Tensão de Linha:\n• 380/400/415V : ± 240 Vdc (40 baterias)   \n• 200/208/220V : ± 120 Vdc (20 baterias)   \nn  Sistema de Recarga: controlado, automático\nn  Tempo de Recarga:  8 a 10 horas para 90% da \ncarga\nn Tipo: seladas, isentas de manutenção\nBy-pass estático \nn  Acionamento: automático controlado pelo \nDSP\nn  Tempo de Transferência: 0 ms (nulo)\nn   Retransferência ao Modo Normal:  \nautomática\nBy-pass estático de Manutenção\nPermite manutenção do No-Break sem \ndesligar a carga\nn  Acionamento:  manual através de disjuntor\nn  Reposição ao modo normal: sem interrupção\nProteções Elétricas\nn  Sub e Sobre Tensão de Entrada e Saída \nn  Sub e Sobre Tensão DC e Bateria \nn  Sobrecarga e Curto-circuito\nn  Mínima descarga de bateria\nn  Sobre temperatura \nMedições\nn  True RMS \nn  Potência de saída em kVA\nn  Potência de saída em kW\nn  Fator de Potência de saídan  Tensão de Saída\nn  Frequência de Saída \nn  Tensão de Bateria\nn  Corrente de Bateria*\nn  Fator de Potência de Entrada*\nn  Tensão de Entrada\nn  Corrente de Entrada*\nn  Frequência de Entrada\nAlarmes\nControlados pelo processador DSP\nn Tipos de Alarmes:\n• Sonoros:\n       »  Falta de Rede - 1 toque a cada 4 segundos\n       »  Pré-alarme das Baterias: 1 toque por segundo\n       »  Falha Interna do No-Break: alarme contínuo\n• Mensagens de alerta:\n       »  Display de Cristal líquido\n       »  Display em LCD\n       »  Mensagem por e-mail, celular ou pop-up:\n       - Operação Normal\n       - Falha de Rede \n       - Pré-alarme de Baterias\n       - Bypass Estático ativo\n       - Bypass Manual ativo\n       - Sobrecarga de Saída\n       - Falha Interna\nLog de Eventos\nn  Registros Armazenados:\n    •    5 mil registros em memória interna\n    •    Indicação de data, hora e ocorrência \n    •    Medições  \n    •    Status de operação e alarmes do painel \nCaracterísticas de operação\nn Ruído Audível: 55 dBA a 60 dBA a 1 metro\nn MTBF (Mean Time Between Failures): 250 mil horas   \nn MTTR (Mean Time To Repair): 30 minutos\nn Temperatura ambiente:\n   • No-Break: 20ºC a 40ºC \n   • Baterias: 0ºC a 30ºC\n   • Recomendada: 20ºC a 25ºC\nn Umidade Relativa:\n  • 0% a 95% sem condensação\n  • Recomendada: 45% a 55%\nn Atitude: até 1.000m\nn Tipo de Ambiente Recomendado:\n  • Interno, instalação abrigada\n  • Atmosfera: limpa, livre de partículas condutivas, \ngases tóxicos, líquidos e inﬂ  amáveis.']","Based on the information provided, both No-Break systems and batteries have features that contribute to their reliability. No-Break systems have a high efficiency of 95% and a Mean Time Between Failures (MTBF) of 250,000 hours, indicating a low likelihood of failure. They also have a quick bypass time of 0 ms and a retransfer time to normal mode that is automatic.

Batteries, on the other hand, have features such as individual battery impedance measurement, which allows for real-time monitoring of battery condition. The system also measures voltage and temperature of each battery and stores this information in memory. Additionally, the system sends alarms before any issues occur, helping to prevent system failures.

Both No-Break systems and batteries have their own unique features that contribute to their reliability. The choice between them may depend on the specific requirements of the application.","As tecnologias de No-Breaks são projetadas para alta confiabilidade, com características como modularidade, tecnologia hotswap e gerenciamento avançado de baterias, enquanto as baterias são otimizadas para maximizar sua vida útil e reduzir custos de manutenção.",0.0,0.5,0.0,0.7857142857142857,0.8486560058570273,0.9285714285714286,0.26,0.6686125950108803,0.1925601750547045,0.032258064516129,0.0,0.0,1,1,1,1,1
50,comparação tecnologias No-Break confiabilidade eficiência ambientes críticos,"['TECNOLOGIA  ON  LINE  COM  BYPASS\nESTÁTICO  DE  MANUTENÇÃO\nCARACTERÍSTICAS  PRINCIPAIS\nTecnologia Avançada \nDSP  (Digital Signal Processor)\nMedições em True RMS com Precisão de \nMultímetros\nBypass Estático de Manutenção\nSoftware de Gerenciamento Remoto Real-Time \nSistema Paralelo Multi Ativo (Exclusivo CM)Permite funções avançadas e exclusivas em \ntempo real.\nPermite que sejam rastreados para análise.\nSão ideais para a medição de cargas não lineares.\nAdicionam proteção e elevam a confiabilidade da \ncarga sensível.\nVia TCP/IP,  com proteção de senhas para acesso \nremoto, shutdown.\nPodem ser paraleladas quantas unidades forem \nnecessárias, possibilitando expansão do sistema, \nde acordo com a demanda de consumo.Memória Interna para Registro de EventosDisplay TFT 4,3"" Touch Screen\n(Item de Série)\nPossibilidade de Upgrade do Firmware do \nDSP \nAcionamentos Monitorados pelo  DSP\nControle Inteligente da Velocidade dos \nCoolersModerna tela com comandos por toque, que \npermite acesso ao No-Break pela internet.\nGarante a utilização e preservação do \ninvestimento.\nAs manobras são registradas e gravadas no \nlog de eventos.\nProlongam a vida útil dos equipamentos \ne reduzem os intervalos de manutenção. Saída Rede Elétric a\nde En trada\nCorrente Alt ernada de Entrada\nCorrente ContínuaCorrente Alternada de Saída\nCorrente Alternada B ypass Estático  Corr ente Alternada B ypass Estático \nde Manutenção Bypass Estático de Manutenção\nPermite a transf erência e o r etorno da car ga do No -Break \npara um cir cuito alter nativ o de f ornecimento de ener gia, \npara atividades de manutenção . Em quaisquer situações , \no fornecimento de ener gia é contínuo , sem \ninter rupções .\nRetificador\nConverte a ener gia da \nrede elétr ica da \nconcessionár ia ou do \ngrupo gerador em \ncorrente contínua, \ncorrigindo ou \neliminando distúr bios   \nda entrada do sistema.Inversor\nConverte a cor rente contínua do \nretificador ou das bater ias em cor rente \nalter nada de saída, com f orma de onda \nBanco de Baterias\nArmaz ena ener gia reser va para alimentar o No -Break \ndurante um per íodo pr edeter minado , denominado Bypass Estático\nSistema de pr oteção \nque, em caso de \nproblemas , transf ere \nautomaticamente a \ncarga para um \ncircuito alter nativ o, \nsem inter rupção no \nfornecimento de \nener gia. Rede Pr esente\nFalha de R ede\nBypass Estátic o\nBypass Estátic o de\n Manutenç ãoNo-Break C onception M ulti A tivo\nTrifásico\nINTERFACES DE \nGERENCIAMENTO   \nREMOTO\nSão compostas por div ersas \nferramentas . O A daptador SNMP \nNetM ate per mite ger enciar \nremotament e o No -Break via a I nternet \natravés de um w eb br owser , monit orar \no status e en viar aler tas por e -mail . \nO sof tware IP P ower é uma f erramenta \nde ger enciament o  Windows \nApplication e a v ersão Client é \nespecífica para  aut omatizar o \nshut down de ser vidor es, podendo \ndesligar aut omática e simultaneament e \nvários ser vidor es e estações . \nO Adaptador Ar mModbus per mite \nintegrar o No -Break, via uma por ta \nRS485, a Sist emas de A utomação \nPredial .DISPLAY TFT 4,3 ‘’ \nTOUCH SCREEN\nCOMANDO POR TOQUE', '3"" Touch Screen\nEstrutura  do Gabinete: \n• Rack: metálico\n• Tampas laterais e superior removíveis\n• Acabamento: pintura epóxi-pó na cor grafite\ncom tratamento térmico e anticorrosivo \nVentilação: forçada , com controle digital  de\n velocidade pelo DSP\nInter\nfaces de Gerenciamento\nVários servidores em um único No-Break\nFerramentas de Shutdown e Gerenciamenton \nn \nn \nn \nn \nn \nn \nn \nn \nn   \n  \n   \n  \n  \n  \n  \n \n \n  Dimensões Compactas \n Porta de Comunicação: \n• Serial RS232C Isolada Full Duplex -DB9 Fêmea*\n• Contato Seco DB9 Fêmea\n• RJ45 - Ethernet \n Mono e multiusuário, cliente-server, mult-server\n Protocolos:\n• Serial RS232 \n• Serial RS485*\n• SNMP / Telnet / http / TCP/IP*\nSoftwares de Gerenciamento*\n• Adaptador SNMP \n  Ambientes e Sistemas Operacionais\n• Windows 7 / 8 / 10\n• Linux \n( Marcas dos respectivos fabricantes ) \n * Opcional \nnMedições\nTrue RMS\nPotência de Saída em kVA\nPotência de Saída em kW\nFator de Potência de Saída*\nTensão de Saída\nCorrente de Saída\nTensão de Bateria\nCorrente de Bateria*\nFator de Potência de Entrada*\nCorrente de Entrada*\nFrequência de Entradan \nn \nn \nn \nn \nn \nn \nn \nn \nn \nn \nn \nn    \n  \n  \n  \n  \n  \n \n \n \n  \n \n  \n   Frequência de Saída\n Tensão de Entrada\nAlarmes\nControlados pelo processador DSP\nTipos de Alarmes:\n• Sonoros:\n» Falta de Rede: 1 toque a cada 4 s\n» Pré-alarme das Baterias: 1 toque por segundo\n» Falha Interna do No-Break: alarme contínuo\n• Mensagens de Alerta:\n» Display de Cristal Líquido\n» Software IP Power via TCP/IP\n» Mensagem por e-mail, celular ou pop-up:\n- Operação Normal\n- Falha de Rede\n- Pré-alarme de Baterias\n- Bypass Estático Ativo\n- Bypass Manual Ativo\n- Sobrecarga de Saída\n- Falha n \nn   \n \nLog de Eventos\nRegistros Armazenados:\n• Memória com 25.500 registros (sendo 15 logs de \nconfiguração e 495 logs de eventos)\n• Indicação de data, hora e ocorrência\n• Medições\n• Status de operação e alarmes do painel\n• Status chaves internas\n• Possível visualizar no painel \n• Disponibilidade para download\nAutonomia da NVRAM: \n• 5 anos (com No Break desligado)n \nn   \n  \nCaracterísticas de Operação\nn \nn \nn \nn \nn \nn \nn \nn    \n  \n  \n \n  \n  \n  \n Ruído Audível: 55 dBA a 60 dBA a 1 metro\nMTBF (Mean Time Between Failures): 200 mil horas\nMTTR (Mean Time To Repair): 30 minutos\nTemperatura Ambiente: \n• No-Break: 20ºC a 40ºC \n• Baterias: 0ºC a 30ºC\n• Recomendada: 20ºC e 25ºC\nAltitude: até 1.000m\nTipo de Ambiente Recomendado:\n• Interno, instalação abrigada\n• Atmosfera: limpa, livre de partículas condutivas, \ngases tóxicos, líquidos e inflamáveis.']","When comparing No-Break technologies for use in critical environments, there are several factors to consider, including reliability, efficiency, and the specific requirements of the environment.

Based on the provided context, one No-Break technology with advanced features is the TECNOLOGIA ON LINE COM BYPASS ESTÁTICO DE MANUTENÇÃO. This technology includes a Digital Signal Processor (DSP) for precise measurements and real-time software management. It also features a paralleled system for increased capacity and reliability, as well as a modern touch screen interface for easy operation.

In terms of reliability, this technology offers a high Mean Time Between Failures (MTBF) of 200,000 hours and a Mean Time To Repair (MTTR) of just 30 minutes. It also has a wide operating temperature range and is suitable for internal installation in clean, particle-free environments.

For efficiency, the technology includes features such as energy-saving ventilation with digital speed control and a high-performance power inverter. It also offers various software management tools and interfaces for remote monitoring and control.

When compared to other No-Break technologies, the TECNOLOGIA ON LINE COM BYPASS ESTÁTICO DE MANUTENÇÃO appears to be a reliable and efficient option for use in critical environments. However, it is important to consider the specific needs and constraints of the environment in question when selecting a technology.","Os No-Breaks Composition trifásico oferecem alta confiabilidade e eficiência, sendo projetados para ambientes críticos como data centers e hospitais, com características como tecnologia hotswap, controle DSP e gerenciamento avançado de baterias.",0.9999999999,0.0,0.0,0.2941176470588235,0.6334879741395034,0.7647058823529411,0.17,0.6366264169700426,0.1336565096952908,0.0386100386100386,0.0,0.0,0,1,1,0,1
51,"Como as abordagens de isolamento e aterramento em sistemas de No-Breaks, como os modelos Transformerless e Multi Ativo Trifásico, se comparam em termos de segurança e confiabilidade, conforme descrito nos relatórios sobre tecnologia DSP e supervisão de falhas de isolação?","['Alta Tecnologia em\nProcessamento Digital\nde Sinais - DSP\nO S M A I S M O D E R N O S\nN O B R E A K S C O R P O R AT I V O SVivemos em um mundo cada vez mais ágil e prático. Um mundo conectado por processadores, chips, softwares e \nperiféricos. Mas isso ainda não é o bastante. Por isso, o mundo caminha para tecnologias de processamento imediato \nde dados. A CM Comandos Lineares está um passo à frente e oferece aos seus clientes produtos dotados de uma \ntecnologia revolucionária, denominada Processamento Digital de Sinais -- DSP .\nToda a linha de No Breaks Innovation S1 Trifásico  \nTransformerless conta com a tecnologia DS P.   \nCaracterística que proporciona alta performance e \nconfiabilidade, tornando-os ideais para aplicações de missão crítica. Ou seja, protegem as aplicações nas quais a \ncontinuidade da operação é de fundamental importância.\ndos equipamentos pode ser atualizado, \nacrescentando novas funções em \nunidades já instaladas. Hoje, esta tecnologia está presente nos mais sofisticados sistemas eletrônicos, devido à sua alta velocidade e \nconfiabilidade. Processadores Digitais de Sinais são capazes de processar dez milhões de amostragens por segundo. \nIsso significa processamento em tempo real -- o sinal é processado no mesmo instante em que é recebido, sem \nretardos ou atrasos.\nProjetados com o uso intenso dos recursos da tecnologia DSP ,  os No Breaks Innovation Trifásico Transformerless  \nagregam novos  e avançados recursos, que estabelecem um novo conceito em desenvolvimento, no qual o firmware \nAo pensar em adquirir No Breaks,     \nconte com as soluções da\nCM Comandos, que asseguram \ntecnologia de ponta, máxima proteção, \nprecisão digital e processamento        \nem tempo real.', 'DominionSP1\nCARACTERÍSTIC AS  PRINCIP AIS\nTecnologia A vançada DSP  (Digital Signal P rocessor)\nMemória Int erna par a Registr o de E ventos\nMedições em True RMS c om P recisão de Multímetr os\nCorreção do F ator de P otência de E ntr ada0.99*\nAcionament os Monit orados pelo P rocessador DSPPermite funções a vançadas e ex clusivas em t empo r eal.\nPermite que sejam rastr eados para análise .\nSão ideais para a medição de car gas não linear es.\nAtua como filtr o para as car gas não -linear es.\nAs manobras são r egistradas e g ravadas no log de ev entos.TECNOL OGIA  ON-LINE  C OM  BYP ASS  ESTÁTIC O  DE  MANUTENÇÃO\nCorr ente Alternada de Entrada\nCorr ente ContínuaCorr ente Alternada de Saída\nCorr ente Alternada B ypass Estático  Corr ente Alternada B ypass Manual de Manutenção  Saída Rede Elétric a\nde Entr adaRede P resente\nFalha de Rede\nBypass Estátic o\nBypass Manual de\n ManutençãoBypass Manual de Manutenção\nNeste modo de operação , a car ga é alimentada dir etamente pelo cir cuito \nalter nativ o de B ypass que possibilita o desligamento completo do \nequipamento , podendo assim, r ealizar uma manutenção com substituições de \npeças e placas sem a necessidade de desligamento . Com o auxílio da chav e \nestática, após a manutenção , é possív el transf erir novamente o No -Break para \no modo nor mal mantendo a car ga sempr e alimentada.\nRetificador\nConverte a ener gia da r ede elétr ica \nda concessionár ia ou do g rupo \ngerador em cor rente contínua, \ncorrigindo ou eliminando \ndistúr bios da entrada do sistema.\nBanco de Baterias\nArmaz ena ener gia reser va para alimentar o No -Break durante \num per íodo pr é-deter minado , denominado como tempo de \nautonomia do No -Break.Inversor\nConverte a cor rente contínua do r etificador ou das \nbater ias em cor rente alter nada de saída, com f orma de \nonda senoidal pura, livr e de distúr bios .Transf ormador Isolador\nIsola a tensão de saída, garantindo assim uma \nmelhor qualidade de ener gia, filtrando possív eis \nruídos ex ternos mesmo operando em modo B ypass . Bypass Estático\nSistema de pr oteção que , \nem caso de falha, transf ere \nautomaticamente a car ga \npara a linha de B ypass \nsem inter rupções na saída \ne opera em sincr onismo \nde fase . \nPossibilidade de Upgr ade do F irmwar e do DSP\nAjust es da Tensão por Sof twar e\nBypass Estátic o e Bypass M anual de M anut enção\nGerenciament o Remot o Real-Time Via Int ernet*\nCompatív el com Todos os Grupos G erador esGarant e a atualização e pr eser vação do in vestiment o.\nAsseguram elevada pr ecisão e confiabilidade .\nAdicionam pr oteção e elevam a confiabilidade da car ga sensív el.\nVia TCP/IP e fir ewalls com pr oteção de senhas para acesso r emot o.\nPrecisão e t otal pr oteção para operação com g rupos gerador es.']","The text provided does not include a direct comparison between the isolation and grounding approaches in No-Break systems, such as Transformerless and Multi Active Trifásico models, in terms of safety and reliability concerning DSP technology and isolation failure monitoring. However, it does mention that the DSP technology offers high performance and reliability, making it ideal for mission-critical applications. Additionally, the text highlights the presence of online maintenance technology with bypass static features in the DominionSP1 system, allowing for maintenance without disrupting the power supply. The Transformerless line of No Breaks Innovation S1 Trifásico features DSP technology, providing advanced and innovative features for maximum protection, precision, and real-time processing.","As abordagens de isolamento e aterramento em sistemas de No-Breaks, como os modelos Transformerless e Multi Ativo Trifásico, se comparam em termos de segurança e confiabilidade, destacando a inovação do modelo S1 e suas características de comando linear e operação trifásica, além da supervisão de falhas de isolação que aumenta a segurança ao evitar interrupções no fornecimento de energia elétrica.",0.0,0.0,0.1249999998437499,0.5555555555555556,0.0,0.7777777777777778,0.0,0.7416280619449153,0.2670807453416148,0.086021505376344,0.0,0.0,0,1,1,0,0
52,"Como as diferent abordagens de interface do usuario em sistemas de No-Break, como uso de Processadores de Sinal Digital, tecnologia hotswap e gerenciamento remoto, se comparam em termos de confiabilidade e eficiencia em ambientes criticos, conforme descrito nos relatorios?","['Alta Tecnolog ia em\nProcessament o Dig ital\nde Sinais - DSP\nOS MAIS MODERNOS\nNO-BREAKS CORPORATIVOSVivemos em um mundo cada v ez mais ág il e prático . Um mundo conec tado por pr ocessador es, chips , softwares e \nperiféricos. Mas isso ainda não é o bastant e. Por isso , o mundo caminha para t ecnolog ias de pr ocessament o imediat o \nde dados . A CM C omandos Linear es está um passo à fr ente e of erece aos seus client es pr odut os dotados de uma \ntecnolog ia revolucionár ia, denominada P rocessament o Dig ital de Sinais - - DSP .\nToda a linha de No -Breaks  \nconta com a t ecnolog ia DSP .  Carac terística que \npropor ciona alta per formance e confiabilidade , Conception Multi Ativ o \npara aplicações de missão cr ítica. Ou seja, pr otegem as aplicações nas quais a continuidade da operação é de \nfundamental impor tância.\nequipament os pode ser atualizado , \nacrescentando novas funções em \nunidades já instaladas . Hoje , esta t ecnolog ia está pr esent e nos mais sofisticados sist emas eletr ônicos , devido à sua alta v elocidade e \nconfiabilidade . Processador es Dig itais de Sinais são capaz es de pr ocessar dez milhões de amostragens por segundo . \nIsso sig nifica pr ocessament o em t empo r eal -- o sinal é pr ocessado no mesmo instant e em que é r ecebido , sem \nretardos ou atrasos .\nProjetados com o uso int enso dos r ecursos da t ecnolog ia DSP ,  os No -Breaks C onception Multi Ativ o  ag regam nov os  \ne avançados r ecursos , que estabelecem um nov o conceit o em desen volviment o, no qual o fir mware dos \nAdquir indo No -Breaks , cont e com as \nsoluções da CM C omandos , que \nasseguram t ecnolog ia de ponta, \nmáxima pr oteção , precisão dig ital e \nprocessament o em t empo r eal.  Modelo 300kV A', 'Alta Tecnologia em\nProcessamento Digital de Sinais - DSP\nHoje esta tecnologia está presente nos mais soﬁ  sticados sistemas eletrônicos devido a sua alta velocidade e conﬁ  abil-\ndade. Processadores Digitais de Sinais são capazes de processar dez milhões de amostragens por segundo. Isso signiﬁ  -\nca processamento em tempo real - o sinal é processado no mesmo instante em que é recebido, sem retardos ou atrasos.Vivemos  em um mundo cada vez mais ágil e prático. Um mundo conectado por processadores, chips, softwares e periféricos.  Mas \nainda não é o bastante, por isso, o mundo caminha para tecnologias de processamento imediato de dados. A CM Comandos está \num passo à frente e oferece aos seus clientes produtos dotados de uma tecnologia revolucionária, denominada Processamento \nDigital de Sinais - DSP .\nToda linha de No-Breaks Composition conta com a tecno-\nlogia DSP . Característica que proporciona alta performa-\nce e conﬁ  abilidade, tornando-os ideais para aplicações de \nmissão crítica. Ou seja, protegem as aplicações nas quais a  \ncontinuidade da operação é de fundamental importância. \nProjetados com o uso intenso dos recursos da tecnologia\nDSP , os No-Breaks Composition agregam novos e avançados \nrecursos que estabelecem um novo conceito em desenvolvi-\nmento, no qual o ﬁ  rmware dos equipamentos pode ser atuali-\nzado acrescentando novas funções em  unidades já instaladas.\nAo pensar em adquirir No-Breaks, conte com as soluções da \nCM Comandos, que asseguram tecnologia de ponta, máxima \nproteção, precisão digital e processamento em tempo real.OS MAIS MODERNOS NO-BREAKS CORPORATIVOS']","In critical environments, systems with Digital Signal Processors (DSP) offer high performance and reliability, enabling real-time processing of up to ten million samples per second. This results in no delays or latency, which is crucial for mission-critical applications.

Moreover, DSP-based systems can be updated, adding new functions to existing units, ensuring state-of-the-art technology and maximum protection.

On the other hand, hotswap technology allows for components to be replaced without interrupting the system's operation, maintaining high availability and efficiency. This feature is particularly beneficial in critical environments where downtime must be minimized.

Lastly, remote management enables administrators to monitor and control systems from a distance, reducing the need for on-site intervention. This can lead to increased efficiency and cost savings, as well as improved response times in the event of issues.

In conclusion, each approach has its advantages, and the choice between them depends on the specific requirements of the application and environment. However, DSP-based systems excel in performance and reliability, hotswap technology ensures high availability, and remote management improves efficiency.","As diferentes abordagens de interface do usuário em sistemas de No-Break, como o uso de Processadores de Sinal Digital, tecnologia hotswap e gerenciamento remoto, se comparam em termos de confiabilidade e eficiência em ambientes críticos, destacando a alta confiabilidade e a capacidade de manutenção sem interrupção do sistema.",0.99999999995,0.0,0.1111111109876543,0.0,0.6545432821570589,0.3684210526315789,0.59,0.6095758113370893,0.1855421686746987,0.0257510729613733,0.0,0.0,1,1,1,1,1
53,"Como as diferentes abordagens de eficiência energética, como sistemas Transformerless, Digital Signal Processor e No-Breaks modulares, se comparam em termos de confiabilidade e desempenho em ambientes críticos, conforme descrito nos relatórios?","['Alta Tecnologia em\nProcessamento Digital\nde Sinais - DSP\nO S M A I S M O D E R N O S\nN O B R E A K S C O R P O R AT I V O SVivemos em um mundo cada vez mais ágil e prático. Um mundo conectado por processadores, chips, softwares e \nperiféricos. Mas isso ainda não é o bastante. Por isso, o mundo caminha para tecnologias de processamento imediato \nde dados. A CM Comandos Lineares está um passo à frente e oferece aos seus clientes produtos dotados de uma \ntecnologia revolucionária, denominada Processamento Digital de Sinais -- DSP .\nToda a linha de No Breaks Innovation S1 Trifásico  \nTransformerless conta com a tecnologia DS P.   \nCaracterística que proporciona alta performance e \nconfiabilidade, tornando-os ideais para aplicações de missão crítica. Ou seja, protegem as aplicações nas quais a \ncontinuidade da operação é de fundamental importância.\ndos equipamentos pode ser atualizado, \nacrescentando novas funções em \nunidades já instaladas. Hoje, esta tecnologia está presente nos mais sofisticados sistemas eletrônicos, devido à sua alta velocidade e \nconfiabilidade. Processadores Digitais de Sinais são capazes de processar dez milhões de amostragens por segundo. \nIsso significa processamento em tempo real -- o sinal é processado no mesmo instante em que é recebido, sem \nretardos ou atrasos.\nProjetados com o uso intenso dos recursos da tecnologia DSP ,  os No Breaks Innovation Trifásico Transformerless  \nagregam novos  e avançados recursos, que estabelecem um novo conceito em desenvolvimento, no qual o firmware \nAo pensar em adquirir No Breaks,     \nconte com as soluções da\nCM Comandos, que asseguram \ntecnologia de ponta, máxima proteção, \nprecisão digital e processamento        \nem tempo real.', 'Alta Tecnolog ia em\nProcessament o Dig ital\nde Sinais - DSP\nOS MAIS MODERNOS\nNO-BREAKS C ORPOR ATIVOSVivemos em um mundo cada v ez mais ág il e prático . Um mundo conec tado por pr ocessador es, chips , softwares e \nperiféricos. Mas isso ainda não é o bastant e. Por isso , o mundo caminha para t ecnolog ias de pr ocessament o imediat o \nde dados . A CM C omandos Linear es está um passo à fr ente e of erece aos seus client es pr odut os dotados de uma \ntecnolog ia revolucionár ia, denominada P rocessament o Dig ital de Sinais -- DSP .\nToda a linha de No -Breaks D ominion SP1 conta com a \ntecnolog ia DSP . Carac terística que pr opor ciona alta\n performance e confiabilidade ,  ideais para aplicações de missão cr ítica. Ou seja, pr otegem as aplicações \nnas quais a continuidade da operação é de fundamental impor tância.tornando -os\nequipament os pode ser atualizado \nacrescentando novas funções em \nunidades já instaladas .Hoje , esta t ecnolog ia está pr esent e nos mais sofisticados sist emas eletr ônicos devido à sua alta v elocidade e \nconfiabilidade . Processador es Dig itais de Sinais são capaz es de pr ocessar dez milhões de amostragens por segundo . \nIsso sig nifica pr ocessament o em t empo r eal -- o sinal é pr ocessado no mesmo instant e em que é r ecebido , sem \nretardos ou atrasos .\nProjetados com o uso int enso dos r ecursos da t ecnolog ia DSP , os No -Breaks D ominion SP1 ag regam nov os  e \navançados r ecursos que estabelecem um nov o conceit o em desen volviment o, no qual o fir mware dos \nAdquir indo No -Breaks , cont e com as \nsoluções da CM C omandos que \nasseguram t ecnolog ia de ponta, \nmáxima pr oteção , precisão dig ital e \nprocessament o em t empo r eal.  \nNo-Break Dominion SP1 -  8 e 12 kV A - Monofásico']","In terms of reliability and performance in critical environments, as described in the reports, DSP (Digital Signal Processor) technology, such as that found in the No Breaks Innovation S1 Trifásico Transformerless and No Breaks Dominion SP1, stands out due to its high speed, precision, and real-time processing capabilities. These processors can handle up to ten million samples per second, ensuring immediate signal processing without delays or lags.

The Transformerless approach, also present in the No Breaks Innovation S1 Trifásico Transformerless, contributes to higher efficiency and reliability by eliminating the need for a transformer. This results in a more compact, lightweight, and efficient system.

No-Breaks modular systems, like the No-Breaks Dominion SP1 - 8 e 12 kV A - Monofásico, offer the advantage of scalability and easy maintenance. By having modular components, these systems can be updated or replaced as needed, ensuring continued operation and adaptability in critical environments.

In summary, DSP technology, Transformerless design, and modular systems all contribute to enhanced reliability and performance in critical environments. However, the specific implementation and product design will ultimately determine the overall efficiency and suitability for a given application.","As diferentes abordagens de eficiência energética, como sistemas Transformerless, Digital Signal Processor e No-Breaks modulares, se comparam em termos de confiabilidade e desempenho em ambientes críticos, destacando a alta confiabilidade dos No-Breaks modulares, que são projetados para integração em data centers e oferecem tecnologia hotswap, além de controle DSP e gerenciamento avançado de baterias.",0.0,0.0,0.0909090908264462,0.0,0.695760912353141,0.3571428571428571,0.11,0.7579329229649233,0.211890243902439,0.0948616600790513,0.0,0.0,1,0,1,1,1
54,comparação abordagens manutenção suporte técnico contratos redução degradação manutenção preventiva,"['Vantagens do C ontrat o de M anut enção \nAtravés do contrat o de manut enção , técnicos e gest ores de manut enção podem r eduzir a deg radação dos seus equipament os, prolongando \no tempo de vida útil e evitando int ervenções cor retivas , que geram cust os elevados e t êm impac tos negativ os.\nn   Supor te técnico por t elefone, durant e 24hs/dia\nn   Minimizar os r iscos e pr ejuíz os de t er um equipament o parado\nn   Prioridade no at endiment o no caso de uma parada \nn Redução da necessidade de manut enção cor retivas em at é 80% e \nconsequent e  redução de cust os\nn  Serviços de cor retivas , quando  inclusos no contrat o \nn Redução de cust o: equipament os com manut enção pr eventiva \nadequada sofr em menos desgast es e, por tanto \ntem sua vida útil ampliada. \nAv. Eng . Alber to de Zagottis , 760 - 04675-085 -  São P aulo - SP\nTel.: (11) 5696-5033 \nwww.cmcomandos .com.br\nSistema de \nSustentabilidade A uditadoIdentifique Nossa E quipe \nUniforme P adrão \nCamisa azul   Calça azul   Crachá  \nPedro\nSuporte Técnico0000000000001Nome:\nRG:\nSetor:João P edro \nMatrícula:\n1111 25.613.810-2\nAssistência Técnica\n1.Uso... \nJOÃO PEDRO \nSuporte Técnico Supor te Técnico\nCall C enter int egrado ao sist ema de gestão ERP\nTécnicos Treinados e Qualificados\nEquipados com I nstrumentação de P onta\nAnalisador de Har mônicos\nAtendiment o 24 horas - 7 dias da semana via C ontrat os\nde M anut enção P reditiva, P reventiva e C orretiva\n  Supor te Pleno de P ré e P ós-V enda\nAmpla cober tura em t odo o paísn   \nn  \nn  \nn  \nn  \nn\nn  \nCM MK T SET 2021  -   As especificações estão sujeitas a alterações sem pr évio aviso . Nós incentivamos a r eciclagem\nAtendiment o em t odo\n o Território Nacional\ncom filiais e r epresentant es nas pr incipais \ncidades e capitais , otimizando o t empo , \ncusto e buscando a ex celência\n na pr estação de ser viços\nEscaneie e saiba mais sobr e o\n contrat o de manut enção \nOSD  N LI A NM EO AC R EMSCISO\n90012015 OSD  N LI A NM EO AC R EMSC', 'Manut enção e \nSupor te Técnico  \nNo-Breaks , Estabilizador es \ne demais S oluções  \n Serviços C O N T R A T O S  D E  M A N U T E N Ç Ã O']","The text describes the advantages of a maintenance contract, which includes technical support that can help reduce the degradation of equipment, extending its useful life and avoiding costly emergency interventions. The contract provides 24/7 support and prioritizes assistance in case of a shutdown. It also reduces the need for corrective maintenance by up to 80%, leading to cost savings. Preventive maintenance is mentioned as a strategy to reduce wear and tear, thereby amplifying the lifespan of the equipment. The contract includes corrective, preventive, and predictive maintenance services. The support team is trained, equipped with instrumentation, and available 24/7. The contract also emphasizes the importance of sustainability and recycling. However, the text does not provide a specific comparison between different maintenance approaches or their impact on degradation and preventive maintenance.","A comparação entre abordagens de manutenção e suporte técnico destaca que contratos de manutenção reduzem a degradação dos equipamentos e a necessidade de manutenções corretivas, resultando em economia e prolongando a vida útil dos equipamentos.",0.9999999999,1.0,0.0,0.7894736842105263,0.0,1.0,0.48,0.7084711408852831,0.1883899233296824,0.0465116279069767,0.0,0.0,1,1,1,0,1
55,"Como as abordagens sobre suporte técnico e manutenção preventiva se comparam em diferentes relatórios, considerando aspectos como a redução da degradação dos equipamentos, a importância de contratos de manutenção e a disponibilidade de suporte técnico 24 horas?","['Vantagens do C ontrat o de M anut enção \nAtravés do contrat o de manut enção , técnicos e gest ores de manut enção podem r eduzir a deg radação dos seus equipament os, prolongando \no tempo de vida útil e evitando int ervenções cor retivas , que geram cust os elevados e t êm impac tos negativ os.\nn   Supor te técnico por t elefone, durant e 24hs/dia\nn   Minimizar os r iscos e pr ejuíz os de t er um equipament o parado\nn   Prioridade no at endiment o no caso de uma parada \nn Redução da necessidade de manut enção cor retivas em at é 80% e \nconsequent e  redução de cust os\nn  Serviços de cor retivas , quando  inclusos no contrat o \nn Redução de cust o: equipament os com manut enção pr eventiva \nadequada sofr em menos desgast es e, por tanto \ntem sua vida útil ampliada. \nAv. Eng . Alber to de Zagottis , 760 - 04675-085 -  São P aulo - SP\nTel.: (11) 5696-5033 \nwww.cmcomandos .com.br\nSistema de \nSustentabilidade A uditadoIdentifique Nossa E quipe \nUniforme P adrão \nCamisa azul   Calça azul   Crachá  \nPedro\nSuporte Técnico0000000000001Nome:\nRG:\nSetor:João P edro \nMatrícula:\n1111 25.613.810-2\nAssistência Técnica\n1.Uso... \nJOÃO PEDRO \nSuporte Técnico Supor te Técnico\nCall C enter int egrado ao sist ema de gestão ERP\nTécnicos Treinados e Qualificados\nEquipados com I nstrumentação de P onta\nAnalisador de Har mônicos\nAtendiment o 24 horas - 7 dias da semana via C ontrat os\nde M anut enção P reditiva, P reventiva e C orretiva\n  Supor te Pleno de P ré e P ós-V enda\nAmpla cober tura em t odo o paísn   \nn  \nn  \nn  \nn  \nn\nn  \nCM MK T SET 2021  -   As especificações estão sujeitas a alterações sem pr évio aviso . Nós incentivamos a r eciclagem\nAtendiment o em t odo\n o Território Nacional\ncom filiais e r epresentant es nas pr incipais \ncidades e capitais , otimizando o t empo , \ncusto e buscando a ex celência\n na pr estação de ser viços\nEscaneie e saiba mais sobr e o\n contrat o de manut enção \nOSD  N LI A NM EO AC R EMSCISO\n90012015 OSD  N LI A NM EO AC R EMSC', 'TECNOLOGIA  EQUALIZER\nEqualização A tiva Individual das Ba terias\n O módulo de bater ia ativ o regula individualmente a \ntensão de cada bater ia e as mantém homogêneas , \nelevando a sua durabilidade , capacidade e r esistência \ncontra cor rosão e sulfatação .\nEvita e pr otege c ontr a Ex cesso de C arga\nAtrav és da Equalização Ativa as bater ias são pr oteg idas \nindividualmente contra o ex cesso de car ga, pr evenindo -\nas contra exalação de gases , secagem do eletr ólito \ninter no e do aquecimento inter no em ex cesso .\nEvita e pr otege c ontr a Falta de C arga\nA Equalização Ativa individual das bater ias impede que \nas mesmas r ecebam menor tensão que dev eriam, \nevitando -se a sulfatação e a per da de capacidade .\nIndicador de P roblemas da Ba teria\nAtrav és da medição da Tensão , Impedância e \nTemperatura, o sistema monitora os pr oblemas típicos \ndas bater ias, tais como sulfatação , cor rosão , per da de \ngases , secagem do eletr ólito e aquecimento inter no.Elimina a Sulfa tação das Ba terias\nO pr oblema decor re dos car regador es e r etificador es de \nbater ias, que r egulam a tensão de flutuação ou \nequalização na tensão final das bater ias e não garantem \nque em algumas  bater ias elas r ecebam maior tensão e , \nem outras , menor tensão . Atrav és da Equalização Ativa, \nmantêm-se todas as bater ias com tensão equilibrada.\nProteção c ontr a contaminação de ba terias\nAtrav és da Equalização Ativa individual de cada bater ia, \nevitam-se danos de uma bater ia a outras bater ias \npróximas , o ef eito de contaminação , ou seja, uma bater ia \nruim danifica as boas .\nOtimização da capacidade das ba terias\nGraças à Equalização Ativa, o Equaliz er garante a plena \nrecar ga e a máxima otimização da bater ia.\nAler ta par a substituir ba terias\nAtrav és da análise da cur va de impedância, pode -se \nidentificar a tendência, já na fase inicial de instalação , se \nalguma bater ia está deter iorada ou simplesmente mais \nfraca do que as outras . Quanto antes ef etuar este \ndiag nóstico , melhor será para o r estante da vida útil das \ndemais bater ias.Alarmes de ba teria\nAtrav és do monitoramento dos parâmetr os-chav e das \nbater ias e medições de limites pr eestabelecidos , o \nsistema en via avisos de alar mes automaticamente aos \nadministrador es do sistema.\nManutenção à distância \nO Equaliz er melhora a qualidade do ser viço, fornecendo \nmonitoramento r emoto atrav és da I nternet, VPN ou \noutra r ede, para faz er download de dados em tempo \nreal e acesso ao histór ico da bater ia para análise . \nManutenção sem desligar o sistema\nOs testes de bater ia individuais são possív eis \nremotamente , sem o esf orço para desligar as bater ias. \nAs manutenções e as análises  de bater ia podem ser \nrealizadas em condições r eais de operação , sem a \nnecessidade de paradas no sistema.\nOtimiza a manutenção em campo\nA equipe de manutenção se desloca somente quando \nhá inter venções cor retivas e dir etas na bater ia que \napresentar def eito na ocor rência de alar mes ou na \nanálise de diag nóstico e , é clar o, reduz enor mes custos \noperacionais .\nOSD  N LI A NM EO AC R EM SCISO\n90012015\nAv. Eng .']","Based on the provided context, there are two reports discussing support technical and preventive maintenance.

The first report focuses on the advantages of a maintenance contract. It highlights that through this contract, technicians and maintenance managers can reduce equipment degradation, extend the useful life, avoid emergency interventions, and prioritize assistance in case of a shutdown. Additionally, it mentions that there is a reduction of up to 80% in corrective maintenance and a consequent reduction in costs. The contract also includes corrective services and reduces the cost of preventive maintenance, as properly maintained equipment suffers less wear and tear, thereby extending its lifespan.

The second report discusses the Equalizer technology, which focuses on individual battery equalization. This technology regulates the voltage of each battery and keeps them homogeneous, increasing their durability, capacity, and resistance to corrosion and sulfation. It also protects against overcharging and undercharging, monitors battery problems, eliminates sulfation, and prevents battery contamination. The system offers remote monitoring, real-time data download, and access to battery history for analysis. It also allows for remote battery tests without the need to turn off the system, optimizing field maintenance and reducing operational costs.

In summary, both reports emphasize the importance of maintenance and support, whether through a maintenance contract or advanced technology solutions. These approaches aim to reduce equipment degradation, ensure proper functioning, and minimize operational costs.","As abordagens sobre suporte técnico e manutenção preventiva se comparam em diferentes relatórios ao destacar a redução da degradação dos equipamentos, a importância de contratos de manutenção e a disponibilidade de suporte técnico 24 horas, evidenciando que o contrato de manutenção prolonga a vida útil dos equipamentos e minimiza custos com intervenções corretivas.",0.9999999999,1.0,0.0,0.1470588235294117,0.7443354914026181,0.8285714285714286,0.16,0.6590203232702194,0.1661576053756872,0.0277777777777777,0.0,0.0,1,0,1,1,1
56,De que maneira as abordagens sobre gestao de energia e os benefcios dos contratos de manutencao se comparam?,"['TECNOLOGIA ON LINE COM BYPASS ESTÁTICO DE MANUTENÇÃO\nINTERFACE DE GERENCIAMENTO REMOTO\nAs Interfaces de Gerenciamento Remoto são compostas por diversas ferramentas, sendo elas: \n•  O Adaptador SNMP que permite gerenciar remotamente o No-Break via Internet através de um web browser,  monitorar o status \ne enviar alertas por e-mail. \n• O software, uma ferramenta de gerenciamento Windows Application e a versão Client é especíﬁ  ca para automatizar o shutdown \nde servidores, podendo desligar automática e simultaneamente vários servidores e estações. \n• O Adaptador Modbus permite integrar o No-Break, via uma porta RS485, a Sistemas de Automação Predial.\nBypass Estático\nSistema de proteção que, em caso de \nproblemas, transfere automaticamente \na carga para um circuito alternativo, sem \ninterrupção no fornecimento de energia.Bypass Estático de Manutenção\nPermite a transferência e o retorno da carga do No-Break para um circuito \nalternativo de fornecimento de energia, para atividades de manutenção. \nEm quaisquer situações, o fornecimento de energia é contínuo, sem \ninterrupções.\nBanco de Baterias\nArmazena energia reserva para alimentar o No-Break \ndurante um período predeterminado, denominado como \ntempo de autonomia do No-Break.Retificador\nConverte a energia da\nrede elétrica da concessionária\n ou do grupo gerador em\ncorrente contínua, corrigindo \nou eliminando distúrbios\nda entrada do sistema.\nCorrente alternada de entradaCorrente contínua Corrente alternada de saída\nCorrente alternada Bypass estáticoCorrente alternada Bypass estático\nde manutenção\nInversor\nConverte a corrente contínua do \nretiﬁ  cador ou das baterias em corrente \nalternada de saída, com forma de onda \nsenoidal pura, livre de distúrbios.\nRetificador\nConverte a energia da\nrede elétrica da concessionária\n ou do grupo gerador em\nInversor\nConverte a corrente contínua do \nretiﬁ  cador ou das baterias em corrente \nalternada de saída, com forma de onda', 'Manut enção e \nSupor te Técnico  \nNo-Breaks , Estabilizador es \ne demais S oluções  \n Serviços C O N T R A T O S  D E  M A N U T E N Ç Ã O']","Based on the provided context, there is no direct comparison given between approaches to energy management and the benefits of maintenance contracts. However, the context does mention that the online technology for bypassing maintenance of a No-Break system includes a remote management interface. This interface includes an SNMP adapter for remote management via the internet, allowing for monitoring of the status and sending of email alerts. This suggests that there may be energy management benefits to this remote management capability.

Additionally, the context also mentions maintenance contracts in relation to No-Breaks, stabilizers, and other solutions. It can be inferred that having a maintenance contract would ensure the proper functioning and timely replacement of these systems, leading to better energy management and cost savings in the long run.

Therefore, while not explicitly stated in the context, it can be inferred that energy management approaches and maintenance contract benefits can complement each other in ensuring efficient and uninterrupted energy supply.","As abordagens sobre gestão de energia e os benefícios dos contratos de manutenção se comparam na medida em que ambos visam otimizar o desempenho e a durabilidade dos equipamentos, com os contratos de manutenção oferecendo vantagens como a redução da degradação dos equipamentos e a economia em manutenções corretivas.",0.0,0.0,0.0,0.0,0.0,0.3,0.13,0.6644608672709069,0.1965105601469238,0.0277777777777777,0.0,0.0,0,1,1,0,1
57,"De que maneira as estratégias de redução de custos relacionadas à manutenção e suporte técnico se comparam em diferentes relatórios, considerando aspectos como contratos de manutenção, redução da degradação dos equipamentos e a eficácia da manutenção preventiva adequada?","['Vantagens do C ontrat o de M anut enção \nAtravés do contrat o de manut enção , técnicos e gest ores de manut enção podem r eduzir a deg radação dos seus equipament os, prolongando \no tempo de vida útil e evitando int ervenções cor retivas , que geram cust os elevados e t êm impac tos negativ os.\nn   Supor te técnico por t elefone, durant e 24hs/dia\nn   Minimizar os r iscos e pr ejuíz os de t er um equipament o parado\nn   Prioridade no at endiment o no caso de uma parada \nn Redução da necessidade de manut enção cor retivas em at é 80% e \nconsequent e  redução de cust os\nn  Serviços de cor retivas , quando  inclusos no contrat o \nn Redução de cust o: equipament os com manut enção pr eventiva \nadequada sofr em menos desgast es e, por tanto \ntem sua vida útil ampliada. \nAv. Eng . Alber to de Zagottis , 760 - 04675-085 -  São P aulo - SP\nTel.: (11) 5696-5033 \nwww.cmcomandos .com.br\nSistema de \nSustentabilidade A uditadoIdentifique Nossa E quipe \nUniforme P adrão \nCamisa azul   Calça azul   Crachá  \nPedro\nSuporte Técnico0000000000001Nome:\nRG:\nSetor:João P edro \nMatrícula:\n1111 25.613.810-2\nAssistência Técnica\n1.Uso... \nJOÃO PEDRO \nSuporte Técnico Supor te Técnico\nCall C enter int egrado ao sist ema de gestão ERP\nTécnicos Treinados e Qualificados\nEquipados com I nstrumentação de P onta\nAnalisador de Har mônicos\nAtendiment o 24 horas - 7 dias da semana via C ontrat os\nde M anut enção P reditiva, P reventiva e C orretiva\n  Supor te Pleno de P ré e P ós-V enda\nAmpla cober tura em t odo o paísn   \nn  \nn  \nn  \nn  \nn\nn  \nCM MK T SET 2021  -   As especificações estão sujeitas a alterações sem pr évio aviso . Nós incentivamos a r eciclagem\nAtendiment o em t odo\n o Território Nacional\ncom filiais e r epresentant es nas pr incipais \ncidades e capitais , otimizando o t empo , \ncusto e buscando a ex celência\n na pr estação de ser viços\nEscaneie e saiba mais sobr e o\n contrat o de manut enção \nOSD  N LI A NM EO AC R EMSCISO\n90012015 OSD  N LI A NM EO AC R EMSC', 'TECNOLOGIA  EQUALIZER\nEqualização A tiva Individual das Ba terias\n O módulo de bater ia ativ o regula individualmente a \ntensão de cada bater ia e as mantém homogêneas , \nelevando a sua durabilidade , capacidade e r esistência \ncontra cor rosão e sulfatação .\nEvita e pr otege c ontr a Ex cesso de C arga\nAtrav és da Equalização Ativa as bater ias são pr oteg idas \nindividualmente contra o ex cesso de car ga, pr evenindo -\nas contra exalação de gases , secagem do eletr ólito \ninter no e do aquecimento inter no em ex cesso .\nEvita e pr otege c ontr a Falta de C arga\nA Equalização Ativa individual das bater ias impede que \nas mesmas r ecebam menor tensão que dev eriam, \nevitando -se a sulfatação e a per da de capacidade .\nIndicador de P roblemas da Ba teria\nAtrav és da medição da Tensão , Impedância e \nTemperatura, o sistema monitora os pr oblemas típicos \ndas bater ias, tais como sulfatação , cor rosão , per da de \ngases , secagem do eletr ólito e aquecimento inter no.Elimina a Sulfa tação das Ba terias\nO pr oblema decor re dos car regador es e r etificador es de \nbater ias, que r egulam a tensão de flutuação ou \nequalização na tensão final das bater ias e não garantem \nque em algumas  bater ias elas r ecebam maior tensão e , \nem outras , menor tensão . Atrav és da Equalização Ativa, \nmantêm-se todas as bater ias com tensão equilibrada.\nProteção c ontr a contaminação de ba terias\nAtrav és da Equalização Ativa individual de cada bater ia, \nevitam-se danos de uma bater ia a outras bater ias \npróximas , o ef eito de contaminação , ou seja, uma bater ia \nruim danifica as boas .\nOtimização da capacidade das ba terias\nGraças à Equalização Ativa, o Equaliz er garante a plena \nrecar ga e a máxima otimização da bater ia.\nAler ta par a substituir ba terias\nAtrav és da análise da cur va de impedância, pode -se \nidentificar a tendência, já na fase inicial de instalação , se \nalguma bater ia está deter iorada ou simplesmente mais \nfraca do que as outras . Quanto antes ef etuar este \ndiag nóstico , melhor será para o r estante da vida útil das \ndemais bater ias.Alarmes de ba teria\nAtrav és do monitoramento dos parâmetr os-chav e das \nbater ias e medições de limites pr eestabelecidos , o \nsistema en via avisos de alar mes automaticamente aos \nadministrador es do sistema.\nManutenção à distância \nO Equaliz er melhora a qualidade do ser viço, fornecendo \nmonitoramento r emoto atrav és da I nternet, VPN ou \noutra r ede, para faz er download de dados em tempo \nreal e acesso ao histór ico da bater ia para análise . \nManutenção sem desligar o sistema\nOs testes de bater ia individuais são possív eis \nremotamente , sem o esf orço para desligar as bater ias. \nAs manutenções e as análises  de bater ia podem ser \nrealizadas em condições r eais de operação , sem a \nnecessidade de paradas no sistema.\nOtimiza a manutenção em campo\nA equipe de manutenção se desloca somente quando \nhá inter venções cor retivas e dir etas na bater ia que \napresentar def eito na ocor rência de alar mes ou na \nanálise de diag nóstico e , é clar o, reduz enor mes custos \noperacionais .\nOSD  N LI A NM EO AC R EM SCISO\n90012015\nAv. Eng .']","According to the provided context, both the contrato de manutencia and the Equalizer technology offer cost reduction strategies related to maintenance and technical support. The contrato de manutencia provides benefits such as reducing the need for corrective maintenance by 80%, prioritizing attention in case of a shutdown, and having trained and equipped technicians available 24/7. On the other hand, the Equalizer technology offers features like equalizing battery tension individually, protecting against overcharge and undercharge, monitoring problems, and eliminating sulfation. Both approaches aim to increase equipment durability and reduce costs, but they target different aspects of the maintenance process. The contrato de manutencia focuses on overall maintenance and support, while the Equalizer technology focuses specifically on battery management.","As estratégias de redução de custos relacionadas à manutenção e suporte técnico se comparam em diferentes relatórios ao destacar a importância dos contratos de manutenção, que reduzem a degradação dos equipamentos e aumentam a eficácia da manutenção preventiva, resultando em economia significativa.",0.9999999999,1.0,0.0,0.2857142857142857,0.6865106018997124,0.9285714285714286,0.12,0.6234018857284409,0.2219653179190751,0.0591715976331361,0.0,0.0,0,0,1,1,1
58,"De que maneira as abordagens sobre manutençã e suport tecnico em diferent relatorios se comparam, especilamente em relacao a contratos de manutençã, reduçã da degradação dos equipamentus e suport tecnico 24 horas?","['Vantagens do C ontrat o de M anut enção \nAtravés do contrat o de manut enção , técnicos e gest ores de manut enção podem r eduzir a deg radação dos seus equipament os, prolongando \no tempo de vida útil e evitando int ervenções cor retivas , que geram cust os elevados e t êm impac tos negativ os.\nn   Supor te técnico por t elefone, durant e 24hs/dia\nn   Minimizar os r iscos e pr ejuíz os de t er um equipament o parado\nn   Prioridade no at endiment o no caso de uma parada \nn Redução da necessidade de manut enção cor retivas em at é 80% e \nconsequent e  redução de cust os\nn  Serviços de cor retivas , quando  inclusos no contrat o \nn Redução de cust o: equipament os com manut enção pr eventiva \nadequada sofr em menos desgast es e, por tanto \ntem sua vida útil ampliada. \nAv. Eng . Alber to de Zagottis , 760 - 04675-085 -  São P aulo - SP\nTel.: (11) 5696-5033 \nwww.cmcomandos .com.br\nSistema de \nSustentabilidade A uditadoIdentifique Nossa E quipe \nUniforme P adrão \nCamisa azul   Calça azul   Crachá  \nPedro\nSuporte Técnico0000000000001Nome:\nRG:\nSetor:João P edro \nMatrícula:\n1111 25.613.810-2\nAssistência Técnica\n1.Uso... \nJOÃO PEDRO \nSuporte Técnico Supor te Técnico\nCall C enter int egrado ao sist ema de gestão ERP\nTécnicos Treinados e Qualificados\nEquipados com I nstrumentação de P onta\nAnalisador de Har mônicos\nAtendiment o 24 horas - 7 dias da semana via C ontrat os\nde M anut enção P reditiva, P reventiva e C orretiva\n  Supor te Pleno de P ré e P ós-V enda\nAmpla cober tura em t odo o paísn   \nn  \nn  \nn  \nn  \nn\nn  \nCM MK T SET 2021  -   As especificações estão sujeitas a alterações sem pr évio aviso . Nós incentivamos a r eciclagem\nAtendiment o em t odo\n o Território Nacional\ncom filiais e r epresentant es nas pr incipais \ncidades e capitais , otimizando o t empo , \ncusto e buscando a ex celência\n na pr estação de ser viços\nEscaneie e saiba mais sobr e o\n contrat o de manut enção \nOSD  N LI A NM EO AC R EMSCISO\n90012015 OSD  N LI A NM EO AC R EMSC', 'Manut enção e \nSupor te Técnico  \nNo-Breaks , Estabilizador es \ne demais S oluções  \n Serviços C O N T R A T O S  D E  M A N U T E N Ç Ã O']","A comparison of approaches to maintenance and technical support in different reports, with a particular focus on maintenance contracts, reduction of equipment degradation, and 24-hour technical support, can be made by examining the various aspects that each report highlights.

One report emphasizes the benefits of a maintenance contract, which includes the reduction of equipment degradation, minimization of risks and losses due to equipment downtime, priority attention in case of a shutdown, an 80% reduction in corrective maintenance, and reduced costs for both corrective and preventive maintenance. The report also mentions the provision of 24-hour technical support and the use of trained and equipped technicians.

Another report provides information about the company offering maintenance and technical support services, including a 24-hour support option, a wide coverage area, and the availability of various service contracts. The company's team is identified by their uniform, and specific staff members are named, along with their qualifications and contact information.

While these reports cover similar topics, they approach the subject matter differently. The first report is more focused on the advantages of maintenance contracts and the impact they can have on equipment degradation and technical support. The second report is more centered on introducing the company and its services, providing details about the team and contact information.

In summary, the two reports compare in terms of their focus on maintenance contracts, equipment degradation, and 24-hour technical support. However, they differ in their emphasis on the company's services and team, as well as the level of detail provided about the benefits of maintenance contracts.","As abordagens sobre manutenção e suporte técnico se comparam ao destacar a importância dos contratos de manutenção, que reduzem a degradação dos equipamentos e oferecem suporte técnico 24 horas, minimizando riscos de paradas e garantindo prioridade no atendimento.",0.9999999999,1.0,0.0,0.2758620689655172,0.7568435728128892,0.4137931034482758,0.23,0.6535310555706146,0.1250707413695528,0.019543973941368,0.0,0.0,1,0,1,1,1
59,Como abordagens manutenção suporte técnico relatórios se comparam contratos manutenção redução degradação equipamentos eficácia manutenção preventiva?,"['Vantagens do C ontrat o de M anut enção \nAtravés do contrat o de manut enção , técnicos e gest ores de manut enção podem r eduzir a deg radação dos seus equipament os, prolongando \no tempo de vida útil e evitando int ervenções cor retivas , que geram cust os elevados e t êm impac tos negativ os.\nn   Supor te técnico por t elefone, durant e 24hs/dia\nn   Minimizar os r iscos e pr ejuíz os de t er um equipament o parado\nn   Prioridade no at endiment o no caso de uma parada \nn Redução da necessidade de manut enção cor retivas em at é 80% e \nconsequent e  redução de cust os\nn  Serviços de cor retivas , quando  inclusos no contrat o \nn Redução de cust o: equipament os com manut enção pr eventiva \nadequada sofr em menos desgast es e, por tanto \ntem sua vida útil ampliada. \nAv. Eng . Alber to de Zagottis , 760 - 04675-085 -  São P aulo - SP\nTel.: (11) 5696-5033 \nwww.cmcomandos .com.br\nSistema de \nSustentabilidade A uditadoIdentifique Nossa E quipe \nUniforme P adrão \nCamisa azul   Calça azul   Crachá  \nPedro\nSuporte Técnico0000000000001Nome:\nRG:\nSetor:João P edro \nMatrícula:\n1111 25.613.810-2\nAssistência Técnica\n1.Uso... \nJOÃO PEDRO \nSuporte Técnico Supor te Técnico\nCall C enter int egrado ao sist ema de gestão ERP\nTécnicos Treinados e Qualificados\nEquipados com I nstrumentação de P onta\nAnalisador de Har mônicos\nAtendiment o 24 horas - 7 dias da semana via C ontrat os\nde M anut enção P reditiva, P reventiva e C orretiva\n  Supor te Pleno de P ré e P ós-V enda\nAmpla cober tura em t odo o paísn   \nn  \nn  \nn  \nn  \nn\nn  \nCM MK T SET 2021  -   As especificações estão sujeitas a alterações sem pr évio aviso . Nós incentivamos a r eciclagem\nAtendiment o em t odo\n o Território Nacional\ncom filiais e r epresentant es nas pr incipais \ncidades e capitais , otimizando o t empo , \ncusto e buscando a ex celência\n na pr estação de ser viços\nEscaneie e saiba mais sobr e o\n contrat o de manut enção \nOSD  N LI A NM EO AC R EMSCISO\n90012015 OSD  N LI A NM EO AC R EMSC', 'Manut enção e \nSupor te Técnico  \nNo-Breaks , Estabilizador es \ne demais S oluções  \n Serviços C O N T R A T O S  D E  M A N U T E N Ç Ã O']","A contract for maintenance provides several approaches to technical support, which can be compared to reports on the effectiveness of preventive maintenance in reducing equipment degradation. The contract includes preventive maintenance, which involves regular check-ups and servicing of equipment to ensure they are in good working condition, thereby reducing the likelihood of equipment breakdowns and the need for costly corrective maintenance. This proactive approach can lead to a reduction in equipment degradation and an increase in the useful life of the equipment.

The contract also includes corrective maintenance, which is carried out when equipment breaks down or is not functioning properly. While this approach can address existing issues, it may not be as effective in preventing future problems and reducing equipment degradation compared to preventive maintenance.

In terms of reporting, the contract likely includes provisions for regular reporting on the status of maintenance activities and the condition of the equipment. These reports can provide valuable insights into the effectiveness of the maintenance strategies being employed and help to identify areas for improvement.

Overall, a contract for maintenance can be an effective way to ensure that equipment is well-maintained and functioning optimally, reducing the impact of equipment degradation and improving overall efficiency.","As abordagens de manutenção e suporte técnico, especialmente através de contratos de manutenção, se comparam positivamente à manutenção preventiva, pois reduzem a degradação dos equipamentos e aumentam a eficácia da manutenção, podendo diminuir a necessidade de manutenções corretivas em até 80%.",0.9999999999,1.0,0.0,0.5,0.769375694478316,0.6363636363636364,0.0,0.6486761954099014,0.1559177888022679,0.0238095238095238,0.0,0.0,0,0,1,1,0
60,Como se comparam as abordagens de manutenção e suporte técnico?,"['Vantagens do C ontrat o de M anut enção \nAtravés do contrat o de manut enção , técnicos e gest ores de manut enção podem r eduzir a deg radação dos seus equipament os, prolongando \no tempo de vida útil e evitando int ervenções cor retivas , que geram cust os elevados e t êm impac tos negativ os.\nn   Supor te técnico por t elefone, durant e 24hs/dia\nn   Minimizar os r iscos e pr ejuíz os de t er um equipament o parado\nn   Prioridade no at endiment o no caso de uma parada \nn Redução da necessidade de manut enção cor retivas em at é 80% e \nconsequent e  redução de cust os\nn  Serviços de cor retivas , quando  inclusos no contrat o \nn Redução de cust o: equipament os com manut enção pr eventiva \nadequada sofr em menos desgast es e, por tanto \ntem sua vida útil ampliada. \nAv. Eng . Alber to de Zagottis , 760 - 04675-085 -  São P aulo - SP\nTel.: (11) 5696-5033 \nwww.cmcomandos .com.br\nSistema de \nSustentabilidade A uditadoIdentifique Nossa E quipe \nUniforme P adrão \nCamisa azul   Calça azul   Crachá  \nPedro\nSuporte Técnico0000000000001Nome:\nRG:\nSetor:João P edro \nMatrícula:\n1111 25.613.810-2\nAssistência Técnica\n1.Uso... \nJOÃO PEDRO \nSuporte Técnico Supor te Técnico\nCall C enter int egrado ao sist ema de gestão ERP\nTécnicos Treinados e Qualificados\nEquipados com I nstrumentação de P onta\nAnalisador de Har mônicos\nAtendiment o 24 horas - 7 dias da semana via C ontrat os\nde M anut enção P reditiva, P reventiva e C orretiva\n  Supor te Pleno de P ré e P ós-V enda\nAmpla cober tura em t odo o paísn   \nn  \nn  \nn  \nn  \nn\nn  \nCM MK T SET 2021  -   As especificações estão sujeitas a alterações sem pr évio aviso . Nós incentivamos a r eciclagem\nAtendiment o em t odo\n o Território Nacional\ncom filiais e r epresentant es nas pr incipais \ncidades e capitais , otimizando o t empo , \ncusto e buscando a ex celência\n na pr estação de ser viços\nEscaneie e saiba mais sobr e o\n contrat o de manut enção \nOSD  N LI A NM EO AC R EMSCISO\n90012015 OSD  N LI A NM EO AC R EMSC', 'TECNOLOGIA  EQUALIZER\nEqualização A tiva Individual das Ba terias\n O módulo de bater ia ativ o regula individualmente a \ntensão de cada bater ia e as mantém homogêneas , \nelevando a sua durabilidade , capacidade e r esistência \ncontra cor rosão e sulfatação .\nEvita e pr otege c ontr a Ex cesso de C arga\nAtrav és da Equalização Ativa as bater ias são pr oteg idas \nindividualmente contra o ex cesso de car ga, pr evenindo -\nas contra exalação de gases , secagem do eletr ólito \ninter no e do aquecimento inter no em ex cesso .\nEvita e pr otege c ontr a Falta de C arga\nA Equalização Ativa individual das bater ias impede que \nas mesmas r ecebam menor tensão que dev eriam, \nevitando -se a sulfatação e a per da de capacidade .\nIndicador de P roblemas da Ba teria\nAtrav és da medição da Tensão , Impedância e \nTemperatura, o sistema monitora os pr oblemas típicos \ndas bater ias, tais como sulfatação , cor rosão , per da de \ngases , secagem do eletr ólito e aquecimento inter no.Elimina a Sulfa tação das Ba terias\nO pr oblema decor re dos car regador es e r etificador es de \nbater ias, que r egulam a tensão de flutuação ou \nequalização na tensão final das bater ias e não garantem \nque em algumas  bater ias elas r ecebam maior tensão e , \nem outras , menor tensão . Atrav és da Equalização Ativa, \nmantêm-se todas as bater ias com tensão equilibrada.\nProteção c ontr a contaminação de ba terias\nAtrav és da Equalização Ativa individual de cada bater ia, \nevitam-se danos de uma bater ia a outras bater ias \npróximas , o ef eito de contaminação , ou seja, uma bater ia \nruim danifica as boas .\nOtimização da capacidade das ba terias\nGraças à Equalização Ativa, o Equaliz er garante a plena \nrecar ga e a máxima otimização da bater ia.\nAler ta par a substituir ba terias\nAtrav és da análise da cur va de impedância, pode -se \nidentificar a tendência, já na fase inicial de instalação , se \nalguma bater ia está deter iorada ou simplesmente mais \nfraca do que as outras . Quanto antes ef etuar este \ndiag nóstico , melhor será para o r estante da vida útil das \ndemais bater ias.Alarmes de ba teria\nAtrav és do monitoramento dos parâmetr os-chav e das \nbater ias e medições de limites pr eestabelecidos , o \nsistema en via avisos de alar mes automaticamente aos \nadministrador es do sistema.\nManutenção à distância \nO Equaliz er melhora a qualidade do ser viço, fornecendo \nmonitoramento r emoto atrav és da I nternet, VPN ou \noutra r ede, para faz er download de dados em tempo \nreal e acesso ao histór ico da bater ia para análise . \nManutenção sem desligar o sistema\nOs testes de bater ia individuais são possív eis \nremotamente , sem o esf orço para desligar as bater ias. \nAs manutenções e as análises  de bater ia podem ser \nrealizadas em condições r eais de operação , sem a \nnecessidade de paradas no sistema.\nOtimiza a manutenção em campo\nA equipe de manutenção se desloca somente quando \nhá inter venções cor retivas e dir etas na bater ia que \napresentar def eito na ocor rência de alar mes ou na \nanálise de diag nóstico e , é clar o, reduz enor mes custos \noperacionais .\nOSD  N LI A NM EO AC R EM SCISO\n90012015\nAv. Eng .']","The text provided discusses two different concepts: the advantages of a maintenance contract and the technology of Equalizer. There is no direct comparison between approaches to maintenance and technical support. However, I can describe some aspects of each approach based on the context.

The maintenance contract approach focuses on providing support for equipment through a contract, which includes services like 24/7 assistance, risk reduction, priority attention in case of a shutdown, and reduced need for corrective maintenance. This approach aims to extend equipment life, minimize downtime risks, and ensure adequately trained technicians are available.

On the other hand, the Equalizer technology focuses on individual battery equalization, which regulates the tension of each battery and keeps them homogeneous, increasing their durability, capacity, and resistance to corrosion and sulfation. This technology also monitors battery problems, prevents overcharging and undercharging, and alerts users to potential battery issues.

Both approaches aim to improve the lifespan and performance of equipment, but they target different aspects—one focusing on overall equipment maintenance and support, and the other focusing on individual battery management.","As abordagens de manutenção e suporte técnico se comparam pela importância dos contratos de manutenção, que oferecem vantagens como a redução da degradação dos equipamentos, prolongando sua vida útil e evitando custos elevados com intervenções corretivas.",0.9999999999,1.0,0.0,0.25,0.5824446966308504,1.0,0.3,0.5920276058633587,0.1541501976284585,0.009090909090909,0.0,0.0,0,1,1,0,1
61,"De que maneira as abordagens sobre manutenção e suporte técnico em diferentes relatórios se comparam, especialmente no que diz respeito a contratos de manutenção, redução da degradação dos equipamentos e suporte técnico 24 horas?","['Vantagens do C ontrat o de M anut enção \nAtravés do contrat o de manut enção , técnicos e gest ores de manut enção podem r eduzir a deg radação dos seus equipament os, prolongando \no tempo de vida útil e evitando int ervenções cor retivas , que geram cust os elevados e t êm impac tos negativ os.\nn   Supor te técnico por t elefone, durant e 24hs/dia\nn   Minimizar os r iscos e pr ejuíz os de t er um equipament o parado\nn   Prioridade no at endiment o no caso de uma parada \nn Redução da necessidade de manut enção cor retivas em at é 80% e \nconsequent e  redução de cust os\nn  Serviços de cor retivas , quando  inclusos no contrat o \nn Redução de cust o: equipament os com manut enção pr eventiva \nadequada sofr em menos desgast es e, por tanto \ntem sua vida útil ampliada. \nAv. Eng . Alber to de Zagottis , 760 - 04675-085 -  São P aulo - SP\nTel.: (11) 5696-5033 \nwww.cmcomandos .com.br\nSistema de \nSustentabilidade A uditadoIdentifique Nossa E quipe \nUniforme P adrão \nCamisa azul   Calça azul   Crachá  \nPedro\nSuporte Técnico0000000000001Nome:\nRG:\nSetor:João P edro \nMatrícula:\n1111 25.613.810-2\nAssistência Técnica\n1.Uso... \nJOÃO PEDRO \nSuporte Técnico Supor te Técnico\nCall C enter int egrado ao sist ema de gestão ERP\nTécnicos Treinados e Qualificados\nEquipados com I nstrumentação de P onta\nAnalisador de Har mônicos\nAtendiment o 24 horas - 7 dias da semana via C ontrat os\nde M anut enção P reditiva, P reventiva e C orretiva\n  Supor te Pleno de P ré e P ós-V enda\nAmpla cober tura em t odo o paísn   \nn  \nn  \nn  \nn  \nn\nn  \nCM MK T SET 2021  -   As especificações estão sujeitas a alterações sem pr évio aviso . Nós incentivamos a r eciclagem\nAtendiment o em t odo\n o Território Nacional\ncom filiais e r epresentant es nas pr incipais \ncidades e capitais , otimizando o t empo , \ncusto e buscando a ex celência\n na pr estação de ser viços\nEscaneie e saiba mais sobr e o\n contrat o de manut enção \nOSD  N LI A NM EO AC R EMSCISO\n90012015 OSD  N LI A NM EO AC R EMSC', 'Manut enção e \nSupor te Técnico  \nNo-Breaks , Estabilizador es \ne demais S oluções  \n Serviços C O N T R A T O S  D E  M A N U T E N Ç Ã O']","A manutenção e o suporte técnico em diferentes relatórios podem ser abordados de maneiras semelhantes, particularmente em relação a contratos de manutenção, redução da degradação dos equipamentos e suporte técnico 24 horas. Esses relatórios geralmente destacam a importância de contratos de manutenção para reduzir a degradação dos equipamentos, prolongar sua vida útil e evitar intervenções corretivas caras e prejudiciais. Além disso, o suporte técnico disponível 24 horas por dia é uma característica comum nesses relatórios, fornecendo assistência imediata e minimizando os riscos e prejuízos de equipamentos em pane. No entanto, as especificidades sobre os serviços oferecidos, a instrumentação usada e os prazos de atendimento podem variar de acordo com a organização e o contrato em questão.","As abordagens sobre manutenção e suporte técnico se comparam ao destacar a importância de contratos de manutenção, que reduzem a degradação dos equipamentos, prolongam sua vida útil e oferecem suporte técnico 24 horas, minimizando riscos de paradas e garantindo prioridade no atendimento.",0.9999999999,1.0,0.0,0.0666666666666666,0.843392571202816,0.2,0.56,0.824384030099965,0.3245614035087719,0.3529411764705882,0.0,0.0,0,1,1,1,1
62,Como as abordagens de manutenção e suporte técnico se comparam em relação a contratos e suporte 24 horas?,"['Vantagens do C ontrat o de M anut enção \nAtravés do contrat o de manut enção , técnicos e gest ores de manut enção podem r eduzir a deg radação dos seus equipament os, prolongando \no tempo de vida útil e evitando int ervenções cor retivas , que geram cust os elevados e t êm impac tos negativ os.\nn   Supor te técnico por t elefone, durant e 24hs/dia\nn   Minimizar os r iscos e pr ejuíz os de t er um equipament o parado\nn   Prioridade no at endiment o no caso de uma parada \nn Redução da necessidade de manut enção cor retivas em at é 80% e \nconsequent e  redução de cust os\nn  Serviços de cor retivas , quando  inclusos no contrat o \nn Redução de cust o: equipament os com manut enção pr eventiva \nadequada sofr em menos desgast es e, por tanto \ntem sua vida útil ampliada. \nAv. Eng . Alber to de Zagottis , 760 - 04675-085 -  São P aulo - SP\nTel.: (11) 5696-5033 \nwww.cmcomandos .com.br\nSistema de \nSustentabilidade A uditadoIdentifique Nossa E quipe \nUniforme P adrão \nCamisa azul   Calça azul   Crachá  \nPedro\nSuporte Técnico0000000000001Nome:\nRG:\nSetor:João P edro \nMatrícula:\n1111 25.613.810-2\nAssistência Técnica\n1.Uso... \nJOÃO PEDRO \nSuporte Técnico Supor te Técnico\nCall C enter int egrado ao sist ema de gestão ERP\nTécnicos Treinados e Qualificados\nEquipados com I nstrumentação de P onta\nAnalisador de Har mônicos\nAtendiment o 24 horas - 7 dias da semana via C ontrat os\nde M anut enção P reditiva, P reventiva e C orretiva\n  Supor te Pleno de P ré e P ós-V enda\nAmpla cober tura em t odo o paísn   \nn  \nn  \nn  \nn  \nn\nn  \nCM MK T SET 2021  -   As especificações estão sujeitas a alterações sem pr évio aviso . Nós incentivamos a r eciclagem\nAtendiment o em t odo\n o Território Nacional\ncom filiais e r epresentant es nas pr incipais \ncidades e capitais , otimizando o t empo , \ncusto e buscando a ex celência\n na pr estação de ser viços\nEscaneie e saiba mais sobr e o\n contrat o de manut enção \nOSD  N LI A NM EO AC R EMSCISO\n90012015 OSD  N LI A NM EO AC R EMSC', 'Manut enção e \nSupor te Técnico  \nNo-Breaks , Estabilizador es \ne demais S oluções  \n Serviços C O N T R A T O S  D E  M A N U T E N Ç Ã O']","A manutenção e suporte técnico em contratos de manutenção geralmente incluem serviços 24 horas por dia. Esses serviços visam reduzir a degradação dos equipamentos, prolongar sua vida útil, minimizar riscos e prejudícios, e dar prioridade no atendimento em caso de paradas. Além disso, esses contratos podem reduzir a necessidade de manutenção corretiva em até 80%, o que resulta em uma redução de custos. Os técnicos são treinados e qualificados, equipados com instrumentação de ponta, e fornecem atendimento preventivo, corretivo e prestado. O suporte técnico também está disponível 24 horas por dia, 7 dias por semana, através de contratos de manutenção. Além disso, o suporte técnico oferece assistência por telefone e é composto por uma equipe de especialistas que utilizam análises de harmônicos. Portanto, as abordagens de manutenção e suporte técnico em contratos de manutenção oferecem serviços 24 horas por dia, com foco em reduzir custos, prolongar a vida útil dos equipamentos e fornecer atendimento especializado.","As abordagens de manutenção e suporte técnico se comparam em relação a contratos e suporte 24 horas, onde o contrato de manutenção oferece vantagens como redução da degradação dos equipamentos, suporte técnico 24 horas, minimização de riscos de paradas e prioridade no atendimento.",0.9999999999,1.0,0.0,0.45,0.7915056871538827,0.8,0.52,0.8704472572576097,0.2165853658536585,0.2413793103448275,0.0,0.0,1,1,1,1,0
63,Como se comparam as abordagens de manutenção em relatórios?,"['• Analisa as curvas de carga e d escarga  das baterias, \nremotamente e s em desligar o s istema.\n• Identifica e e nvia alarmes da  bateria com defeito antes de \ncomprometer o s istema.\n• A m anutenção torna-se proativa, pois a intervenção é d ireta \nna bateria defeituosa, na ocorrência de alarmes. \n• Dashboard com duas opções de visualização, vertical e \nhorizontal.\n• Layout Responsivo, pronto para PCs, Tablets e S martphones. ANÁLISE  DA  VIDA ÚTIL CONFORME NORMA  IEEE  1188  E  1491 \n• Analisa o ciclo de vida útil das bat erias conf orme a Nor ma IEEE 1188: P ráticas r ecomendadas para manut enção , testes e substituição \nde bat erias e IEEE 1491: Guia para seleção e uso de equipament os de monit orament o de bat erias. \n• Determina a data z ero a par tir da instalação das bat erias e r egistra per iodicament e a ev olução do ciclo de vida útil das bat erias.\n• Relat ório do Ciclo de Vida com parâmetr os configurá veis.\nGERENCIAMENTO WEB \n• Medições de Impedância, Tensão e Temperatura individuais de \ncada bateria.\n• Indicadores de Status Normal, Falha e P ré-Alarme configuráveis.\n•Gráficos de Descarga com filtros dinâmicos.\n• Envio de e-mails em caso de alarmes.\n• Data Logger armazenado em Banco de Dados ANSI SQL.\n• Frequência de gravação configurável.\n• Controle de Acesso por senha em três níveis.\n• Protocolos SNMP V1 e V3 e M odbus Over IP.', 'Vantagens do C ontrat o de M anut enção \nAtravés do contrat o de manut enção , técnicos e gest ores de manut enção podem r eduzir a deg radação dos seus equipament os, prolongando \no tempo de vida útil e evitando int ervenções cor retivas , que geram cust os elevados e t êm impac tos negativ os.\nn   Supor te técnico por t elefone, durant e 24hs/dia\nn   Minimizar os r iscos e pr ejuíz os de t er um equipament o parado\nn   Prioridade no at endiment o no caso de uma parada \nn Redução da necessidade de manut enção cor retivas em at é 80% e \nconsequent e  redução de cust os\nn  Serviços de cor retivas , quando  inclusos no contrat o \nn Redução de cust o: equipament os com manut enção pr eventiva \nadequada sofr em menos desgast es e, por tanto \ntem sua vida útil ampliada. \nAv. Eng . Alber to de Zagottis , 760 - 04675-085 -  São P aulo - SP\nTel.: (11) 5696-5033 \nwww.cmcomandos .com.br\nSistema de \nSustentabilidade A uditadoIdentifique Nossa E quipe \nUniforme P adrão \nCamisa azul   Calça azul   Crachá  \nPedro\nSuporte Técnico0000000000001Nome:\nRG:\nSetor:João P edro \nMatrícula:\n1111 25.613.810-2\nAssistência Técnica\n1.Uso... \nJOÃO PEDRO \nSuporte Técnico Supor te Técnico\nCall C enter int egrado ao sist ema de gestão ERP\nTécnicos Treinados e Qualificados\nEquipados com I nstrumentação de P onta\nAnalisador de Har mônicos\nAtendiment o 24 horas - 7 dias da semana via C ontrat os\nde M anut enção P reditiva, P reventiva e C orretiva\n  Supor te Pleno de P ré e P ós-V enda\nAmpla cober tura em t odo o paísn   \nn  \nn  \nn  \nn  \nn\nn  \nCM MK T SET 2021  -   As especificações estão sujeitas a alterações sem pr évio aviso . Nós incentivamos a r eciclagem\nAtendiment o em t odo\n o Território Nacional\ncom filiais e r epresentant es nas pr incipais \ncidades e capitais , otimizando o t empo , \ncusto e buscando a ex celência\n na pr estação de ser viços\nEscaneie e saiba mais sobr e o\n contrat o de manut enção \nOSD  N LI A NM EO AC R EMSCISO\n90012015 OSD  N LI A NM EO AC R EMSC']","The two reports provided describe different aspects of maintenance approaches, with one focusing on a specific battery monitoring and management system, and the other discussing the benefits of a maintenance contract.

The catalogo-sistema-equalizer.pdf report delves into the features of a battery analysis system, which includes remote monitoring, alarm notifications, and a dashboard with two view options. This approach is focused on analyzing battery life cycles according to IEEE standards, monitoring individual measurements, and providing customizable alerts and data storage.

On the other hand, the contrato-de-manutencao.pdf report highlights the advantages of a maintenance contract, which aims to reduce equipment degradation, prevent unplanned downtime, and lower maintenance costs. This approach prioritizes technical support, proactive maintenance, and cost reductions for both preventive and corrective maintenance.

In summary, the first report emphasizes a technology-driven, data-centric approach to battery maintenance, while the second report focuses on the benefits of a comprehensive maintenance contract for various equipment.","As abordagens de manutenção em relatórios se comparam pela importância dos contratos de manutenção, que oferecem vantagens como a redução da degradação dos equipamentos e a minimização de custos com intervenções corretivas.",0.49999999995,1.0,0.0,0.2,0.8628984112048221,0.6,0.24,0.6616383753726639,0.1485664639443962,0.0402010050251256,0.0,0.0,0,1,1,1,1
64,Como os aspectos de manutençã e suporte técnico se comparam em eficácia e custo?,"['Vantagens do C ontrat o de M anut enção \nAtravés do contrat o de manut enção , técnicos e gest ores de manut enção podem r eduzir a deg radação dos seus equipament os, prolongando \no tempo de vida útil e evitando int ervenções cor retivas , que geram cust os elevados e t êm impac tos negativ os.\nn   Supor te técnico por t elefone, durant e 24hs/dia\nn   Minimizar os r iscos e pr ejuíz os de t er um equipament o parado\nn   Prioridade no at endiment o no caso de uma parada \nn Redução da necessidade de manut enção cor retivas em at é 80% e \nconsequent e  redução de cust os\nn  Serviços de cor retivas , quando  inclusos no contrat o \nn Redução de cust o: equipament os com manut enção pr eventiva \nadequada sofr em menos desgast es e, por tanto \ntem sua vida útil ampliada. \nAv. Eng . Alber to de Zagottis , 760 - 04675-085 -  São P aulo - SP\nTel.: (11) 5696-5033 \nwww.cmcomandos .com.br\nSistema de \nSustentabilidade A uditadoIdentifique Nossa E quipe \nUniforme P adrão \nCamisa azul   Calça azul   Crachá  \nPedro\nSuporte Técnico0000000000001Nome:\nRG:\nSetor:João P edro \nMatrícula:\n1111 25.613.810-2\nAssistência Técnica\n1.Uso... \nJOÃO PEDRO \nSuporte Técnico Supor te Técnico\nCall C enter int egrado ao sist ema de gestão ERP\nTécnicos Treinados e Qualificados\nEquipados com I nstrumentação de P onta\nAnalisador de Har mônicos\nAtendiment o 24 horas - 7 dias da semana via C ontrat os\nde M anut enção P reditiva, P reventiva e C orretiva\n  Supor te Pleno de P ré e P ós-V enda\nAmpla cober tura em t odo o paísn   \nn  \nn  \nn  \nn  \nn\nn  \nCM MK T SET 2021  -   As especificações estão sujeitas a alterações sem pr évio aviso . Nós incentivamos a r eciclagem\nAtendiment o em t odo\n o Território Nacional\ncom filiais e r epresentant es nas pr incipais \ncidades e capitais , otimizando o t empo , \ncusto e buscando a ex celência\n na pr estação de ser viços\nEscaneie e saiba mais sobr e o\n contrat o de manut enção \nOSD  N LI A NM EO AC R EMSCISO\n90012015 OSD  N LI A NM EO AC R EMSC', 'TECNOLOGIA  EQUALIZER\nEqualização A tiva Individual das Ba terias\n O módulo de bater ia ativ o regula individualmente a \ntensão de cada bater ia e as mantém homogêneas , \nelevando a sua durabilidade , capacidade e r esistência \ncontra cor rosão e sulfatação .\nEvita e pr otege c ontr a Ex cesso de C arga\nAtrav és da Equalização Ativa as bater ias são pr oteg idas \nindividualmente contra o ex cesso de car ga, pr evenindo -\nas contra exalação de gases , secagem do eletr ólito \ninter no e do aquecimento inter no em ex cesso .\nEvita e pr otege c ontr a Falta de C arga\nA Equalização Ativa individual das bater ias impede que \nas mesmas r ecebam menor tensão que dev eriam, \nevitando -se a sulfatação e a per da de capacidade .\nIndicador de P roblemas da Ba teria\nAtrav és da medição da Tensão , Impedância e \nTemperatura, o sistema monitora os pr oblemas típicos \ndas bater ias, tais como sulfatação , cor rosão , per da de \ngases , secagem do eletr ólito e aquecimento inter no.Elimina a Sulfa tação das Ba terias\nO pr oblema decor re dos car regador es e r etificador es de \nbater ias, que r egulam a tensão de flutuação ou \nequalização na tensão final das bater ias e não garantem \nque em algumas  bater ias elas r ecebam maior tensão e , \nem outras , menor tensão . Atrav és da Equalização Ativa, \nmantêm-se todas as bater ias com tensão equilibrada.\nProteção c ontr a contaminação de ba terias\nAtrav és da Equalização Ativa individual de cada bater ia, \nevitam-se danos de uma bater ia a outras bater ias \npróximas , o ef eito de contaminação , ou seja, uma bater ia \nruim danifica as boas .\nOtimização da capacidade das ba terias\nGraças à Equalização Ativa, o Equaliz er garante a plena \nrecar ga e a máxima otimização da bater ia.\nAler ta par a substituir ba terias\nAtrav és da análise da cur va de impedância, pode -se \nidentificar a tendência, já na fase inicial de instalação , se \nalguma bater ia está deter iorada ou simplesmente mais \nfraca do que as outras . Quanto antes ef etuar este \ndiag nóstico , melhor será para o r estante da vida útil das \ndemais bater ias.Alarmes de ba teria\nAtrav és do monitoramento dos parâmetr os-chav e das \nbater ias e medições de limites pr eestabelecidos , o \nsistema en via avisos de alar mes automaticamente aos \nadministrador es do sistema.\nManutenção à distância \nO Equaliz er melhora a qualidade do ser viço, fornecendo \nmonitoramento r emoto atrav és da I nternet, VPN ou \noutra r ede, para faz er download de dados em tempo \nreal e acesso ao histór ico da bater ia para análise . \nManutenção sem desligar o sistema\nOs testes de bater ia individuais são possív eis \nremotamente , sem o esf orço para desligar as bater ias. \nAs manutenções e as análises  de bater ia podem ser \nrealizadas em condições r eais de operação , sem a \nnecessidade de paradas no sistema.\nOtimiza a manutenção em campo\nA equipe de manutenção se desloca somente quando \nhá inter venções cor retivas e dir etas na bater ia que \napresentar def eito na ocor rência de alar mes ou na \nanálise de diag nóstico e , é clar o, reduz enor mes custos \noperacionais .\nOSD  N LI A NM EO AC R EM SCISO\n90012015\nAv. Eng .']","The text outlines the advantages of a maintenance contract, which includes technical support available 24/7, minimizing risks and downtime, prioritizing assistance in case of a shutdown, reducing the need for corrective maintenance by 80%, and lowering costs. On the other hand, it describes the Equalizer technology, which provides individual battery equalization, increasing battery durability, capacity, and resistance, protecting against overcharging and undercharging, and eliminating sulfation. However, it does not provide a direct comparison between the maintenance and support service's effectiveness and cost.","Os aspectos de manutenção e suporte técnico se comparam em eficácia e custo, pois o contrato de manutenção reduz a degradação dos equipamentos, prolonga sua vida útil e evita custos elevados com intervenções corretivas, além de oferecer suporte técnico 24 horas e minimizar riscos de paradas.",0.9999999999,1.0,0.0,0.25,0.0,1.0,0.42,0.6293629260189718,0.2471728594507269,0.0289855072463768,0.0,0.0,1,0,0,0,0
65,"De que maneira as abordagens sobre manutençã e suport tecnico em diferent relatorios se comparam, especilamente em relacao a contratos de manutençã, reduçã da degradaçã dos equipamentus e a eficacía da manutençã preventiva adequad?","['Vantagens do C ontrat o de M anut enção \nAtravés do contrat o de manut enção , técnicos e gest ores de manut enção podem r eduzir a deg radação dos seus equipament os, prolongando \no tempo de vida útil e evitando int ervenções cor retivas , que geram cust os elevados e t êm impac tos negativ os.\nn   Supor te técnico por t elefone, durant e 24hs/dia\nn   Minimizar os r iscos e pr ejuíz os de t er um equipament o parado\nn   Prioridade no at endiment o no caso de uma parada \nn Redução da necessidade de manut enção cor retivas em at é 80% e \nconsequent e  redução de cust os\nn  Serviços de cor retivas , quando  inclusos no contrat o \nn Redução de cust o: equipament os com manut enção pr eventiva \nadequada sofr em menos desgast es e, por tanto \ntem sua vida útil ampliada. \nAv. Eng . Alber to de Zagottis , 760 - 04675-085 -  São P aulo - SP\nTel.: (11) 5696-5033 \nwww.cmcomandos .com.br\nSistema de \nSustentabilidade A uditadoIdentifique Nossa E quipe \nUniforme P adrão \nCamisa azul   Calça azul   Crachá  \nPedro\nSuporte Técnico0000000000001Nome:\nRG:\nSetor:João P edro \nMatrícula:\n1111 25.613.810-2\nAssistência Técnica\n1.Uso... \nJOÃO PEDRO \nSuporte Técnico Supor te Técnico\nCall C enter int egrado ao sist ema de gestão ERP\nTécnicos Treinados e Qualificados\nEquipados com I nstrumentação de P onta\nAnalisador de Har mônicos\nAtendiment o 24 horas - 7 dias da semana via C ontrat os\nde M anut enção P reditiva, P reventiva e C orretiva\n  Supor te Pleno de P ré e P ós-V enda\nAmpla cober tura em t odo o paísn   \nn  \nn  \nn  \nn  \nn\nn  \nCM MK T SET 2021  -   As especificações estão sujeitas a alterações sem pr évio aviso . Nós incentivamos a r eciclagem\nAtendiment o em t odo\n o Território Nacional\ncom filiais e r epresentant es nas pr incipais \ncidades e capitais , otimizando o t empo , \ncusto e buscando a ex celência\n na pr estação de ser viços\nEscaneie e saiba mais sobr e o\n contrat o de manut enção \nOSD  N LI A NM EO AC R EMSCISO\n90012015 OSD  N LI A NM EO AC R EMSC', 'Manut enção e \nSupor te Técnico  \nNo-Breaks , Estabilizador es \ne demais S oluções  \n Serviços C O N T R A T O S  D E  M A N U T E N Ç Ã O']","A contractual approach to maintenance and technical support, as mentioned in the provided context, offers several advantages in terms of reducing equipment degradation, preventing costly corrective interventions, and extending the useful life of equipment. This is achieved through the services of trained and equipped technicians who provide 24/7 support, prioritized assistance in case of shutdowns, and an 80% reduction in corrective maintenance needs. Additionally, preventive maintenance contributes to reducing costs by increasing the lifespan of equipment due to less wear and tear.

In contrast, other reports may focus on reactive or corrective maintenance approaches, which can lead to higher costs, equipment downtime, and negative impacts. Preventive maintenance, as emphasized in the provided context, proves to be more effective in reducing degradation and ensuring the longevity of equipment.

The document also highlights the benefits of a certified sustainability system, uniformed team, and nationwide coverage, which can further enhance the overall maintenance and technical support experience.","As abordagens sobre manutenção e suporte técnico se comparam ao destacar a importância dos contratos de manutenção, que reduzem a degradação dos equipamentos e aumentam a eficácia da manutenção preventiva, podendo reduzir a necessidade de manutenções corretivas em até 80%.",0.9999999999,1.0,0.0,0.5714285714285714,0.6860364661447328,0.6666666666666666,0.69,0.7060888883792635,0.174303683737646,0.0197044334975369,0.0,0.0,1,1,1,1,1
66,"De que maneira as abordagens sobre manutençao e suporte tecniq em diferent relatorios se comparam, espeçialmente no que diz respeito a contratos de manutençao, reduçao da degradaçao dos equipamentus e suporte tecniq 24 horas?","['Vantagens do C ontrat o de M anut enção \nAtravés do contrat o de manut enção , técnicos e gest ores de manut enção podem r eduzir a deg radação dos seus equipament os, prolongando \no tempo de vida útil e evitando int ervenções cor retivas , que geram cust os elevados e t êm impac tos negativ os.\nn   Supor te técnico por t elefone, durant e 24hs/dia\nn   Minimizar os r iscos e pr ejuíz os de t er um equipament o parado\nn   Prioridade no at endiment o no caso de uma parada \nn Redução da necessidade de manut enção cor retivas em at é 80% e \nconsequent e  redução de cust os\nn  Serviços de cor retivas , quando  inclusos no contrat o \nn Redução de cust o: equipament os com manut enção pr eventiva \nadequada sofr em menos desgast es e, por tanto \ntem sua vida útil ampliada. \nAv. Eng . Alber to de Zagottis , 760 - 04675-085 -  São P aulo - SP\nTel.: (11) 5696-5033 \nwww.cmcomandos .com.br\nSistema de \nSustentabilidade A uditadoIdentifique Nossa E quipe \nUniforme P adrão \nCamisa azul   Calça azul   Crachá  \nPedro\nSuporte Técnico0000000000001Nome:\nRG:\nSetor:João P edro \nMatrícula:\n1111 25.613.810-2\nAssistência Técnica\n1.Uso... \nJOÃO PEDRO \nSuporte Técnico Supor te Técnico\nCall C enter int egrado ao sist ema de gestão ERP\nTécnicos Treinados e Qualificados\nEquipados com I nstrumentação de P onta\nAnalisador de Har mônicos\nAtendiment o 24 horas - 7 dias da semana via C ontrat os\nde M anut enção P reditiva, P reventiva e C orretiva\n  Supor te Pleno de P ré e P ós-V enda\nAmpla cober tura em t odo o paísn   \nn  \nn  \nn  \nn  \nn\nn  \nCM MK T SET 2021  -   As especificações estão sujeitas a alterações sem pr évio aviso . Nós incentivamos a r eciclagem\nAtendiment o em t odo\n o Território Nacional\ncom filiais e r epresentant es nas pr incipais \ncidades e capitais , otimizando o t empo , \ncusto e buscando a ex celência\n na pr estação de ser viços\nEscaneie e saiba mais sobr e o\n contrat o de manut enção \nOSD  N LI A NM EO AC R EMSCISO\n90012015 OSD  N LI A NM EO AC R EMSC', 'Manut enção e \nSupor te Técnico  \nNo-Breaks , Estabilizador es \ne demais S oluções  \n Serviços C O N T R A T O S  D E  M A N U T E N Ç Ã O']","A contractual approach to maintenance and technical support, as mentioned in the context, offers several advantages in terms of reducing equipment degradation, preventing unexpected breakdowns, and providing 24/7 support. This is achieved through the continuous monitoring and proactive maintenance of equipment, which can extend its lifespan and reduce the need for costly reactive maintenance. The contract also prioritizes assistance in the event of a shutdown. The technical team is equipped with the necessary tools and training to provide this support. This approach promotes sustainability and encourages recycling. The company has a wide coverage across the country, with branches and representatives in major cities and capitals, ensuring timely and cost-effective services. The contract also covers both pre and post-sales support.","As abordagens sobre manutenção e suporte técnico se comparam ao oferecer contratos que reduzem a degradação dos equipamentos, proporcionam suporte técnico 24 horas e minimizam riscos de paradas, garantindo prioridade no atendimento.",0.9999999999,1.0,0.0,0.5625,0.6719328627136664,0.8125,0.38,0.6790294693682195,0.1914387633769322,0.0253164556962025,0.0,0.0,1,1,1,0,1
67,"De que maneira as abordagens sobre manutençao e suporte tecniq em diferent relatorios se comparam, espeçialmente no que diz respeito a contratos de manutençao, reduçao da degradaçao dos equipamentus e suporte tecniq 24 horas?","['Vantagens do C ontrat o de M anut enção \nAtravés do contrat o de manut enção , técnicos e gest ores de manut enção podem r eduzir a deg radação dos seus equipament os, prolongando \no tempo de vida útil e evitando int ervenções cor retivas , que geram cust os elevados e t êm impac tos negativ os.\nn   Supor te técnico por t elefone, durant e 24hs/dia\nn   Minimizar os r iscos e pr ejuíz os de t er um equipament o parado\nn   Prioridade no at endiment o no caso de uma parada \nn Redução da necessidade de manut enção cor retivas em at é 80% e \nconsequent e  redução de cust os\nn  Serviços de cor retivas , quando  inclusos no contrat o \nn Redução de cust o: equipament os com manut enção pr eventiva \nadequada sofr em menos desgast es e, por tanto \ntem sua vida útil ampliada. \nAv. Eng . Alber to de Zagottis , 760 - 04675-085 -  São P aulo - SP\nTel.: (11) 5696-5033 \nwww.cmcomandos .com.br\nSistema de \nSustentabilidade A uditadoIdentifique Nossa E quipe \nUniforme P adrão \nCamisa azul   Calça azul   Crachá  \nPedro\nSuporte Técnico0000000000001Nome:\nRG:\nSetor:João P edro \nMatrícula:\n1111 25.613.810-2\nAssistência Técnica\n1.Uso... \nJOÃO PEDRO \nSuporte Técnico Supor te Técnico\nCall C enter int egrado ao sist ema de gestão ERP\nTécnicos Treinados e Qualificados\nEquipados com I nstrumentação de P onta\nAnalisador de Har mônicos\nAtendiment o 24 horas - 7 dias da semana via C ontrat os\nde M anut enção P reditiva, P reventiva e C orretiva\n  Supor te Pleno de P ré e P ós-V enda\nAmpla cober tura em t odo o paísn   \nn  \nn  \nn  \nn  \nn\nn  \nCM MK T SET 2021  -   As especificações estão sujeitas a alterações sem pr évio aviso . Nós incentivamos a r eciclagem\nAtendiment o em t odo\n o Território Nacional\ncom filiais e r epresentant es nas pr incipais \ncidades e capitais , otimizando o t empo , \ncusto e buscando a ex celência\n na pr estação de ser viços\nEscaneie e saiba mais sobr e o\n contrat o de manut enção \nOSD  N LI A NM EO AC R EMSCISO\n90012015 OSD  N LI A NM EO AC R EMSC', 'Manut enção e \nSupor te Técnico  \nNo-Breaks , Estabilizador es \ne demais S oluções  \n Serviços C O N T R A T O S  D E  M A N U T E N Ç Ã O']","A contractual approach to maintenance and technical support, as mentioned in the context, offers several advantages in terms of reducing equipment degradation, preventing unexpected breakdowns, and providing 24/7 support. This is achieved through the continuous monitoring and preventive maintenance of equipment, which can extend its lifespan and reduce the need for costly corrective maintenance. The contract also includes priority attention in case of shutdowns and reduces the need for corrective interventions by 80%, leading to cost savings. The technical support team is equipped with the necessary instrumentation to provide comprehensive support, including preventive, predictive, and corrective maintenance. This approach is designed to optimize time, cost, and service excellence across the national territory.","As abordagens sobre manutenção e suporte técnico se comparam ao oferecer contratos que reduzem a degradação dos equipamentos, prolongam sua vida útil e garantem suporte técnico 24 horas, minimizando riscos de paradas e custos elevados com intervenções corretivas.",0.9999999999,1.0,0.0,0.7333333333333333,0.6719494170713395,0.9333333333333332,0.71,0.7149911399038168,0.1995133819951338,0.0256410256410256,0.0,0.0,1,1,1,1,1
68,vantagens equipamentos CM Comandos precisão confiabilidade,"['Inovação, qualidade, tecnologia\ne confiabilidade. Marcas das\nsoluções CM Comandos Lineares\nCom mais de 40 anos de atuação, a CM Comandos é hoje uma das \nmaiores fabricantes de No-Breaks da América Latina. Além disso, é líder\nabsoluta em soluções para o mercado corporativo. Certiﬁ  cada pela norma ISO-900:2015, a CM Comandos \nressalta o seu compromisso com a excelência dos seus produtos e a total satisfação dos seus clientes.A EMPRESA\nOs  No-Breaks  da  CM  Comandos  são  indicados  para aplicações de  \nmissão crítica, nas mais variadas corporações, oferecendo proteção \ncontra distúrbios de energia elétrica, tais como: cortes, micro-cortes, ruídos, distorção harmônica, picos, \ntransientes, sub e sobretensão e variação de frequência.APLICAÇÕES\nOs equipamentos da CM Comandos operam com maior precisão, agre-\ngam maior número de funções e são mais seguros. Características\nque geram alta conﬁ  abilidade e produtividade nas mais variadas aplicações, minimizam falhas e,\nconsequentemente, custos de manutenção. Em resumo, ser um cliente CM Comandos signiﬁ  ca ter o \nretorno do capital investido e garantias que só uma empresa com amplo suporte técnico pode oferecer.BENEFÍCIOS\nAo escolher a marca CM Comandos Lineares você conta com o melhor supor-\nte técnico de pré e pós-venda da empresa que se consolidou ao longo  des-\ntes 40 anos como líder de mercado. Instrumentação de ponta, proﬁ  ssionais\naltamente qualiﬁ  cados, disponibilidade de atendimento 24 horas, sete dias da semana, call \ncenter e processos certiﬁ  cados que asseguram a excelência dos nossos serviços de suporte.SUPORTE\nTÉCNICO', 'OSD  L NI A NM EA OR C EM SCISO\n90012015\nInovação , qualidade , tecnolo gia\ne confiabilidade . Marcas das\nsoluções CM C omandos Linear es\nCom mais de 40 anos de atuação , a CM Comandos é hoje uma das \nmaior es fabricant es de No-Breaks da Amér ica Latina. Além disso , é líder\nabsoluta em soluções para o mercado corporativ o. Certificada pela norma ISO-900:2015, a CM Comandos \nressalta o seu compr omisso com a excelência dos seus produt os e a total satisfação dos seus client es.A EMPRESA\nOs    No-Breaks   da   CM     Comandos  são  indicados   para    aplicações \nde  missã o crítica, nas mais variadas corporações , oferecendo proteção \ncontra distúr bios de ener gia elétr ica, tais como: cortes, micr o-cortes, ruídos , distorção harmônica, picos , \ntransient es, sub e sobr etensão e var iação de fr equência.APLICAÇÕES\nOs equipament os da CM Comandos operam com maior precisão , agre-\ngam maior númer o de funções e são mais segur os. Carac terísticas\nque geram alta confiabilidade e produtividade nas mais variadas aplicações , minimizam falhas e,\nconsequent ement e, cust os de manut enção . Em resumo , ser um client e CM Comandos significa ter o \nretorno do capital investido e garantias que só uma empr esa com amplo supor te técnico pode oferecer .BENEFÍCIOS\nAo escolher a marca CM Comandos Linear es você conta com o melhor supor -\nte técnico de pré e pós- venda da empr esa que se consolidou ao longo  des-\ntes 40 anos como líder de mercado . Instrumentação de ponta, profissionais\naltament e qualificados , disponibilidade de atendiment o 24 horas , sete dias da semana, call \ncent er e processos certificados que asseguram a excelência dos nossos serviços de supor te.SUPORTE\nTÉCNIC O']","The equipment from CM Comandos offers several advantages, including high precision and reliability. These attributes enable the devices to operate with greater accuracy, incorporate more functions, and ensure safer performance. Such characteristics are crucial for mission-critical applications, where protection against various electrical disturbances is essential. By choosing CM Comandos Lineares, customers benefit from top-notch pre and post-sales support, ensuring the longevity and efficiency of their investments.","As vantagens dos equipamentos da CM Comandos incluem maior precisão, confiabilidade e produtividade, minimizando falhas e custos de manutenção.",0.99999999995,1.0,0.9999999900000002,0.6,0.8102526045814767,1.0,0.47,0.7485712615532991,0.1804222648752399,0.0444444444444444,0.0,0.0,1,0,1,0,1
69,Quais sã as vantagens de utilizr a ligacão de No Braks com potências diferntes para a somatóri de potênci?,"['SISTEMA PARALELO MULTI ATIVO (EXCLUSIVO CM COMANDOS)\nA CM Comandos Lineares desenvolveu um sistema inovador e pioneiro no mundo de paralelismo entre no-breaks. O sistema \nParalelo Multi Ativo permite a expansão do sistema, de acordo com sua demanda de consumo, podendo paralelar quantas \nunidades forem necessárias para atender sua demanda, elevando a capacidade do sistema e a confiabilidade de sua aplicação.\nPOSSIBILIDADE DE SOMATÓRIA DE  POTÊNCIAS\nPermite a ligação para somatória de potência, utilizando dois ou mais \nNo-Breaks para atingir a demanda da carga total.\nQuando utilizado para somatória de potência, possibilita a ligação de \nNo-Breaks com potências diferentes. Quando a ligação for feita com \nNo-Breaks de potências diferentes, a carga será distribuída \nproporcionalmente. Permite a ligação em paralelo redundante N + 1,  N + 2, N + 3 … N+X,  \npossibilitando o desligamento de uma ou mais unidades, mantendo a \ncarga ativa.\nA comunicação entre os No-Breaks consiste no barramento de \ncomunicação comum, por onde transitam informações \ncontendo nível de carga, sincronismo e a condição do by pass.COMUNICAÇÃO ENTRE OS NO-BREAKSTodos os No-Breaks são autônomos, operam de forma \nindependente no sistema e possuem controle individual.NÃO EXISTE NO-BREAK MESTRE OU ESCRAVOPodem ser paraleladas quantas unidades forem necessárias, \npossibilitando expansão do sistema, de acordo com a demanda \nde consumo.QUANTIDADE ILIMITADA PARA PARALELISMO\nPARALELISMO DO BANCO DE BATERIAS\nPermite paralelismo dos bancos de baterias (quando forem de \nmesma tensão nominal).MANUTENÇÃO DO NO-BREAK\nPermite a inserção ou retirada de um No-Break no sistema, sem a \nnecessidade de parada.INTERFACES  DE  SHUTDOWN  E GERENCIAMENTO  REMOTO\nRede Elétric a\nde Entr ada\nSaídaNo-break 1\n Potência \nde 60 kV ANo-break 2\nPotência de \n100 kV ANo-break 3\nPotência de \n20 kV A\nCarga fornecida pelo sistema = 410 kV ANo-break 4\nPotência de \n30 kV ANo-break 5\nPotência de \n80 kV ANo-break 6\nPotência de \n120 kV ARede L ocal Ether netA   Inter face de Ger enciamento \n     \nC  Inter face Shutdown \n     Client \n     LANB  Inter face Shutdown \n     D   Inter face de Ger enciamento Remoto \n  \nE  Adaptador SNMP\n     \nF  Client Shutdown\nG Estação Remota\n    Sof tware com \n    conexão à I nter netMultisser vidor es\nMultiplataf ormas\nMulti-S.O .Porta M icroprocessada DB9\nPorta Contato Seco DB9\nRede Ethernet RJ45', 'S I S T E M A PA R A L E L O M U LT I AT I V O ( E X C L U S I V O C M C O M A N D O S )\nA CM Comandos Lineares desenvolveu um sistema inovador e pioneiro no mundo de paralelismo entre No Breaks. O sistema Paralelo \nMulti Ativo permite a expansão do sistema, de acordo com sua demanda de consumo, podendo paralelar quantas unidades forem \nnecessárias para atender sua demanda, elevando a capacidade do sistema e a confiabilidade de sua aplicação.\nP O S S I B I L I D A D E D E S O M A T Ó R I A D E  P O T Ê N C I A S\nPermite a ligação para somatória de potência, utilizando dois ou mais No \nBreaks para atingir a demanda da carga total.\nQuando utilizado para somatória de potência, possibilita a ligação de \nNo Breaks com potências diferentes. Quando a ligação for feita com No \nBreaks de potências diferentes, a carga será distribuída \nproporcionalmente. Permite a ligação em paralelo redundante N + 1,  N + 2, N + 3 … N+X,  \npossibilitando o desligamento de uma ou mais unidades mantendo a \ncarga ativa.L I G A Ç Ã O E M P A R A L E L O R E D U N D A N T E\nA comunicação entre os No Breaks consiste no barramento de \ncomunicação comum, por onde transitam informações contendo \nnível de carga, sincronismo e a condição do by pass.C O M U N I C A Ç Ã O E N T R E O S N O B R E A K STodos os No Breaks são autônomos, operam de forma \nindependente no sistema e possuem controle individual.N Ã O E X I S T E N O B R E A K M E S T R E O U E S C R A V OPodem ser paraleladas quantas unidades forem necessárias, \npossibilitando expansão do sistema, de acordo com a demanda de \nconsumo.Q U A N T I D A D E I L I M I T A D A P A R A P A R A L E L I S M O\nM A N U T E N Ç Ã O D O N O B R E A K\nPermite a inserção ou retirada de um No Break no sistema, sem a \nnecessidade de parada.Rede Elétrica\nde Entrada\nSaídaNo Break 1\n Potência de \n30 kVANo Break 2\nPotência de \n10 kVANo Break 3\nPotência de \n20 kVA\nCarga fornecida pelo sistema = 150 kVANo Break 4\nPotência de \n30 kVANo Break 5\nPotência de \n20 kVANo Break 6\nPotência de \n40 kVA\nINTERFACES DE \nGERENCIAMENTO   \nREMOTO\nSão compostas por diversas ferramentas. O \nAdaptador SNMP NetMate permite\ngerenciar remotamente o No Break via a \nInternet através de um web browser,\nmonitorar o status e enviar alertas por e-mail. \nO software IP Power é uma ferramenta de \ngerenciamento  Windows Application e a \nversão Client é específica para  automatizar o \nshutdown de servidores, podendo desligar \nautomática e simultaneamente vários\ns e r v i d o r e s  e  e s t a ç õ e s .\nO Adaptador ArmModbus permite integrar \no  N o  B r e a k ,  v i a  u m a  p o r t a\nRS485, a Sistemas de Automação Predial.']","Utilizing No-Breaks with different power ratings for power summation offers several advantages. First, it allows for the connection of No-Breaks with varying capacities, providing flexibility in system design. Second, when connecting No-Breaks with different power ratings, the load is distributed proportionally, ensuring optimal use of resources. Lastly, this configuration supports redundant parallel operation (N+1, N+2, N+3...N+X), allowing for the seamless removal or failure of one or more units while maintaining an active load.",As vantagens de utilizar a ligação de No Breaks com potências diferentes para a somatória de potência incluem a possibilidade de atingir a demanda da carga total e a distribuição proporcional da carga entre os No Breaks conectados.,0.99999999995,1.0,0.0,0.4285714285714285,0.6644803072520004,0.5714285714285714,0.67,0.7235671231828485,0.2276119402985075,0.064516129032258,0.0,0.0,0,1,1,1,1
70,Quais são os benefícios da tecnologia DSP em relação à alta performance e confiabilidade dos no-breaks corporativos?,"['Alta Tecnologia em\nProcessamento Digital\nde Sinais - DSP\nO S M A I S M O D E R N O S\nN O B R E A K S C O R P O R AT I V O SVivemos em um mundo cada vez mais ágil e prático. Um mundo conectado por processadores, chips, softwares e \nperiféricos. Mas isso ainda não é o bastante. Por isso, o mundo caminha para tecnologias de processamento imediato \nde dados. A CM Comandos Lineares está um passo à frente e oferece aos seus clientes produtos dotados de uma \ntecnologia revolucionária, denominada Processamento Digital de Sinais -- DSP .\nToda a linha de No Breaks Innovation S1 Trifásico  \nTransformerless conta com a tecnologia DS P.   \nCaracterística que proporciona alta performance e \nconfiabilidade, tornando-os ideais para aplicações de missão crítica. Ou seja, protegem as aplicações nas quais a \ncontinuidade da operação é de fundamental importância.\ndos equipamentos pode ser atualizado, \nacrescentando novas funções em \nunidades já instaladas. Hoje, esta tecnologia está presente nos mais sofisticados sistemas eletrônicos, devido à sua alta velocidade e \nconfiabilidade. Processadores Digitais de Sinais são capazes de processar dez milhões de amostragens por segundo. \nIsso significa processamento em tempo real -- o sinal é processado no mesmo instante em que é recebido, sem \nretardos ou atrasos.\nProjetados com o uso intenso dos recursos da tecnologia DSP ,  os No Breaks Innovation Trifásico Transformerless  \nagregam novos  e avançados recursos, que estabelecem um novo conceito em desenvolvimento, no qual o firmware \nAo pensar em adquirir No Breaks,     \nconte com as soluções da\nCM Comandos, que asseguram \ntecnologia de ponta, máxima proteção, \nprecisão digital e processamento        \nem tempo real.', 'Alta Tecnolog ia em\nProcessament o Dig ital\nde Sinais - DSP\nOS MAIS MODERNOS\nNO-BREAKS CORPORATIVOSVivemos em um mundo cada v ez mais ág il e prático . Um mundo conec tado por pr ocessador es, chips , softwares e \nperiféricos. Mas isso ainda não é o bastant e. Por isso , o mundo caminha para t ecnolog ias de pr ocessament o imediat o \nde dados . A CM C omandos Linear es está um passo à fr ente e of erece aos seus client es pr odut os dotados de uma \ntecnolog ia revolucionár ia, denominada P rocessament o Dig ital de Sinais - - DSP .\nToda a linha de No -Breaks  \nconta com a t ecnolog ia DSP .  Carac terística que \npropor ciona alta per formance e confiabilidade , Conception Multi Ativ o \npara aplicações de missão cr ítica. Ou seja, pr otegem as aplicações nas quais a continuidade da operação é de \nfundamental impor tância.\nequipament os pode ser atualizado , \nacrescentando novas funções em \nunidades já instaladas . Hoje , esta t ecnolog ia está pr esent e nos mais sofisticados sist emas eletr ônicos , devido à sua alta v elocidade e \nconfiabilidade . Processador es Dig itais de Sinais são capaz es de pr ocessar dez milhões de amostragens por segundo . \nIsso sig nifica pr ocessament o em t empo r eal -- o sinal é pr ocessado no mesmo instant e em que é r ecebido , sem \nretardos ou atrasos .\nProjetados com o uso int enso dos r ecursos da t ecnolog ia DSP ,  os No -Breaks C onception Multi Ativ o  ag regam nov os  \ne avançados r ecursos , que estabelecem um nov o conceit o em desen volviment o, no qual o fir mware dos \nAdquir indo No -Breaks , cont e com as \nsoluções da CM C omandos , que \nasseguram t ecnolog ia de ponta, \nmáxima pr oteção , precisão dig ital e \nprocessament o em t empo r eal.  Modelo 300kV A']","No-breaks incorporating DSP technology offer high performance and reliability, making them ideal for mission-critical applications. This is achieved through quick processing of large amounts of data in real-time, with the ability to handle up to ten million samples per second. This swift processing eliminates delays and ensures continuous operation, which is crucial for maintaining system functionality without interruptions. Furthermore, DSP technology allows for updating equipment features and adding new functions to existing units, enhancing their overall sophistication and effectiveness.",Os benefícios da tecnologia DSP em relação à alta performance e confiabilidade dos no-breaks corporativos incluem a capacidade de proporcionar alta performance e confiabilidade.,0.99999999995,1.0,0.49999999875,,0.8694713127021175,0.9,0.2,0.7387597022678257,0.1926298157453936,0.0555555555555555,0.0,0.0,0,0,1,1,1
71,Quais são as dimensões físicas e a potência dos modelos mencionados nas certificações técnicas?,"['• Grau de Proteção: IP-20\nCaracterísticas Físicas e Mecânicas \nn Dimensões Compactas\nn Display LCD - cristal líquido retro-iluminado\nn Estrutura do Gabinete:\n  • Rack: metálico\n  • Acabamento: pintura epóxi-pó na cor graﬁ  te\ncom tratamento térmico e anti-corrosivo\n  • Ventilação: forçada, com controle digital de\nvelocidade pelo DSP  \n  • Porta de Comunicação:\n    » Serial RS232C IsoladaInterfaces de Gerenciamento\nn Mono e multi-usuário, client-server e\nmultiservidores \nn Ferramentas de Shutdown e Gerenciamento\nn  Protocolos:\n    • Serial Rs232\n    • Serial Rs485*\n    • Modbus*\n    • SNMP / Telnet / http / TCP/IP*\nn Softwares de Gerenciamento*\n    • Adaptador SNMP* V1, V2, V3.\nn Ambientes e Sistemas Operacionais\n   • Windows 10  \n   • Linux\n(Marcas dos respectivos fabricantes)\nCM MKT  JAN 24 - *As especiﬁ  cações  técnicas estão sujeitas a alterações sem aviso prévio e conforme necessidades de projetos customizados.                 Nós incentivamos a reciclagem.\nCM MKT  JAN 24 - *As especiﬁ  cações  técnicas estão sujeitas a alterações sem aviso prévio e conforme necessidades de projetos customizados.                 Nós incentivamos a reciclagem.\nAv. Eng. Alberto de Zagottis , 760 - 04675-085 - São Paulo - SP\nTel.:(11) 5696-5000\nwww.cmcomandos.com.brSistema de \nSustentabilidade AuditadaModelo Peso\n (sem baterias)\nkg Dimensões Físicas \nlarg x alt x prof \nmm Potência \nkVA\n 25000      25,0         436 x 85 x 677           18Módulo No-Break 25 kW - 380/400/415V\nModelo Peso\n (sem baterias)\nkg Dimensões Físicas \nlarg x alt x prof \nmm Potência \nkVA\n 150000   150,0       482 x 931 x 916        150Gabinete para Módulo 25kW - 380/400/415V\nModelo Peso\n (sem baterias)\nkg Dimensões Físicas \nlarg x alt x prof \nmm Potência \nkVA\n 50000      50,0        510 x 178 x 700         45Módulo No-Break 50 kW - 380/400/415V\nModelo Peso\n (sem baterias)\nkg Dimensões Físicas \nlarg x alt x prof \nmm Potência \nkVA\n 100000   100,0      600 x 1150 x 980      120Gabinete para Módulo 50kW - 380/400/415V\n 200000   200,0      650 x 1600 x 960      170\n 300000   300,0      650 x 2000 x 970      220\n 500000   500,0    1300 x 2000 x 1100    450Modelo Peso\n (sem baterias)\nkg Dimensões Físicas \nlarg x alt x prof \nmm Potência \nkVA\n 30000      30,0        510 x 178 x 700         45Módulo No-Break 30 kW - 200/208/220V\nModelo Peso\n (sem baterias)\nkg Dimensões Físicas \nlarg x alt x prof \nmm Potência \nkVA\n  60000    100,0      600 x 1150 x 980      120Gabinete para Módulo 30 kW - 200/208/220V\n 120000   120,0      650 x 1600 x 960      170\n 180000   180,0      650 x 2000 x 970      220\n 300000   300,0    1300 x 2000 x 1100    450DIMENSÕES FÍSICAS', '000m\nTipo de Ambiente Recomendado:\n• Interno, instalação abrigada\n• Atmosfera: limpa, livre de partículas condutivas, \ngases tóxicos, líquidos e inflamáveis.\nGrau de Proteção: IP-20 Umidade Relativa:\n• 0% a 95% sem condensação\n• Recomendada: 45% a 55%Potência\nkVAModelo Tensão\nVDimensões Físicas\nalt x larg x prof \nmmPeso (sem \nbateria)\nkgModelos sem  baterias   \n10000     10,0   680 X 415 X 835      80  220/ 380       \n15000     15,0 680 X 415 X 835      80 220/380       \n20000    20,0     830 X 415 X 940      95 220           \n20000    20,0     680 X 415 X 835      80 380\n30000    30,0     830 X 415 X 940      95     220/380\n40000     40,0   830 X 415 X 940      95  380   10000     10,0       680 X 415 X 835     178 380      \n15000     15,0         680 X 415 X 835     196 380      \n20000    20,0     680 X 415 X 835     196            380Modelo Tensão\nVPotência\nkVADimensões Físicas\nalt x larg x prof \nmmPeso (com \nbateria)\nkgModelos com baterias internas 10000     10,0       680 X 415 X 835     138 220          \n15000     15,0         680 X 415 X 835     196 220       \n20000    20,0     830 X 415 X 940     196 220       \n30000      30,0     830 X 415 X 940     253           220      Modelo Tensão\nVPotência\nkVADimensões Físicas\nalt x larg x prof \nmmPeso (com \nbateria)\nkgModelos com baterias internas']","The physical dimensions and power of the models mentioned in the technical certifications are as follows:

1. Model 10000 (without battery): 680 x 415 x 835 mm, 10 kVA
2. Model 15000 (without battery): 680 x 415 x 835 mm, 15 kVA
3. Model 20000 (without battery, 220V): 830 x 415 x 940 mm, 20 kVA
4. Model 20000 (without battery, 380V): 680 x 415 x 835 mm, 20 kVA
5. Model 30000 (without battery): 830 x 415 x 940 mm, 30 kVA
6. Model 40000 (without battery): 830 x 415 x 940 mm, 40 kVA
7. Model 10000 (with battery): 680 x 415 x 835 mm, 10 kVA
8. Model 15000 (with battery): 680 x 415 x 835 mm, 15 kVA
9. Model 20000 (with battery): 830 x 415 x 940 mm, 20 kVA
10. Model 30000 (with battery): 830 x 415 x 940 mm, 30 kVA

Additionally, there are other models mentioned in the second context, but their power and dimensions are not specified.","As dimensões físicas e a potência dos modelos mencionados nas certificações técnicas variam conforme o modelo, com dimensões que vão de 900 x 480 x 980 mm a 2010 x 2050 x 1000 mm e potências que vão de 5,0 kVA a 300,0 kVA.",0.99999999995,0.0,0.0,0.5,0.9725250223734856,0.5,0.14,0.7059159248004658,0.1587112171837709,0.090497737556561,0.0,0.0,0,0,1,0,1
72,De que maneira os equipamentos da CM Comandos minimizam falhas e quais são os benefícios disso para os clientes?,"['Inovação, qualidade, tecnologia\ne confiabilidade. Marcas das\nsoluções CM Comandos Lineares\nCom mais de 40 anos de atuação, a CM Comandos é hoje uma das \nmaiores fabricantes de No-Breaks da América Latina. Além disso, é líder\nabsoluta em soluções para o mercado corporativo. Certiﬁ  cada pela norma ISO-900:2015, a CM Comandos \nressalta o seu compromisso com a excelência dos seus produtos e a total satisfação dos seus clientes.A EMPRESA\nOs  No-Breaks  da  CM  Comandos  são  indicados  para aplicações de  \nmissão crítica, nas mais variadas corporações, oferecendo proteção \ncontra distúrbios de energia elétrica, tais como: cortes, micro-cortes, ruídos, distorção harmônica, picos, \ntransientes, sub e sobretensão e variação de frequência.APLICAÇÕES\nOs equipamentos da CM Comandos operam com maior precisão, agre-\ngam maior número de funções e são mais seguros. Características\nque geram alta conﬁ  abilidade e produtividade nas mais variadas aplicações, minimizam falhas e,\nconsequentemente, custos de manutenção. Em resumo, ser um cliente CM Comandos signiﬁ  ca ter o \nretorno do capital investido e garantias que só uma empresa com amplo suporte técnico pode oferecer.BENEFÍCIOS\nAo escolher a marca CM Comandos Lineares você conta com o melhor supor-\nte técnico de pré e pós-venda da empresa que se consolidou ao longo  des-\ntes 40 anos como líder de mercado. Instrumentação de ponta, proﬁ  ssionais\naltamente qualiﬁ  cados, disponibilidade de atendimento 24 horas, sete dias da semana, call \ncenter e processos certiﬁ  cados que asseguram a excelência dos nossos serviços de suporte.SUPORTE\nTÉCNICO', 'A E M P R E S ACom mais de 35 anos de atuação, a CM Comandos é hoje \numa das maiores fabricantes de No-Breaks da América \nLatina. \nAlém disso, é líder absoluta em soluções para o mercado corporativo. Certificada pela \nnorma ISO-9001:2015, a CM Comandos ressalta o seu compromisso com a excelência \ndos seus produtos e a total satisfação dos seus clientes.Inovação, qualidade, tecnologia\ne confiabilidade. Marcas das\nsoluções CM Comandos Lineares\nA P L I C A Ç Õ E SOs No Breaks  da CM Comandos Lineares são indicados para aplicações \nde missão crítica, nas mais variadas corporações, oferecendo proteção \ncontra distúrbios de energia elétrica, tais como: cortes, micro cortes, ruídos, distorção harmônica, \npicos, transientes, sub e sobre tensão e variações de frequência.\nS U P O R T E\nT É C N I C OAo  escolher  a marca  CM Comandos  Lineares  você  conta com o melhor \nsuporte  técnico  de pré e pós-venda da empresa que se consolidou ao longo \ndestes 36  anos como  líder  de  mercado.\nInstrumentação de ponta, profissionais altamente qualificados, com cobertura nacional e \ndisponibilidade de atendimento 24 horas, sete dias por semana, call center e processos certificados \nque asseguram a excelência dos  nossos serviços  de  suporte.B E N E F Í C I O SOs equipamentos da CM Comandos operam com maior precisão, \nagregam maior número de funções e são os mais seguros. \nCaracterísticas que geram alta confiabilidade e produtividade nas mais variadas aplicações, \nminimizam falhas e, consequentemente,  custos de manutenção. Em resumo,  ser um cliente da \nCM Comandos significa ter o retorno do capital investido e garantias que  só uma empresa com \namplo suporte técnico pode oferecer.\nCM COMANDOS LINEARES\nOSD L NI A NM EA OR CEM SCISO\n9001\n2015']","The equipment manufactured by CM Comandos minimizes failures through increased precision, addition of more functions, and enhanced safety features. These characteristics lead to higher reliability and productivity in various applications, thereby reducing maintenance costs. As a result, being a CM Comandos customer means benefiting from a guaranteed return on investment and assurance of high-quality service backed by robust technical support.","Os equipamentos da CM Comandos minimizam falhas operando com maior precisão e agregando um maior número de funções, o que resulta em alta confiabilidade e produtividade, além de reduzir custos de manutenção para os clientes.",0.99999999995,1.0,0.9999999900000002,0.3,0.7296275505678991,0.8,0.71,0.8209193178204162,0.2982062780269058,0.0396039603960396,0.0,0.0,0,0,1,1,1
73,Quais são os principais fatores que contribuíram para a CM Comandos se tornar líder em soluções corporativas?,"['Inovação, qualidade, tecnologia\ne confiabilidade. Marcas das\nsoluções CM Comandos Lineares\nCom mais de 40 anos de atuação, a CM Comandos é hoje uma das \nmaiores fabricantes de No-Breaks da América Latina. Além disso, é líder\nabsoluta em soluções para o mercado corporativo. Certiﬁ  cada pela norma ISO-900:2015, a CM Comandos \nressalta o seu compromisso com a excelência dos seus produtos e a total satisfação dos seus clientes.A EMPRESA\nOs  No-Breaks  da  CM  Comandos  são  indicados  para aplicações de  \nmissão crítica, nas mais variadas corporações, oferecendo proteção \ncontra distúrbios de energia elétrica, tais como: cortes, micro-cortes, ruídos, distorção harmônica, picos, \ntransientes, sub e sobretensão e variação de frequência.APLICAÇÕES\nOs equipamentos da CM Comandos operam com maior precisão, agre-\ngam maior número de funções e são mais seguros. Características\nque geram alta conﬁ  abilidade e produtividade nas mais variadas aplicações, minimizam falhas e,\nconsequentemente, custos de manutenção. Em resumo, ser um cliente CM Comandos signiﬁ  ca ter o \nretorno do capital investido e garantias que só uma empresa com amplo suporte técnico pode oferecer.BENEFÍCIOS\nAo escolher a marca CM Comandos Lineares você conta com o melhor supor-\nte técnico de pré e pós-venda da empresa que se consolidou ao longo  des-\ntes 40 anos como líder de mercado. Instrumentação de ponta, proﬁ  ssionais\naltamente qualiﬁ  cados, disponibilidade de atendimento 24 horas, sete dias da semana, call \ncenter e processos certiﬁ  cados que asseguram a excelência dos nossos serviços de suporte.SUPORTE\nTÉCNICO', 'A E M P R E S ACom mais de 35 anos de atuação, a CM Comandos é hoje \numa das maiores fabricantes de No-Breaks da América \nLatina. \nAlém disso, é líder absoluta em soluções para o mercado corporativo. Certificada pela \nnorma ISO-9001:2015, a CM Comandos ressalta o seu compromisso com a excelência \ndos seus produtos e a total satisfação dos seus clientes.Inovação, qualidade, tecnologia\ne confiabilidade. Marcas das\nsoluções CM Comandos Lineares\nA P L I C A Ç Õ E SOs No Breaks  da CM Comandos Lineares são indicados para aplicações \nde missão crítica, nas mais variadas corporações, oferecendo proteção \ncontra distúrbios de energia elétrica, tais como: cortes, micro cortes, ruídos, distorção harmônica, \npicos, transientes, sub e sobre tensão e variações de frequência.\nS U P O R T E\nT É C N I C OAo  escolher  a marca  CM Comandos  Lineares  você  conta com o melhor \nsuporte  técnico  de pré e pós-venda da empresa que se consolidou ao longo \ndestes 36  anos como  líder  de  mercado.\nInstrumentação de ponta, profissionais altamente qualificados, com cobertura nacional e \ndisponibilidade de atendimento 24 horas, sete dias por semana, call center e processos certificados \nque asseguram a excelência dos  nossos serviços  de  suporte.B E N E F Í C I O SOs equipamentos da CM Comandos operam com maior precisão, \nagregam maior número de funções e são os mais seguros. \nCaracterísticas que geram alta confiabilidade e produtividade nas mais variadas aplicações, \nminimizam falhas e, consequentemente,  custos de manutenção. Em resumo,  ser um cliente da \nCM Comandos significa ter o retorno do capital investido e garantias que  só uma empresa com \namplo suporte técnico pode oferecer.\nCM COMANDOS LINEARES\nOSD L NI A NM EA OR CEM SCISO\n9001\n2015']","The company's commitment to innovation, quality, technology, and reliability has been instrumental in making CM Comandos a leader in corporate solutions. Their wide range of Uninterruptible Power Supply (UPS) systems, designed for mission-critical applications, offer protection against various electrical disturbances. These solutions are backed by excellent pre and post-sales support, ensuring customer satisfaction. The company's adherence to ISO standards, such as ISO-9001:2015, further highlights their dedication to product excellence and customer satisfaction. Additionally, their products offer precision, increased functionality, and enhanced safety, leading to higher reliability and reduced maintenance costs.","Os principais fatores que contribuíram para a CM Comandos se tornar líder em soluções corporativas incluem mais de 38 anos de atuação, certificação pela norma ISO-9001:2015, compromisso com a preservação do meio ambiente, excelência dos produtos e total satisfação dos clientes.",0.99999999995,0.5,0.49999999875,0.7142857142857143,0.945007343524527,1.0,0.2,0.7193785641099535,0.2368421052631578,0.0816326530612244,0.0,0.0,0,0,1,1,1
74,Quais são as ferramentas e protocolos utilizados no gerenciamento de No-Break?,"['S I S T E M A PA R A L E L O M U LT I AT I V O ( E X C L U S I V O C M C O M A N D O S )\nA CM Comandos Lineares desenvolveu um sistema inovador e pioneiro no mundo de paralelismo entre No Breaks. O sistema Paralelo \nMulti Ativo permite a expansão do sistema, de acordo com sua demanda de consumo, podendo paralelar quantas unidades forem \nnecessárias para atender sua demanda, elevando a capacidade do sistema e a confiabilidade de sua aplicação.\nP O S S I B I L I D A D E D E S O M A T Ó R I A D E  P O T Ê N C I A S\nPermite a ligação para somatória de potência, utilizando dois ou mais No \nBreaks para atingir a demanda da carga total.\nQuando utilizado para somatória de potência, possibilita a ligação de \nNo Breaks com potências diferentes. Quando a ligação for feita com No \nBreaks de potências diferentes, a carga será distribuída \nproporcionalmente. Permite a ligação em paralelo redundante N + 1,  N + 2, N + 3 … N+X,  \npossibilitando o desligamento de uma ou mais unidades mantendo a \ncarga ativa.L I G A Ç Ã O E M P A R A L E L O R E D U N D A N T E\nA comunicação entre os No Breaks consiste no barramento de \ncomunicação comum, por onde transitam informações contendo \nnível de carga, sincronismo e a condição do by pass.C O M U N I C A Ç Ã O E N T R E O S N O B R E A K STodos os No Breaks são autônomos, operam de forma \nindependente no sistema e possuem controle individual.N Ã O E X I S T E N O B R E A K M E S T R E O U E S C R A V OPodem ser paraleladas quantas unidades forem necessárias, \npossibilitando expansão do sistema, de acordo com a demanda de \nconsumo.Q U A N T I D A D E I L I M I T A D A P A R A P A R A L E L I S M O\nM A N U T E N Ç Ã O D O N O B R E A K\nPermite a inserção ou retirada de um No Break no sistema, sem a \nnecessidade de parada.Rede Elétrica\nde Entrada\nSaídaNo Break 1\n Potência de \n30 kVANo Break 2\nPotência de \n10 kVANo Break 3\nPotência de \n20 kVA\nCarga fornecida pelo sistema = 150 kVANo Break 4\nPotência de \n30 kVANo Break 5\nPotência de \n20 kVANo Break 6\nPotência de \n40 kVA\nINTERFACES DE \nGERENCIAMENTO   \nREMOTO\nSão compostas por diversas ferramentas. O \nAdaptador SNMP NetMate permite\ngerenciar remotamente o No Break via a \nInternet através de um web browser,\nmonitorar o status e enviar alertas por e-mail. \nO software IP Power é uma ferramenta de \ngerenciamento  Windows Application e a \nversão Client é específica para  automatizar o \nshutdown de servidores, podendo desligar \nautomática e simultaneamente vários\ns e r v i d o r e s  e  e s t a ç õ e s .\nO Adaptador ArmModbus permite integrar \no  N o  B r e a k ,  v i a  u m a  p o r t a\nRS485, a Sistemas de Automação Predial.', 'SISTEMA PARALELO MULTI ATIVO (EXCLUSIVO CM COMANDOS)\nA CM Comandos Lineares desenvolveu um sistema inovador e pioneiro no mundo de paralelismo entre no-breaks. O sistema \nParalelo Multi Ativo permite a expansão do sistema, de acordo com sua demanda de consumo, podendo paralelar quantas \nunidades forem necessárias para atender sua demanda, elevando a capacidade do sistema e a confiabilidade de sua aplicação.\nPOSSIBILIDADE DE SOMATÓRIA DE  POTÊNCIAS\nPermite a ligação para somatória de potência, utilizando dois ou mais \nNo-Breaks para atingir a demanda da carga total.\nQuando utilizado para somatória de potência, possibilita a ligação de \nNo-Breaks com potências diferentes. Quando a ligação for feita com \nNo-Breaks de potências diferentes, a carga será distribuída \nproporcionalmente. Permite a ligação em paralelo redundante N + 1,  N + 2, N + 3 … N+X,  \npossibilitando o desligamento de uma ou mais unidades, mantendo a \ncarga ativa.\nA comunicação entre os No-Breaks consiste no barramento de \ncomunicação comum, por onde transitam informações \ncontendo nível de carga, sincronismo e a condição do by pass.COMUNICAÇÃO ENTRE OS NO-BREAKSTodos os No-Breaks são autônomos, operam de forma \nindependente no sistema e possuem controle individual.NÃO EXISTE NO-BREAK MESTRE OU ESCRAVOPodem ser paraleladas quantas unidades forem necessárias, \npossibilitando expansão do sistema, de acordo com a demanda \nde consumo.QUANTIDADE ILIMITADA PARA PARALELISMO\nPARALELISMO DO BANCO DE BATERIAS\nPermite paralelismo dos bancos de baterias (quando forem de \nmesma tensão nominal).MANUTENÇÃO DO NO-BREAK\nPermite a inserção ou retirada de um No-Break no sistema, sem a \nnecessidade de parada.INTERFACES  DE  SHUTDOWN  E GERENCIAMENTO  REMOTO\nRede Elétric a\nde Entr ada\nSaídaNo-break 1\n Potência \nde 60 kV ANo-break 2\nPotência de \n100 kV ANo-break 3\nPotência de \n20 kV A\nCarga fornecida pelo sistema = 410 kV ANo-break 4\nPotência de \n30 kV ANo-break 5\nPotência de \n80 kV ANo-break 6\nPotência de \n120 kV ARede L ocal Ether netA   Inter face de Ger enciamento \n     \nC  Inter face Shutdown \n     Client \n     LANB  Inter face Shutdown \n     D   Inter face de Ger enciamento Remoto \n  \nE  Adaptador SNMP\n     \nF  Client Shutdown\nG Estação Remota\n    Sof tware com \n    conexão à I nter netMultisser vidor es\nMultiplataf ormas\nMulti-S.O .Porta M icroprocessada DB9\nPorta Contato Seco DB9\nRede Ethernet RJ45']","The system known as Parallel Multi Active, developed by CM Comandos Lineares, allows for the expansion of the system according to its consumption demand. This is achieved by paralleling the necessary units to meet the demand, which increases the system's capacity and reliability. The system also enables the summation of powers, allowing the connection of two or more No-Breaks to reach the total load demand. Furthermore, it supports the parallel connection of No-Breaks with different powers, distributing the load proportionally.

In terms of remote management, the system utilizes the SNMP NetMate adapter, which permits the remote management of the No-Break via the internet through a web browser. It also supports monitoring the status and sending email alerts. Additionally, the IP Power software, a Windows Application, is used for managing and automating the shutdown of servers. This software can simultaneously and automatically shut down multiple servers and workstations.

Moreover, the No-Breaks can be integrated with Building Automation Systems using the ArmModbus adapter via an RS485 port. The communication between No-Breaks is facilitated through a common communication bus, which transmits information about the load level, synchronism, and bypass condition.

In conclusion, the system offers various tools and protocols for remote No-Break management, including SNMP NetMate, IP Power software, and ArmModbus adapter, among others.","As ferramentas e protocolos utilizados no gerenciamento de No-Break incluem: ferramentas de shutdown e gerenciamento, protocolos como Serial RS232, Serial RS485, SNMP, Telnet, http e TCP/IP, além de softwares como IP Power e IP Power SE, e adaptadores como SNMP NetMate e ArmModbus RS485.",0.99999999995,0.0,0.0,0.9473684210526316,0.3843336257955747,1.0,0.1,0.6818560715701903,0.1437414030261348,0.0754716981132075,0.0,0.0,0,0,1,1,0
75,Quais são as características que tornam a CM Comandos líder em soluções para o mercado corporativo?,"['Inovação, qualidade, tecnologia\ne confiabilidade. Marcas das\nsoluções CM Comandos Lineares\nCom mais de 40 anos de atuação, a CM Comandos é hoje uma das \nmaiores fabricantes de No-Breaks da América Latina. Além disso, é líder\nabsoluta em soluções para o mercado corporativo. Certiﬁ  cada pela norma ISO-900:2015, a CM Comandos \nressalta o seu compromisso com a excelência dos seus produtos e a total satisfação dos seus clientes.A EMPRESA\nOs  No-Breaks  da  CM  Comandos  são  indicados  para aplicações de  \nmissão crítica, nas mais variadas corporações, oferecendo proteção \ncontra distúrbios de energia elétrica, tais como: cortes, micro-cortes, ruídos, distorção harmônica, picos, \ntransientes, sub e sobretensão e variação de frequência.APLICAÇÕES\nOs equipamentos da CM Comandos operam com maior precisão, agre-\ngam maior número de funções e são mais seguros. Características\nque geram alta conﬁ  abilidade e produtividade nas mais variadas aplicações, minimizam falhas e,\nconsequentemente, custos de manutenção. Em resumo, ser um cliente CM Comandos signiﬁ  ca ter o \nretorno do capital investido e garantias que só uma empresa com amplo suporte técnico pode oferecer.BENEFÍCIOS\nAo escolher a marca CM Comandos Lineares você conta com o melhor supor-\nte técnico de pré e pós-venda da empresa que se consolidou ao longo  des-\ntes 40 anos como líder de mercado. Instrumentação de ponta, proﬁ  ssionais\naltamente qualiﬁ  cados, disponibilidade de atendimento 24 horas, sete dias da semana, call \ncenter e processos certiﬁ  cados que asseguram a excelência dos nossos serviços de suporte.SUPORTE\nTÉCNICO', 'A E M P R E S ACom mais de 35 anos de atuação, a CM Comandos é hoje \numa das maiores fabricantes de No-Breaks da América \nLatina. \nAlém disso, é líder absoluta em soluções para o mercado corporativo. Certificada pela \nnorma ISO-9001:2015, a CM Comandos ressalta o seu compromisso com a excelência \ndos seus produtos e a total satisfação dos seus clientes.Inovação, qualidade, tecnologia\ne confiabilidade. Marcas das\nsoluções CM Comandos Lineares\nA P L I C A Ç Õ E SOs No Breaks  da CM Comandos Lineares são indicados para aplicações \nde missão crítica, nas mais variadas corporações, oferecendo proteção \ncontra distúrbios de energia elétrica, tais como: cortes, micro cortes, ruídos, distorção harmônica, \npicos, transientes, sub e sobre tensão e variações de frequência.\nS U P O R T E\nT É C N I C OAo  escolher  a marca  CM Comandos  Lineares  você  conta com o melhor \nsuporte  técnico  de pré e pós-venda da empresa que se consolidou ao longo \ndestes 36  anos como  líder  de  mercado.\nInstrumentação de ponta, profissionais altamente qualificados, com cobertura nacional e \ndisponibilidade de atendimento 24 horas, sete dias por semana, call center e processos certificados \nque asseguram a excelência dos  nossos serviços  de  suporte.B E N E F Í C I O SOs equipamentos da CM Comandos operam com maior precisão, \nagregam maior número de funções e são os mais seguros. \nCaracterísticas que geram alta confiabilidade e produtividade nas mais variadas aplicações, \nminimizam falhas e, consequentemente,  custos de manutenção. Em resumo,  ser um cliente da \nCM Comandos significa ter o retorno do capital investido e garantias que  só uma empresa com \namplo suporte técnico pode oferecer.\nCM COMANDOS LINEARES\nOSD L NI A NM EA OR CEM SCISO\n9001\n2015']","The CM Comandos is a leader in solutions for the corporate market due to its commitment to innovation, quality, technology, and reliability. Their No-Breaks are designed for mission-critical applications, providing protection against various electrical disturbances such as cuts, micro-cuts, noise, harmonic distortion, spikes, transients, over and undervoltage, and frequency variations. The company's equipment operates with higher precision, offers more functions, and is more secure, which leads to increased confidence, productivity, and reduced maintenance costs. Additionally, the CM Comandos offers excellent pre and post-sales support, with top-notch instrumentation, highly qualified professionals, and a certified support process, ensuring high-quality service.","As características que tornam a CM Comandos líder em soluções para o mercado corporativo incluem inovação, qualidade, tecnologia e confiabilidade, além de ser certificada pela norma ISO-9001:2015, destacando seu compromisso com a excelência dos produtos e a total satisfação dos clientes.",0.99999999995,1.0,0.999999995,0.6875,0.8968440398294737,1.0,0.21,0.7058455987833446,0.2085492227979274,0.064516129032258,0.0,0.0,0,1,1,1,1
76,Qual é a função do Display de Cristal Líquido nas mensagens de alerta do No-Break?,"['DISPOSITIV O ANUNCIADOR\nO\nenfermarias de plantão ou salas de médicos ,  e per mitem a imediata sinalização visual e audív el da ocor rência de alar mes . \nPodem ser instalados at é 4  Dispositiv os Anunciador es em vár ios locais ao mesmo t empo e não necessitam de alimentação auxiliar . s alar mes det ectados pelo Dispositiv o DSI / DST / DSC são en viados ao Dispositiv o Anunciador , instalados em locais estrat égicos tais como  \nCARACTERÍSTIC AS  \nPara sinalização dos alar mes a distância, de acor do com a Nor ma NBR 13534:\n• Led v erde: equipament o ligado ·  \n• Led v ermelho: sobr ecar ga\n• Led amar elo: sinalização de falha\n• Botão silenciar : para desligar o alar me acústico sobr e o quadr o de sinalização à\n   distância, ativado quando f or ultrapassado o nív el de int ervenção\n• Botão de t este: para v erificar per iodicament e a eficiência do  dispositiv o como  \n   recomendado pela Nor ma\n• Tipo de Alar me: Sonor o\nO dispositiv o Gerador de Sinais BT4000 é um dispositiv o de localização de falha  \nde isolação individual , per mitindo identificar em qual leit o ocor reu a falha, por \nexemplo .  \nO Gerador de Sinal injeta um sinal inf erior a 1mA, suficient e para que seja \ndetectada a falha de isolação e atua em conjunt o com os Dispositiv o \nLocalizador de F alha I ndividual e o Dispositiv o DSI / DST / DSC , conf orme as \nespecificações  exig idas pela nor ma IEC 61557.DISPOSITIV O GER ADOR DE SINAL 1mA - B T4000  \nESPECIFIC AÇÃO MECÂNIC A  \n·\npadrão DIN. Ideal para painel modular 18mm. O cupa o espaço de um disjunt or tr ipolar \nDISPOSITIV O LOCALIZADOR DE F ALHA - B T0074 e B T0078\nINTERF ACE HOMEM-MÁQUINA (IHM)\nO displa y / painel de contr ole IHM possibilita a visualização dos parâmetr os pr é-\nestabelecidos de isolament o, temperatura e cor rente em t empo r eal e é ideal para \nmonit orar instalações de múltiplos Sist emas IT .\nPRINCIP AIS C ARACTERÍSTIC AS Inter face Homem Máquina (IHM)• \n•  Medidor es textos móv eis\n•  Manuseio de Alar meTela g ráfica t ouch scr een 7,0”  • Proteção por P assw ord  \n• Ether net e P orta USB\nDispositivo AnunciadorDispositivo  Gerador de Sinal 1mA - BT4000\nO dispositiv o localizador de falhas BT0074 com 4 circuitos \nlocalizador es) e (BT0078 com 8 localizador es) tem por finalidade a \nlocalização de falha de isolação em um sistema de aterrament o IT \nMédico , de acor do com as carac terísticas exig idas pela norma \nIEC61557. O dispositivo é dotado de toróides que foram \nespecialmente projetados para a detecção de baixíssimas \ncorrentes na ordem de 0,5 mA e placa eletr ônica que sinaliza e \nemit e um sinal digital que pode ser conec tado , por exemplo , a um \nCLP.\nDispositivo L ocalizador de falha BT 0074\nDispositivo L ocalizador de falha BT 0078', 'Alta Tecnologia em\nProcessamento Digital de Sinais - DSP\nHoje esta tecnologia está presente nos mais soﬁ  sticados sistemas eletrônicos devido a sua alta velocidade e conﬁ  abil-\ndade. Processadores Digitais de Sinais são capazes de processar dez milhões de amostragens por segundo. Isso signiﬁ  -\nca processamento em tempo real - o sinal é processado no mesmo instante em que é recebido, sem retardos ou atrasos.Vivemos  em um mundo cada vez mais ágil e prático. Um mundo conectado por processadores, chips, softwares e periféricos.  Mas \nainda não é o bastante, por isso, o mundo caminha para tecnologias de processamento imediato de dados. A CM Comandos está \num passo à frente e oferece aos seus clientes produtos dotados de uma tecnologia revolucionária, denominada Processamento \nDigital de Sinais - DSP .\nToda linha de No-Breaks Composition conta com a tecno-\nlogia DSP . Característica que proporciona alta performa-\nce e conﬁ  abilidade, tornando-os ideais para aplicações de \nmissão crítica. Ou seja, protegem as aplicações nas quais a  \ncontinuidade da operação é de fundamental importância. \nProjetados com o uso intenso dos recursos da tecnologia\nDSP , os No-Breaks Composition agregam novos e avançados \nrecursos que estabelecem um novo conceito em desenvolvi-\nmento, no qual o ﬁ  rmware dos equipamentos pode ser atuali-\nzado acrescentando novas funções em  unidades já instaladas.\nAo pensar em adquirir No-Breaks, conte com as soluções da \nCM Comandos, que asseguram tecnologia de ponta, máxima \nproteção, precisão digital e processamento em tempo real.OS MAIS MODERNOS NO-BREAKS CORPORATIVOS']","The Liquid Crystal Display (LCD) in the No-Break's alert messages serves to show the pre-established parameters of insulation, temperature, and current in real time. It is ideal for monitoring multiple IT system installations.","A função do Display de Cristal Líquido nas mensagens de alerta do No-Break é exibir informações sobre o estado do equipamento, como falhas internas e condições de operação.",0.0,0.0,0.0,0.0,0.9596313634897912,1.0,0.0,0.6699451356341027,0.2699115044247787,0.0869565217391304,0.0,0.0,0,0,1,1,1
77,Qual eh a funcao da interfase mencionada no contexto do Shutdown?,"['SISTEMA PARALELO MULTI ATIVO (EXCLUSIVO CM COMANDOS)\nA CM Comandos Lineares desenvolveu um sistema inovador e pioneiro no mundo de paralelismo entre no-breaks. O sistema \nParalelo Multi Ativo permite a expansão do sistema, de acordo com sua demanda de consumo, podendo paralelar quantas \nunidades forem necessárias para atender sua demanda, elevando a capacidade do sistema e a confiabilidade de sua aplicação.\nPOSSIBILIDADE DE SOMATÓRIA DE  POTÊNCIAS\nPermite a ligação para somatória de potência, utilizando dois ou mais \nNo-Breaks para atingir a demanda da carga total.\nQuando utilizado para somatória de potência, possibilita a ligação de \nNo-Breaks com potências diferentes. Quando a ligação for feita com \nNo-Breaks de potências diferentes, a carga será distribuída \nproporcionalmente. Permite a ligação em paralelo redundante N + 1,  N + 2, N + 3 … N+X,  \npossibilitando o desligamento de uma ou mais unidades, mantendo a \ncarga ativa.\nA comunicação entre os No-Breaks consiste no barramento de \ncomunicação comum, por onde transitam informações \ncontendo nível de carga, sincronismo e a condição do by pass.COMUNICAÇÃO ENTRE OS NO-BREAKSTodos os No-Breaks são autônomos, operam de forma \nindependente no sistema e possuem controle individual.NÃO EXISTE NO-BREAK MESTRE OU ESCRAVOPodem ser paraleladas quantas unidades forem necessárias, \npossibilitando expansão do sistema, de acordo com a demanda \nde consumo.QUANTIDADE ILIMITADA PARA PARALELISMO\nPARALELISMO DO BANCO DE BATERIAS\nPermite paralelismo dos bancos de baterias (quando forem de \nmesma tensão nominal).MANUTENÇÃO DO NO-BREAK\nPermite a inserção ou retirada de um No-Break no sistema, sem a \nnecessidade de parada.INTERFACES  DE  SHUTDOWN  E GERENCIAMENTO  REMOTO\nRede Elétric a\nde Entr ada\nSaídaNo-break 1\n Potência \nde 60 kV ANo-break 2\nPotência de \n100 kV ANo-break 3\nPotência de \n20 kV A\nCarga fornecida pelo sistema = 410 kV ANo-break 4\nPotência de \n30 kV ANo-break 5\nPotência de \n80 kV ANo-break 6\nPotência de \n120 kV ARede L ocal Ether netA   Inter face de Ger enciamento \n     \nC  Inter face Shutdown \n     Client \n     LANB  Inter face Shutdown \n     D   Inter face de Ger enciamento Remoto \n  \nE  Adaptador SNMP\n     \nF  Client Shutdown\nG Estação Remota\n    Sof tware com \n    conexão à I nter netMultisser vidor es\nMultiplataf ormas\nMulti-S.O .Porta M icroprocessada DB9\nPorta Contato Seco DB9\nRede Ethernet RJ45', 'REGISTRO PERMANENTE\nDE E VENT OSCORREÇÃO DO  F ATOR DE*POTÊNCIA\nO DSP ar maz ena os ev entos em sua memór ia EEPR OM. \nFunciona como uma “caixa-pr eta”, sendo possív el rastr ear os \nvalor es das medições e a posição das cha ves int ernas, \ndenunciando ev entuais er ros de operação .Conhecido pela sigla PFC - P ower Factor Correction, est e \nsistema per mite que o F ator de P otência de Entrada do \nNo-Break seja 0.99 - cor rigindo os ef eitos das car gas não \nlinear es e har mônicas conec tadas na saída do No -Break.-INTERF ACES DE GERENCIAMENT O\nREMO TO\nSão compostas por div ersas f erramentas . O A daptador SNMP NetM ate \npermite ger enciar r emotament e o No -Break via a I nternet atra vés de \num w eb br owser , monit orar o status e en viar aler tas por e -mail . \nO sof tware IP P ower é uma f erramenta de ger enciament o  Windows \nApplication e a v ersão Client é específica para  aut omatizar o shut down \nde ser vidor es, podendo desligar aut omática e simultaneament e vár ios \nservidor es e estações . \nO Adaptador Ar mModbus per mite int egrar o No -Break, via um\nRS485, a Sist emas de A utomação P redial atra vés do pr otocolo M odbus .a por ta INTERF ACES  DE  SHUTDO WN  \nE GERENCIAMENT O  REMO TO\nPorta M icroprocessada DB9A   Inter face de Ger enciamento Remoto \n  \nB   Adaptador SNMP\n     \nMultisser vidor es\nMultiplataf ormas\nMulti-S.O .C   Client Shutdown\nD  Estação Remota\n     Sof tware com \n     conexão à I nter net\nRede Ethernet RJ45']","The function of the interface mentioned in the context is to enable the shutdown of servers and workstations automatically and simultaneously. This is achieved through the software IP Power, which is a Windows Application with a specific client version for automating the shutdown process. The interface also allows for the integration of the No-Break to Predial Automation Systems via the Modbus protocol through a RS485 port. Additionally, it provides remote monitoring of the status and sends alerts via email.",A função da interface mencionada no contexto do Shutdown não está claramente definida no texto fornecido.,0.49999999995,1.0,0.0,0.75,0.6091194180165241,1.0,0.0,0.4600733371157079,0.1637426900584795,0.0612244897959183,0.0,0.0,0,0,1,1,1
78,Qual é a função principal de um retificador na conversão de energia elétrica?,"['TECNOLOGIA ON LINE COM BYPASS ESTÁTICO DE MANUTENÇÃO\nINTERFACE DE GERENCIAMENTO REMOTO\nAs Interfaces de Gerenciamento Remoto são compostas por diversas ferramentas, sendo elas: \n•  O Adaptador SNMP que permite gerenciar remotamente o No-Break via Internet através de um web browser,  monitorar o status \ne enviar alertas por e-mail. \n• O software, uma ferramenta de gerenciamento Windows Application e a versão Client é especíﬁ  ca para automatizar o shutdown \nde servidores, podendo desligar automática e simultaneamente vários servidores e estações. \n• O Adaptador Modbus permite integrar o No-Break, via uma porta RS485, a Sistemas de Automação Predial.\nBypass Estático\nSistema de proteção que, em caso de \nproblemas, transfere automaticamente \na carga para um circuito alternativo, sem \ninterrupção no fornecimento de energia.Bypass Estático de Manutenção\nPermite a transferência e o retorno da carga do No-Break para um circuito \nalternativo de fornecimento de energia, para atividades de manutenção. \nEm quaisquer situações, o fornecimento de energia é contínuo, sem \ninterrupções.\nBanco de Baterias\nArmazena energia reserva para alimentar o No-Break \ndurante um período predeterminado, denominado como \ntempo de autonomia do No-Break.Retificador\nConverte a energia da\nrede elétrica da concessionária\n ou do grupo gerador em\ncorrente contínua, corrigindo \nou eliminando distúrbios\nda entrada do sistema.\nCorrente alternada de entradaCorrente contínua Corrente alternada de saída\nCorrente alternada Bypass estáticoCorrente alternada Bypass estático\nde manutenção\nInversor\nConverte a corrente contínua do \nretiﬁ  cador ou das baterias em corrente \nalternada de saída, com forma de onda \nsenoidal pura, livre de distúrbios.\nRetificador\nConverte a energia da\nrede elétrica da concessionária\n ou do grupo gerador em\nInversor\nConverte a corrente contínua do \nretiﬁ  cador ou das baterias em corrente \nalternada de saída, com forma de onda', 'ESPECIFICAÇÕES TÉCNICAS \nTecnologia \nn Online -Dupla conversão\nn Forma de Onda: Senoidal pura \nn Retificador - Inversor - Banco de Baterias \nn Bypass Estático \nn Controle Digital Microprocessador DSP\nn Inversor a Módulo IGBT de Alta Frequência\nn Upgrade de firmware\nn Com transformador isolador e blindagem \neletrostática\nEntrada\nn Tensão: \n    •  110 ou 220 V - Bivolt Automático \nn Variação Admissível:\n    • ± 15% da tensão nominal\nn Freqüência: 50 ou 60 Hz                           \nn Variação de Freqüência Admissível:  \n    • 40-70Hz\nn  Configuração:\n• Monofásica: F+N+T\n• Bifásica: F+F+T\nn Fator de Potência:\n   • 0.99*\nSaída\nnTensão: \n• 110 \nn Potências Disponíveis:  \n• 1,25 kVA 0,9 Kw \nn Regulação Estática:   ± 1% \nn Freqüência:   50 ou 60 Hz \nn Variação de Freqüência: \n• 0,5% em modo bateria\nn Configuração:   \n Monofásica f+n+t \nn Forma de Onda:   Senoidal \nn Distorção Harmônica THD:  \n •   Menor igual a 2% para carga linear\n •   Menor igual a 4% para carga não linear\nn Fator de Crista: 3:1 \nn Capacidade de Sobrecarga: 130% durante 30 \nsegundos \nn Rendimento: Até 96% em modo ECOBaterias\nn  Tensão de Linha: 41 VDC ±1% / 54,8 VDC ±1%\nn  Sistema de Recarga:  Controlado,']","A principal function of a rectifier in electrical energy conversion is to convert alternating current (AC) from the power grid or a generator into direct current (DC), correcting or eliminating any disturbances in the system's input.","A função principal de um retificador na conversão de energia elétrica é converter a energia da rede elétrica em corrente contínua, corrigindo ou eliminando distúrbios da entrada do sistema.",0.9999999999,1.0,0.249999999375,0.3333333333333333,0.9999999999999996,1.0,1.0,0.6674929643607078,0.3605150214592274,0.1126760563380281,0.0,0.0,1,0,1,1,1
79,Quais as vantagens dos equipamentos da CM Comandos em termos de precisao e confiabilidade?,"['Inovação, qualidade, tecnologia\ne confiabilidade. Marcas das\nsoluções CM Comandos Lineares\nCom mais de 40 anos de atuação, a CM Comandos é hoje uma das \nmaiores fabricantes de No-Breaks da América Latina. Além disso, é líder\nabsoluta em soluções para o mercado corporativo. Certiﬁ  cada pela norma ISO-900:2015, a CM Comandos \nressalta o seu compromisso com a excelência dos seus produtos e a total satisfação dos seus clientes.A EMPRESA\nOs  No-Breaks  da  CM  Comandos  são  indicados  para aplicações de  \nmissão crítica, nas mais variadas corporações, oferecendo proteção \ncontra distúrbios de energia elétrica, tais como: cortes, micro-cortes, ruídos, distorção harmônica, picos, \ntransientes, sub e sobretensão e variação de frequência.APLICAÇÕES\nOs equipamentos da CM Comandos operam com maior precisão, agre-\ngam maior número de funções e são mais seguros. Características\nque geram alta conﬁ  abilidade e produtividade nas mais variadas aplicações, minimizam falhas e,\nconsequentemente, custos de manutenção. Em resumo, ser um cliente CM Comandos signiﬁ  ca ter o \nretorno do capital investido e garantias que só uma empresa com amplo suporte técnico pode oferecer.BENEFÍCIOS\nAo escolher a marca CM Comandos Lineares você conta com o melhor supor-\nte técnico de pré e pós-venda da empresa que se consolidou ao longo  des-\ntes 40 anos como líder de mercado. Instrumentação de ponta, proﬁ  ssionais\naltamente qualiﬁ  cados, disponibilidade de atendimento 24 horas, sete dias da semana, call \ncenter e processos certiﬁ  cados que asseguram a excelência dos nossos serviços de suporte.SUPORTE\nTÉCNICO', 'A E M P R E S ACom mais de 35 anos de atuação, a CM Comandos é hoje \numa das maiores fabricantes de No-Breaks da América \nLatina. \nAlém disso, é líder absoluta em soluções para o mercado corporativo. Certificada pela \nnorma ISO-9001:2015, a CM Comandos ressalta o seu compromisso com a excelência \ndos seus produtos e a total satisfação dos seus clientes.Inovação, qualidade, tecnologia\ne confiabilidade. Marcas das\nsoluções CM Comandos Lineares\nA P L I C A Ç Õ E SOs No Breaks  da CM Comandos Lineares são indicados para aplicações \nde missão crítica, nas mais variadas corporações, oferecendo proteção \ncontra distúrbios de energia elétrica, tais como: cortes, micro cortes, ruídos, distorção harmônica, \npicos, transientes, sub e sobre tensão e variações de frequência.\nS U P O R T E\nT É C N I C OAo  escolher  a marca  CM Comandos  Lineares  você  conta com o melhor \nsuporte  técnico  de pré e pós-venda da empresa que se consolidou ao longo \ndestes 36  anos como  líder  de  mercado.\nInstrumentação de ponta, profissionais altamente qualificados, com cobertura nacional e \ndisponibilidade de atendimento 24 horas, sete dias por semana, call center e processos certificados \nque asseguram a excelência dos  nossos serviços  de  suporte.B E N E F Í C I O SOs equipamentos da CM Comandos operam com maior precisão, \nagregam maior número de funções e são os mais seguros. \nCaracterísticas que geram alta confiabilidade e produtividade nas mais variadas aplicações, \nminimizam falhas e, consequentemente,  custos de manutenção. Em resumo,  ser um cliente da \nCM Comandos significa ter o retorno do capital investido e garantias que  só uma empresa com \namplo suporte técnico pode oferecer.\nCM COMANDOS LINEARES\nOSD L NI A NM EA OR CEM SCISO\n9001\n2015']","The equipment from CM Comandos offers increased precision and reliability, featuring more accurate operations, addition of greater functionalities, and enhanced safety measures. These characteristics lead to higher confidence and productivity, fewer errors, and ultimately, lower maintenance costs. This is all backed by top-notch support, including cutting-edge instrumentation, highly qualified professionals, nationwide coverage, 24/7 availability, and certified processes ensuring excellent service.","Os equipamentos da CM Comandos operam com maior precisão e confiabilidade, minimizando falhas e custos de manutenção.",0.99999999995,1.0,0.9999999900000002,0.6923076923076923,0.8717336488523477,0.9230769230769232,0.25,0.7833326056373299,0.172962226640159,0.048780487804878,0.0,0.0,0,1,1,0,0
80,Quais são os principais softwares de gerenciamento mencionados no texto e quais ambientes e sistemas operacionais eles suportam?,"['000m\nn  Tipo de Ambiente Recomendado:\n    •    Interno, instalação abrigada\n    •    Atmosfera: limpa, livre de partículas conduti -\nvas, gases tóxicos, líquidos e inflamáveis.\nn  Grau de Proteção: IP-20\nInterface de Gerenciamento\nn Mono e multiusuário, cliente-server e multi -\n-server\nn  Vários servidores em um único No-Break\nn  Ferramentas de Shutdown e Gerenciamento\nn  Protocolos:\n    •    Serial RS232\n    •    Serial RS485*  \n    •    SNMP/Telnet/http/TCP/IP*\nn  Softwares de Gerenciamento*\n    •    View Power\n    •    View Power Pro \n    •    SNMP Web Manager \nn  Ambientes e Sistemas Operacionais: \n    •    Windows 8/ 10 / 2010  \n    •    View Power Pro \n    •    Linux*\n(Marcas dos respectivos fabricantes)\n*Opcional\nCM MKT AGO 24 - As especificações estão sujeitas a alterações sem prévio aviso.                   Nós incentivamos a reciclagem.\nAv. Eng. Alberto de Zagottis , 760 - 04675-085 - São Paulo - SP\nTel.:(11) 5696-5000\nwww.cmcomandos.com.brSistema de \nSustentabilidade Auditada  Modelo Peso (com \nbaterias)\nkg Dimensões Físicas \nalt x larg x prof \nmm Potência \nkVA\n1250         1,25         421 x 190 x 318       15,3          \n2000          2,0           421 x 190 x 319       15,3', 'S I S T E M A PA R A L E L O M U LT I AT I V O ( E X C L U S I V O C M C O M A N D O S )\nA CM Comandos Lineares desenvolveu um sistema inovador e pioneiro no mundo de paralelismo entre No Breaks. O sistema Paralelo \nMulti Ativo permite a expansão do sistema, de acordo com sua demanda de consumo, podendo paralelar quantas unidades forem \nnecessárias para atender sua demanda, elevando a capacidade do sistema e a confiabilidade de sua aplicação.\nP O S S I B I L I D A D E D E S O M A T Ó R I A D E  P O T Ê N C I A S\nPermite a ligação para somatória de potência, utilizando dois ou mais No \nBreaks para atingir a demanda da carga total.\nQuando utilizado para somatória de potência, possibilita a ligação de \nNo Breaks com potências diferentes. Quando a ligação for feita com No \nBreaks de potências diferentes, a carga será distribuída \nproporcionalmente. Permite a ligação em paralelo redundante N + 1,  N + 2, N + 3 … N+X,  \npossibilitando o desligamento de uma ou mais unidades mantendo a \ncarga ativa.L I G A Ç Ã O E M P A R A L E L O R E D U N D A N T E\nA comunicação entre os No Breaks consiste no barramento de \ncomunicação comum, por onde transitam informações contendo \nnível de carga, sincronismo e a condição do by pass.C O M U N I C A Ç Ã O E N T R E O S N O B R E A K STodos os No Breaks são autônomos, operam de forma \nindependente no sistema e possuem controle individual.N Ã O E X I S T E N O B R E A K M E S T R E O U E S C R A V OPodem ser paraleladas quantas unidades forem necessárias, \npossibilitando expansão do sistema, de acordo com a demanda de \nconsumo.Q U A N T I D A D E I L I M I T A D A P A R A P A R A L E L I S M O\nM A N U T E N Ç Ã O D O N O B R E A K\nPermite a inserção ou retirada de um No Break no sistema, sem a \nnecessidade de parada.Rede Elétrica\nde Entrada\nSaídaNo Break 1\n Potência de \n30 kVANo Break 2\nPotência de \n10 kVANo Break 3\nPotência de \n20 kVA\nCarga fornecida pelo sistema = 150 kVANo Break 4\nPotência de \n30 kVANo Break 5\nPotência de \n20 kVANo Break 6\nPotência de \n40 kVA\nINTERFACES DE \nGERENCIAMENTO   \nREMOTO\nSão compostas por diversas ferramentas. O \nAdaptador SNMP NetMate permite\ngerenciar remotamente o No Break via a \nInternet através de um web browser,\nmonitorar o status e enviar alertas por e-mail. \nO software IP Power é uma ferramenta de \ngerenciamento  Windows Application e a \nversão Client é específica para  automatizar o \nshutdown de servidores, podendo desligar \nautomática e simultaneamente vários\ns e r v i d o r e s  e  e s t a ç õ e s .\nO Adaptador ArmModbus permite integrar \no  N o  B r e a k ,  v i a  u m a  p o r t a\nRS485, a Sistemas de Automação Predial.']","The main software management tools mentioned in the text are View Power, View Power Pro, and SNMP Web Manager. These tools can support Windows 8/10/2010 and Linux operating systems.","Os principais softwares de gerenciamento mencionados no texto são: IP Power, IP Power SE, Adaptador SNMP NetMate e Adaptador ArmModbus RS485. Eles suportam os ambientes e sistemas operacionais Windows 8, Windows 10, e Linux.",0.0,0.0,0.7142857132653061,1.0,0.7236262771259058,1.0,0.0,0.6923119711311697,0.34375,0.2424242424242424,0.0,0.0,1,0,1,0,1
81,"Qual é a importância do fator de potência de 0,7 na configuração do sistema elétrico mencionado?","['ESPECIFICAÇÕES TÉCNICAS \nEntrada\nn Tensão: \n    •  3kVA \n100/110/115/120/127 VAC 120V (standard) ou  \n200/208/220/230/240 VAC 220V (standard) \n    •  6kVA / 10kVA\n 200/208/220/230/240 VAC 220V (standard)\nn Variação Admissível:\n   •   3kVA \n55-150 VAC ou 110-300 VAC @ 50% de Carga\n80-150 VAC ou 160-300 VAC @ 100% de Carga\n   •   6kVA / 10kVA \n110-300 VAC @ 50% de Carga\n176-300 VAC @ 100% de Carga \nn Freqüência: 50/60 Hz                           \nn Variação de Freqüência Admissível:   \n    •    3kVA  \n40-70Hz\n    •    6kVA / 10 kVA \n46-54Hz @50Hz e 56-64Hz @60Hz\nn  Configuração:\nMonofásica \nn Fator de Potência:\n≥ 0.99 Tensão nominal (100% de Carga)\nn Distorção Harmônica THDi:\n    •    3kVA\n ≤ 5% @ Tensão de Entrada nominal\n    •    6kVA / 10kVA\n<4% @100% de Carga, <6% @50% de Carga\nSaída\nnTensão: \n    •   3kVA \n100/110/115/120/127 VAC 115V (standard) ou \n200/208/220/230/240 VAC 220V (standard) \n    •   6kVA / 10kVA \n200/208/220/230/240 VAC 220V (standard) \nn Fator de Potência:  1,0\nn Regulação Estática:   ± 1% nominal modo \nbateria\nn Freqüência:   50 / 60 Hz \nn Variação de Freqüência: \n± 0,1Hz em modo bateria\nn Sincronismo com a Rede:   Sim\nn Configuração:   \n Monofásica f+n+t \nn Forma de Onda:   Onda senoidal pura\nn Distorção Harmônica THD:  \n •   3kVA \n    ≤ 2% carga linear \n    ≤ 4% carga não-linear \n •   6kVA / 10kVA \n    ≤ 1% carga linear \n    ≤ 4% carga não-linearBaterias\nn  Composição:  \n    •    72  VDC - 3,0 kVA \n    •     240 VDC - 6,0 kVA \n    •     240 VDC - 10,0 kVA \nn  Sistema de Recarga: \ncontrolado, automático\nn Tempo de Recarga:  \n8 a 10 horas para 90% da carga\nn Tipo: \nseladas, isentas de manutenção\nn  Paralelismo Redundante (N+1) \n»  Disponível nas potências de 6 e 10kVA\nn By-pass estático (inteligente):  \nO termo inteligente aplica-se, visto que a linha \nComposition XV  possui desligamento da saída da \nchave estática em condições que, a tensão da rede \napresenta variações fora da faixa de trabalho, prote -\ngendo a carga contra sub ou sobre tensão mesmo \nna condição de by-pass estático.', 'ESPECIFICAÇÕES TÉCNICAS \nEntrada\nn Tensão: \n• 380/400/415V\n• 200/208/220V\nn Variação Admissível:\n± 25% da tensão nominal\nn Freqüência: 50/60 Hz                           \nn Variação de Freqüência Admissível:  ± 8%\nnCon/f_i  guração: 3F + N + T\nn Fator de Potência: 0,99\nSaída\nn Tensão: \n• 380/400/415V\n• 200/208/220V\nn Potências Disponíveis:\n• 380/400/415V - 25 e 50 kW Modular\n• 200/208/220V- 30 kW Modular\nnRegulação Estática:  ± 1% nominal \nnFreqüência:  50 / 60 Hz \nnVariação de Freqüência:  0,10%\nnCon/f_i  guração:  3F + N + T \nn  Forma de Onda:  senoidal\nn  Distorção Harmônica THD:  ≤ 1% carga linear \nn Fator de Crista:   3:1 \nn  Capacidade de Sobrecarga: \n• 110% por 1 hora; 125% por 10 minutos; \n• 150% por 1min; 150% por 200 ms.']","The power factor indicates how effectively electrical power is being used. A power factor closer to 1 is considered more efficient. A power factor of 0.7 is not ideal as it indicates a significant amount of reactive power is being used, which can lead to higher energy costs and potentially overloading of electrical systems. Therefore, in the context of the system electrical configuration, a power factor of 0.7 would not be optimal and improvements should be considered to increase this value.","O fator de potência de 0,7 é importante na configuração do sistema elétrico mencionado, pois indica a eficiência com que a energia elétrica é utilizada, afetando a capacidade de carga e a qualidade da energia fornecida.",0.0,0.0,0.0,0.0,0.8262454823091563,0.0,0.57,0.618039228272492,0.2520161290322581,0.065040650406504,0.0,0.0,0,0,1,1,1
82,Quais são as implicações de as especificações estarem sujeitas a alterações em projetos customizados dentro do Sistema de Sustentabilidade Auditada?,"['Av. Eng . Alber to de Zagottis , 760 - 04675-085 -  São P aulo - SP\nTel.: (11) 5696-5000\nwww.cmcomandos .com.brOSD  N LI A NM EO AC R EM SCISO\n90012015\nSistema de \nSustentabilidade A uditado\nMEDIDAS DE PRO TEÇÃO VITAIS P ARA INST ALAÇÕES ELÉTRIC AS HOSPIT ALARES \nO Transf ormador de Separação possui alta isolação galvânica e gera um \ncircuito elétr ico isolado com sist ema de at errament o IT. \nEste cir cuito ex clusiv o  é monit orado pelo DSI.  Na ocor rência de qualquer \nfalha de isolação das car gas sensív eis alimentadas , o DSI imediatament e \naciona um alar me  para  a equipe de manut enção .       Sist ema IT \nSistema IT c om IHM e L ocalizador de F alhas Exemplos de Diagr amas de Aplicações  \n Imagens Ilus trativas\n Imagens Ilus trativas\nCM MK T  JAN 24 - *As especificações  técnicas estão sujeitas a alterações sem aviso pr évio e conf orme necessidades de pr ojetos customizados .                 Nós incentivamos a r eciclagem.', 'Vantagens do C ontrat o de M anut enção \nAtravés do contrat o de manut enção , técnicos e gest ores de manut enção podem r eduzir a deg radação dos seus equipament os, prolongando \no tempo de vida útil e evitando int ervenções cor retivas , que geram cust os elevados e t êm impac tos negativ os.\nn   Supor te técnico por t elefone, durant e 24hs/dia\nn   Minimizar os r iscos e pr ejuíz os de t er um equipament o parado\nn   Prioridade no at endiment o no caso de uma parada \nn Redução da necessidade de manut enção cor retivas em at é 80% e \nconsequent e  redução de cust os\nn  Serviços de cor retivas , quando  inclusos no contrat o \nn Redução de cust o: equipament os com manut enção pr eventiva \nadequada sofr em menos desgast es e, por tanto \ntem sua vida útil ampliada. \nAv. Eng . Alber to de Zagottis , 760 - 04675-085 -  São P aulo - SP\nTel.: (11) 5696-5033 \nwww.cmcomandos .com.br\nSistema de \nSustentabilidade A uditadoIdentifique Nossa E quipe \nUniforme P adrão \nCamisa azul   Calça azul   Crachá  \nPedro\nSuporte Técnico0000000000001Nome:\nRG:\nSetor:João P edro \nMatrícula:\n1111 25.613.810-2\nAssistência Técnica\n1.Uso... \nJOÃO PEDRO \nSuporte Técnico Supor te Técnico\nCall C enter int egrado ao sist ema de gestão ERP\nTécnicos Treinados e Qualificados\nEquipados com I nstrumentação de P onta\nAnalisador de Har mônicos\nAtendiment o 24 horas - 7 dias da semana via C ontrat os\nde M anut enção P reditiva, P reventiva e C orretiva\n  Supor te Pleno de P ré e P ós-V enda\nAmpla cober tura em t odo o paísn   \nn  \nn  \nn  \nn  \nn\nn  \nCM MK T SET 2021  -   As especificações estão sujeitas a alterações sem pr évio aviso . Nós incentivamos a r eciclagem\nAtendiment o em t odo\n o Território Nacional\ncom filiais e r epresentant es nas pr incipais \ncidades e capitais , otimizando o t empo , \ncusto e buscando a ex celência\n na pr estação de ser viços\nEscaneie e saiba mais sobr e o\n contrat o de manut enção \nOSD  N LI A NM EO AC R EMSCISO\n90012015 OSD  N LI A NM EO AC R EMSC']","When specifications are subject to changes without prior notice, it implies a need for flexibility and adaptability in customized projects within the Audited Sustainability System. This situation may require continuous communication between the parties involved to ensure any alterations are understood and implemented correctly. Additionally, it could necessitate robust project management to mitigate potential impacts on project timelines, costs, and outcomes.",As implicações de as especificações estarem sujeitas a alterações em projetos customizados dentro do Sistema de Sustentabilidade Auditada incluem a necessidade de adaptação contínua e a possibilidade de ajustes nos processos e requisitos dos projetos.,0.9999999999,1.0,0.0,0.0,0.0,0.8,1.0,0.7451297164311137,0.2742980561555075,0.0198019801980198,0.0,0.0,0,0,1,1,1
83,Quais são as consequências de não respeitar as condições de temperatura ambiente para a utilização das baterias?,"['Banco de Baterias  \n \n \n \nCuidados com as Baterias  \n \nAs baterias são componentes eletroquímicos e a sua utilização \ndeve ser realizada exclusivamente por técnicos treinados e habilitados.  \nA armazenagem e utilização deve respeitar as condições de \ntemperatur a ambiente, nunca superior a 30° C, sob pena de reduzir as \nsuas características eletroquímicas e consequentemente, a sua vida \nútil. \nAlém disso, possuem em seu interior, componentes químicos \nque podem contaminar o meio ambiente e causar danos à saúde \nhumana.  \nPor este motivo, jamais devem ser abertas e suas partes \ninternas desmontadas.   \nAo término da sua vida útil, após a sua reposição, deve ser realizado o \ndescarte apropriado, enviado o produt o à reciclagem adequada.  \nInforme -se sobre postos de coleta e descarte de baterias na sua \nregião ou se preferir, entre em contato com a nossa Assistência \nTécnica.', 'n  Rendimento: 95% \nBaterias\nn  Tensão de Linha:\n• 380/400/415V : ± 240 Vdc (40 baterias)   \n• 200/208/220V : ± 120 Vdc (20 baterias)   \nn  Sistema de Recarga: controlado, automático\nn  Tempo de Recarga:  8 a 10 horas para 90% da \ncarga\nn Tipo: seladas, isentas de manutenção\nBy-pass estático \nn  Acionamento: automático controlado pelo \nDSP\nn  Tempo de Transferência: 0 ms (nulo)\nn   Retransferência ao Modo Normal:  \nautomática\nBy-pass estático de Manutenção\nPermite manutenção do No-Break sem \ndesligar a carga\nn  Acionamento:  manual através de disjuntor\nn  Reposição ao modo normal: sem interrupção\nProteções Elétricas\nn  Sub e Sobre Tensão de Entrada e Saída \nn  Sub e Sobre Tensão DC e Bateria \nn  Sobrecarga e Curto-circuito\nn  Mínima descarga de bateria\nn  Sobre temperatura \nMedições\nn  True RMS \nn  Potência de saída em kVA\nn  Potência de saída em kW\nn  Fator de Potência de saídan  Tensão de Saída\nn  Frequência de Saída \nn  Tensão de Bateria\nn  Corrente de Bateria*\nn  Fator de Potência de Entrada*\nn  Tensão de Entrada\nn  Corrente de Entrada*\nn  Frequência de Entrada\nAlarmes\nControlados pelo processador DSP\nn Tipos de Alarmes:\n• Sonoros:\n       »  Falta de Rede - 1 toque a cada 4 segundos\n       »  Pré-alarme das Baterias: 1 toque por segundo\n       »  Falha Interna do No-Break: alarme contínuo\n• Mensagens de alerta:\n       »  Display de Cristal líquido\n       »  Display em LCD\n       »  Mensagem por e-mail, celular ou pop-up:\n       - Operação Normal\n       - Falha de Rede \n       - Pré-alarme de Baterias\n       - Bypass Estático ativo\n       - Bypass Manual ativo\n       - Sobrecarga de Saída\n       - Falha Interna\nLog de Eventos\nn  Registros Armazenados:\n    •    5 mil registros em memória interna\n    •    Indicação de data, hora e ocorrência \n    •    Medições  \n    •    Status de operação e alarmes do painel \nCaracterísticas de operação\nn Ruído Audível: 55 dBA a 60 dBA a 1 metro\nn MTBF (Mean Time Between Failures): 250 mil horas   \nn MTTR (Mean Time To Repair): 30 minutos\nn Temperatura ambiente:\n   • No-Break: 20ºC a 40ºC \n   • Baterias: 0ºC a 30ºC\n   • Recomendada: 20ºC a 25ºC\nn Umidade Relativa:\n  • 0% a 95% sem condensação\n  • Recomendada: 45% a 55%\nn Atitude: até 1.000m\nn Tipo de Ambiente Recomendado:\n  • Interno, instalação abrigada\n  • Atmosfera: limpa, livre de partículas condutivas, \ngases tóxicos, líquidos e inﬂ  amáveis.']","Neglecting the recommended temperature conditions for battery usage can lead to a reduction in their electrochemical characteristics and a decrease in their useful life. Additionally, the interior of batteries contains chemical components that can contaminate the environment and pose risks to human health if mishandled or improperly disposed of.","As consequências de não respeitar as condições de temperatura ambiente para a utilização das baterias incluem a redução das características eletroquímicas e, consequentemente, a diminuição da sua vida útil.",0.99999999995,1.0,0.0,0.6666666666666666,0.934057380704752,1.0,0.57,0.6755256969671287,0.2622478386167147,0.0465116279069767,0.0,0.0,1,0,1,1,1
84,Quais são os principais aspectos a serem considerados na configuração do banco de baterias?,"['Banco de Baterias  \n \n \n \nCuidados com as Baterias  \n \nAs baterias são componentes eletroquímicos e a sua utilização \ndeve ser realizada exclusivamente por técnicos treinados e habilitados.  \nA armazenagem e utilização deve respeitar as condições de \ntemperatur a ambiente, nunca superior a 30° C, sob pena de reduzir as \nsuas características eletroquímicas e consequentemente, a sua vida \nútil. \nAlém disso, possuem em seu interior, componentes químicos \nque podem contaminar o meio ambiente e causar danos à saúde \nhumana.  \nPor este motivo, jamais devem ser abertas e suas partes \ninternas desmontadas.   \nAo término da sua vida útil, após a sua reposição, deve ser realizado o \ndescarte apropriado, enviado o produt o à reciclagem adequada.  \nInforme -se sobre postos de coleta e descarte de baterias na sua \nregião ou se preferir, entre em contato com a nossa Assistência \nTécnica.', 'Equaliz erActive Batt ery Mangement\nBENEFÍCIOS\nEstende a vida útil das baterias\nO sistema de Equalização Ativa mantém as baterias em condições \nideais, maximizando a sua vida útil. Reduz a necessidade de troca das \nbaterias e reduz o custo.\nRedução de Custo de Propriedade\nProlonga a vida útil das baterias, reduz o período de trocas e \nautomatiza a manutenção, reduzindo enormes custos com \nintervenções manuais.\nEcológico e Sustentável\nNa era da sustentabilidade, reduzir o consumo de baterias significa \nusar menos recursos e gerar menos descartes no meio ambiente.Análise da Vida Útil da Bateria\nAnalisa a curva de carga e descarga de um banco de baterias e \nacompanhe a evolução da vida útil, algo que é impraticável fazer \nmanualmente.Minimiza o Downtime por falha da bateria\nO prejuízo decorrente de uma queda do sistema por falha de bateria \ngera um valor incalculável para a sua operação.CARACTERÍSTICAS  \nPRINCIPAIS\nEqualização Ativa Individual do Banco de Baterias\nEleva a vida útil e a confiabilidade das baterias. \nPermite que as baterias atinjam a máxima vida útil de operação.\nAutomatização da Manutenção das Baterias\nO sistema mantém as baterias em condições ideais automaticamente. \nA análise e o diagnóstico são realizados à distância, individualmente e \nsem precisar desligar o sistema.\nMonitoramento em Tempo Real das Baterias\nMonitora a condição das baterias em tempo real à distância,  de \nforma eficiente e reduzindo o elevado custo com intervenções \nmanuais.Medição da Impedância da Bateria\nA Impedância interna é o parâmetro real da condição da bateria. \nAlém disso, mede a tensão e temperatura individual de cada bateria e \ngrava na memória.Previne contra quedas do sistema por defeito nas baterias\nO sistema monitora constantemente as baterias individualmente e \nenvia alarmes antes de ocorrer um problema.\nCONFIGURAÇÃO DO BANCO DE BATERIAS\nAPLICAÇÕES\nn   \nn   \n Banc os de Ba terias:\n• Sist emas No -Breaks\n• Retificador es de Telecomunicações\n• Ener gia Solar e Eólica\n• Compatív el com t odas as mar cas \nde equipament os, independent e \ndo fabr icant e.\nTipos :\n• Seladas Reguladas por Válvula VRLA\n• Estacionár ias\n• 12VDC e 2VDC']","When setting up a battery bank, there are several key aspects to consider, based on the provided context. First, the batteries should be stored and used in an environment with a temperature below 30° C to maintain their electrochemical properties and increase their lifespan. It's also important to ensure that the batteries are not opened or disassembled, as their internal components can be harmful to the environment and human health.

Additionally, the configuration should allow for equalization of the battery bank, which can extend the life of the batteries and keep them in optimal condition. This can be achieved through active equalization, which maintains the batteries in ideal conditions and maximizes their lifespan. Automated maintenance is also important, as it reduces the need for manual interventions and can help to prolong the life of the batteries.

Remote monitoring of the batteries can also be beneficial, as it allows for efficient tracking of the battery condition and can help to reduce the high cost of manual interventions. Measuring the internal impedance of the batteries is another important aspect of the configuration, as this parameter provides a real indication of the battery's condition. The system should also monitor the batteries continuously and send alerts before any issues occur to prevent system failures due to battery defects.

The battery bank should be compatible with various types of equipment, including systems without breaks, telecommunication rectifiers, solar and wind energy systems, and all brands of equipment, regardless of the manufacturer. The battery bank should also be compatible with various types of batteries, such as sealed regulated valve VRLA batteries, stationary batteries, and 12VDC and 2VDC batteries.

In summary, the key aspects to consider when configuring a battery bank include temperature control, battery equalization, automated maintenance, remote monitoring, impedance measurement, continuous monitoring, and compatibility with various types of equipment and batteries.","Os principais aspectos a serem considerados na configuração do banco de baterias incluem a capacidade, a tensão, a química das baterias, o balanceamento, a segurança e a manutenção.",0.49999999995,0.0,0.0,0.0,0.9632102411618207,1.0,0.06,0.6777677549039158,0.0817518248175181,0.0235294117647058,0.0,0.0,0,0,1,1,1
85,Quais são as consequências de uma sobrecarga em sistemas de proteção elétrica?,"['TECNOLOGIA ON LINE COM BYPASS ESTÁTICO DE MANUTENÇÃO\nINTERFACE DE GERENCIAMENTO REMOTO\nAs Interfaces de Gerenciamento Remoto são compostas por diversas ferramentas, sendo elas: \n•  O Adaptador SNMP que permite gerenciar remotamente o No-Break via Internet através de um web browser,  monitorar o status \ne enviar alertas por e-mail. \n• O software, uma ferramenta de gerenciamento Windows Application e a versão Client é especíﬁ  ca para automatizar o shutdown \nde servidores, podendo desligar automática e simultaneamente vários servidores e estações. \n• O Adaptador Modbus permite integrar o No-Break, via uma porta RS485, a Sistemas de Automação Predial.\nBypass Estático\nSistema de proteção que, em caso de \nproblemas, transfere automaticamente \na carga para um circuito alternativo, sem \ninterrupção no fornecimento de energia.Bypass Estático de Manutenção\nPermite a transferência e o retorno da carga do No-Break para um circuito \nalternativo de fornecimento de energia, para atividades de manutenção. \nEm quaisquer situações, o fornecimento de energia é contínuo, sem \ninterrupções.\nBanco de Baterias\nArmazena energia reserva para alimentar o No-Break \ndurante um período predeterminado, denominado como \ntempo de autonomia do No-Break.Retificador\nConverte a energia da\nrede elétrica da concessionária\n ou do grupo gerador em\ncorrente contínua, corrigindo \nou eliminando distúrbios\nda entrada do sistema.\nCorrente alternada de entradaCorrente contínua Corrente alternada de saída\nCorrente alternada Bypass estáticoCorrente alternada Bypass estático\nde manutenção\nInversor\nConverte a corrente contínua do \nretiﬁ  cador ou das baterias em corrente \nalternada de saída, com forma de onda \nsenoidal pura, livre de distúrbios.\nRetificador\nConverte a energia da\nrede elétrica da concessionária\n ou do grupo gerador em\nInversor\nConverte a corrente contínua do \nretiﬁ  cador ou das baterias em corrente \nalternada de saída, com forma de onda', 'Medidas de P roteção \nVitais para I nstalações \nElétr icas Hospitalar es\nFUNCIONAMENTO Sistema de Aterrament o IT Médico \nO Sistema IT Médico é um sistema de super visão de falhas de isolação nas instalações elétr icas aplicado em \nconfiguração de aterrament o tipo IT, conf orme previsão da norma NBR 13534:2008 da Anvisa. \nEsta norma visa garantir a manut enção dos equipament os de sustentação à vida, mesmo em caso de \nprimeira falha de isolação elétr ica nos Estabeleciment os Assistenciais a Saúde (EAS). \nA utilização desta proteção é compulsór ia nos ambient es hospitalar es do Grupo 2, nos quais se enquadram \nas Salas Cirúr gicas, UTIs , UTIs Neonatais e Salas de Hemodinâmica. \nA utilização do Sistema IT Médico aumenta a segurança \npara o pacient e e para o corpo clínico ,  pois a interrupção \nno forneciment o de ener gia elétr ica em caso de uma falta é evitada, pois mesmo em um caso de curto- \ncircuito fase t erra, por ex emplo , um equipament o eletr omédico pode ser usado para auxiliar ou substituir , \ntemporar iament e ou permanent ement e  funções vitais de um pacient e. \nAlém disso , ocor re uma redução nas correntes de fuga circulando pelo condut or de proteção , o que diminui \na tensão de contat o e consequent ement e a intensidade de um choque elétr ico acidental .\nO Sistema possui Dispositiv o Super visor de Isolament o (DSI), Dispositiv o Super visor de Temperatura (DST ) e \nDispositiv o Super visor de Corrente (DSC ) que mede a resist ência entre os condut ores de alimentação e o \ncondut or de proteção , sinalizando sonora e visualment e quando essa resist ência decr esce para 50 KΩ. \nCOMPOSIÇ ÃO BÁSIC A  Quadr o de Ener gia Elétrica  - Sistema IT Médico \nO sistema é compost o por: \n• Transf ormador de Separação \n• Dispositiv o Super visor de Isolament o (DSI) \n  Super visor de Temperatura (DST )\n  Super visor de Corrente (DSC ) \n• Dispositiv o Anunciador \n• Montagem em Rack\nOpcionais: \n• Gerador de Sinal BT-4000\n• Localizador Individual de Falha BT-0074/ BT 0078\n• Interface Homem-M áquina (IHM)']","A sobrecarga em sistemas de proteção elétrica pode levar a um aumento na temperatura do equipamento, o que pode causar falhas no isolamento e, consequentemente, um risco de incêndio ou explosão. Além disso, a sobrecarga pode também resultar em danos ao equipamento, reduzindo sua vida útil e eficiência, e possivelmente levando a interrupções no fornecimento de energia. Em ambientes hospitalares, isso pode ser particularmente crítico, pois interrupções no fornecimento de energia podem impactar negativamente o desempenho de equipamentos médicos vitais.","As consequências de uma sobrecarga em sistemas de proteção elétrica podem incluir danos aos equipamentos, falhas no sistema e riscos de incêndio.",0.0,0.0,0.0,0.0,0.9343377735460754,0.0,0.2,0.8480256846531663,0.1927927927927928,0.2735042735042735,0.0,0.0,1,0,1,1,1
86,Qual a importância da calça azul no uniforme da equipe?,"['Vantagens do C ontrat o de M anut enção \nAtravés do contrat o de manut enção , técnicos e gest ores de manut enção podem r eduzir a deg radação dos seus equipament os, prolongando \no tempo de vida útil e evitando int ervenções cor retivas , que geram cust os elevados e t êm impac tos negativ os.\nn   Supor te técnico por t elefone, durant e 24hs/dia\nn   Minimizar os r iscos e pr ejuíz os de t er um equipament o parado\nn   Prioridade no at endiment o no caso de uma parada \nn Redução da necessidade de manut enção cor retivas em at é 80% e \nconsequent e  redução de cust os\nn  Serviços de cor retivas , quando  inclusos no contrat o \nn Redução de cust o: equipament os com manut enção pr eventiva \nadequada sofr em menos desgast es e, por tanto \ntem sua vida útil ampliada. \nAv. Eng . Alber to de Zagottis , 760 - 04675-085 -  São P aulo - SP\nTel.: (11) 5696-5033 \nwww.cmcomandos .com.br\nSistema de \nSustentabilidade A uditadoIdentifique Nossa E quipe \nUniforme P adrão \nCamisa azul   Calça azul   Crachá  \nPedro\nSuporte Técnico0000000000001Nome:\nRG:\nSetor:João P edro \nMatrícula:\n1111 25.613.810-2\nAssistência Técnica\n1.Uso... \nJOÃO PEDRO \nSuporte Técnico Supor te Técnico\nCall C enter int egrado ao sist ema de gestão ERP\nTécnicos Treinados e Qualificados\nEquipados com I nstrumentação de P onta\nAnalisador de Har mônicos\nAtendiment o 24 horas - 7 dias da semana via C ontrat os\nde M anut enção P reditiva, P reventiva e C orretiva\n  Supor te Pleno de P ré e P ós-V enda\nAmpla cober tura em t odo o paísn   \nn  \nn  \nn  \nn  \nn\nn  \nCM MK T SET 2021  -   As especificações estão sujeitas a alterações sem pr évio aviso . Nós incentivamos a r eciclagem\nAtendiment o em t odo\n o Território Nacional\ncom filiais e r epresentant es nas pr incipais \ncidades e capitais , otimizando o t empo , \ncusto e buscando a ex celência\n na pr estação de ser viços\nEscaneie e saiba mais sobr e o\n contrat o de manut enção \nOSD  N LI A NM EO AC R EMSCISO\n90012015 OSD  N LI A NM EO AC R EMSC', 'Medidas de P roteção \nVitais para I nstalações \nElétr icas Hospitalar es\nFUNCIONAMENTO Sistema de Aterrament o IT Médico \nO Sistema IT Médico é um sistema de super visão de falhas de isolação nas instalações elétr icas aplicado em \nconfiguração de aterrament o tipo IT, conf orme previsão da norma NBR 13534:2008 da Anvisa. \nEsta norma visa garantir a manut enção dos equipament os de sustentação à vida, mesmo em caso de \nprimeira falha de isolação elétr ica nos Estabeleciment os Assistenciais a Saúde (EAS). \nA utilização desta proteção é compulsór ia nos ambient es hospitalar es do Grupo 2, nos quais se enquadram \nas Salas Cirúr gicas, UTIs , UTIs Neonatais e Salas de Hemodinâmica. \nA utilização do Sistema IT Médico aumenta a segurança \npara o pacient e e para o corpo clínico ,  pois a interrupção \nno forneciment o de ener gia elétr ica em caso de uma falta é evitada, pois mesmo em um caso de curto- \ncircuito fase t erra, por ex emplo , um equipament o eletr omédico pode ser usado para auxiliar ou substituir , \ntemporar iament e ou permanent ement e  funções vitais de um pacient e. \nAlém disso , ocor re uma redução nas correntes de fuga circulando pelo condut or de proteção , o que diminui \na tensão de contat o e consequent ement e a intensidade de um choque elétr ico acidental .\nO Sistema possui Dispositiv o Super visor de Isolament o (DSI), Dispositiv o Super visor de Temperatura (DST ) e \nDispositiv o Super visor de Corrente (DSC ) que mede a resist ência entre os condut ores de alimentação e o \ncondut or de proteção , sinalizando sonora e visualment e quando essa resist ência decr esce para 50 KΩ. \nCOMPOSIÇ ÃO BÁSIC A  Quadr o de Ener gia Elétrica  - Sistema IT Médico \nO sistema é compost o por: \n• Transf ormador de Separação \n• Dispositiv o Super visor de Isolament o (DSI) \n  Super visor de Temperatura (DST )\n  Super visor de Corrente (DSC ) \n• Dispositiv o Anunciador \n• Montagem em Rack\nOpcionais: \n• Gerador de Sinal BT-4000\n• Localizador Individual de Falha BT-0074/ BT 0078\n• Interface Homem-M áquina (IHM)']","The blue pants in the uniform of the team signify their role as trained and qualified technicians who are equipped with the necessary instrumentation to provide preventive, predictive, and corrective maintenance services. These services include call center support available 24 hours a day, 7 days a week, ensuring prompt and efficient assistance for their clients. The blue pants are part of the standard uniform that represents the team's commitment to providing high-quality services and sustaining a professional image.","A calça azul é parte do uniforme padrão da equipe, que inclui também a camisa azul e o crachá, indicando a identidade e a organização da equipe.",0.9999999999,1.0,0.0,0.2857142857142857,0.8920097759479066,0.4285714285714285,0.17,0.5145080887945234,0.1778202676864244,0.0909090909090909,0.0,0.0,0,0,1,0,0
87,características aplicações sistemas elétricos 30 kV ANo,"['Possui isolação galvânica reforçada, blindagem eletrostática \nentre enrolamentos primário e secundár io, conectados a um \nterminal própr io e com caracter ísticas elétricas e mecânicas que \ngarantem sua qualidade e confiabilidade.\nPossui sensores de temperatura do tipo PT-100 os quais são \nconectados ao módulo DST para super visão de temperatura.\nO transformador garante a confiabilidade das condições do \nisolamento do circuito elétrico sendo imprescindível para a \nsegurança nas aplicações cirúrgicas.\n       5,0 - 7,5   1135 X 456 X 466    130\n     7,5 - 7,5      1135 X 456 X 466    150\n     7,5 -10,0     1135 X 456 X 466        170Potência\nkVAPeso \nkgDimensões Físicas\nalt x lar g x prof \nmm\n  10,0 -10,0    1135 X 456 X 466       190\n      3,0 - 3,0   900 X 440 X 400     105\n     3,0 - 5,0    900 X 440 X 400     105\n     5,0 - 5,0    900 X 440 X 400         105Potência\nkVAPeso \nkgDimensões Físicas\nalt x lar g x prof \nmmGabinete duplo Gabinete duplo intermediário\n• Nor mas: 61557-8, IEC EN 64-8/7 - 710 and UNE 20615.\n*', 'Classe de Isolação:  \nF (150°C )\n Elev ação de Temper atur a:\nF (80°C )\nRuído audív el:\n    40 dB @ 1 metr o\nFreqüência :  \n60 H z  (Standar d)  \n50 H z  (Opcional)\nPotência Monofásica\nAté 10,0 kV A \nTensão P rimária\nAté 1000 VTRANSFORMADOR DE SEP ARAÇÃO CARACTERÍSTIC AS TÉCNIC AS \nO transf ormador de Separação é fabr icado de acor do com as nor mas \nIEC 61558-2-15 e NBR 13534.\nDISPOSITIV O SUPER VISOR DE ISOLAMENT O (DSI)  O DSI é o módulo de comando central do sist ema e r ealiza o monit orament o continuo do isolament o da r ede elétr ica ex clusiva, atra vés da injeção \nde sinais entr e a linha de alimentação do dispositiv o e o at errament o. \nO sinal injetado é compost o por component es ôhmicos adequados para um nív el máximo de dispersão t otal,  estabelecidos pela nor ma. \nCaso ocor ram nív eis maior es do que o nor mal,  o dispositiv o de super visão imediatament e atua, emitindo um sinal de alar me, para a int ervenção \ndas equipes de manut enção . \nO módulo DSI possui um micr oprocessador int erno, comunicação M odbus via RS485 e é pr ojetado dentr o dos cr itérios tecnológ icos mais \navançados ,  sendo pr eciso , segur o e confiá vel, carac terísticas exig idas pelas  aplicações médico -hospitalar es.']","A transformer used in medical-hospital applications, as described in the context, has reinforced galvanic insulation, electrostatic shielding between primary and secondary windings, and temperature sensors connected to a DST module for temperature supervision. It is fabricated according to IEC 61558-2-15 and NBR 13534 norms, and has a Dispositivo Supervisor de Isolamento (DSI) that continuously monitors the insulation of the electrical network and injects signals to detect any abnormalities. The DSI emits an alarm signal if higher-than-normal levels are detected.

Based on these characteristics, a 30 kV A system with similar features would provide enhanced safety and reliability for medical-hospital applications. The system would include reinforced insulation, shielding, temperature supervision, and a monitoring module equivalent to the DSI. This would ensure the safe and reliable operation of electrical equipment in medical-hospital environments.",As características e aplicações de sistemas elétricos de 30 kV ANo incluem a capacidade de operar com potência de 30 kV.,0.0,0.0,0.0,0.0,0.5229752072350301,,0.0,0.4255306147341257,0.1030176899063475,0.0613496932515337,0.0,0.0,0,1,1,0,1
88,Quais são as implicações de uma Falha Interna em um sistema?,"['Medidas de P roteção \nVitais para I nstalações \nElétr icas Hospitalar es\nFUNCIONAMENTO Sistema de Aterrament o IT Médico \nO Sistema IT Médico é um sistema de super visão de falhas de isolação nas instalações elétr icas aplicado em \nconfiguração de aterrament o tipo IT, conf orme previsão da norma NBR 13534:2008 da Anvisa. \nEsta norma visa garantir a manut enção dos equipament os de sustentação à vida, mesmo em caso de \nprimeira falha de isolação elétr ica nos Estabeleciment os Assistenciais a Saúde (EAS). \nA utilização desta proteção é compulsór ia nos ambient es hospitalar es do Grupo 2, nos quais se enquadram \nas Salas Cirúr gicas, UTIs , UTIs Neonatais e Salas de Hemodinâmica. \nA utilização do Sistema IT Médico aumenta a segurança \npara o pacient e e para o corpo clínico ,  pois a interrupção \nno forneciment o de ener gia elétr ica em caso de uma falta é evitada, pois mesmo em um caso de curto- \ncircuito fase t erra, por ex emplo , um equipament o eletr omédico pode ser usado para auxiliar ou substituir , \ntemporar iament e ou permanent ement e  funções vitais de um pacient e. \nAlém disso , ocor re uma redução nas correntes de fuga circulando pelo condut or de proteção , o que diminui \na tensão de contat o e consequent ement e a intensidade de um choque elétr ico acidental .\nO Sistema possui Dispositiv o Super visor de Isolament o (DSI), Dispositiv o Super visor de Temperatura (DST ) e \nDispositiv o Super visor de Corrente (DSC ) que mede a resist ência entre os condut ores de alimentação e o \ncondut or de proteção , sinalizando sonora e visualment e quando essa resist ência decr esce para 50 KΩ. \nCOMPOSIÇ ÃO BÁSIC A  Quadr o de Ener gia Elétrica  - Sistema IT Médico \nO sistema é compost o por: \n• Transf ormador de Separação \n• Dispositiv o Super visor de Isolament o (DSI) \n  Super visor de Temperatura (DST )\n  Super visor de Corrente (DSC ) \n• Dispositiv o Anunciador \n• Montagem em Rack\nOpcionais: \n• Gerador de Sinal BT-4000\n• Localizador Individual de Falha BT-0074/ BT 0078\n• Interface Homem-M áquina (IHM)', 'S I S T E M A PA R A L E L O M U LT I AT I V O ( E X C L U S I V O C M C O M A N D O S )\nA CM Comandos Lineares desenvolveu um sistema inovador e pioneiro no mundo de paralelismo entre No Breaks. O sistema Paralelo \nMulti Ativo permite a expansão do sistema, de acordo com sua demanda de consumo, podendo paralelar quantas unidades forem \nnecessárias para atender sua demanda, elevando a capacidade do sistema e a confiabilidade de sua aplicação.\nP O S S I B I L I D A D E D E S O M A T Ó R I A D E  P O T Ê N C I A S\nPermite a ligação para somatória de potência, utilizando dois ou mais No \nBreaks para atingir a demanda da carga total.\nQuando utilizado para somatória de potência, possibilita a ligação de \nNo Breaks com potências diferentes. Quando a ligação for feita com No \nBreaks de potências diferentes, a carga será distribuída \nproporcionalmente. Permite a ligação em paralelo redundante N + 1,  N + 2, N + 3 … N+X,  \npossibilitando o desligamento de uma ou mais unidades mantendo a \ncarga ativa.L I G A Ç Ã O E M P A R A L E L O R E D U N D A N T E\nA comunicação entre os No Breaks consiste no barramento de \ncomunicação comum, por onde transitam informações contendo \nnível de carga, sincronismo e a condição do by pass.C O M U N I C A Ç Ã O E N T R E O S N O B R E A K STodos os No Breaks são autônomos, operam de forma \nindependente no sistema e possuem controle individual.N Ã O E X I S T E N O B R E A K M E S T R E O U E S C R A V OPodem ser paraleladas quantas unidades forem necessárias, \npossibilitando expansão do sistema, de acordo com a demanda de \nconsumo.Q U A N T I D A D E I L I M I T A D A P A R A P A R A L E L I S M O\nM A N U T E N Ç Ã O D O N O B R E A K\nPermite a inserção ou retirada de um No Break no sistema, sem a \nnecessidade de parada.Rede Elétrica\nde Entrada\nSaídaNo Break 1\n Potência de \n30 kVANo Break 2\nPotência de \n10 kVANo Break 3\nPotência de \n20 kVA\nCarga fornecida pelo sistema = 150 kVANo Break 4\nPotência de \n30 kVANo Break 5\nPotência de \n20 kVANo Break 6\nPotência de \n40 kVA\nINTERFACES DE \nGERENCIAMENTO   \nREMOTO\nSão compostas por diversas ferramentas. O \nAdaptador SNMP NetMate permite\ngerenciar remotamente o No Break via a \nInternet através de um web browser,\nmonitorar o status e enviar alertas por e-mail. \nO software IP Power é uma ferramenta de \ngerenciamento  Windows Application e a \nversão Client é específica para  automatizar o \nshutdown de servidores, podendo desligar \nautomática e simultaneamente vários\ns e r v i d o r e s  e  e s t a ç õ e s .\nO Adaptador ArmModbus permite integrar \no  N o  B r e a k ,  v i a  u m a  p o r t a\nRS485, a Sistemas de Automação Predial.']","A failure in an electrical system, specifically a ""Falha Interna"" or internal fault, can have several implications. It can lead to a disruption in the electrical supply, which can be particularly problematic in critical care settings like hospitals. In the context provided, an internal fault in the IT Medical System can lead to interruption of electrical supply, which can impact the functioning of vital medical equipment and potentially endanger patients. Additionally, an internal fault can cause an increase in stray currents and reduce the effectiveness of the protective conductor, increasing the risk of accidental electric shock. The system mentioned in the context has several safety measures in place, such as the Dispositivo Supervisor de Isolamento (DSI), Dispositivo Supervisor de Temperatura (DST), and Dispositivo Supervisor de Corrente (DSC), which monitor the resistance between the power conductors and the protective conductor and alert when the resistance drops to 50 KΩ. However, the specific implications of a fault would depend on the exact nature and location of the fault within the system.","As implicações de uma Falha Interna em um sistema podem incluir interrupções nos serviços, perda de dados e a necessidade de diagnósticos e correções, afetando a operação e a confiabilidade do sistema.",0.0,0.0,0.0,0.0,0.7273409731715831,0.5,0.57,0.6196677587116179,0.1405550581915846,0.0483091787439613,0.0,0.0,1,1,1,1,1
89,Quais são as principais características de proteção do Estabilizador Eletrônico Perfection MI S2?,"['monobloco\n   \n    •Painel F rontal: em ABS de alta r esistência\n  \n    • A cabamento: pintura epó xi-pó na cor g rafite\n       com tratamento tér mico e anti- corrosivo\nTransf ormador Isolador : com blindagem\n    eletr ostátican  \nn  \nn   Alarmes\nContr olados pelo pr ocessador DSP\nTipos de Alarmes:\n   \n    •Sonor os: \n       »  A utocheck I nicialização\n       »  Tensão da Rede F ora da F aixa\n       »  Sobr ecar ga de Saída\n       »  F alha I nterna do Estabilizador\n       »  F reqüência da Rede F ora de F aixa\n   \n     •Sinalização: L eds de Status do P ainel\n       »  Rede Nor mal\n       »  Saída Nor mal\n       »  F alhan   \nn   Características de Oper ação\nRuído A udív el: 55 dBA a 60 dBA a 1 metr o\n MTBF (M ean Time Bet ween F ailur es): 50 mil horas\nMTTR (M ean Time To Repair): 30 minutos\nTemperatura Ambiente: \n   \n•Mínimo: 0ºC / M áximo 40ºC\n   \n    •Recomendada: 20ºC a 25ºC\nUmidade Relativa:\n   \n    •0% a 95% sem condensação\n   \n    •Recomendada: 45% a 55%\nAltitude: até 1.800m\n Tipo de Ambiente Recomendado:\n   \n    •Interno, instalação abr igada\n   \n    •Atmosf era: limpa, livr e de par tículas condutivas , \n      gases tó xicos , líquidos e inflamáv eis.\nGrau de P roteção: IP -20n   \nn  \nn   \nn   \n   \nn   \nn    \nn  \nn    \n   2000    2,0       620 X 200 X 600        41  \n   3000    3,0       620 X 200 X 600        43\n   5000    5,0       620 X 200 X 600           47\n   7500    7,5       620 X 200 X 600           61\n 10000  10,0       790 X 400 X 775        119\n 15000  15,0       790 X 400 X 775        147Modelo Potência \nkVADimensões Físicas\nalt x lar g x prof \nmmPeso \nkg\n* Opcional\nCM.MK T MAR 22  -   As especificações estão sujeitas a alterações sem pr évio aviso . Nós incentivamos a r eciclagem\nCertificação de \nSustentabilidade A uditadaESPECIFIC AÇÕES  TÉCNIC ASOs Estabilizador es de Tensão M icroprocessados P erfection MI S2 possuem uma tecnolog ia inédita de duplos con versor es estáticos com módulos IGBT s, de última geração . \nTotalmente contr olado por micr oprocessador DSP – Dig ital Sig nal P rocessor , o estabilizador cor rige instantaneamente qualquer var iação de tensão da r ede elétr ica da \nconcessionár ia, além de atenuar distor ção har mônica, var iações de fr equência e distúr bios elétr icos, gerando uma f orma de onda senoidal pura, e f ornecendo uma linha \nestabilizada ex clusiva e isolada para as aplicações sensív eis.\nA tecnolog ia DSP r ealiza medições em True RMS g raças à amostragem dig ital, sem r etardos ou desvios , com alta v elocidade e confiabilidade . Isso sig nifica que podemos \nproduzir sistemas cada v ez menor es e capaz es de r ealizar mais funções , com elevada confiabilidade .', 'Perfection S erie Premium Estabilizador a IGBT s  com  Sist ema B ypass A utomático\nCOMO FUNCIONA ?\nCARACTERÍSTICAS  PRINCIPAIS\nAlta Tecnologia DSP - Digital Signal Processor\nPermite funções avançadas e exclusivas em Real Time.\nQualquer variação é instantaneamente detectada e corrigida, sem \natrasos.\nSistema de Proteção de Sub e Sobretensão\nO DSP supervisiona e desliga automaticamente a saída em caso de \ndetecção de sub ou sobretensão. Rearma automaticamente quando \nretornar à condição normal.Medidores Digitais e em True RMS\nCom plena utilização dos recursos do processador DSP,  realizam \nmedições digitais com a precisão de multímetros.Processo de Regulação por Conversor a IGBTs\nProvê regulação estática de saída de ±1%, sem degraus de tensão, \ncom baixa impedância e alto rendimento elétrico, ou seja, é um \nestabilizador ideal com performance e precisão absolutas.Registro de Eventos Log\nO DSP registra permanentemente na memória não volátil E2PROM, \nos últimos 25.500 registros, possibilitando rastreabilidade total dos \neventos ocorridos no sistema.\nAlta Performance e Velocidade de Resposta\nCom  velocidade de correção inferior a 4 milissegundos, possui \nexcelente performance para cargas com altos picos de corrente.Sistema Bypass Automático\nSistema de proteção que, em caso de problemas, transfere \nautomaticamente a carga para um circuito alternativo, sem interrupção \nno fornecimento de energia.Alto Rendimento Elétrico\nGera menor dissipação térmica e proporciona economia no \nconsumo de energia elétrica.O Estabilizador Perfection SP é um equipamento que corrige as variações de tensão através de uma inovadora tecnologia de Conversores a IGBTs, \ncontrolados por chips DSP - sistema inovador no mercado mundial,  desenvolvido pela CM Comandos.\nSistema de Correção a IGBTs\nUm sofisticado con versor a módulos IGBT s gera a f orma de onda necessár ia para \ncorrigir as variações de tensão . O resultado é uma precisão de saída de ±1%, sem a \nutilização de taps ou degraus de tensão . \nPossui elevado rendimento elétr ico e alta capacidade de corrente , sendo indicado \npara aplicações exigentes com altos degraus de carga e picos de corrente .\nDSPMódulo de\nCorreção\nInversor\nIGB TRetificador\nIGB TTrafo\nIsolador *\nDispla y LCD\nInter face de sinalização , status de operação , \nalarmes e comandos contr olados pelo DSP.\nTecnologia DSP\nTodas as funções de contr ole e regulação ,  \nTrue RMS, comandos ,  alarmes , inter faces e registro log de \neventos , são realizadas pelo sofisticado micr oprocessador \nDSP, em Tempo Real .medições em Conversor a IGBTs\nUtiliza o estado da arte em conversor , Retificador e \nInversor . A IGBT s, e tecnolog ia PWM de Alta Frequência.Registro Log de Eventos\nGrava os últimos 25.500 registros, permitindo \nrastr eabilidade do histór ico de operação .Transf ormador Isolador\nCria uma linha exclusiva, isolada e não \ncompar tilhada com outras cargas não essenciais .Módulo de C orreção\nCorrige estaticamente as var iações de tensão .\nProteção de Sub e Sobretensão\nDesconec ta e protege a carga sensív el \nem caso de situação anor mal. \nSaída\nRede Elétr ica\nde Entr adaSistema de Bypass Automático\nPermite a continuidade da operação em caso de falhas e \nsobr ecar ga sem inter rupção .\n* Opcional']","The Perfection MI S2 electrical stabilizer has several protection features, including:

1. Alarm system: It includes several types of alarms such as auto-check initializing, power network tension, output overvoltage, internal failure of the stabilizer, power network frequency, and power network frequency out of range.
2. Digital signal processor (DSP) controlled: The DSP processor controls the alarm system and ensures the stabilizer's operation.
3. Surge and overvoltage protection: The DSP processor monitors and automatically shuts off the output in case of surge or overvoltage detection, and rearming automatically when it returns to normal conditions.
4. Digital and True RMS measurements: The DSP processor performs digital measurements with the precision of multimeters.
5. Automatic bypass system: In case of problems, the system automatically transfers the load to an alternative circuit without interrupting the energy supply.
6. High electrical performance: The stabilizer provides low impedance and high electrical efficiency, making it an ideal stabilizer with absolute performance and precision.
7. Transformer isolator: It creates an exclusive, isolated, and non-comparable line with other non-essential loads.
8. Protection of sub and overvoltage: It disconnects and protects the sensitive load in case of abnormal situations.

These protection features ensure the safe and reliable operation of the Perfection MI S2 electrical stabilizer.","As principais características de proteção do Estabilizador Eletrônico Perfection MI S2 incluem proteção contra sobrecarga, curto-circuito, sub e sobre tensão de entrada e saída, e sobre temperatura. Além disso, possui acionamento automático controlado pelo DSP e tempo de transferência nulo.",0.99999999995,0.0,0.0,0.9444444444444444,0.9580716339703744,1.0,0.09,0.7554858790085022,0.1514736120630568,0.0386100386100386,0.0,0.0,0,1,1,1,1
90,Quais são as principais funções dos sistemas de energia ininterrupta em um Digital Signal Processor?,"['Alta Tecnolog ia em\nProcessament o Dig ital\nde Sinais - DSP\nOS MAIS MODERNOS\nNO-BREAKS CORPORATIVOSVivemos em um mundo cada v ez mais ág il e prático . Um mundo conec tado por pr ocessador es, chips , softwares e \nperiféricos. Mas isso ainda não é o bastant e. Por isso , o mundo caminha para t ecnolog ias de pr ocessament o imediat o \nde dados . A CM C omandos Linear es está um passo à fr ente e of erece aos seus client es pr odut os dotados de uma \ntecnolog ia revolucionár ia, denominada P rocessament o Dig ital de Sinais - - DSP .\nToda a linha de No -Breaks  \nconta com a t ecnolog ia DSP .  Carac terística que \npropor ciona alta per formance e confiabilidade , Conception Multi Ativ o \npara aplicações de missão cr ítica. Ou seja, pr otegem as aplicações nas quais a continuidade da operação é de \nfundamental impor tância.\nequipament os pode ser atualizado , \nacrescentando novas funções em \nunidades já instaladas . Hoje , esta t ecnolog ia está pr esent e nos mais sofisticados sist emas eletr ônicos , devido à sua alta v elocidade e \nconfiabilidade . Processador es Dig itais de Sinais são capaz es de pr ocessar dez milhões de amostragens por segundo . \nIsso sig nifica pr ocessament o em t empo r eal -- o sinal é pr ocessado no mesmo instant e em que é r ecebido , sem \nretardos ou atrasos .\nProjetados com o uso int enso dos r ecursos da t ecnolog ia DSP ,  os No -Breaks C onception Multi Ativ o  ag regam nov os  \ne avançados r ecursos , que estabelecem um nov o conceit o em desen volviment o, no qual o fir mware dos \nAdquir indo No -Breaks , cont e com as \nsoluções da CM C omandos , que \nasseguram t ecnolog ia de ponta, \nmáxima pr oteção , precisão dig ital e \nprocessament o em t empo r eal.  Modelo 300kV A', 'Alta Tecnologia em\nProcessamento Digital\nde Sinais - DSP\nO S M A I S M O D E R N O S\nN O B R E A K S C O R P O R AT I V O SVivemos em um mundo cada vez mais ágil e prático. Um mundo conectado por processadores, chips, softwares e \nperiféricos. Mas isso ainda não é o bastante. Por isso, o mundo caminha para tecnologias de processamento imediato \nde dados. A CM Comandos Lineares está um passo à frente e oferece aos seus clientes produtos dotados de uma \ntecnologia revolucionária, denominada Processamento Digital de Sinais -- DSP .\nToda a linha de No Breaks Innovation S1 Trifásico  \nTransformerless conta com a tecnologia DS P.   \nCaracterística que proporciona alta performance e \nconfiabilidade, tornando-os ideais para aplicações de missão crítica. Ou seja, protegem as aplicações nas quais a \ncontinuidade da operação é de fundamental importância.\ndos equipamentos pode ser atualizado, \nacrescentando novas funções em \nunidades já instaladas. Hoje, esta tecnologia está presente nos mais sofisticados sistemas eletrônicos, devido à sua alta velocidade e \nconfiabilidade. Processadores Digitais de Sinais são capazes de processar dez milhões de amostragens por segundo. \nIsso significa processamento em tempo real -- o sinal é processado no mesmo instante em que é recebido, sem \nretardos ou atrasos.\nProjetados com o uso intenso dos recursos da tecnologia DSP ,  os No Breaks Innovation Trifásico Transformerless  \nagregam novos  e avançados recursos, que estabelecem um novo conceito em desenvolvimento, no qual o firmware \nAo pensar em adquirir No Breaks,     \nconte com as soluções da\nCM Comandos, que asseguram \ntecnologia de ponta, máxima proteção, \nprecisão digital e processamento        \nem tempo real.']","The main functions of uninterruptible power supply (No-Break or UPS) systems in a Digital Signal Processor (DSP) are to ensure high performance, provide reliability, allow for system updates with new functions on existing units, protect applications where operation continuity is fundamentally important, and process signals in real-time with high precision and no delays. These features are made possible by the integration of DSP technology and advanced firmware solutions provided by companies like CM Commandos Linear.",As principais funções dos sistemas de energia ininterrupta em um Digital Signal Processor incluem garantir a continuidade do fornecimento de energia e proteger o processador contra interrupções e flutuações de energia.,0.99999999995,0.0,0.0,0.1428571428571428,0.8062520305668813,0.1428571428571428,0.25,0.6642427467433135,0.239463601532567,0.054054054054054,0.0,0.0,0,0,1,0,1
91,papel auditoria OSD sistema sustentabilidade,"['CM COMANDOS LINEARES\nOSDN LI A NM EO AC REM SCISO\n9001\n2015\nSistema de \nSustentabilidade AuditadaAv. Eng. Alberto de Zagottis, 760 - 04675-085 - São Paulo - SP\nTel.: (11) 5696-5000 - Fax: (11) 5696-5055\nwww.cmcomandos.com.brOSD L NI A NM EA OR CEM SCISO\n9001\n2015', 'Av. Eng . Alber to de Zagottis , 760 - 04675-085 -  São P aulo - SP\nTel.: (11) 5696-5000\nwww.cmcomandos .com.brOSD  N LI A NM EO AC R EM SCISO\n90012015\nSistema de \nSustentabilidade A uditado\nMEDIDAS DE PRO TEÇÃO VITAIS P ARA INST ALAÇÕES ELÉTRIC AS HOSPIT ALARES \nO Transf ormador de Separação possui alta isolação galvânica e gera um \ncircuito elétr ico isolado com sist ema de at errament o IT. \nEste cir cuito ex clusiv o  é monit orado pelo DSI.  Na ocor rência de qualquer \nfalha de isolação das car gas sensív eis alimentadas , o DSI imediatament e \naciona um alar me  para  a equipe de manut enção .       Sist ema IT \nSistema IT c om IHM e L ocalizador de F alhas Exemplos de Diagr amas de Aplicações  \n Imagens Ilus trativas\n Imagens Ilus trativas\nCM MK T  JAN 24 - *As especificações  técnicas estão sujeitas a alterações sem aviso pr évio e conf orme necessidades de pr ojetos customizados .                 Nós incentivamos a r eciclagem.']","The system of audited sustainability includes a Transformer of Separation with high galvanic isolation, which generates an isolated electrical circuit with an IT system. This exclusive circuit is monitored by the DSI. In case of any failure in the isolation of the sensitive components supplied, the DSI immediately triggers an alarm for the maintenance team. The IT system also includes an IHM and a Fault Localizer. Examples of Application Diagrams and Illustrative Images are provided. The specifications are subject to change without prior notice, according to the needs of customized projects. The company encourages recycling.",O papel da auditoria no sistema de sustentabilidade é garantir que as especificações e práticas estejam em conformidade com as normas e promovam a reciclagem.,0.0,0.0,0.0,0.875,0.5977235639081105,1.0,0.18,0.3145184641661947,0.1708860759493671,0.0165289256198347,0.0,0.0,0,1,1,0,0
92,Qual é a função principal de um adaptador SNMP em redes de computadores?,"['REGISTRO PERMANENTE\nDE E VENT OSCORREÇÃO DO  F ATOR DE*POTÊNCIA\nO DSP ar maz ena os ev entos em sua memór ia EEPR OM. \nFunciona como uma “caixa-pr eta”, sendo possív el rastr ear os \nvalor es das medições e a posição das cha ves int ernas, \ndenunciando ev entuais er ros de operação .Conhecido pela sigla PFC - P ower Factor Correction, est e \nsistema per mite que o F ator de P otência de Entrada do \nNo-Break seja 0.99 - cor rigindo os ef eitos das car gas não \nlinear es e har mônicas conec tadas na saída do No -Break.-INTERF ACES DE GERENCIAMENT O\nREMO TO\nSão compostas por div ersas f erramentas . O A daptador SNMP NetM ate \npermite ger enciar r emotament e o No -Break via a I nternet atra vés de \num w eb br owser , monit orar o status e en viar aler tas por e -mail . \nO sof tware IP P ower é uma f erramenta de ger enciament o  Windows \nApplication e a v ersão Client é específica para  aut omatizar o shut down \nde ser vidor es, podendo desligar aut omática e simultaneament e vár ios \nservidor es e estações . \nO Adaptador Ar mModbus per mite int egrar o No -Break, via um\nRS485, a Sist emas de A utomação P redial atra vés do pr otocolo M odbus .a por ta INTERF ACES  DE  SHUTDO WN  \nE GERENCIAMENT O  REMO TO\nPorta M icroprocessada DB9A   Inter face de Ger enciamento Remoto \n  \nB   Adaptador SNMP\n     \nMultisser vidor es\nMultiplataf ormas\nMulti-S.O .C   Client Shutdown\nD  Estação Remota\n     Sof tware com \n     conexão à I nter net\nRede Ethernet RJ45', 'S I S T E M A PA R A L E L O M U LT I AT I V O ( E X C L U S I V O C M C O M A N D O S )\nA CM Comandos Lineares desenvolveu um sistema inovador e pioneiro no mundo de paralelismo entre No Breaks. O sistema Paralelo \nMulti Ativo permite a expansão do sistema, de acordo com sua demanda de consumo, podendo paralelar quantas unidades forem \nnecessárias para atender sua demanda, elevando a capacidade do sistema e a confiabilidade de sua aplicação.\nP O S S I B I L I D A D E D E S O M A T Ó R I A D E  P O T Ê N C I A S\nPermite a ligação para somatória de potência, utilizando dois ou mais No \nBreaks para atingir a demanda da carga total.\nQuando utilizado para somatória de potência, possibilita a ligação de \nNo Breaks com potências diferentes. Quando a ligação for feita com No \nBreaks de potências diferentes, a carga será distribuída \nproporcionalmente. Permite a ligação em paralelo redundante N + 1,  N + 2, N + 3 … N+X,  \npossibilitando o desligamento de uma ou mais unidades mantendo a \ncarga ativa.L I G A Ç Ã O E M P A R A L E L O R E D U N D A N T E\nA comunicação entre os No Breaks consiste no barramento de \ncomunicação comum, por onde transitam informações contendo \nnível de carga, sincronismo e a condição do by pass.C O M U N I C A Ç Ã O E N T R E O S N O B R E A K STodos os No Breaks são autônomos, operam de forma \nindependente no sistema e possuem controle individual.N Ã O E X I S T E N O B R E A K M E S T R E O U E S C R A V OPodem ser paraleladas quantas unidades forem necessárias, \npossibilitando expansão do sistema, de acordo com a demanda de \nconsumo.Q U A N T I D A D E I L I M I T A D A P A R A P A R A L E L I S M O\nM A N U T E N Ç Ã O D O N O B R E A K\nPermite a inserção ou retirada de um No Break no sistema, sem a \nnecessidade de parada.Rede Elétrica\nde Entrada\nSaídaNo Break 1\n Potência de \n30 kVANo Break 2\nPotência de \n10 kVANo Break 3\nPotência de \n20 kVA\nCarga fornecida pelo sistema = 150 kVANo Break 4\nPotência de \n30 kVANo Break 5\nPotência de \n20 kVANo Break 6\nPotência de \n40 kVA\nINTERFACES DE \nGERENCIAMENTO   \nREMOTO\nSão compostas por diversas ferramentas. O \nAdaptador SNMP NetMate permite\ngerenciar remotamente o No Break via a \nInternet através de um web browser,\nmonitorar o status e enviar alertas por e-mail. \nO software IP Power é uma ferramenta de \ngerenciamento  Windows Application e a \nversão Client é específica para  automatizar o \nshutdown de servidores, podendo desligar \nautomática e simultaneamente vários\ns e r v i d o r e s  e  e s t a ç õ e s .\nO Adaptador ArmModbus permite integrar \no  N o  B r e a k ,  v i a  u m a  p o r t a\nRS485, a Sistemas de Automação Predial.']","An adaptador SNMP, or Simple Network Management Protocol, in a computer network primarily functions to facilitate remote management of devices, such as a No-Break or UPS (Uninterruptible Power Supply), via the internet using a web browser. It allows for monitoring the status and sending alerts via email. This is achieved by transmitting information containing details such as load level, synchronism, and bypass condition through a common communication bus. Each No-Break operates independently in the system and has individual control. Additionally, the SNMP adaptor enables integration of the No-Break with building automation systems through a serial RS485 port.","A função principal de um adaptador SNMP em redes de computadores é gerenciar e monitorar dispositivos de rede, permitindo a comunicação entre eles e a coleta de informações sobre seu desempenho.",0.99999999995,0.0,0.0,0.4,0.993291787412418,0.8,0.22,0.6798080507710738,0.191904047976012,0.0601503759398496,0.0,0.0,0,0,1,1,0
93,Qual a importancia do 'Re' no rta Contato Seco DB9?,"['Módulo de Ba teria Equaliz er\nProcessador:   DSP\nInter faces:  2 Portas RJ11\nSensor Temper atura:  Interno\nGabinete:   ABS\nDimensões:   12 x 65 x 113 mm - 50 g\no\n  Ambiente:   abrigado , IP-20, 0 a 60 C, umidade\n  relativa máx 90% não condensante .\nModelo Equaliz er M12 - MB02 \nTensão nominal:   12 VDC - 02VDC \nCapacidade:  7 a 600 Ah - 7 a 5.000 Ah n   \nn    \nn    \nn    \nn   \nn \nn   \nn   \nn   \nMódulo de C orrente \n Descrição:\nAcessório (opcional) destinado à medição da \ncorrente elétrica que circula pelo banco de \nbaterias com indicação do sentido da corrente \nelétrica (C arga ou Descar ga).\nEspecificações:\nTensão de alimentação:  5V\nErro:  ≤ 1,5% @ corrente nominal\nComunicação:  RS-232 (Nív el TTL)n \nn', 'DominionSP1\nCARACTERÍSTIC AS  PRINCIP AIS\nTecnologia A vançada DSP  (Digital Signal P rocessor)\nMemória Int erna par a Registr o de E ventos\nMedições em True RMS c om P recisão de Multímetr os\nCorreção do F ator de P otência de E ntr ada0.99*\nAcionament os Monit orados pelo P rocessador DSPPermite funções a vançadas e ex clusivas em t empo r eal.\nPermite que sejam rastr eados para análise .\nSão ideais para a medição de car gas não linear es.\nAtua como filtr o para as car gas não -linear es.\nAs manobras são r egistradas e g ravadas no log de ev entos.TECNOL OGIA  ON-LINE  C OM  BYP ASS  ESTÁTIC O  DE  MANUTENÇÃO\nCorr ente Alternada de Entrada\nCorr ente ContínuaCorr ente Alternada de Saída\nCorr ente Alternada B ypass Estático  Corr ente Alternada B ypass Manual de Manutenção  Saída Rede Elétric a\nde Entr adaRede P resente\nFalha de Rede\nBypass Estátic o\nBypass Manual de\n ManutençãoBypass Manual de Manutenção\nNeste modo de operação , a car ga é alimentada dir etamente pelo cir cuito \nalter nativ o de B ypass que possibilita o desligamento completo do \nequipamento , podendo assim, r ealizar uma manutenção com substituições de \npeças e placas sem a necessidade de desligamento . Com o auxílio da chav e \nestática, após a manutenção , é possív el transf erir novamente o No -Break para \no modo nor mal mantendo a car ga sempr e alimentada.\nRetificador\nConverte a ener gia da r ede elétr ica \nda concessionár ia ou do g rupo \ngerador em cor rente contínua, \ncorrigindo ou eliminando \ndistúr bios da entrada do sistema.\nBanco de Baterias\nArmaz ena ener gia reser va para alimentar o No -Break durante \num per íodo pr é-deter minado , denominado como tempo de \nautonomia do No -Break.Inversor\nConverte a cor rente contínua do r etificador ou das \nbater ias em cor rente alter nada de saída, com f orma de \nonda senoidal pura, livr e de distúr bios .Transf ormador Isolador\nIsola a tensão de saída, garantindo assim uma \nmelhor qualidade de ener gia, filtrando possív eis \nruídos ex ternos mesmo operando em modo B ypass . Bypass Estático\nSistema de pr oteção que , \nem caso de falha, transf ere \nautomaticamente a car ga \npara a linha de B ypass \nsem inter rupções na saída \ne opera em sincr onismo \nde fase . \nPossibilidade de Upgr ade do F irmwar e do DSP\nAjust es da Tensão por Sof twar e\nBypass Estátic o e Bypass M anual de M anut enção\nGerenciament o Remot o Real-Time Via Int ernet*\nCompatív el com Todos os Grupos G erador esGarant e a atualização e pr eser vação do in vestiment o.\nAsseguram elevada pr ecisão e confiabilidade .\nAdicionam pr oteção e elevam a confiabilidade da car ga sensív el.\nVia TCP/IP e fir ewalls com pr oteção de senhas para acesso r emot o.\nPrecisão e t otal pr oteção para operação com g rupos gerador es.']","The 'Re' in the context likely refers to the ""Receive"" pin in a DB9 connector, which is used for receiving data in a serial communication. This pin is important because it allows for the transmission of information from the device being connected to the DB9 connector. In the context of a power system, this could be used for communication between different components, such as sending data about power usage or system status. However, without more specific context, it is difficult to determine the exact role of the 'Re' pin in this particular system.",A importância do 'Re' no rta Contato Seco DB9 não está clara no contexto fornecido.,0.0,1.0,0.0,0.0,0.0,0.1428571428571428,0.29,0.5829053633976707,0.1211573236889692,0.0545454545454545,0.0,0.0,0,0,1,0,0
94,Quais situacões que email é mandado no texto sobre rmes?,"['Vantagens do C ontrat o de M anut enção \nAtravés do contrat o de manut enção , técnicos e gest ores de manut enção podem r eduzir a deg radação dos seus equipament os, prolongando \no tempo de vida útil e evitando int ervenções cor retivas , que geram cust os elevados e t êm impac tos negativ os.\nn   Supor te técnico por t elefone, durant e 24hs/dia\nn   Minimizar os r iscos e pr ejuíz os de t er um equipament o parado\nn   Prioridade no at endiment o no caso de uma parada \nn Redução da necessidade de manut enção cor retivas em at é 80% e \nconsequent e  redução de cust os\nn  Serviços de cor retivas , quando  inclusos no contrat o \nn Redução de cust o: equipament os com manut enção pr eventiva \nadequada sofr em menos desgast es e, por tanto \ntem sua vida útil ampliada. \nAv. Eng . Alber to de Zagottis , 760 - 04675-085 -  São P aulo - SP\nTel.: (11) 5696-5033 \nwww.cmcomandos .com.br\nSistema de \nSustentabilidade A uditadoIdentifique Nossa E quipe \nUniforme P adrão \nCamisa azul   Calça azul   Crachá  \nPedro\nSuporte Técnico0000000000001Nome:\nRG:\nSetor:João P edro \nMatrícula:\n1111 25.613.810-2\nAssistência Técnica\n1.Uso... \nJOÃO PEDRO \nSuporte Técnico Supor te Técnico\nCall C enter int egrado ao sist ema de gestão ERP\nTécnicos Treinados e Qualificados\nEquipados com I nstrumentação de P onta\nAnalisador de Har mônicos\nAtendiment o 24 horas - 7 dias da semana via C ontrat os\nde M anut enção P reditiva, P reventiva e C orretiva\n  Supor te Pleno de P ré e P ós-V enda\nAmpla cober tura em t odo o paísn   \nn  \nn  \nn  \nn  \nn\nn  \nCM MK T SET 2021  -   As especificações estão sujeitas a alterações sem pr évio aviso . Nós incentivamos a r eciclagem\nAtendiment o em t odo\n o Território Nacional\ncom filiais e r epresentant es nas pr incipais \ncidades e capitais , otimizando o t empo , \ncusto e buscando a ex celência\n na pr estação de ser viços\nEscaneie e saiba mais sobr e o\n contrat o de manut enção \nOSD  N LI A NM EO AC R EMSCISO\n90012015 OSD  N LI A NM EO AC R EMSC', 'Manutenção sem desligar o sistema\nOs testes de bater ia individuais são possív eis \nremotamente , sem o esf orço para desligar as bater ias. \nAs manutenções e as análises  de bater ia podem ser \nrealizadas em condições r eais de operação , sem a \nnecessidade de paradas no sistema.\nOtimiza a manutenção em campo\nA equipe de manutenção se desloca somente quando \nhá inter venções cor retivas e dir etas na bater ia que \napresentar def eito na ocor rência de alar mes ou na \nanálise de diag nóstico e , é clar o, reduz enor mes custos \noperacionais .\nOSD  N LI A NM EO AC R EM SCISO\n90012015\nAv. Eng . Alber to de Zagottis , 760 - 04675-085 -  São P aulo - SP\nTel.: (11) 5696-5000 \nwww.cmcomandos .com.br\nSistema de \nSustentabilidade A uditado\nCM MK T FEV 2022 - As especificações estão sujeitas a alterações sem pr évio aviso . Nós incentivamos a r eciclagemESPECIFICAÇÕES  TÉCNICAS\nCabos de Medição\nPara medição de impedância dos módulos Equaliz er \nMódulos M12 - 12VDC ( Terminais M6,  M8 e M10) \nCabos de C omunicação\nCabos para comunicação entre os módulos Equaliz er (025m \na 10m)Master C ontr oller \nContr ola os módulos de bater ias e f ornece a inter face para ger enciamento r emoto .\nHar dware:  \nProcessador:   ARM Cor tex A7 696 MH z • 512 MB memór ia RAM e 8GB F lash.\nMemória:   Flash ar maz ena até 12 meses conf orme quantidade de bater ias.\nCapacidade:   até 256 str ings de bater ias\nCada string:    até 256 módulos Equaliz er por str ing\nCapacidade total:   até 65.536 módulos Equaliz er\nRTC:  Relóg io em Tempo Real e Watchdog inter no\n Inter faces:  \n    •1 Porta RJ11 - Comunicação   \n    •1 Porta RJ45 10/100 Mbit - Ether net \n Dimensões:   28 x 97 x 111 mm - 180 g\no\nAmbiente:   abrigado , IP-20, 0 a 60 C, umidade r elativa de 20% a 90% não condensante .\nAlimentação:   5 VDC, estabilizada.\nFonte:\n   Adaptador ex terno de 110/220V AC para 5VDC estabilizada -  r equer tomada com No -Break.n   \nn   \nn   \nn   \nn   \nn   \nn   \nn  \nn  \nn   \nn   \nn     \nn     \nn   \nn   \nn   \nn    \nn  \nn    \nn   \nn   \nn   \nn   \nn    \nn   \nn    \nn    \nn    \nn    \nn   \n \nn   \nn    Software:\n Sistema Operacional Embar cado\nWeb Ser ver Integ rado \nContr ole de A cesso por Senha em dois nív eis\nAcesso por Nav egador Web\n Layout Responsiv o, pronto para PCs , Tablets e \n   Smar tphones \nEnvia E-mails de Aler ta\nAcesso Ser vidor E-mail com Senha Cr iptog rafada\nProtocolo SSL Secur e Sock et Lay er \nRelóg io Interno em Tempo Real – R TC \nSincr onismo com Time Ser ver ex terno\nGráficos de P erformance dir eto no Nav egador\nProtocolo SNMP V1, V3 e M odbus O ver IP \nArmaz ena L og de Ev entos de Alar mes\nArmaz ena Data L ogger M edições da Bater ia\nBanco de Dados ANSI SQL\nCapacidade de Ar maz enamento 1 Ano\nFrequência de Gravação no Banco de Dados\n   Configuráv el\nOpção salvar Banco de Dados via TCP/IP\nRotinas de manutenção do Banco de Dados .']","The text mentions that an email is sent as an alert. However, it does not provide specific situations when an email is sent. The context describes a system that monitors batteries and sends alerts when certain conditions are met, but it does not give details on what those conditions are.","As situações em que um e-mail é enviado no texto sobre rmes incluem: operação normal, falha de rede, pré-alarme de baterias, bypass estático, bypass manual, sobrecarga de saída e falha interna.",0.0,0.0,0.0,0.0,0.0,1.0,0.29,0.4779084556529643,0.28125,0.0232558139534883,0.0,0.0,0,0,1,0,0
95,Quais sã as vantajis do uso de um painel frontl em ABS de alta resistncia?,"['Bypass Estátic o\nAcionamento:  automático , contr olado pelo DSP\nTempo de Transf erência:  0ms (nulo)\nRetr ansf erência ao Modo Normal:  automática \nBypass Manual de Manutenção\nAcionamento:  manual , atrav és de disjuntorn   \nn   \nn   \nn   \nn   \nn   Permite manutenção do No -Break, sem desligar a\n   car ga\nReposição ao Modo Normal:  sem inter rupção\nAlarmes\nContr olados pelo pr ocessador DSP\nTipos de Alarmes:\n    •Sonor os:\n       »  F alta de Rede: 1 toque por segundo  \n       »  P ré-alar me das Bater ias: 2 toques por segundo  \n       »  F alha I nterna do No -Break\n    \n    •Mensagens de Aler ta:\n       »  Display de Cr istal Líquido\n       »  Sof tware IP P ower via TCP/IP*\n       »  M ensagem por e -mail*:\n           -  Operação Nor mal\n           -  F alha de Rede\n           -  P ré-alar me de Bater ias\n           -  B ypass Estático \n           -  B ypass M anual \n           -  Sobr ecar ga de Saída\n           -  F alha I nterna n   \nn   \n   Log de E ventos\nRegistr os Armaz enados:\n    •Reg istro em memór ia EEPR OM\n    \n    •Indicação de data, hora e ocor rência\n    \n    •Medições\n    \n    •Status de operação e alar mes do painel\n   \n    •Status chav es inter nasn   \n   \nProteção Elétricas\nSub e Sobr etensão de Entrada e Saída\nSub e Sobr etensão DC e Bater ia\nSobr ecar ga e C urto-Circuito\nMínima Descar ga de Bater ian     \nn     \nn     \nn     \nMedições\nTrue RMS\nPotência de Saída em kV A\n Potência de Saída em kW\nFator de P otência de Saída\nTensão de Saída\nCorrente de Saída\nFrequência de Saída\nTensão de Bater ia\nTensão de Entrada\nFrequência de Entradan   \nn   \nn  \nn   \nn   \nn   \nn   \nn   \nn   \nn   Características Físicas e Mecânicas\nDimensões Compac tas \n Display : LCD - cr istal líquido r etroiluminado\nEstrutura do G abinete: \n    •Rack: metálico \n    \n    •Painel F rontal: em ABS de alta r esistência \n    \n    •Tampas laterais e super ior removív eis \n    \n    •Acabamento: pintura epó xi-pó na cor g rafite\n       com tratamento tér mico e anticor rosivo \n Movimentação: por r odízios autossustentáv eis \nRodízios com travas*\nTransf ormador Isolador (blindagem eletr ostática*)\nPorta de Comunicação\n    \n    •Serial RS232C Isolada F ull Duplex -DB9 F êmea\n   \n    •Contato Seco DB9 F êmea\nInter faces de G erenciamento\n Mono e multiusuár io, cliente -server e multi-ser ver\nVários ser vidor es em um único No -Break\nFerramentas de Shutdown e Ger enciamento\nProtocolos:\n   \n    •Ser ial RS232 \n    \n    •Serial RS485*\n    \n    •SNMP / Telnet / http / TCP/IP*\nSoftwares de Ger enciamento*\n   \n    •IP P ower e IP P ower SE\n    \n    •Adaptador SNMP NetM ate \n    \n    •Adaptador Ar mModbus RS485\nAmbientes e Sistemas Operacionais\n   \n    •W indows 8 / 10 / 2010 \n    \n    •Linux * \n       (Mar cas dos r espec tivos fabricantes)n   \nn  \nn   \nn   \nn    \nn    \nn     \nn  \nn   \nn   \nn   \nn   \nn       \n    5000       5,00      X 280 X 647         97\n    7500       7,', 'monobloco\n   \n    •Painel F rontal: em ABS de alta r esistência\n  \n    • A cabamento: pintura epó xi-pó na cor g rafite\n       com tratamento tér mico e anti- corrosivo\nTransf ormador Isolador : com blindagem\n    eletr ostátican  \nn  \nn   Alarmes\nContr olados pelo pr ocessador DSP\nTipos de Alarmes:\n   \n    •Sonor os: \n       »  A utocheck I nicialização\n       »  Tensão da Rede F ora da F aixa\n       »  Sobr ecar ga de Saída\n       »  F alha I nterna do Estabilizador\n       »  F reqüência da Rede F ora de F aixa\n   \n     •Sinalização: L eds de Status do P ainel\n       »  Rede Nor mal\n       »  Saída Nor mal\n       »  F alhan   \nn   Características de Oper ação\nRuído A udív el: 55 dBA a 60 dBA a 1 metr o\n MTBF (M ean Time Bet ween F ailur es): 50 mil horas\nMTTR (M ean Time To Repair): 30 minutos\nTemperatura Ambiente: \n   \n•Mínimo: 0ºC / M áximo 40ºC\n   \n    •Recomendada: 20ºC a 25ºC\nUmidade Relativa:\n   \n    •0% a 95% sem condensação\n   \n    •Recomendada: 45% a 55%\nAltitude: até 1.800m\n Tipo de Ambiente Recomendado:\n   \n    •Interno, instalação abr igada\n   \n    •Atmosf era: limpa, livr e de par tículas condutivas , \n      gases tó xicos , líquidos e inflamáv eis.\nGrau de P roteção: IP -20n   \nn  \nn   \nn   \n   \nn   \nn    \nn  \nn    \n   2000    2,0       620 X 200 X 600        41  \n   3000    3,0       620 X 200 X 600        43\n   5000    5,0       620 X 200 X 600           47\n   7500    7,5       620 X 200 X 600           61\n 10000  10,0       790 X 400 X 775        119\n 15000  15,0       790 X 400 X 775        147Modelo Potência \nkVADimensões Físicas\nalt x lar g x prof \nmmPeso \nkg\n* Opcional\nCM.MK T MAR 22  -   As especificações estão sujeitas a alterações sem pr évio aviso . Nós incentivamos a r eciclagem\nCertificação de \nSustentabilidade A uditadaESPECIFIC AÇÕES  TÉCNIC ASOs Estabilizador es de Tensão M icroprocessados P erfection MI S2 possuem uma tecnolog ia inédita de duplos con versor es estáticos com módulos IGBT s, de última geração . \nTotalmente contr olado por micr oprocessador DSP – Dig ital Sig nal P rocessor , o estabilizador cor rige instantaneamente qualquer var iação de tensão da r ede elétr ica da \nconcessionár ia, além de atenuar distor ção har mônica, var iações de fr equência e distúr bios elétr icos, gerando uma f orma de onda senoidal pura, e f ornecendo uma linha \nestabilizada ex clusiva e isolada para as aplicações sensív eis.\nA tecnolog ia DSP r ealiza medições em True RMS g raças à amostragem dig ital, sem r etardos ou desvios , com alta v elocidade e confiabilidade . Isso sig nifica que podemos \nproduzir sistemas cada v ez menor es e capaz es de r ealizar mais funções , com elevada confiabilidade .']","ABS, or Acrylonitrile Butadiene Styrene, is a type of plastic that is known for its strength and resistance to impact, chemicals, and heat. When used in a panel front, it can provide several benefits, such as:

1. Durability: ABS is a strong and impact-resistant material, which makes it ideal for use in environments where the panel may be subject to rough handling or accidental impacts.
2. Chemical resistance: ABS is resistant to a wide range of chemicals, which can help protect the internal components of the device from damage due to exposure to harsh substances.
3. Heat resistance: ABS has a relatively high melting point and can withstand exposure to high temperatures without warping or deforming.
4. Easy to clean: ABS is a smooth, non-porous material that can be easily wiped down with a damp cloth, making it a good choice for use in environments where cleanliness is important.
5. Aesthetics: ABS can be molded into a variety of shapes and colors, which can help make the device more visually appealing.

It's important to note that the specific benefits of using ABS in a panel front will depend on the application and the specific requirements of the device.","As vantagens do uso de um painel frontal em ABS de alta resistência incluem durabilidade, resistência a impactos e um acabamento que proporciona proteção contra corrosão.",0.0,0.0,0.0,0.2666666666666666,0.8837079733585691,0.0,0.32,0.6256925260947801,0.1234042553191488,0.0432900432900432,0.0,0.0,0,0,1,1,0
96,Quais sã as principais caracteristicas da rta M icroprocessada mencionadas no txt?,"['Alta Tecnolog ia em\nProcessament o Dig ital\nde Sinais - DSP\nOS MAIS MODERNOS\nNO-BREAKS CORPORATIVOSVivemos em um mundo cada v ez mais ág il e prático . Um mundo conec tado por pr ocessador es, chips , softwares e \nperiféricos. Mas isso ainda não é o bastant e. Por isso , o mundo caminha para t ecnolog ias de pr ocessament o imediat o \nde dados . A CM C omandos Linear es está um passo à fr ente e of erece aos seus client es pr odut os dotados de uma \ntecnolog ia revolucionár ia, denominada P rocessament o Dig ital de Sinais - - DSP .\nToda a linha de No -Breaks  \nconta com a t ecnolog ia DSP .  Carac terística que \npropor ciona alta per formance e confiabilidade , Conception Multi Ativ o \npara aplicações de missão cr ítica. Ou seja, pr otegem as aplicações nas quais a continuidade da operação é de \nfundamental impor tância.\nequipament os pode ser atualizado , \nacrescentando novas funções em \nunidades já instaladas . Hoje , esta t ecnolog ia está pr esent e nos mais sofisticados sist emas eletr ônicos , devido à sua alta v elocidade e \nconfiabilidade . Processador es Dig itais de Sinais são capaz es de pr ocessar dez milhões de amostragens por segundo . \nIsso sig nifica pr ocessament o em t empo r eal -- o sinal é pr ocessado no mesmo instant e em que é r ecebido , sem \nretardos ou atrasos .\nProjetados com o uso int enso dos r ecursos da t ecnolog ia DSP ,  os No -Breaks C onception Multi Ativ o  ag regam nov os  \ne avançados r ecursos , que estabelecem um nov o conceit o em desen volviment o, no qual o fir mware dos \nAdquir indo No -Breaks , cont e com as \nsoluções da CM C omandos , que \nasseguram t ecnolog ia de ponta, \nmáxima pr oteção , precisão dig ital e \nprocessament o em t empo r eal.  Modelo 300kV A', 'Alta Tecnologia em\nProcessamento Digital\nde Sinais - DSP\nO S M A I S M O D E R N O S\nN O B R E A K S C O R P O R AT I V O SVivemos em um mundo cada vez mais ágil e prático. Um mundo conectado por processadores, chips, softwares e \nperiféricos. Mas isso ainda não é o bastante. Por isso, o mundo caminha para tecnologias de processamento imediato \nde dados. A CM Comandos Lineares está um passo à frente e oferece aos seus clientes produtos dotados de uma \ntecnologia revolucionária, denominada Processamento Digital de Sinais -- DSP .\nToda a linha de No Breaks Innovation S1 Trifásico  \nTransformerless conta com a tecnologia DS P.   \nCaracterística que proporciona alta performance e \nconfiabilidade, tornando-os ideais para aplicações de missão crítica. Ou seja, protegem as aplicações nas quais a \ncontinuidade da operação é de fundamental importância.\ndos equipamentos pode ser atualizado, \nacrescentando novas funções em \nunidades já instaladas. Hoje, esta tecnologia está presente nos mais sofisticados sistemas eletrônicos, devido à sua alta velocidade e \nconfiabilidade. Processadores Digitais de Sinais são capazes de processar dez milhões de amostragens por segundo. \nIsso significa processamento em tempo real -- o sinal é processado no mesmo instante em que é recebido, sem \nretardos ou atrasos.\nProjetados com o uso intenso dos recursos da tecnologia DSP ,  os No Breaks Innovation Trifásico Transformerless  \nagregam novos  e avançados recursos, que estabelecem um novo conceito em desenvolvimento, no qual o firmware \nAo pensar em adquirir No Breaks,     \nconte com as soluções da\nCM Comandos, que asseguram \ntecnologia de ponta, máxima proteção, \nprecisão digital e processamento        \nem tempo real.']","The main features of the microprocessedarta mentioned in the text are high performance and reliability, enabling it to process ten million samples per second, resulting in real-time processing with no delays or latency. It also has the capability to be updated, adding new functions to units already installed. The technology is also described as being present in the most sophisticated electronic systems due to its high speed and reliability. Furthermore, the microprocessedarta is designed with the intensive use of DSP (Digital Signal Processing) technology, which allows for advanced and new features, establishing a new concept in development, ensuring cutting-edge technology, maximum protection, digital precision, and real-time processing.","As principais características da rta Microprocessada mencionadas no texto não estão claramente especificadas, pois o contexto fornecido é insuficiente.",0.0,1.0,0.0,0.0,0.6943774237937106,1.0,0.0,0.4494962137921567,0.1537433155080213,0.015267175572519,0.0,0.0,0,1,1,0,0
97,O que significa o termo 'Multi Ativo' no contexto financeiro?,"['SISTEMA PARALELO MULTI ATIVO (EXCLUSIVO CM COMANDOS)\nA CM Comandos Lineares desenvolveu um sistema inovador e pioneiro no mundo de paralelismo entre no-breaks. O sistema \nParalelo Multi Ativo permite a expansão do sistema, de acordo com sua demanda de consumo, podendo paralelar quantas \nunidades forem necessárias para atender sua demanda, elevando a capacidade do sistema e a confiabilidade de sua aplicação.\nPOSSIBILIDADE DE SOMATÓRIA DE  POTÊNCIAS\nPermite a ligação para somatória de potência, utilizando dois ou mais \nNo-Breaks para atingir a demanda da carga total.\nQuando utilizado para somatória de potência, possibilita a ligação de \nNo-Breaks com potências diferentes. Quando a ligação for feita com \nNo-Breaks de potências diferentes, a carga será distribuída \nproporcionalmente. Permite a ligação em paralelo redundante N + 1,  N + 2, N + 3 … N+X,  \npossibilitando o desligamento de uma ou mais unidades, mantendo a \ncarga ativa.\nA comunicação entre os No-Breaks consiste no barramento de \ncomunicação comum, por onde transitam informações \ncontendo nível de carga, sincronismo e a condição do by pass.COMUNICAÇÃO ENTRE OS NO-BREAKSTodos os No-Breaks são autônomos, operam de forma \nindependente no sistema e possuem controle individual.NÃO EXISTE NO-BREAK MESTRE OU ESCRAVOPodem ser paraleladas quantas unidades forem necessárias, \npossibilitando expansão do sistema, de acordo com a demanda \nde consumo.QUANTIDADE ILIMITADA PARA PARALELISMO\nPARALELISMO DO BANCO DE BATERIAS\nPermite paralelismo dos bancos de baterias (quando forem de \nmesma tensão nominal).MANUTENÇÃO DO NO-BREAK\nPermite a inserção ou retirada de um No-Break no sistema, sem a \nnecessidade de parada.INTERFACES  DE  SHUTDOWN  E GERENCIAMENTO  REMOTO\nRede Elétric a\nde Entr ada\nSaídaNo-break 1\n Potência \nde 60 kV ANo-break 2\nPotência de \n100 kV ANo-break 3\nPotência de \n20 kV A\nCarga fornecida pelo sistema = 410 kV ANo-break 4\nPotência de \n30 kV ANo-break 5\nPotência de \n80 kV ANo-break 6\nPotência de \n120 kV ARede L ocal Ether netA   Inter face de Ger enciamento \n     \nC  Inter face Shutdown \n     Client \n     LANB  Inter face Shutdown \n     D   Inter face de Ger enciamento Remoto \n  \nE  Adaptador SNMP\n     \nF  Client Shutdown\nG Estação Remota\n    Sof tware com \n    conexão à I nter netMultisser vidor es\nMultiplataf ormas\nMulti-S.O .Porta M icroprocessada DB9\nPorta Contato Seco DB9\nRede Ethernet RJ45', 'S I S T E M A PA R A L E L O M U LT I AT I V O ( E X C L U S I V O C M C O M A N D O S )\nA CM Comandos Lineares desenvolveu um sistema inovador e pioneiro no mundo de paralelismo entre No Breaks. O sistema Paralelo \nMulti Ativo permite a expansão do sistema, de acordo com sua demanda de consumo, podendo paralelar quantas unidades forem \nnecessárias para atender sua demanda, elevando a capacidade do sistema e a confiabilidade de sua aplicação.\nP O S S I B I L I D A D E D E S O M A T Ó R I A D E  P O T Ê N C I A S\nPermite a ligação para somatória de potência, utilizando dois ou mais No \nBreaks para atingir a demanda da carga total.\nQuando utilizado para somatória de potência, possibilita a ligação de \nNo Breaks com potências diferentes. Quando a ligação for feita com No \nBreaks de potências diferentes, a carga será distribuída \nproporcionalmente. Permite a ligação em paralelo redundante N + 1,  N + 2, N + 3 … N+X,  \npossibilitando o desligamento de uma ou mais unidades mantendo a \ncarga ativa.L I G A Ç Ã O E M P A R A L E L O R E D U N D A N T E\nA comunicação entre os No Breaks consiste no barramento de \ncomunicação comum, por onde transitam informações contendo \nnível de carga, sincronismo e a condição do by pass.C O M U N I C A Ç Ã O E N T R E O S N O B R E A K STodos os No Breaks são autônomos, operam de forma \nindependente no sistema e possuem controle individual.N Ã O E X I S T E N O B R E A K M E S T R E O U E S C R A V OPodem ser paraleladas quantas unidades forem necessárias, \npossibilitando expansão do sistema, de acordo com a demanda de \nconsumo.Q U A N T I D A D E I L I M I T A D A P A R A P A R A L E L I S M O\nM A N U T E N Ç Ã O D O N O B R E A K\nPermite a inserção ou retirada de um No Break no sistema, sem a \nnecessidade de parada.Rede Elétrica\nde Entrada\nSaídaNo Break 1\n Potência de \n30 kVANo Break 2\nPotência de \n10 kVANo Break 3\nPotência de \n20 kVA\nCarga fornecida pelo sistema = 150 kVANo Break 4\nPotência de \n30 kVANo Break 5\nPotência de \n20 kVANo Break 6\nPotência de \n40 kVA\nINTERFACES DE \nGERENCIAMENTO   \nREMOTO\nSão compostas por diversas ferramentas. O \nAdaptador SNMP NetMate permite\ngerenciar remotamente o No Break via a \nInternet através de um web browser,\nmonitorar o status e enviar alertas por e-mail. \nO software IP Power é uma ferramenta de \ngerenciamento  Windows Application e a \nversão Client é específica para  automatizar o \nshutdown de servidores, podendo desligar \nautomática e simultaneamente vários\ns e r v i d o r e s  e  e s t a ç õ e s .\nO Adaptador ArmModbus permite integrar \no  N o  B r e a k ,  v i a  u m a  p o r t a\nRS485, a Sistemas de Automação Predial.']","Based on the provided context, the term 'Multi Ativo' does not have a specific meaning in the context of finance. In the given contexts, 'Multi Ativo' is part of the name of a product developed by CM Comandos Lineares, which refers to a pioneering system of paralleling no-breaks (uninterruptible power supply systems). This system allows for the expansion of the system according to demand, paralleling the necessary units to meet the demand, and enabling the linking of units with different power ratings for load sharing. The system also features redundant paralleling, allowing for the removal of one or more units while keeping the load active.","O termo 'Multi Ativo' no contexto financeiro refere-se a uma estratégia de investimento que envolve a alocação de recursos em diferentes classes de ativos, como ações, títulos, imóveis e commodities, visando diversificação e otimização de retornos.",0.0,0.0,0.0,0.0,0.0,0.875,0.0,0.7141201194102192,0.2280431432973806,0.0666666666666666,0.0,0.0,1,1,1,0,0
98,Quais vantagens tem usar somatória de potências com No-Breaks diferentes?,"['SISTEMA PARALELO MULTI ATIVO (EXCLUSIVO CM COMANDOS)\nA CM Comandos Lineares desenvolveu um sistema inovador e pioneiro no mundo de paralelismo entre no-breaks. O sistema \nParalelo Multi Ativo permite a expansão do sistema, de acordo com sua demanda de consumo, podendo paralelar quantas \nunidades forem necessárias para atender sua demanda, elevando a capacidade do sistema e a confiabilidade de sua aplicação.\nPOSSIBILIDADE DE SOMATÓRIA DE  POTÊNCIAS\nPermite a ligação para somatória de potência, utilizando dois ou mais \nNo-Breaks para atingir a demanda da carga total.\nQuando utilizado para somatória de potência, possibilita a ligação de \nNo-Breaks com potências diferentes. Quando a ligação for feita com \nNo-Breaks de potências diferentes, a carga será distribuída \nproporcionalmente. Permite a ligação em paralelo redundante N + 1,  N + 2, N + 3 … N+X,  \npossibilitando o desligamento de uma ou mais unidades, mantendo a \ncarga ativa.\nA comunicação entre os No-Breaks consiste no barramento de \ncomunicação comum, por onde transitam informações \ncontendo nível de carga, sincronismo e a condição do by pass.COMUNICAÇÃO ENTRE OS NO-BREAKSTodos os No-Breaks são autônomos, operam de forma \nindependente no sistema e possuem controle individual.NÃO EXISTE NO-BREAK MESTRE OU ESCRAVOPodem ser paraleladas quantas unidades forem necessárias, \npossibilitando expansão do sistema, de acordo com a demanda \nde consumo.QUANTIDADE ILIMITADA PARA PARALELISMO\nPARALELISMO DO BANCO DE BATERIAS\nPermite paralelismo dos bancos de baterias (quando forem de \nmesma tensão nominal).MANUTENÇÃO DO NO-BREAK\nPermite a inserção ou retirada de um No-Break no sistema, sem a \nnecessidade de parada.INTERFACES  DE  SHUTDOWN  E GERENCIAMENTO  REMOTO\nRede Elétric a\nde Entr ada\nSaídaNo-break 1\n Potência \nde 60 kV ANo-break 2\nPotência de \n100 kV ANo-break 3\nPotência de \n20 kV A\nCarga fornecida pelo sistema = 410 kV ANo-break 4\nPotência de \n30 kV ANo-break 5\nPotência de \n80 kV ANo-break 6\nPotência de \n120 kV ARede L ocal Ether netA   Inter face de Ger enciamento \n     \nC  Inter face Shutdown \n     Client \n     LANB  Inter face Shutdown \n     D   Inter face de Ger enciamento Remoto \n  \nE  Adaptador SNMP\n     \nF  Client Shutdown\nG Estação Remota\n    Sof tware com \n    conexão à I nter netMultisser vidor es\nMultiplataf ormas\nMulti-S.O .Porta M icroprocessada DB9\nPorta Contato Seco DB9\nRede Ethernet RJ45', 'S I S T E M A PA R A L E L O M U LT I AT I V O ( E X C L U S I V O C M C O M A N D O S )\nA CM Comandos Lineares desenvolveu um sistema inovador e pioneiro no mundo de paralelismo entre No Breaks. O sistema Paralelo \nMulti Ativo permite a expansão do sistema, de acordo com sua demanda de consumo, podendo paralelar quantas unidades forem \nnecessárias para atender sua demanda, elevando a capacidade do sistema e a confiabilidade de sua aplicação.\nP O S S I B I L I D A D E D E S O M A T Ó R I A D E  P O T Ê N C I A S\nPermite a ligação para somatória de potência, utilizando dois ou mais No \nBreaks para atingir a demanda da carga total.\nQuando utilizado para somatória de potência, possibilita a ligação de \nNo Breaks com potências diferentes. Quando a ligação for feita com No \nBreaks de potências diferentes, a carga será distribuída \nproporcionalmente. Permite a ligação em paralelo redundante N + 1,  N + 2, N + 3 … N+X,  \npossibilitando o desligamento de uma ou mais unidades mantendo a \ncarga ativa.L I G A Ç Ã O E M P A R A L E L O R E D U N D A N T E\nA comunicação entre os No Breaks consiste no barramento de \ncomunicação comum, por onde transitam informações contendo \nnível de carga, sincronismo e a condição do by pass.C O M U N I C A Ç Ã O E N T R E O S N O B R E A K STodos os No Breaks são autônomos, operam de forma \nindependente no sistema e possuem controle individual.N Ã O E X I S T E N O B R E A K M E S T R E O U E S C R A V OPodem ser paraleladas quantas unidades forem necessárias, \npossibilitando expansão do sistema, de acordo com a demanda de \nconsumo.Q U A N T I D A D E I L I M I T A D A P A R A P A R A L E L I S M O\nM A N U T E N Ç Ã O D O N O B R E A K\nPermite a inserção ou retirada de um No Break no sistema, sem a \nnecessidade de parada.Rede Elétrica\nde Entrada\nSaídaNo Break 1\n Potência de \n30 kVANo Break 2\nPotência de \n10 kVANo Break 3\nPotência de \n20 kVA\nCarga fornecida pelo sistema = 150 kVANo Break 4\nPotência de \n30 kVANo Break 5\nPotência de \n20 kVANo Break 6\nPotência de \n40 kVA\nINTERFACES DE \nGERENCIAMENTO   \nREMOTO\nSão compostas por diversas ferramentas. O \nAdaptador SNMP NetMate permite\ngerenciar remotamente o No Break via a \nInternet através de um web browser,\nmonitorar o status e enviar alertas por e-mail. \nO software IP Power é uma ferramenta de \ngerenciamento  Windows Application e a \nversão Client é específica para  automatizar o \nshutdown de servidores, podendo desligar \nautomática e simultaneamente vários\ns e r v i d o r e s  e  e s t a ç õ e s .\nO Adaptador ArmModbus permite integrar \no  N o  B r e a k ,  v i a  u m a  p o r t a\nRS485, a Sistemas de Automação Predial.']","Using the provided context, the advantages of summing powers with No-Breaks of different ratings are:

1. Flexibility: By allowing the connection of No-Breaks with different power ratings, the system can adapt to a wider range of power demands.
2. Redundancy: The system can continue operating even if one or more No-Breaks with lower power ratings are removed from the parallel configuration.
3. Optimization: The load is distributed proportionally among the No-Breaks, ensuring that each unit operates at an optimal level, maximizing efficiency and extending the overall lifespan of the system.
4. Scalability: The ability to connect No-Breaks with different power ratings enables the system to grow and adapt to changing power demands, making it a more scalable solution.","As vantagens de usar somatória de potências com No-Breaks diferentes incluem a possibilidade de distribuir a carga proporcionalmente e a capacidade de realizar ligações em paralelo redundante, permitindo o desligamento de uma ou mais unidades enquanto mantém a carga ativa.",0.99999999995,1.0,0.249999999375,0.375,0.8177564941105375,0.625,0.8,0.7075927864553448,0.2248062015503875,0.0476190476190476,0.0,0.0,1,1,1,1,1
99,O que significa a potência de 60 kV ANo em termos de capacidade elétrica?,"['Av. Eng . Alber to de Zagottis , 760 - 04675-085 -  São P aulo - SP\nPhone .: (11) 5696-5000\nwww.cmcomandos .com.br\nSistema de \nSustentabilidade A uditadoOSD  N LI A NM EO AC R EM SCISO\n90012015\nQ Y UALIT600.000 600,0 1835 x 1444  x 1555  1680\n700.000 700,0 1835 x 1444  x 1555  1760\n800.000 800,0 1835 x 1444  x 1555  1840\nCM MK T JAN - 24  -   As especificações estão sujeitas a alterações sem aviso pr évio e conf orme necessidades de pr ojetos customizados . Nós incentivamos a r eciclagemLinha TI - Trifásic o Isolado\n  10.000   10,0   900 x 360  x  860       180\n  15.000   15,0   900 x 360  x  860       210\n  20.000   20,0   900 x 360  x  860       235\n30.000   30,0 1300 x 360  x  988       300\n40.000   40,0 1300 x 360  x  988      370\n50.000   50,0 1300 x 360  x  988      420\n75.000   75,0 1532 x 540  x 1070      596\n100.000 100,0 1532 x 540  x 1070      730\n150.000 150,0 1532 x 720  x 1070     1050\n200.000 200,0 1532 x 720  x 1070     1150\n250.000 250,0 1835 x 1444  x 1555   1350\n300.000 300,0 1835 x 1444  x 1555   1430\n400.000 400,0 1835 x 1444  x 1555   1520\n500.000 500,0 1835 x 1444  x 1555   1600Modelo Potência\nkVAAlt x Larg x P rof Peso\nmmkg\nLinha TA - Trifásic o com A utotr afo\n* Outras potências sob consultaDIMENSÕES FÍSICAS Entr ada\n   Tensão:  \n    \n    •380/220V ou 220/127V  - modelos TI - standar d\n    \n    •Outras tensões sob consulta\n  Variação A dmissív el:\n   \n    •± 16% da tensão nominal\n   Frequência:  50 ou 60 H z \n   Variação de F requência A dmissív el:  ± 5%\n \n  Configur ação:   Trifásica: 3F + N + T\n \n Fator de P otência:   0,8\nSaída\n  Potências Disponív eis:  \n \n    • 10 / 15 / 20 / 30 / 40 / 50 / 75 / 100 / 150 / 200\n       250 / 300 / 400 / 500 / 600/ 700/ 800 kV A\n \n    • Outras potências sob consulta\nTensão:  \n \n    • 220/127V\n \n    • 380/220V\n \n    • Outras tensões sob consulta\nRegulação Estática:  ± 1% nominal \n Frequência:  50 ou 60 H z \n \n  Configur ação:  Trifásica:  3F +N +  T\n  Fator de P otência:   0,', 'ESPECIFICAÇÕES TÉCNICAS \nEntrada\nn Tensão: \n    •  3kVA \n100/110/115/120/127 VAC 120V (standard) ou  \n200/208/220/230/240 VAC 220V (standard) \n    •  6kVA / 10kVA\n 200/208/220/230/240 VAC 220V (standard)\nn Variação Admissível:\n   •   3kVA \n55-150 VAC ou 110-300 VAC @ 50% de Carga\n80-150 VAC ou 160-300 VAC @ 100% de Carga\n   •   6kVA / 10kVA \n110-300 VAC @ 50% de Carga\n176-300 VAC @ 100% de Carga \nn Freqüência: 50/60 Hz                           \nn Variação de Freqüência Admissível:   \n    •    3kVA  \n40-70Hz\n    •    6kVA / 10 kVA \n46-54Hz @50Hz e 56-64Hz @60Hz\nn  Configuração:\nMonofásica \nn Fator de Potência:\n≥ 0.99 Tensão nominal (100% de Carga)\nn Distorção Harmônica THDi:\n    •    3kVA\n ≤ 5% @ Tensão de Entrada nominal\n    •    6kVA / 10kVA\n<4% @100% de Carga, <6% @50% de Carga\nSaída\nnTensão: \n    •   3kVA \n100/110/115/120/127 VAC 115V (standard) ou \n200/208/220/230/240 VAC 220V (standard) \n    •   6kVA / 10kVA \n200/208/220/230/240 VAC 220V (standard) \nn Fator de Potência:  1,0\nn Regulação Estática:   ± 1% nominal modo \nbateria\nn Freqüência:   50 / 60 Hz \nn Variação de Freqüência: \n± 0,1Hz em modo bateria\nn Sincronismo com a Rede:   Sim\nn Configuração:   \n Monofásica f+n+t \nn Forma de Onda:   Onda senoidal pura\nn Distorção Harmônica THD:  \n •   3kVA \n    ≤ 2% carga linear \n    ≤ 4% carga não-linear \n •   6kVA / 10kVA \n    ≤ 1% carga linear \n    ≤ 4% carga não-linearBaterias\nn  Composição:  \n    •    72  VDC - 3,0 kVA \n    •     240 VDC - 6,0 kVA \n    •     240 VDC - 10,0 kVA \nn  Sistema de Recarga: \ncontrolado, automático\nn Tempo de Recarga:  \n8 a 10 horas para 90% da carga\nn Tipo: \nseladas, isentas de manutenção\nn  Paralelismo Redundante (N+1) \n»  Disponível nas potências de 6 e 10kVA\nn By-pass estático (inteligente):  \nO termo inteligente aplica-se, visto que a linha \nComposition XV  possui desligamento da saída da \nchave estática em condições que, a tensão da rede \napresenta variações fora da faixa de trabalho, prote -\ngendo a carga contra sub ou sobre tensão mesmo \nna condição de by-pass estático.']","A potência de 60 kV A refers to the electrical capacity of a system that can deliver 60 kilovolt-amperes (kVA) of power. This is a measure of the system's ability to transmit electrical energy, with the kVA value indicating the product of the voltage (in kilovolts) and the current (in amperes) in a purely resistive load. It's important to note that kVA is a measure of apparent power, which is the vector sum of real power (measured in kilowatts or kW) and reactive power (measured in kilovars or kVAR). In this context, 60 kVA is a measure of the system's overall power capacity, but it doesn't directly indicate the amount of real power that can be delivered.","A potência de 60 kV ANo refere-se a uma capacidade elétrica de 60 quilovolt-amperes, que é uma medida de potência aparente em sistemas elétricos.",0.0,0.0,0.0,0.0,0.8349666249238757,0.625,0.67,0.774443575051776,0.1734539969834088,0.131578947368421,0.0,0.0,0,0,1,1,1
100,Quais são os principais valores que a CM Comandos destaca em seus produtos e soluções?,"['Inovação, qualidade, tecnologia\ne confiabilidade. Marcas das\nsoluções CM Comandos Lineares\nCom mais de 40 anos de atuação, a CM Comandos é hoje uma das \nmaiores fabricantes de No-Breaks da América Latina. Além disso, é líder\nabsoluta em soluções para o mercado corporativo. Certiﬁ  cada pela norma ISO-900:2015, a CM Comandos \nressalta o seu compromisso com a excelência dos seus produtos e a total satisfação dos seus clientes.A EMPRESA\nOs  No-Breaks  da  CM  Comandos  são  indicados  para aplicações de  \nmissão crítica, nas mais variadas corporações, oferecendo proteção \ncontra distúrbios de energia elétrica, tais como: cortes, micro-cortes, ruídos, distorção harmônica, picos, \ntransientes, sub e sobretensão e variação de frequência.APLICAÇÕES\nOs equipamentos da CM Comandos operam com maior precisão, agre-\ngam maior número de funções e são mais seguros. Características\nque geram alta conﬁ  abilidade e produtividade nas mais variadas aplicações, minimizam falhas e,\nconsequentemente, custos de manutenção. Em resumo, ser um cliente CM Comandos signiﬁ  ca ter o \nretorno do capital investido e garantias que só uma empresa com amplo suporte técnico pode oferecer.BENEFÍCIOS\nAo escolher a marca CM Comandos Lineares você conta com o melhor supor-\nte técnico de pré e pós-venda da empresa que se consolidou ao longo  des-\ntes 40 anos como líder de mercado. Instrumentação de ponta, proﬁ  ssionais\naltamente qualiﬁ  cados, disponibilidade de atendimento 24 horas, sete dias da semana, call \ncenter e processos certiﬁ  cados que asseguram a excelência dos nossos serviços de suporte.SUPORTE\nTÉCNICO', 'A E M P R E S ACom mais de 35 anos de atuação, a CM Comandos é hoje \numa das maiores fabricantes de No-Breaks da América \nLatina. \nAlém disso, é líder absoluta em soluções para o mercado corporativo. Certificada pela \nnorma ISO-9001:2015, a CM Comandos ressalta o seu compromisso com a excelência \ndos seus produtos e a total satisfação dos seus clientes.Inovação, qualidade, tecnologia\ne confiabilidade. Marcas das\nsoluções CM Comandos Lineares\nA P L I C A Ç Õ E SOs No Breaks  da CM Comandos Lineares são indicados para aplicações \nde missão crítica, nas mais variadas corporações, oferecendo proteção \ncontra distúrbios de energia elétrica, tais como: cortes, micro cortes, ruídos, distorção harmônica, \npicos, transientes, sub e sobre tensão e variações de frequência.\nS U P O R T E\nT É C N I C OAo  escolher  a marca  CM Comandos  Lineares  você  conta com o melhor \nsuporte  técnico  de pré e pós-venda da empresa que se consolidou ao longo \ndestes 36  anos como  líder  de  mercado.\nInstrumentação de ponta, profissionais altamente qualificados, com cobertura nacional e \ndisponibilidade de atendimento 24 horas, sete dias por semana, call center e processos certificados \nque asseguram a excelência dos  nossos serviços  de  suporte.B E N E F Í C I O SOs equipamentos da CM Comandos operam com maior precisão, \nagregam maior número de funções e são os mais seguros. \nCaracterísticas que geram alta confiabilidade e produtividade nas mais variadas aplicações, \nminimizam falhas e, consequentemente,  custos de manutenção. Em resumo,  ser um cliente da \nCM Comandos significa ter o retorno do capital investido e garantias que  só uma empresa com \namplo suporte técnico pode oferecer.\nCM COMANDOS LINEARES\nOSD L NI A NM EA OR CEM SCISO\n9001\n2015']","The main values that CM Comandos highlights in their products and solutions, as gathered from the provided context, include innovation, quality, technology, and reliability. They emphasize their commitment to excellence and customer satisfaction, which is demonstrated by their ISO certifications. Their No-Breaks are designed for mission-critical applications and offer protection against various electrical disturbances. The products are precise, feature-rich, and safe, leading to high confidence, productivity, and reduced maintenance costs for their clients. Additionally, CM Comandos provides top-notch pre and post-sale support with cutting-edge instrumentation, highly qualified professionals, and 24/7 availability.","Os principais valores que a CM Comandos destaca em seus produtos e soluções são inovação, qualidade, tecnologia e confiabilidade.",0.99999999995,1.0,0.1999999996,0.7894736842105263,0.9889397446669528,1.0,0.2,0.7714671972200726,0.1325966850828729,0.0333333333333333,0.0,0.0,1,1,1,1,1
101,Qual é a relação entre o adaptador SNMP e a letra C mencionada no texto?,"['REGISTRO PERMANENTE\nDE E VENT OSCORREÇÃO DO  F ATOR DE*POTÊNCIA\nO DSP ar maz ena os ev entos em sua memór ia EEPR OM. \nFunciona como uma “caixa-pr eta”, sendo possív el rastr ear os \nvalor es das medições e a posição das cha ves int ernas, \ndenunciando ev entuais er ros de operação .Conhecido pela sigla PFC - P ower Factor Correction, est e \nsistema per mite que o F ator de P otência de Entrada do \nNo-Break seja 0.99 - cor rigindo os ef eitos das car gas não \nlinear es e har mônicas conec tadas na saída do No -Break.-INTERF ACES DE GERENCIAMENT O\nREMO TO\nSão compostas por div ersas f erramentas . O A daptador SNMP NetM ate \npermite ger enciar r emotament e o No -Break via a I nternet atra vés de \num w eb br owser , monit orar o status e en viar aler tas por e -mail . \nO sof tware IP P ower é uma f erramenta de ger enciament o  Windows \nApplication e a v ersão Client é específica para  aut omatizar o shut down \nde ser vidor es, podendo desligar aut omática e simultaneament e vár ios \nservidor es e estações . \nO Adaptador Ar mModbus per mite int egrar o No -Break, via um\nRS485, a Sist emas de A utomação P redial atra vés do pr otocolo M odbus .a por ta INTERF ACES  DE  SHUTDO WN  \nE GERENCIAMENT O  REMO TO\nPorta M icroprocessada DB9A   Inter face de Ger enciamento Remoto \n  \nB   Adaptador SNMP\n     \nMultisser vidor es\nMultiplataf ormas\nMulti-S.O .C   Client Shutdown\nD  Estação Remota\n     Sof tware com \n     conexão à I nter net\nRede Ethernet RJ45', '000m\nn  Tipo de Ambiente Recomendado:\n    •    Interno, instalação abrigada\n    •    Atmosfera: limpa, livre de partículas conduti -\nvas, gases tóxicos, líquidos e inflamáveis.\nn  Grau de Proteção: IP-20\nInterface de Gerenciamento\nn Mono e multiusuário, cliente-server e multi -\n-server\nn  Vários servidores em um único No-Break\nn  Ferramentas de Shutdown e Gerenciamento\nn  Protocolos:\n    •    Serial RS232\n    •    Serial RS485*  \n    •    SNMP/Telnet/http/TCP/IP*\nn  Softwares de Gerenciamento*\n    •    View Power\n    •    View Power Pro \n    •    SNMP Web Manager \nn  Ambientes e Sistemas Operacionais: \n    •    Windows 8/ 10 / 2010  \n    •    View Power Pro \n    •    Linux*\n(Marcas dos respectivos fabricantes)\n*Opcional\nCM MKT AGO 24 - As especificações estão sujeitas a alterações sem prévio aviso.                   Nós incentivamos a reciclagem.\nAv. Eng. Alberto de Zagottis , 760 - 04675-085 - São Paulo - SP\nTel.:(11) 5696-5000\nwww.cmcomandos.com.brSistema de \nSustentabilidade Auditada  Modelo Peso (com \nbaterias)\nkg Dimensões Físicas \nalt x larg x prof \nmm Potência \nkVA\n1250         1,25         421 x 190 x 318       15,3          \n2000          2,0           421 x 190 x 319       15,3']","The SNMP adapter and the letter ""C"" mentioned in the text are not directly related. The letter ""C"" in the text is part of the company's name, CM Comandos, and does not have any connection to the SNMP adapter. The SNMP adapter is a tool for managing and remotely controlling the No-Break system via the Simple Network Management Protocol (SNMP) over the internet.","A relação entre o adaptador SNMP e a letra C mencionada no texto não é clara, pois o contexto fornecido é muito limitado.",0.99999999995,1.0,0.0,0.6,0.9872165204129146,1.0,0.29,0.691398246280152,0.1988950276243094,0.0681818181818181,0.0,0.0,0,0,1,1,1
102,Qual é a importância do fator de potência de 0.99* nas especificações técnicas do equipamento?,"['ESPECIFICAÇÕES TÉCNICAS \nEntrada\nn Tensão: \n• 380/400/415V\n• 200/208/220V\nn Variação Admissível:\n± 25% da tensão nominal\nn Freqüência: 50/60 Hz                           \nn Variação de Freqüência Admissível:  ± 8%\nnCon/f_i  guração: 3F + N + T\nn Fator de Potência: 0,99\nSaída\nn Tensão: \n• 380/400/415V\n• 200/208/220V\nn Potências Disponíveis:\n• 380/400/415V - 25 e 50 kW Modular\n• 200/208/220V- 30 kW Modular\nnRegulação Estática:  ± 1% nominal \nnFreqüência:  50 / 60 Hz \nnVariação de Freqüência:  0,10%\nnCon/f_i  guração:  3F + N + T \nn  Forma de Onda:  senoidal\nn  Distorção Harmônica THD:  ≤ 1% carga linear \nn Fator de Crista:   3:1 \nn  Capacidade de Sobrecarga: \n• 110% por 1 hora; 125% por 10 minutos; \n• 150% por 1min; 150% por 200 ms.', 'hora e ocor rência\n    \n    •Medições\n    \n    •Status de operação e alar mes do painel\n   \n    •Status chav es inter nas\n   \nCaracterísticas de Oper ação\nRuído A udív el: 55 dBA a 60 dBA a 1 metr o\nMTBF (M ean Time Bet ween F ailur es): 200 mil horas\nMTTR (M ean Time To Repair): 30 minutos\nTemperatura Ambiente: \n   \n    •No-Break: 0ºC a 40ºC \n    \n    •Bater ias: 0ºC a 30ºC\n    \n    •Recomendada: 20ºC e 25ºC\nUmidade Relativa:\n    \n    •0% a 95% sem condensação\n    \n    •Recomendada: 45% a 55%\nAltitude: até 1.800m\nTipo de Ambiente Recomendado:\n    \n    •Interno, instalação abr igada\n   \n    •Atmosf era: limpa, livr e de par tículas condutivas , \n      gases tó xicos , líquidos e inflamáv eis.\nGrau de P roteção: IP -20n\nn\nn\nn\nn\nn\nn\nn   \n   \n   \n   \n   \n   \n   \n       5000      5,0 900 X 480 X 980    295\n  10000    10,0     900 X     480 X 980    305\n  15000    15,0      900 X     480 X 980      409\n  20000    20,0   1180 X     550 X 980      560\n  30000    30,0   1180 X     550 X 980      640         Modelo Potência\nkVADimensões Físicas\nalt x larg x prof \nmmPeso (com \nbaterias)\nkg\nDimensões Físicas\nalt x larg x prof \nmmPotência\nkVAPeso (sem \nbaterias)\nkgModelo\n  4\n  60000   60,0         1355 X  720 X 940          560\n  80000   80,0          1902 X 783 X 925          730\n100000  100,0     1902 X 783 X 925             870\n120000  120,0     1902 X 783 X 925     1000\n160000  160,0   1900 X 1265 X 1000  1200\n200000  200,0   1900 X 1265 X 1000  1300\n300000  300,0   2010 X 2050 X 1000  22800000   40,0         1355 X  720 X 940          490Modelos c om baterias internas \nModelos sem baterias  Tecnologia\nn On Line - Dupla Con versão']","The power factor of 0.99 in the technical specifications of the equipment indicates its efficiency in utilizing electrical power. A power factor close to 1 means that the equipment can effectively convert the real power (kW) it consumes into useful work, minimizing the reactive power (kVAR) that would result in higher energy losses and increased costs for the user. Therefore, a power factor of 0.99 is considered high and desirable for electrical equipment.","O fator de potência de 0.99* é importante nas especificações técnicas do equipamento porque indica uma alta eficiência na utilização da energia, reduzindo perdas e melhorando o desempenho do sistema.",0.9999999999,0.0,0.0,0.0,0.9217998736573532,1.0,1.0,0.7003494432801938,0.2347826086956521,0.0363636363636363,0.0,0.0,0,1,1,1,1
103,Quais tipos de evento pode gerar uma Mensagem por e-mail no sistema mencionado?,"['Manutenção sem desligar o sistema\nOs testes de bater ia individuais são possív eis \nremotamente , sem o esf orço para desligar as bater ias. \nAs manutenções e as análises  de bater ia podem ser \nrealizadas em condições r eais de operação , sem a \nnecessidade de paradas no sistema.\nOtimiza a manutenção em campo\nA equipe de manutenção se desloca somente quando \nhá inter venções cor retivas e dir etas na bater ia que \napresentar def eito na ocor rência de alar mes ou na \nanálise de diag nóstico e , é clar o, reduz enor mes custos \noperacionais .\nOSD  N LI A NM EO AC R EM SCISO\n90012015\nAv. Eng . Alber to de Zagottis , 760 - 04675-085 -  São P aulo - SP\nTel.: (11) 5696-5000 \nwww.cmcomandos .com.br\nSistema de \nSustentabilidade A uditado\nCM MK T FEV 2022 - As especificações estão sujeitas a alterações sem pr évio aviso . Nós incentivamos a r eciclagemESPECIFICAÇÕES  TÉCNICAS\nCabos de Medição\nPara medição de impedância dos módulos Equaliz er \nMódulos M12 - 12VDC ( Terminais M6,  M8 e M10) \nCabos de C omunicação\nCabos para comunicação entre os módulos Equaliz er (025m \na 10m)Master C ontr oller \nContr ola os módulos de bater ias e f ornece a inter face para ger enciamento r emoto .\nHar dware:  \nProcessador:   ARM Cor tex A7 696 MH z • 512 MB memór ia RAM e 8GB F lash.\nMemória:   Flash ar maz ena até 12 meses conf orme quantidade de bater ias.\nCapacidade:   até 256 str ings de bater ias\nCada string:    até 256 módulos Equaliz er por str ing\nCapacidade total:   até 65.536 módulos Equaliz er\nRTC:  Relóg io em Tempo Real e Watchdog inter no\n Inter faces:  \n    •1 Porta RJ11 - Comunicação   \n    •1 Porta RJ45 10/100 Mbit - Ether net \n Dimensões:   28 x 97 x 111 mm - 180 g\no\nAmbiente:   abrigado , IP-20, 0 a 60 C, umidade r elativa de 20% a 90% não condensante .\nAlimentação:   5 VDC, estabilizada.\nFonte:\n   Adaptador ex terno de 110/220V AC para 5VDC estabilizada -  r equer tomada com No -Break.n   \nn   \nn   \nn   \nn   \nn   \nn   \nn  \nn  \nn   \nn   \nn     \nn     \nn   \nn   \nn   \nn    \nn  \nn    \nn   \nn   \nn   \nn   \nn    \nn   \nn    \nn    \nn    \nn    \nn   \n \nn   \nn    Software:\n Sistema Operacional Embar cado\nWeb Ser ver Integ rado \nContr ole de A cesso por Senha em dois nív eis\nAcesso por Nav egador Web\n Layout Responsiv o, pronto para PCs , Tablets e \n   Smar tphones \nEnvia E-mails de Aler ta\nAcesso Ser vidor E-mail com Senha Cr iptog rafada\nProtocolo SSL Secur e Sock et Lay er \nRelóg io Interno em Tempo Real – R TC \nSincr onismo com Time Ser ver ex terno\nGráficos de P erformance dir eto no Nav egador\nProtocolo SNMP V1, V3 e M odbus O ver IP \nArmaz ena L og de Ev entos de Alar mes\nArmaz ena Data L ogger M edições da Bater ia\nBanco de Dados ANSI SQL\nCapacidade de Ar maz enamento 1 Ano\nFrequência de Gravação no Banco de Dados\n   Configuráv el\nOpção salvar Banco de Dados via TCP/IP\nRotinas de manutenção do Banco de Dados .', 'APLICAÇÕES\nREGISTRO  PERMANENTE\nDE  EVENTOS  INTERNOSATUALIZAÇÃO DE FIRMWARE\nEste recurso permite que a Rede de Assistência Técnica realiz e \na atualização da versão do firmware que roda no chip DSP. \nCom isto, pode implementar melhor ias, agregar novos \nrecursos, customizar as características e preservar o \ninvestiment o mant endo -o atualizado . O DSP armaz ena os últimos 25.500 registros em sua memór ia \ninterna. Mesmo com o Estabilizador de T ensão desligado , os \ndados continuam gravados .\nFunciona como uma ""caixa-pr eta"", sendo possív el rastr ear os \nvalor es das medições e status de alarmes , auxiliando a equipe \nde supor te nas manut enções preventivas e corretivas . Os \neventos são registrados com rubr ica de data e hora, através do \nRTC Real Time Clock - Relóg io em Tempo Real interno.\nPorta Serial\n• RS232:Inter face Remota:\n• Upg rade fir mware\n• Acesso a ev entos\n• Configuração e SetupnAutomação Bancár ia\nn Automação C omer cial\nnAutomação I ndustr ial\nnAutomação de P rocessos Gráficos\nnSistemas M édicos de Diag nóstico e I magem\nnTelecomunicações\nnTecnolog ia da I nformação\nnTomóg rafos e Ressonâncias M agnéticas\nnTornos e F resas de C omando Numér ico - CNC\nnEquipament os de Eletr oerosão\nn Puncionadeiras e C orte a Laser CNC\nn Conversor es de F requência\nn Impr essoras a Laser \nn Fotocopiadoras\nn Transmissor es\nn PDVs\nn Mainframes\nn Microfilmagem\nDISPLAY - LCD - CRISTAL LÍQUIDO \nRETROILUMINADO']","Based on the provided context, the system can send email alerts for various events such as power failures, over-temperature warnings, and other system anomalies. The system has a real-time clock and can record the last 25,500 events in its internal memory. Even when the power stabilizer is turned off, data continues to be recorded. The system can also update its firmware, providing new features and improvements. The system can be connected to various devices through a serial port, including automation systems, medical imaging devices, CNC machines, and other industrial equipment.","Os tipos de evento que podem gerar uma Mensagem por e-mail no sistema mencionado incluem: Operação Normal, Falha de Rede, Pré-alarme de Baterias, Bypass Estático, Bypass Manual e Sobrecarga de Saída.",0.0,0.0,0.0,0.0,0.7720656938984592,0.7777777777777778,0.0,0.4903545297600133,0.2081911262798634,0.0,0.0,0.0,1,0,1,1,0
104,O que 'CONCEPTION' quer dizer no texto?,"['Digital Signal ProcessorNo-BreakMulti Ativo\nTrifásico\nCM COMANDOS LINEARESCONCEPTION', 'Alta Tecnolog ia em\nProcessament o Dig ital\nde Sinais - DSP\nOS MAIS MODERNOS\nNO-BREAKS CORPORATIVOSVivemos em um mundo cada v ez mais ág il e prático . Um mundo conec tado por pr ocessador es, chips , softwares e \nperiféricos. Mas isso ainda não é o bastant e. Por isso , o mundo caminha para t ecnolog ias de pr ocessament o imediat o \nde dados . A CM C omandos Linear es está um passo à fr ente e of erece aos seus client es pr odut os dotados de uma \ntecnolog ia revolucionár ia, denominada P rocessament o Dig ital de Sinais - - DSP .\nToda a linha de No -Breaks  \nconta com a t ecnolog ia DSP .  Carac terística que \npropor ciona alta per formance e confiabilidade , Conception Multi Ativ o \npara aplicações de missão cr ítica. Ou seja, pr otegem as aplicações nas quais a continuidade da operação é de \nfundamental impor tância.\nequipament os pode ser atualizado , \nacrescentando novas funções em \nunidades já instaladas . Hoje , esta t ecnolog ia está pr esent e nos mais sofisticados sist emas eletr ônicos , devido à sua alta v elocidade e \nconfiabilidade . Processador es Dig itais de Sinais são capaz es de pr ocessar dez milhões de amostragens por segundo . \nIsso sig nifica pr ocessament o em t empo r eal -- o sinal é pr ocessado no mesmo instant e em que é r ecebido , sem \nretardos ou atrasos .\nProjetados com o uso int enso dos r ecursos da t ecnolog ia DSP ,  os No -Breaks C onception Multi Ativ o  ag regam nov os  \ne avançados r ecursos , que estabelecem um nov o conceit o em desen volviment o, no qual o fir mware dos \nAdquir indo No -Breaks , cont e com as \nsoluções da CM C omandos , que \nasseguram t ecnolog ia de ponta, \nmáxima pr oteção , precisão dig ital e \nprocessament o em t empo r eal.  Modelo 300kV A']","In the provided context, 'Conception' refers to a specific model of a product, namely the ""No-Break Conception Multi Ativo."" This product is equipped with advanced technology called Digital Signal Processing (DSP), which provides high performance and reliability, making it suitable for critical applications where uninterrupted operation is crucial. The context also highlights that these devices can be updated with new features even after installation, thanks to the integrated DSP technology.","'CONCEPTION' refere-se ao ato ou processo de conceber, que pode incluir a formação de ideias ou a criação de algo novo.",0.0,0.0,0.0,0.0,0.8194978621611289,0.8,0.0,0.5342067164865434,0.1693548387096773,0.0842105263157894,0.0,0.0,0,1,1,1,1
105,O que significa o termo 'Transformerless' e quais são suas implicações?,"['TECNOLOGIA ON LINE COM BYPASS ESTÁTICO DE MANUTENÇÃO\nINTERFACE DE GERENCIAMENTO REMOTO\nAs Interfaces de Gerenciamento Remoto são compostas por diversas ferramentas, sendo elas: \n•  O Adaptador SNMP que permite gerenciar remotamente o No-Break via Internet através de um web browser,  monitorar o status \ne enviar alertas por e-mail. \n• O software, uma ferramenta de gerenciamento Windows Application e a versão Client é especíﬁ  ca para automatizar o shutdown \nde servidores, podendo desligar automática e simultaneamente vários servidores e estações. \n• O Adaptador Modbus permite integrar o No-Break, via uma porta RS485, a Sistemas de Automação Predial.\nBypass Estático\nSistema de proteção que, em caso de \nproblemas, transfere automaticamente \na carga para um circuito alternativo, sem \ninterrupção no fornecimento de energia.Bypass Estático de Manutenção\nPermite a transferência e o retorno da carga do No-Break para um circuito \nalternativo de fornecimento de energia, para atividades de manutenção. \nEm quaisquer situações, o fornecimento de energia é contínuo, sem \ninterrupções.\nBanco de Baterias\nArmazena energia reserva para alimentar o No-Break \ndurante um período predeterminado, denominado como \ntempo de autonomia do No-Break.Retificador\nConverte a energia da\nrede elétrica da concessionária\n ou do grupo gerador em\ncorrente contínua, corrigindo \nou eliminando distúrbios\nda entrada do sistema.\nCorrente alternada de entradaCorrente contínua Corrente alternada de saída\nCorrente alternada Bypass estáticoCorrente alternada Bypass estático\nde manutenção\nInversor\nConverte a corrente contínua do \nretiﬁ  cador ou das baterias em corrente \nalternada de saída, com forma de onda \nsenoidal pura, livre de distúrbios.\nRetificador\nConverte a energia da\nrede elétrica da concessionária\n ou do grupo gerador em\nInversor\nConverte a corrente contínua do \nretiﬁ  cador ou das baterias em corrente \nalternada de saída, com forma de onda', 'Alta Tecnologia em\nProcessamento Digital\nde Sinais - DSP\nO S M A I S M O D E R N O S\nN O B R E A K S C O R P O R AT I V O SVivemos em um mundo cada vez mais ágil e prático. Um mundo conectado por processadores, chips, softwares e \nperiféricos. Mas isso ainda não é o bastante. Por isso, o mundo caminha para tecnologias de processamento imediato \nde dados. A CM Comandos Lineares está um passo à frente e oferece aos seus clientes produtos dotados de uma \ntecnologia revolucionária, denominada Processamento Digital de Sinais -- DSP .\nToda a linha de No Breaks Innovation S1 Trifásico  \nTransformerless conta com a tecnologia DS P.   \nCaracterística que proporciona alta performance e \nconfiabilidade, tornando-os ideais para aplicações de missão crítica. Ou seja, protegem as aplicações nas quais a \ncontinuidade da operação é de fundamental importância.\ndos equipamentos pode ser atualizado, \nacrescentando novas funções em \nunidades já instaladas. Hoje, esta tecnologia está presente nos mais sofisticados sistemas eletrônicos, devido à sua alta velocidade e \nconfiabilidade. Processadores Digitais de Sinais são capazes de processar dez milhões de amostragens por segundo. \nIsso significa processamento em tempo real -- o sinal é processado no mesmo instante em que é recebido, sem \nretardos ou atrasos.\nProjetados com o uso intenso dos recursos da tecnologia DSP ,  os No Breaks Innovation Trifásico Transformerless  \nagregam novos  e avançados recursos, que estabelecem um novo conceito em desenvolvimento, no qual o firmware \nAo pensar em adquirir No Breaks,     \nconte com as soluções da\nCM Comandos, que asseguram \ntecnologia de ponta, máxima proteção, \nprecisão digital e processamento        \nem tempo real.']","The term ""Transformerless"" in the context refers to a design feature in UPS (Uninterruptible Power Supply) systems, specifically the Innovation S1 Trifásico models. This feature indicates that the UPS does not have a transformer for voltage conversion. Instead, it uses a different type of technology, often using electronic circuitry, to convert the input AC voltage to DC and then back to AC for output.

The implications of a Transformerless UPS include:

1. Reduced size and weight: Without a transformer, the UPS is smaller and lighter, making it easier to install and transport.
2. Improved efficiency: Transformerless UPS systems typically have higher efficiency levels, as they generate less heat and consume less power compared to traditional transformer-based UPS systems.
3. Lower cost: Transformerless UPS systems can be more cost-effective due to the reduced size and materials used in their construction.
4. Potential compatibility issues: Since Transformerless UPS systems have specific input and output voltage requirements, they may not be compatible with all types of equipment, especially those that require galvanic isolation provided by a transformer.
5. Limited power capacity: Transformerless UPS systems generally have lower power capacity compared to transformer-based UPS systems, making them more suitable for smaller applications or specific use cases.

When considering adopting No Breaks with Transformerless technology, it is essential to ensure that the UPS system meets the power and compatibility requirements of the intended application.","O termo 'Transformerless' refere-se a sistemas ou circuitos que operam sem o uso de transformadores. As implicações incluem a redução de tamanho e peso dos dispositivos, além de potencialmente aumentar a eficiência, mas também podem resultar em desafios relacionados à isolação elétrica e à gestão de tensões.",0.49999999995,0.0,0.0,0.0,0.7459944037794553,0.1764705882352941,0.0,0.6936481825474161,0.1545801526717557,0.0347222222222222,0.0,0.0,0,0,1,1,1
106,benefícios aplicações missão crítica No Breaks CM Comandos Lineares,"['A EMPRESA Com mais de 38 anos de atuação, a CM Comandos é hoje \numa das maiores fabricantes de No-Breaks da América Latina. \nAlém disso, é líder absoluta em soluções para o mercado corporativo. Certificada pela \nnorma ISO-9001:2015, a CM Comandos ressalta o seu compromisso com a excelência \ndos seus produtos e a total satisfação dos seus clientes.Inovação, qualidade, tecnologia\ne confiabilidade. Marcas das\nsoluções CM Comandos Lineares\nAPLICAÇÕES Os No -Breaks da CM C omandos Linear es são indicados para \naplicações de missão cr ítica, nas mais var iadas cor porações ,  \noferecendo pr oteção contra distúr bios de ener gia elétr ica, tais como: cor tes, micr o cor tes, \nruídos , dist orção har mônica, picos , transient es, sub e sobr e tensão e var iações de fr equência.\nSUPORTE\nTÉCNICOAo escolher a mar ca CM C omandos Linear es você conta com \no melhor  supor te técnico de pr é e pós- venda da empr esa que \nse consolidou ao longo dest es 38 anos como líder de \nmercado . Instrumentação de ponta, pr ofissionais altament e qualificados , com \ncober tura nacional e disponibilidade de at endiment o 24 horas , sete dias por \nsemana, call cent er e pr ocessos cer tificados  asseguram a ex celência dos nossos \nserviços de supor te.BENEFÍCIOSOs equipament os da CM C omandos operam com maior pr ecisão , \nagregam maior númer o de funções e são os mais segur os. \nCarac terísticas que geram alta confiabilidade e pr odutividade nas mais var iadas aplicações , \nminimizam falhas e , consequent ement e, cust os de manut enção . Em r esumo ,                               \nser um client e da CM C omandos sig nifica t er o r etorno do capital in vestido e garantias            \nque só uma empr esa com amplo supor te técnico pode of erecer .\nOSD  L NI A NM EA OR C EM SCISO\n90012015', 'OSD  L NI A NM EA OR C EM SCISO\n90012015\nA EMPRESACom mais de 38 anos de atuação, a CM Comandos é hoje \numa das maiores fabricantes de No-Breaks da América Latina. \nAlém disso, é líder absoluta em soluções para o mercado corporativo. \nCertificada pela norma ISO-9001:2015 a CM Comandos ressalta o seu compromisso \ncom a preservação do meio ambiente, a excelência dos seus produtos e a total \nsatisfação dos seus clientes.\nAPLICAÇÕES Os No -Breaks da CM C omandos Linear es são indicados para \naplicações de missão cr ítica, nas mais var iadas cor porações ,  \noferecendo por teção contra distúr bios de ener gia elétr ica, tais como cor tes, micr o cor tes, \nruídos , dist orção har mônica, picos , transient es, sub e sobr e tensão e var iações de fr equência.\nSUPORTE\nTÉCNICOAo escolher a mar ca CM C omandos Linear es, você conta com o \nmelhor  supor te técnico de pr é e pós- venda da empr esa que se \nconsolidou ao longo dest es 38 anos como líder de mer cado .\nInstrumentação de ponta, pr ofissionais altament e qualificados , com cober tura \nnacional e disponibilidade de at endiment o 24 horas , sete dias da semana, call \ncent er e pr ocessos cer tificados ,  asseguram a ex celência dos nossos ser viços de \nsupor te.BENEFÍCIOSOs equipament os da CM C omandos operam com maior pr ecisão , \nagregam maior númer o de funções e são os mais segur os. \nCarac terísticas que geram alta confiabilidade e pr odutividade nas mais var iadas aplicações , \nminimizam falhas e , consequent ement e, cust os de manut enção . Em r esumo ,                               \nser um client e da CM C omandos sig nifica t er o r etorno do capital in vestido e garantias            \nque só uma empr esa com amplo supor te técnico pode of erecer .Inovação, qualidade, tecnologia\ne confiabilidade. Marcas das\nsoluções CM Comandos Lineares\nOSD  L NI A NM EA OR C EM SCISO\n90012015']","The No-Breaks from CM Comandos Lineares offer protection against various electrical power disturbances in critical mission applications. These benefits include:

1. Increased precision of equipment operation.
2. Additional functions integrated into the equipment.
3. Enhanced safety features.
4. High reliability and productivity in various applications.
5. Minimization of failures and, consequently, maintenance costs.

By choosing CM Comandos Lineares, customers can expect excellent pre and post-sales technical support, with qualified professionals, cutting-edge instrumentation, and 24/7 coverage, ensuring top-notch service and customer satisfaction.","Os No Breaks da CM Comandos Lineares oferecem proteção contra distúrbios de energia elétrica, sendo indicados para aplicações de missão crítica em diversas corporações.",0.99999999995,1.0,0.3999999992,0.8181818181818182,0.7393197127526897,0.8181818181818182,0.15,0.7879574041306958,0.1963470319634703,0.0854700854700854,0.0,0.0,1,1,1,1,1
107,Quais são as especificações dos cabos de medição utilizados para a medição de impedância dos módulos Equalizer?,"['Módulo de Ba teria Equaliz er\nProcessador:   DSP\nInter faces:  2 Portas RJ11\nSensor Temper atura:  Interno\nGabinete:   ABS\nDimensões:   12 x 65 x 113 mm - 50 g\no\n  Ambiente:   abrigado , IP-20, 0 a 60 C, umidade\n  relativa máx 90% não condensante .\nModelo Equaliz er M12 - MB02 \nTensão nominal:   12 VDC - 02VDC \nCapacidade:  7 a 600 Ah - 7 a 5.000 Ah n   \nn    \nn    \nn    \nn   \nn \nn   \nn   \nn   \nMódulo de C orrente \n Descrição:\nAcessório (opcional) destinado à medição da \ncorrente elétrica que circula pelo banco de \nbaterias com indicação do sentido da corrente \nelétrica (C arga ou Descar ga).\nEspecificações:\nTensão de alimentação:  5V\nErro:  ≤ 1,5% @ corrente nominal\nComunicação:  RS-232 (Nív el TTL)n \nn', '']","I'm sorry for any confusion, but the context information provided does not include details about the cables used for impedance measurement in the Equalizer modules. The first page of the context refers to the specifications of the Equalizer system, while the second page describes the Battery Equalizer module and a Current Module accessory. There is no mention of the impedance measurement cables. Therefore, I cannot provide the specifications for those cables.",As especificações dos cabos de medição utilizados para a medição de impedância dos módulos Equalizer não estão detalhadas no texto fornecido.,0.9999999999,1.0,0.0,0.4,0.0,1.0,0.75,0.6954495932180973,0.2051835853131749,0.06,0.0,0.0,0,0,1,1,0
108,Quais implicações especificações CM MKT OUT 23 sujeitas alterações prévio aviso?,"['• Grau de Proteção: IP-20\nCaracterísticas Físicas e Mecânicas \nn Dimensões Compactas\nn Display LCD - cristal líquido retro-iluminado\nn Estrutura do Gabinete:\n  • Rack: metálico\n  • Acabamento: pintura epóxi-pó na cor graﬁ  te\ncom tratamento térmico e anti-corrosivo\n  • Ventilação: forçada, com controle digital de\nvelocidade pelo DSP  \n  • Porta de Comunicação:\n    » Serial RS232C IsoladaInterfaces de Gerenciamento\nn Mono e multi-usuário, client-server e\nmultiservidores \nn Ferramentas de Shutdown e Gerenciamento\nn  Protocolos:\n    • Serial Rs232\n    • Serial Rs485*\n    • Modbus*\n    • SNMP / Telnet / http / TCP/IP*\nn Softwares de Gerenciamento*\n    • Adaptador SNMP* V1, V2, V3.\nn Ambientes e Sistemas Operacionais\n   • Windows 10  \n   • Linux\n(Marcas dos respectivos fabricantes)\nCM MKT  JAN 24 - *As especiﬁ  cações  técnicas estão sujeitas a alterações sem aviso prévio e conforme necessidades de projetos customizados.                 Nós incentivamos a reciclagem.\nCM MKT  JAN 24 - *As especiﬁ  cações  técnicas estão sujeitas a alterações sem aviso prévio e conforme necessidades de projetos customizados.                 Nós incentivamos a reciclagem.\nAv. Eng. Alberto de Zagottis , 760 - 04675-085 - São Paulo - SP\nTel.:(11) 5696-5000\nwww.cmcomandos.com.brSistema de \nSustentabilidade AuditadaModelo Peso\n (sem baterias)\nkg Dimensões Físicas \nlarg x alt x prof \nmm Potência \nkVA\n 25000      25,0         436 x 85 x 677           18Módulo No-Break 25 kW - 380/400/415V\nModelo Peso\n (sem baterias)\nkg Dimensões Físicas \nlarg x alt x prof \nmm Potência \nkVA\n 150000   150,0       482 x 931 x 916        150Gabinete para Módulo 25kW - 380/400/415V\nModelo Peso\n (sem baterias)\nkg Dimensões Físicas \nlarg x alt x prof \nmm Potência \nkVA\n 50000      50,0        510 x 178 x 700         45Módulo No-Break 50 kW - 380/400/415V\nModelo Peso\n (sem baterias)\nkg Dimensões Físicas \nlarg x alt x prof \nmm Potência \nkVA\n 100000   100,0      600 x 1150 x 980      120Gabinete para Módulo 50kW - 380/400/415V\n 200000   200,0      650 x 1600 x 960      170\n 300000   300,0      650 x 2000 x 970      220\n 500000   500,0    1300 x 2000 x 1100    450Modelo Peso\n (sem baterias)\nkg Dimensões Físicas \nlarg x alt x prof \nmm Potência \nkVA\n 30000      30,0        510 x 178 x 700         45Módulo No-Break 30 kW - 200/208/220V\nModelo Peso\n (sem baterias)\nkg Dimensões Físicas \nlarg x alt x prof \nmm Potência \nkVA\n  60000    100,0      600 x 1150 x 980      120Gabinete para Módulo 30 kW - 200/208/220V\n 120000   120,0      650 x 1600 x 960      170\n 180000   180,0      650 x 2000 x 970      220\n 300000   300,0    1300 x 2000 x 1100    450DIMENSÕES FÍSICAS', '00      X 280 X 647         97\n    7500       7,50     787 X 280 X 647        116\n   10000    10,00     815 X 480 X 875        204\n   15000    15,00     815 X 480 X 875        259787Peso (com \nbaterias)\nkgn    \nn   \nn   \nn  \nn   \nn   Upg rade de F irmware   On-Line - Dupla Con versão\nRetificador - I nversor - Banco de Bater ias\nBypass Estático \n Contr ole Dig ital M icroprocessador DSP\nInversor a M ódulo IGBT de Alta F requência \nCertificação de \nSustentabilidade A uditadaOSD  N LI A NM EO AC R EM SCISO\n90012015\nAv. Eng . Alber to de Zagottis , 760 - 04675-085 -  São P aulo - SP\nTel.: (11) 5696-5000 \nwww.cmcomandos .com.brEntr ada\nTensão:  \n    •220 V \n Variação A dmissív el:\n   \n    •± 15% da tensão nominal\nFrequência:  50 ou 60 H z\nVariação de F requência A dmissív el:   + 6%  - 4% \nConfigur ação:\n    \n    •Monofásico : F + N + T\n    \n    •Bifásica: F + F + T\nFator de P otência:\n    \n    •0,8     \n    •0,99*\nPotências Disponív eis:  \n   \n    •5 kV A / 3,5 kW\n   \n    •7,5 kV A / 5,25 kW\n   \n    •10 kV A / 7,0 kW\n   \n    •15 kV A / 10,5 kW\nRegulação Estática:  ± 1% nominal\nFrequência:  50 ou 60 H z\n \nVariação de F requência:  • ± 0,05% em modo bater ia\nConfigur ação:\n     \n    • Monofásico: F + N + T\n     \n    • Bifásica: F + F + T\nFator de P otência:  0,7\nForma de Onda:  senoidal\n Distorção Harmônica THD:  inferior a 1%, total\n  Fator de Crista:  3:1\nCapacidade de Sobr ecar ga:  125% durante25s\nRendimento:  90%\nBaterias\n \nTensão de Linha: 192 VDC\nSistema de Recar ga: contr olado , automático\nTempo de Recar ga: 8 a 10 horas para 90% da car ga\nTipo:  seladas , isentas de manutençãon   \nn  \n \nn    \nn   \nn   \nn   \nn\nn   \nn   \nn    \nn   \nn   \nn   \nn   \nn  \nn \nn   \nn   \nn    \nn   \nn   \nn       \nSaída\nTensão:  \n    • 220 V ( standar d )   Tecnologia\nCM.MK T SET 2021 - As especificações estão sujeitas a alterações sem pr évio aviso . Nós incentivamos a r eciclagem\n * Opcional']","The specifications listed under the CM MKT JAN 24 notice, including the degree of protection, physical and mechanical characteristics, display, cabinet structure, communication port, interfaces, tools, protocols, software, operating systems, and dimensions for various models of no-break systems and their respective cabinets, are subject to change without prior notice. This information can be found in the context provided for page_label 6.",As especificações CM MKT OUT 23 estão sujeitas a alterações sem prévio aviso.,0.99999999995,1.0,0.0,0.9230769230769232,0.670005465464012,0.9230769230769232,0.0,0.5899467228582863,0.1289592760180995,0.0499999999999999,0.0,0.0,0,0,1,0,0
109,Qual é a importância da calça azul no uniforme padrão da equipe identificada no sistema de sustentabilidade auditado?,"['Vantagens do C ontrat o de M anut enção \nAtravés do contrat o de manut enção , técnicos e gest ores de manut enção podem r eduzir a deg radação dos seus equipament os, prolongando \no tempo de vida útil e evitando int ervenções cor retivas , que geram cust os elevados e t êm impac tos negativ os.\nn   Supor te técnico por t elefone, durant e 24hs/dia\nn   Minimizar os r iscos e pr ejuíz os de t er um equipament o parado\nn   Prioridade no at endiment o no caso de uma parada \nn Redução da necessidade de manut enção cor retivas em at é 80% e \nconsequent e  redução de cust os\nn  Serviços de cor retivas , quando  inclusos no contrat o \nn Redução de cust o: equipament os com manut enção pr eventiva \nadequada sofr em menos desgast es e, por tanto \ntem sua vida útil ampliada. \nAv. Eng . Alber to de Zagottis , 760 - 04675-085 -  São P aulo - SP\nTel.: (11) 5696-5033 \nwww.cmcomandos .com.br\nSistema de \nSustentabilidade A uditadoIdentifique Nossa E quipe \nUniforme P adrão \nCamisa azul   Calça azul   Crachá  \nPedro\nSuporte Técnico0000000000001Nome:\nRG:\nSetor:João P edro \nMatrícula:\n1111 25.613.810-2\nAssistência Técnica\n1.Uso... \nJOÃO PEDRO \nSuporte Técnico Supor te Técnico\nCall C enter int egrado ao sist ema de gestão ERP\nTécnicos Treinados e Qualificados\nEquipados com I nstrumentação de P onta\nAnalisador de Har mônicos\nAtendiment o 24 horas - 7 dias da semana via C ontrat os\nde M anut enção P reditiva, P reventiva e C orretiva\n  Supor te Pleno de P ré e P ós-V enda\nAmpla cober tura em t odo o paísn   \nn  \nn  \nn  \nn  \nn\nn  \nCM MK T SET 2021  -   As especificações estão sujeitas a alterações sem pr évio aviso . Nós incentivamos a r eciclagem\nAtendiment o em t odo\n o Território Nacional\ncom filiais e r epresentant es nas pr incipais \ncidades e capitais , otimizando o t empo , \ncusto e buscando a ex celência\n na pr estação de ser viços\nEscaneie e saiba mais sobr e o\n contrat o de manut enção \nOSD  N LI A NM EO AC R EMSCISO\n90012015 OSD  N LI A NM EO AC R EMSC', 'CM COMANDOS LINEARES\nOSDN LI A NM EO AC REM SCISO\n9001\n2015\nSistema de \nSustentabilidade AuditadaAv. Eng. Alberto de Zagottis, 760 - 04675-085 - São Paulo - SP\nTel.: (11) 5696-5000 - Fax: (11) 5696-5055\nwww.cmcomandos.com.brOSD L NI A NM EA OR CEM SCISO\n9001\n2015']","The blue pants in the standard uniform of the team identified in the audited sustainable system hold significance as they are a part of the distinct and professional attire that the team wears. This uniform, consisting of a blue shirt, blue pants, and a name tag, helps to establish a sense of unity, identity, and trustworthiness among the team members. It also allows for easy identification of the team by customers and clients, fostering a sense of reliability and credibility for the services provided by the team. The uniform, therefore, plays a crucial role in the overall image and professionalism of the team and the organization they represent.",A calça azul é parte do uniforme padrão da equipe identificada no sistema de sustentabilidade auditado.,0.9999999999,1.0,0.0,0.125,0.8621699002121955,0.25,0.29,0.6429835045829222,0.1269113149847095,0.048,0.0,0.0,0,1,1,1,0
110,Quais são os diferentes tipos de proteções elétricas que são mencionados no texto?,"['Medidas de P roteção \nVitais para I nstalações \nElétr icas Hospitalar es\nFUNCIONAMENTO Sistema de Aterrament o IT Médico \nO Sistema IT Médico é um sistema de super visão de falhas de isolação nas instalações elétr icas aplicado em \nconfiguração de aterrament o tipo IT, conf orme previsão da norma NBR 13534:2008 da Anvisa. \nEsta norma visa garantir a manut enção dos equipament os de sustentação à vida, mesmo em caso de \nprimeira falha de isolação elétr ica nos Estabeleciment os Assistenciais a Saúde (EAS). \nA utilização desta proteção é compulsór ia nos ambient es hospitalar es do Grupo 2, nos quais se enquadram \nas Salas Cirúr gicas, UTIs , UTIs Neonatais e Salas de Hemodinâmica. \nA utilização do Sistema IT Médico aumenta a segurança \npara o pacient e e para o corpo clínico ,  pois a interrupção \nno forneciment o de ener gia elétr ica em caso de uma falta é evitada, pois mesmo em um caso de curto- \ncircuito fase t erra, por ex emplo , um equipament o eletr omédico pode ser usado para auxiliar ou substituir , \ntemporar iament e ou permanent ement e  funções vitais de um pacient e. \nAlém disso , ocor re uma redução nas correntes de fuga circulando pelo condut or de proteção , o que diminui \na tensão de contat o e consequent ement e a intensidade de um choque elétr ico acidental .\nO Sistema possui Dispositiv o Super visor de Isolament o (DSI), Dispositiv o Super visor de Temperatura (DST ) e \nDispositiv o Super visor de Corrente (DSC ) que mede a resist ência entre os condut ores de alimentação e o \ncondut or de proteção , sinalizando sonora e visualment e quando essa resist ência decr esce para 50 KΩ. \nCOMPOSIÇ ÃO BÁSIC A  Quadr o de Ener gia Elétrica  - Sistema IT Médico \nO sistema é compost o por: \n• Transf ormador de Separação \n• Dispositiv o Super visor de Isolament o (DSI) \n  Super visor de Temperatura (DST )\n  Super visor de Corrente (DSC ) \n• Dispositiv o Anunciador \n• Montagem em Rack\nOpcionais: \n• Gerador de Sinal BT-4000\n• Localizador Individual de Falha BT-0074/ BT 0078\n• Interface Homem-M áquina (IHM)', 'SISTEMA IT MÉDIC O \nElétr ica Hospitalar Proteção']","The text mentions the ""Sistema IT Médico"" which is a system for monitoring electrical faults in hospital installations, specifically in IT grounding configurations. This system includes several protective components such as the Dispositivo Supervisor de Isolamento (DSI), Dispositivo Supervisor de Temperatura (DST), and Dispositivo Supervisor de Corrente (DSC). These components monitor the resistance between the power conductors and the grounding conductor, alerting when the resistance drops below 50 KΩ. Additionally, there are optional components like the Gerador de Sinal BT-4000, Localizador Individual de Falha BT-0074/ BT 0078, and Interface Homem-Máquina (IHM). However, the text does not mention any other types of electrical protections.",Os diferentes tipos de proteções elétricas mencionados no texto incluem: Sobrecarga e Descarga Bateria Baixa.,0.0,0.0,0.0,0.0,0.2648755584235864,0.9230769230769232,0.0,0.5210594435848936,0.1146666666666667,0.016,0.0,0.0,0,1,1,1,1
111,Qual é o signficado da abrev 'Sa' no contexto do txt 'de Elétric a'?,"['DISPOSITIV O ANUNCIADOR\nO\nenfermarias de plantão ou salas de médicos ,  e per mitem a imediata sinalização visual e audív el da ocor rência de alar mes . \nPodem ser instalados at é 4  Dispositiv os Anunciador es em vár ios locais ao mesmo t empo e não necessitam de alimentação auxiliar . s alar mes det ectados pelo Dispositiv o DSI / DST / DSC são en viados ao Dispositiv o Anunciador , instalados em locais estrat égicos tais como  \nCARACTERÍSTIC AS  \nPara sinalização dos alar mes a distância, de acor do com a Nor ma NBR 13534:\n• Led v erde: equipament o ligado ·  \n• Led v ermelho: sobr ecar ga\n• Led amar elo: sinalização de falha\n• Botão silenciar : para desligar o alar me acústico sobr e o quadr o de sinalização à\n   distância, ativado quando f or ultrapassado o nív el de int ervenção\n• Botão de t este: para v erificar per iodicament e a eficiência do  dispositiv o como  \n   recomendado pela Nor ma\n• Tipo de Alar me: Sonor o\nO dispositiv o Gerador de Sinais BT4000 é um dispositiv o de localização de falha  \nde isolação individual , per mitindo identificar em qual leit o ocor reu a falha, por \nexemplo .  \nO Gerador de Sinal injeta um sinal inf erior a 1mA, suficient e para que seja \ndetectada a falha de isolação e atua em conjunt o com os Dispositiv o \nLocalizador de F alha I ndividual e o Dispositiv o DSI / DST / DSC , conf orme as \nespecificações  exig idas pela nor ma IEC 61557.DISPOSITIV O GER ADOR DE SINAL 1mA - B T4000  \nESPECIFIC AÇÃO MECÂNIC A  \n·\npadrão DIN. Ideal para painel modular 18mm. O cupa o espaço de um disjunt or tr ipolar \nDISPOSITIV O LOCALIZADOR DE F ALHA - B T0074 e B T0078\nINTERF ACE HOMEM-MÁQUINA (IHM)\nO displa y / painel de contr ole IHM possibilita a visualização dos parâmetr os pr é-\nestabelecidos de isolament o, temperatura e cor rente em t empo r eal e é ideal para \nmonit orar instalações de múltiplos Sist emas IT .\nPRINCIP AIS C ARACTERÍSTIC AS Inter face Homem Máquina (IHM)• \n•  Medidor es textos móv eis\n•  Manuseio de Alar meTela g ráfica t ouch scr een 7,0”  • Proteção por P assw ord  \n• Ether net e P orta USB\nDispositivo AnunciadorDispositivo  Gerador de Sinal 1mA - BT4000\nO dispositiv o localizador de falhas BT0074 com 4 circuitos \nlocalizador es) e (BT0078 com 8 localizador es) tem por finalidade a \nlocalização de falha de isolação em um sistema de aterrament o IT \nMédico , de acor do com as carac terísticas exig idas pela norma \nIEC61557. O dispositivo é dotado de toróides que foram \nespecialmente projetados para a detecção de baixíssimas \ncorrentes na ordem de 0,5 mA e placa eletr ônica que sinaliza e \nemit e um sinal digital que pode ser conec tado , por exemplo , a um \nCLP.\nDispositivo L ocalizador de falha BT 0074\nDispositivo L ocalizador de falha BT 0078', 'CM MK T SET 21 As especificações estão sujeitas a alterações sem pr évio aviso . Nós incentivamos a r eciclagem\nSistema de \nSustentabilidade A uditadoAv. Eng . Alber to de Zagottis , 760 - 04675-085 - São P aulo - SP\nTel.: (11) 5696-5000 - F ax: (11) 5696-5055\nwww.cmcomandos .com.brOSD  N LI A NM EO AC R EM SCISO\n90012015Entr ada\nTensão:  \n    \n    •Trifásica: 208 / 220 / 380 / 400 / 440V\nVariação A dmissív el:\n   \n    •± 15% da tensão nominal\nFrequência:  50 ou 60 H z\nVariação de F requência A dmissív el:  ± 5%\nConfigur ação:\n    \n    •Trifásica: 3F + N + T\n Fator de P otência:\n    \n    •0,8\n    \n    •0,99*\nSaída\nTensão:  \n \n    • Trifásica: 208 / 220 / 380 / 400 / 440V\nPotências Disponív eis:  \n \n    • 5/10/15/20/30/40/60/80/100/120/160/200/300 kV A\nRegulação Estática:  ± 1% nominal\n Frequência:  50 ou 60 H z\nVariação de F requência:  \n \n    • ± 0,05% em modo bater ia\nConfigur ação:\n     \n    • Trifásica:  3F +N +  T\nFator de P otência:       \n•0,8\n    \n    •0,9*\nForma de Onda:  senoidal\nDistorção Harmônica THD:  inferior a 1%, total\nFator de Crista:  3:1\n Capacidade de Sobr ecar ga:  125% durante 25s\nRendimento:  94%\nTransf ormador Isolador\nBaterias\nTensão de Linha:  \n     \n    • 288VDC (5 a 30 kV A) \n     \n    • 384VDC (40 a 80 kV A)\n    \n    •480 VDC (100 a 300 kV A)\nSistema de Recar ga: contr olado , automático\nTempo de Recar ga: \n \n    • 8 a 10 horas para 90% da  carga\nTipo:  seladas , isentas de manutenção\nBypass Estátic o\nAcionamento:  automático , contr olado pelo DSP\nTempo de Transf erência:  0ms (nulo)\nRetr ansf erência ao Modo Normal:   automática\nBypass Estátic o de Manutenção\nPermite manutenção do No -Break, sem desligar a car ga\nAcionamento:  manual , atrav és de disjuntor\nReposição ao Modo Normal:  sem inter rupção\nProteções Elétricas\nSub e Sobr etensão de Entrada e Saída\nSub e Sobr etensão DC e Bater ia\n Sobr ecar ga e C urto-Circuito\nMínima Descar ga de Bater ia\nSobr etemperaturan   \nn   \nn    \nn   \nn   \nn  \nn   \nn   \nn   \nn   \nn   \nn   \nn   \nn   \nn   \nn   \nn  \nn   \nn   \nn   \nn   \nn   \nn   \nn   \nn   \nn    \nn   \nn   \nn   \nn   \nn    \nn  \nn   \nn   ESPECIFICAÇÕES  TÉCNICAS\nCaracterísticas Físicas e Mecânicas\nDimensões Compac tas \nDisplay TFT 4,3"" Touch Scr een \nEstrutura  do G abinete: \n    \n    •Rack: metálico\n    \n    •Tampas laterais e super ior removív eis\n    \n    •Acabamento: pintura epó xi-pó na cor g rafite\n       com tratamento tér mico e anticor rosivo \nVentilação: f orçada ,']","Based on the context provided, 'Sa' in the context of 'de Elétric a' could potentially stand for ""Sistema de Alimentação"" or ""Sistema auxiliar,"" given that the text is discussing electrical systems and their components. However, without a specific instance of the abbreviation in the text, it's difficult to provide a definitive answer. It's always best to refer to the original text or consult the author for clarification.","No contexto do texto 'de Elétric a', a abreviação 'Sa' pode se referir a 'S.A.', que significa 'Sociedade Anônima'.",0.0,0.0,0.0,0.0,0.0,0.3333333333333333,0.5,0.7211625234304406,0.1981132075471697,0.1702127659574468,0.0,0.0,1,1,1,0,0
112,condições para paralelismo banco de baterias RALELISMO,"['Equaliz erActive Batt ery Mangement\nBENEFÍCIOS\nEstende a vida útil das baterias\nO sistema de Equalização Ativa mantém as baterias em condições \nideais, maximizando a sua vida útil. Reduz a necessidade de troca das \nbaterias e reduz o custo.\nRedução de Custo de Propriedade\nProlonga a vida útil das baterias, reduz o período de trocas e \nautomatiza a manutenção, reduzindo enormes custos com \nintervenções manuais.\nEcológico e Sustentável\nNa era da sustentabilidade, reduzir o consumo de baterias significa \nusar menos recursos e gerar menos descartes no meio ambiente.Análise da Vida Útil da Bateria\nAnalisa a curva de carga e descarga de um banco de baterias e \nacompanhe a evolução da vida útil, algo que é impraticável fazer \nmanualmente.Minimiza o Downtime por falha da bateria\nO prejuízo decorrente de uma queda do sistema por falha de bateria \ngera um valor incalculável para a sua operação.CARACTERÍSTICAS  \nPRINCIPAIS\nEqualização Ativa Individual do Banco de Baterias\nEleva a vida útil e a confiabilidade das baterias. \nPermite que as baterias atinjam a máxima vida útil de operação.\nAutomatização da Manutenção das Baterias\nO sistema mantém as baterias em condições ideais automaticamente. \nA análise e o diagnóstico são realizados à distância, individualmente e \nsem precisar desligar o sistema.\nMonitoramento em Tempo Real das Baterias\nMonitora a condição das baterias em tempo real à distância,  de \nforma eficiente e reduzindo o elevado custo com intervenções \nmanuais.Medição da Impedância da Bateria\nA Impedância interna é o parâmetro real da condição da bateria. \nAlém disso, mede a tensão e temperatura individual de cada bateria e \ngrava na memória.Previne contra quedas do sistema por defeito nas baterias\nO sistema monitora constantemente as baterias individualmente e \nenvia alarmes antes de ocorrer um problema.\nCONFIGURAÇÃO DO BANCO DE BATERIAS\nAPLICAÇÕES\nn   \nn   \n Banc os de Ba terias:\n• Sist emas No -Breaks\n• Retificador es de Telecomunicações\n• Ener gia Solar e Eólica\n• Compatív el com t odas as mar cas \nde equipament os, independent e \ndo fabr icant e.\nTipos :\n• Seladas Reguladas por Válvula VRLA\n• Estacionár ias\n• 12VDC e 2VDC', 'SISTEMA PARALELO MULTI ATIVO (EXCLUSIVO CM COMANDOS)\nA CM Comandos Lineares desenvolveu um sistema inovador e pioneiro no mundo de paralelismo entre no-breaks. O sistema \nParalelo Multi Ativo permite a expansão do sistema, de acordo com sua demanda de consumo, podendo paralelar quantas \nunidades forem necessárias para atender sua demanda, elevando a capacidade do sistema e a confiabilidade de sua aplicação.\nPOSSIBILIDADE DE SOMATÓRIA DE  POTÊNCIAS\nPermite a ligação para somatória de potência, utilizando dois ou mais \nNo-Breaks para atingir a demanda da carga total.\nQuando utilizado para somatória de potência, possibilita a ligação de \nNo-Breaks com potências diferentes. Quando a ligação for feita com \nNo-Breaks de potências diferentes, a carga será distribuída \nproporcionalmente. Permite a ligação em paralelo redundante N + 1,  N + 2, N + 3 … N+X,  \npossibilitando o desligamento de uma ou mais unidades, mantendo a \ncarga ativa.\nA comunicação entre os No-Breaks consiste no barramento de \ncomunicação comum, por onde transitam informações \ncontendo nível de carga, sincronismo e a condição do by pass.COMUNICAÇÃO ENTRE OS NO-BREAKSTodos os No-Breaks são autônomos, operam de forma \nindependente no sistema e possuem controle individual.NÃO EXISTE NO-BREAK MESTRE OU ESCRAVOPodem ser paraleladas quantas unidades forem necessárias, \npossibilitando expansão do sistema, de acordo com a demanda \nde consumo.QUANTIDADE ILIMITADA PARA PARALELISMO\nPARALELISMO DO BANCO DE BATERIAS\nPermite paralelismo dos bancos de baterias (quando forem de \nmesma tensão nominal).MANUTENÇÃO DO NO-BREAK\nPermite a inserção ou retirada de um No-Break no sistema, sem a \nnecessidade de parada.INTERFACES  DE  SHUTDOWN  E GERENCIAMENTO  REMOTO\nRede Elétric a\nde Entr ada\nSaídaNo-break 1\n Potência \nde 60 kV ANo-break 2\nPotência de \n100 kV ANo-break 3\nPotência de \n20 kV A\nCarga fornecida pelo sistema = 410 kV ANo-break 4\nPotência de \n30 kV ANo-break 5\nPotência de \n80 kV ANo-break 6\nPotência de \n120 kV ARede L ocal Ether netA   Inter face de Ger enciamento \n     \nC  Inter face Shutdown \n     Client \n     LANB  Inter face Shutdown \n     D   Inter face de Ger enciamento Remoto \n  \nE  Adaptador SNMP\n     \nF  Client Shutdown\nG Estação Remota\n    Sof tware com \n    conexão à I nter netMultisser vidor es\nMultiplataf ormas\nMulti-S.O .Porta M icroprocessada DB9\nPorta Contato Seco DB9\nRede Ethernet RJ45']","The conditions for paralleling battery banks, as mentioned in the provided context, are that the battery banks must have the same nominal voltage. This allows for the paralleling of battery banks to increase reliability and ensure uninterrupted power supply. The system also allows for the insertion or removal of a No-Break from the system without the need for a shutdown, facilitating maintenance.",As condições para o paralelismo do banco de baterias RALELISMO são que os bancos de baterias devem ser de mesma tensão nominal.,0.49999999995,1.0,0.0,0.3333333333333333,0.774720475087893,0.5,0.33,0.6193506805455897,0.2155388471177944,0.0454545454545454,0.0,0.0,0,0,1,1,1
113,Qual eh o signficado de BEN no contexto do orte tecnco?,"['Alta Tecnolog ia em\nProcessament o Dig ital\nde Sinais - DSP\nOS MAIS MODERNOS\nNO-BREAKS CORPORATIVOSVivemos em um mundo cada v ez mais ág il e prático . Um mundo conec tado por pr ocessador es, chips , softwares e \nperiféricos. Mas isso ainda não é o bastant e. Por isso , o mundo caminha para t ecnolog ias de pr ocessament o imediat o \nde dados . A CM C omandos Linear es está um passo à fr ente e of erece aos seus client es pr odut os dotados de uma \ntecnolog ia revolucionár ia, denominada P rocessament o Dig ital de Sinais - - DSP .\nToda a linha de No -Breaks  \nconta com a t ecnolog ia DSP .  Carac terística que \npropor ciona alta per formance e confiabilidade , Conception Multi Ativ o \npara aplicações de missão cr ítica. Ou seja, pr otegem as aplicações nas quais a continuidade da operação é de \nfundamental impor tância.\nequipament os pode ser atualizado , \nacrescentando novas funções em \nunidades já instaladas . Hoje , esta t ecnolog ia está pr esent e nos mais sofisticados sist emas eletr ônicos , devido à sua alta v elocidade e \nconfiabilidade . Processador es Dig itais de Sinais são capaz es de pr ocessar dez milhões de amostragens por segundo . \nIsso sig nifica pr ocessament o em t empo r eal -- o sinal é pr ocessado no mesmo instant e em que é r ecebido , sem \nretardos ou atrasos .\nProjetados com o uso int enso dos r ecursos da t ecnolog ia DSP ,  os No -Breaks C onception Multi Ativ o  ag regam nov os  \ne avançados r ecursos , que estabelecem um nov o conceit o em desen volviment o, no qual o fir mware dos \nAdquir indo No -Breaks , cont e com as \nsoluções da CM C omandos , que \nasseguram t ecnolog ia de ponta, \nmáxima pr oteção , precisão dig ital e \nprocessament o em t empo r eal.  Modelo 300kV A', 'Vantagens do C ontrat o de M anut enção \nAtravés do contrat o de manut enção , técnicos e gest ores de manut enção podem r eduzir a deg radação dos seus equipament os, prolongando \no tempo de vida útil e evitando int ervenções cor retivas , que geram cust os elevados e t êm impac tos negativ os.\nn   Supor te técnico por t elefone, durant e 24hs/dia\nn   Minimizar os r iscos e pr ejuíz os de t er um equipament o parado\nn   Prioridade no at endiment o no caso de uma parada \nn Redução da necessidade de manut enção cor retivas em at é 80% e \nconsequent e  redução de cust os\nn  Serviços de cor retivas , quando  inclusos no contrat o \nn Redução de cust o: equipament os com manut enção pr eventiva \nadequada sofr em menos desgast es e, por tanto \ntem sua vida útil ampliada. \nAv. Eng . Alber to de Zagottis , 760 - 04675-085 -  São P aulo - SP\nTel.: (11) 5696-5033 \nwww.cmcomandos .com.br\nSistema de \nSustentabilidade A uditadoIdentifique Nossa E quipe \nUniforme P adrão \nCamisa azul   Calça azul   Crachá  \nPedro\nSuporte Técnico0000000000001Nome:\nRG:\nSetor:João P edro \nMatrícula:\n1111 25.613.810-2\nAssistência Técnica\n1.Uso... \nJOÃO PEDRO \nSuporte Técnico Supor te Técnico\nCall C enter int egrado ao sist ema de gestão ERP\nTécnicos Treinados e Qualificados\nEquipados com I nstrumentação de P onta\nAnalisador de Har mônicos\nAtendiment o 24 horas - 7 dias da semana via C ontrat os\nde M anut enção P reditiva, P reventiva e C orretiva\n  Supor te Pleno de P ré e P ós-V enda\nAmpla cober tura em t odo o paísn   \nn  \nn  \nn  \nn  \nn\nn  \nCM MK T SET 2021  -   As especificações estão sujeitas a alterações sem pr évio aviso . Nós incentivamos a r eciclagem\nAtendiment o em t odo\n o Território Nacional\ncom filiais e r epresentant es nas pr incipais \ncidades e capitais , otimizando o t empo , \ncusto e buscando a ex celência\n na pr estação de ser viços\nEscaneie e saiba mais sobr e o\n contrat o de manut enção \nOSD  N LI A NM EO AC R EMSCISO\n90012015 OSD  N LI A NM EO AC R EMSC']","Based on the provided context, the term ""BEN"" does not appear in the given text. Therefore, it is not possible to provide a meaningful answer to this query without additional information.","O significado de BEN no contexto do orte técnico não está claro, pois a frase fornecida é incompleta.",0.0,1.0,0.0,0.0,0.0,1.0,0.5,0.6161881005218632,0.2620320855614974,0.0799999999999999,0.0,0.0,1,0,1,1,1
114,Qual é a importncia do 'Status chaves internas' no funcinamento do painel?,"['Bypass Estátic o\nAcionamento:  automático , contr olado pelo DSP\nTempo de Transf erência:  0ms (nulo)\nRetr ansf erência ao Modo Normal:  automática \nBypass Manual de Manutenção\nAcionamento:  manual , atrav és de disjuntorn   \nn   \nn   \nn   \nn   \nn   Permite manutenção do No -Break, sem desligar a\n   car ga\nReposição ao Modo Normal:  sem inter rupção\nAlarmes\nContr olados pelo pr ocessador DSP\nTipos de Alarmes:\n    •Sonor os:\n       »  F alta de Rede: 1 toque por segundo  \n       »  P ré-alar me das Bater ias: 2 toques por segundo  \n       »  F alha I nterna do No -Break\n    \n    •Mensagens de Aler ta:\n       »  Display de Cr istal Líquido\n       »  Sof tware IP P ower via TCP/IP*\n       »  M ensagem por e -mail*:\n           -  Operação Nor mal\n           -  F alha de Rede\n           -  P ré-alar me de Bater ias\n           -  B ypass Estático \n           -  B ypass M anual \n           -  Sobr ecar ga de Saída\n           -  F alha I nterna n   \nn   \n   Log de E ventos\nRegistr os Armaz enados:\n    •Reg istro em memór ia EEPR OM\n    \n    •Indicação de data, hora e ocor rência\n    \n    •Medições\n    \n    •Status de operação e alar mes do painel\n   \n    •Status chav es inter nasn   \n   \nProteção Elétricas\nSub e Sobr etensão de Entrada e Saída\nSub e Sobr etensão DC e Bater ia\nSobr ecar ga e C urto-Circuito\nMínima Descar ga de Bater ian     \nn     \nn     \nn     \nMedições\nTrue RMS\nPotência de Saída em kV A\n Potência de Saída em kW\nFator de P otência de Saída\nTensão de Saída\nCorrente de Saída\nFrequência de Saída\nTensão de Bater ia\nTensão de Entrada\nFrequência de Entradan   \nn   \nn  \nn   \nn   \nn   \nn   \nn   \nn   \nn   Características Físicas e Mecânicas\nDimensões Compac tas \n Display : LCD - cr istal líquido r etroiluminado\nEstrutura do G abinete: \n    •Rack: metálico \n    \n    •Painel F rontal: em ABS de alta r esistência \n    \n    •Tampas laterais e super ior removív eis \n    \n    •Acabamento: pintura epó xi-pó na cor g rafite\n       com tratamento tér mico e anticor rosivo \n Movimentação: por r odízios autossustentáv eis \nRodízios com travas*\nTransf ormador Isolador (blindagem eletr ostática*)\nPorta de Comunicação\n    \n    •Serial RS232C Isolada F ull Duplex -DB9 F êmea\n   \n    •Contato Seco DB9 F êmea\nInter faces de G erenciamento\n Mono e multiusuár io, cliente -server e multi-ser ver\nVários ser vidor es em um único No -Break\nFerramentas de Shutdown e Ger enciamento\nProtocolos:\n   \n    •Ser ial RS232 \n    \n    •Serial RS485*\n    \n    •SNMP / Telnet / http / TCP/IP*\nSoftwares de Ger enciamento*\n   \n    •IP P ower e IP P ower SE\n    \n    •Adaptador SNMP NetM ate \n    \n    •Adaptador Ar mModbus RS485\nAmbientes e Sistemas Operacionais\n   \n    •W indows 8 / 10 / 2010 \n    \n    •Linux * \n       (Mar cas dos r espec tivos fabricantes)n   \nn  \nn   \nn   \nn    \nn    \nn     \nn  \nn   \nn   \nn   \nn   \nn       \n    5000       5,00      X 280 X 647         97\n    7500       7,', 'TECNOLOGIA  ON  LINE  COM  BYPASS\nESTÁTICO  DE  MANUTENÇÃO\nCARACTERÍSTICAS  PRINCIPAIS\nTecnologia Avançada \nDSP  (Digital Signal Processor)\nMedições em True RMS com Precisão de \nMultímetros\nBypass Estático de Manutenção\nSoftware de Gerenciamento Remoto Real-Time \nSistema Paralelo Multi Ativo (Exclusivo CM)Permite funções avançadas e exclusivas em \ntempo real.\nPermite que sejam rastreados para análise.\nSão ideais para a medição de cargas não lineares.\nAdicionam proteção e elevam a confiabilidade da \ncarga sensível.\nVia TCP/IP,  com proteção de senhas para acesso \nremoto, shutdown.\nPodem ser paraleladas quantas unidades forem \nnecessárias, possibilitando expansão do sistema, \nde acordo com a demanda de consumo.Memória Interna para Registro de EventosDisplay TFT 4,3"" Touch Screen\n(Item de Série)\nPossibilidade de Upgrade do Firmware do \nDSP \nAcionamentos Monitorados pelo  DSP\nControle Inteligente da Velocidade dos \nCoolersModerna tela com comandos por toque, que \npermite acesso ao No-Break pela internet.\nGarante a utilização e preservação do \ninvestimento.\nAs manobras são registradas e gravadas no \nlog de eventos.\nProlongam a vida útil dos equipamentos \ne reduzem os intervalos de manutenção. Saída Rede Elétric a\nde En trada\nCorrente Alt ernada de Entrada\nCorrente ContínuaCorrente Alternada de Saída\nCorrente Alternada B ypass Estático  Corr ente Alternada B ypass Estático \nde Manutenção Bypass Estático de Manutenção\nPermite a transf erência e o r etorno da car ga do No -Break \npara um cir cuito alter nativ o de f ornecimento de ener gia, \npara atividades de manutenção . Em quaisquer situações , \no fornecimento de ener gia é contínuo , sem \ninter rupções .\nRetificador\nConverte a ener gia da \nrede elétr ica da \nconcessionár ia ou do \ngrupo gerador em \ncorrente contínua, \ncorrigindo ou \neliminando distúr bios   \nda entrada do sistema.Inversor\nConverte a cor rente contínua do \nretificador ou das bater ias em cor rente \nalter nada de saída, com f orma de onda \nBanco de Baterias\nArmaz ena ener gia reser va para alimentar o No -Break \ndurante um per íodo pr edeter minado , denominado Bypass Estático\nSistema de pr oteção \nque, em caso de \nproblemas , transf ere \nautomaticamente a \ncarga para um \ncircuito alter nativ o, \nsem inter rupção no \nfornecimento de \nener gia. Rede Pr esente\nFalha de R ede\nBypass Estátic o\nBypass Estátic o de\n Manutenç ãoNo-Break C onception M ulti A tivo\nTrifásico\nINTERFACES DE \nGERENCIAMENTO   \nREMOTO\nSão compostas por div ersas \nferramentas . O A daptador SNMP \nNetM ate per mite ger enciar \nremotament e o No -Break via a I nternet \natravés de um w eb br owser , monit orar \no status e en viar aler tas por e -mail . \nO sof tware IP P ower é uma f erramenta \nde ger enciament o  Windows \nApplication e a v ersão Client é \nespecífica para  aut omatizar o \nshut down de ser vidor es, podendo \ndesligar aut omática e simultaneament e \nvários ser vidor es e estações . \nO Adaptador Ar mModbus per mite \nintegrar o No -Break, via uma por ta \nRS485, a Sist emas de A utomação \nPredial .DISPLAY TFT 4,3 ‘’ \nTOUCH SCREEN\nCOMANDO POR TOQUE']","The 'Status of internal keys' is important for the operation of the panel as it indicates the status of the internal components and sub-systems of the power management system. It helps in monitoring the operational health and safety of the system, ensuring uninterrupted power supply and identifying any potential issues that may require maintenance or intervention.","O 'Status chaves internas' é importante para o funcionamento do painel, pois indica o status de operação e alarme do painel.",0.9999999999,1.0,0.0,0.0,0.8714581968132045,0.2,0.29,0.665953940082231,0.2377049180327869,0.0512820512820512,0.0,0.0,0,0,1,1,1
115,Quais sã as vantagens dos eqipamentos da CM Comandos em precisã e confiabilidade?,"['Inovação, qualidade, tecnologia\ne confiabilidade. Marcas das\nsoluções CM Comandos Lineares\nCom mais de 40 anos de atuação, a CM Comandos é hoje uma das \nmaiores fabricantes de No-Breaks da América Latina. Além disso, é líder\nabsoluta em soluções para o mercado corporativo. Certiﬁ  cada pela norma ISO-900:2015, a CM Comandos \nressalta o seu compromisso com a excelência dos seus produtos e a total satisfação dos seus clientes.A EMPRESA\nOs  No-Breaks  da  CM  Comandos  são  indicados  para aplicações de  \nmissão crítica, nas mais variadas corporações, oferecendo proteção \ncontra distúrbios de energia elétrica, tais como: cortes, micro-cortes, ruídos, distorção harmônica, picos, \ntransientes, sub e sobretensão e variação de frequência.APLICAÇÕES\nOs equipamentos da CM Comandos operam com maior precisão, agre-\ngam maior número de funções e são mais seguros. Características\nque geram alta conﬁ  abilidade e produtividade nas mais variadas aplicações, minimizam falhas e,\nconsequentemente, custos de manutenção. Em resumo, ser um cliente CM Comandos signiﬁ  ca ter o \nretorno do capital investido e garantias que só uma empresa com amplo suporte técnico pode oferecer.BENEFÍCIOS\nAo escolher a marca CM Comandos Lineares você conta com o melhor supor-\nte técnico de pré e pós-venda da empresa que se consolidou ao longo  des-\ntes 40 anos como líder de mercado. Instrumentação de ponta, proﬁ  ssionais\naltamente qualiﬁ  cados, disponibilidade de atendimento 24 horas, sete dias da semana, call \ncenter e processos certiﬁ  cados que asseguram a excelência dos nossos serviços de suporte.SUPORTE\nTÉCNICO', 'A E M P R E S ACom mais de 35 anos de atuação, a CM Comandos é hoje \numa das maiores fabricantes de No-Breaks da América \nLatina. \nAlém disso, é líder absoluta em soluções para o mercado corporativo. Certificada pela \nnorma ISO-9001:2015, a CM Comandos ressalta o seu compromisso com a excelência \ndos seus produtos e a total satisfação dos seus clientes.Inovação, qualidade, tecnologia\ne confiabilidade. Marcas das\nsoluções CM Comandos Lineares\nA P L I C A Ç Õ E SOs No Breaks  da CM Comandos Lineares são indicados para aplicações \nde missão crítica, nas mais variadas corporações, oferecendo proteção \ncontra distúrbios de energia elétrica, tais como: cortes, micro cortes, ruídos, distorção harmônica, \npicos, transientes, sub e sobre tensão e variações de frequência.\nS U P O R T E\nT É C N I C OAo  escolher  a marca  CM Comandos  Lineares  você  conta com o melhor \nsuporte  técnico  de pré e pós-venda da empresa que se consolidou ao longo \ndestes 36  anos como  líder  de  mercado.\nInstrumentação de ponta, profissionais altamente qualificados, com cobertura nacional e \ndisponibilidade de atendimento 24 horas, sete dias por semana, call center e processos certificados \nque asseguram a excelência dos  nossos serviços  de  suporte.B E N E F Í C I O SOs equipamentos da CM Comandos operam com maior precisão, \nagregam maior número de funções e são os mais seguros. \nCaracterísticas que geram alta confiabilidade e produtividade nas mais variadas aplicações, \nminimizam falhas e, consequentemente,  custos de manutenção. Em resumo,  ser um cliente da \nCM Comandos significa ter o retorno do capital investido e garantias que  só uma empresa com \namplo suporte técnico pode oferecer.\nCM COMANDOS LINEARES\nOSD L NI A NM EA OR CEM SCISO\n9001\n2015']","The equipment from CM Comandos offers increased precision and reliability, which results in higher productivity and fewer failures, thereby minimizing maintenance costs. By choosing the CM Comandos brand, you can expect the best pre and post-sales support from a company with over 40 years of experience as a market leader, offering top-notch instrumentation, highly qualified professionals, 24/7 support, and certified processes for excellent service.","As vantagens dos equipamentos da CM Comandos incluem maior precisão, um maior número de funções, alta confiabilidade e produtividade, minimizando falhas e custos de manutenção.",0.99999999995,1.0,0.9999999900000002,0.9,0.8454203041941831,1.0,0.46,0.7701696304216614,0.2079646017699115,0.0416666666666666,0.0,0.0,1,0,1,0,0
116,Quais os benefícios do atendimento 24 horas da CM Comandos Lineares?,"['Inovação, qualidade, tecnologia\ne confiabilidade. Marcas das\nsoluções CM Comandos Lineares\nCom mais de 40 anos de atuação, a CM Comandos é hoje uma das \nmaiores fabricantes de No-Breaks da América Latina. Além disso, é líder\nabsoluta em soluções para o mercado corporativo. Certiﬁ  cada pela norma ISO-900:2015, a CM Comandos \nressalta o seu compromisso com a excelência dos seus produtos e a total satisfação dos seus clientes.A EMPRESA\nOs  No-Breaks  da  CM  Comandos  são  indicados  para aplicações de  \nmissão crítica, nas mais variadas corporações, oferecendo proteção \ncontra distúrbios de energia elétrica, tais como: cortes, micro-cortes, ruídos, distorção harmônica, picos, \ntransientes, sub e sobretensão e variação de frequência.APLICAÇÕES\nOs equipamentos da CM Comandos operam com maior precisão, agre-\ngam maior número de funções e são mais seguros. Características\nque geram alta conﬁ  abilidade e produtividade nas mais variadas aplicações, minimizam falhas e,\nconsequentemente, custos de manutenção. Em resumo, ser um cliente CM Comandos signiﬁ  ca ter o \nretorno do capital investido e garantias que só uma empresa com amplo suporte técnico pode oferecer.BENEFÍCIOS\nAo escolher a marca CM Comandos Lineares você conta com o melhor supor-\nte técnico de pré e pós-venda da empresa que se consolidou ao longo  des-\ntes 40 anos como líder de mercado. Instrumentação de ponta, proﬁ  ssionais\naltamente qualiﬁ  cados, disponibilidade de atendimento 24 horas, sete dias da semana, call \ncenter e processos certiﬁ  cados que asseguram a excelência dos nossos serviços de suporte.SUPORTE\nTÉCNICO', 'A E M P R E S ACom mais de 35 anos de atuação, a CM Comandos é hoje \numa das maiores fabricantes de No-Breaks da América \nLatina. \nAlém disso, é líder absoluta em soluções para o mercado corporativo. Certificada pela \nnorma ISO-9001:2015, a CM Comandos ressalta o seu compromisso com a excelência \ndos seus produtos e a total satisfação dos seus clientes.Inovação, qualidade, tecnologia\ne confiabilidade. Marcas das\nsoluções CM Comandos Lineares\nA P L I C A Ç Õ E SOs No Breaks  da CM Comandos Lineares são indicados para aplicações \nde missão crítica, nas mais variadas corporações, oferecendo proteção \ncontra distúrbios de energia elétrica, tais como: cortes, micro cortes, ruídos, distorção harmônica, \npicos, transientes, sub e sobre tensão e variações de frequência.\nS U P O R T E\nT É C N I C OAo  escolher  a marca  CM Comandos  Lineares  você  conta com o melhor \nsuporte  técnico  de pré e pós-venda da empresa que se consolidou ao longo \ndestes 36  anos como  líder  de  mercado.\nInstrumentação de ponta, profissionais altamente qualificados, com cobertura nacional e \ndisponibilidade de atendimento 24 horas, sete dias por semana, call center e processos certificados \nque asseguram a excelência dos  nossos serviços  de  suporte.B E N E F Í C I O SOs equipamentos da CM Comandos operam com maior precisão, \nagregam maior número de funções e são os mais seguros. \nCaracterísticas que geram alta confiabilidade e produtividade nas mais variadas aplicações, \nminimizam falhas e, consequentemente,  custos de manutenção. Em resumo,  ser um cliente da \nCM Comandos significa ter o retorno do capital investido e garantias que  só uma empresa com \namplo suporte técnico pode oferecer.\nCM COMANDOS LINEARES\nOSD L NI A NM EA OR CEM SCISO\n9001\n2015']","The benefits of CM Comandos Lineares' 24-hour support include access to highly qualified professionals, nationwide coverage, and the ability to receive assistance anytime, seven days a week. This level of support contributes to higher precision, increased functionality, and enhanced safety in various applications, ultimately minimizing failures and reducing maintenance costs. By choosing CM Comandos Lineares, customers can expect a reliable and productive experience, as well as a solid return on their investment.","Os benefícios do atendimento 24 horas da CM Comandos Lineares incluem suporte técnico de alta qualidade, disponibilidade contínua e processos certificados que asseguram a excelência dos serviços.",0.99999999995,1.0,0.3999999992,0.9,0.9340181905961774,0.5,0.31,0.8175970717831808,0.2355212355212355,0.0952380952380952,0.0,0.0,1,0,1,0,1
117,"Qual é a importância do fator de potência de 0,7 na configuração do sistema elétrico mencionado?","['ESPECIFICAÇÕES TÉCNICAS \nEntrada\nn Tensão: \n    •  3kVA \n100/110/115/120/127 VAC 120V (standard) ou  \n200/208/220/230/240 VAC 220V (standard) \n    •  6kVA / 10kVA\n 200/208/220/230/240 VAC 220V (standard)\nn Variação Admissível:\n   •   3kVA \n55-150 VAC ou 110-300 VAC @ 50% de Carga\n80-150 VAC ou 160-300 VAC @ 100% de Carga\n   •   6kVA / 10kVA \n110-300 VAC @ 50% de Carga\n176-300 VAC @ 100% de Carga \nn Freqüência: 50/60 Hz                           \nn Variação de Freqüência Admissível:   \n    •    3kVA  \n40-70Hz\n    •    6kVA / 10 kVA \n46-54Hz @50Hz e 56-64Hz @60Hz\nn  Configuração:\nMonofásica \nn Fator de Potência:\n≥ 0.99 Tensão nominal (100% de Carga)\nn Distorção Harmônica THDi:\n    •    3kVA\n ≤ 5% @ Tensão de Entrada nominal\n    •    6kVA / 10kVA\n<4% @100% de Carga, <6% @50% de Carga\nSaída\nnTensão: \n    •   3kVA \n100/110/115/120/127 VAC 115V (standard) ou \n200/208/220/230/240 VAC 220V (standard) \n    •   6kVA / 10kVA \n200/208/220/230/240 VAC 220V (standard) \nn Fator de Potência:  1,0\nn Regulação Estática:   ± 1% nominal modo \nbateria\nn Freqüência:   50 / 60 Hz \nn Variação de Freqüência: \n± 0,1Hz em modo bateria\nn Sincronismo com a Rede:   Sim\nn Configuração:   \n Monofásica f+n+t \nn Forma de Onda:   Onda senoidal pura\nn Distorção Harmônica THD:  \n •   3kVA \n    ≤ 2% carga linear \n    ≤ 4% carga não-linear \n •   6kVA / 10kVA \n    ≤ 1% carga linear \n    ≤ 4% carga não-linearBaterias\nn  Composição:  \n    •    72  VDC - 3,0 kVA \n    •     240 VDC - 6,0 kVA \n    •     240 VDC - 10,0 kVA \nn  Sistema de Recarga: \ncontrolado, automático\nn Tempo de Recarga:  \n8 a 10 horas para 90% da carga\nn Tipo: \nseladas, isentas de manutenção\nn  Paralelismo Redundante (N+1) \n»  Disponível nas potências de 6 e 10kVA\nn By-pass estático (inteligente):  \nO termo inteligente aplica-se, visto que a linha \nComposition XV  possui desligamento da saída da \nchave estática em condições que, a tensão da rede \napresenta variações fora da faixa de trabalho, prote -\ngendo a carga contra sub ou sobre tensão mesmo \nna condição de by-pass estático.', 'ESPECIFICAÇÕES TÉCNICAS \nEntrada\nn Tensão: \n• 380/400/415V\n• 200/208/220V\nn Variação Admissível:\n± 25% da tensão nominal\nn Freqüência: 50/60 Hz                           \nn Variação de Freqüência Admissível:  ± 8%\nnCon/f_i  guração: 3F + N + T\nn Fator de Potência: 0,99\nSaída\nn Tensão: \n• 380/400/415V\n• 200/208/220V\nn Potências Disponíveis:\n• 380/400/415V - 25 e 50 kW Modular\n• 200/208/220V- 30 kW Modular\nnRegulação Estática:  ± 1% nominal \nnFreqüência:  50 / 60 Hz \nnVariação de Freqüência:  0,10%\nnCon/f_i  guração:  3F + N + T \nn  Forma de Onda:  senoidal\nn  Distorção Harmônica THD:  ≤ 1% carga linear \nn Fator de Crista:   3:1 \nn  Capacidade de Sobrecarga: \n• 110% por 1 hora; 125% por 10 minutos; \n• 150% por 1min; 150% por 200 ms.']","The power factor indicates how effectively electrical power is being used. A power factor closer to 1 is considered more efficient. A power factor of 0.7 is not ideal, as it suggests that the system is not operating at its maximum efficiency. This could lead to increased energy consumption and higher electricity costs. Therefore, it's important to aim for a power factor closer to 1 to ensure efficient operation of the system. However, the provided context does not mention a power factor of 0.7, so it's unclear whether this is a target value or a current operating condition.","O fator de potência de 0,7 é importante na configuração do sistema elétrico mencionado, pois indica a eficiência com que a energia elétrica é utilizada, afetando a capacidade de carga e a qualidade da energia fornecida.",0.0,0.0,0.0,0.0,0.0,0.2,0.57,0.5899684794848725,0.2310344827586207,0.0845070422535211,0.0,0.0,0,0,1,0,0
118,Quais são os benefícios de ter profissionais qualificados na CM Comandos Linear?,"['Inovação, qualidade, tecnologia\ne confiabilidade. Marcas das\nsoluções CM Comandos Lineares\nCom mais de 40 anos de atuação, a CM Comandos é hoje uma das \nmaiores fabricantes de No-Breaks da América Latina. Além disso, é líder\nabsoluta em soluções para o mercado corporativo. Certiﬁ  cada pela norma ISO-900:2015, a CM Comandos \nressalta o seu compromisso com a excelência dos seus produtos e a total satisfação dos seus clientes.A EMPRESA\nOs  No-Breaks  da  CM  Comandos  são  indicados  para aplicações de  \nmissão crítica, nas mais variadas corporações, oferecendo proteção \ncontra distúrbios de energia elétrica, tais como: cortes, micro-cortes, ruídos, distorção harmônica, picos, \ntransientes, sub e sobretensão e variação de frequência.APLICAÇÕES\nOs equipamentos da CM Comandos operam com maior precisão, agre-\ngam maior número de funções e são mais seguros. Características\nque geram alta conﬁ  abilidade e produtividade nas mais variadas aplicações, minimizam falhas e,\nconsequentemente, custos de manutenção. Em resumo, ser um cliente CM Comandos signiﬁ  ca ter o \nretorno do capital investido e garantias que só uma empresa com amplo suporte técnico pode oferecer.BENEFÍCIOS\nAo escolher a marca CM Comandos Lineares você conta com o melhor supor-\nte técnico de pré e pós-venda da empresa que se consolidou ao longo  des-\ntes 40 anos como líder de mercado. Instrumentação de ponta, proﬁ  ssionais\naltamente qualiﬁ  cados, disponibilidade de atendimento 24 horas, sete dias da semana, call \ncenter e processos certiﬁ  cados que asseguram a excelência dos nossos serviços de suporte.SUPORTE\nTÉCNICO', 'OSD  L NI A NM EA OR C EM SCISO\n90012015\nInovação , qualidade , tecnolo gia\ne confiabilidade . Marcas das\nsoluções CM C omandos Linear es\nCom mais de 40 anos de atuação , a CM Comandos é hoje uma das \nmaior es fabricant es de No-Breaks da Amér ica Latina. Além disso , é líder\nabsoluta em soluções para o mercado corporativ o. Certificada pela norma ISO-900:2015, a CM Comandos \nressalta o seu compr omisso com a excelência dos seus produt os e a total satisfação dos seus client es.A EMPRESA\nOs    No-Breaks   da   CM     Comandos  são  indicados   para    aplicações \nde  missã o crítica, nas mais variadas corporações , oferecendo proteção \ncontra distúr bios de ener gia elétr ica, tais como: cortes, micr o-cortes, ruídos , distorção harmônica, picos , \ntransient es, sub e sobr etensão e var iação de fr equência.APLICAÇÕES\nOs equipament os da CM Comandos operam com maior precisão , agre-\ngam maior númer o de funções e são mais segur os. Carac terísticas\nque geram alta confiabilidade e produtividade nas mais variadas aplicações , minimizam falhas e,\nconsequent ement e, cust os de manut enção . Em resumo , ser um client e CM Comandos significa ter o \nretorno do capital investido e garantias que só uma empr esa com amplo supor te técnico pode oferecer .BENEFÍCIOS\nAo escolher a marca CM Comandos Linear es você conta com o melhor supor -\nte técnico de pré e pós- venda da empr esa que se consolidou ao longo  des-\ntes 40 anos como líder de mercado . Instrumentação de ponta, profissionais\naltament e qualificados , disponibilidade de atendiment o 24 horas , sete dias da semana, call \ncent er e processos certificados que asseguram a excelência dos nossos serviços de supor te.SUPORTE\nTÉCNIC O']","Having highly qualified professionals at CM Comandos Lineares means access to excellent technical support, both pre and post-sales. This results in more accurate equipment operation, a greater number of functions, and increased safety. Additionally, it leads to higher reliability and productivity in various applications, minimizing failures and reducing maintenance costs. Ultimately, being a CM Comandos customer signifies receiving a return on investment and guarantees only a company with extensive technical support can offer.","Os benefícios de ter profissionais qualificados na CM Comandos Linear incluem suporte técnico de alta qualidade, disponibilidade 24 horas por dia, processos certificados e a garantia de excelência nos serviços de suporte.",0.99999999995,1.0,0.1999999996,0.2,0.9561309710598556,1.0,0.18,0.7861288279485574,0.2368421052631578,0.0727272727272727,0.0,0.0,1,1,1,0,1
119,Quais são as implicações de as especificações estarem sujeitas a alterações em projetos customizados dentro do Sistema de Sustentabilidade Auditada?,"['Av. Eng . Alber to de Zagottis , 760 - 04675-085 -  São P aulo - SP\nTel.: (11) 5696-5000\nwww.cmcomandos .com.brOSD  N LI A NM EO AC R EM SCISO\n90012015\nSistema de \nSustentabilidade A uditado\nMEDIDAS DE PRO TEÇÃO VITAIS P ARA INST ALAÇÕES ELÉTRIC AS HOSPIT ALARES \nO Transf ormador de Separação possui alta isolação galvânica e gera um \ncircuito elétr ico isolado com sist ema de at errament o IT. \nEste cir cuito ex clusiv o  é monit orado pelo DSI.  Na ocor rência de qualquer \nfalha de isolação das car gas sensív eis alimentadas , o DSI imediatament e \naciona um alar me  para  a equipe de manut enção .       Sist ema IT \nSistema IT c om IHM e L ocalizador de F alhas Exemplos de Diagr amas de Aplicações  \n Imagens Ilus trativas\n Imagens Ilus trativas\nCM MK T  JAN 24 - *As especificações  técnicas estão sujeitas a alterações sem aviso pr évio e conf orme necessidades de pr ojetos customizados .                 Nós incentivamos a r eciclagem.', 'Vantagens do C ontrat o de M anut enção \nAtravés do contrat o de manut enção , técnicos e gest ores de manut enção podem r eduzir a deg radação dos seus equipament os, prolongando \no tempo de vida útil e evitando int ervenções cor retivas , que geram cust os elevados e t êm impac tos negativ os.\nn   Supor te técnico por t elefone, durant e 24hs/dia\nn   Minimizar os r iscos e pr ejuíz os de t er um equipament o parado\nn   Prioridade no at endiment o no caso de uma parada \nn Redução da necessidade de manut enção cor retivas em at é 80% e \nconsequent e  redução de cust os\nn  Serviços de cor retivas , quando  inclusos no contrat o \nn Redução de cust o: equipament os com manut enção pr eventiva \nadequada sofr em menos desgast es e, por tanto \ntem sua vida útil ampliada. \nAv. Eng . Alber to de Zagottis , 760 - 04675-085 -  São P aulo - SP\nTel.: (11) 5696-5033 \nwww.cmcomandos .com.br\nSistema de \nSustentabilidade A uditadoIdentifique Nossa E quipe \nUniforme P adrão \nCamisa azul   Calça azul   Crachá  \nPedro\nSuporte Técnico0000000000001Nome:\nRG:\nSetor:João P edro \nMatrícula:\n1111 25.613.810-2\nAssistência Técnica\n1.Uso... \nJOÃO PEDRO \nSuporte Técnico Supor te Técnico\nCall C enter int egrado ao sist ema de gestão ERP\nTécnicos Treinados e Qualificados\nEquipados com I nstrumentação de P onta\nAnalisador de Har mônicos\nAtendiment o 24 horas - 7 dias da semana via C ontrat os\nde M anut enção P reditiva, P reventiva e C orretiva\n  Supor te Pleno de P ré e P ós-V enda\nAmpla cober tura em t odo o paísn   \nn  \nn  \nn  \nn  \nn\nn  \nCM MK T SET 2021  -   As especificações estão sujeitas a alterações sem pr évio aviso . Nós incentivamos a r eciclagem\nAtendiment o em t odo\n o Território Nacional\ncom filiais e r epresentant es nas pr incipais \ncidades e capitais , otimizando o t empo , \ncusto e buscando a ex celência\n na pr estação de ser viços\nEscaneie e saiba mais sobr e o\n contrat o de manut enção \nOSD  N LI A NM EO AC R EMSCISO\n90012015 OSD  N LI A NM EO AC R EMSC']","When specifications are subject to changes without prior notice, it implies a need for flexibility and adaptability in customized projects within the Audited Sustainability System. This situation may require continuous communication between the parties involved to ensure any alterations are understood and implemented correctly. Additionally, it could necessitate robust project management to mitigate potential impacts of these changes on project timelines, costs, and outcomes.","As implicações de as especificações estarem sujeitas a alterações em projetos customizados dentro do Sistema de Sustentabilidade Auditada incluem a necessidade de adaptação contínua e a possibilidade de ajustes nos processos, o que pode impactar a execução e a eficácia dos projetos.",0.9999999999,1.0,0.0,0.0,0.0,0.8,1.0,0.7482302627437853,0.2916666666666666,0.0176991150442477,0.0,0.0,0,0,1,1,1
120,Quais são as principais características dos no-breaks modernos utilizados em ambientes corporativos?,"['Alta Tecnologia em\nProcessamento Digital de Sinais - DSP\nHoje esta tecnologia está presente nos mais soﬁ  sticados sistemas eletrônicos devido a sua alta velocidade e conﬁ  abil-\ndade. Processadores Digitais de Sinais são capazes de processar dez milhões de amostragens por segundo. Isso signiﬁ  -\nca processamento em tempo real - o sinal é processado no mesmo instante em que é recebido, sem retardos ou atrasos.Vivemos  em um mundo cada vez mais ágil e prático. Um mundo conectado por processadores, chips, softwares e periféricos.  Mas \nainda não é o bastante, por isso, o mundo caminha para tecnologias de processamento imediato de dados. A CM Comandos está \num passo à frente e oferece aos seus clientes produtos dotados de uma tecnologia revolucionária, denominada Processamento \nDigital de Sinais - DSP .\nToda linha de No-Breaks Composition conta com a tecno-\nlogia DSP . Característica que proporciona alta performa-\nce e conﬁ  abilidade, tornando-os ideais para aplicações de \nmissão crítica. Ou seja, protegem as aplicações nas quais a  \ncontinuidade da operação é de fundamental importância. \nProjetados com o uso intenso dos recursos da tecnologia\nDSP , os No-Breaks Composition agregam novos e avançados \nrecursos que estabelecem um novo conceito em desenvolvi-\nmento, no qual o ﬁ  rmware dos equipamentos pode ser atuali-\nzado acrescentando novas funções em  unidades já instaladas.\nAo pensar em adquirir No-Breaks, conte com as soluções da \nCM Comandos, que asseguram tecnologia de ponta, máxima \nproteção, precisão digital e processamento em tempo real.OS MAIS MODERNOS NO-BREAKS CORPORATIVOS', 'S I S T E M A PA R A L E L O M U LT I AT I V O ( E X C L U S I V O C M C O M A N D O S )\nA CM Comandos Lineares desenvolveu um sistema inovador e pioneiro no mundo de paralelismo entre No Breaks. O sistema Paralelo \nMulti Ativo permite a expansão do sistema, de acordo com sua demanda de consumo, podendo paralelar quantas unidades forem \nnecessárias para atender sua demanda, elevando a capacidade do sistema e a confiabilidade de sua aplicação.\nP O S S I B I L I D A D E D E S O M A T Ó R I A D E  P O T Ê N C I A S\nPermite a ligação para somatória de potência, utilizando dois ou mais No \nBreaks para atingir a demanda da carga total.\nQuando utilizado para somatória de potência, possibilita a ligação de \nNo Breaks com potências diferentes. Quando a ligação for feita com No \nBreaks de potências diferentes, a carga será distribuída \nproporcionalmente. Permite a ligação em paralelo redundante N + 1,  N + 2, N + 3 … N+X,  \npossibilitando o desligamento de uma ou mais unidades mantendo a \ncarga ativa.L I G A Ç Ã O E M P A R A L E L O R E D U N D A N T E\nA comunicação entre os No Breaks consiste no barramento de \ncomunicação comum, por onde transitam informações contendo \nnível de carga, sincronismo e a condição do by pass.C O M U N I C A Ç Ã O E N T R E O S N O B R E A K STodos os No Breaks são autônomos, operam de forma \nindependente no sistema e possuem controle individual.N Ã O E X I S T E N O B R E A K M E S T R E O U E S C R A V OPodem ser paraleladas quantas unidades forem necessárias, \npossibilitando expansão do sistema, de acordo com a demanda de \nconsumo.Q U A N T I D A D E I L I M I T A D A P A R A P A R A L E L I S M O\nM A N U T E N Ç Ã O D O N O B R E A K\nPermite a inserção ou retirada de um No Break no sistema, sem a \nnecessidade de parada.Rede Elétrica\nde Entrada\nSaídaNo Break 1\n Potência de \n30 kVANo Break 2\nPotência de \n10 kVANo Break 3\nPotência de \n20 kVA\nCarga fornecida pelo sistema = 150 kVANo Break 4\nPotência de \n30 kVANo Break 5\nPotência de \n20 kVANo Break 6\nPotência de \n40 kVA\nINTERFACES DE \nGERENCIAMENTO   \nREMOTO\nSão compostas por diversas ferramentas. O \nAdaptador SNMP NetMate permite\ngerenciar remotamente o No Break via a \nInternet através de um web browser,\nmonitorar o status e enviar alertas por e-mail. \nO software IP Power é uma ferramenta de \ngerenciamento  Windows Application e a \nversão Client é específica para  automatizar o \nshutdown de servidores, podendo desligar \nautomática e simultaneamente vários\ns e r v i d o r e s  e  e s t a ç õ e s .\nO Adaptador ArmModbus permite integrar \no  N o  B r e a k ,  v i a  u m a  p o r t a\nRS485, a Sistemas de Automação Predial.']","The modern corporate no-break systems have several advanced features, including:

1. High performance and reliability, ensuring they are ideal for mission-critical applications where continuous operation is essential.
2. Utilization of Digital Signal Processing (DSP) technology, which allows for real-time processing of up to ten million samples per second, enabling immediate processing of signals without delays or lags.
3. The ability to expand the system according to demand, with multiple units that can be connected in parallel for increased capacity and redundancy.
4. Support for parallel redundant connections, allowing for the connection of No Breaks with different power ratings, with load distribution occurring proportionally.
5. Autonomous operation of each No Break unit, with individual control and communication via a common bus for load level, synchronism, and bypass status information.
6. The option to add or remove No Break units without requiring system shutdown, allowing for seamless expansion and maintenance.
7. Integration with remote management interfaces, such as SNMP NetMate for web-based remote management, IP Power for Windows-based server shutdown automation, and ArmModbus for integration with Building Automation Systems via RS485.","Os no-breaks modernos utilizados em ambientes corporativos possuem características como alta capacidade de carga, tempo de autonomia prolongado, monitoramento remoto, proteção contra surtos de energia e eficiência energética.",0.49999999995,0.2,0.0,0.75,0.8892427068667595,1.0,0.08,0.6703723646133289,0.14026792750197,0.0184331797235023,0.0,0.0,0,0,1,1,1
121,Quais são as principais maneiras pelas quais a Redução de Custo de Propriedade é alcançada no gerenciamento de baterias?,"['Equaliz erActive Batt ery Mangement\nBENEFÍCIOS\nEstende a vida útil das baterias\nO sistema de Equalização Ativa mantém as baterias em condições \nideais, maximizando a sua vida útil. Reduz a necessidade de troca das \nbaterias e reduz o custo.\nRedução de Custo de Propriedade\nProlonga a vida útil das baterias, reduz o período de trocas e \nautomatiza a manutenção, reduzindo enormes custos com \nintervenções manuais.\nEcológico e Sustentável\nNa era da sustentabilidade, reduzir o consumo de baterias significa \nusar menos recursos e gerar menos descartes no meio ambiente.Análise da Vida Útil da Bateria\nAnalisa a curva de carga e descarga de um banco de baterias e \nacompanhe a evolução da vida útil, algo que é impraticável fazer \nmanualmente.Minimiza o Downtime por falha da bateria\nO prejuízo decorrente de uma queda do sistema por falha de bateria \ngera um valor incalculável para a sua operação.CARACTERÍSTICAS  \nPRINCIPAIS\nEqualização Ativa Individual do Banco de Baterias\nEleva a vida útil e a confiabilidade das baterias. \nPermite que as baterias atinjam a máxima vida útil de operação.\nAutomatização da Manutenção das Baterias\nO sistema mantém as baterias em condições ideais automaticamente. \nA análise e o diagnóstico são realizados à distância, individualmente e \nsem precisar desligar o sistema.\nMonitoramento em Tempo Real das Baterias\nMonitora a condição das baterias em tempo real à distância,  de \nforma eficiente e reduzindo o elevado custo com intervenções \nmanuais.Medição da Impedância da Bateria\nA Impedância interna é o parâmetro real da condição da bateria. \nAlém disso, mede a tensão e temperatura individual de cada bateria e \ngrava na memória.Previne contra quedas do sistema por defeito nas baterias\nO sistema monitora constantemente as baterias individualmente e \nenvia alarmes antes de ocorrer um problema.\nCONFIGURAÇÃO DO BANCO DE BATERIAS\nAPLICAÇÕES\nn   \nn   \n Banc os de Ba terias:\n• Sist emas No -Breaks\n• Retificador es de Telecomunicações\n• Ener gia Solar e Eólica\n• Compatív el com t odas as mar cas \nde equipament os, independent e \ndo fabr icant e.\nTipos :\n• Seladas Reguladas por Válvula VRLA\n• Estacionár ias\n• 12VDC e 2VDC', 'Banco de Baterias  \n \n \n \nCuidados com as Baterias  \n \nAs baterias são componentes eletroquímicos e a sua utilização \ndeve ser realizada exclusivamente por técnicos treinados e habilitados.  \nA armazenagem e utilização deve respeitar as condições de \ntemperatur a ambiente, nunca superior a 30° C, sob pena de reduzir as \nsuas características eletroquímicas e consequentemente, a sua vida \nútil. \nAlém disso, possuem em seu interior, componentes químicos \nque podem contaminar o meio ambiente e causar danos à saúde \nhumana.  \nPor este motivo, jamais devem ser abertas e suas partes \ninternas desmontadas.   \nAo término da sua vida útil, após a sua reposição, deve ser realizado o \ndescarte apropriado, enviado o produt o à reciclagem adequada.  \nInforme -se sobre postos de coleta e descarte de baterias na sua \nregião ou se preferir, entre em contato com a nossa Assistência \nTécnica.']","The reduction in total cost of ownership in battery management is achieved through several key factors. Firstly, the Active Battery Management system extends the lifespan of batteries by maintaining them in optimal conditions, which in turn reduces the frequency of battery replacements and lowers costs. Additionally, it automates maintenance, reducing the need for manual interventions and their associated costs. The system also analyzes battery lifespan, making it possible to track the evolution of battery health over time, which would be impractical to do manually. Furthermore, it minimizes downtime due to battery failure by constantly monitoring batteries and sending alerts before any issues occur. This proactive approach helps prevent costly system failures.","A Redução de Custo de Propriedade no gerenciamento de baterias é alcançada prolongando a vida útil das baterias, reduzindo o período de trocas e automatizando a manutenção, o que diminui custos com intervenções manuais.",0.9999999999,1.0,0.0,0.6,0.852500459048152,0.9333333333333332,0.62,0.7189822987363951,0.1945525291828793,0.0,0.0,0.0,1,1,1,1,1
122,Quais as implicações de especificações estarem sujeitas a mudanças sem aviso no contexto do CM. MKT OUT 23?,"['Inovação, qualidade, tecnologia\ne confiabilidade. Marcas das\nsoluções CM Comandos Lineares\nCom mais de 40 anos de atuação, a CM Comandos é hoje uma das \nmaiores fabricantes de No-Breaks da América Latina. Além disso, é líder\nabsoluta em soluções para o mercado corporativo. Certiﬁ  cada pela norma ISO-900:2015, a CM Comandos \nressalta o seu compromisso com a excelência dos seus produtos e a total satisfação dos seus clientes.A EMPRESA\nOs  No-Breaks  da  CM  Comandos  são  indicados  para aplicações de  \nmissão crítica, nas mais variadas corporações, oferecendo proteção \ncontra distúrbios de energia elétrica, tais como: cortes, micro-cortes, ruídos, distorção harmônica, picos, \ntransientes, sub e sobretensão e variação de frequência.APLICAÇÕES\nOs equipamentos da CM Comandos operam com maior precisão, agre-\ngam maior número de funções e são mais seguros. Características\nque geram alta conﬁ  abilidade e produtividade nas mais variadas aplicações, minimizam falhas e,\nconsequentemente, custos de manutenção. Em resumo, ser um cliente CM Comandos signiﬁ  ca ter o \nretorno do capital investido e garantias que só uma empresa com amplo suporte técnico pode oferecer.BENEFÍCIOS\nAo escolher a marca CM Comandos Lineares você conta com o melhor supor-\nte técnico de pré e pós-venda da empresa que se consolidou ao longo  des-\ntes 40 anos como líder de mercado. Instrumentação de ponta, proﬁ  ssionais\naltamente qualiﬁ  cados, disponibilidade de atendimento 24 horas, sete dias da semana, call \ncenter e processos certiﬁ  cados que asseguram a excelência dos nossos serviços de suporte.SUPORTE\nTÉCNICO', '• Grau de Proteção: IP-20\nCaracterísticas Físicas e Mecânicas \nn Dimensões Compactas\nn Display LCD - cristal líquido retro-iluminado\nn Estrutura do Gabinete:\n  • Rack: metálico\n  • Acabamento: pintura epóxi-pó na cor graﬁ  te\ncom tratamento térmico e anti-corrosivo\n  • Ventilação: forçada, com controle digital de\nvelocidade pelo DSP  \n  • Porta de Comunicação:\n    » Serial RS232C IsoladaInterfaces de Gerenciamento\nn Mono e multi-usuário, client-server e\nmultiservidores \nn Ferramentas de Shutdown e Gerenciamento\nn  Protocolos:\n    • Serial Rs232\n    • Serial Rs485*\n    • Modbus*\n    • SNMP / Telnet / http / TCP/IP*\nn Softwares de Gerenciamento*\n    • Adaptador SNMP* V1, V2, V3.\nn Ambientes e Sistemas Operacionais\n   • Windows 10  \n   • Linux\n(Marcas dos respectivos fabricantes)\nCM MKT  JAN 24 - *As especiﬁ  cações  técnicas estão sujeitas a alterações sem aviso prévio e conforme necessidades de projetos customizados.                 Nós incentivamos a reciclagem.\nCM MKT  JAN 24 - *As especiﬁ  cações  técnicas estão sujeitas a alterações sem aviso prévio e conforme necessidades de projetos customizados.                 Nós incentivamos a reciclagem.\nAv. Eng. Alberto de Zagottis , 760 - 04675-085 - São Paulo - SP\nTel.:(11) 5696-5000\nwww.cmcomandos.com.brSistema de \nSustentabilidade AuditadaModelo Peso\n (sem baterias)\nkg Dimensões Físicas \nlarg x alt x prof \nmm Potência \nkVA\n 25000      25,0         436 x 85 x 677           18Módulo No-Break 25 kW - 380/400/415V\nModelo Peso\n (sem baterias)\nkg Dimensões Físicas \nlarg x alt x prof \nmm Potência \nkVA\n 150000   150,0       482 x 931 x 916        150Gabinete para Módulo 25kW - 380/400/415V\nModelo Peso\n (sem baterias)\nkg Dimensões Físicas \nlarg x alt x prof \nmm Potência \nkVA\n 50000      50,0        510 x 178 x 700         45Módulo No-Break 50 kW - 380/400/415V\nModelo Peso\n (sem baterias)\nkg Dimensões Físicas \nlarg x alt x prof \nmm Potência \nkVA\n 100000   100,0      600 x 1150 x 980      120Gabinete para Módulo 50kW - 380/400/415V\n 200000   200,0      650 x 1600 x 960      170\n 300000   300,0      650 x 2000 x 970      220\n 500000   500,0    1300 x 2000 x 1100    450Modelo Peso\n (sem baterias)\nkg Dimensões Físicas \nlarg x alt x prof \nmm Potência \nkVA\n 30000      30,0        510 x 178 x 700         45Módulo No-Break 30 kW - 200/208/220V\nModelo Peso\n (sem baterias)\nkg Dimensões Físicas \nlarg x alt x prof \nmm Potência \nkVA\n  60000    100,0      600 x 1150 x 980      120Gabinete para Módulo 30 kW - 200/208/220V\n 120000   120,0      650 x 1600 x 960      170\n 180000   180,0      650 x 2000 x 970      220\n 300000   300,0    1300 x 2000 x 1100    450DIMENSÕES FÍSICAS']","If specifications are subject to change without notice in the context of CM. MKT OUT 23, it implies that the features and characteristics of the products and services offered by CM Comandos Lineares may undergo modifications. This situation can have several consequences for customers, such as:

1. Incompatibility: Changes in specifications might render previously compatible systems or components incompatible with the updated products.
2. Additional costs: Customers may need to invest in new equipment, software, or services to adapt to the changes in specifications.
3. Training: Users might have to learn how to operate and manage the updated products or services, which could require additional time and resources.
4. Planning and scheduling: Changes in specifications could affect project timelines and require adjustments in planning and scheduling.
5. Performance: The updated products or services might perform differently than the previous versions, which could impact user experience and satisfaction.

It is essential for customers to stay informed about any changes in specifications and carefully evaluate how these alterations could affect their operations and investments. Additionally, CM Comandos Lineares should provide clear and timely communication regarding any modifications to ensure that customers can make informed decisions and take appropriate actions.","As implicações de especificações estarem sujeitas a mudanças sem aviso no contexto do CM. MKT OUT 23 incluem a necessidade de adaptação rápida por parte dos envolvidos, o que pode impactar o planejamento e a execução de estratégias.",0.49999999995,1.0,0.0,0.0,0.8466067733805992,0.0714285714285714,0.33,0.7190914701546378,0.1295224312590448,0.0330578512396694,0.0,0.0,0,0,1,1,1
123,Quais são as principais funções do Bypass Estático em um sistema de proteção de energia?,"['TECNOLOGIA ON LINE COM BYPASS ESTÁTICO DE MANUTENÇÃO\nINTERFACE DE GERENCIAMENTO REMOTO\nAs Interfaces de Gerenciamento Remoto são compostas por diversas ferramentas, sendo elas: \n•  O Adaptador SNMP que permite gerenciar remotamente o No-Break via Internet através de um web browser,  monitorar o status \ne enviar alertas por e-mail. \n• O software, uma ferramenta de gerenciamento Windows Application e a versão Client é especíﬁ  ca para automatizar o shutdown \nde servidores, podendo desligar automática e simultaneamente vários servidores e estações. \n• O Adaptador Modbus permite integrar o No-Break, via uma porta RS485, a Sistemas de Automação Predial.\nBypass Estático\nSistema de proteção que, em caso de \nproblemas, transfere automaticamente \na carga para um circuito alternativo, sem \ninterrupção no fornecimento de energia.Bypass Estático de Manutenção\nPermite a transferência e o retorno da carga do No-Break para um circuito \nalternativo de fornecimento de energia, para atividades de manutenção. \nEm quaisquer situações, o fornecimento de energia é contínuo, sem \ninterrupções.\nBanco de Baterias\nArmazena energia reserva para alimentar o No-Break \ndurante um período predeterminado, denominado como \ntempo de autonomia do No-Break.Retificador\nConverte a energia da\nrede elétrica da concessionária\n ou do grupo gerador em\ncorrente contínua, corrigindo \nou eliminando distúrbios\nda entrada do sistema.\nCorrente alternada de entradaCorrente contínua Corrente alternada de saída\nCorrente alternada Bypass estáticoCorrente alternada Bypass estático\nde manutenção\nInversor\nConverte a corrente contínua do \nretiﬁ  cador ou das baterias em corrente \nalternada de saída, com forma de onda \nsenoidal pura, livre de distúrbios.\nRetificador\nConverte a energia da\nrede elétrica da concessionária\n ou do grupo gerador em\nInversor\nConverte a corrente contínua do \nretiﬁ  cador ou das baterias em corrente \nalternada de saída, com forma de onda', 'DominionSP1\nCARACTERÍSTIC AS  PRINCIP AIS\nTecnologia A vançada DSP  (Digital Signal P rocessor)\nMemória Int erna par a Registr o de E ventos\nMedições em True RMS c om P recisão de Multímetr os\nCorreção do F ator de P otência de E ntr ada0.99*\nAcionament os Monit orados pelo P rocessador DSPPermite funções a vançadas e ex clusivas em t empo r eal.\nPermite que sejam rastr eados para análise .\nSão ideais para a medição de car gas não linear es.\nAtua como filtr o para as car gas não -linear es.\nAs manobras são r egistradas e g ravadas no log de ev entos.TECNOL OGIA  ON-LINE  C OM  BYP ASS  ESTÁTIC O  DE  MANUTENÇÃO\nCorr ente Alternada de Entrada\nCorr ente ContínuaCorr ente Alternada de Saída\nCorr ente Alternada B ypass Estático  Corr ente Alternada B ypass Manual de Manutenção  Saída Rede Elétric a\nde Entr adaRede P resente\nFalha de Rede\nBypass Estátic o\nBypass Manual de\n ManutençãoBypass Manual de Manutenção\nNeste modo de operação , a car ga é alimentada dir etamente pelo cir cuito \nalter nativ o de B ypass que possibilita o desligamento completo do \nequipamento , podendo assim, r ealizar uma manutenção com substituições de \npeças e placas sem a necessidade de desligamento . Com o auxílio da chav e \nestática, após a manutenção , é possív el transf erir novamente o No -Break para \no modo nor mal mantendo a car ga sempr e alimentada.\nRetificador\nConverte a ener gia da r ede elétr ica \nda concessionár ia ou do g rupo \ngerador em cor rente contínua, \ncorrigindo ou eliminando \ndistúr bios da entrada do sistema.\nBanco de Baterias\nArmaz ena ener gia reser va para alimentar o No -Break durante \num per íodo pr é-deter minado , denominado como tempo de \nautonomia do No -Break.Inversor\nConverte a cor rente contínua do r etificador ou das \nbater ias em cor rente alter nada de saída, com f orma de \nonda senoidal pura, livr e de distúr bios .Transf ormador Isolador\nIsola a tensão de saída, garantindo assim uma \nmelhor qualidade de ener gia, filtrando possív eis \nruídos ex ternos mesmo operando em modo B ypass . Bypass Estático\nSistema de pr oteção que , \nem caso de falha, transf ere \nautomaticamente a car ga \npara a linha de B ypass \nsem inter rupções na saída \ne opera em sincr onismo \nde fase . \nPossibilidade de Upgr ade do F irmwar e do DSP\nAjust es da Tensão por Sof twar e\nBypass Estátic o e Bypass M anual de M anut enção\nGerenciament o Remot o Real-Time Via Int ernet*\nCompatív el com Todos os Grupos G erador esGarant e a atualização e pr eser vação do in vestiment o.\nAsseguram elevada pr ecisão e confiabilidade .\nAdicionam pr oteção e elevam a confiabilidade da car ga sensív el.\nVia TCP/IP e fir ewalls com pr oteção de senhas para acesso r emot o.\nPrecisão e t otal pr oteção para operação com g rupos gerador es.']","The primary functions of a Static Bypass in an power protection system, as gathered from the context, include automatically transferring the load to an alternative power source in case of issues, ensuring uninterrupted power supply. It also allows for the transfer and return of the load from the UPS (Uninterruptible Power Supply) to an alternative power supply source for maintenance activities, maintaining continuous power flow in any situation. Additionally, it operates in synchronism of phase when transferring the load to the bypass line in case of a failure.","As principais funções do Bypass Estático em um sistema de proteção de energia são transferir automaticamente a carga para um circuito alternativo em caso de problemas, sem interrupção no fornecimento de energia.",0.99999999995,1.0,0.3333333322222222,0.6,0.9873356321865556,1.0,0.57,0.7486766525396645,0.2345679012345679,0.0479999999999999,0.0,0.0,0,0,1,1,1
124,Qual é a função do dispositivo localizador de falha de isolação em um sistema de aterramento IT médico?,"['Medidas de P roteção \nVitais para I nstalações \nElétr icas Hospitalar es\nFUNCIONAMENTO Sistema de Aterrament o IT Médico \nO Sistema IT Médico é um sistema de super visão de falhas de isolação nas instalações elétr icas aplicado em \nconfiguração de aterrament o tipo IT, conf orme previsão da norma NBR 13534:2008 da Anvisa. \nEsta norma visa garantir a manut enção dos equipament os de sustentação à vida, mesmo em caso de \nprimeira falha de isolação elétr ica nos Estabeleciment os Assistenciais a Saúde (EAS). \nA utilização desta proteção é compulsór ia nos ambient es hospitalar es do Grupo 2, nos quais se enquadram \nas Salas Cirúr gicas, UTIs , UTIs Neonatais e Salas de Hemodinâmica. \nA utilização do Sistema IT Médico aumenta a segurança \npara o pacient e e para o corpo clínico ,  pois a interrupção \nno forneciment o de ener gia elétr ica em caso de uma falta é evitada, pois mesmo em um caso de curto- \ncircuito fase t erra, por ex emplo , um equipament o eletr omédico pode ser usado para auxiliar ou substituir , \ntemporar iament e ou permanent ement e  funções vitais de um pacient e. \nAlém disso , ocor re uma redução nas correntes de fuga circulando pelo condut or de proteção , o que diminui \na tensão de contat o e consequent ement e a intensidade de um choque elétr ico acidental .\nO Sistema possui Dispositiv o Super visor de Isolament o (DSI), Dispositiv o Super visor de Temperatura (DST ) e \nDispositiv o Super visor de Corrente (DSC ) que mede a resist ência entre os condut ores de alimentação e o \ncondut or de proteção , sinalizando sonora e visualment e quando essa resist ência decr esce para 50 KΩ. \nCOMPOSIÇ ÃO BÁSIC A  Quadr o de Ener gia Elétrica  - Sistema IT Médico \nO sistema é compost o por: \n• Transf ormador de Separação \n• Dispositiv o Super visor de Isolament o (DSI) \n  Super visor de Temperatura (DST )\n  Super visor de Corrente (DSC ) \n• Dispositiv o Anunciador \n• Montagem em Rack\nOpcionais: \n• Gerador de Sinal BT-4000\n• Localizador Individual de Falha BT-0074/ BT 0078\n• Interface Homem-M áquina (IHM)', 'DISPOSITIV O ANUNCIADOR\nO\nenfermarias de plantão ou salas de médicos ,  e per mitem a imediata sinalização visual e audív el da ocor rência de alar mes . \nPodem ser instalados at é 4  Dispositiv os Anunciador es em vár ios locais ao mesmo t empo e não necessitam de alimentação auxiliar . s alar mes det ectados pelo Dispositiv o DSI / DST / DSC são en viados ao Dispositiv o Anunciador , instalados em locais estrat égicos tais como  \nCARACTERÍSTIC AS  \nPara sinalização dos alar mes a distância, de acor do com a Nor ma NBR 13534:\n• Led v erde: equipament o ligado ·  \n• Led v ermelho: sobr ecar ga\n• Led amar elo: sinalização de falha\n• Botão silenciar : para desligar o alar me acústico sobr e o quadr o de sinalização à\n   distância, ativado quando f or ultrapassado o nív el de int ervenção\n• Botão de t este: para v erificar per iodicament e a eficiência do  dispositiv o como  \n   recomendado pela Nor ma\n• Tipo de Alar me: Sonor o\nO dispositiv o Gerador de Sinais BT4000 é um dispositiv o de localização de falha  \nde isolação individual , per mitindo identificar em qual leit o ocor reu a falha, por \nexemplo .  \nO Gerador de Sinal injeta um sinal inf erior a 1mA, suficient e para que seja \ndetectada a falha de isolação e atua em conjunt o com os Dispositiv o \nLocalizador de F alha I ndividual e o Dispositiv o DSI / DST / DSC , conf orme as \nespecificações  exig idas pela nor ma IEC 61557.DISPOSITIV O GER ADOR DE SINAL 1mA - B T4000  \nESPECIFIC AÇÃO MECÂNIC A  \n·\npadrão DIN. Ideal para painel modular 18mm. O cupa o espaço de um disjunt or tr ipolar \nDISPOSITIV O LOCALIZADOR DE F ALHA - B T0074 e B T0078\nINTERF ACE HOMEM-MÁQUINA (IHM)\nO displa y / painel de contr ole IHM possibilita a visualização dos parâmetr os pr é-\nestabelecidos de isolament o, temperatura e cor rente em t empo r eal e é ideal para \nmonit orar instalações de múltiplos Sist emas IT .\nPRINCIP AIS C ARACTERÍSTIC AS Inter face Homem Máquina (IHM)• \n•  Medidor es textos móv eis\n•  Manuseio de Alar meTela g ráfica t ouch scr een 7,0”  • Proteção por P assw ord  \n• Ether net e P orta USB\nDispositivo AnunciadorDispositivo  Gerador de Sinal 1mA - BT4000\nO dispositiv o localizador de falhas BT0074 com 4 circuitos \nlocalizador es) e (BT0078 com 8 localizador es) tem por finalidade a \nlocalização de falha de isolação em um sistema de aterrament o IT \nMédico , de acor do com as carac terísticas exig idas pela norma \nIEC61557. O dispositivo é dotado de toróides que foram \nespecialmente projetados para a detecção de baixíssimas \ncorrentes na ordem de 0,5 mA e placa eletr ônica que sinaliza e \nemit e um sinal digital que pode ser conec tado , por exemplo , a um \nCLP.\nDispositivo L ocalizador de falha BT 0074\nDispositivo L ocalizador de falha BT 0078']","The function of the insulation failure locator device in a medical IT grounding system is to locate insulation failures. It is equipped with toroids specifically designed for detecting extremely low currents around 0.5 mA and a circuit board that signals and emits a digital signal that can be connected to a CLP, for example. This device is necessary to ensure the safe and reliable operation of medical equipment in IT grounding systems.","A função do dispositivo localizador de falha de isolação em um sistema de aterramento IT médico é localizar falhas de isolação, permitindo identificar em qual circuito ocorreu a falha, conforme as características exigidas pela norma IEC 61557.",0.99999999995,1.0,0.0,0.8,0.9801723268514088,0.8,0.29,0.6936540498853656,0.2665148063781321,0.0526315789473684,0.0,0.0,0,0,1,1,1
125,Qual eh o signficado da letra 'A' no contexto de Local Ethernet AI?,"['DISPOSITIV O ANUNCIADOR\nO\nenfermarias de plantão ou salas de médicos ,  e per mitem a imediata sinalização visual e audív el da ocor rência de alar mes . \nPodem ser instalados at é 4  Dispositiv os Anunciador es em vár ios locais ao mesmo t empo e não necessitam de alimentação auxiliar . s alar mes det ectados pelo Dispositiv o DSI / DST / DSC são en viados ao Dispositiv o Anunciador , instalados em locais estrat égicos tais como  \nCARACTERÍSTIC AS  \nPara sinalização dos alar mes a distância, de acor do com a Nor ma NBR 13534:\n• Led v erde: equipament o ligado ·  \n• Led v ermelho: sobr ecar ga\n• Led amar elo: sinalização de falha\n• Botão silenciar : para desligar o alar me acústico sobr e o quadr o de sinalização à\n   distância, ativado quando f or ultrapassado o nív el de int ervenção\n• Botão de t este: para v erificar per iodicament e a eficiência do  dispositiv o como  \n   recomendado pela Nor ma\n• Tipo de Alar me: Sonor o\nO dispositiv o Gerador de Sinais BT4000 é um dispositiv o de localização de falha  \nde isolação individual , per mitindo identificar em qual leit o ocor reu a falha, por \nexemplo .  \nO Gerador de Sinal injeta um sinal inf erior a 1mA, suficient e para que seja \ndetectada a falha de isolação e atua em conjunt o com os Dispositiv o \nLocalizador de F alha I ndividual e o Dispositiv o DSI / DST / DSC , conf orme as \nespecificações  exig idas pela nor ma IEC 61557.DISPOSITIV O GER ADOR DE SINAL 1mA - B T4000  \nESPECIFIC AÇÃO MECÂNIC A  \n·\npadrão DIN. Ideal para painel modular 18mm. O cupa o espaço de um disjunt or tr ipolar \nDISPOSITIV O LOCALIZADOR DE F ALHA - B T0074 e B T0078\nINTERF ACE HOMEM-MÁQUINA (IHM)\nO displa y / painel de contr ole IHM possibilita a visualização dos parâmetr os pr é-\nestabelecidos de isolament o, temperatura e cor rente em t empo r eal e é ideal para \nmonit orar instalações de múltiplos Sist emas IT .\nPRINCIP AIS C ARACTERÍSTIC AS Inter face Homem Máquina (IHM)• \n•  Medidor es textos móv eis\n•  Manuseio de Alar meTela g ráfica t ouch scr een 7,0”  • Proteção por P assw ord  \n• Ether net e P orta USB\nDispositivo AnunciadorDispositivo  Gerador de Sinal 1mA - BT4000\nO dispositiv o localizador de falhas BT0074 com 4 circuitos \nlocalizador es) e (BT0078 com 8 localizador es) tem por finalidade a \nlocalização de falha de isolação em um sistema de aterrament o IT \nMédico , de acor do com as carac terísticas exig idas pela norma \nIEC61557. O dispositivo é dotado de toróides que foram \nespecialmente projetados para a detecção de baixíssimas \ncorrentes na ordem de 0,5 mA e placa eletr ônica que sinaliza e \nemit e um sinal digital que pode ser conec tado , por exemplo , a um \nCLP.\nDispositivo L ocalizador de falha BT 0074\nDispositivo L ocalizador de falha BT 0078', 'APLICAÇÕES\nREGISTRO  PERMANENTE\nDE  EVENTOS  INTERNOSATUALIZAÇÃO DE FIRMWARE\nEste recurso permite que a Rede de Assistência Técnica realiz e \na atualização da versão do firmware que roda no chip DSP. \nCom isto, pode implementar melhor ias, agregar novos \nrecursos, customizar as características e preservar o \ninvestiment o mant endo -o atualizado . O DSP armaz ena os últimos 25.500 registros em sua memór ia \ninterna. Mesmo com o Estabilizador de T ensão desligado , os \ndados continuam gravados .\nFunciona como uma ""caixa-pr eta"", sendo possív el rastr ear os \nvalor es das medições e status de alarmes , auxiliando a equipe \nde supor te nas manut enções preventivas e corretivas . Os \neventos são registrados com rubr ica de data e hora, através do \nRTC Real Time Clock - Relóg io em Tempo Real interno.\nPorta Serial\n• RS232:Inter face Remota:\n• Upg rade fir mware\n• Acesso a ev entos\n• Configuração e SetupnAutomação Bancár ia\nn Automação C omer cial\nnAutomação I ndustr ial\nnAutomação de P rocessos Gráficos\nnSistemas M édicos de Diag nóstico e I magem\nnTelecomunicações\nnTecnolog ia da I nformação\nnTomóg rafos e Ressonâncias M agnéticas\nnTornos e F resas de C omando Numér ico - CNC\nnEquipament os de Eletr oerosão\nn Puncionadeiras e C orte a Laser CNC\nn Conversor es de F requência\nn Impr essoras a Laser \nn Fotocopiadoras\nn Transmissor es\nn PDVs\nn Mainframes\nn Microfilmagem\nDISPLAY - LCD - CRISTAL LÍQUIDO \nRETROILUMINADO']","Based on the context, the letter 'A' in the term ""Local Ethernet AI"" could potentially stand for ""Automation,"" ""Audio,"" or ""Asynchronous,"" as these are relevant terms in the context of technology and networking. However, without further specific context linking the letter 'A' to a defined meaning, it is not possible to provide a definitive interpretation. It is recommended to refer to the official documentation or the source using this term for accurate understanding.","No contexto de Local Ethernet AI, a letra 'A' significa 'Artificial'.",0.0,0.0,0.0,0.0,0.0,0.5,0.0,0.7289125011887967,0.1271186440677966,0.119047619047619,0.0,0.0,1,1,1,0,0
126,Qual é a importância da frequência de 50 ou 60 Hz na configuração de sistemas elétricos?,"['TECNOLOGIA  EQUALIZER\nEqualização A tiva Individual das Ba terias\n O módulo de bater ia ativ o regula individualmente a \ntensão de cada bater ia e as mantém homogêneas , \nelevando a sua durabilidade , capacidade e r esistência \ncontra cor rosão e sulfatação .\nEvita e pr otege c ontr a Ex cesso de C arga\nAtrav és da Equalização Ativa as bater ias são pr oteg idas \nindividualmente contra o ex cesso de car ga, pr evenindo -\nas contra exalação de gases , secagem do eletr ólito \ninter no e do aquecimento inter no em ex cesso .\nEvita e pr otege c ontr a Falta de C arga\nA Equalização Ativa individual das bater ias impede que \nas mesmas r ecebam menor tensão que dev eriam, \nevitando -se a sulfatação e a per da de capacidade .\nIndicador de P roblemas da Ba teria\nAtrav és da medição da Tensão , Impedância e \nTemperatura, o sistema monitora os pr oblemas típicos \ndas bater ias, tais como sulfatação , cor rosão , per da de \ngases , secagem do eletr ólito e aquecimento inter no.Elimina a Sulfa tação das Ba terias\nO pr oblema decor re dos car regador es e r etificador es de \nbater ias, que r egulam a tensão de flutuação ou \nequalização na tensão final das bater ias e não garantem \nque em algumas  bater ias elas r ecebam maior tensão e , \nem outras , menor tensão . Atrav és da Equalização Ativa, \nmantêm-se todas as bater ias com tensão equilibrada.\nProteção c ontr a contaminação de ba terias\nAtrav és da Equalização Ativa individual de cada bater ia, \nevitam-se danos de uma bater ia a outras bater ias \npróximas , o ef eito de contaminação , ou seja, uma bater ia \nruim danifica as boas .\nOtimização da capacidade das ba terias\nGraças à Equalização Ativa, o Equaliz er garante a plena \nrecar ga e a máxima otimização da bater ia.\nAler ta par a substituir ba terias\nAtrav és da análise da cur va de impedância, pode -se \nidentificar a tendência, já na fase inicial de instalação , se \nalguma bater ia está deter iorada ou simplesmente mais \nfraca do que as outras . Quanto antes ef etuar este \ndiag nóstico , melhor será para o r estante da vida útil das \ndemais bater ias.Alarmes de ba teria\nAtrav és do monitoramento dos parâmetr os-chav e das \nbater ias e medições de limites pr eestabelecidos , o \nsistema en via avisos de alar mes automaticamente aos \nadministrador es do sistema.\nManutenção à distância \nO Equaliz er melhora a qualidade do ser viço, fornecendo \nmonitoramento r emoto atrav és da I nternet, VPN ou \noutra r ede, para faz er download de dados em tempo \nreal e acesso ao histór ico da bater ia para análise . \nManutenção sem desligar o sistema\nOs testes de bater ia individuais são possív eis \nremotamente , sem o esf orço para desligar as bater ias. \nAs manutenções e as análises  de bater ia podem ser \nrealizadas em condições r eais de operação , sem a \nnecessidade de paradas no sistema.\nOtimiza a manutenção em campo\nA equipe de manutenção se desloca somente quando \nhá inter venções cor retivas e dir etas na bater ia que \napresentar def eito na ocor rência de alar mes ou na \nanálise de diag nóstico e , é clar o, reduz enor mes custos \noperacionais .\nOSD  N LI A NM EO AC R EM SCISO\n90012015\nAv. Eng .', 'ESPECIFICAÇÕES TÉCNICAS \nEntrada\nn Tensão: \n    •  3kVA \n100/110/115/120/127 VAC 120V (standard) ou  \n200/208/220/230/240 VAC 220V (standard) \n    •  6kVA / 10kVA\n 200/208/220/230/240 VAC 220V (standard)\nn Variação Admissível:\n   •   3kVA \n55-150 VAC ou 110-300 VAC @ 50% de Carga\n80-150 VAC ou 160-300 VAC @ 100% de Carga\n   •   6kVA / 10kVA \n110-300 VAC @ 50% de Carga\n176-300 VAC @ 100% de Carga \nn Freqüência: 50/60 Hz                           \nn Variação de Freqüência Admissível:   \n    •    3kVA  \n40-70Hz\n    •    6kVA / 10 kVA \n46-54Hz @50Hz e 56-64Hz @60Hz\nn  Configuração:\nMonofásica \nn Fator de Potência:\n≥ 0.99 Tensão nominal (100% de Carga)\nn Distorção Harmônica THDi:\n    •    3kVA\n ≤ 5% @ Tensão de Entrada nominal\n    •    6kVA / 10kVA\n<4% @100% de Carga, <6% @50% de Carga\nSaída\nnTensão: \n    •   3kVA \n100/110/115/120/127 VAC 115V (standard) ou \n200/208/220/230/240 VAC 220V (standard) \n    •   6kVA / 10kVA \n200/208/220/230/240 VAC 220V (standard) \nn Fator de Potência:  1,0\nn Regulação Estática:   ± 1% nominal modo \nbateria\nn Freqüência:   50 / 60 Hz \nn Variação de Freqüência: \n± 0,1Hz em modo bateria\nn Sincronismo com a Rede:   Sim\nn Configuração:   \n Monofásica f+n+t \nn Forma de Onda:   Onda senoidal pura\nn Distorção Harmônica THD:  \n •   3kVA \n    ≤ 2% carga linear \n    ≤ 4% carga não-linear \n •   6kVA / 10kVA \n    ≤ 1% carga linear \n    ≤ 4% carga não-linearBaterias\nn  Composição:  \n    •    72  VDC - 3,0 kVA \n    •     240 VDC - 6,0 kVA \n    •     240 VDC - 10,0 kVA \nn  Sistema de Recarga: \ncontrolado, automático\nn Tempo de Recarga:  \n8 a 10 horas para 90% da carga\nn Tipo: \nseladas, isentas de manutenção\nn  Paralelismo Redundante (N+1) \n»  Disponível nas potências de 6 e 10kVA\nn By-pass estático (inteligente):  \nO termo inteligente aplica-se, visto que a linha \nComposition XV  possui desligamento da saída da \nchave estática em condições que, a tensão da rede \napresenta variações fora da faixa de trabalho, prote -\ngendo a carga contra sub ou sobre tensão mesmo \nna condição de by-pass estático.']","The frequency of 50 or 60 Hz is crucial in the configuration of electrical systems as it directly impacts the system's performance and compatibility with various devices and equipment. A frequency of 50 Hz is commonly used in Europe, Africa, most of Asia, and Australia, while 60 Hz is common in North America. This difference in frequency can affect the operation of certain devices, such as motors, when used in different regions. Additionally, maintaining a stable frequency is essential for the proper functioning of electrical systems, ensuring efficient energy transfer and minimizing the risk of damage to connected equipment.","A frequência de 50 ou 60 Hz é importante na configuração de sistemas elétricos para garantir a compatibilidade e o funcionamento adequado dos equipamentos, além de manter a estabilidade e a eficiência do sistema elétrico.",0.0,0.0,0.0,0.0,0.9479031332203856,0.0,0.6,0.7217304709007553,0.2338072669826224,0.0714285714285714,0.0,0.0,0,1,1,1,1
127,Qual é a importância do termo 'BEN' no contexto apresentado?,"['TECNOLOGIA  EQUALIZER\nEqualização A tiva Individual das Ba terias\n O módulo de bater ia ativ o regula individualmente a \ntensão de cada bater ia e as mantém homogêneas , \nelevando a sua durabilidade , capacidade e r esistência \ncontra cor rosão e sulfatação .\nEvita e pr otege c ontr a Ex cesso de C arga\nAtrav és da Equalização Ativa as bater ias são pr oteg idas \nindividualmente contra o ex cesso de car ga, pr evenindo -\nas contra exalação de gases , secagem do eletr ólito \ninter no e do aquecimento inter no em ex cesso .\nEvita e pr otege c ontr a Falta de C arga\nA Equalização Ativa individual das bater ias impede que \nas mesmas r ecebam menor tensão que dev eriam, \nevitando -se a sulfatação e a per da de capacidade .\nIndicador de P roblemas da Ba teria\nAtrav és da medição da Tensão , Impedância e \nTemperatura, o sistema monitora os pr oblemas típicos \ndas bater ias, tais como sulfatação , cor rosão , per da de \ngases , secagem do eletr ólito e aquecimento inter no.Elimina a Sulfa tação das Ba terias\nO pr oblema decor re dos car regador es e r etificador es de \nbater ias, que r egulam a tensão de flutuação ou \nequalização na tensão final das bater ias e não garantem \nque em algumas  bater ias elas r ecebam maior tensão e , \nem outras , menor tensão . Atrav és da Equalização Ativa, \nmantêm-se todas as bater ias com tensão equilibrada.\nProteção c ontr a contaminação de ba terias\nAtrav és da Equalização Ativa individual de cada bater ia, \nevitam-se danos de uma bater ia a outras bater ias \npróximas , o ef eito de contaminação , ou seja, uma bater ia \nruim danifica as boas .\nOtimização da capacidade das ba terias\nGraças à Equalização Ativa, o Equaliz er garante a plena \nrecar ga e a máxima otimização da bater ia.\nAler ta par a substituir ba terias\nAtrav és da análise da cur va de impedância, pode -se \nidentificar a tendência, já na fase inicial de instalação , se \nalguma bater ia está deter iorada ou simplesmente mais \nfraca do que as outras . Quanto antes ef etuar este \ndiag nóstico , melhor será para o r estante da vida útil das \ndemais bater ias.Alarmes de ba teria\nAtrav és do monitoramento dos parâmetr os-chav e das \nbater ias e medições de limites pr eestabelecidos , o \nsistema en via avisos de alar mes automaticamente aos \nadministrador es do sistema.\nManutenção à distância \nO Equaliz er melhora a qualidade do ser viço, fornecendo \nmonitoramento r emoto atrav és da I nternet, VPN ou \noutra r ede, para faz er download de dados em tempo \nreal e acesso ao histór ico da bater ia para análise . \nManutenção sem desligar o sistema\nOs testes de bater ia individuais são possív eis \nremotamente , sem o esf orço para desligar as bater ias. \nAs manutenções e as análises  de bater ia podem ser \nrealizadas em condições r eais de operação , sem a \nnecessidade de paradas no sistema.\nOtimiza a manutenção em campo\nA equipe de manutenção se desloca somente quando \nhá inter venções cor retivas e dir etas na bater ia que \napresentar def eito na ocor rência de alar mes ou na \nanálise de diag nóstico e , é clar o, reduz enor mes custos \noperacionais .\nOSD  N LI A NM EO AC R EM SCISO\n90012015\nAv. Eng .', 'Módulo de Ba teria Equaliz er\nProcessador:   DSP\nInter faces:  2 Portas RJ11\nSensor Temper atura:  Interno\nGabinete:   ABS\nDimensões:   12 x 65 x 113 mm - 50 g\no\n  Ambiente:   abrigado , IP-20, 0 a 60 C, umidade\n  relativa máx 90% não condensante .\nModelo Equaliz er M12 - MB02 \nTensão nominal:   12 VDC - 02VDC \nCapacidade:  7 a 600 Ah - 7 a 5.000 Ah n   \nn    \nn    \nn    \nn   \nn \nn   \nn   \nn   \nMódulo de C orrente \n Descrição:\nAcessório (opcional) destinado à medição da \ncorrente elétrica que circula pelo banco de \nbaterias com indicação do sentido da corrente \nelétrica (C arga ou Descar ga).\nEspecificações:\nTensão de alimentação:  5V\nErro:  ≤ 1,5% @ corrente nominal\nComunicação:  RS-232 (Nív el TTL)n \nn']","Based on the context provided, the term 'BEN' does not appear in the text, so it does not have any specific importance within the given information.","O termo 'BEN' é mencionado em um contexto técnico, mas a importância específica não é clara a partir do texto fornecido.",0.9999999999,0.0,0.0,0.0,0.9313806237776086,1.0,0.5,0.7235087337933932,0.25,0.0816326530612244,0.0,0.0,0,0,0,0,1
128,Qual é a função do disjuntor no processo de manutenção do No-Break descrito no manual?,"['TECNOLOGIA ON LINE COM BYPASS ESTÁTICO DE MANUTENÇÃO\nINTERFACE DE GERENCIAMENTO REMOTO\nAs Interfaces de Gerenciamento Remoto são compostas por diversas ferramentas, sendo elas: \n•  O Adaptador SNMP que permite gerenciar remotamente o No-Break via Internet através de um web browser,  monitorar o status \ne enviar alertas por e-mail. \n• O software, uma ferramenta de gerenciamento Windows Application e a versão Client é especíﬁ  ca para automatizar o shutdown \nde servidores, podendo desligar automática e simultaneamente vários servidores e estações. \n• O Adaptador Modbus permite integrar o No-Break, via uma porta RS485, a Sistemas de Automação Predial.\nBypass Estático\nSistema de proteção que, em caso de \nproblemas, transfere automaticamente \na carga para um circuito alternativo, sem \ninterrupção no fornecimento de energia.Bypass Estático de Manutenção\nPermite a transferência e o retorno da carga do No-Break para um circuito \nalternativo de fornecimento de energia, para atividades de manutenção. \nEm quaisquer situações, o fornecimento de energia é contínuo, sem \ninterrupções.\nBanco de Baterias\nArmazena energia reserva para alimentar o No-Break \ndurante um período predeterminado, denominado como \ntempo de autonomia do No-Break.Retificador\nConverte a energia da\nrede elétrica da concessionária\n ou do grupo gerador em\ncorrente contínua, corrigindo \nou eliminando distúrbios\nda entrada do sistema.\nCorrente alternada de entradaCorrente contínua Corrente alternada de saída\nCorrente alternada Bypass estáticoCorrente alternada Bypass estático\nde manutenção\nInversor\nConverte a corrente contínua do \nretiﬁ  cador ou das baterias em corrente \nalternada de saída, com forma de onda \nsenoidal pura, livre de distúrbios.\nRetificador\nConverte a energia da\nrede elétrica da concessionária\n ou do grupo gerador em\nInversor\nConverte a corrente contínua do \nretiﬁ  cador ou das baterias em corrente \nalternada de saída, com forma de onda', 'S I S T E M A PA R A L E L O M U LT I AT I V O ( E X C L U S I V O C M C O M A N D O S )\nA CM Comandos Lineares desenvolveu um sistema inovador e pioneiro no mundo de paralelismo entre No Breaks. O sistema Paralelo \nMulti Ativo permite a expansão do sistema, de acordo com sua demanda de consumo, podendo paralelar quantas unidades forem \nnecessárias para atender sua demanda, elevando a capacidade do sistema e a confiabilidade de sua aplicação.\nP O S S I B I L I D A D E D E S O M A T Ó R I A D E  P O T Ê N C I A S\nPermite a ligação para somatória de potência, utilizando dois ou mais No \nBreaks para atingir a demanda da carga total.\nQuando utilizado para somatória de potência, possibilita a ligação de \nNo Breaks com potências diferentes. Quando a ligação for feita com No \nBreaks de potências diferentes, a carga será distribuída \nproporcionalmente. Permite a ligação em paralelo redundante N + 1,  N + 2, N + 3 … N+X,  \npossibilitando o desligamento de uma ou mais unidades mantendo a \ncarga ativa.L I G A Ç Ã O E M P A R A L E L O R E D U N D A N T E\nA comunicação entre os No Breaks consiste no barramento de \ncomunicação comum, por onde transitam informações contendo \nnível de carga, sincronismo e a condição do by pass.C O M U N I C A Ç Ã O E N T R E O S N O B R E A K STodos os No Breaks são autônomos, operam de forma \nindependente no sistema e possuem controle individual.N Ã O E X I S T E N O B R E A K M E S T R E O U E S C R A V OPodem ser paraleladas quantas unidades forem necessárias, \npossibilitando expansão do sistema, de acordo com a demanda de \nconsumo.Q U A N T I D A D E I L I M I T A D A P A R A P A R A L E L I S M O\nM A N U T E N Ç Ã O D O N O B R E A K\nPermite a inserção ou retirada de um No Break no sistema, sem a \nnecessidade de parada.Rede Elétrica\nde Entrada\nSaídaNo Break 1\n Potência de \n30 kVANo Break 2\nPotência de \n10 kVANo Break 3\nPotência de \n20 kVA\nCarga fornecida pelo sistema = 150 kVANo Break 4\nPotência de \n30 kVANo Break 5\nPotência de \n20 kVANo Break 6\nPotência de \n40 kVA\nINTERFACES DE \nGERENCIAMENTO   \nREMOTO\nSão compostas por diversas ferramentas. O \nAdaptador SNMP NetMate permite\ngerenciar remotamente o No Break via a \nInternet através de um web browser,\nmonitorar o status e enviar alertas por e-mail. \nO software IP Power é uma ferramenta de \ngerenciamento  Windows Application e a \nversão Client é específica para  automatizar o \nshutdown de servidores, podendo desligar \nautomática e simultaneamente vários\ns e r v i d o r e s  e  e s t a ç õ e s .\nO Adaptador ArmModbus permite integrar \no  N o  B r e a k ,  v i a  u m a  p o r t a\nRS485, a Sistemas de Automação Predial.']","The function of the circuit breaker (disjuntor) in the maintenance process of the No-Break described in the manual is not explicitly stated. However, based on the general functioning of a No-Break, the circuit breaker is responsible for protecting the system from overcurrent and short-circuit situations, which could cause damage to the equipment or even fire. In the context of maintenance, the circuit breaker might need to be checked or reset, but the manual does not provide specific details about this.","A função do disjuntor no processo de manutenção do No-Break é permitir a manutenção sem desligar a carga, acionando manualmente o disjuntor.",0.0,0.0,0.249999999375,0.0,0.0,0.3333333333333333,0.25,0.7559911408965636,0.2086614173228346,0.074074074074074,0.0,0.0,0,0,1,1,1
129,Quais são as aplicações mais modernas do DSP no processamento digital de sinais?,"['Alta Tecnologia em\nProcessamento Digital de Sinais - DSP\nHoje esta tecnologia está presente nos mais soﬁ  sticados sistemas eletrônicos devido a sua alta velocidade e conﬁ  abil-\ndade. Processadores Digitais de Sinais são capazes de processar dez milhões de amostragens por segundo. Isso signiﬁ  -\nca processamento em tempo real - o sinal é processado no mesmo instante em que é recebido, sem retardos ou atrasos.Vivemos  em um mundo cada vez mais ágil e prático. Um mundo conectado por processadores, chips, softwares e periféricos.  Mas \nainda não é o bastante, por isso, o mundo caminha para tecnologias de processamento imediato de dados. A CM Comandos está \num passo à frente e oferece aos seus clientes produtos dotados de uma tecnologia revolucionária, denominada Processamento \nDigital de Sinais - DSP .\nToda linha de No-Breaks Composition conta com a tecno-\nlogia DSP . Característica que proporciona alta performa-\nce e conﬁ  abilidade, tornando-os ideais para aplicações de \nmissão crítica. Ou seja, protegem as aplicações nas quais a  \ncontinuidade da operação é de fundamental importância. \nProjetados com o uso intenso dos recursos da tecnologia\nDSP , os No-Breaks Composition agregam novos e avançados \nrecursos que estabelecem um novo conceito em desenvolvi-\nmento, no qual o ﬁ  rmware dos equipamentos pode ser atuali-\nzado acrescentando novas funções em  unidades já instaladas.\nAo pensar em adquirir No-Breaks, conte com as soluções da \nCM Comandos, que asseguram tecnologia de ponta, máxima \nproteção, precisão digital e processamento em tempo real.OS MAIS MODERNOS NO-BREAKS CORPORATIVOS', 'Alta Tecnolog ia em\nProcessament o Dig ital\nde Sinais - DSP\nOS MAIS MODERNOS\nNO-BREAKS CORPORATIVOSVivemos em um mundo cada v ez mais ág il e prático . Um mundo conec tado por pr ocessador es, chips , softwares e \nperiféricos. Mas isso ainda não é o bastant e. Por isso , o mundo caminha para t ecnolog ias de pr ocessament o imediat o \nde dados . A CM C omandos Linear es está um passo à fr ente e of erece aos seus client es pr odut os dotados de uma \ntecnolog ia revolucionár ia, denominada P rocessament o Dig ital de Sinais - - DSP .\nToda a linha de No -Breaks  \nconta com a t ecnolog ia DSP .  Carac terística que \npropor ciona alta per formance e confiabilidade , Conception Multi Ativ o \npara aplicações de missão cr ítica. Ou seja, pr otegem as aplicações nas quais a continuidade da operação é de \nfundamental impor tância.\nequipament os pode ser atualizado , \nacrescentando novas funções em \nunidades já instaladas . Hoje , esta t ecnolog ia está pr esent e nos mais sofisticados sist emas eletr ônicos , devido à sua alta v elocidade e \nconfiabilidade . Processador es Dig itais de Sinais são capaz es de pr ocessar dez milhões de amostragens por segundo . \nIsso sig nifica pr ocessament o em t empo r eal -- o sinal é pr ocessado no mesmo instant e em que é r ecebido , sem \nretardos ou atrasos .\nProjetados com o uso int enso dos r ecursos da t ecnolog ia DSP ,  os No -Breaks C onception Multi Ativ o  ag regam nov os  \ne avançados r ecursos , que estabelecem um nov o conceit o em desen volviment o, no qual o fir mware dos \nAdquir indo No -Breaks , cont e com as \nsoluções da CM C omandos , que \nasseguram t ecnolog ia de ponta, \nmáxima pr oteção , precisão dig ital e \nprocessament o em t empo r eal.  Modelo 300kV A']","The modern applications of DSP (Digital Signal Processing) in signal processing can be found in the latest corporate UPS (Uninterruptible Power Supply) systems. These systems, such as the ""No-Breaks Conception Multi Ativo"" offered by CM Comandos, utilize DSP technology to ensure high performance, reliability, and real-time processing. This technology is crucial for mission-critical applications where uninterrupted operation is of fundamental importance.

These advanced UPS systems are designed with an intensive use of DSP resources, offering new and advanced features that set a new standard in development. The firmware of these devices can be updated, allowing for the addition of new functions to units already installed.

In summary, the most modern applications of DSP in signal processing are in sophisticated electronic systems such as these cutting-edge UPS systems, providing real-time processing, high performance, and reliability.","As aplicações mais modernas do DSP no processamento digital de sinais incluem diversas tecnologias avançadas, embora o contexto fornecido não detalhe especificamente quais são essas aplicações.",0.0,0.0,0.3333333322222222,0.9,0.9504002051043609,0.8,0.0,0.6559939018006069,0.1520591341077085,0.0235294117647058,0.0,0.0,0,0,1,1,1
130,Quais são as vantagens do modelo cliente-server em sistemas de gerenciamento?,"['TECNOLOGIA  ON  LINE  COM  BYPASS\nESTÁTICO  DE  MANUTENÇÃO\nCARACTERÍSTICAS  PRINCIPAIS\nTecnologia Avançada \nDSP  (Digital Signal Processor)\nMedições em True RMS com Precisão de \nMultímetros\nBypass Estático de Manutenção\nSoftware de Gerenciamento Remoto Real-Time \nSistema Paralelo Multi Ativo (Exclusivo CM)Permite funções avançadas e exclusivas em \ntempo real.\nPermite que sejam rastreados para análise.\nSão ideais para a medição de cargas não lineares.\nAdicionam proteção e elevam a confiabilidade da \ncarga sensível.\nVia TCP/IP,  com proteção de senhas para acesso \nremoto, shutdown.\nPodem ser paraleladas quantas unidades forem \nnecessárias, possibilitando expansão do sistema, \nde acordo com a demanda de consumo.Memória Interna para Registro de EventosDisplay TFT 4,3"" Touch Screen\n(Item de Série)\nPossibilidade de Upgrade do Firmware do \nDSP \nAcionamentos Monitorados pelo  DSP\nControle Inteligente da Velocidade dos \nCoolersModerna tela com comandos por toque, que \npermite acesso ao No-Break pela internet.\nGarante a utilização e preservação do \ninvestimento.\nAs manobras são registradas e gravadas no \nlog de eventos.\nProlongam a vida útil dos equipamentos \ne reduzem os intervalos de manutenção. Saída Rede Elétric a\nde En trada\nCorrente Alt ernada de Entrada\nCorrente ContínuaCorrente Alternada de Saída\nCorrente Alternada B ypass Estático  Corr ente Alternada B ypass Estático \nde Manutenção Bypass Estático de Manutenção\nPermite a transf erência e o r etorno da car ga do No -Break \npara um cir cuito alter nativ o de f ornecimento de ener gia, \npara atividades de manutenção . Em quaisquer situações , \no fornecimento de ener gia é contínuo , sem \ninter rupções .\nRetificador\nConverte a ener gia da \nrede elétr ica da \nconcessionár ia ou do \ngrupo gerador em \ncorrente contínua, \ncorrigindo ou \neliminando distúr bios   \nda entrada do sistema.Inversor\nConverte a cor rente contínua do \nretificador ou das bater ias em cor rente \nalter nada de saída, com f orma de onda \nBanco de Baterias\nArmaz ena ener gia reser va para alimentar o No -Break \ndurante um per íodo pr edeter minado , denominado Bypass Estático\nSistema de pr oteção \nque, em caso de \nproblemas , transf ere \nautomaticamente a \ncarga para um \ncircuito alter nativ o, \nsem inter rupção no \nfornecimento de \nener gia. Rede Pr esente\nFalha de R ede\nBypass Estátic o\nBypass Estátic o de\n Manutenç ãoNo-Break C onception M ulti A tivo\nTrifásico\nINTERFACES DE \nGERENCIAMENTO   \nREMOTO\nSão compostas por div ersas \nferramentas . O A daptador SNMP \nNetM ate per mite ger enciar \nremotament e o No -Break via a I nternet \natravés de um w eb br owser , monit orar \no status e en viar aler tas por e -mail . \nO sof tware IP P ower é uma f erramenta \nde ger enciament o  Windows \nApplication e a v ersão Client é \nespecífica para  aut omatizar o \nshut down de ser vidor es, podendo \ndesligar aut omática e simultaneament e \nvários ser vidor es e estações . \nO Adaptador Ar mModbus per mite \nintegrar o No -Break, via uma por ta \nRS485, a Sist emas de A utomação \nPredial .DISPLAY TFT 4,3 ‘’ \nTOUCH SCREEN\nCOMANDO POR TOQUE', 'S I S T E M A PA R A L E L O M U LT I AT I V O ( E X C L U S I V O C M C O M A N D O S )\nA CM Comandos Lineares desenvolveu um sistema inovador e pioneiro no mundo de paralelismo entre No Breaks. O sistema Paralelo \nMulti Ativo permite a expansão do sistema, de acordo com sua demanda de consumo, podendo paralelar quantas unidades forem \nnecessárias para atender sua demanda, elevando a capacidade do sistema e a confiabilidade de sua aplicação.\nP O S S I B I L I D A D E D E S O M A T Ó R I A D E  P O T Ê N C I A S\nPermite a ligação para somatória de potência, utilizando dois ou mais No \nBreaks para atingir a demanda da carga total.\nQuando utilizado para somatória de potência, possibilita a ligação de \nNo Breaks com potências diferentes. Quando a ligação for feita com No \nBreaks de potências diferentes, a carga será distribuída \nproporcionalmente. Permite a ligação em paralelo redundante N + 1,  N + 2, N + 3 … N+X,  \npossibilitando o desligamento de uma ou mais unidades mantendo a \ncarga ativa.L I G A Ç Ã O E M P A R A L E L O R E D U N D A N T E\nA comunicação entre os No Breaks consiste no barramento de \ncomunicação comum, por onde transitam informações contendo \nnível de carga, sincronismo e a condição do by pass.C O M U N I C A Ç Ã O E N T R E O S N O B R E A K STodos os No Breaks são autônomos, operam de forma \nindependente no sistema e possuem controle individual.N Ã O E X I S T E N O B R E A K M E S T R E O U E S C R A V OPodem ser paraleladas quantas unidades forem necessárias, \npossibilitando expansão do sistema, de acordo com a demanda de \nconsumo.Q U A N T I D A D E I L I M I T A D A P A R A P A R A L E L I S M O\nM A N U T E N Ç Ã O D O N O B R E A K\nPermite a inserção ou retirada de um No Break no sistema, sem a \nnecessidade de parada.Rede Elétrica\nde Entrada\nSaídaNo Break 1\n Potência de \n30 kVANo Break 2\nPotência de \n10 kVANo Break 3\nPotência de \n20 kVA\nCarga fornecida pelo sistema = 150 kVANo Break 4\nPotência de \n30 kVANo Break 5\nPotência de \n20 kVANo Break 6\nPotência de \n40 kVA\nINTERFACES DE \nGERENCIAMENTO   \nREMOTO\nSão compostas por diversas ferramentas. O \nAdaptador SNMP NetMate permite\ngerenciar remotamente o No Break via a \nInternet através de um web browser,\nmonitorar o status e enviar alertas por e-mail. \nO software IP Power é uma ferramenta de \ngerenciamento  Windows Application e a \nversão Client é específica para  automatizar o \nshutdown de servidores, podendo desligar \nautomática e simultaneamente vários\ns e r v i d o r e s  e  e s t a ç õ e s .\nO Adaptador ArmModbus permite integrar \no  N o  B r e a k ,  v i a  u m a  p o r t a\nRS485, a Sistemas de Automação Predial.']","Based on the provided context, the client-server model offers several advantages in the context of system management. It allows for remote management of systems, enabling users to monitor and control devices over the internet using tools like the SNMP NetMate and IP Power software. This model also facilitates communication and data exchange between different devices, allowing for real-time monitoring and alerts. Additionally, the client-server model enables the integration of systems with other automation platforms, such as building management systems, through interfaces like the ArmModbus. Overall, the client-server model provides a flexible and scalable approach to system management, allowing for the addition or removal of devices as needed and facilitating the expansion of systems according to demand.","As vantagens do modelo cliente-servidor em sistemas de gerenciamento incluem a capacidade de suportar múltiplos usuários e a centralização dos recursos em servidores, o que facilita o gerenciamento e a manutenção do sistema.",0.0,0.0,0.0,0.0,0.9397671894642374,0.2,0.13,0.6108134143207354,0.1889570552147239,0.0379746835443038,0.0,0.0,0,0,1,1,0
131,significado de 'Po' lti-S.O,"['CM COMANDOS LINEARES\nOSDN LI A NM EO AC REM SCISO\n9001\n2015\nSistema de \nSustentabilidade AuditadaAv. Eng. Alberto de Zagottis, 760 - 04675-085 - São Paulo - SP\nTel.: (11) 5696-5000 - Fax: (11) 5696-5055\nwww.cmcomandos.com.brOSD L NI A NM EA OR CEM SCISO\n9001\n2015', 'Digital Signal ProcessorNo-BreakMulti Ativo\nTrifásico\nCM COMANDOS LINEARESCONCEPTION']","Based on the information provided in the context, there is no direct definition or explanation given for the term 'Po' lti-S.O. It is possible that this term is related to the content of the ""conception-s1.pdf"" file, but without further context or information, it is not possible to accurately determine the meaning of this term.","O significado de 'Po' lti-S.O não é claro no contexto fornecido, que apenas menciona 'lti-S.O .Po'.",0.0,1.0,0.0,0.0,0.0,0.6666666666666666,0.67,0.6937778614945922,0.1914893617021277,0.1025641025641025,0.0,0.0,0,0,1,0,0
