,user_input,retrieved_contexts,response,reference,context_precision,context_recall,context_entity_recall,noise_sensitivity_relevant,answer_relevancy,faithfulness,factual_correctness,semantic_similarity,non_llm_string_similarity,rouge_score,string_present,exact_match,harmfulness,maliciousness,coherence,correctness,conciseness
0,O que significa o termo 'Transformerless' e quais são suas implicações?,"['TECNOLOGIA ON LINE COM BYPASS ESTÁTICO DE MANUTENÇÃO\nINTERFACE DE GERENCIAMENTO REMOTO\nAs Interfaces de Gerenciamento Remoto são compostas por diversas ferramentas, sendo elas: \n•  O Adaptador SNMP que permite gerenciar remotamente o No-Break via Internet através de um web browser,  monitorar o status \ne enviar alertas por e-mail. \n• O software, uma ferramenta de gerenciamento Windows Application e a versão Client é especíﬁ  ca para automatizar o shutdown \nde servidores, podendo desligar automática e simultaneamente vários servidores e estações. \n• O Adaptador Modbus permite integrar o No-Break, via uma porta RS485, a Sistemas de Automação Predial.\nBypass Estático\nSistema de proteção que, em caso de \nproblemas, transfere automaticamente \na carga para um circuito alternativo, sem \ninterrupção no fornecimento de energia.Bypass Estático de Manutenção\nPermite a transferência e o retorno da carga do No-Break para um circuito \nalternativo de fornecimento de energia, para atividades de manutenção. \nEm quaisquer situações, o fornecimento de energia é contínuo, sem \ninterrupções.\nBanco de Baterias\nArmazena energia reserva para alimentar o No-Break \ndurante um período predeterminado, denominado como \ntempo de autonomia do No-Break.Retificador\nConverte a energia da\nrede elétrica da concessionária\n ou do grupo gerador em\ncorrente contínua, corrigindo \nou eliminando distúrbios\nda entrada do sistema.\nCorrente alternada de entradaCorrente contínua Corrente alternada de saída\nCorrente alternada Bypass estáticoCorrente alternada Bypass estático\nde manutenção\nInversor\nConverte a corrente contínua do \nretiﬁ  cador ou das baterias em corrente \nalternada de saída, com forma de onda \nsenoidal pura, livre de distúrbios.\nRetificador\nConverte a energia da\nrede elétrica da concessionária\n ou do grupo gerador em\nInversor\nConverte a corrente contínua do \nretiﬁ  cador ou das baterias em corrente \nalternada de saída, com forma de onda', 'Alta Tecnologia em\nProcessamento Digital\nde Sinais - DSP\nO S M A I S M O D E R N O S\nN O B R E A K S C O R P O R AT I V O SVivemos em um mundo cada vez mais ágil e prático. Um mundo conectado por processadores, chips, softwares e \nperiféricos. Mas isso ainda não é o bastante. Por isso, o mundo caminha para tecnologias de processamento imediato \nde dados. A CM Comandos Lineares está um passo à frente e oferece aos seus clientes produtos dotados de uma \ntecnologia revolucionária, denominada Processamento Digital de Sinais -- DSP .\nToda a linha de No Breaks Innovation S1 Trifásico  \nTransformerless conta com a tecnologia DS P.   \nCaracterística que proporciona alta performance e \nconfiabilidade, tornando-os ideais para aplicações de missão crítica. Ou seja, protegem as aplicações nas quais a \ncontinuidade da operação é de fundamental importância.\ndos equipamentos pode ser atualizado, \nacrescentando novas funções em \nunidades já instaladas. Hoje, esta tecnologia está presente nos mais sofisticados sistemas eletrônicos, devido à sua alta velocidade e \nconfiabilidade. Processadores Digitais de Sinais são capazes de processar dez milhões de amostragens por segundo. \nIsso significa processamento em tempo real -- o sinal é processado no mesmo instante em que é recebido, sem \nretardos ou atrasos.\nProjetados com o uso intenso dos recursos da tecnologia DSP ,  os No Breaks Innovation Trifásico Transformerless  \nagregam novos  e avançados recursos, que estabelecem um novo conceito em desenvolvimento, no qual o firmware \nAo pensar em adquirir No Breaks,     \nconte com as soluções da\nCM Comandos, que asseguram \ntecnologia de ponta, máxima proteção, \nprecisão digital e processamento        \nem tempo real.']","The term ""Transformerless"" in the context refers to a design feature in UPS (Uninterruptible Power Supply) systems, specifically the Innovation S1 Trifásico models. This feature indicates that the UPS does not have a transformer for voltage conversion. Instead, it uses a different type of technology, often using electronic circuitry, to convert the input AC voltage to DC and then back to AC for output.

The implications of a Transformerless UPS include:

1. Reduced size and weight: Without a transformer, the UPS is smaller and lighter, making it easier to install and transport.
2. Improved efficiency: Transformerless UPS systems typically have higher efficiency levels, as they generate less heat and consume less power compared to traditional transformer-based UPS systems.
3. Lower cost: Transformerless UPS systems can be more cost-effective due to the reduced size and materials used in their construction.
4. Potential compatibility issues: Since Transformerless UPS systems have specific input and output voltage requirements, they may not be compatible with all types of equipment, especially those that require galvanic isolation provided by a transformer.
5. Limited power capacity: Transformerless UPS systems generally have lower power capacity compared to transformer-based UPS systems, making them more suitable for smaller applications or specific use cases.

When considering adopting No Breaks with Transformerless technology, it is essential to ensure that the UPS system meets the power and compatibility requirements of the intended application.","O termo 'Transformerless' refere-se a sistemas ou circuitos que operam sem o uso de transformadores. As implicações incluem a redução de tamanho e peso dos dispositivos, além de potencialmente aumentar a eficiência, mas também podem resultar em desafios relacionados à isolação elétrica e à gestão de tensões.",0.49999999995,0.0,0.0,0.0,0.7459944037794553,0.17647058823529413,0.0,0.6936481825474161,0.15458015267175573,0.034722222222222224,0.0,0.0,0,0,1,1,1
1,benefícios aplicações missão crítica No Breaks CM Comandos Lineares,"['A EMPRESA Com mais de 38 anos de atuação, a CM Comandos é hoje \numa das maiores fabricantes de No-Breaks da América Latina. \nAlém disso, é líder absoluta em soluções para o mercado corporativo. Certificada pela \nnorma ISO-9001:2015, a CM Comandos ressalta o seu compromisso com a excelência \ndos seus produtos e a total satisfação dos seus clientes.Inovação, qualidade, tecnologia\ne confiabilidade. Marcas das\nsoluções CM Comandos Lineares\nAPLICAÇÕES Os No -Breaks da CM C omandos Linear es são indicados para \naplicações de missão cr ítica, nas mais var iadas cor porações ,  \noferecendo pr oteção contra distúr bios de ener gia elétr ica, tais como: cor tes, micr o cor tes, \nruídos , dist orção har mônica, picos , transient es, sub e sobr e tensão e var iações de fr equência.\nSUPORTE\nTÉCNICOAo escolher a mar ca CM C omandos Linear es você conta com \no melhor  supor te técnico de pr é e pós- venda da empr esa que \nse consolidou ao longo dest es 38 anos como líder de \nmercado . Instrumentação de ponta, pr ofissionais altament e qualificados , com \ncober tura nacional e disponibilidade de at endiment o 24 horas , sete dias por \nsemana, call cent er e pr ocessos cer tificados  asseguram a ex celência dos nossos \nserviços de supor te.BENEFÍCIOSOs equipament os da CM C omandos operam com maior pr ecisão , \nagregam maior númer o de funções e são os mais segur os. \nCarac terísticas que geram alta confiabilidade e pr odutividade nas mais var iadas aplicações , \nminimizam falhas e , consequent ement e, cust os de manut enção . Em r esumo ,                               \nser um client e da CM C omandos sig nifica t er o r etorno do capital in vestido e garantias            \nque só uma empr esa com amplo supor te técnico pode of erecer .\nOSD  L NI A NM EA OR C EM SCISO\n90012015', 'OSD  L NI A NM EA OR C EM SCISO\n90012015\nA EMPRESACom mais de 38 anos de atuação, a CM Comandos é hoje \numa das maiores fabricantes de No-Breaks da América Latina. \nAlém disso, é líder absoluta em soluções para o mercado corporativo. \nCertificada pela norma ISO-9001:2015 a CM Comandos ressalta o seu compromisso \ncom a preservação do meio ambiente, a excelência dos seus produtos e a total \nsatisfação dos seus clientes.\nAPLICAÇÕES Os No -Breaks da CM C omandos Linear es são indicados para \naplicações de missão cr ítica, nas mais var iadas cor porações ,  \noferecendo por teção contra distúr bios de ener gia elétr ica, tais como cor tes, micr o cor tes, \nruídos , dist orção har mônica, picos , transient es, sub e sobr e tensão e var iações de fr equência.\nSUPORTE\nTÉCNICOAo escolher a mar ca CM C omandos Linear es, você conta com o \nmelhor  supor te técnico de pr é e pós- venda da empr esa que se \nconsolidou ao longo dest es 38 anos como líder de mer cado .\nInstrumentação de ponta, pr ofissionais altament e qualificados , com cober tura \nnacional e disponibilidade de at endiment o 24 horas , sete dias da semana, call \ncent er e pr ocessos cer tificados ,  asseguram a ex celência dos nossos ser viços de \nsupor te.BENEFÍCIOSOs equipament os da CM C omandos operam com maior pr ecisão , \nagregam maior númer o de funções e são os mais segur os. \nCarac terísticas que geram alta confiabilidade e pr odutividade nas mais var iadas aplicações , \nminimizam falhas e , consequent ement e, cust os de manut enção . Em r esumo ,                               \nser um client e da CM C omandos sig nifica t er o r etorno do capital in vestido e garantias            \nque só uma empr esa com amplo supor te técnico pode of erecer .Inovação, qualidade, tecnologia\ne confiabilidade. Marcas das\nsoluções CM Comandos Lineares\nOSD  L NI A NM EA OR C EM SCISO\n90012015']","The No-Breaks from CM Comandos Lineares offer protection against various electrical power disturbances in critical mission applications. These benefits include:

1. Increased precision of equipment operation.
2. Additional functions integrated into the equipment.
3. Enhanced safety features.
4. High reliability and productivity in various applications.
5. Minimization of failures and, consequently, maintenance costs.

By choosing CM Comandos Lineares, customers can expect excellent pre and post-sales technical support, with qualified professionals, cutting-edge instrumentation, and 24/7 coverage, ensuring top-notch service and customer satisfaction.","Os No Breaks da CM Comandos Lineares oferecem proteção contra distúrbios de energia elétrica, sendo indicados para aplicações de missão crítica em diversas corporações.",0.99999999995,1.0,0.3999999992,0.8181818181818182,0.7393197127526897,0.8181818181818182,0.15,0.7879574041306958,0.19634703196347036,0.08547008547008547,0.0,0.0,1,1,1,1,1
2,Quais são as especificações dos cabos de medição utilizados para a medição de impedância dos módulos Equalizer?,"['Módulo de Ba teria Equaliz er\nProcessador:   DSP\nInter faces:  2 Portas RJ11\nSensor Temper atura:  Interno\nGabinete:   ABS\nDimensões:   12 x 65 x 113 mm - 50 g\no\n  Ambiente:   abrigado , IP-20, 0 a 60 C, umidade\n  relativa máx 90% não condensante .\nModelo Equaliz er M12 - MB02 \nTensão nominal:   12 VDC - 02VDC \nCapacidade:  7 a 600 Ah - 7 a 5.000 Ah n   \nn    \nn    \nn    \nn   \nn \nn   \nn   \nn   \nMódulo de C orrente \n Descrição:\nAcessório (opcional) destinado à medição da \ncorrente elétrica que circula pelo banco de \nbaterias com indicação do sentido da corrente \nelétrica (C arga ou Descar ga).\nEspecificações:\nTensão de alimentação:  5V\nErro:  ≤ 1,5% @ corrente nominal\nComunicação:  RS-232 (Nív el TTL)n \nn', '']","I'm sorry for any confusion, but the context information provided does not include details about the cables used for impedance measurement in the Equalizer modules. The first page of the context refers to the specifications of the Equalizer system, while the second page describes the Battery Equalizer module and a Current Module accessory. There is no mention of the impedance measurement cables. Therefore, I cannot provide the specifications for those cables.",As especificações dos cabos de medição utilizados para a medição de impedância dos módulos Equalizer não estão detalhadas no texto fornecido.,0.9999999999,1.0,0.0,0.4,0.0,1.0,0.75,0.6954495932180973,0.20518358531317493,0.06,0.0,0.0,0,0,1,1,0
3,Quais implicações especificações CM MKT OUT 23 sujeitas alterações prévio aviso?,"['• Grau de Proteção: IP-20\nCaracterísticas Físicas e Mecânicas \nn Dimensões Compactas\nn Display LCD - cristal líquido retro-iluminado\nn Estrutura do Gabinete:\n  • Rack: metálico\n  • Acabamento: pintura epóxi-pó na cor graﬁ  te\ncom tratamento térmico e anti-corrosivo\n  • Ventilação: forçada, com controle digital de\nvelocidade pelo DSP  \n  • Porta de Comunicação:\n    » Serial RS232C IsoladaInterfaces de Gerenciamento\nn Mono e multi-usuário, client-server e\nmultiservidores \nn Ferramentas de Shutdown e Gerenciamento\nn  Protocolos:\n    • Serial Rs232\n    • Serial Rs485*\n    • Modbus*\n    • SNMP / Telnet / http / TCP/IP*\nn Softwares de Gerenciamento*\n    • Adaptador SNMP* V1, V2, V3.\nn Ambientes e Sistemas Operacionais\n   • Windows 10  \n   • Linux\n(Marcas dos respectivos fabricantes)\nCM MKT  JAN 24 - *As especiﬁ  cações  técnicas estão sujeitas a alterações sem aviso prévio e conforme necessidades de projetos customizados.                 Nós incentivamos a reciclagem.\nCM MKT  JAN 24 - *As especiﬁ  cações  técnicas estão sujeitas a alterações sem aviso prévio e conforme necessidades de projetos customizados.                 Nós incentivamos a reciclagem.\nAv. Eng. Alberto de Zagottis , 760 - 04675-085 - São Paulo - SP\nTel.:(11) 5696-5000\nwww.cmcomandos.com.brSistema de \nSustentabilidade AuditadaModelo Peso\n (sem baterias)\nkg Dimensões Físicas \nlarg x alt x prof \nmm Potência \nkVA\n 25000      25,0         436 x 85 x 677           18Módulo No-Break 25 kW - 380/400/415V\nModelo Peso\n (sem baterias)\nkg Dimensões Físicas \nlarg x alt x prof \nmm Potência \nkVA\n 150000   150,0       482 x 931 x 916        150Gabinete para Módulo 25kW - 380/400/415V\nModelo Peso\n (sem baterias)\nkg Dimensões Físicas \nlarg x alt x prof \nmm Potência \nkVA\n 50000      50,0        510 x 178 x 700         45Módulo No-Break 50 kW - 380/400/415V\nModelo Peso\n (sem baterias)\nkg Dimensões Físicas \nlarg x alt x prof \nmm Potência \nkVA\n 100000   100,0      600 x 1150 x 980      120Gabinete para Módulo 50kW - 380/400/415V\n 200000   200,0      650 x 1600 x 960      170\n 300000   300,0      650 x 2000 x 970      220\n 500000   500,0    1300 x 2000 x 1100    450Modelo Peso\n (sem baterias)\nkg Dimensões Físicas \nlarg x alt x prof \nmm Potência \nkVA\n 30000      30,0        510 x 178 x 700         45Módulo No-Break 30 kW - 200/208/220V\nModelo Peso\n (sem baterias)\nkg Dimensões Físicas \nlarg x alt x prof \nmm Potência \nkVA\n  60000    100,0      600 x 1150 x 980      120Gabinete para Módulo 30 kW - 200/208/220V\n 120000   120,0      650 x 1600 x 960      170\n 180000   180,0      650 x 2000 x 970      220\n 300000   300,0    1300 x 2000 x 1100    450DIMENSÕES FÍSICAS', '00      X 280 X 647         97\n    7500       7,50     787 X 280 X 647        116\n   10000    10,00     815 X 480 X 875        204\n   15000    15,00     815 X 480 X 875        259787Peso (com \nbaterias)\nkgn    \nn   \nn   \nn  \nn   \nn   Upg rade de F irmware   On-Line - Dupla Con versão\nRetificador - I nversor - Banco de Bater ias\nBypass Estático \n Contr ole Dig ital M icroprocessador DSP\nInversor a M ódulo IGBT de Alta F requência \nCertificação de \nSustentabilidade A uditadaOSD  N LI A NM EO AC R EM SCISO\n90012015\nAv. Eng . Alber to de Zagottis , 760 - 04675-085 -  São P aulo - SP\nTel.: (11) 5696-5000 \nwww.cmcomandos .com.brEntr ada\nTensão:  \n    •220 V \n Variação A dmissív el:\n   \n    •± 15% da tensão nominal\nFrequência:  50 ou 60 H z\nVariação de F requência A dmissív el:   + 6%  - 4% \nConfigur ação:\n    \n    •Monofásico : F + N + T\n    \n    •Bifásica: F + F + T\nFator de P otência:\n    \n    •0,8     \n    •0,99*\nPotências Disponív eis:  \n   \n    •5 kV A / 3,5 kW\n   \n    •7,5 kV A / 5,25 kW\n   \n    •10 kV A / 7,0 kW\n   \n    •15 kV A / 10,5 kW\nRegulação Estática:  ± 1% nominal\nFrequência:  50 ou 60 H z\n \nVariação de F requência:  • ± 0,05% em modo bater ia\nConfigur ação:\n     \n    • Monofásico: F + N + T\n     \n    • Bifásica: F + F + T\nFator de P otência:  0,7\nForma de Onda:  senoidal\n Distorção Harmônica THD:  inferior a 1%, total\n  Fator de Crista:  3:1\nCapacidade de Sobr ecar ga:  125% durante25s\nRendimento:  90%\nBaterias\n \nTensão de Linha: 192 VDC\nSistema de Recar ga: contr olado , automático\nTempo de Recar ga: 8 a 10 horas para 90% da car ga\nTipo:  seladas , isentas de manutençãon   \nn  \n \nn    \nn   \nn   \nn   \nn\nn   \nn   \nn    \nn   \nn   \nn   \nn   \nn  \nn \nn   \nn   \nn    \nn   \nn   \nn       \nSaída\nTensão:  \n    • 220 V ( standar d )   Tecnologia\nCM.MK T SET 2021 - As especificações estão sujeitas a alterações sem pr évio aviso . Nós incentivamos a r eciclagem\n * Opcional']","The specifications listed under the CM MKT JAN 24 notice, including the degree of protection, physical and mechanical characteristics, display, cabinet structure, communication port, interfaces, tools, protocols, software, operating systems, and dimensions for various models of no-break systems and their respective cabinets, are subject to change without prior notice. This information can be found in the context provided for page_label 6.",As especificações CM MKT OUT 23 estão sujeitas a alterações sem prévio aviso.,0.99999999995,1.0,0.0,0.9230769230769231,0.670005465464012,0.9230769230769231,0.0,0.5899467228582863,0.12895927601809953,0.049999999999999996,0.0,0.0,0,0,1,0,0
4,Qual é a importância da calça azul no uniforme padrão da equipe identificada no sistema de sustentabilidade auditado?,"['Vantagens do C ontrat o de M anut enção \nAtravés do contrat o de manut enção , técnicos e gest ores de manut enção podem r eduzir a deg radação dos seus equipament os, prolongando \no tempo de vida útil e evitando int ervenções cor retivas , que geram cust os elevados e t êm impac tos negativ os.\nn   Supor te técnico por t elefone, durant e 24hs/dia\nn   Minimizar os r iscos e pr ejuíz os de t er um equipament o parado\nn   Prioridade no at endiment o no caso de uma parada \nn Redução da necessidade de manut enção cor retivas em at é 80% e \nconsequent e  redução de cust os\nn  Serviços de cor retivas , quando  inclusos no contrat o \nn Redução de cust o: equipament os com manut enção pr eventiva \nadequada sofr em menos desgast es e, por tanto \ntem sua vida útil ampliada. \nAv. Eng . Alber to de Zagottis , 760 - 04675-085 -  São P aulo - SP\nTel.: (11) 5696-5033 \nwww.cmcomandos .com.br\nSistema de \nSustentabilidade A uditadoIdentifique Nossa E quipe \nUniforme P adrão \nCamisa azul   Calça azul   Crachá  \nPedro\nSuporte Técnico0000000000001Nome:\nRG:\nSetor:João P edro \nMatrícula:\n1111 25.613.810-2\nAssistência Técnica\n1.Uso... \nJOÃO PEDRO \nSuporte Técnico Supor te Técnico\nCall C enter int egrado ao sist ema de gestão ERP\nTécnicos Treinados e Qualificados\nEquipados com I nstrumentação de P onta\nAnalisador de Har mônicos\nAtendiment o 24 horas - 7 dias da semana via C ontrat os\nde M anut enção P reditiva, P reventiva e C orretiva\n  Supor te Pleno de P ré e P ós-V enda\nAmpla cober tura em t odo o paísn   \nn  \nn  \nn  \nn  \nn\nn  \nCM MK T SET 2021  -   As especificações estão sujeitas a alterações sem pr évio aviso . Nós incentivamos a r eciclagem\nAtendiment o em t odo\n o Território Nacional\ncom filiais e r epresentant es nas pr incipais \ncidades e capitais , otimizando o t empo , \ncusto e buscando a ex celência\n na pr estação de ser viços\nEscaneie e saiba mais sobr e o\n contrat o de manut enção \nOSD  N LI A NM EO AC R EMSCISO\n90012015 OSD  N LI A NM EO AC R EMSC', 'CM COMANDOS LINEARES\nOSDN LI A NM EO AC REM SCISO\n9001\n2015\nSistema de \nSustentabilidade AuditadaAv. Eng. Alberto de Zagottis, 760 - 04675-085 - São Paulo - SP\nTel.: (11) 5696-5000 - Fax: (11) 5696-5055\nwww.cmcomandos.com.brOSD L NI A NM EA OR CEM SCISO\n9001\n2015']","The blue pants in the standard uniform of the team identified in the audited sustainable system hold significance as they are a part of the distinct and professional attire that the team wears. This uniform, consisting of a blue shirt, blue pants, and a name tag, helps to establish a sense of unity, identity, and trustworthiness among the team members. It also allows for easy identification of the team by customers and clients, fostering a sense of reliability and credibility for the services provided by the team. The uniform, therefore, plays a crucial role in the overall image and professionalism of the team and the organization they represent.",A calça azul é parte do uniforme padrão da equipe identificada no sistema de sustentabilidade auditado.,0.9999999999,1.0,0.0,0.125,0.8621699002121955,0.25,0.29,0.6429835045829222,0.12691131498470953,0.048,0.0,0.0,0,1,1,1,0
5,Quais são os diferentes tipos de proteções elétricas que são mencionados no texto?,"['Medidas de P roteção \nVitais para I nstalações \nElétr icas Hospitalar es\nFUNCIONAMENTO Sistema de Aterrament o IT Médico \nO Sistema IT Médico é um sistema de super visão de falhas de isolação nas instalações elétr icas aplicado em \nconfiguração de aterrament o tipo IT, conf orme previsão da norma NBR 13534:2008 da Anvisa. \nEsta norma visa garantir a manut enção dos equipament os de sustentação à vida, mesmo em caso de \nprimeira falha de isolação elétr ica nos Estabeleciment os Assistenciais a Saúde (EAS). \nA utilização desta proteção é compulsór ia nos ambient es hospitalar es do Grupo 2, nos quais se enquadram \nas Salas Cirúr gicas, UTIs , UTIs Neonatais e Salas de Hemodinâmica. \nA utilização do Sistema IT Médico aumenta a segurança \npara o pacient e e para o corpo clínico ,  pois a interrupção \nno forneciment o de ener gia elétr ica em caso de uma falta é evitada, pois mesmo em um caso de curto- \ncircuito fase t erra, por ex emplo , um equipament o eletr omédico pode ser usado para auxiliar ou substituir , \ntemporar iament e ou permanent ement e  funções vitais de um pacient e. \nAlém disso , ocor re uma redução nas correntes de fuga circulando pelo condut or de proteção , o que diminui \na tensão de contat o e consequent ement e a intensidade de um choque elétr ico acidental .\nO Sistema possui Dispositiv o Super visor de Isolament o (DSI), Dispositiv o Super visor de Temperatura (DST ) e \nDispositiv o Super visor de Corrente (DSC ) que mede a resist ência entre os condut ores de alimentação e o \ncondut or de proteção , sinalizando sonora e visualment e quando essa resist ência decr esce para 50 KΩ. \nCOMPOSIÇ ÃO BÁSIC A  Quadr o de Ener gia Elétrica  - Sistema IT Médico \nO sistema é compost o por: \n• Transf ormador de Separação \n• Dispositiv o Super visor de Isolament o (DSI) \n  Super visor de Temperatura (DST )\n  Super visor de Corrente (DSC ) \n• Dispositiv o Anunciador \n• Montagem em Rack\nOpcionais: \n• Gerador de Sinal BT-4000\n• Localizador Individual de Falha BT-0074/ BT 0078\n• Interface Homem-M áquina (IHM)', 'SISTEMA IT MÉDIC O \nElétr ica Hospitalar Proteção']","The text mentions the ""Sistema IT Médico"" which is a system for monitoring electrical faults in hospital installations, specifically in IT grounding configurations. This system includes several protective components such as the Dispositivo Supervisor de Isolamento (DSI), Dispositivo Supervisor de Temperatura (DST), and Dispositivo Supervisor de Corrente (DSC). These components monitor the resistance between the power conductors and the grounding conductor, alerting when the resistance drops below 50 KΩ. Additionally, there are optional components like the Gerador de Sinal BT-4000, Localizador Individual de Falha BT-0074/ BT 0078, and Interface Homem-Máquina (IHM). However, the text does not mention any other types of electrical protections.",Os diferentes tipos de proteções elétricas mencionados no texto incluem: Sobrecarga e Descarga Bateria Baixa.,0.0,0.0,0.0,0.0,0.2648755584235864,0.9230769230769231,0.0,0.5210594435848936,0.1146666666666667,0.016,0.0,0.0,0,1,1,1,1
6,Qual é o signficado da abrev 'Sa' no contexto do txt 'de Elétric a'?,"['DISPOSITIV O ANUNCIADOR\nO\nenfermarias de plantão ou salas de médicos ,  e per mitem a imediata sinalização visual e audív el da ocor rência de alar mes . \nPodem ser instalados at é 4  Dispositiv os Anunciador es em vár ios locais ao mesmo t empo e não necessitam de alimentação auxiliar . s alar mes det ectados pelo Dispositiv o DSI / DST / DSC são en viados ao Dispositiv o Anunciador , instalados em locais estrat égicos tais como  \nCARACTERÍSTIC AS  \nPara sinalização dos alar mes a distância, de acor do com a Nor ma NBR 13534:\n• Led v erde: equipament o ligado ·  \n• Led v ermelho: sobr ecar ga\n• Led amar elo: sinalização de falha\n• Botão silenciar : para desligar o alar me acústico sobr e o quadr o de sinalização à\n   distância, ativado quando f or ultrapassado o nív el de int ervenção\n• Botão de t este: para v erificar per iodicament e a eficiência do  dispositiv o como  \n   recomendado pela Nor ma\n• Tipo de Alar me: Sonor o\nO dispositiv o Gerador de Sinais BT4000 é um dispositiv o de localização de falha  \nde isolação individual , per mitindo identificar em qual leit o ocor reu a falha, por \nexemplo .  \nO Gerador de Sinal injeta um sinal inf erior a 1mA, suficient e para que seja \ndetectada a falha de isolação e atua em conjunt o com os Dispositiv o \nLocalizador de F alha I ndividual e o Dispositiv o DSI / DST / DSC , conf orme as \nespecificações  exig idas pela nor ma IEC 61557.DISPOSITIV O GER ADOR DE SINAL 1mA - B T4000  \nESPECIFIC AÇÃO MECÂNIC A  \n·\npadrão DIN. Ideal para painel modular 18mm. O cupa o espaço de um disjunt or tr ipolar \nDISPOSITIV O LOCALIZADOR DE F ALHA - B T0074 e B T0078\nINTERF ACE HOMEM-MÁQUINA (IHM)\nO displa y / painel de contr ole IHM possibilita a visualização dos parâmetr os pr é-\nestabelecidos de isolament o, temperatura e cor rente em t empo r eal e é ideal para \nmonit orar instalações de múltiplos Sist emas IT .\nPRINCIP AIS C ARACTERÍSTIC AS Inter face Homem Máquina (IHM)• \n•  Medidor es textos móv eis\n•  Manuseio de Alar meTela g ráfica t ouch scr een 7,0”  • Proteção por P assw ord  \n• Ether net e P orta USB\nDispositivo AnunciadorDispositivo  Gerador de Sinal 1mA - BT4000\nO dispositiv o localizador de falhas BT0074 com 4 circuitos \nlocalizador es) e (BT0078 com 8 localizador es) tem por finalidade a \nlocalização de falha de isolação em um sistema de aterrament o IT \nMédico , de acor do com as carac terísticas exig idas pela norma \nIEC61557. O dispositivo é dotado de toróides que foram \nespecialmente projetados para a detecção de baixíssimas \ncorrentes na ordem de 0,5 mA e placa eletr ônica que sinaliza e \nemit e um sinal digital que pode ser conec tado , por exemplo , a um \nCLP.\nDispositivo L ocalizador de falha BT 0074\nDispositivo L ocalizador de falha BT 0078', 'CM MK T SET 21 As especificações estão sujeitas a alterações sem pr évio aviso . Nós incentivamos a r eciclagem\nSistema de \nSustentabilidade A uditadoAv. Eng . Alber to de Zagottis , 760 - 04675-085 - São P aulo - SP\nTel.: (11) 5696-5000 - F ax: (11) 5696-5055\nwww.cmcomandos .com.brOSD  N LI A NM EO AC R EM SCISO\n90012015Entr ada\nTensão:  \n    \n    •Trifásica: 208 / 220 / 380 / 400 / 440V\nVariação A dmissív el:\n   \n    •± 15% da tensão nominal\nFrequência:  50 ou 60 H z\nVariação de F requência A dmissív el:  ± 5%\nConfigur ação:\n    \n    •Trifásica: 3F + N + T\n Fator de P otência:\n    \n    •0,8\n    \n    •0,99*\nSaída\nTensão:  \n \n    • Trifásica: 208 / 220 / 380 / 400 / 440V\nPotências Disponív eis:  \n \n    • 5/10/15/20/30/40/60/80/100/120/160/200/300 kV A\nRegulação Estática:  ± 1% nominal\n Frequência:  50 ou 60 H z\nVariação de F requência:  \n \n    • ± 0,05% em modo bater ia\nConfigur ação:\n     \n    • Trifásica:  3F +N +  T\nFator de P otência:       \n•0,8\n    \n    •0,9*\nForma de Onda:  senoidal\nDistorção Harmônica THD:  inferior a 1%, total\nFator de Crista:  3:1\n Capacidade de Sobr ecar ga:  125% durante 25s\nRendimento:  94%\nTransf ormador Isolador\nBaterias\nTensão de Linha:  \n     \n    • 288VDC (5 a 30 kV A) \n     \n    • 384VDC (40 a 80 kV A)\n    \n    •480 VDC (100 a 300 kV A)\nSistema de Recar ga: contr olado , automático\nTempo de Recar ga: \n \n    • 8 a 10 horas para 90% da  carga\nTipo:  seladas , isentas de manutenção\nBypass Estátic o\nAcionamento:  automático , contr olado pelo DSP\nTempo de Transf erência:  0ms (nulo)\nRetr ansf erência ao Modo Normal:   automática\nBypass Estátic o de Manutenção\nPermite manutenção do No -Break, sem desligar a car ga\nAcionamento:  manual , atrav és de disjuntor\nReposição ao Modo Normal:  sem inter rupção\nProteções Elétricas\nSub e Sobr etensão de Entrada e Saída\nSub e Sobr etensão DC e Bater ia\n Sobr ecar ga e C urto-Circuito\nMínima Descar ga de Bater ia\nSobr etemperaturan   \nn   \nn    \nn   \nn   \nn  \nn   \nn   \nn   \nn   \nn   \nn   \nn   \nn   \nn   \nn   \nn  \nn   \nn   \nn   \nn   \nn   \nn   \nn   \nn   \nn    \nn   \nn   \nn   \nn   \nn    \nn  \nn   \nn   ESPECIFICAÇÕES  TÉCNICAS\nCaracterísticas Físicas e Mecânicas\nDimensões Compac tas \nDisplay TFT 4,3"" Touch Scr een \nEstrutura  do G abinete: \n    \n    •Rack: metálico\n    \n    •Tampas laterais e super ior removív eis\n    \n    •Acabamento: pintura epó xi-pó na cor g rafite\n       com tratamento tér mico e anticor rosivo \nVentilação: f orçada ,']","Based on the context provided, 'Sa' in the context of 'de Elétric a' could potentially stand for ""Sistema de Alimentação"" or ""Sistema auxiliar,"" given that the text is discussing electrical systems and their components. However, without a specific instance of the abbreviation in the text, it's difficult to provide a definitive answer. It's always best to refer to the original text or consult the author for clarification.","No contexto do texto 'de Elétric a', a abreviação 'Sa' pode se referir a 'S.A.', que significa 'Sociedade Anônima'.",0.0,0.0,0.0,0.0,0.0,0.3333333333333333,0.5,0.7211625234304406,0.19811320754716977,0.1702127659574468,0.0,0.0,1,1,1,0,0
7,condições para paralelismo banco de baterias RALELISMO,"['Equaliz erActive Batt ery Mangement\nBENEFÍCIOS\nEstende a vida útil das baterias\nO sistema de Equalização Ativa mantém as baterias em condições \nideais, maximizando a sua vida útil. Reduz a necessidade de troca das \nbaterias e reduz o custo.\nRedução de Custo de Propriedade\nProlonga a vida útil das baterias, reduz o período de trocas e \nautomatiza a manutenção, reduzindo enormes custos com \nintervenções manuais.\nEcológico e Sustentável\nNa era da sustentabilidade, reduzir o consumo de baterias significa \nusar menos recursos e gerar menos descartes no meio ambiente.Análise da Vida Útil da Bateria\nAnalisa a curva de carga e descarga de um banco de baterias e \nacompanhe a evolução da vida útil, algo que é impraticável fazer \nmanualmente.Minimiza o Downtime por falha da bateria\nO prejuízo decorrente de uma queda do sistema por falha de bateria \ngera um valor incalculável para a sua operação.CARACTERÍSTICAS  \nPRINCIPAIS\nEqualização Ativa Individual do Banco de Baterias\nEleva a vida útil e a confiabilidade das baterias. \nPermite que as baterias atinjam a máxima vida útil de operação.\nAutomatização da Manutenção das Baterias\nO sistema mantém as baterias em condições ideais automaticamente. \nA análise e o diagnóstico são realizados à distância, individualmente e \nsem precisar desligar o sistema.\nMonitoramento em Tempo Real das Baterias\nMonitora a condição das baterias em tempo real à distância,  de \nforma eficiente e reduzindo o elevado custo com intervenções \nmanuais.Medição da Impedância da Bateria\nA Impedância interna é o parâmetro real da condição da bateria. \nAlém disso, mede a tensão e temperatura individual de cada bateria e \ngrava na memória.Previne contra quedas do sistema por defeito nas baterias\nO sistema monitora constantemente as baterias individualmente e \nenvia alarmes antes de ocorrer um problema.\nCONFIGURAÇÃO DO BANCO DE BATERIAS\nAPLICAÇÕES\nn   \nn   \n Banc os de Ba terias:\n• Sist emas No -Breaks\n• Retificador es de Telecomunicações\n• Ener gia Solar e Eólica\n• Compatív el com t odas as mar cas \nde equipament os, independent e \ndo fabr icant e.\nTipos :\n• Seladas Reguladas por Válvula VRLA\n• Estacionár ias\n• 12VDC e 2VDC', 'SISTEMA PARALELO MULTI ATIVO (EXCLUSIVO CM COMANDOS)\nA CM Comandos Lineares desenvolveu um sistema inovador e pioneiro no mundo de paralelismo entre no-breaks. O sistema \nParalelo Multi Ativo permite a expansão do sistema, de acordo com sua demanda de consumo, podendo paralelar quantas \nunidades forem necessárias para atender sua demanda, elevando a capacidade do sistema e a confiabilidade de sua aplicação.\nPOSSIBILIDADE DE SOMATÓRIA DE  POTÊNCIAS\nPermite a ligação para somatória de potência, utilizando dois ou mais \nNo-Breaks para atingir a demanda da carga total.\nQuando utilizado para somatória de potência, possibilita a ligação de \nNo-Breaks com potências diferentes. Quando a ligação for feita com \nNo-Breaks de potências diferentes, a carga será distribuída \nproporcionalmente. Permite a ligação em paralelo redundante N + 1,  N + 2, N + 3 … N+X,  \npossibilitando o desligamento de uma ou mais unidades, mantendo a \ncarga ativa.\nA comunicação entre os No-Breaks consiste no barramento de \ncomunicação comum, por onde transitam informações \ncontendo nível de carga, sincronismo e a condição do by pass.COMUNICAÇÃO ENTRE OS NO-BREAKSTodos os No-Breaks são autônomos, operam de forma \nindependente no sistema e possuem controle individual.NÃO EXISTE NO-BREAK MESTRE OU ESCRAVOPodem ser paraleladas quantas unidades forem necessárias, \npossibilitando expansão do sistema, de acordo com a demanda \nde consumo.QUANTIDADE ILIMITADA PARA PARALELISMO\nPARALELISMO DO BANCO DE BATERIAS\nPermite paralelismo dos bancos de baterias (quando forem de \nmesma tensão nominal).MANUTENÇÃO DO NO-BREAK\nPermite a inserção ou retirada de um No-Break no sistema, sem a \nnecessidade de parada.INTERFACES  DE  SHUTDOWN  E GERENCIAMENTO  REMOTO\nRede Elétric a\nde Entr ada\nSaídaNo-break 1\n Potência \nde 60 kV ANo-break 2\nPotência de \n100 kV ANo-break 3\nPotência de \n20 kV A\nCarga fornecida pelo sistema = 410 kV ANo-break 4\nPotência de \n30 kV ANo-break 5\nPotência de \n80 kV ANo-break 6\nPotência de \n120 kV ARede L ocal Ether netA   Inter face de Ger enciamento \n     \nC  Inter face Shutdown \n     Client \n     LANB  Inter face Shutdown \n     D   Inter face de Ger enciamento Remoto \n  \nE  Adaptador SNMP\n     \nF  Client Shutdown\nG Estação Remota\n    Sof tware com \n    conexão à I nter netMultisser vidor es\nMultiplataf ormas\nMulti-S.O .Porta M icroprocessada DB9\nPorta Contato Seco DB9\nRede Ethernet RJ45']","The conditions for paralleling battery banks, as mentioned in the provided context, are that the battery banks must have the same nominal voltage. This allows for the paralleling of battery banks to increase reliability and ensure uninterrupted power supply. The system also allows for the insertion or removal of a No-Break from the system without the need for a shutdown, facilitating maintenance.",As condições para o paralelismo do banco de baterias RALELISMO são que os bancos de baterias devem ser de mesma tensão nominal.,0.49999999995,1.0,0.0,0.3333333333333333,0.774720475087893,0.5,0.33,0.6193506805455897,0.21553884711779447,0.045454545454545456,0.0,0.0,0,0,1,1,1
8,Qual eh o signficado de BEN no contexto do orte tecnco?,"['Alta Tecnolog ia em\nProcessament o Dig ital\nde Sinais - DSP\nOS MAIS MODERNOS\nNO-BREAKS CORPORATIVOSVivemos em um mundo cada v ez mais ág il e prático . Um mundo conec tado por pr ocessador es, chips , softwares e \nperiféricos. Mas isso ainda não é o bastant e. Por isso , o mundo caminha para t ecnolog ias de pr ocessament o imediat o \nde dados . A CM C omandos Linear es está um passo à fr ente e of erece aos seus client es pr odut os dotados de uma \ntecnolog ia revolucionár ia, denominada P rocessament o Dig ital de Sinais - - DSP .\nToda a linha de No -Breaks  \nconta com a t ecnolog ia DSP .  Carac terística que \npropor ciona alta per formance e confiabilidade , Conception Multi Ativ o \npara aplicações de missão cr ítica. Ou seja, pr otegem as aplicações nas quais a continuidade da operação é de \nfundamental impor tância.\nequipament os pode ser atualizado , \nacrescentando novas funções em \nunidades já instaladas . Hoje , esta t ecnolog ia está pr esent e nos mais sofisticados sist emas eletr ônicos , devido à sua alta v elocidade e \nconfiabilidade . Processador es Dig itais de Sinais são capaz es de pr ocessar dez milhões de amostragens por segundo . \nIsso sig nifica pr ocessament o em t empo r eal -- o sinal é pr ocessado no mesmo instant e em que é r ecebido , sem \nretardos ou atrasos .\nProjetados com o uso int enso dos r ecursos da t ecnolog ia DSP ,  os No -Breaks C onception Multi Ativ o  ag regam nov os  \ne avançados r ecursos , que estabelecem um nov o conceit o em desen volviment o, no qual o fir mware dos \nAdquir indo No -Breaks , cont e com as \nsoluções da CM C omandos , que \nasseguram t ecnolog ia de ponta, \nmáxima pr oteção , precisão dig ital e \nprocessament o em t empo r eal.  Modelo 300kV A', 'Vantagens do C ontrat o de M anut enção \nAtravés do contrat o de manut enção , técnicos e gest ores de manut enção podem r eduzir a deg radação dos seus equipament os, prolongando \no tempo de vida útil e evitando int ervenções cor retivas , que geram cust os elevados e t êm impac tos negativ os.\nn   Supor te técnico por t elefone, durant e 24hs/dia\nn   Minimizar os r iscos e pr ejuíz os de t er um equipament o parado\nn   Prioridade no at endiment o no caso de uma parada \nn Redução da necessidade de manut enção cor retivas em at é 80% e \nconsequent e  redução de cust os\nn  Serviços de cor retivas , quando  inclusos no contrat o \nn Redução de cust o: equipament os com manut enção pr eventiva \nadequada sofr em menos desgast es e, por tanto \ntem sua vida útil ampliada. \nAv. Eng . Alber to de Zagottis , 760 - 04675-085 -  São P aulo - SP\nTel.: (11) 5696-5033 \nwww.cmcomandos .com.br\nSistema de \nSustentabilidade A uditadoIdentifique Nossa E quipe \nUniforme P adrão \nCamisa azul   Calça azul   Crachá  \nPedro\nSuporte Técnico0000000000001Nome:\nRG:\nSetor:João P edro \nMatrícula:\n1111 25.613.810-2\nAssistência Técnica\n1.Uso... \nJOÃO PEDRO \nSuporte Técnico Supor te Técnico\nCall C enter int egrado ao sist ema de gestão ERP\nTécnicos Treinados e Qualificados\nEquipados com I nstrumentação de P onta\nAnalisador de Har mônicos\nAtendiment o 24 horas - 7 dias da semana via C ontrat os\nde M anut enção P reditiva, P reventiva e C orretiva\n  Supor te Pleno de P ré e P ós-V enda\nAmpla cober tura em t odo o paísn   \nn  \nn  \nn  \nn  \nn\nn  \nCM MK T SET 2021  -   As especificações estão sujeitas a alterações sem pr évio aviso . Nós incentivamos a r eciclagem\nAtendiment o em t odo\n o Território Nacional\ncom filiais e r epresentant es nas pr incipais \ncidades e capitais , otimizando o t empo , \ncusto e buscando a ex celência\n na pr estação de ser viços\nEscaneie e saiba mais sobr e o\n contrat o de manut enção \nOSD  N LI A NM EO AC R EMSCISO\n90012015 OSD  N LI A NM EO AC R EMSC']","Based on the provided context, the term ""BEN"" does not appear in the given text. Therefore, it is not possible to provide a meaningful answer to this query without additional information.","O significado de BEN no contexto do orte técnico não está claro, pois a frase fornecida é incompleta.",0.0,1.0,0.0,0.0,0.0,1.0,0.5,0.6161881005218632,0.2620320855614974,0.07999999999999999,0.0,0.0,1,0,1,1,1
9,Qual é a importncia do 'Status chaves internas' no funcinamento do painel?,"['Bypass Estátic o\nAcionamento:  automático , contr olado pelo DSP\nTempo de Transf erência:  0ms (nulo)\nRetr ansf erência ao Modo Normal:  automática \nBypass Manual de Manutenção\nAcionamento:  manual , atrav és de disjuntorn   \nn   \nn   \nn   \nn   \nn   Permite manutenção do No -Break, sem desligar a\n   car ga\nReposição ao Modo Normal:  sem inter rupção\nAlarmes\nContr olados pelo pr ocessador DSP\nTipos de Alarmes:\n    •Sonor os:\n       »  F alta de Rede: 1 toque por segundo  \n       »  P ré-alar me das Bater ias: 2 toques por segundo  \n       »  F alha I nterna do No -Break\n    \n    •Mensagens de Aler ta:\n       »  Display de Cr istal Líquido\n       »  Sof tware IP P ower via TCP/IP*\n       »  M ensagem por e -mail*:\n           -  Operação Nor mal\n           -  F alha de Rede\n           -  P ré-alar me de Bater ias\n           -  B ypass Estático \n           -  B ypass M anual \n           -  Sobr ecar ga de Saída\n           -  F alha I nterna n   \nn   \n   Log de E ventos\nRegistr os Armaz enados:\n    •Reg istro em memór ia EEPR OM\n    \n    •Indicação de data, hora e ocor rência\n    \n    •Medições\n    \n    •Status de operação e alar mes do painel\n   \n    •Status chav es inter nasn   \n   \nProteção Elétricas\nSub e Sobr etensão de Entrada e Saída\nSub e Sobr etensão DC e Bater ia\nSobr ecar ga e C urto-Circuito\nMínima Descar ga de Bater ian     \nn     \nn     \nn     \nMedições\nTrue RMS\nPotência de Saída em kV A\n Potência de Saída em kW\nFator de P otência de Saída\nTensão de Saída\nCorrente de Saída\nFrequência de Saída\nTensão de Bater ia\nTensão de Entrada\nFrequência de Entradan   \nn   \nn  \nn   \nn   \nn   \nn   \nn   \nn   \nn   Características Físicas e Mecânicas\nDimensões Compac tas \n Display : LCD - cr istal líquido r etroiluminado\nEstrutura do G abinete: \n    •Rack: metálico \n    \n    •Painel F rontal: em ABS de alta r esistência \n    \n    •Tampas laterais e super ior removív eis \n    \n    •Acabamento: pintura epó xi-pó na cor g rafite\n       com tratamento tér mico e anticor rosivo \n Movimentação: por r odízios autossustentáv eis \nRodízios com travas*\nTransf ormador Isolador (blindagem eletr ostática*)\nPorta de Comunicação\n    \n    •Serial RS232C Isolada F ull Duplex -DB9 F êmea\n   \n    •Contato Seco DB9 F êmea\nInter faces de G erenciamento\n Mono e multiusuár io, cliente -server e multi-ser ver\nVários ser vidor es em um único No -Break\nFerramentas de Shutdown e Ger enciamento\nProtocolos:\n   \n    •Ser ial RS232 \n    \n    •Serial RS485*\n    \n    •SNMP / Telnet / http / TCP/IP*\nSoftwares de Ger enciamento*\n   \n    •IP P ower e IP P ower SE\n    \n    •Adaptador SNMP NetM ate \n    \n    •Adaptador Ar mModbus RS485\nAmbientes e Sistemas Operacionais\n   \n    •W indows 8 / 10 / 2010 \n    \n    •Linux * \n       (Mar cas dos r espec tivos fabricantes)n   \nn  \nn   \nn   \nn    \nn    \nn     \nn  \nn   \nn   \nn   \nn   \nn       \n    5000       5,00      X 280 X 647         97\n    7500       7,', 'TECNOLOGIA  ON  LINE  COM  BYPASS\nESTÁTICO  DE  MANUTENÇÃO\nCARACTERÍSTICAS  PRINCIPAIS\nTecnologia Avançada \nDSP  (Digital Signal Processor)\nMedições em True RMS com Precisão de \nMultímetros\nBypass Estático de Manutenção\nSoftware de Gerenciamento Remoto Real-Time \nSistema Paralelo Multi Ativo (Exclusivo CM)Permite funções avançadas e exclusivas em \ntempo real.\nPermite que sejam rastreados para análise.\nSão ideais para a medição de cargas não lineares.\nAdicionam proteção e elevam a confiabilidade da \ncarga sensível.\nVia TCP/IP,  com proteção de senhas para acesso \nremoto, shutdown.\nPodem ser paraleladas quantas unidades forem \nnecessárias, possibilitando expansão do sistema, \nde acordo com a demanda de consumo.Memória Interna para Registro de EventosDisplay TFT 4,3"" Touch Screen\n(Item de Série)\nPossibilidade de Upgrade do Firmware do \nDSP \nAcionamentos Monitorados pelo  DSP\nControle Inteligente da Velocidade dos \nCoolersModerna tela com comandos por toque, que \npermite acesso ao No-Break pela internet.\nGarante a utilização e preservação do \ninvestimento.\nAs manobras são registradas e gravadas no \nlog de eventos.\nProlongam a vida útil dos equipamentos \ne reduzem os intervalos de manutenção. Saída Rede Elétric a\nde En trada\nCorrente Alt ernada de Entrada\nCorrente ContínuaCorrente Alternada de Saída\nCorrente Alternada B ypass Estático  Corr ente Alternada B ypass Estático \nde Manutenção Bypass Estático de Manutenção\nPermite a transf erência e o r etorno da car ga do No -Break \npara um cir cuito alter nativ o de f ornecimento de ener gia, \npara atividades de manutenção . Em quaisquer situações , \no fornecimento de ener gia é contínuo , sem \ninter rupções .\nRetificador\nConverte a ener gia da \nrede elétr ica da \nconcessionár ia ou do \ngrupo gerador em \ncorrente contínua, \ncorrigindo ou \neliminando distúr bios   \nda entrada do sistema.Inversor\nConverte a cor rente contínua do \nretificador ou das bater ias em cor rente \nalter nada de saída, com f orma de onda \nBanco de Baterias\nArmaz ena ener gia reser va para alimentar o No -Break \ndurante um per íodo pr edeter minado , denominado Bypass Estático\nSistema de pr oteção \nque, em caso de \nproblemas , transf ere \nautomaticamente a \ncarga para um \ncircuito alter nativ o, \nsem inter rupção no \nfornecimento de \nener gia. Rede Pr esente\nFalha de R ede\nBypass Estátic o\nBypass Estátic o de\n Manutenç ãoNo-Break C onception M ulti A tivo\nTrifásico\nINTERFACES DE \nGERENCIAMENTO   \nREMOTO\nSão compostas por div ersas \nferramentas . O A daptador SNMP \nNetM ate per mite ger enciar \nremotament e o No -Break via a I nternet \natravés de um w eb br owser , monit orar \no status e en viar aler tas por e -mail . \nO sof tware IP P ower é uma f erramenta \nde ger enciament o  Windows \nApplication e a v ersão Client é \nespecífica para  aut omatizar o \nshut down de ser vidor es, podendo \ndesligar aut omática e simultaneament e \nvários ser vidor es e estações . \nO Adaptador Ar mModbus per mite \nintegrar o No -Break, via uma por ta \nRS485, a Sist emas de A utomação \nPredial .DISPLAY TFT 4,3 ‘’ \nTOUCH SCREEN\nCOMANDO POR TOQUE']","The 'Status of internal keys' is important for the operation of the panel as it indicates the status of the internal components and sub-systems of the power management system. It helps in monitoring the operational health and safety of the system, ensuring uninterrupted power supply and identifying any potential issues that may require maintenance or intervention.","O 'Status chaves internas' é importante para o funcionamento do painel, pois indica o status de operação e alarme do painel.",0.9999999999,1.0,0.0,0.0,0.8714581968132045,0.2,0.29,0.665953940082231,0.23770491803278693,0.05128205128205128,0.0,0.0,0,0,1,1,1
10,Quais sã as vantagens dos eqipamentos da CM Comandos em precisã e confiabilidade?,"['Inovação, qualidade, tecnologia\ne confiabilidade. Marcas das\nsoluções CM Comandos Lineares\nCom mais de 40 anos de atuação, a CM Comandos é hoje uma das \nmaiores fabricantes de No-Breaks da América Latina. Além disso, é líder\nabsoluta em soluções para o mercado corporativo. Certiﬁ  cada pela norma ISO-900:2015, a CM Comandos \nressalta o seu compromisso com a excelência dos seus produtos e a total satisfação dos seus clientes.A EMPRESA\nOs  No-Breaks  da  CM  Comandos  são  indicados  para aplicações de  \nmissão crítica, nas mais variadas corporações, oferecendo proteção \ncontra distúrbios de energia elétrica, tais como: cortes, micro-cortes, ruídos, distorção harmônica, picos, \ntransientes, sub e sobretensão e variação de frequência.APLICAÇÕES\nOs equipamentos da CM Comandos operam com maior precisão, agre-\ngam maior número de funções e são mais seguros. Características\nque geram alta conﬁ  abilidade e produtividade nas mais variadas aplicações, minimizam falhas e,\nconsequentemente, custos de manutenção. Em resumo, ser um cliente CM Comandos signiﬁ  ca ter o \nretorno do capital investido e garantias que só uma empresa com amplo suporte técnico pode oferecer.BENEFÍCIOS\nAo escolher a marca CM Comandos Lineares você conta com o melhor supor-\nte técnico de pré e pós-venda da empresa que se consolidou ao longo  des-\ntes 40 anos como líder de mercado. Instrumentação de ponta, proﬁ  ssionais\naltamente qualiﬁ  cados, disponibilidade de atendimento 24 horas, sete dias da semana, call \ncenter e processos certiﬁ  cados que asseguram a excelência dos nossos serviços de suporte.SUPORTE\nTÉCNICO', 'A E M P R E S ACom mais de 35 anos de atuação, a CM Comandos é hoje \numa das maiores fabricantes de No-Breaks da América \nLatina. \nAlém disso, é líder absoluta em soluções para o mercado corporativo. Certificada pela \nnorma ISO-9001:2015, a CM Comandos ressalta o seu compromisso com a excelência \ndos seus produtos e a total satisfação dos seus clientes.Inovação, qualidade, tecnologia\ne confiabilidade. Marcas das\nsoluções CM Comandos Lineares\nA P L I C A Ç Õ E SOs No Breaks  da CM Comandos Lineares são indicados para aplicações \nde missão crítica, nas mais variadas corporações, oferecendo proteção \ncontra distúrbios de energia elétrica, tais como: cortes, micro cortes, ruídos, distorção harmônica, \npicos, transientes, sub e sobre tensão e variações de frequência.\nS U P O R T E\nT É C N I C OAo  escolher  a marca  CM Comandos  Lineares  você  conta com o melhor \nsuporte  técnico  de pré e pós-venda da empresa que se consolidou ao longo \ndestes 36  anos como  líder  de  mercado.\nInstrumentação de ponta, profissionais altamente qualificados, com cobertura nacional e \ndisponibilidade de atendimento 24 horas, sete dias por semana, call center e processos certificados \nque asseguram a excelência dos  nossos serviços  de  suporte.B E N E F Í C I O SOs equipamentos da CM Comandos operam com maior precisão, \nagregam maior número de funções e são os mais seguros. \nCaracterísticas que geram alta confiabilidade e produtividade nas mais variadas aplicações, \nminimizam falhas e, consequentemente,  custos de manutenção. Em resumo,  ser um cliente da \nCM Comandos significa ter o retorno do capital investido e garantias que  só uma empresa com \namplo suporte técnico pode oferecer.\nCM COMANDOS LINEARES\nOSD L NI A NM EA OR CEM SCISO\n9001\n2015']","The equipment from CM Comandos offers increased precision and reliability, which results in higher productivity and fewer failures, thereby minimizing maintenance costs. By choosing the CM Comandos brand, you can expect the best pre and post-sales support from a company with over 40 years of experience as a market leader, offering top-notch instrumentation, highly qualified professionals, 24/7 support, and certified processes for excellent service.","As vantagens dos equipamentos da CM Comandos incluem maior precisão, um maior número de funções, alta confiabilidade e produtividade, minimizando falhas e custos de manutenção.",0.99999999995,1.0,0.9999999900000002,0.9,0.8454203041941831,1.0,0.46,0.7701696304216614,0.2079646017699115,0.04166666666666666,0.0,0.0,1,0,1,0,0
11,Quais os benefícios do atendimento 24 horas da CM Comandos Lineares?,"['Inovação, qualidade, tecnologia\ne confiabilidade. Marcas das\nsoluções CM Comandos Lineares\nCom mais de 40 anos de atuação, a CM Comandos é hoje uma das \nmaiores fabricantes de No-Breaks da América Latina. Além disso, é líder\nabsoluta em soluções para o mercado corporativo. Certiﬁ  cada pela norma ISO-900:2015, a CM Comandos \nressalta o seu compromisso com a excelência dos seus produtos e a total satisfação dos seus clientes.A EMPRESA\nOs  No-Breaks  da  CM  Comandos  são  indicados  para aplicações de  \nmissão crítica, nas mais variadas corporações, oferecendo proteção \ncontra distúrbios de energia elétrica, tais como: cortes, micro-cortes, ruídos, distorção harmônica, picos, \ntransientes, sub e sobretensão e variação de frequência.APLICAÇÕES\nOs equipamentos da CM Comandos operam com maior precisão, agre-\ngam maior número de funções e são mais seguros. Características\nque geram alta conﬁ  abilidade e produtividade nas mais variadas aplicações, minimizam falhas e,\nconsequentemente, custos de manutenção. Em resumo, ser um cliente CM Comandos signiﬁ  ca ter o \nretorno do capital investido e garantias que só uma empresa com amplo suporte técnico pode oferecer.BENEFÍCIOS\nAo escolher a marca CM Comandos Lineares você conta com o melhor supor-\nte técnico de pré e pós-venda da empresa que se consolidou ao longo  des-\ntes 40 anos como líder de mercado. Instrumentação de ponta, proﬁ  ssionais\naltamente qualiﬁ  cados, disponibilidade de atendimento 24 horas, sete dias da semana, call \ncenter e processos certiﬁ  cados que asseguram a excelência dos nossos serviços de suporte.SUPORTE\nTÉCNICO', 'A E M P R E S ACom mais de 35 anos de atuação, a CM Comandos é hoje \numa das maiores fabricantes de No-Breaks da América \nLatina. \nAlém disso, é líder absoluta em soluções para o mercado corporativo. Certificada pela \nnorma ISO-9001:2015, a CM Comandos ressalta o seu compromisso com a excelência \ndos seus produtos e a total satisfação dos seus clientes.Inovação, qualidade, tecnologia\ne confiabilidade. Marcas das\nsoluções CM Comandos Lineares\nA P L I C A Ç Õ E SOs No Breaks  da CM Comandos Lineares são indicados para aplicações \nde missão crítica, nas mais variadas corporações, oferecendo proteção \ncontra distúrbios de energia elétrica, tais como: cortes, micro cortes, ruídos, distorção harmônica, \npicos, transientes, sub e sobre tensão e variações de frequência.\nS U P O R T E\nT É C N I C OAo  escolher  a marca  CM Comandos  Lineares  você  conta com o melhor \nsuporte  técnico  de pré e pós-venda da empresa que se consolidou ao longo \ndestes 36  anos como  líder  de  mercado.\nInstrumentação de ponta, profissionais altamente qualificados, com cobertura nacional e \ndisponibilidade de atendimento 24 horas, sete dias por semana, call center e processos certificados \nque asseguram a excelência dos  nossos serviços  de  suporte.B E N E F Í C I O SOs equipamentos da CM Comandos operam com maior precisão, \nagregam maior número de funções e são os mais seguros. \nCaracterísticas que geram alta confiabilidade e produtividade nas mais variadas aplicações, \nminimizam falhas e, consequentemente,  custos de manutenção. Em resumo,  ser um cliente da \nCM Comandos significa ter o retorno do capital investido e garantias que  só uma empresa com \namplo suporte técnico pode oferecer.\nCM COMANDOS LINEARES\nOSD L NI A NM EA OR CEM SCISO\n9001\n2015']","The benefits of CM Comandos Lineares' 24-hour support include access to highly qualified professionals, nationwide coverage, and the ability to receive assistance anytime, seven days a week. This level of support contributes to higher precision, increased functionality, and enhanced safety in various applications, ultimately minimizing failures and reducing maintenance costs. By choosing CM Comandos Lineares, customers can expect a reliable and productive experience, as well as a solid return on their investment.","Os benefícios do atendimento 24 horas da CM Comandos Lineares incluem suporte técnico de alta qualidade, disponibilidade contínua e processos certificados que asseguram a excelência dos serviços.",0.99999999995,1.0,0.3999999992,0.9,0.9340181905961774,0.5,0.31,0.8175970717831808,0.2355212355212355,0.09523809523809523,0.0,0.0,1,0,1,0,1
12,"Qual é a importância do fator de potência de 0,7 na configuração do sistema elétrico mencionado?","['ESPECIFICAÇÕES TÉCNICAS \nEntrada\nn Tensão: \n    •  3kVA \n100/110/115/120/127 VAC 120V (standard) ou  \n200/208/220/230/240 VAC 220V (standard) \n    •  6kVA / 10kVA\n 200/208/220/230/240 VAC 220V (standard)\nn Variação Admissível:\n   •   3kVA \n55-150 VAC ou 110-300 VAC @ 50% de Carga\n80-150 VAC ou 160-300 VAC @ 100% de Carga\n   •   6kVA / 10kVA \n110-300 VAC @ 50% de Carga\n176-300 VAC @ 100% de Carga \nn Freqüência: 50/60 Hz                           \nn Variação de Freqüência Admissível:   \n    •    3kVA  \n40-70Hz\n    •    6kVA / 10 kVA \n46-54Hz @50Hz e 56-64Hz @60Hz\nn  Configuração:\nMonofásica \nn Fator de Potência:\n≥ 0.99 Tensão nominal (100% de Carga)\nn Distorção Harmônica THDi:\n    •    3kVA\n ≤ 5% @ Tensão de Entrada nominal\n    •    6kVA / 10kVA\n<4% @100% de Carga, <6% @50% de Carga\nSaída\nnTensão: \n    •   3kVA \n100/110/115/120/127 VAC 115V (standard) ou \n200/208/220/230/240 VAC 220V (standard) \n    •   6kVA / 10kVA \n200/208/220/230/240 VAC 220V (standard) \nn Fator de Potência:  1,0\nn Regulação Estática:   ± 1% nominal modo \nbateria\nn Freqüência:   50 / 60 Hz \nn Variação de Freqüência: \n± 0,1Hz em modo bateria\nn Sincronismo com a Rede:   Sim\nn Configuração:   \n Monofásica f+n+t \nn Forma de Onda:   Onda senoidal pura\nn Distorção Harmônica THD:  \n •   3kVA \n    ≤ 2% carga linear \n    ≤ 4% carga não-linear \n •   6kVA / 10kVA \n    ≤ 1% carga linear \n    ≤ 4% carga não-linearBaterias\nn  Composição:  \n    •    72  VDC - 3,0 kVA \n    •     240 VDC - 6,0 kVA \n    •     240 VDC - 10,0 kVA \nn  Sistema de Recarga: \ncontrolado, automático\nn Tempo de Recarga:  \n8 a 10 horas para 90% da carga\nn Tipo: \nseladas, isentas de manutenção\nn  Paralelismo Redundante (N+1) \n»  Disponível nas potências de 6 e 10kVA\nn By-pass estático (inteligente):  \nO termo inteligente aplica-se, visto que a linha \nComposition XV  possui desligamento da saída da \nchave estática em condições que, a tensão da rede \napresenta variações fora da faixa de trabalho, prote -\ngendo a carga contra sub ou sobre tensão mesmo \nna condição de by-pass estático.', 'ESPECIFICAÇÕES TÉCNICAS \nEntrada\nn Tensão: \n• 380/400/415V\n• 200/208/220V\nn Variação Admissível:\n± 25% da tensão nominal\nn Freqüência: 50/60 Hz                           \nn Variação de Freqüência Admissível:  ± 8%\nnCon/f_i  guração: 3F + N + T\nn Fator de Potência: 0,99\nSaída\nn Tensão: \n• 380/400/415V\n• 200/208/220V\nn Potências Disponíveis:\n• 380/400/415V - 25 e 50 kW Modular\n• 200/208/220V- 30 kW Modular\nnRegulação Estática:  ± 1% nominal \nnFreqüência:  50 / 60 Hz \nnVariação de Freqüência:  0,10%\nnCon/f_i  guração:  3F + N + T \nn  Forma de Onda:  senoidal\nn  Distorção Harmônica THD:  ≤ 1% carga linear \nn Fator de Crista:   3:1 \nn  Capacidade de Sobrecarga: \n• 110% por 1 hora; 125% por 10 minutos; \n• 150% por 1min; 150% por 200 ms.']","The power factor indicates how effectively electrical power is being used. A power factor closer to 1 is considered more efficient. A power factor of 0.7 is not ideal, as it suggests that the system is not operating at its maximum efficiency. This could lead to increased energy consumption and higher electricity costs. Therefore, it's important to aim for a power factor closer to 1 to ensure efficient operation of the system. However, the provided context does not mention a power factor of 0.7, so it's unclear whether this is a target value or a current operating condition.","O fator de potência de 0,7 é importante na configuração do sistema elétrico mencionado, pois indica a eficiência com que a energia elétrica é utilizada, afetando a capacidade de carga e a qualidade da energia fornecida.",0.0,0.0,0.0,0.0,0.0,0.2,0.57,0.5899684794848725,0.2310344827586207,0.08450704225352114,0.0,0.0,0,0,1,0,0
13,Quais são os benefícios de ter profissionais qualificados na CM Comandos Linear?,"['Inovação, qualidade, tecnologia\ne confiabilidade. Marcas das\nsoluções CM Comandos Lineares\nCom mais de 40 anos de atuação, a CM Comandos é hoje uma das \nmaiores fabricantes de No-Breaks da América Latina. Além disso, é líder\nabsoluta em soluções para o mercado corporativo. Certiﬁ  cada pela norma ISO-900:2015, a CM Comandos \nressalta o seu compromisso com a excelência dos seus produtos e a total satisfação dos seus clientes.A EMPRESA\nOs  No-Breaks  da  CM  Comandos  são  indicados  para aplicações de  \nmissão crítica, nas mais variadas corporações, oferecendo proteção \ncontra distúrbios de energia elétrica, tais como: cortes, micro-cortes, ruídos, distorção harmônica, picos, \ntransientes, sub e sobretensão e variação de frequência.APLICAÇÕES\nOs equipamentos da CM Comandos operam com maior precisão, agre-\ngam maior número de funções e são mais seguros. Características\nque geram alta conﬁ  abilidade e produtividade nas mais variadas aplicações, minimizam falhas e,\nconsequentemente, custos de manutenção. Em resumo, ser um cliente CM Comandos signiﬁ  ca ter o \nretorno do capital investido e garantias que só uma empresa com amplo suporte técnico pode oferecer.BENEFÍCIOS\nAo escolher a marca CM Comandos Lineares você conta com o melhor supor-\nte técnico de pré e pós-venda da empresa que se consolidou ao longo  des-\ntes 40 anos como líder de mercado. Instrumentação de ponta, proﬁ  ssionais\naltamente qualiﬁ  cados, disponibilidade de atendimento 24 horas, sete dias da semana, call \ncenter e processos certiﬁ  cados que asseguram a excelência dos nossos serviços de suporte.SUPORTE\nTÉCNICO', 'OSD  L NI A NM EA OR C EM SCISO\n90012015\nInovação , qualidade , tecnolo gia\ne confiabilidade . Marcas das\nsoluções CM C omandos Linear es\nCom mais de 40 anos de atuação , a CM Comandos é hoje uma das \nmaior es fabricant es de No-Breaks da Amér ica Latina. Além disso , é líder\nabsoluta em soluções para o mercado corporativ o. Certificada pela norma ISO-900:2015, a CM Comandos \nressalta o seu compr omisso com a excelência dos seus produt os e a total satisfação dos seus client es.A EMPRESA\nOs    No-Breaks   da   CM     Comandos  são  indicados   para    aplicações \nde  missã o crítica, nas mais variadas corporações , oferecendo proteção \ncontra distúr bios de ener gia elétr ica, tais como: cortes, micr o-cortes, ruídos , distorção harmônica, picos , \ntransient es, sub e sobr etensão e var iação de fr equência.APLICAÇÕES\nOs equipament os da CM Comandos operam com maior precisão , agre-\ngam maior númer o de funções e são mais segur os. Carac terísticas\nque geram alta confiabilidade e produtividade nas mais variadas aplicações , minimizam falhas e,\nconsequent ement e, cust os de manut enção . Em resumo , ser um client e CM Comandos significa ter o \nretorno do capital investido e garantias que só uma empr esa com amplo supor te técnico pode oferecer .BENEFÍCIOS\nAo escolher a marca CM Comandos Linear es você conta com o melhor supor -\nte técnico de pré e pós- venda da empr esa que se consolidou ao longo  des-\ntes 40 anos como líder de mercado . Instrumentação de ponta, profissionais\naltament e qualificados , disponibilidade de atendiment o 24 horas , sete dias da semana, call \ncent er e processos certificados que asseguram a excelência dos nossos serviços de supor te.SUPORTE\nTÉCNIC O']","Having highly qualified professionals at CM Comandos Lineares means access to excellent technical support, both pre and post-sales. This results in more accurate equipment operation, a greater number of functions, and increased safety. Additionally, it leads to higher reliability and productivity in various applications, minimizing failures and reducing maintenance costs. Ultimately, being a CM Comandos customer signifies receiving a return on investment and guarantees only a company with extensive technical support can offer.","Os benefícios de ter profissionais qualificados na CM Comandos Linear incluem suporte técnico de alta qualidade, disponibilidade 24 horas por dia, processos certificados e a garantia de excelência nos serviços de suporte.",0.99999999995,1.0,0.1999999996,0.2,0.9561309710598555,1.0,0.18,0.7861288279485574,0.23684210526315785,0.07272727272727272,0.0,0.0,1,1,1,0,1
14,Quais são as implicações de as especificações estarem sujeitas a alterações em projetos customizados dentro do Sistema de Sustentabilidade Auditada?,"['Av. Eng . Alber to de Zagottis , 760 - 04675-085 -  São P aulo - SP\nTel.: (11) 5696-5000\nwww.cmcomandos .com.brOSD  N LI A NM EO AC R EM SCISO\n90012015\nSistema de \nSustentabilidade A uditado\nMEDIDAS DE PRO TEÇÃO VITAIS P ARA INST ALAÇÕES ELÉTRIC AS HOSPIT ALARES \nO Transf ormador de Separação possui alta isolação galvânica e gera um \ncircuito elétr ico isolado com sist ema de at errament o IT. \nEste cir cuito ex clusiv o  é monit orado pelo DSI.  Na ocor rência de qualquer \nfalha de isolação das car gas sensív eis alimentadas , o DSI imediatament e \naciona um alar me  para  a equipe de manut enção .       Sist ema IT \nSistema IT c om IHM e L ocalizador de F alhas Exemplos de Diagr amas de Aplicações  \n Imagens Ilus trativas\n Imagens Ilus trativas\nCM MK T  JAN 24 - *As especificações  técnicas estão sujeitas a alterações sem aviso pr évio e conf orme necessidades de pr ojetos customizados .                 Nós incentivamos a r eciclagem.', 'Vantagens do C ontrat o de M anut enção \nAtravés do contrat o de manut enção , técnicos e gest ores de manut enção podem r eduzir a deg radação dos seus equipament os, prolongando \no tempo de vida útil e evitando int ervenções cor retivas , que geram cust os elevados e t êm impac tos negativ os.\nn   Supor te técnico por t elefone, durant e 24hs/dia\nn   Minimizar os r iscos e pr ejuíz os de t er um equipament o parado\nn   Prioridade no at endiment o no caso de uma parada \nn Redução da necessidade de manut enção cor retivas em at é 80% e \nconsequent e  redução de cust os\nn  Serviços de cor retivas , quando  inclusos no contrat o \nn Redução de cust o: equipament os com manut enção pr eventiva \nadequada sofr em menos desgast es e, por tanto \ntem sua vida útil ampliada. \nAv. Eng . Alber to de Zagottis , 760 - 04675-085 -  São P aulo - SP\nTel.: (11) 5696-5033 \nwww.cmcomandos .com.br\nSistema de \nSustentabilidade A uditadoIdentifique Nossa E quipe \nUniforme P adrão \nCamisa azul   Calça azul   Crachá  \nPedro\nSuporte Técnico0000000000001Nome:\nRG:\nSetor:João P edro \nMatrícula:\n1111 25.613.810-2\nAssistência Técnica\n1.Uso... \nJOÃO PEDRO \nSuporte Técnico Supor te Técnico\nCall C enter int egrado ao sist ema de gestão ERP\nTécnicos Treinados e Qualificados\nEquipados com I nstrumentação de P onta\nAnalisador de Har mônicos\nAtendiment o 24 horas - 7 dias da semana via C ontrat os\nde M anut enção P reditiva, P reventiva e C orretiva\n  Supor te Pleno de P ré e P ós-V enda\nAmpla cober tura em t odo o paísn   \nn  \nn  \nn  \nn  \nn\nn  \nCM MK T SET 2021  -   As especificações estão sujeitas a alterações sem pr évio aviso . Nós incentivamos a r eciclagem\nAtendiment o em t odo\n o Território Nacional\ncom filiais e r epresentant es nas pr incipais \ncidades e capitais , otimizando o t empo , \ncusto e buscando a ex celência\n na pr estação de ser viços\nEscaneie e saiba mais sobr e o\n contrat o de manut enção \nOSD  N LI A NM EO AC R EMSCISO\n90012015 OSD  N LI A NM EO AC R EMSC']","When specifications are subject to changes without prior notice, it implies a need for flexibility and adaptability in customized projects within the Audited Sustainability System. This situation may require continuous communication between the parties involved to ensure any alterations are understood and implemented correctly. Additionally, it could necessitate robust project management to mitigate potential impacts of these changes on project timelines, costs, and outcomes.","As implicações de as especificações estarem sujeitas a alterações em projetos customizados dentro do Sistema de Sustentabilidade Auditada incluem a necessidade de adaptação contínua e a possibilidade de ajustes nos processos, o que pode impactar a execução e a eficácia dos projetos.",0.9999999999,1.0,0.0,0.0,0.0,0.8,1.0,0.7482302627437853,0.29166666666666663,0.017699115044247787,0.0,0.0,0,0,1,1,1
15,Quais são as principais características dos no-breaks modernos utilizados em ambientes corporativos?,"['Alta Tecnologia em\nProcessamento Digital de Sinais - DSP\nHoje esta tecnologia está presente nos mais soﬁ  sticados sistemas eletrônicos devido a sua alta velocidade e conﬁ  abil-\ndade. Processadores Digitais de Sinais são capazes de processar dez milhões de amostragens por segundo. Isso signiﬁ  -\nca processamento em tempo real - o sinal é processado no mesmo instante em que é recebido, sem retardos ou atrasos.Vivemos  em um mundo cada vez mais ágil e prático. Um mundo conectado por processadores, chips, softwares e periféricos.  Mas \nainda não é o bastante, por isso, o mundo caminha para tecnologias de processamento imediato de dados. A CM Comandos está \num passo à frente e oferece aos seus clientes produtos dotados de uma tecnologia revolucionária, denominada Processamento \nDigital de Sinais - DSP .\nToda linha de No-Breaks Composition conta com a tecno-\nlogia DSP . Característica que proporciona alta performa-\nce e conﬁ  abilidade, tornando-os ideais para aplicações de \nmissão crítica. Ou seja, protegem as aplicações nas quais a  \ncontinuidade da operação é de fundamental importância. \nProjetados com o uso intenso dos recursos da tecnologia\nDSP , os No-Breaks Composition agregam novos e avançados \nrecursos que estabelecem um novo conceito em desenvolvi-\nmento, no qual o ﬁ  rmware dos equipamentos pode ser atuali-\nzado acrescentando novas funções em  unidades já instaladas.\nAo pensar em adquirir No-Breaks, conte com as soluções da \nCM Comandos, que asseguram tecnologia de ponta, máxima \nproteção, precisão digital e processamento em tempo real.OS MAIS MODERNOS NO-BREAKS CORPORATIVOS', 'S I S T E M A PA R A L E L O M U LT I AT I V O ( E X C L U S I V O C M C O M A N D O S )\nA CM Comandos Lineares desenvolveu um sistema inovador e pioneiro no mundo de paralelismo entre No Breaks. O sistema Paralelo \nMulti Ativo permite a expansão do sistema, de acordo com sua demanda de consumo, podendo paralelar quantas unidades forem \nnecessárias para atender sua demanda, elevando a capacidade do sistema e a confiabilidade de sua aplicação.\nP O S S I B I L I D A D E D E S O M A T Ó R I A D E  P O T Ê N C I A S\nPermite a ligação para somatória de potência, utilizando dois ou mais No \nBreaks para atingir a demanda da carga total.\nQuando utilizado para somatória de potência, possibilita a ligação de \nNo Breaks com potências diferentes. Quando a ligação for feita com No \nBreaks de potências diferentes, a carga será distribuída \nproporcionalmente. Permite a ligação em paralelo redundante N + 1,  N + 2, N + 3 … N+X,  \npossibilitando o desligamento de uma ou mais unidades mantendo a \ncarga ativa.L I G A Ç Ã O E M P A R A L E L O R E D U N D A N T E\nA comunicação entre os No Breaks consiste no barramento de \ncomunicação comum, por onde transitam informações contendo \nnível de carga, sincronismo e a condição do by pass.C O M U N I C A Ç Ã O E N T R E O S N O B R E A K STodos os No Breaks são autônomos, operam de forma \nindependente no sistema e possuem controle individual.N Ã O E X I S T E N O B R E A K M E S T R E O U E S C R A V OPodem ser paraleladas quantas unidades forem necessárias, \npossibilitando expansão do sistema, de acordo com a demanda de \nconsumo.Q U A N T I D A D E I L I M I T A D A P A R A P A R A L E L I S M O\nM A N U T E N Ç Ã O D O N O B R E A K\nPermite a inserção ou retirada de um No Break no sistema, sem a \nnecessidade de parada.Rede Elétrica\nde Entrada\nSaídaNo Break 1\n Potência de \n30 kVANo Break 2\nPotência de \n10 kVANo Break 3\nPotência de \n20 kVA\nCarga fornecida pelo sistema = 150 kVANo Break 4\nPotência de \n30 kVANo Break 5\nPotência de \n20 kVANo Break 6\nPotência de \n40 kVA\nINTERFACES DE \nGERENCIAMENTO   \nREMOTO\nSão compostas por diversas ferramentas. O \nAdaptador SNMP NetMate permite\ngerenciar remotamente o No Break via a \nInternet através de um web browser,\nmonitorar o status e enviar alertas por e-mail. \nO software IP Power é uma ferramenta de \ngerenciamento  Windows Application e a \nversão Client é específica para  automatizar o \nshutdown de servidores, podendo desligar \nautomática e simultaneamente vários\ns e r v i d o r e s  e  e s t a ç õ e s .\nO Adaptador ArmModbus permite integrar \no  N o  B r e a k ,  v i a  u m a  p o r t a\nRS485, a Sistemas de Automação Predial.']","The modern corporate no-break systems have several advanced features, including:

1. High performance and reliability, ensuring they are ideal for mission-critical applications where continuous operation is essential.
2. Utilization of Digital Signal Processing (DSP) technology, which allows for real-time processing of up to ten million samples per second, enabling immediate processing of signals without delays or lags.
3. The ability to expand the system according to demand, with multiple units that can be connected in parallel for increased capacity and redundancy.
4. Support for parallel redundant connections, allowing for the connection of No Breaks with different power ratings, with load distribution occurring proportionally.
5. Autonomous operation of each No Break unit, with individual control and communication via a common bus for load level, synchronism, and bypass status information.
6. The option to add or remove No Break units without requiring system shutdown, allowing for seamless expansion and maintenance.
7. Integration with remote management interfaces, such as SNMP NetMate for web-based remote management, IP Power for Windows-based server shutdown automation, and ArmModbus for integration with Building Automation Systems via RS485.","Os no-breaks modernos utilizados em ambientes corporativos possuem características como alta capacidade de carga, tempo de autonomia prolongado, monitoramento remoto, proteção contra surtos de energia e eficiência energética.",0.49999999995,0.2,0.0,0.75,0.8892427068667595,1.0,0.08,0.6703723646133289,0.14026792750197004,0.018433179723502308,0.0,0.0,0,0,1,1,1
16,Quais são as principais maneiras pelas quais a Redução de Custo de Propriedade é alcançada no gerenciamento de baterias?,"['Equaliz erActive Batt ery Mangement\nBENEFÍCIOS\nEstende a vida útil das baterias\nO sistema de Equalização Ativa mantém as baterias em condições \nideais, maximizando a sua vida útil. Reduz a necessidade de troca das \nbaterias e reduz o custo.\nRedução de Custo de Propriedade\nProlonga a vida útil das baterias, reduz o período de trocas e \nautomatiza a manutenção, reduzindo enormes custos com \nintervenções manuais.\nEcológico e Sustentável\nNa era da sustentabilidade, reduzir o consumo de baterias significa \nusar menos recursos e gerar menos descartes no meio ambiente.Análise da Vida Útil da Bateria\nAnalisa a curva de carga e descarga de um banco de baterias e \nacompanhe a evolução da vida útil, algo que é impraticável fazer \nmanualmente.Minimiza o Downtime por falha da bateria\nO prejuízo decorrente de uma queda do sistema por falha de bateria \ngera um valor incalculável para a sua operação.CARACTERÍSTICAS  \nPRINCIPAIS\nEqualização Ativa Individual do Banco de Baterias\nEleva a vida útil e a confiabilidade das baterias. \nPermite que as baterias atinjam a máxima vida útil de operação.\nAutomatização da Manutenção das Baterias\nO sistema mantém as baterias em condições ideais automaticamente. \nA análise e o diagnóstico são realizados à distância, individualmente e \nsem precisar desligar o sistema.\nMonitoramento em Tempo Real das Baterias\nMonitora a condição das baterias em tempo real à distância,  de \nforma eficiente e reduzindo o elevado custo com intervenções \nmanuais.Medição da Impedância da Bateria\nA Impedância interna é o parâmetro real da condição da bateria. \nAlém disso, mede a tensão e temperatura individual de cada bateria e \ngrava na memória.Previne contra quedas do sistema por defeito nas baterias\nO sistema monitora constantemente as baterias individualmente e \nenvia alarmes antes de ocorrer um problema.\nCONFIGURAÇÃO DO BANCO DE BATERIAS\nAPLICAÇÕES\nn   \nn   \n Banc os de Ba terias:\n• Sist emas No -Breaks\n• Retificador es de Telecomunicações\n• Ener gia Solar e Eólica\n• Compatív el com t odas as mar cas \nde equipament os, independent e \ndo fabr icant e.\nTipos :\n• Seladas Reguladas por Válvula VRLA\n• Estacionár ias\n• 12VDC e 2VDC', 'Banco de Baterias  \n \n \n \nCuidados com as Baterias  \n \nAs baterias são componentes eletroquímicos e a sua utilização \ndeve ser realizada exclusivamente por técnicos treinados e habilitados.  \nA armazenagem e utilização deve respeitar as condições de \ntemperatur a ambiente, nunca superior a 30° C, sob pena de reduzir as \nsuas características eletroquímicas e consequentemente, a sua vida \nútil. \nAlém disso, possuem em seu interior, componentes químicos \nque podem contaminar o meio ambiente e causar danos à saúde \nhumana.  \nPor este motivo, jamais devem ser abertas e suas partes \ninternas desmontadas.   \nAo término da sua vida útil, após a sua reposição, deve ser realizado o \ndescarte apropriado, enviado o produt o à reciclagem adequada.  \nInforme -se sobre postos de coleta e descarte de baterias na sua \nregião ou se preferir, entre em contato com a nossa Assistência \nTécnica.']","The reduction in total cost of ownership in battery management is achieved through several key factors. Firstly, the Active Battery Management system extends the lifespan of batteries by maintaining them in optimal conditions, which in turn reduces the frequency of battery replacements and lowers costs. Additionally, it automates maintenance, reducing the need for manual interventions and their associated costs. The system also analyzes battery lifespan, making it possible to track the evolution of battery health over time, which would be impractical to do manually. Furthermore, it minimizes downtime due to battery failure by constantly monitoring batteries and sending alerts before any issues occur. This proactive approach helps prevent costly system failures.","A Redução de Custo de Propriedade no gerenciamento de baterias é alcançada prolongando a vida útil das baterias, reduzindo o período de trocas e automatizando a manutenção, o que diminui custos com intervenções manuais.",0.9999999999,1.0,0.0,0.6,0.852500459048152,0.9333333333333333,0.62,0.7189822987363951,0.19455252918287935,0.0,0.0,0.0,1,1,1,1,1
17,Quais as implicações de especificações estarem sujeitas a mudanças sem aviso no contexto do CM. MKT OUT 23?,"['Inovação, qualidade, tecnologia\ne confiabilidade. Marcas das\nsoluções CM Comandos Lineares\nCom mais de 40 anos de atuação, a CM Comandos é hoje uma das \nmaiores fabricantes de No-Breaks da América Latina. Além disso, é líder\nabsoluta em soluções para o mercado corporativo. Certiﬁ  cada pela norma ISO-900:2015, a CM Comandos \nressalta o seu compromisso com a excelência dos seus produtos e a total satisfação dos seus clientes.A EMPRESA\nOs  No-Breaks  da  CM  Comandos  são  indicados  para aplicações de  \nmissão crítica, nas mais variadas corporações, oferecendo proteção \ncontra distúrbios de energia elétrica, tais como: cortes, micro-cortes, ruídos, distorção harmônica, picos, \ntransientes, sub e sobretensão e variação de frequência.APLICAÇÕES\nOs equipamentos da CM Comandos operam com maior precisão, agre-\ngam maior número de funções e são mais seguros. Características\nque geram alta conﬁ  abilidade e produtividade nas mais variadas aplicações, minimizam falhas e,\nconsequentemente, custos de manutenção. Em resumo, ser um cliente CM Comandos signiﬁ  ca ter o \nretorno do capital investido e garantias que só uma empresa com amplo suporte técnico pode oferecer.BENEFÍCIOS\nAo escolher a marca CM Comandos Lineares você conta com o melhor supor-\nte técnico de pré e pós-venda da empresa que se consolidou ao longo  des-\ntes 40 anos como líder de mercado. Instrumentação de ponta, proﬁ  ssionais\naltamente qualiﬁ  cados, disponibilidade de atendimento 24 horas, sete dias da semana, call \ncenter e processos certiﬁ  cados que asseguram a excelência dos nossos serviços de suporte.SUPORTE\nTÉCNICO', '• Grau de Proteção: IP-20\nCaracterísticas Físicas e Mecânicas \nn Dimensões Compactas\nn Display LCD - cristal líquido retro-iluminado\nn Estrutura do Gabinete:\n  • Rack: metálico\n  • Acabamento: pintura epóxi-pó na cor graﬁ  te\ncom tratamento térmico e anti-corrosivo\n  • Ventilação: forçada, com controle digital de\nvelocidade pelo DSP  \n  • Porta de Comunicação:\n    » Serial RS232C IsoladaInterfaces de Gerenciamento\nn Mono e multi-usuário, client-server e\nmultiservidores \nn Ferramentas de Shutdown e Gerenciamento\nn  Protocolos:\n    • Serial Rs232\n    • Serial Rs485*\n    • Modbus*\n    • SNMP / Telnet / http / TCP/IP*\nn Softwares de Gerenciamento*\n    • Adaptador SNMP* V1, V2, V3.\nn Ambientes e Sistemas Operacionais\n   • Windows 10  \n   • Linux\n(Marcas dos respectivos fabricantes)\nCM MKT  JAN 24 - *As especiﬁ  cações  técnicas estão sujeitas a alterações sem aviso prévio e conforme necessidades de projetos customizados.                 Nós incentivamos a reciclagem.\nCM MKT  JAN 24 - *As especiﬁ  cações  técnicas estão sujeitas a alterações sem aviso prévio e conforme necessidades de projetos customizados.                 Nós incentivamos a reciclagem.\nAv. Eng. Alberto de Zagottis , 760 - 04675-085 - São Paulo - SP\nTel.:(11) 5696-5000\nwww.cmcomandos.com.brSistema de \nSustentabilidade AuditadaModelo Peso\n (sem baterias)\nkg Dimensões Físicas \nlarg x alt x prof \nmm Potência \nkVA\n 25000      25,0         436 x 85 x 677           18Módulo No-Break 25 kW - 380/400/415V\nModelo Peso\n (sem baterias)\nkg Dimensões Físicas \nlarg x alt x prof \nmm Potência \nkVA\n 150000   150,0       482 x 931 x 916        150Gabinete para Módulo 25kW - 380/400/415V\nModelo Peso\n (sem baterias)\nkg Dimensões Físicas \nlarg x alt x prof \nmm Potência \nkVA\n 50000      50,0        510 x 178 x 700         45Módulo No-Break 50 kW - 380/400/415V\nModelo Peso\n (sem baterias)\nkg Dimensões Físicas \nlarg x alt x prof \nmm Potência \nkVA\n 100000   100,0      600 x 1150 x 980      120Gabinete para Módulo 50kW - 380/400/415V\n 200000   200,0      650 x 1600 x 960      170\n 300000   300,0      650 x 2000 x 970      220\n 500000   500,0    1300 x 2000 x 1100    450Modelo Peso\n (sem baterias)\nkg Dimensões Físicas \nlarg x alt x prof \nmm Potência \nkVA\n 30000      30,0        510 x 178 x 700         45Módulo No-Break 30 kW - 200/208/220V\nModelo Peso\n (sem baterias)\nkg Dimensões Físicas \nlarg x alt x prof \nmm Potência \nkVA\n  60000    100,0      600 x 1150 x 980      120Gabinete para Módulo 30 kW - 200/208/220V\n 120000   120,0      650 x 1600 x 960      170\n 180000   180,0      650 x 2000 x 970      220\n 300000   300,0    1300 x 2000 x 1100    450DIMENSÕES FÍSICAS']","If specifications are subject to change without notice in the context of CM. MKT OUT 23, it implies that the features and characteristics of the products and services offered by CM Comandos Lineares may undergo modifications. This situation can have several consequences for customers, such as:

1. Incompatibility: Changes in specifications might render previously compatible systems or components incompatible with the updated products.
2. Additional costs: Customers may need to invest in new equipment, software, or services to adapt to the changes in specifications.
3. Training: Users might have to learn how to operate and manage the updated products or services, which could require additional time and resources.
4. Planning and scheduling: Changes in specifications could affect project timelines and require adjustments in planning and scheduling.
5. Performance: The updated products or services might perform differently than the previous versions, which could impact user experience and satisfaction.

It is essential for customers to stay informed about any changes in specifications and carefully evaluate how these alterations could affect their operations and investments. Additionally, CM Comandos Lineares should provide clear and timely communication regarding any modifications to ensure that customers can make informed decisions and take appropriate actions.","As implicações de especificações estarem sujeitas a mudanças sem aviso no contexto do CM. MKT OUT 23 incluem a necessidade de adaptação rápida por parte dos envolvidos, o que pode impactar o planejamento e a execução de estratégias.",0.49999999995,1.0,0.0,0.0,0.8466067733805992,0.07142857142857142,0.33,0.7190914701546378,0.12952243125904483,0.03305785123966942,0.0,0.0,0,0,1,1,1
18,Quais são as principais funções do Bypass Estático em um sistema de proteção de energia?,"['TECNOLOGIA ON LINE COM BYPASS ESTÁTICO DE MANUTENÇÃO\nINTERFACE DE GERENCIAMENTO REMOTO\nAs Interfaces de Gerenciamento Remoto são compostas por diversas ferramentas, sendo elas: \n•  O Adaptador SNMP que permite gerenciar remotamente o No-Break via Internet através de um web browser,  monitorar o status \ne enviar alertas por e-mail. \n• O software, uma ferramenta de gerenciamento Windows Application e a versão Client é especíﬁ  ca para automatizar o shutdown \nde servidores, podendo desligar automática e simultaneamente vários servidores e estações. \n• O Adaptador Modbus permite integrar o No-Break, via uma porta RS485, a Sistemas de Automação Predial.\nBypass Estático\nSistema de proteção que, em caso de \nproblemas, transfere automaticamente \na carga para um circuito alternativo, sem \ninterrupção no fornecimento de energia.Bypass Estático de Manutenção\nPermite a transferência e o retorno da carga do No-Break para um circuito \nalternativo de fornecimento de energia, para atividades de manutenção. \nEm quaisquer situações, o fornecimento de energia é contínuo, sem \ninterrupções.\nBanco de Baterias\nArmazena energia reserva para alimentar o No-Break \ndurante um período predeterminado, denominado como \ntempo de autonomia do No-Break.Retificador\nConverte a energia da\nrede elétrica da concessionária\n ou do grupo gerador em\ncorrente contínua, corrigindo \nou eliminando distúrbios\nda entrada do sistema.\nCorrente alternada de entradaCorrente contínua Corrente alternada de saída\nCorrente alternada Bypass estáticoCorrente alternada Bypass estático\nde manutenção\nInversor\nConverte a corrente contínua do \nretiﬁ  cador ou das baterias em corrente \nalternada de saída, com forma de onda \nsenoidal pura, livre de distúrbios.\nRetificador\nConverte a energia da\nrede elétrica da concessionária\n ou do grupo gerador em\nInversor\nConverte a corrente contínua do \nretiﬁ  cador ou das baterias em corrente \nalternada de saída, com forma de onda', 'DominionSP1\nCARACTERÍSTIC AS  PRINCIP AIS\nTecnologia A vançada DSP  (Digital Signal P rocessor)\nMemória Int erna par a Registr o de E ventos\nMedições em True RMS c om P recisão de Multímetr os\nCorreção do F ator de P otência de E ntr ada0.99*\nAcionament os Monit orados pelo P rocessador DSPPermite funções a vançadas e ex clusivas em t empo r eal.\nPermite que sejam rastr eados para análise .\nSão ideais para a medição de car gas não linear es.\nAtua como filtr o para as car gas não -linear es.\nAs manobras são r egistradas e g ravadas no log de ev entos.TECNOL OGIA  ON-LINE  C OM  BYP ASS  ESTÁTIC O  DE  MANUTENÇÃO\nCorr ente Alternada de Entrada\nCorr ente ContínuaCorr ente Alternada de Saída\nCorr ente Alternada B ypass Estático  Corr ente Alternada B ypass Manual de Manutenção  Saída Rede Elétric a\nde Entr adaRede P resente\nFalha de Rede\nBypass Estátic o\nBypass Manual de\n ManutençãoBypass Manual de Manutenção\nNeste modo de operação , a car ga é alimentada dir etamente pelo cir cuito \nalter nativ o de B ypass que possibilita o desligamento completo do \nequipamento , podendo assim, r ealizar uma manutenção com substituições de \npeças e placas sem a necessidade de desligamento . Com o auxílio da chav e \nestática, após a manutenção , é possív el transf erir novamente o No -Break para \no modo nor mal mantendo a car ga sempr e alimentada.\nRetificador\nConverte a ener gia da r ede elétr ica \nda concessionár ia ou do g rupo \ngerador em cor rente contínua, \ncorrigindo ou eliminando \ndistúr bios da entrada do sistema.\nBanco de Baterias\nArmaz ena ener gia reser va para alimentar o No -Break durante \num per íodo pr é-deter minado , denominado como tempo de \nautonomia do No -Break.Inversor\nConverte a cor rente contínua do r etificador ou das \nbater ias em cor rente alter nada de saída, com f orma de \nonda senoidal pura, livr e de distúr bios .Transf ormador Isolador\nIsola a tensão de saída, garantindo assim uma \nmelhor qualidade de ener gia, filtrando possív eis \nruídos ex ternos mesmo operando em modo B ypass . Bypass Estático\nSistema de pr oteção que , \nem caso de falha, transf ere \nautomaticamente a car ga \npara a linha de B ypass \nsem inter rupções na saída \ne opera em sincr onismo \nde fase . \nPossibilidade de Upgr ade do F irmwar e do DSP\nAjust es da Tensão por Sof twar e\nBypass Estátic o e Bypass M anual de M anut enção\nGerenciament o Remot o Real-Time Via Int ernet*\nCompatív el com Todos os Grupos G erador esGarant e a atualização e pr eser vação do in vestiment o.\nAsseguram elevada pr ecisão e confiabilidade .\nAdicionam pr oteção e elevam a confiabilidade da car ga sensív el.\nVia TCP/IP e fir ewalls com pr oteção de senhas para acesso r emot o.\nPrecisão e t otal pr oteção para operação com g rupos gerador es.']","The primary functions of a Static Bypass in an power protection system, as gathered from the context, include automatically transferring the load to an alternative power source in case of issues, ensuring uninterrupted power supply. It also allows for the transfer and return of the load from the UPS (Uninterruptible Power Supply) to an alternative power supply source for maintenance activities, maintaining continuous power flow in any situation. Additionally, it operates in synchronism of phase when transferring the load to the bypass line in case of a failure.","As principais funções do Bypass Estático em um sistema de proteção de energia são transferir automaticamente a carga para um circuito alternativo em caso de problemas, sem interrupção no fornecimento de energia.",0.99999999995,1.0,0.3333333322222222,0.6,0.9873356321865557,1.0,0.57,0.7486766525396645,0.23456790123456794,0.047999999999999994,0.0,0.0,0,0,1,1,1
19,Qual é a função do dispositivo localizador de falha de isolação em um sistema de aterramento IT médico?,"['Medidas de P roteção \nVitais para I nstalações \nElétr icas Hospitalar es\nFUNCIONAMENTO Sistema de Aterrament o IT Médico \nO Sistema IT Médico é um sistema de super visão de falhas de isolação nas instalações elétr icas aplicado em \nconfiguração de aterrament o tipo IT, conf orme previsão da norma NBR 13534:2008 da Anvisa. \nEsta norma visa garantir a manut enção dos equipament os de sustentação à vida, mesmo em caso de \nprimeira falha de isolação elétr ica nos Estabeleciment os Assistenciais a Saúde (EAS). \nA utilização desta proteção é compulsór ia nos ambient es hospitalar es do Grupo 2, nos quais se enquadram \nas Salas Cirúr gicas, UTIs , UTIs Neonatais e Salas de Hemodinâmica. \nA utilização do Sistema IT Médico aumenta a segurança \npara o pacient e e para o corpo clínico ,  pois a interrupção \nno forneciment o de ener gia elétr ica em caso de uma falta é evitada, pois mesmo em um caso de curto- \ncircuito fase t erra, por ex emplo , um equipament o eletr omédico pode ser usado para auxiliar ou substituir , \ntemporar iament e ou permanent ement e  funções vitais de um pacient e. \nAlém disso , ocor re uma redução nas correntes de fuga circulando pelo condut or de proteção , o que diminui \na tensão de contat o e consequent ement e a intensidade de um choque elétr ico acidental .\nO Sistema possui Dispositiv o Super visor de Isolament o (DSI), Dispositiv o Super visor de Temperatura (DST ) e \nDispositiv o Super visor de Corrente (DSC ) que mede a resist ência entre os condut ores de alimentação e o \ncondut or de proteção , sinalizando sonora e visualment e quando essa resist ência decr esce para 50 KΩ. \nCOMPOSIÇ ÃO BÁSIC A  Quadr o de Ener gia Elétrica  - Sistema IT Médico \nO sistema é compost o por: \n• Transf ormador de Separação \n• Dispositiv o Super visor de Isolament o (DSI) \n  Super visor de Temperatura (DST )\n  Super visor de Corrente (DSC ) \n• Dispositiv o Anunciador \n• Montagem em Rack\nOpcionais: \n• Gerador de Sinal BT-4000\n• Localizador Individual de Falha BT-0074/ BT 0078\n• Interface Homem-M áquina (IHM)', 'DISPOSITIV O ANUNCIADOR\nO\nenfermarias de plantão ou salas de médicos ,  e per mitem a imediata sinalização visual e audív el da ocor rência de alar mes . \nPodem ser instalados at é 4  Dispositiv os Anunciador es em vár ios locais ao mesmo t empo e não necessitam de alimentação auxiliar . s alar mes det ectados pelo Dispositiv o DSI / DST / DSC são en viados ao Dispositiv o Anunciador , instalados em locais estrat égicos tais como  \nCARACTERÍSTIC AS  \nPara sinalização dos alar mes a distância, de acor do com a Nor ma NBR 13534:\n• Led v erde: equipament o ligado ·  \n• Led v ermelho: sobr ecar ga\n• Led amar elo: sinalização de falha\n• Botão silenciar : para desligar o alar me acústico sobr e o quadr o de sinalização à\n   distância, ativado quando f or ultrapassado o nív el de int ervenção\n• Botão de t este: para v erificar per iodicament e a eficiência do  dispositiv o como  \n   recomendado pela Nor ma\n• Tipo de Alar me: Sonor o\nO dispositiv o Gerador de Sinais BT4000 é um dispositiv o de localização de falha  \nde isolação individual , per mitindo identificar em qual leit o ocor reu a falha, por \nexemplo .  \nO Gerador de Sinal injeta um sinal inf erior a 1mA, suficient e para que seja \ndetectada a falha de isolação e atua em conjunt o com os Dispositiv o \nLocalizador de F alha I ndividual e o Dispositiv o DSI / DST / DSC , conf orme as \nespecificações  exig idas pela nor ma IEC 61557.DISPOSITIV O GER ADOR DE SINAL 1mA - B T4000  \nESPECIFIC AÇÃO MECÂNIC A  \n·\npadrão DIN. Ideal para painel modular 18mm. O cupa o espaço de um disjunt or tr ipolar \nDISPOSITIV O LOCALIZADOR DE F ALHA - B T0074 e B T0078\nINTERF ACE HOMEM-MÁQUINA (IHM)\nO displa y / painel de contr ole IHM possibilita a visualização dos parâmetr os pr é-\nestabelecidos de isolament o, temperatura e cor rente em t empo r eal e é ideal para \nmonit orar instalações de múltiplos Sist emas IT .\nPRINCIP AIS C ARACTERÍSTIC AS Inter face Homem Máquina (IHM)• \n•  Medidor es textos móv eis\n•  Manuseio de Alar meTela g ráfica t ouch scr een 7,0”  • Proteção por P assw ord  \n• Ether net e P orta USB\nDispositivo AnunciadorDispositivo  Gerador de Sinal 1mA - BT4000\nO dispositiv o localizador de falhas BT0074 com 4 circuitos \nlocalizador es) e (BT0078 com 8 localizador es) tem por finalidade a \nlocalização de falha de isolação em um sistema de aterrament o IT \nMédico , de acor do com as carac terísticas exig idas pela norma \nIEC61557. O dispositivo é dotado de toróides que foram \nespecialmente projetados para a detecção de baixíssimas \ncorrentes na ordem de 0,5 mA e placa eletr ônica que sinaliza e \nemit e um sinal digital que pode ser conec tado , por exemplo , a um \nCLP.\nDispositivo L ocalizador de falha BT 0074\nDispositivo L ocalizador de falha BT 0078']","The function of the insulation failure locator device in a medical IT grounding system is to locate insulation failures. It is equipped with toroids specifically designed for detecting extremely low currents around 0.5 mA and a circuit board that signals and emits a digital signal that can be connected to a CLP, for example. This device is necessary to ensure the safe and reliable operation of medical equipment in IT grounding systems.","A função do dispositivo localizador de falha de isolação em um sistema de aterramento IT médico é localizar falhas de isolação, permitindo identificar em qual circuito ocorreu a falha, conforme as características exigidas pela norma IEC 61557.",0.99999999995,1.0,0.0,0.8,0.9801723268514088,0.8,0.29,0.6936540498853656,0.2665148063781321,0.05263157894736842,0.0,0.0,0,0,1,1,1
20,Qual eh o signficado da letra 'A' no contexto de Local Ethernet AI?,"['DISPOSITIV O ANUNCIADOR\nO\nenfermarias de plantão ou salas de médicos ,  e per mitem a imediata sinalização visual e audív el da ocor rência de alar mes . \nPodem ser instalados at é 4  Dispositiv os Anunciador es em vár ios locais ao mesmo t empo e não necessitam de alimentação auxiliar . s alar mes det ectados pelo Dispositiv o DSI / DST / DSC são en viados ao Dispositiv o Anunciador , instalados em locais estrat égicos tais como  \nCARACTERÍSTIC AS  \nPara sinalização dos alar mes a distância, de acor do com a Nor ma NBR 13534:\n• Led v erde: equipament o ligado ·  \n• Led v ermelho: sobr ecar ga\n• Led amar elo: sinalização de falha\n• Botão silenciar : para desligar o alar me acústico sobr e o quadr o de sinalização à\n   distância, ativado quando f or ultrapassado o nív el de int ervenção\n• Botão de t este: para v erificar per iodicament e a eficiência do  dispositiv o como  \n   recomendado pela Nor ma\n• Tipo de Alar me: Sonor o\nO dispositiv o Gerador de Sinais BT4000 é um dispositiv o de localização de falha  \nde isolação individual , per mitindo identificar em qual leit o ocor reu a falha, por \nexemplo .  \nO Gerador de Sinal injeta um sinal inf erior a 1mA, suficient e para que seja \ndetectada a falha de isolação e atua em conjunt o com os Dispositiv o \nLocalizador de F alha I ndividual e o Dispositiv o DSI / DST / DSC , conf orme as \nespecificações  exig idas pela nor ma IEC 61557.DISPOSITIV O GER ADOR DE SINAL 1mA - B T4000  \nESPECIFIC AÇÃO MECÂNIC A  \n·\npadrão DIN. Ideal para painel modular 18mm. O cupa o espaço de um disjunt or tr ipolar \nDISPOSITIV O LOCALIZADOR DE F ALHA - B T0074 e B T0078\nINTERF ACE HOMEM-MÁQUINA (IHM)\nO displa y / painel de contr ole IHM possibilita a visualização dos parâmetr os pr é-\nestabelecidos de isolament o, temperatura e cor rente em t empo r eal e é ideal para \nmonit orar instalações de múltiplos Sist emas IT .\nPRINCIP AIS C ARACTERÍSTIC AS Inter face Homem Máquina (IHM)• \n•  Medidor es textos móv eis\n•  Manuseio de Alar meTela g ráfica t ouch scr een 7,0”  • Proteção por P assw ord  \n• Ether net e P orta USB\nDispositivo AnunciadorDispositivo  Gerador de Sinal 1mA - BT4000\nO dispositiv o localizador de falhas BT0074 com 4 circuitos \nlocalizador es) e (BT0078 com 8 localizador es) tem por finalidade a \nlocalização de falha de isolação em um sistema de aterrament o IT \nMédico , de acor do com as carac terísticas exig idas pela norma \nIEC61557. O dispositivo é dotado de toróides que foram \nespecialmente projetados para a detecção de baixíssimas \ncorrentes na ordem de 0,5 mA e placa eletr ônica que sinaliza e \nemit e um sinal digital que pode ser conec tado , por exemplo , a um \nCLP.\nDispositivo L ocalizador de falha BT 0074\nDispositivo L ocalizador de falha BT 0078', 'APLICAÇÕES\nREGISTRO  PERMANENTE\nDE  EVENTOS  INTERNOSATUALIZAÇÃO DE FIRMWARE\nEste recurso permite que a Rede de Assistência Técnica realiz e \na atualização da versão do firmware que roda no chip DSP. \nCom isto, pode implementar melhor ias, agregar novos \nrecursos, customizar as características e preservar o \ninvestiment o mant endo -o atualizado . O DSP armaz ena os últimos 25.500 registros em sua memór ia \ninterna. Mesmo com o Estabilizador de T ensão desligado , os \ndados continuam gravados .\nFunciona como uma ""caixa-pr eta"", sendo possív el rastr ear os \nvalor es das medições e status de alarmes , auxiliando a equipe \nde supor te nas manut enções preventivas e corretivas . Os \neventos são registrados com rubr ica de data e hora, através do \nRTC Real Time Clock - Relóg io em Tempo Real interno.\nPorta Serial\n• RS232:Inter face Remota:\n• Upg rade fir mware\n• Acesso a ev entos\n• Configuração e SetupnAutomação Bancár ia\nn Automação C omer cial\nnAutomação I ndustr ial\nnAutomação de P rocessos Gráficos\nnSistemas M édicos de Diag nóstico e I magem\nnTelecomunicações\nnTecnolog ia da I nformação\nnTomóg rafos e Ressonâncias M agnéticas\nnTornos e F resas de C omando Numér ico - CNC\nnEquipament os de Eletr oerosão\nn Puncionadeiras e C orte a Laser CNC\nn Conversor es de F requência\nn Impr essoras a Laser \nn Fotocopiadoras\nn Transmissor es\nn PDVs\nn Mainframes\nn Microfilmagem\nDISPLAY - LCD - CRISTAL LÍQUIDO \nRETROILUMINADO']","Based on the context, the letter 'A' in the term ""Local Ethernet AI"" could potentially stand for ""Automation,"" ""Audio,"" or ""Asynchronous,"" as these are relevant terms in the context of technology and networking. However, without further specific context linking the letter 'A' to a defined meaning, it is not possible to provide a definitive interpretation. It is recommended to refer to the official documentation or the source using this term for accurate understanding.","No contexto de Local Ethernet AI, a letra 'A' significa 'Artificial'.",0.0,0.0,0.0,0.0,0.0,0.5,0.0,0.7289125011887967,0.1271186440677966,0.11904761904761904,0.0,0.0,1,1,1,0,0
21,Qual é a importância da frequência de 50 ou 60 Hz na configuração de sistemas elétricos?,"['TECNOLOGIA  EQUALIZER\nEqualização A tiva Individual das Ba terias\n O módulo de bater ia ativ o regula individualmente a \ntensão de cada bater ia e as mantém homogêneas , \nelevando a sua durabilidade , capacidade e r esistência \ncontra cor rosão e sulfatação .\nEvita e pr otege c ontr a Ex cesso de C arga\nAtrav és da Equalização Ativa as bater ias são pr oteg idas \nindividualmente contra o ex cesso de car ga, pr evenindo -\nas contra exalação de gases , secagem do eletr ólito \ninter no e do aquecimento inter no em ex cesso .\nEvita e pr otege c ontr a Falta de C arga\nA Equalização Ativa individual das bater ias impede que \nas mesmas r ecebam menor tensão que dev eriam, \nevitando -se a sulfatação e a per da de capacidade .\nIndicador de P roblemas da Ba teria\nAtrav és da medição da Tensão , Impedância e \nTemperatura, o sistema monitora os pr oblemas típicos \ndas bater ias, tais como sulfatação , cor rosão , per da de \ngases , secagem do eletr ólito e aquecimento inter no.Elimina a Sulfa tação das Ba terias\nO pr oblema decor re dos car regador es e r etificador es de \nbater ias, que r egulam a tensão de flutuação ou \nequalização na tensão final das bater ias e não garantem \nque em algumas  bater ias elas r ecebam maior tensão e , \nem outras , menor tensão . Atrav és da Equalização Ativa, \nmantêm-se todas as bater ias com tensão equilibrada.\nProteção c ontr a contaminação de ba terias\nAtrav és da Equalização Ativa individual de cada bater ia, \nevitam-se danos de uma bater ia a outras bater ias \npróximas , o ef eito de contaminação , ou seja, uma bater ia \nruim danifica as boas .\nOtimização da capacidade das ba terias\nGraças à Equalização Ativa, o Equaliz er garante a plena \nrecar ga e a máxima otimização da bater ia.\nAler ta par a substituir ba terias\nAtrav és da análise da cur va de impedância, pode -se \nidentificar a tendência, já na fase inicial de instalação , se \nalguma bater ia está deter iorada ou simplesmente mais \nfraca do que as outras . Quanto antes ef etuar este \ndiag nóstico , melhor será para o r estante da vida útil das \ndemais bater ias.Alarmes de ba teria\nAtrav és do monitoramento dos parâmetr os-chav e das \nbater ias e medições de limites pr eestabelecidos , o \nsistema en via avisos de alar mes automaticamente aos \nadministrador es do sistema.\nManutenção à distância \nO Equaliz er melhora a qualidade do ser viço, fornecendo \nmonitoramento r emoto atrav és da I nternet, VPN ou \noutra r ede, para faz er download de dados em tempo \nreal e acesso ao histór ico da bater ia para análise . \nManutenção sem desligar o sistema\nOs testes de bater ia individuais são possív eis \nremotamente , sem o esf orço para desligar as bater ias. \nAs manutenções e as análises  de bater ia podem ser \nrealizadas em condições r eais de operação , sem a \nnecessidade de paradas no sistema.\nOtimiza a manutenção em campo\nA equipe de manutenção se desloca somente quando \nhá inter venções cor retivas e dir etas na bater ia que \napresentar def eito na ocor rência de alar mes ou na \nanálise de diag nóstico e , é clar o, reduz enor mes custos \noperacionais .\nOSD  N LI A NM EO AC R EM SCISO\n90012015\nAv. Eng .', 'ESPECIFICAÇÕES TÉCNICAS \nEntrada\nn Tensão: \n    •  3kVA \n100/110/115/120/127 VAC 120V (standard) ou  \n200/208/220/230/240 VAC 220V (standard) \n    •  6kVA / 10kVA\n 200/208/220/230/240 VAC 220V (standard)\nn Variação Admissível:\n   •   3kVA \n55-150 VAC ou 110-300 VAC @ 50% de Carga\n80-150 VAC ou 160-300 VAC @ 100% de Carga\n   •   6kVA / 10kVA \n110-300 VAC @ 50% de Carga\n176-300 VAC @ 100% de Carga \nn Freqüência: 50/60 Hz                           \nn Variação de Freqüência Admissível:   \n    •    3kVA  \n40-70Hz\n    •    6kVA / 10 kVA \n46-54Hz @50Hz e 56-64Hz @60Hz\nn  Configuração:\nMonofásica \nn Fator de Potência:\n≥ 0.99 Tensão nominal (100% de Carga)\nn Distorção Harmônica THDi:\n    •    3kVA\n ≤ 5% @ Tensão de Entrada nominal\n    •    6kVA / 10kVA\n<4% @100% de Carga, <6% @50% de Carga\nSaída\nnTensão: \n    •   3kVA \n100/110/115/120/127 VAC 115V (standard) ou \n200/208/220/230/240 VAC 220V (standard) \n    •   6kVA / 10kVA \n200/208/220/230/240 VAC 220V (standard) \nn Fator de Potência:  1,0\nn Regulação Estática:   ± 1% nominal modo \nbateria\nn Freqüência:   50 / 60 Hz \nn Variação de Freqüência: \n± 0,1Hz em modo bateria\nn Sincronismo com a Rede:   Sim\nn Configuração:   \n Monofásica f+n+t \nn Forma de Onda:   Onda senoidal pura\nn Distorção Harmônica THD:  \n •   3kVA \n    ≤ 2% carga linear \n    ≤ 4% carga não-linear \n •   6kVA / 10kVA \n    ≤ 1% carga linear \n    ≤ 4% carga não-linearBaterias\nn  Composição:  \n    •    72  VDC - 3,0 kVA \n    •     240 VDC - 6,0 kVA \n    •     240 VDC - 10,0 kVA \nn  Sistema de Recarga: \ncontrolado, automático\nn Tempo de Recarga:  \n8 a 10 horas para 90% da carga\nn Tipo: \nseladas, isentas de manutenção\nn  Paralelismo Redundante (N+1) \n»  Disponível nas potências de 6 e 10kVA\nn By-pass estático (inteligente):  \nO termo inteligente aplica-se, visto que a linha \nComposition XV  possui desligamento da saída da \nchave estática em condições que, a tensão da rede \napresenta variações fora da faixa de trabalho, prote -\ngendo a carga contra sub ou sobre tensão mesmo \nna condição de by-pass estático.']","The frequency of 50 or 60 Hz is crucial in the configuration of electrical systems as it directly impacts the system's performance and compatibility with various devices and equipment. A frequency of 50 Hz is commonly used in Europe, Africa, most of Asia, and Australia, while 60 Hz is common in North America. This difference in frequency can affect the operation of certain devices, such as motors, when used in different regions. Additionally, maintaining a stable frequency is essential for the proper functioning of electrical systems, ensuring efficient energy transfer and minimizing the risk of damage to connected equipment.","A frequência de 50 ou 60 Hz é importante na configuração de sistemas elétricos para garantir a compatibilidade e o funcionamento adequado dos equipamentos, além de manter a estabilidade e a eficiência do sistema elétrico.",0.0,0.0,0.0,0.0,0.9479031332203857,0.0,0.6,0.7217304709007553,0.23380726698262244,0.07142857142857144,0.0,0.0,0,1,1,1,1
22,Qual é a importância do termo 'BEN' no contexto apresentado?,"['TECNOLOGIA  EQUALIZER\nEqualização A tiva Individual das Ba terias\n O módulo de bater ia ativ o regula individualmente a \ntensão de cada bater ia e as mantém homogêneas , \nelevando a sua durabilidade , capacidade e r esistência \ncontra cor rosão e sulfatação .\nEvita e pr otege c ontr a Ex cesso de C arga\nAtrav és da Equalização Ativa as bater ias são pr oteg idas \nindividualmente contra o ex cesso de car ga, pr evenindo -\nas contra exalação de gases , secagem do eletr ólito \ninter no e do aquecimento inter no em ex cesso .\nEvita e pr otege c ontr a Falta de C arga\nA Equalização Ativa individual das bater ias impede que \nas mesmas r ecebam menor tensão que dev eriam, \nevitando -se a sulfatação e a per da de capacidade .\nIndicador de P roblemas da Ba teria\nAtrav és da medição da Tensão , Impedância e \nTemperatura, o sistema monitora os pr oblemas típicos \ndas bater ias, tais como sulfatação , cor rosão , per da de \ngases , secagem do eletr ólito e aquecimento inter no.Elimina a Sulfa tação das Ba terias\nO pr oblema decor re dos car regador es e r etificador es de \nbater ias, que r egulam a tensão de flutuação ou \nequalização na tensão final das bater ias e não garantem \nque em algumas  bater ias elas r ecebam maior tensão e , \nem outras , menor tensão . Atrav és da Equalização Ativa, \nmantêm-se todas as bater ias com tensão equilibrada.\nProteção c ontr a contaminação de ba terias\nAtrav és da Equalização Ativa individual de cada bater ia, \nevitam-se danos de uma bater ia a outras bater ias \npróximas , o ef eito de contaminação , ou seja, uma bater ia \nruim danifica as boas .\nOtimização da capacidade das ba terias\nGraças à Equalização Ativa, o Equaliz er garante a plena \nrecar ga e a máxima otimização da bater ia.\nAler ta par a substituir ba terias\nAtrav és da análise da cur va de impedância, pode -se \nidentificar a tendência, já na fase inicial de instalação , se \nalguma bater ia está deter iorada ou simplesmente mais \nfraca do que as outras . Quanto antes ef etuar este \ndiag nóstico , melhor será para o r estante da vida útil das \ndemais bater ias.Alarmes de ba teria\nAtrav és do monitoramento dos parâmetr os-chav e das \nbater ias e medições de limites pr eestabelecidos , o \nsistema en via avisos de alar mes automaticamente aos \nadministrador es do sistema.\nManutenção à distância \nO Equaliz er melhora a qualidade do ser viço, fornecendo \nmonitoramento r emoto atrav és da I nternet, VPN ou \noutra r ede, para faz er download de dados em tempo \nreal e acesso ao histór ico da bater ia para análise . \nManutenção sem desligar o sistema\nOs testes de bater ia individuais são possív eis \nremotamente , sem o esf orço para desligar as bater ias. \nAs manutenções e as análises  de bater ia podem ser \nrealizadas em condições r eais de operação , sem a \nnecessidade de paradas no sistema.\nOtimiza a manutenção em campo\nA equipe de manutenção se desloca somente quando \nhá inter venções cor retivas e dir etas na bater ia que \napresentar def eito na ocor rência de alar mes ou na \nanálise de diag nóstico e , é clar o, reduz enor mes custos \noperacionais .\nOSD  N LI A NM EO AC R EM SCISO\n90012015\nAv. Eng .', 'Módulo de Ba teria Equaliz er\nProcessador:   DSP\nInter faces:  2 Portas RJ11\nSensor Temper atura:  Interno\nGabinete:   ABS\nDimensões:   12 x 65 x 113 mm - 50 g\no\n  Ambiente:   abrigado , IP-20, 0 a 60 C, umidade\n  relativa máx 90% não condensante .\nModelo Equaliz er M12 - MB02 \nTensão nominal:   12 VDC - 02VDC \nCapacidade:  7 a 600 Ah - 7 a 5.000 Ah n   \nn    \nn    \nn    \nn   \nn \nn   \nn   \nn   \nMódulo de C orrente \n Descrição:\nAcessório (opcional) destinado à medição da \ncorrente elétrica que circula pelo banco de \nbaterias com indicação do sentido da corrente \nelétrica (C arga ou Descar ga).\nEspecificações:\nTensão de alimentação:  5V\nErro:  ≤ 1,5% @ corrente nominal\nComunicação:  RS-232 (Nív el TTL)n \nn']","Based on the context provided, the term 'BEN' does not appear in the text, so it does not have any specific importance within the given information.","O termo 'BEN' é mencionado em um contexto técnico, mas a importância específica não é clara a partir do texto fornecido.",0.9999999999,0.0,0.0,0.0,0.9313806237776086,1.0,0.5,0.7235087337933932,0.25,0.08163265306122448,0.0,0.0,0,0,0,0,1
23,Qual é a função do disjuntor no processo de manutenção do No-Break descrito no manual?,"['TECNOLOGIA ON LINE COM BYPASS ESTÁTICO DE MANUTENÇÃO\nINTERFACE DE GERENCIAMENTO REMOTO\nAs Interfaces de Gerenciamento Remoto são compostas por diversas ferramentas, sendo elas: \n•  O Adaptador SNMP que permite gerenciar remotamente o No-Break via Internet através de um web browser,  monitorar o status \ne enviar alertas por e-mail. \n• O software, uma ferramenta de gerenciamento Windows Application e a versão Client é especíﬁ  ca para automatizar o shutdown \nde servidores, podendo desligar automática e simultaneamente vários servidores e estações. \n• O Adaptador Modbus permite integrar o No-Break, via uma porta RS485, a Sistemas de Automação Predial.\nBypass Estático\nSistema de proteção que, em caso de \nproblemas, transfere automaticamente \na carga para um circuito alternativo, sem \ninterrupção no fornecimento de energia.Bypass Estático de Manutenção\nPermite a transferência e o retorno da carga do No-Break para um circuito \nalternativo de fornecimento de energia, para atividades de manutenção. \nEm quaisquer situações, o fornecimento de energia é contínuo, sem \ninterrupções.\nBanco de Baterias\nArmazena energia reserva para alimentar o No-Break \ndurante um período predeterminado, denominado como \ntempo de autonomia do No-Break.Retificador\nConverte a energia da\nrede elétrica da concessionária\n ou do grupo gerador em\ncorrente contínua, corrigindo \nou eliminando distúrbios\nda entrada do sistema.\nCorrente alternada de entradaCorrente contínua Corrente alternada de saída\nCorrente alternada Bypass estáticoCorrente alternada Bypass estático\nde manutenção\nInversor\nConverte a corrente contínua do \nretiﬁ  cador ou das baterias em corrente \nalternada de saída, com forma de onda \nsenoidal pura, livre de distúrbios.\nRetificador\nConverte a energia da\nrede elétrica da concessionária\n ou do grupo gerador em\nInversor\nConverte a corrente contínua do \nretiﬁ  cador ou das baterias em corrente \nalternada de saída, com forma de onda', 'S I S T E M A PA R A L E L O M U LT I AT I V O ( E X C L U S I V O C M C O M A N D O S )\nA CM Comandos Lineares desenvolveu um sistema inovador e pioneiro no mundo de paralelismo entre No Breaks. O sistema Paralelo \nMulti Ativo permite a expansão do sistema, de acordo com sua demanda de consumo, podendo paralelar quantas unidades forem \nnecessárias para atender sua demanda, elevando a capacidade do sistema e a confiabilidade de sua aplicação.\nP O S S I B I L I D A D E D E S O M A T Ó R I A D E  P O T Ê N C I A S\nPermite a ligação para somatória de potência, utilizando dois ou mais No \nBreaks para atingir a demanda da carga total.\nQuando utilizado para somatória de potência, possibilita a ligação de \nNo Breaks com potências diferentes. Quando a ligação for feita com No \nBreaks de potências diferentes, a carga será distribuída \nproporcionalmente. Permite a ligação em paralelo redundante N + 1,  N + 2, N + 3 … N+X,  \npossibilitando o desligamento de uma ou mais unidades mantendo a \ncarga ativa.L I G A Ç Ã O E M P A R A L E L O R E D U N D A N T E\nA comunicação entre os No Breaks consiste no barramento de \ncomunicação comum, por onde transitam informações contendo \nnível de carga, sincronismo e a condição do by pass.C O M U N I C A Ç Ã O E N T R E O S N O B R E A K STodos os No Breaks são autônomos, operam de forma \nindependente no sistema e possuem controle individual.N Ã O E X I S T E N O B R E A K M E S T R E O U E S C R A V OPodem ser paraleladas quantas unidades forem necessárias, \npossibilitando expansão do sistema, de acordo com a demanda de \nconsumo.Q U A N T I D A D E I L I M I T A D A P A R A P A R A L E L I S M O\nM A N U T E N Ç Ã O D O N O B R E A K\nPermite a inserção ou retirada de um No Break no sistema, sem a \nnecessidade de parada.Rede Elétrica\nde Entrada\nSaídaNo Break 1\n Potência de \n30 kVANo Break 2\nPotência de \n10 kVANo Break 3\nPotência de \n20 kVA\nCarga fornecida pelo sistema = 150 kVANo Break 4\nPotência de \n30 kVANo Break 5\nPotência de \n20 kVANo Break 6\nPotência de \n40 kVA\nINTERFACES DE \nGERENCIAMENTO   \nREMOTO\nSão compostas por diversas ferramentas. O \nAdaptador SNMP NetMate permite\ngerenciar remotamente o No Break via a \nInternet através de um web browser,\nmonitorar o status e enviar alertas por e-mail. \nO software IP Power é uma ferramenta de \ngerenciamento  Windows Application e a \nversão Client é específica para  automatizar o \nshutdown de servidores, podendo desligar \nautomática e simultaneamente vários\ns e r v i d o r e s  e  e s t a ç õ e s .\nO Adaptador ArmModbus permite integrar \no  N o  B r e a k ,  v i a  u m a  p o r t a\nRS485, a Sistemas de Automação Predial.']","The function of the circuit breaker (disjuntor) in the maintenance process of the No-Break described in the manual is not explicitly stated. However, based on the general functioning of a No-Break, the circuit breaker is responsible for protecting the system from overcurrent and short-circuit situations, which could cause damage to the equipment or even fire. In the context of maintenance, the circuit breaker might need to be checked or reset, but the manual does not provide specific details about this.","A função do disjuntor no processo de manutenção do No-Break é permitir a manutenção sem desligar a carga, acionando manualmente o disjuntor.",0.0,0.0,0.249999999375,0.0,0.0,0.3333333333333333,0.25,0.7559911408965636,0.2086614173228346,0.07407407407407407,0.0,0.0,0,0,1,1,1
24,Quais são as aplicações mais modernas do DSP no processamento digital de sinais?,"['Alta Tecnologia em\nProcessamento Digital de Sinais - DSP\nHoje esta tecnologia está presente nos mais soﬁ  sticados sistemas eletrônicos devido a sua alta velocidade e conﬁ  abil-\ndade. Processadores Digitais de Sinais são capazes de processar dez milhões de amostragens por segundo. Isso signiﬁ  -\nca processamento em tempo real - o sinal é processado no mesmo instante em que é recebido, sem retardos ou atrasos.Vivemos  em um mundo cada vez mais ágil e prático. Um mundo conectado por processadores, chips, softwares e periféricos.  Mas \nainda não é o bastante, por isso, o mundo caminha para tecnologias de processamento imediato de dados. A CM Comandos está \num passo à frente e oferece aos seus clientes produtos dotados de uma tecnologia revolucionária, denominada Processamento \nDigital de Sinais - DSP .\nToda linha de No-Breaks Composition conta com a tecno-\nlogia DSP . Característica que proporciona alta performa-\nce e conﬁ  abilidade, tornando-os ideais para aplicações de \nmissão crítica. Ou seja, protegem as aplicações nas quais a  \ncontinuidade da operação é de fundamental importância. \nProjetados com o uso intenso dos recursos da tecnologia\nDSP , os No-Breaks Composition agregam novos e avançados \nrecursos que estabelecem um novo conceito em desenvolvi-\nmento, no qual o ﬁ  rmware dos equipamentos pode ser atuali-\nzado acrescentando novas funções em  unidades já instaladas.\nAo pensar em adquirir No-Breaks, conte com as soluções da \nCM Comandos, que asseguram tecnologia de ponta, máxima \nproteção, precisão digital e processamento em tempo real.OS MAIS MODERNOS NO-BREAKS CORPORATIVOS', 'Alta Tecnolog ia em\nProcessament o Dig ital\nde Sinais - DSP\nOS MAIS MODERNOS\nNO-BREAKS CORPORATIVOSVivemos em um mundo cada v ez mais ág il e prático . Um mundo conec tado por pr ocessador es, chips , softwares e \nperiféricos. Mas isso ainda não é o bastant e. Por isso , o mundo caminha para t ecnolog ias de pr ocessament o imediat o \nde dados . A CM C omandos Linear es está um passo à fr ente e of erece aos seus client es pr odut os dotados de uma \ntecnolog ia revolucionár ia, denominada P rocessament o Dig ital de Sinais - - DSP .\nToda a linha de No -Breaks  \nconta com a t ecnolog ia DSP .  Carac terística que \npropor ciona alta per formance e confiabilidade , Conception Multi Ativ o \npara aplicações de missão cr ítica. Ou seja, pr otegem as aplicações nas quais a continuidade da operação é de \nfundamental impor tância.\nequipament os pode ser atualizado , \nacrescentando novas funções em \nunidades já instaladas . Hoje , esta t ecnolog ia está pr esent e nos mais sofisticados sist emas eletr ônicos , devido à sua alta v elocidade e \nconfiabilidade . Processador es Dig itais de Sinais são capaz es de pr ocessar dez milhões de amostragens por segundo . \nIsso sig nifica pr ocessament o em t empo r eal -- o sinal é pr ocessado no mesmo instant e em que é r ecebido , sem \nretardos ou atrasos .\nProjetados com o uso int enso dos r ecursos da t ecnolog ia DSP ,  os No -Breaks C onception Multi Ativ o  ag regam nov os  \ne avançados r ecursos , que estabelecem um nov o conceit o em desen volviment o, no qual o fir mware dos \nAdquir indo No -Breaks , cont e com as \nsoluções da CM C omandos , que \nasseguram t ecnolog ia de ponta, \nmáxima pr oteção , precisão dig ital e \nprocessament o em t empo r eal.  Modelo 300kV A']","The modern applications of DSP (Digital Signal Processing) in signal processing can be found in the latest corporate UPS (Uninterruptible Power Supply) systems. These systems, such as the ""No-Breaks Conception Multi Ativo"" offered by CM Comandos, utilize DSP technology to ensure high performance, reliability, and real-time processing. This technology is crucial for mission-critical applications where uninterrupted operation is of fundamental importance.

These advanced UPS systems are designed with an intensive use of DSP resources, offering new and advanced features that set a new standard in development. The firmware of these devices can be updated, allowing for the addition of new functions to units already installed.

In summary, the most modern applications of DSP in signal processing are in sophisticated electronic systems such as these cutting-edge UPS systems, providing real-time processing, high performance, and reliability.","As aplicações mais modernas do DSP no processamento digital de sinais incluem diversas tecnologias avançadas, embora o contexto fornecido não detalhe especificamente quais são essas aplicações.",0.0,0.0,0.3333333322222222,0.9,0.9504002051043609,0.8,0.0,0.6559939018006069,0.15205913410770855,0.023529411764705885,0.0,0.0,0,0,1,1,1
25,Quais são as vantagens do modelo cliente-server em sistemas de gerenciamento?,"['TECNOLOGIA  ON  LINE  COM  BYPASS\nESTÁTICO  DE  MANUTENÇÃO\nCARACTERÍSTICAS  PRINCIPAIS\nTecnologia Avançada \nDSP  (Digital Signal Processor)\nMedições em True RMS com Precisão de \nMultímetros\nBypass Estático de Manutenção\nSoftware de Gerenciamento Remoto Real-Time \nSistema Paralelo Multi Ativo (Exclusivo CM)Permite funções avançadas e exclusivas em \ntempo real.\nPermite que sejam rastreados para análise.\nSão ideais para a medição de cargas não lineares.\nAdicionam proteção e elevam a confiabilidade da \ncarga sensível.\nVia TCP/IP,  com proteção de senhas para acesso \nremoto, shutdown.\nPodem ser paraleladas quantas unidades forem \nnecessárias, possibilitando expansão do sistema, \nde acordo com a demanda de consumo.Memória Interna para Registro de EventosDisplay TFT 4,3"" Touch Screen\n(Item de Série)\nPossibilidade de Upgrade do Firmware do \nDSP \nAcionamentos Monitorados pelo  DSP\nControle Inteligente da Velocidade dos \nCoolersModerna tela com comandos por toque, que \npermite acesso ao No-Break pela internet.\nGarante a utilização e preservação do \ninvestimento.\nAs manobras são registradas e gravadas no \nlog de eventos.\nProlongam a vida útil dos equipamentos \ne reduzem os intervalos de manutenção. Saída Rede Elétric a\nde En trada\nCorrente Alt ernada de Entrada\nCorrente ContínuaCorrente Alternada de Saída\nCorrente Alternada B ypass Estático  Corr ente Alternada B ypass Estático \nde Manutenção Bypass Estático de Manutenção\nPermite a transf erência e o r etorno da car ga do No -Break \npara um cir cuito alter nativ o de f ornecimento de ener gia, \npara atividades de manutenção . Em quaisquer situações , \no fornecimento de ener gia é contínuo , sem \ninter rupções .\nRetificador\nConverte a ener gia da \nrede elétr ica da \nconcessionár ia ou do \ngrupo gerador em \ncorrente contínua, \ncorrigindo ou \neliminando distúr bios   \nda entrada do sistema.Inversor\nConverte a cor rente contínua do \nretificador ou das bater ias em cor rente \nalter nada de saída, com f orma de onda \nBanco de Baterias\nArmaz ena ener gia reser va para alimentar o No -Break \ndurante um per íodo pr edeter minado , denominado Bypass Estático\nSistema de pr oteção \nque, em caso de \nproblemas , transf ere \nautomaticamente a \ncarga para um \ncircuito alter nativ o, \nsem inter rupção no \nfornecimento de \nener gia. Rede Pr esente\nFalha de R ede\nBypass Estátic o\nBypass Estátic o de\n Manutenç ãoNo-Break C onception M ulti A tivo\nTrifásico\nINTERFACES DE \nGERENCIAMENTO   \nREMOTO\nSão compostas por div ersas \nferramentas . O A daptador SNMP \nNetM ate per mite ger enciar \nremotament e o No -Break via a I nternet \natravés de um w eb br owser , monit orar \no status e en viar aler tas por e -mail . \nO sof tware IP P ower é uma f erramenta \nde ger enciament o  Windows \nApplication e a v ersão Client é \nespecífica para  aut omatizar o \nshut down de ser vidor es, podendo \ndesligar aut omática e simultaneament e \nvários ser vidor es e estações . \nO Adaptador Ar mModbus per mite \nintegrar o No -Break, via uma por ta \nRS485, a Sist emas de A utomação \nPredial .DISPLAY TFT 4,3 ‘’ \nTOUCH SCREEN\nCOMANDO POR TOQUE', 'S I S T E M A PA R A L E L O M U LT I AT I V O ( E X C L U S I V O C M C O M A N D O S )\nA CM Comandos Lineares desenvolveu um sistema inovador e pioneiro no mundo de paralelismo entre No Breaks. O sistema Paralelo \nMulti Ativo permite a expansão do sistema, de acordo com sua demanda de consumo, podendo paralelar quantas unidades forem \nnecessárias para atender sua demanda, elevando a capacidade do sistema e a confiabilidade de sua aplicação.\nP O S S I B I L I D A D E D E S O M A T Ó R I A D E  P O T Ê N C I A S\nPermite a ligação para somatória de potência, utilizando dois ou mais No \nBreaks para atingir a demanda da carga total.\nQuando utilizado para somatória de potência, possibilita a ligação de \nNo Breaks com potências diferentes. Quando a ligação for feita com No \nBreaks de potências diferentes, a carga será distribuída \nproporcionalmente. Permite a ligação em paralelo redundante N + 1,  N + 2, N + 3 … N+X,  \npossibilitando o desligamento de uma ou mais unidades mantendo a \ncarga ativa.L I G A Ç Ã O E M P A R A L E L O R E D U N D A N T E\nA comunicação entre os No Breaks consiste no barramento de \ncomunicação comum, por onde transitam informações contendo \nnível de carga, sincronismo e a condição do by pass.C O M U N I C A Ç Ã O E N T R E O S N O B R E A K STodos os No Breaks são autônomos, operam de forma \nindependente no sistema e possuem controle individual.N Ã O E X I S T E N O B R E A K M E S T R E O U E S C R A V OPodem ser paraleladas quantas unidades forem necessárias, \npossibilitando expansão do sistema, de acordo com a demanda de \nconsumo.Q U A N T I D A D E I L I M I T A D A P A R A P A R A L E L I S M O\nM A N U T E N Ç Ã O D O N O B R E A K\nPermite a inserção ou retirada de um No Break no sistema, sem a \nnecessidade de parada.Rede Elétrica\nde Entrada\nSaídaNo Break 1\n Potência de \n30 kVANo Break 2\nPotência de \n10 kVANo Break 3\nPotência de \n20 kVA\nCarga fornecida pelo sistema = 150 kVANo Break 4\nPotência de \n30 kVANo Break 5\nPotência de \n20 kVANo Break 6\nPotência de \n40 kVA\nINTERFACES DE \nGERENCIAMENTO   \nREMOTO\nSão compostas por diversas ferramentas. O \nAdaptador SNMP NetMate permite\ngerenciar remotamente o No Break via a \nInternet através de um web browser,\nmonitorar o status e enviar alertas por e-mail. \nO software IP Power é uma ferramenta de \ngerenciamento  Windows Application e a \nversão Client é específica para  automatizar o \nshutdown de servidores, podendo desligar \nautomática e simultaneamente vários\ns e r v i d o r e s  e  e s t a ç õ e s .\nO Adaptador ArmModbus permite integrar \no  N o  B r e a k ,  v i a  u m a  p o r t a\nRS485, a Sistemas de Automação Predial.']","Based on the provided context, the client-server model offers several advantages in the context of system management. It allows for remote management of systems, enabling users to monitor and control devices over the internet using tools like the SNMP NetMate and IP Power software. This model also facilitates communication and data exchange between different devices, allowing for real-time monitoring and alerts. Additionally, the client-server model enables the integration of systems with other automation platforms, such as building management systems, through interfaces like the ArmModbus. Overall, the client-server model provides a flexible and scalable approach to system management, allowing for the addition or removal of devices as needed and facilitating the expansion of systems according to demand.","As vantagens do modelo cliente-servidor em sistemas de gerenciamento incluem a capacidade de suportar múltiplos usuários e a centralização dos recursos em servidores, o que facilita o gerenciamento e a manutenção do sistema.",0.0,0.0,0.0,0.0,0.9397671894642374,0.2,0.13,0.6108134143207354,0.18895705521472395,0.037974683544303806,0.0,0.0,0,0,1,1,0
26,significado de 'Po' lti-S.O,"['CM COMANDOS LINEARES\nOSDN LI A NM EO AC REM SCISO\n9001\n2015\nSistema de \nSustentabilidade AuditadaAv. Eng. Alberto de Zagottis, 760 - 04675-085 - São Paulo - SP\nTel.: (11) 5696-5000 - Fax: (11) 5696-5055\nwww.cmcomandos.com.brOSD L NI A NM EA OR CEM SCISO\n9001\n2015', 'Digital Signal ProcessorNo-BreakMulti Ativo\nTrifásico\nCM COMANDOS LINEARESCONCEPTION']","Based on the information provided in the context, there is no direct definition or explanation given for the term 'Po' lti-S.O. It is possible that this term is related to the content of the ""conception-s1.pdf"" file, but without further context or information, it is not possible to accurately determine the meaning of this term.","O significado de 'Po' lti-S.O não é claro no contexto fornecido, que apenas menciona 'lti-S.O .Po'.",0.0,1.0,0.0,0.0,0.0,0.6666666666666666,0.67,0.6937778614945922,0.19148936170212771,0.10256410256410257,0.0,0.0,0,0,1,0,0
