,user_input,retrieved_contexts,response,reference,context_precision,context_recall,context_entity_recall,noise_sensitivity_relevant,answer_relevancy,faithfulness,factual_correctness,semantic_similarity,non_llm_string_similarity,rouge_score,string_present,exact_match,harmfulness,maliciousness,coherence,correctness,conciseness
0,Quais são as aplicações e benefícios dos No-Breaks da CM Comandos para as empresas?,"['A EMPRESA Com mais de 38 anos de atuação, a CM Comandos é hoje \numa das maiores fabricantes de No-Breaks da América Latina. \nAlém disso, é líder absoluta em soluções para o mercado corporativo. Certificada pela \nnorma ISO-9001:2015, a CM Comandos ressalta o seu compromisso com a excelência \ndos seus produtos e a total satisfação dos seus clientes.Inovação, qualidade, tecnologia\ne confiabilidade. Marcas das\nsoluções CM Comandos Lineares\nAPLICAÇÕES Os No -Breaks da CM C omandos Linear es são indicados para \naplicações de missão cr ítica, nas mais var iadas cor porações ,  \noferecendo pr oteção contra distúr bios de ener gia elétr ica, tais como: cor tes, micr o cor tes, \nruídos , dist orção har mônica, picos , transient es, sub e sobr e tensão e var iações de fr equência.\nSUPORTE\nTÉCNICOAo escolher a mar ca CM C omandos Linear es você conta com \no melhor  supor te técnico de pr é e pós- venda da empr esa que \nse consolidou ao longo dest es 38 anos como líder de \nmercado . Instrumentação de ponta, pr ofissionais altament e qualificados , com \ncober tura nacional e disponibilidade de at endiment o 24 horas , sete dias por \nsemana, call cent er e pr ocessos cer tificados  asseguram a ex celência dos nossos \nserviços de supor te.BENEFÍCIOSOs equipament os da CM C omandos operam com maior pr ecisão , \nagregam maior númer o de funções e são os mais segur os. \nCarac terísticas que geram alta confiabilidade e pr odutividade nas mais var iadas aplicações , \nminimizam falhas e , consequent ement e, cust os de manut enção . Em r esumo ,                               \nser um client e da CM C omandos sig nifica t er o r etorno do capital in vestido e garantias            \nque só uma empr esa com amplo supor te técnico pode of erecer .\nOSD  L NI A NM EA OR C EM SCISO\n90012015', 'Inovação, qualidade, tecnologia\ne confiabilidade. Marcas das\nsoluções CM Comandos Lineares\nCom mais de 40 anos de atuação, a CM Comandos é hoje uma das \nmaiores fabricantes de No-Breaks da América Latina. Além disso, é líder\nabsoluta em soluções para o mercado corporativo. Certiﬁ  cada pela norma ISO-900:2015, a CM Comandos \nressalta o seu compromisso com a excelência dos seus produtos e a total satisfação dos seus clientes.A EMPRESA\nOs  No-Breaks  da  CM  Comandos  são  indicados  para aplicações de  \nmissão crítica, nas mais variadas corporações, oferecendo proteção \ncontra distúrbios de energia elétrica, tais como: cortes, micro-cortes, ruídos, distorção harmônica, picos, \ntransientes, sub e sobretensão e variação de frequência.APLICAÇÕES\nOs equipamentos da CM Comandos operam com maior precisão, agre-\ngam maior número de funções e são mais seguros. Características\nque geram alta conﬁ  abilidade e produtividade nas mais variadas aplicações, minimizam falhas e,\nconsequentemente, custos de manutenção. Em resumo, ser um cliente CM Comandos signiﬁ  ca ter o \nretorno do capital investido e garantias que só uma empresa com amplo suporte técnico pode oferecer.BENEFÍCIOS\nAo escolher a marca CM Comandos Lineares você conta com o melhor supor-\nte técnico de pré e pós-venda da empresa que se consolidou ao longo  des-\ntes 40 anos como líder de mercado. Instrumentação de ponta, proﬁ  ssionais\naltamente qualiﬁ  cados, disponibilidade de atendimento 24 horas, sete dias da semana, call \ncenter e processos certiﬁ  cados que asseguram a excelência dos nossos serviços de suporte.SUPORTE\nTÉCNICO']","Os No-Breaks da CM Comandos são equipamentos projetados para aplicações críticas de missão, onde a segurança e a confiabilidade são fundamentais. Eles são indicados para uso em diversas indústrias, incluindo:

- Energia elétrica: para proteção contra distúrbios, como cortes, micro-cortes, ruídos, distorção harmônica, picos, transientes, sub e sobretensão e variação de frequência.
- Indústrias: como a automação, a manufatura, a produção de alimentos, e outras que exigem sistemas de proteção crítica.

Os benefícios dos No-Breaks da CM Comandos incluem:

- Maior precisão e agregação de funções, o que minimiza falhas e custos de manutenção.
- Alta confiabilidade e produtividade nas mais variadas aplicações.
- Disponibilidade de atendimento 24 horas, sete dias por semana, e processos certificados que asseguram a excelência dos serviços de suporte.
- Aumento da segurança e redução de riscos para a empresa e seus clientes.","Os No-Breaks da CM Comandos são indicados para empresas, proporcionando aplicações e benefícios que garantem a continuidade das operações em caso de falhas de energia.",0.99999999995,1.0,0.49999999875,0.6428571428571429,0.935870444241791,0.5714285714285714,0.0,0.8304899898119368,0.16146393972012918,0.18274111675126906,0.0,0.0,0,1,1,1,1
1,Quais são as aplicações e benefícios dos No-Breaks da CM Comandos para as empresas?,"['A EMPRESA Com mais de 38 anos de atuação, a CM Comandos é hoje \numa das maiores fabricantes de No-Breaks da América Latina. \nAlém disso, é líder absoluta em soluções para o mercado corporativo. Certificada pela \nnorma ISO-9001:2015, a CM Comandos ressalta o seu compromisso com a excelência \ndos seus produtos e a total satisfação dos seus clientes.Inovação, qualidade, tecnologia\ne confiabilidade. Marcas das\nsoluções CM Comandos Lineares\nAPLICAÇÕES Os No -Breaks da CM C omandos Linear es são indicados para \naplicações de missão cr ítica, nas mais var iadas cor porações ,  \noferecendo pr oteção contra distúr bios de ener gia elétr ica, tais como: cor tes, micr o cor tes, \nruídos , dist orção har mônica, picos , transient es, sub e sobr e tensão e var iações de fr equência.\nSUPORTE\nTÉCNICOAo escolher a mar ca CM C omandos Linear es você conta com \no melhor  supor te técnico de pr é e pós- venda da empr esa que \nse consolidou ao longo dest es 38 anos como líder de \nmercado . Instrumentação de ponta, pr ofissionais altament e qualificados , com \ncober tura nacional e disponibilidade de at endiment o 24 horas , sete dias por \nsemana, call cent er e pr ocessos cer tificados  asseguram a ex celência dos nossos \nserviços de supor te.BENEFÍCIOSOs equipament os da CM C omandos operam com maior pr ecisão , \nagregam maior númer o de funções e são os mais segur os. \nCarac terísticas que geram alta confiabilidade e pr odutividade nas mais var iadas aplicações , \nminimizam falhas e , consequent ement e, cust os de manut enção . Em r esumo ,                               \nser um client e da CM C omandos sig nifica t er o r etorno do capital in vestido e garantias            \nque só uma empr esa com amplo supor te técnico pode of erecer .\nOSD  L NI A NM EA OR C EM SCISO\n90012015', 'Inovação, qualidade, tecnologia\ne confiabilidade. Marcas das\nsoluções CM Comandos Lineares\nCom mais de 40 anos de atuação, a CM Comandos é hoje uma das \nmaiores fabricantes de No-Breaks da América Latina. Além disso, é líder\nabsoluta em soluções para o mercado corporativo. Certiﬁ  cada pela norma ISO-900:2015, a CM Comandos \nressalta o seu compromisso com a excelência dos seus produtos e a total satisfação dos seus clientes.A EMPRESA\nOs  No-Breaks  da  CM  Comandos  são  indicados  para aplicações de  \nmissão crítica, nas mais variadas corporações, oferecendo proteção \ncontra distúrbios de energia elétrica, tais como: cortes, micro-cortes, ruídos, distorção harmônica, picos, \ntransientes, sub e sobretensão e variação de frequência.APLICAÇÕES\nOs equipamentos da CM Comandos operam com maior precisão, agre-\ngam maior número de funções e são mais seguros. Características\nque geram alta conﬁ  abilidade e produtividade nas mais variadas aplicações, minimizam falhas e,\nconsequentemente, custos de manutenção. Em resumo, ser um cliente CM Comandos signiﬁ  ca ter o \nretorno do capital investido e garantias que só uma empresa com amplo suporte técnico pode oferecer.BENEFÍCIOS\nAo escolher a marca CM Comandos Lineares você conta com o melhor supor-\nte técnico de pré e pós-venda da empresa que se consolidou ao longo  des-\ntes 40 anos como líder de mercado. Instrumentação de ponta, proﬁ  ssionais\naltamente qualiﬁ  cados, disponibilidade de atendimento 24 horas, sete dias da semana, call \ncenter e processos certiﬁ  cados que asseguram a excelência dos nossos serviços de suporte.SUPORTE\nTÉCNICO']","Os No-Breaks da CM Comandos são equipamentos projetados para aplicações de missão crítica em diversas corporações, oferecendo proteção contra distúrbios de energia elétrica. Eles são indicados para uso em:

- Missões críticas de alta prioridade, como operações de energia, processos industriais, e sistemas de abastecimento de água.
- Aplicações em infraestrutura, como pontes, túneis, e sistemas de transporte.
- Situações de alta pressão, como operações de energia em centros de processamento, e sistemas de armazenamento de energia.

Os benefícios dos No-Breaks da CM Comandos incluem:

- Maior precisão e agregação de funções, garantindo alta confiabilidade e produtividade.
- Redução de falhas e custos de manutenção, resultando em economias significativas.
- Disponibilidade de atendimento 24 horas, sete dias por semana, e acesso a processos certificados que asseguram a excelência dos serviços de suporte.","Os No-Breaks da CM Comandos são indicados para empresas, proporcionando aplicações e benefícios que garantem a continuidade das operações em caso de falhas de energia.",0.99999999995,1.0,0.49999999875,0.3125,0.8123130848936667,0.4117647058823529,0.17,0.8595777549454396,0.16538882803943045,0.2076502732240437,0.0,0.0,1,1,1,1,0
2,impacto da proteção contra distúrbios de energia na confiabilidade produtividade operações missão crítica,"['DominionSP1\nCARACTERÍSTIC AS  PRINCIP AIS\nTecnologia A vançada DSP  (Digital Signal P rocessor)\nMemória Int erna par a Registr o de E ventos\nMedições em True RMS c om P recisão de Multímetr os\nCorreção do F ator de P otência de E ntr ada0.99*\nAcionament os Monit orados pelo P rocessador DSPPermite funções a vançadas e ex clusivas em t empo r eal.\nPermite que sejam rastr eados para análise .\nSão ideais para a medição de car gas não linear es.\nAtua como filtr o para as car gas não -linear es.\nAs manobras são r egistradas e g ravadas no log de ev entos.TECNOL OGIA  ON-LINE  C OM  BYP ASS  ESTÁTIC O  DE  MANUTENÇÃO\nCorr ente Alternada de Entrada\nCorr ente ContínuaCorr ente Alternada de Saída\nCorr ente Alternada B ypass Estático  Corr ente Alternada B ypass Manual de Manutenção  Saída Rede Elétric a\nde Entr adaRede P resente\nFalha de Rede\nBypass Estátic o\nBypass Manual de\n ManutençãoBypass Manual de Manutenção\nNeste modo de operação , a car ga é alimentada dir etamente pelo cir cuito \nalter nativ o de B ypass que possibilita o desligamento completo do \nequipamento , podendo assim, r ealizar uma manutenção com substituições de \npeças e placas sem a necessidade de desligamento . Com o auxílio da chav e \nestática, após a manutenção , é possív el transf erir novamente o No -Break para \no modo nor mal mantendo a car ga sempr e alimentada.\nRetificador\nConverte a ener gia da r ede elétr ica \nda concessionár ia ou do g rupo \ngerador em cor rente contínua, \ncorrigindo ou eliminando \ndistúr bios da entrada do sistema.\nBanco de Baterias\nArmaz ena ener gia reser va para alimentar o No -Break durante \num per íodo pr é-deter minado , denominado como tempo de \nautonomia do No -Break.Inversor\nConverte a cor rente contínua do r etificador ou das \nbater ias em cor rente alter nada de saída, com f orma de \nonda senoidal pura, livr e de distúr bios .Transf ormador Isolador\nIsola a tensão de saída, garantindo assim uma \nmelhor qualidade de ener gia, filtrando possív eis \nruídos ex ternos mesmo operando em modo B ypass . Bypass Estático\nSistema de pr oteção que , \nem caso de falha, transf ere \nautomaticamente a car ga \npara a linha de B ypass \nsem inter rupções na saída \ne opera em sincr onismo \nde fase . \nPossibilidade de Upgr ade do F irmwar e do DSP\nAjust es da Tensão por Sof twar e\nBypass Estátic o e Bypass M anual de M anut enção\nGerenciament o Remot o Real-Time Via Int ernet*\nCompatív el com Todos os Grupos G erador esGarant e a atualização e pr eser vação do in vestiment o.\nAsseguram elevada pr ecisão e confiabilidade .\nAdicionam pr oteção e elevam a confiabilidade da car ga sensív el.\nVia TCP/IP e fir ewalls com pr oteção de senhas para acesso r emot o.\nPrecisão e t otal pr oteção para operação com g rupos gerador es.', 'TECNOLOGIA ON LINE COM BYPASS ESTÁTICO DE MANUTENÇÃO\nINTERFACE DE GERENCIAMENTO REMOTO\nAs Interfaces de Gerenciamento Remoto são compostas por diversas ferramentas, sendo elas: \n•  O Adaptador SNMP que permite gerenciar remotamente o No-Break via Internet através de um web browser,  monitorar o status \ne enviar alertas por e-mail. \n• O software, uma ferramenta de gerenciamento Windows Application e a versão Client é especíﬁ  ca para automatizar o shutdown \nde servidores, podendo desligar automática e simultaneamente vários servidores e estações. \n• O Adaptador Modbus permite integrar o No-Break, via uma porta RS485, a Sistemas de Automação Predial.\nBypass Estático\nSistema de proteção que, em caso de \nproblemas, transfere automaticamente \na carga para um circuito alternativo, sem \ninterrupção no fornecimento de energia.Bypass Estático de Manutenção\nPermite a transferência e o retorno da carga do No-Break para um circuito \nalternativo de fornecimento de energia, para atividades de manutenção. \nEm quaisquer situações, o fornecimento de energia é contínuo, sem \ninterrupções.\nBanco de Baterias\nArmazena energia reserva para alimentar o No-Break \ndurante um período predeterminado, denominado como \ntempo de autonomia do No-Break.Retificador\nConverte a energia da\nrede elétrica da concessionária\n ou do grupo gerador em\ncorrente contínua, corrigindo \nou eliminando distúrbios\nda entrada do sistema.\nCorrente alternada de entradaCorrente contínua Corrente alternada de saída\nCorrente alternada Bypass estáticoCorrente alternada Bypass estático\nde manutenção\nInversor\nConverte a corrente contínua do \nretiﬁ  cador ou das baterias em corrente \nalternada de saída, com forma de onda \nsenoidal pura, livre de distúrbios.\nRetificador\nConverte a energia da\nrede elétrica da concessionária\n ou do grupo gerador em\nInversor\nConverte a corrente contínua do \nretiﬁ  cador ou das baterias em corrente \nalternada de saída, com forma de onda']","A proteção contra distúrbios de energia, implementada pelo sistema de proteção Bypass Estático, pode ter um impacto significativo na confiabilidade e produtividade das operações missão crítica.

A proteção contra distúrbios de energia ajuda a garantir que a carga do No-Break seja alimentada de forma estável e segura, mesmo em situações de falha ou interrupção. Isso é crucial para operações missão crítica, que exigem altos níveis de confiabilidade e segurança.

A proteção contra distúrbios de energia pode reduzir a duração de interrupções e minimizar a perda de produtividade, permitindo que as operações missão crítica continuem a funcionar de forma eficiente. Além disso, a proteção contra distúrbios de energia ajuda a reduzir a necessidade de manutenção e reparos, o que pode resultar em economias de custo e melhorias na eficiência operacional.

No entanto, é importante notar que a proteção contra distúrbios de energia também pode ter efeitos indirectos na confiabilidade e produtividade das operações missão crítica. Por exemplo, se a proteção contra distúrbios de energia não for implementada corretamente, pode levar a uma redução na confiabilidade das operações missão crítica, o que pode afetar a segurança e a estabilidade do sistema.

Em resumo, a proteção contra distúrbios de energia pode ter um impacto significativo na confiabilidade e produtividade das operações missão crítica, mas é fundamental implementar a proteção corretamente para garantir a segurança e a estabilidade do sistema.","A proteção contra distúrbios de energia elétrica impacta a confiabilidade e a produtividade em operações de missão crítica, minimizando falhas e custos de manutenção.",0.99999999995,0.0,0.0,0.48,0.8341741372291026,0.28,0.62,0.852932974659307,0.10721376571806751,0.15737704918032785,0.0,0.0,0,0,1,1,1
3,De que forma a protecão contra distúrbios de energia afeta a confiabilidade nas operações críticas?,"['TECNOLOGIA ON LINE COM BYPASS ESTÁTICO DE MANUTENÇÃO\nINTERFACE DE GERENCIAMENTO REMOTO\nAs Interfaces de Gerenciamento Remoto são compostas por diversas ferramentas, sendo elas: \n•  O Adaptador SNMP que permite gerenciar remotamente o No-Break via Internet através de um web browser,  monitorar o status \ne enviar alertas por e-mail. \n• O software, uma ferramenta de gerenciamento Windows Application e a versão Client é especíﬁ  ca para automatizar o shutdown \nde servidores, podendo desligar automática e simultaneamente vários servidores e estações. \n• O Adaptador Modbus permite integrar o No-Break, via uma porta RS485, a Sistemas de Automação Predial.\nBypass Estático\nSistema de proteção que, em caso de \nproblemas, transfere automaticamente \na carga para um circuito alternativo, sem \ninterrupção no fornecimento de energia.Bypass Estático de Manutenção\nPermite a transferência e o retorno da carga do No-Break para um circuito \nalternativo de fornecimento de energia, para atividades de manutenção. \nEm quaisquer situações, o fornecimento de energia é contínuo, sem \ninterrupções.\nBanco de Baterias\nArmazena energia reserva para alimentar o No-Break \ndurante um período predeterminado, denominado como \ntempo de autonomia do No-Break.Retificador\nConverte a energia da\nrede elétrica da concessionária\n ou do grupo gerador em\ncorrente contínua, corrigindo \nou eliminando distúrbios\nda entrada do sistema.\nCorrente alternada de entradaCorrente contínua Corrente alternada de saída\nCorrente alternada Bypass estáticoCorrente alternada Bypass estático\nde manutenção\nInversor\nConverte a corrente contínua do \nretiﬁ  cador ou das baterias em corrente \nalternada de saída, com forma de onda \nsenoidal pura, livre de distúrbios.\nRetificador\nConverte a energia da\nrede elétrica da concessionária\n ou do grupo gerador em\nInversor\nConverte a corrente contínua do \nretiﬁ  cador ou das baterias em corrente \nalternada de saída, com forma de onda', 'DominionSP1\nCARACTERÍSTIC AS  PRINCIP AIS\nTecnologia A vançada DSP  (Digital Signal P rocessor)\nMemória Int erna par a Registr o de E ventos\nMedições em True RMS c om P recisão de Multímetr os\nCorreção do F ator de P otência de E ntr ada0.99*\nAcionament os Monit orados pelo P rocessador DSPPermite funções a vançadas e ex clusivas em t empo r eal.\nPermite que sejam rastr eados para análise .\nSão ideais para a medição de car gas não linear es.\nAtua como filtr o para as car gas não -linear es.\nAs manobras são r egistradas e g ravadas no log de ev entos.TECNOL OGIA  ON-LINE  C OM  BYP ASS  ESTÁTIC O  DE  MANUTENÇÃO\nCorr ente Alternada de Entrada\nCorr ente ContínuaCorr ente Alternada de Saída\nCorr ente Alternada B ypass Estático  Corr ente Alternada B ypass Manual de Manutenção  Saída Rede Elétric a\nde Entr adaRede P resente\nFalha de Rede\nBypass Estátic o\nBypass Manual de\n ManutençãoBypass Manual de Manutenção\nNeste modo de operação , a car ga é alimentada dir etamente pelo cir cuito \nalter nativ o de B ypass que possibilita o desligamento completo do \nequipamento , podendo assim, r ealizar uma manutenção com substituições de \npeças e placas sem a necessidade de desligamento . Com o auxílio da chav e \nestática, após a manutenção , é possív el transf erir novamente o No -Break para \no modo nor mal mantendo a car ga sempr e alimentada.\nRetificador\nConverte a ener gia da r ede elétr ica \nda concessionár ia ou do g rupo \ngerador em cor rente contínua, \ncorrigindo ou eliminando \ndistúr bios da entrada do sistema.\nBanco de Baterias\nArmaz ena ener gia reser va para alimentar o No -Break durante \num per íodo pr é-deter minado , denominado como tempo de \nautonomia do No -Break.Inversor\nConverte a cor rente contínua do r etificador ou das \nbater ias em cor rente alter nada de saída, com f orma de \nonda senoidal pura, livr e de distúr bios .Transf ormador Isolador\nIsola a tensão de saída, garantindo assim uma \nmelhor qualidade de ener gia, filtrando possív eis \nruídos ex ternos mesmo operando em modo B ypass . Bypass Estático\nSistema de pr oteção que , \nem caso de falha, transf ere \nautomaticamente a car ga \npara a linha de B ypass \nsem inter rupções na saída \ne opera em sincr onismo \nde fase . \nPossibilidade de Upgr ade do F irmwar e do DSP\nAjust es da Tensão por Sof twar e\nBypass Estátic o e Bypass M anual de M anut enção\nGerenciament o Remot o Real-Time Via Int ernet*\nCompatív el com Todos os Grupos G erador esGarant e a atualização e pr eser vação do in vestiment o.\nAsseguram elevada pr ecisão e confiabilidade .\nAdicionam pr oteção e elevam a confiabilidade da car ga sensív el.\nVia TCP/IP e fir ewalls com pr oteção de senhas para acesso r emot o.\nPrecisão e t otal pr oteção para operação com g rupos gerador es.']","A proteção contra distúrbios de energia afeta a confiabilidade nas operações críticas de maneira significativa. As configurações de proteção, como o Bypass Estático e o Isolador, ajudam a garantir que a energia seja mantida estável e segura, mesmo em situações de falha ou interrupção.

O Bypass Estático, por exemplo, permite que a energia seja transferida para um circuito alternativo de fornecimento de energia, garantindo que a carga seja mantida disponível para operações críticas. Isso ajuda a minimizar a interrupção da energia e a manutenção, tornando a confiabilidade das operações críticas ainda maior.

O Isolador, por outro lado, ajuda a filtrar possíveis distúrbios de energia, garantindo que a tensão seja mantida estável e segura. Isso é especialmente importante em operações críticas, onde a segurança e a confiabilidade são fundamentais.

Além disso, as configurações de proteção também ajudam a prevenir a sobrecarga da rede elétrica, o que pode levar a problemas de segurança e confiabilidade. Em resumo, a proteção contra distúrbios de energia é fundamental para garantir a confiabilidade das operações críticas e evitar problemas de segurança.","A proteção contra distúrbios de energia elétrica afeta a confiabilidade nas operações críticas ao minimizar falhas e custos de manutenção, garantindo maior precisão e segurança nos equipamentos.",0.49999999995,0.0,0.0,0.0,0.9823222332726526,0.5294117647058824,0.6,0.8318943682800388,0.15549828178694158,0.2040816326530612,0.0,0.0,1,0,1,1,0
4,implicações suporte técnico eficaz melhoria experiência usuário,"['Vantagens do C ontrat o de M anut enção \nAtravés do contrat o de manut enção , técnicos e gest ores de manut enção podem r eduzir a deg radação dos seus equipament os, prolongando \no tempo de vida útil e evitando int ervenções cor retivas , que geram cust os elevados e t êm impac tos negativ os.\nn   Supor te técnico por t elefone, durant e 24hs/dia\nn   Minimizar os r iscos e pr ejuíz os de t er um equipament o parado\nn   Prioridade no at endiment o no caso de uma parada \nn Redução da necessidade de manut enção cor retivas em at é 80% e \nconsequent e  redução de cust os\nn  Serviços de cor retivas , quando  inclusos no contrat o \nn Redução de cust o: equipament os com manut enção pr eventiva \nadequada sofr em menos desgast es e, por tanto \ntem sua vida útil ampliada. \nAv. Eng . Alber to de Zagottis , 760 - 04675-085 -  São P aulo - SP\nTel.: (11) 5696-5033 \nwww.cmcomandos .com.br\nSistema de \nSustentabilidade A uditadoIdentifique Nossa E quipe \nUniforme P adrão \nCamisa azul   Calça azul   Crachá  \nPedro\nSuporte Técnico0000000000001Nome:\nRG:\nSetor:João P edro \nMatrícula:\n1111 25.613.810-2\nAssistência Técnica\n1.Uso... \nJOÃO PEDRO \nSuporte Técnico Supor te Técnico\nCall C enter int egrado ao sist ema de gestão ERP\nTécnicos Treinados e Qualificados\nEquipados com I nstrumentação de P onta\nAnalisador de Har mônicos\nAtendiment o 24 horas - 7 dias da semana via C ontrat os\nde M anut enção P reditiva, P reventiva e C orretiva\n  Supor te Pleno de P ré e P ós-V enda\nAmpla cober tura em t odo o paísn   \nn  \nn  \nn  \nn  \nn\nn  \nCM MK T SET 2021  -   As especificações estão sujeitas a alterações sem pr évio aviso . Nós incentivamos a r eciclagem\nAtendiment o em t odo\n o Território Nacional\ncom filiais e r epresentant es nas pr incipais \ncidades e capitais , otimizando o t empo , \ncusto e buscando a ex celência\n na pr estação de ser viços\nEscaneie e saiba mais sobr e o\n contrat o de manut enção \nOSD  N LI A NM EO AC R EMSCISO\n90012015 OSD  N LI A NM EO AC R EMSC', 'TECNOLOGIA  EQUALIZER\nEqualização A tiva Individual das Ba terias\n O módulo de bater ia ativ o regula individualmente a \ntensão de cada bater ia e as mantém homogêneas , \nelevando a sua durabilidade , capacidade e r esistência \ncontra cor rosão e sulfatação .\nEvita e pr otege c ontr a Ex cesso de C arga\nAtrav és da Equalização Ativa as bater ias são pr oteg idas \nindividualmente contra o ex cesso de car ga, pr evenindo -\nas contra exalação de gases , secagem do eletr ólito \ninter no e do aquecimento inter no em ex cesso .\nEvita e pr otege c ontr a Falta de C arga\nA Equalização Ativa individual das bater ias impede que \nas mesmas r ecebam menor tensão que dev eriam, \nevitando -se a sulfatação e a per da de capacidade .\nIndicador de P roblemas da Ba teria\nAtrav és da medição da Tensão , Impedância e \nTemperatura, o sistema monitora os pr oblemas típicos \ndas bater ias, tais como sulfatação , cor rosão , per da de \ngases , secagem do eletr ólito e aquecimento inter no.Elimina a Sulfa tação das Ba terias\nO pr oblema decor re dos car regador es e r etificador es de \nbater ias, que r egulam a tensão de flutuação ou \nequalização na tensão final das bater ias e não garantem \nque em algumas  bater ias elas r ecebam maior tensão e , \nem outras , menor tensão . Atrav és da Equalização Ativa, \nmantêm-se todas as bater ias com tensão equilibrada.\nProteção c ontr a contaminação de ba terias\nAtrav és da Equalização Ativa individual de cada bater ia, \nevitam-se danos de uma bater ia a outras bater ias \npróximas , o ef eito de contaminação , ou seja, uma bater ia \nruim danifica as boas .\nOtimização da capacidade das ba terias\nGraças à Equalização Ativa, o Equaliz er garante a plena \nrecar ga e a máxima otimização da bater ia.\nAler ta par a substituir ba terias\nAtrav és da análise da cur va de impedância, pode -se \nidentificar a tendência, já na fase inicial de instalação , se \nalguma bater ia está deter iorada ou simplesmente mais \nfraca do que as outras . Quanto antes ef etuar este \ndiag nóstico , melhor será para o r estante da vida útil das \ndemais bater ias.Alarmes de ba teria\nAtrav és do monitoramento dos parâmetr os-chav e das \nbater ias e medições de limites pr eestabelecidos , o \nsistema en via avisos de alar mes automaticamente aos \nadministrador es do sistema.\nManutenção à distância \nO Equaliz er melhora a qualidade do ser viço, fornecendo \nmonitoramento r emoto atrav és da I nternet, VPN ou \noutra r ede, para faz er download de dados em tempo \nreal e acesso ao histór ico da bater ia para análise . \nManutenção sem desligar o sistema\nOs testes de bater ia individuais são possív eis \nremotamente , sem o esf orço para desligar as bater ias. \nAs manutenções e as análises  de bater ia podem ser \nrealizadas em condições r eais de operação , sem a \nnecessidade de paradas no sistema.\nOtimiza a manutenção em campo\nA equipe de manutenção se desloca somente quando \nhá inter venções cor retivas e dir etas na bater ia que \napresentar def eito na ocor rência de alar mes ou na \nanálise de diag nóstico e , é clar o, reduz enor mes custos \noperacionais .\nOSD  N LI A NM EO AC R EM SCISO\n90012015\nAv. Eng .']","A solução eficaz para implicações suporte técnico eficaz melhoria experiência usuário pode incluir:

1. **Integração de tecnologia**: Implementar soluções de suporte técnico integradas com sistemas de gestão de manutenção, como ERP, para melhorar a eficiência e a eficácia do suporte técnico.

2. **Modelagem de negócios**: Desenvolver modelos de negócios que permitam identificar e priorizar as necessidades de suporte técnico, garantindo que os recursos sejam utilizados de forma eficaz.

3. **Treinamento e capacitação**: Oferecer treinamento e capacitação para os suportes técnicos, garantindo que eles estejam atualizados com as últimas tecnologias e práticas de suporte técnico.

4. **Automatização de processos**: Implementar processos automatizados para a gestão do suporte técnico, reduzindo o tempo de resposta e melhorando a eficiência.

5. **Monitoramento e análise**: Utilizar ferramentas de monitoramento e análise para identificar áreas de melhoria e melhorar a qualidade do suporte técnico.

6. **Comunicação eficaz**: Estabelecer uma comunicação eficaz entre os suportes técnicos, os usuários e a equipe de gestão, garantindo que todos estejam informados e envolvidos na melhoria da experiência de usuário.

7. **Inovação e experimentação**: Encorajar a inovação e a experimentação em suporte técnico, permitindo que as organizações adotem soluções novas e eficazes para melhorar a experiência de usuário.",O suporte técnico eficaz tem implicações significativas na melhoria da experiência do usuário.,0.9999999999,1.0,0.0,0.0,0.7450181281453853,0.0,0.0,0.7220310907793067,0.06399437412095643,0.10077519379844961,0.0,0.0,0,1,1,0,0
5,Quais implicações tem um bom suporte técnico na experiência do usuário?,"['TECNOLOGIA  EQUALIZER\nEqualização A tiva Individual das Ba terias\n O módulo de bater ia ativ o regula individualmente a \ntensão de cada bater ia e as mantém homogêneas , \nelevando a sua durabilidade , capacidade e r esistência \ncontra cor rosão e sulfatação .\nEvita e pr otege c ontr a Ex cesso de C arga\nAtrav és da Equalização Ativa as bater ias são pr oteg idas \nindividualmente contra o ex cesso de car ga, pr evenindo -\nas contra exalação de gases , secagem do eletr ólito \ninter no e do aquecimento inter no em ex cesso .\nEvita e pr otege c ontr a Falta de C arga\nA Equalização Ativa individual das bater ias impede que \nas mesmas r ecebam menor tensão que dev eriam, \nevitando -se a sulfatação e a per da de capacidade .\nIndicador de P roblemas da Ba teria\nAtrav és da medição da Tensão , Impedância e \nTemperatura, o sistema monitora os pr oblemas típicos \ndas bater ias, tais como sulfatação , cor rosão , per da de \ngases , secagem do eletr ólito e aquecimento inter no.Elimina a Sulfa tação das Ba terias\nO pr oblema decor re dos car regador es e r etificador es de \nbater ias, que r egulam a tensão de flutuação ou \nequalização na tensão final das bater ias e não garantem \nque em algumas  bater ias elas r ecebam maior tensão e , \nem outras , menor tensão . Atrav és da Equalização Ativa, \nmantêm-se todas as bater ias com tensão equilibrada.\nProteção c ontr a contaminação de ba terias\nAtrav és da Equalização Ativa individual de cada bater ia, \nevitam-se danos de uma bater ia a outras bater ias \npróximas , o ef eito de contaminação , ou seja, uma bater ia \nruim danifica as boas .\nOtimização da capacidade das ba terias\nGraças à Equalização Ativa, o Equaliz er garante a plena \nrecar ga e a máxima otimização da bater ia.\nAler ta par a substituir ba terias\nAtrav és da análise da cur va de impedância, pode -se \nidentificar a tendência, já na fase inicial de instalação , se \nalguma bater ia está deter iorada ou simplesmente mais \nfraca do que as outras . Quanto antes ef etuar este \ndiag nóstico , melhor será para o r estante da vida útil das \ndemais bater ias.Alarmes de ba teria\nAtrav és do monitoramento dos parâmetr os-chav e das \nbater ias e medições de limites pr eestabelecidos , o \nsistema en via avisos de alar mes automaticamente aos \nadministrador es do sistema.\nManutenção à distância \nO Equaliz er melhora a qualidade do ser viço, fornecendo \nmonitoramento r emoto atrav és da I nternet, VPN ou \noutra r ede, para faz er download de dados em tempo \nreal e acesso ao histór ico da bater ia para análise . \nManutenção sem desligar o sistema\nOs testes de bater ia individuais são possív eis \nremotamente , sem o esf orço para desligar as bater ias. \nAs manutenções e as análises  de bater ia podem ser \nrealizadas em condições r eais de operação , sem a \nnecessidade de paradas no sistema.\nOtimiza a manutenção em campo\nA equipe de manutenção se desloca somente quando \nhá inter venções cor retivas e dir etas na bater ia que \napresentar def eito na ocor rência de alar mes ou na \nanálise de diag nóstico e , é clar o, reduz enor mes custos \noperacionais .\nOSD  N LI A NM EO AC R EM SCISO\n90012015\nAv. Eng .', 'Vantagens do C ontrat o de M anut enção \nAtravés do contrat o de manut enção , técnicos e gest ores de manut enção podem r eduzir a deg radação dos seus equipament os, prolongando \no tempo de vida útil e evitando int ervenções cor retivas , que geram cust os elevados e t êm impac tos negativ os.\nn   Supor te técnico por t elefone, durant e 24hs/dia\nn   Minimizar os r iscos e pr ejuíz os de t er um equipament o parado\nn   Prioridade no at endiment o no caso de uma parada \nn Redução da necessidade de manut enção cor retivas em at é 80% e \nconsequent e  redução de cust os\nn  Serviços de cor retivas , quando  inclusos no contrat o \nn Redução de cust o: equipament os com manut enção pr eventiva \nadequada sofr em menos desgast es e, por tanto \ntem sua vida útil ampliada. \nAv. Eng . Alber to de Zagottis , 760 - 04675-085 -  São P aulo - SP\nTel.: (11) 5696-5033 \nwww.cmcomandos .com.br\nSistema de \nSustentabilidade A uditadoIdentifique Nossa E quipe \nUniforme P adrão \nCamisa azul   Calça azul   Crachá  \nPedro\nSuporte Técnico0000000000001Nome:\nRG:\nSetor:João P edro \nMatrícula:\n1111 25.613.810-2\nAssistência Técnica\n1.Uso... \nJOÃO PEDRO \nSuporte Técnico Supor te Técnico\nCall C enter int egrado ao sist ema de gestão ERP\nTécnicos Treinados e Qualificados\nEquipados com I nstrumentação de P onta\nAnalisador de Har mônicos\nAtendiment o 24 horas - 7 dias da semana via C ontrat os\nde M anut enção P reditiva, P reventiva e C orretiva\n  Supor te Pleno de P ré e P ós-V enda\nAmpla cober tura em t odo o paísn   \nn  \nn  \nn  \nn  \nn\nn  \nCM MK T SET 2021  -   As especificações estão sujeitas a alterações sem pr évio aviso . Nós incentivamos a r eciclagem\nAtendiment o em t odo\n o Território Nacional\ncom filiais e r epresentant es nas pr incipais \ncidades e capitais , otimizando o t empo , \ncusto e buscando a ex celência\n na pr estação de ser viços\nEscaneie e saiba mais sobr e o\n contrat o de manut enção \nOSD  N LI A NM EO AC R EMSCISO\n90012015 OSD  N LI A NM EO AC R EMSC']","Um bom suporte técnico pode ter várias implicações positivas na experiência do usuário. Aqui estão algumas delas:

1. **Redução de estresse e ansiedade**: Quando o suporte técnico está disponível e eficaz, o usuário pode ter menos preocupações sobre como resolver problemas ou resolver erros, o que pode reduzir o estresse e a ansiedade.

2. **Aumento da confiança**: Um suporte técnico confiável pode aumentar a confiança do usuário em suas habilidades e capacidades, o que pode levar a uma melhor experiência de uso do sistema.

3. **Melhoria da produtividade**: Com um suporte técnico eficaz, o usuário pode trabalhar mais eficientemente e produtivamente, o que pode resultar em uma maior eficiência e produtividade.

4. **Redução de dúvidas e erros**: Um suporte técnico pode ajudar a resolver dúvidas e erros mais rapidamente, o que pode reduzir a frustração e a ansiedade do usuário.

5. **Aumento da satisfação**: Um suporte técnico bem-sucedido pode aumentar a satisfação do usuário, o que pode levar a uma maior lealdade e fidelidade ao sistema.

6. **Melhoria da experiência de uso**: Um suporte técnico eficaz pode melhorar a experiência de uso do sistema, tornando-o mais agradável e intuitivo para o usuário.","Um bom suporte técnico tem implicações positivas na experiência do usuário, pois pode oferecer soluções rápidas e eficazes para problemas, aumentando a satisfação e a confiança do cliente.",0.0,0.0,0.0,0.0,0.9676215989330822,0.0,0.92,0.8795124641039178,0.14578214578214577,0.1811320754716981,0.0,0.0,0,1,1,1,1
6,Como o sistema Paralelo Multi Ativo muda a confiabilidade dos no-breaks?,"['SISTEMA PARALELO MULTI ATIVO (EXCLUSIVO CM COMANDOS)\nA CM Comandos Lineares desenvolveu um sistema inovador e pioneiro no mundo de paralelismo entre no-breaks. O sistema \nParalelo Multi Ativo permite a expansão do sistema, de acordo com sua demanda de consumo, podendo paralelar quantas \nunidades forem necessárias para atender sua demanda, elevando a capacidade do sistema e a confiabilidade de sua aplicação.\nPOSSIBILIDADE DE SOMATÓRIA DE  POTÊNCIAS\nPermite a ligação para somatória de potência, utilizando dois ou mais \nNo-Breaks para atingir a demanda da carga total.\nQuando utilizado para somatória de potência, possibilita a ligação de \nNo-Breaks com potências diferentes. Quando a ligação for feita com \nNo-Breaks de potências diferentes, a carga será distribuída \nproporcionalmente. Permite a ligação em paralelo redundante N + 1,  N + 2, N + 3 … N+X,  \npossibilitando o desligamento de uma ou mais unidades, mantendo a \ncarga ativa.\nA comunicação entre os No-Breaks consiste no barramento de \ncomunicação comum, por onde transitam informações \ncontendo nível de carga, sincronismo e a condição do by pass.COMUNICAÇÃO ENTRE OS NO-BREAKSTodos os No-Breaks são autônomos, operam de forma \nindependente no sistema e possuem controle individual.NÃO EXISTE NO-BREAK MESTRE OU ESCRAVOPodem ser paraleladas quantas unidades forem necessárias, \npossibilitando expansão do sistema, de acordo com a demanda \nde consumo.QUANTIDADE ILIMITADA PARA PARALELISMO\nPARALELISMO DO BANCO DE BATERIAS\nPermite paralelismo dos bancos de baterias (quando forem de \nmesma tensão nominal).MANUTENÇÃO DO NO-BREAK\nPermite a inserção ou retirada de um No-Break no sistema, sem a \nnecessidade de parada.INTERFACES  DE  SHUTDOWN  E GERENCIAMENTO  REMOTO\nRede Elétric a\nde Entr ada\nSaídaNo-break 1\n Potência \nde 60 kV ANo-break 2\nPotência de \n100 kV ANo-break 3\nPotência de \n20 kV A\nCarga fornecida pelo sistema = 410 kV ANo-break 4\nPotência de \n30 kV ANo-break 5\nPotência de \n80 kV ANo-break 6\nPotência de \n120 kV ARede L ocal Ether netA   Inter face de Ger enciamento \n     \nC  Inter face Shutdown \n     Client \n     LANB  Inter face Shutdown \n     D   Inter face de Ger enciamento Remoto \n  \nE  Adaptador SNMP\n     \nF  Client Shutdown\nG Estação Remota\n    Sof tware com \n    conexão à I nter netMultisser vidor es\nMultiplataf ormas\nMulti-S.O .Porta M icroprocessada DB9\nPorta Contato Seco DB9\nRede Ethernet RJ45', 'S I S T E M A PA R A L E L O M U LT I AT I V O ( E X C L U S I V O C M C O M A N D O S )\nA CM Comandos Lineares desenvolveu um sistema inovador e pioneiro no mundo de paralelismo entre No Breaks. O sistema Paralelo \nMulti Ativo permite a expansão do sistema, de acordo com sua demanda de consumo, podendo paralelar quantas unidades forem \nnecessárias para atender sua demanda, elevando a capacidade do sistema e a confiabilidade de sua aplicação.\nP O S S I B I L I D A D E D E S O M A T Ó R I A D E  P O T Ê N C I A S\nPermite a ligação para somatória de potência, utilizando dois ou mais No \nBreaks para atingir a demanda da carga total.\nQuando utilizado para somatória de potência, possibilita a ligação de \nNo Breaks com potências diferentes. Quando a ligação for feita com No \nBreaks de potências diferentes, a carga será distribuída \nproporcionalmente. Permite a ligação em paralelo redundante N + 1,  N + 2, N + 3 … N+X,  \npossibilitando o desligamento de uma ou mais unidades mantendo a \ncarga ativa.L I G A Ç Ã O E M P A R A L E L O R E D U N D A N T E\nA comunicação entre os No Breaks consiste no barramento de \ncomunicação comum, por onde transitam informações contendo \nnível de carga, sincronismo e a condição do by pass.C O M U N I C A Ç Ã O E N T R E O S N O B R E A K STodos os No Breaks são autônomos, operam de forma \nindependente no sistema e possuem controle individual.N Ã O E X I S T E N O B R E A K M E S T R E O U E S C R A V OPodem ser paraleladas quantas unidades forem necessárias, \npossibilitando expansão do sistema, de acordo com a demanda de \nconsumo.Q U A N T I D A D E I L I M I T A D A P A R A P A R A L E L I S M O\nM A N U T E N Ç Ã O D O N O B R E A K\nPermite a inserção ou retirada de um No Break no sistema, sem a \nnecessidade de parada.Rede Elétrica\nde Entrada\nSaídaNo Break 1\n Potência de \n30 kVANo Break 2\nPotência de \n10 kVANo Break 3\nPotência de \n20 kVA\nCarga fornecida pelo sistema = 150 kVANo Break 4\nPotência de \n30 kVANo Break 5\nPotência de \n20 kVANo Break 6\nPotência de \n40 kVA\nINTERFACES DE \nGERENCIAMENTO   \nREMOTO\nSão compostas por diversas ferramentas. O \nAdaptador SNMP NetMate permite\ngerenciar remotamente o No Break via a \nInternet através de um web browser,\nmonitorar o status e enviar alertas por e-mail. \nO software IP Power é uma ferramenta de \ngerenciamento  Windows Application e a \nversão Client é específica para  automatizar o \nshutdown de servidores, podendo desligar \nautomática e simultaneamente vários\ns e r v i d o r e s  e  e s t a ç õ e s .\nO Adaptador ArmModbus permite integrar \no  N o  B r e a k ,  v i a  u m a  p o r t a\nRS485, a Sistemas de Automação Predial.']","O sistema Paralelo Multi Ativo é projetado para aumentar a confiabilidade dos no-breaks, permitindo que eles operem de forma mais estável e segura. Isso ocorre de várias maneiras:

1. **Redundância**: O sistema permite a ligação em paralelo redundante, o que significa que se um no-break for desligado, o outro pode assumir sua função, mantendo a carga ativa e a confiabilidade do sistema.
2. **Distribuição da carga**: A capacidade do sistema é aumentada de acordo com a demanda de consumo, permitindo que os no-breaks sejam paralelizados e distribuídos de forma eficiente, reduzindo a probabilidade de falhas.
3. **Controle individual**: Cada no-break é autônomo e operam de forma independente, o que significa que se um no-break for desligado, ele pode ser desligado sem a necessidade de parada do sistema.
4. **Manutenção automática**: O sistema permite a inserção ou retirada de no-breaks sem a necessidade de parada, o que ajuda a manter a confiabilidade do sistema e a reduzir o tempo de recuperação de falhas.

Em resumo, o sistema Paralelo Multi Ativo é projetado para aumentar a confiabilidade dos no-breaks, permitindo que eles operem de forma mais estável e segura, e aumentando a capacidade do sistema para atender às demandas de consumo.","O sistema Paralelo Multi Ativo muda a confiabilidade dos no-breaks ao permitir a expansão do sistema de acordo com a demanda de consumo, elevando a capacidade do sistema e a confiabilidade de sua aplicação.",0.99999999995,1.0,0.0,0.7058823529411765,0.9493605905196225,0.9411764705882353,0.33,0.8750270749878772,0.15987210231814553,0.2222222222222222,0.0,0.0,0,0,1,1,1
7,De que forma o sistema Paralelo Multi Ativo da CM Comandos Lineares ajuda na expanção e confiabilidade em aplicaçõe que precisam de no-breaks?,"['SISTEMA PARALELO MULTI ATIVO (EXCLUSIVO CM COMANDOS)\nA CM Comandos Lineares desenvolveu um sistema inovador e pioneiro no mundo de paralelismo entre no-breaks. O sistema \nParalelo Multi Ativo permite a expansão do sistema, de acordo com sua demanda de consumo, podendo paralelar quantas \nunidades forem necessárias para atender sua demanda, elevando a capacidade do sistema e a confiabilidade de sua aplicação.\nPOSSIBILIDADE DE SOMATÓRIA DE  POTÊNCIAS\nPermite a ligação para somatória de potência, utilizando dois ou mais \nNo-Breaks para atingir a demanda da carga total.\nQuando utilizado para somatória de potência, possibilita a ligação de \nNo-Breaks com potências diferentes. Quando a ligação for feita com \nNo-Breaks de potências diferentes, a carga será distribuída \nproporcionalmente. Permite a ligação em paralelo redundante N + 1,  N + 2, N + 3 … N+X,  \npossibilitando o desligamento de uma ou mais unidades, mantendo a \ncarga ativa.\nA comunicação entre os No-Breaks consiste no barramento de \ncomunicação comum, por onde transitam informações \ncontendo nível de carga, sincronismo e a condição do by pass.COMUNICAÇÃO ENTRE OS NO-BREAKSTodos os No-Breaks são autônomos, operam de forma \nindependente no sistema e possuem controle individual.NÃO EXISTE NO-BREAK MESTRE OU ESCRAVOPodem ser paraleladas quantas unidades forem necessárias, \npossibilitando expansão do sistema, de acordo com a demanda \nde consumo.QUANTIDADE ILIMITADA PARA PARALELISMO\nPARALELISMO DO BANCO DE BATERIAS\nPermite paralelismo dos bancos de baterias (quando forem de \nmesma tensão nominal).MANUTENÇÃO DO NO-BREAK\nPermite a inserção ou retirada de um No-Break no sistema, sem a \nnecessidade de parada.INTERFACES  DE  SHUTDOWN  E GERENCIAMENTO  REMOTO\nRede Elétric a\nde Entr ada\nSaídaNo-break 1\n Potência \nde 60 kV ANo-break 2\nPotência de \n100 kV ANo-break 3\nPotência de \n20 kV A\nCarga fornecida pelo sistema = 410 kV ANo-break 4\nPotência de \n30 kV ANo-break 5\nPotência de \n80 kV ANo-break 6\nPotência de \n120 kV ARede L ocal Ether netA   Inter face de Ger enciamento \n     \nC  Inter face Shutdown \n     Client \n     LANB  Inter face Shutdown \n     D   Inter face de Ger enciamento Remoto \n  \nE  Adaptador SNMP\n     \nF  Client Shutdown\nG Estação Remota\n    Sof tware com \n    conexão à I nter netMultisser vidor es\nMultiplataf ormas\nMulti-S.O .Porta M icroprocessada DB9\nPorta Contato Seco DB9\nRede Ethernet RJ45', 'S I S T E M A PA R A L E L O M U LT I AT I V O ( E X C L U S I V O C M C O M A N D O S )\nA CM Comandos Lineares desenvolveu um sistema inovador e pioneiro no mundo de paralelismo entre No Breaks. O sistema Paralelo \nMulti Ativo permite a expansão do sistema, de acordo com sua demanda de consumo, podendo paralelar quantas unidades forem \nnecessárias para atender sua demanda, elevando a capacidade do sistema e a confiabilidade de sua aplicação.\nP O S S I B I L I D A D E D E S O M A T Ó R I A D E  P O T Ê N C I A S\nPermite a ligação para somatória de potência, utilizando dois ou mais No \nBreaks para atingir a demanda da carga total.\nQuando utilizado para somatória de potência, possibilita a ligação de \nNo Breaks com potências diferentes. Quando a ligação for feita com No \nBreaks de potências diferentes, a carga será distribuída \nproporcionalmente. Permite a ligação em paralelo redundante N + 1,  N + 2, N + 3 … N+X,  \npossibilitando o desligamento de uma ou mais unidades mantendo a \ncarga ativa.L I G A Ç Ã O E M P A R A L E L O R E D U N D A N T E\nA comunicação entre os No Breaks consiste no barramento de \ncomunicação comum, por onde transitam informações contendo \nnível de carga, sincronismo e a condição do by pass.C O M U N I C A Ç Ã O E N T R E O S N O B R E A K STodos os No Breaks são autônomos, operam de forma \nindependente no sistema e possuem controle individual.N Ã O E X I S T E N O B R E A K M E S T R E O U E S C R A V OPodem ser paraleladas quantas unidades forem necessárias, \npossibilitando expansão do sistema, de acordo com a demanda de \nconsumo.Q U A N T I D A D E I L I M I T A D A P A R A P A R A L E L I S M O\nM A N U T E N Ç Ã O D O N O B R E A K\nPermite a inserção ou retirada de um No Break no sistema, sem a \nnecessidade de parada.Rede Elétrica\nde Entrada\nSaídaNo Break 1\n Potência de \n30 kVANo Break 2\nPotência de \n10 kVANo Break 3\nPotência de \n20 kVA\nCarga fornecida pelo sistema = 150 kVANo Break 4\nPotência de \n30 kVANo Break 5\nPotência de \n20 kVANo Break 6\nPotência de \n40 kVA\nINTERFACES DE \nGERENCIAMENTO   \nREMOTO\nSão compostas por diversas ferramentas. O \nAdaptador SNMP NetMate permite\ngerenciar remotamente o No Break via a \nInternet através de um web browser,\nmonitorar o status e enviar alertas por e-mail. \nO software IP Power é uma ferramenta de \ngerenciamento  Windows Application e a \nversão Client é específica para  automatizar o \nshutdown de servidores, podendo desligar \nautomática e simultaneamente vários\ns e r v i d o r e s  e  e s t a ç õ e s .\nO Adaptador ArmModbus permite integrar \no  N o  B r e a k ,  v i a  u m a  p o r t a\nRS485, a Sistemas de Automação Predial.']","O sistema Paralelo Multi Ativo da CM Comandos Lineares ajuda na expansão e confiabilidade em aplicações que precisam de no-breaks de várias maneiras:

1. **Flexibilidade em expansão**: O sistema permite que as unidades de no-break sejam paraleladas em quantidades variadas, o que permite uma expansão flexível da capacidade do sistema de acordo com a demanda de consumo.

2. **Redundância**: O sistema é capaz de criar uma rede de no-breaks redundante, permitindo que a carga seja distribuída de forma proporcional quando uma ou mais unidades forem desligadas, mantendo a carga ativa.

3. **Controle individual**: Cada no-break é autônomo e operam de forma independente no sistema, o que permite que as unidades sejam ajustadas e configuradas de acordo com as necessidades específicas da aplicação.

4. **Manutenção automática**: O sistema permite a inserção ou retirada de no-breaks sem a necessidade de parada, o que facilita a manutenção e a reparação das unidades.

5. **Integração com sistemas de automação**: O sistema pode ser integrado com sistemas de automação predial, permitindo a automação do shutdown e desligamento de servidores, além de monitorar o status e enviar alertas por e-mail.

6. **Flexibilidade em configuração**: O sistema permite que as configurações sejam ajustadas de acordo com as necessidades específicas da aplicação, o que permite uma flexibilidade flexível em termos de expansão e configuração.

7. **Rede de comunicação**: O sistema utiliza uma rede de comunicação para transferir informações entre os no-breaks, o que permite uma integração eficaz com outros sistemas e dispositivos.","O sistema Paralelo Multi Ativo da CM Comandos Lineares ajuda na expansão e confiabilidade em aplicações que precisam de no-breaks, permitindo a paralelização de quantas unidades forem necessárias para atender a demanda de consumo.",0.99999999995,1.0,0.3333333322222222,0.6470588235294118,0.9745189183603165,0.7058823529411765,0.3,0.8457056873070258,0.13959234095120443,0.18750000000000003,0.0,0.0,0,1,1,1,0
8,impacto somatória potências No-Breaks eficiência confiabilidade energia sistemas críticos,"['S I S T E M A PA R A L E L O M U LT I AT I V O ( E X C L U S I V O C M C O M A N D O S )\nA CM Comandos Lineares desenvolveu um sistema inovador e pioneiro no mundo de paralelismo entre No Breaks. O sistema Paralelo \nMulti Ativo permite a expansão do sistema, de acordo com sua demanda de consumo, podendo paralelar quantas unidades forem \nnecessárias para atender sua demanda, elevando a capacidade do sistema e a confiabilidade de sua aplicação.\nP O S S I B I L I D A D E D E S O M A T Ó R I A D E  P O T Ê N C I A S\nPermite a ligação para somatória de potência, utilizando dois ou mais No \nBreaks para atingir a demanda da carga total.\nQuando utilizado para somatória de potência, possibilita a ligação de \nNo Breaks com potências diferentes. Quando a ligação for feita com No \nBreaks de potências diferentes, a carga será distribuída \nproporcionalmente. Permite a ligação em paralelo redundante N + 1,  N + 2, N + 3 … N+X,  \npossibilitando o desligamento de uma ou mais unidades mantendo a \ncarga ativa.L I G A Ç Ã O E M P A R A L E L O R E D U N D A N T E\nA comunicação entre os No Breaks consiste no barramento de \ncomunicação comum, por onde transitam informações contendo \nnível de carga, sincronismo e a condição do by pass.C O M U N I C A Ç Ã O E N T R E O S N O B R E A K STodos os No Breaks são autônomos, operam de forma \nindependente no sistema e possuem controle individual.N Ã O E X I S T E N O B R E A K M E S T R E O U E S C R A V OPodem ser paraleladas quantas unidades forem necessárias, \npossibilitando expansão do sistema, de acordo com a demanda de \nconsumo.Q U A N T I D A D E I L I M I T A D A P A R A P A R A L E L I S M O\nM A N U T E N Ç Ã O D O N O B R E A K\nPermite a inserção ou retirada de um No Break no sistema, sem a \nnecessidade de parada.Rede Elétrica\nde Entrada\nSaídaNo Break 1\n Potência de \n30 kVANo Break 2\nPotência de \n10 kVANo Break 3\nPotência de \n20 kVA\nCarga fornecida pelo sistema = 150 kVANo Break 4\nPotência de \n30 kVANo Break 5\nPotência de \n20 kVANo Break 6\nPotência de \n40 kVA\nINTERFACES DE \nGERENCIAMENTO   \nREMOTO\nSão compostas por diversas ferramentas. O \nAdaptador SNMP NetMate permite\ngerenciar remotamente o No Break via a \nInternet através de um web browser,\nmonitorar o status e enviar alertas por e-mail. \nO software IP Power é uma ferramenta de \ngerenciamento  Windows Application e a \nversão Client é específica para  automatizar o \nshutdown de servidores, podendo desligar \nautomática e simultaneamente vários\ns e r v i d o r e s  e  e s t a ç õ e s .\nO Adaptador ArmModbus permite integrar \no  N o  B r e a k ,  v i a  u m a  p o r t a\nRS485, a Sistemas de Automação Predial.', 'SISTEMA PARALELO MULTI ATIVO (EXCLUSIVO CM COMANDOS)\nA CM Comandos Lineares desenvolveu um sistema inovador e pioneiro no mundo de paralelismo entre no-breaks. O sistema \nParalelo Multi Ativo permite a expansão do sistema, de acordo com sua demanda de consumo, podendo paralelar quantas \nunidades forem necessárias para atender sua demanda, elevando a capacidade do sistema e a confiabilidade de sua aplicação.\nPOSSIBILIDADE DE SOMATÓRIA DE  POTÊNCIAS\nPermite a ligação para somatória de potência, utilizando dois ou mais \nNo-Breaks para atingir a demanda da carga total.\nQuando utilizado para somatória de potência, possibilita a ligação de \nNo-Breaks com potências diferentes. Quando a ligação for feita com \nNo-Breaks de potências diferentes, a carga será distribuída \nproporcionalmente. Permite a ligação em paralelo redundante N + 1,  N + 2, N + 3 … N+X,  \npossibilitando o desligamento de uma ou mais unidades, mantendo a \ncarga ativa.\nA comunicação entre os No-Breaks consiste no barramento de \ncomunicação comum, por onde transitam informações \ncontendo nível de carga, sincronismo e a condição do by pass.COMUNICAÇÃO ENTRE OS NO-BREAKSTodos os No-Breaks são autônomos, operam de forma \nindependente no sistema e possuem controle individual.NÃO EXISTE NO-BREAK MESTRE OU ESCRAVOPodem ser paraleladas quantas unidades forem necessárias, \npossibilitando expansão do sistema, de acordo com a demanda \nde consumo.QUANTIDADE ILIMITADA PARA PARALELISMO\nPARALELISMO DO BANCO DE BATERIAS\nPermite paralelismo dos bancos de baterias (quando forem de \nmesma tensão nominal).MANUTENÇÃO DO NO-BREAK\nPermite a inserção ou retirada de um No-Break no sistema, sem a \nnecessidade de parada.INTERFACES  DE  SHUTDOWN  E GERENCIAMENTO  REMOTO\nRede Elétric a\nde Entr ada\nSaídaNo-break 1\n Potência \nde 60 kV ANo-break 2\nPotência de \n100 kV ANo-break 3\nPotência de \n20 kV A\nCarga fornecida pelo sistema = 410 kV ANo-break 4\nPotência de \n30 kV ANo-break 5\nPotência de \n80 kV ANo-break 6\nPotência de \n120 kV ARede L ocal Ether netA   Inter face de Ger enciamento \n     \nC  Inter face Shutdown \n     Client \n     LANB  Inter face Shutdown \n     D   Inter face de Ger enciamento Remoto \n  \nE  Adaptador SNMP\n     \nF  Client Shutdown\nG Estação Remota\n    Sof tware com \n    conexão à I nter netMultisser vidor es\nMultiplataf ormas\nMulti-S.O .Porta M icroprocessada DB9\nPorta Contato Seco DB9\nRede Ethernet RJ45']","A análise dos sistemas de paralelismo entre No-Breaks demonstra uma eficiência significativa na gestão de potências, garantindo confiabilidade e capacidade de suportar demandas crescentes. A capacidade de paralelizar unidades de potência de forma eficiente é um aspecto crucial para sistemas críticos, como bancos de baterias, onde a disponibilidade e a confiabilidade são fundamentais.

A eficiência dos sistemas de paralelismo entre No-Breaks é resultado de várias características, incluindo:

1.  **Comunicação comum**: A comunicação comum nos permite monitorar e controlar a carga em tempo real, garantindo que as unidades de potência estejam funcionando corretamente e que a carga seja distribuída de forma eficiente.
2.  **Distribuição de carga**: A distribuição de carga é feita de forma proporcional, o que ajuda a reduzir a sobrecarga e a garantir que as unidades de potência estejam funcionando corretamente.
3.  **Redundância**: A capacidade de paralelizar unidades de potência de forma redundante ajuda a garantir a confiabilidade do sistema e a capacidade de suportar demandas crescentes.
4.  **Manutenção**: A capacidade de paralelizar unidades de potência de forma independente ajuda a reduzir a necessidade de manutenção e a garantir que o sistema esteja funcionando corretamente.

Em resumo, a análise dos sistemas de paralelismo entre No-Breaks demonstra uma eficiência significativa na gestão de potências, garantindo confiabilidade e capacidade de suportar demandas crescentes, o que é fundamental para sistemas críticos.","A somatória de potências em No-Breaks permite a ligação de múltiplas unidades para atender à demanda total da carga, aumentando a eficiência e confiabilidade dos sistemas críticos.",0.99999999995,1.0,0.0,0.047619047619047616,0.5768754904634092,0.42857142857142855,0.0,0.7536794014947888,0.11226476314081768,0.1366906474820144,0.0,0.0,0,1,1,1,1
9,De que maneira a posibilidade de somatoria de potencias em No-Breaks impacta a distribuiçao de carga e a redudancia no sistema?,"['S I S T E M A PA R A L E L O M U LT I AT I V O ( E X C L U S I V O C M C O M A N D O S )\nA CM Comandos Lineares desenvolveu um sistema inovador e pioneiro no mundo de paralelismo entre No Breaks. O sistema Paralelo \nMulti Ativo permite a expansão do sistema, de acordo com sua demanda de consumo, podendo paralelar quantas unidades forem \nnecessárias para atender sua demanda, elevando a capacidade do sistema e a confiabilidade de sua aplicação.\nP O S S I B I L I D A D E D E S O M A T Ó R I A D E  P O T Ê N C I A S\nPermite a ligação para somatória de potência, utilizando dois ou mais No \nBreaks para atingir a demanda da carga total.\nQuando utilizado para somatória de potência, possibilita a ligação de \nNo Breaks com potências diferentes. Quando a ligação for feita com No \nBreaks de potências diferentes, a carga será distribuída \nproporcionalmente. Permite a ligação em paralelo redundante N + 1,  N + 2, N + 3 … N+X,  \npossibilitando o desligamento de uma ou mais unidades mantendo a \ncarga ativa.L I G A Ç Ã O E M P A R A L E L O R E D U N D A N T E\nA comunicação entre os No Breaks consiste no barramento de \ncomunicação comum, por onde transitam informações contendo \nnível de carga, sincronismo e a condição do by pass.C O M U N I C A Ç Ã O E N T R E O S N O B R E A K STodos os No Breaks são autônomos, operam de forma \nindependente no sistema e possuem controle individual.N Ã O E X I S T E N O B R E A K M E S T R E O U E S C R A V OPodem ser paraleladas quantas unidades forem necessárias, \npossibilitando expansão do sistema, de acordo com a demanda de \nconsumo.Q U A N T I D A D E I L I M I T A D A P A R A P A R A L E L I S M O\nM A N U T E N Ç Ã O D O N O B R E A K\nPermite a inserção ou retirada de um No Break no sistema, sem a \nnecessidade de parada.Rede Elétrica\nde Entrada\nSaídaNo Break 1\n Potência de \n30 kVANo Break 2\nPotência de \n10 kVANo Break 3\nPotência de \n20 kVA\nCarga fornecida pelo sistema = 150 kVANo Break 4\nPotência de \n30 kVANo Break 5\nPotência de \n20 kVANo Break 6\nPotência de \n40 kVA\nINTERFACES DE \nGERENCIAMENTO   \nREMOTO\nSão compostas por diversas ferramentas. O \nAdaptador SNMP NetMate permite\ngerenciar remotamente o No Break via a \nInternet através de um web browser,\nmonitorar o status e enviar alertas por e-mail. \nO software IP Power é uma ferramenta de \ngerenciamento  Windows Application e a \nversão Client é específica para  automatizar o \nshutdown de servidores, podendo desligar \nautomática e simultaneamente vários\ns e r v i d o r e s  e  e s t a ç õ e s .\nO Adaptador ArmModbus permite integrar \no  N o  B r e a k ,  v i a  u m a  p o r t a\nRS485, a Sistemas de Automação Predial.', 'SISTEMA PARALELO MULTI ATIVO (EXCLUSIVO CM COMANDOS)\nA CM Comandos Lineares desenvolveu um sistema inovador e pioneiro no mundo de paralelismo entre no-breaks. O sistema \nParalelo Multi Ativo permite a expansão do sistema, de acordo com sua demanda de consumo, podendo paralelar quantas \nunidades forem necessárias para atender sua demanda, elevando a capacidade do sistema e a confiabilidade de sua aplicação.\nPOSSIBILIDADE DE SOMATÓRIA DE  POTÊNCIAS\nPermite a ligação para somatória de potência, utilizando dois ou mais \nNo-Breaks para atingir a demanda da carga total.\nQuando utilizado para somatória de potência, possibilita a ligação de \nNo-Breaks com potências diferentes. Quando a ligação for feita com \nNo-Breaks de potências diferentes, a carga será distribuída \nproporcionalmente. Permite a ligação em paralelo redundante N + 1,  N + 2, N + 3 … N+X,  \npossibilitando o desligamento de uma ou mais unidades, mantendo a \ncarga ativa.\nA comunicação entre os No-Breaks consiste no barramento de \ncomunicação comum, por onde transitam informações \ncontendo nível de carga, sincronismo e a condição do by pass.COMUNICAÇÃO ENTRE OS NO-BREAKSTodos os No-Breaks são autônomos, operam de forma \nindependente no sistema e possuem controle individual.NÃO EXISTE NO-BREAK MESTRE OU ESCRAVOPodem ser paraleladas quantas unidades forem necessárias, \npossibilitando expansão do sistema, de acordo com a demanda \nde consumo.QUANTIDADE ILIMITADA PARA PARALELISMO\nPARALELISMO DO BANCO DE BATERIAS\nPermite paralelismo dos bancos de baterias (quando forem de \nmesma tensão nominal).MANUTENÇÃO DO NO-BREAK\nPermite a inserção ou retirada de um No-Break no sistema, sem a \nnecessidade de parada.INTERFACES  DE  SHUTDOWN  E GERENCIAMENTO  REMOTO\nRede Elétric a\nde Entr ada\nSaídaNo-break 1\n Potência \nde 60 kV ANo-break 2\nPotência de \n100 kV ANo-break 3\nPotência de \n20 kV A\nCarga fornecida pelo sistema = 410 kV ANo-break 4\nPotência de \n30 kV ANo-break 5\nPotência de \n80 kV ANo-break 6\nPotência de \n120 kV ARede L ocal Ether netA   Inter face de Ger enciamento \n     \nC  Inter face Shutdown \n     Client \n     LANB  Inter face Shutdown \n     D   Inter face de Ger enciamento Remoto \n  \nE  Adaptador SNMP\n     \nF  Client Shutdown\nG Estação Remota\n    Sof tware com \n    conexão à I nter netMultisser vidor es\nMultiplataf ormas\nMulti-S.O .Porta M icroprocessada DB9\nPorta Contato Seco DB9\nRede Ethernet RJ45']","A possibilidade de somatização de potências em No-Breaks pode ter impactos significativos na distribuição de carga e na redundância no sistema. Aqui estão alguns pontos a considerar:

1. **Distribuição de carga**: Com a capacidade de paralelizar unidades de potência, a carga pode ser distribuída de forma mais eficiente, reduzindo a pressão sobre cada No-Break. Isso pode ajudar a prolongar a vida útil dos No-Breaks e reduzir a necessidade de reparos.
2. **Redundância no sistema**: A capacidade de paralelar unidades de potência pode aumentar a redundância no sistema, pois cada No-Break pode ser operado de forma independente, reduzindo a dependência de um único No-Break para garantir a operação do sistema.
3. **Desligamento de unidades**: A capacidade de paralelar unidades de potência também permite o desligamento de unidades, o que pode ser útil em situações de emergência ou quando a carga não é necessária.
4. **Impacto na rede**: A capacidade de somatização de potências pode afetar a rede de comunicação, pois a comunicação entre os No-Breaks pode ser mais eficiente e reduzir a latência.

No entanto, é importante notar que a capacidade de somatização de potências também pode ter alguns desafios, como:

* **Complexidade da comunicação**: A capacidade de somatização de potências requer uma comunicação eficiente entre os No-Breaks, o que pode ser mais complexa do que a comunicação de carga.
* **Sensibilidade à falha**: A capacidade de somatização de potências pode ser mais sensível à falha de um No-Break, pois a carga pode ser distribuída de forma mais desigual se houver uma falha.

Em resumo, a possibilidade de somatização de potências em No-Breaks pode ter impactos significativos na distribuição de carga e na redundância no sistema, mas também pode apresentar desafios e limitações. É importante considerar esses fatores ao desenvolver e implementar sistemas de paralelismo de potências em No-Breaks.","A possibilidade de somatória de potências em No-Breaks impacta a distribuição de carga ao permitir a ligação de No-Breaks com potências diferentes, distribuindo a carga proporcionalmente e possibilitando redundância no sistema.",0.99999999995,1.0,0.0,0.4,0.6637931582886539,0.56,0.16,0.8424576382342376,0.11364815775817327,0.14583333333333334,0.0,0.0,0,1,1,1,1
10,como comunicação No Breaks influencia autonomia controle sistema,"['S I S T E M A PA R A L E L O M U LT I AT I V O ( E X C L U S I V O C M C O M A N D O S )\nA CM Comandos Lineares desenvolveu um sistema inovador e pioneiro no mundo de paralelismo entre No Breaks. O sistema Paralelo \nMulti Ativo permite a expansão do sistema, de acordo com sua demanda de consumo, podendo paralelar quantas unidades forem \nnecessárias para atender sua demanda, elevando a capacidade do sistema e a confiabilidade de sua aplicação.\nP O S S I B I L I D A D E D E S O M A T Ó R I A D E  P O T Ê N C I A S\nPermite a ligação para somatória de potência, utilizando dois ou mais No \nBreaks para atingir a demanda da carga total.\nQuando utilizado para somatória de potência, possibilita a ligação de \nNo Breaks com potências diferentes. Quando a ligação for feita com No \nBreaks de potências diferentes, a carga será distribuída \nproporcionalmente. Permite a ligação em paralelo redundante N + 1,  N + 2, N + 3 … N+X,  \npossibilitando o desligamento de uma ou mais unidades mantendo a \ncarga ativa.L I G A Ç Ã O E M P A R A L E L O R E D U N D A N T E\nA comunicação entre os No Breaks consiste no barramento de \ncomunicação comum, por onde transitam informações contendo \nnível de carga, sincronismo e a condição do by pass.C O M U N I C A Ç Ã O E N T R E O S N O B R E A K STodos os No Breaks são autônomos, operam de forma \nindependente no sistema e possuem controle individual.N Ã O E X I S T E N O B R E A K M E S T R E O U E S C R A V OPodem ser paraleladas quantas unidades forem necessárias, \npossibilitando expansão do sistema, de acordo com a demanda de \nconsumo.Q U A N T I D A D E I L I M I T A D A P A R A P A R A L E L I S M O\nM A N U T E N Ç Ã O D O N O B R E A K\nPermite a inserção ou retirada de um No Break no sistema, sem a \nnecessidade de parada.Rede Elétrica\nde Entrada\nSaídaNo Break 1\n Potência de \n30 kVANo Break 2\nPotência de \n10 kVANo Break 3\nPotência de \n20 kVA\nCarga fornecida pelo sistema = 150 kVANo Break 4\nPotência de \n30 kVANo Break 5\nPotência de \n20 kVANo Break 6\nPotência de \n40 kVA\nINTERFACES DE \nGERENCIAMENTO   \nREMOTO\nSão compostas por diversas ferramentas. O \nAdaptador SNMP NetMate permite\ngerenciar remotamente o No Break via a \nInternet através de um web browser,\nmonitorar o status e enviar alertas por e-mail. \nO software IP Power é uma ferramenta de \ngerenciamento  Windows Application e a \nversão Client é específica para  automatizar o \nshutdown de servidores, podendo desligar \nautomática e simultaneamente vários\ns e r v i d o r e s  e  e s t a ç õ e s .\nO Adaptador ArmModbus permite integrar \no  N o  B r e a k ,  v i a  u m a  p o r t a\nRS485, a Sistemas de Automação Predial.', 'SISTEMA PARALELO MULTI ATIVO (EXCLUSIVO CM COMANDOS)\nA CM Comandos Lineares desenvolveu um sistema inovador e pioneiro no mundo de paralelismo entre no-breaks. O sistema \nParalelo Multi Ativo permite a expansão do sistema, de acordo com sua demanda de consumo, podendo paralelar quantas \nunidades forem necessárias para atender sua demanda, elevando a capacidade do sistema e a confiabilidade de sua aplicação.\nPOSSIBILIDADE DE SOMATÓRIA DE  POTÊNCIAS\nPermite a ligação para somatória de potência, utilizando dois ou mais \nNo-Breaks para atingir a demanda da carga total.\nQuando utilizado para somatória de potência, possibilita a ligação de \nNo-Breaks com potências diferentes. Quando a ligação for feita com \nNo-Breaks de potências diferentes, a carga será distribuída \nproporcionalmente. Permite a ligação em paralelo redundante N + 1,  N + 2, N + 3 … N+X,  \npossibilitando o desligamento de uma ou mais unidades, mantendo a \ncarga ativa.\nA comunicação entre os No-Breaks consiste no barramento de \ncomunicação comum, por onde transitam informações \ncontendo nível de carga, sincronismo e a condição do by pass.COMUNICAÇÃO ENTRE OS NO-BREAKSTodos os No-Breaks são autônomos, operam de forma \nindependente no sistema e possuem controle individual.NÃO EXISTE NO-BREAK MESTRE OU ESCRAVOPodem ser paraleladas quantas unidades forem necessárias, \npossibilitando expansão do sistema, de acordo com a demanda \nde consumo.QUANTIDADE ILIMITADA PARA PARALELISMO\nPARALELISMO DO BANCO DE BATERIAS\nPermite paralelismo dos bancos de baterias (quando forem de \nmesma tensão nominal).MANUTENÇÃO DO NO-BREAK\nPermite a inserção ou retirada de um No-Break no sistema, sem a \nnecessidade de parada.INTERFACES  DE  SHUTDOWN  E GERENCIAMENTO  REMOTO\nRede Elétric a\nde Entr ada\nSaídaNo-break 1\n Potência \nde 60 kV ANo-break 2\nPotência de \n100 kV ANo-break 3\nPotência de \n20 kV A\nCarga fornecida pelo sistema = 410 kV ANo-break 4\nPotência de \n30 kV ANo-break 5\nPotência de \n80 kV ANo-break 6\nPotência de \n120 kV ARede L ocal Ether netA   Inter face de Ger enciamento \n     \nC  Inter face Shutdown \n     Client \n     LANB  Inter face Shutdown \n     D   Inter face de Ger enciamento Remoto \n  \nE  Adaptador SNMP\n     \nF  Client Shutdown\nG Estação Remota\n    Sof tware com \n    conexão à I nter netMultisser vidor es\nMultiplataf ormas\nMulti-S.O .Porta M icroprocessada DB9\nPorta Contato Seco DB9\nRede Ethernet RJ45']","A comunicação entre os No Breaks influencia a autonomia e o controle do sistema de maneira significativa. Aqui estão algumas razões pelas quais isso ocorre:

1. **Autonomia**: A comunicação entre os No Breaks permite que eles operem de forma independente, sem a necessidade de parada ou comunicação com o sistema central. Isso significa que, mesmo que um No Break seja desligado, ele ainda pode continuar a operar e a gerenciar a carga de forma autônoma.

2. **Controle**: A comunicação entre os No Breaks permite que eles tomem decisões sobre a carga de forma independente. Isso significa que, mesmo que um No Break seja desligado, ele ainda pode ajustar a carga de forma autônoma, o que pode ser útil em situações de emergência ou quando a carga está sob controle de outro No Break.

3. **Controle de paradas**: A comunicação entre os No Breaks permite que eles sejam controlados de forma independente, o que significa que, mesmo que um No Break seja desligado, ele ainda pode ser controlado de forma autônoma, permitindo que ele seja ativado novamente quando necessário.

4. **Flexibilidade**: A comunicação entre os No Breaks permite que eles sejam conectados de forma flexível, o que significa que eles podem ser conectados a diferentes dispositivos e sistemas, e ainda assim operar de forma independente.

5. **Redução de dependência**: A comunicação entre os No Breaks reduz a dependência do sistema central para a operação dos No Breaks, o que significa que a operação dos No Breaks pode ser realizada de forma independente, o que pode ser útil em situações de emergência ou quando a carga está sob controle de outro No Break.

Em resumo, a comunicação entre os No Breaks influencia a autonomia e o controle do sistema de maneira significativa, permitindo que os No Breaks operem de forma independente, autônoma e flexível, o que pode ser útil em situações de emergência ou quando a carga está sob controle de outro No Break.","A comunicação entre os No Breaks influencia a autonomia e o controle do sistema, pois cada No Break opera de forma independente e possui controle individual.",0.99999999995,1.0,0.3333333322222222,0.041666666666666664,0.8947960380093641,1.0,0.48,0.8343916990999012,0.08122090015519923,0.12169312169312169,0.0,0.0,0,0,1,1,0
11,como comunicação entre No Breaks afeta autonomia controle sistema,"['S I S T E M A PA R A L E L O M U LT I AT I V O ( E X C L U S I V O C M C O M A N D O S )\nA CM Comandos Lineares desenvolveu um sistema inovador e pioneiro no mundo de paralelismo entre No Breaks. O sistema Paralelo \nMulti Ativo permite a expansão do sistema, de acordo com sua demanda de consumo, podendo paralelar quantas unidades forem \nnecessárias para atender sua demanda, elevando a capacidade do sistema e a confiabilidade de sua aplicação.\nP O S S I B I L I D A D E D E S O M A T Ó R I A D E  P O T Ê N C I A S\nPermite a ligação para somatória de potência, utilizando dois ou mais No \nBreaks para atingir a demanda da carga total.\nQuando utilizado para somatória de potência, possibilita a ligação de \nNo Breaks com potências diferentes. Quando a ligação for feita com No \nBreaks de potências diferentes, a carga será distribuída \nproporcionalmente. Permite a ligação em paralelo redundante N + 1,  N + 2, N + 3 … N+X,  \npossibilitando o desligamento de uma ou mais unidades mantendo a \ncarga ativa.L I G A Ç Ã O E M P A R A L E L O R E D U N D A N T E\nA comunicação entre os No Breaks consiste no barramento de \ncomunicação comum, por onde transitam informações contendo \nnível de carga, sincronismo e a condição do by pass.C O M U N I C A Ç Ã O E N T R E O S N O B R E A K STodos os No Breaks são autônomos, operam de forma \nindependente no sistema e possuem controle individual.N Ã O E X I S T E N O B R E A K M E S T R E O U E S C R A V OPodem ser paraleladas quantas unidades forem necessárias, \npossibilitando expansão do sistema, de acordo com a demanda de \nconsumo.Q U A N T I D A D E I L I M I T A D A P A R A P A R A L E L I S M O\nM A N U T E N Ç Ã O D O N O B R E A K\nPermite a inserção ou retirada de um No Break no sistema, sem a \nnecessidade de parada.Rede Elétrica\nde Entrada\nSaídaNo Break 1\n Potência de \n30 kVANo Break 2\nPotência de \n10 kVANo Break 3\nPotência de \n20 kVA\nCarga fornecida pelo sistema = 150 kVANo Break 4\nPotência de \n30 kVANo Break 5\nPotência de \n20 kVANo Break 6\nPotência de \n40 kVA\nINTERFACES DE \nGERENCIAMENTO   \nREMOTO\nSão compostas por diversas ferramentas. O \nAdaptador SNMP NetMate permite\ngerenciar remotamente o No Break via a \nInternet através de um web browser,\nmonitorar o status e enviar alertas por e-mail. \nO software IP Power é uma ferramenta de \ngerenciamento  Windows Application e a \nversão Client é específica para  automatizar o \nshutdown de servidores, podendo desligar \nautomática e simultaneamente vários\ns e r v i d o r e s  e  e s t a ç õ e s .\nO Adaptador ArmModbus permite integrar \no  N o  B r e a k ,  v i a  u m a  p o r t a\nRS485, a Sistemas de Automação Predial.', 'SISTEMA PARALELO MULTI ATIVO (EXCLUSIVO CM COMANDOS)\nA CM Comandos Lineares desenvolveu um sistema inovador e pioneiro no mundo de paralelismo entre no-breaks. O sistema \nParalelo Multi Ativo permite a expansão do sistema, de acordo com sua demanda de consumo, podendo paralelar quantas \nunidades forem necessárias para atender sua demanda, elevando a capacidade do sistema e a confiabilidade de sua aplicação.\nPOSSIBILIDADE DE SOMATÓRIA DE  POTÊNCIAS\nPermite a ligação para somatória de potência, utilizando dois ou mais \nNo-Breaks para atingir a demanda da carga total.\nQuando utilizado para somatória de potência, possibilita a ligação de \nNo-Breaks com potências diferentes. Quando a ligação for feita com \nNo-Breaks de potências diferentes, a carga será distribuída \nproporcionalmente. Permite a ligação em paralelo redundante N + 1,  N + 2, N + 3 … N+X,  \npossibilitando o desligamento de uma ou mais unidades, mantendo a \ncarga ativa.\nA comunicação entre os No-Breaks consiste no barramento de \ncomunicação comum, por onde transitam informações \ncontendo nível de carga, sincronismo e a condição do by pass.COMUNICAÇÃO ENTRE OS NO-BREAKSTodos os No-Breaks são autônomos, operam de forma \nindependente no sistema e possuem controle individual.NÃO EXISTE NO-BREAK MESTRE OU ESCRAVOPodem ser paraleladas quantas unidades forem necessárias, \npossibilitando expansão do sistema, de acordo com a demanda \nde consumo.QUANTIDADE ILIMITADA PARA PARALELISMO\nPARALELISMO DO BANCO DE BATERIAS\nPermite paralelismo dos bancos de baterias (quando forem de \nmesma tensão nominal).MANUTENÇÃO DO NO-BREAK\nPermite a inserção ou retirada de um No-Break no sistema, sem a \nnecessidade de parada.INTERFACES  DE  SHUTDOWN  E GERENCIAMENTO  REMOTO\nRede Elétric a\nde Entr ada\nSaídaNo-break 1\n Potência \nde 60 kV ANo-break 2\nPotência de \n100 kV ANo-break 3\nPotência de \n20 kV A\nCarga fornecida pelo sistema = 410 kV ANo-break 4\nPotência de \n30 kV ANo-break 5\nPotência de \n80 kV ANo-break 6\nPotência de \n120 kV ARede L ocal Ether netA   Inter face de Ger enciamento \n     \nC  Inter face Shutdown \n     Client \n     LANB  Inter face Shutdown \n     D   Inter face de Ger enciamento Remoto \n  \nE  Adaptador SNMP\n     \nF  Client Shutdown\nG Estação Remota\n    Sof tware com \n    conexão à I nter netMultisser vidor es\nMultiplataf ormas\nMulti-S.O .Porta M icroprocessada DB9\nPorta Contato Seco DB9\nRede Ethernet RJ45']","A comunicação entre os No Breaks afeta significativamente a autonomia e o controle do sistema. Quando os No Breaks estão conectados, eles podem interagir diretamente entre si, permitindo uma maior flexibilidade e autonomia no sistema.

A comunicação entre os No Breaks é feita por meio de um barramento comum, que permite a transferência de informações como nível de carga, sincronismo e condição do by pass. Isso permite que os No Breaks possam se comunicar e coordenar suas ações de forma eficiente.

No entanto, a comunicação entre os No Breaks também pode afetar a autonomia do sistema. Se um No Break estiver parado, os outros No Breaks podem continuar a operar normalmente, mas a capacidade do sistema pode ser reduzida. Isso ocorre porque os No Breaks estão interconectados e podem influenciar a carga total do sistema.

Além disso, a comunicação entre os No Breaks também pode afetar o controle do sistema. Se um No Break estiver parado, os outros No Breaks podem ser controlados por um No Break parado, o que pode afetar a precisão e a confiabilidade do controle do sistema.

No entanto, a comunicação entre os No Breaks também pode ser usada para aumentar a autonomia do sistema. Por exemplo, se um No Break estiver parado, os outros No Breaks podem ser usados para controlar a carga restante do sistema, o que pode permitir que o sistema continue operando de forma mais eficiente.

Em resumo, a comunicação entre os No Breaks afeta significativamente a autonomia e o controle do sistema, mas também pode ser usada para aumentar a autonomia do sistema em certas situações.","A comunicação entre No Breaks afeta a autonomia e o controle do sistema, pois permite a troca de informações sobre nível de carga, sincronismo e condição do by pass, embora cada No Break opere de forma independente.",0.99999999995,1.0,0.16666666638888888,0.19230769230769232,0.9368351002205841,0.2692307692307692,0.35,0.8954526902568867,0.1327433628318584,0.20923076923076922,0.0,0.0,0,0,1,0,0
12,De que maneira a posibilidade de paralelament de unidads em um sistema de no-break mestro ou escravo impacta a expanção e a eficienci do forneciment de energia de acordo com a demanda de consumu?,"['S I S T E M A PA R A L E L O M U LT I AT I V O ( E X C L U S I V O C M C O M A N D O S )\nA CM Comandos Lineares desenvolveu um sistema inovador e pioneiro no mundo de paralelismo entre No Breaks. O sistema Paralelo \nMulti Ativo permite a expansão do sistema, de acordo com sua demanda de consumo, podendo paralelar quantas unidades forem \nnecessárias para atender sua demanda, elevando a capacidade do sistema e a confiabilidade de sua aplicação.\nP O S S I B I L I D A D E D E S O M A T Ó R I A D E  P O T Ê N C I A S\nPermite a ligação para somatória de potência, utilizando dois ou mais No \nBreaks para atingir a demanda da carga total.\nQuando utilizado para somatória de potência, possibilita a ligação de \nNo Breaks com potências diferentes. Quando a ligação for feita com No \nBreaks de potências diferentes, a carga será distribuída \nproporcionalmente. Permite a ligação em paralelo redundante N + 1,  N + 2, N + 3 … N+X,  \npossibilitando o desligamento de uma ou mais unidades mantendo a \ncarga ativa.L I G A Ç Ã O E M P A R A L E L O R E D U N D A N T E\nA comunicação entre os No Breaks consiste no barramento de \ncomunicação comum, por onde transitam informações contendo \nnível de carga, sincronismo e a condição do by pass.C O M U N I C A Ç Ã O E N T R E O S N O B R E A K STodos os No Breaks são autônomos, operam de forma \nindependente no sistema e possuem controle individual.N Ã O E X I S T E N O B R E A K M E S T R E O U E S C R A V OPodem ser paraleladas quantas unidades forem necessárias, \npossibilitando expansão do sistema, de acordo com a demanda de \nconsumo.Q U A N T I D A D E I L I M I T A D A P A R A P A R A L E L I S M O\nM A N U T E N Ç Ã O D O N O B R E A K\nPermite a inserção ou retirada de um No Break no sistema, sem a \nnecessidade de parada.Rede Elétrica\nde Entrada\nSaídaNo Break 1\n Potência de \n30 kVANo Break 2\nPotência de \n10 kVANo Break 3\nPotência de \n20 kVA\nCarga fornecida pelo sistema = 150 kVANo Break 4\nPotência de \n30 kVANo Break 5\nPotência de \n20 kVANo Break 6\nPotência de \n40 kVA\nINTERFACES DE \nGERENCIAMENTO   \nREMOTO\nSão compostas por diversas ferramentas. O \nAdaptador SNMP NetMate permite\ngerenciar remotamente o No Break via a \nInternet através de um web browser,\nmonitorar o status e enviar alertas por e-mail. \nO software IP Power é uma ferramenta de \ngerenciamento  Windows Application e a \nversão Client é específica para  automatizar o \nshutdown de servidores, podendo desligar \nautomática e simultaneamente vários\ns e r v i d o r e s  e  e s t a ç õ e s .\nO Adaptador ArmModbus permite integrar \no  N o  B r e a k ,  v i a  u m a  p o r t a\nRS485, a Sistemas de Automação Predial.', 'SISTEMA PARALELO MULTI ATIVO (EXCLUSIVO CM COMANDOS)\nA CM Comandos Lineares desenvolveu um sistema inovador e pioneiro no mundo de paralelismo entre no-breaks. O sistema \nParalelo Multi Ativo permite a expansão do sistema, de acordo com sua demanda de consumo, podendo paralelar quantas \nunidades forem necessárias para atender sua demanda, elevando a capacidade do sistema e a confiabilidade de sua aplicação.\nPOSSIBILIDADE DE SOMATÓRIA DE  POTÊNCIAS\nPermite a ligação para somatória de potência, utilizando dois ou mais \nNo-Breaks para atingir a demanda da carga total.\nQuando utilizado para somatória de potência, possibilita a ligação de \nNo-Breaks com potências diferentes. Quando a ligação for feita com \nNo-Breaks de potências diferentes, a carga será distribuída \nproporcionalmente. Permite a ligação em paralelo redundante N + 1,  N + 2, N + 3 … N+X,  \npossibilitando o desligamento de uma ou mais unidades, mantendo a \ncarga ativa.\nA comunicação entre os No-Breaks consiste no barramento de \ncomunicação comum, por onde transitam informações \ncontendo nível de carga, sincronismo e a condição do by pass.COMUNICAÇÃO ENTRE OS NO-BREAKSTodos os No-Breaks são autônomos, operam de forma \nindependente no sistema e possuem controle individual.NÃO EXISTE NO-BREAK MESTRE OU ESCRAVOPodem ser paraleladas quantas unidades forem necessárias, \npossibilitando expansão do sistema, de acordo com a demanda \nde consumo.QUANTIDADE ILIMITADA PARA PARALELISMO\nPARALELISMO DO BANCO DE BATERIAS\nPermite paralelismo dos bancos de baterias (quando forem de \nmesma tensão nominal).MANUTENÇÃO DO NO-BREAK\nPermite a inserção ou retirada de um No-Break no sistema, sem a \nnecessidade de parada.INTERFACES  DE  SHUTDOWN  E GERENCIAMENTO  REMOTO\nRede Elétric a\nde Entr ada\nSaídaNo-break 1\n Potência \nde 60 kV ANo-break 2\nPotência de \n100 kV ANo-break 3\nPotência de \n20 kV A\nCarga fornecida pelo sistema = 410 kV ANo-break 4\nPotência de \n30 kV ANo-break 5\nPotência de \n80 kV ANo-break 6\nPotência de \n120 kV ARede L ocal Ether netA   Inter face de Ger enciamento \n     \nC  Inter face Shutdown \n     Client \n     LANB  Inter face Shutdown \n     D   Inter face de Ger enciamento Remoto \n  \nE  Adaptador SNMP\n     \nF  Client Shutdown\nG Estação Remota\n    Sof tware com \n    conexão à I nter netMultisser vidor es\nMultiplataf ormas\nMulti-S.O .Porta M icroprocessada DB9\nPorta Contato Seco DB9\nRede Ethernet RJ45']","A possibilidade de paralelismo de unidades em um sistema de no-break mestro ou escravo pode ter impactos significativos na expansão e eficiência da fornecimento de energia de acordo com a demanda de consumo.

Quando um sistema de no-break mestro ou escravo é paralelizado, a capacidade de processar carga aumenta, permitindo que mais unidades sejam conectadas ao sistema. Isso pode levar a uma expansão mais rápida do sistema, pois a demanda de energia pode ser atendida de forma mais eficiente.

No entanto, a paralelização de unidades também pode criar desafios em termos de eficiência. Se as unidades forem paralelizadas de forma inadequada, a carga pode ser distribuída de forma desproporcional, o que pode resultar em uma perda de eficiência e aumento da energia consumida.

Além disso, a paralelização de unidades pode exigir mais recursos de controle e monitoramento, o que pode aumentar o custo de operação e manutenção do sistema.

No entanto, se o sistema de no-break mestro ou escravo for projetado e implementado de forma adequada, a paralelização de unidades pode ser uma ferramenta eficaz para aumentar a capacidade de processamento e a eficiência da fornecimento de energia.

É importante notar que a escolha da maneira de paralelizar unidades depende de vários fatores, incluindo a necessidade de capacidade de processamento, a disponibilidade de recursos de controle e monitoramento, e a complexidade do sistema.","A possibilidade de paralelamento de unidades em um sistema de no-break mestre ou escravo impacta a expansão e a eficiência do fornecimento de energia, permitindo que quantas unidades forem necessárias sejam paraleladas, de acordo com a demanda de consumo.",0.99999999995,0.0,0.0,0.14285714285714285,0.7224001646939499,0.4,0.29,0.8708065176090295,0.1672498250524842,0.19787985865724383,0.0,0.0,0,1,1,1,1
13,De que maneira a posibilidade de paralelamento de unidaddes em um sistema de no-break mestro ou escravo impacta a expanção e a eficienci do forneciment de energia de acordo com a demanda de consumu?,"['SISTEMA PARALELO MULTI ATIVO (EXCLUSIVO CM COMANDOS)\nA CM Comandos Lineares desenvolveu um sistema inovador e pioneiro no mundo de paralelismo entre no-breaks. O sistema \nParalelo Multi Ativo permite a expansão do sistema, de acordo com sua demanda de consumo, podendo paralelar quantas \nunidades forem necessárias para atender sua demanda, elevando a capacidade do sistema e a confiabilidade de sua aplicação.\nPOSSIBILIDADE DE SOMATÓRIA DE  POTÊNCIAS\nPermite a ligação para somatória de potência, utilizando dois ou mais \nNo-Breaks para atingir a demanda da carga total.\nQuando utilizado para somatória de potência, possibilita a ligação de \nNo-Breaks com potências diferentes. Quando a ligação for feita com \nNo-Breaks de potências diferentes, a carga será distribuída \nproporcionalmente. Permite a ligação em paralelo redundante N + 1,  N + 2, N + 3 … N+X,  \npossibilitando o desligamento de uma ou mais unidades, mantendo a \ncarga ativa.\nA comunicação entre os No-Breaks consiste no barramento de \ncomunicação comum, por onde transitam informações \ncontendo nível de carga, sincronismo e a condição do by pass.COMUNICAÇÃO ENTRE OS NO-BREAKSTodos os No-Breaks são autônomos, operam de forma \nindependente no sistema e possuem controle individual.NÃO EXISTE NO-BREAK MESTRE OU ESCRAVOPodem ser paraleladas quantas unidades forem necessárias, \npossibilitando expansão do sistema, de acordo com a demanda \nde consumo.QUANTIDADE ILIMITADA PARA PARALELISMO\nPARALELISMO DO BANCO DE BATERIAS\nPermite paralelismo dos bancos de baterias (quando forem de \nmesma tensão nominal).MANUTENÇÃO DO NO-BREAK\nPermite a inserção ou retirada de um No-Break no sistema, sem a \nnecessidade de parada.INTERFACES  DE  SHUTDOWN  E GERENCIAMENTO  REMOTO\nRede Elétric a\nde Entr ada\nSaídaNo-break 1\n Potência \nde 60 kV ANo-break 2\nPotência de \n100 kV ANo-break 3\nPotência de \n20 kV A\nCarga fornecida pelo sistema = 410 kV ANo-break 4\nPotência de \n30 kV ANo-break 5\nPotência de \n80 kV ANo-break 6\nPotência de \n120 kV ARede L ocal Ether netA   Inter face de Ger enciamento \n     \nC  Inter face Shutdown \n     Client \n     LANB  Inter face Shutdown \n     D   Inter face de Ger enciamento Remoto \n  \nE  Adaptador SNMP\n     \nF  Client Shutdown\nG Estação Remota\n    Sof tware com \n    conexão à I nter netMultisser vidor es\nMultiplataf ormas\nMulti-S.O .Porta M icroprocessada DB9\nPorta Contato Seco DB9\nRede Ethernet RJ45', 'S I S T E M A PA R A L E L O M U LT I AT I V O ( E X C L U S I V O C M C O M A N D O S )\nA CM Comandos Lineares desenvolveu um sistema inovador e pioneiro no mundo de paralelismo entre No Breaks. O sistema Paralelo \nMulti Ativo permite a expansão do sistema, de acordo com sua demanda de consumo, podendo paralelar quantas unidades forem \nnecessárias para atender sua demanda, elevando a capacidade do sistema e a confiabilidade de sua aplicação.\nP O S S I B I L I D A D E D E S O M A T Ó R I A D E  P O T Ê N C I A S\nPermite a ligação para somatória de potência, utilizando dois ou mais No \nBreaks para atingir a demanda da carga total.\nQuando utilizado para somatória de potência, possibilita a ligação de \nNo Breaks com potências diferentes. Quando a ligação for feita com No \nBreaks de potências diferentes, a carga será distribuída \nproporcionalmente. Permite a ligação em paralelo redundante N + 1,  N + 2, N + 3 … N+X,  \npossibilitando o desligamento de uma ou mais unidades mantendo a \ncarga ativa.L I G A Ç Ã O E M P A R A L E L O R E D U N D A N T E\nA comunicação entre os No Breaks consiste no barramento de \ncomunicação comum, por onde transitam informações contendo \nnível de carga, sincronismo e a condição do by pass.C O M U N I C A Ç Ã O E N T R E O S N O B R E A K STodos os No Breaks são autônomos, operam de forma \nindependente no sistema e possuem controle individual.N Ã O E X I S T E N O B R E A K M E S T R E O U E S C R A V OPodem ser paraleladas quantas unidades forem necessárias, \npossibilitando expansão do sistema, de acordo com a demanda de \nconsumo.Q U A N T I D A D E I L I M I T A D A P A R A P A R A L E L I S M O\nM A N U T E N Ç Ã O D O N O B R E A K\nPermite a inserção ou retirada de um No Break no sistema, sem a \nnecessidade de parada.Rede Elétrica\nde Entrada\nSaídaNo Break 1\n Potência de \n30 kVANo Break 2\nPotência de \n10 kVANo Break 3\nPotência de \n20 kVA\nCarga fornecida pelo sistema = 150 kVANo Break 4\nPotência de \n30 kVANo Break 5\nPotência de \n20 kVANo Break 6\nPotência de \n40 kVA\nINTERFACES DE \nGERENCIAMENTO   \nREMOTO\nSão compostas por diversas ferramentas. O \nAdaptador SNMP NetMate permite\ngerenciar remotamente o No Break via a \nInternet através de um web browser,\nmonitorar o status e enviar alertas por e-mail. \nO software IP Power é uma ferramenta de \ngerenciamento  Windows Application e a \nversão Client é específica para  automatizar o \nshutdown de servidores, podendo desligar \nautomática e simultaneamente vários\ns e r v i d o r e s  e  e s t a ç õ e s .\nO Adaptador ArmModbus permite integrar \no  N o  B r e a k ,  v i a  u m a  p o r t a\nRS485, a Sistemas de Automação Predial.']","A possibilidade de paralelamento de unidades em um sistema de no-break mestro ou escravo pode ter impactos significativos na expansão e eficiência do fornecimento de energia de acordo com a demanda de consumo. Aqui estão alguns pontos a considerar:

1. **Redução de custos**: Com a capacidade de paralelar unidades, o sistema pode atender a demandas de consumo mais altas, reduzindo a necessidade de construir novas unidades ou aumentar a quantidade de energia necessária. Isso pode resultar em custos mais baixos para a empresa.

2. **Melhoria da eficiência**: A capacidade de paralelar unidades pode ajudar a reduzir a sobrecarga do sistema, garantindo que a energia seja distribuída de forma eficiente e evitar a perda de potência. Isso pode resultar em uma maior eficiência energética e redução de custos de manutenção.

3. **Aumento da flexibilidade**: Com a capacidade de paralelar unidades, o sistema pode ser adaptado às mudanças de demanda de consumo, permitindo que a empresa ajuste a capacidade do sistema de acordo com as necessidades atuais. Isso pode ser especialmente útil em situações de alta demanda de consumo.

4. **Redução de riscos**: A capacidade de paralelar unidades pode ajudar a reduzir os riscos associados à sobrecarga do sistema, como falhas de componentes ou problemas de segurança. Isso pode resultar em uma maior segurança e confiabilidade do sistema.

5. **Aumento da confiabilidade**: A capacidade de paralelar unidades pode ajudar a aumentar a confiabilidade do sistema, pois garantir que a energia seja distribuída de forma eficiente e evitar a perda de potência. Isso pode resultar em uma maior confiabilidade do sistema e redução de custos de manutenção.

No entanto, é importante notar que a capacidade de paralelar unidades também pode ter desvantagens, como:

* **Aumento da complexidade**: A capacidade de paralelar unidades pode aumentar a complexidade do sistema, o que pode ser difícil de gerenciar e manter.
* **Aumento do custo de manutenção**: A capacidade de paralelar unidades pode aumentar o custo de manutenção, pois é necessário investir em ferramentas e equipamentos para gerenciar o sistema de paralelismo.

Em resumo, a possibilidade de paralelamento de unidades em um sistema de no-break mestro ou escravo pode ter impactos significativos na expansão e eficiência do fornecimento de energia de acordo com a demanda de consumo. É importante considerar os desvantagens e benefícios antes de implementar um sistema de paralelismo.","A possibilidade de paralelamento de unidades em um sistema de no-break mestre ou escravo impacta a expansão e a eficiência do fornecimento de energia, permitindo que quantas unidades forem necessárias sejam paraleladas, de acordo com a demanda de consumo.",0.99999999995,0.0,0.0,0.2222222222222222,0.7628043324615982,0.29411764705882354,0.34,0.8608767081821115,0.10144927536231885,0.15044247787610618,0.0,0.0,0,1,1,1,1
14,Quais sã as implicações da variação de potênci em sistmas elétricos?,"['Av. Eng . Alber to de Zagottis , 760 - 04675-085 -  São P aulo - SP\nPhone .: (11) 5696-5000\nwww.cmcomandos .com.br\nSistema de \nSustentabilidade A uditadoOSD  N LI A NM EO AC R EM SCISO\n90012015\nQ Y UALIT600.000 600,0 1835 x 1444  x 1555  1680\n700.000 700,0 1835 x 1444  x 1555  1760\n800.000 800,0 1835 x 1444  x 1555  1840\nCM MK T JAN - 24  -   As especificações estão sujeitas a alterações sem aviso pr évio e conf orme necessidades de pr ojetos customizados . Nós incentivamos a r eciclagemLinha TI - Trifásic o Isolado\n  10.000   10,0   900 x 360  x  860       180\n  15.000   15,0   900 x 360  x  860       210\n  20.000   20,0   900 x 360  x  860       235\n30.000   30,0 1300 x 360  x  988       300\n40.000   40,0 1300 x 360  x  988      370\n50.000   50,0 1300 x 360  x  988      420\n75.000   75,0 1532 x 540  x 1070      596\n100.000 100,0 1532 x 540  x 1070      730\n150.000 150,0 1532 x 720  x 1070     1050\n200.000 200,0 1532 x 720  x 1070     1150\n250.000 250,0 1835 x 1444  x 1555   1350\n300.000 300,0 1835 x 1444  x 1555   1430\n400.000 400,0 1835 x 1444  x 1555   1520\n500.000 500,0 1835 x 1444  x 1555   1600Modelo Potência\nkVAAlt x Larg x P rof Peso\nmmkg\nLinha TA - Trifásic o com A utotr afo\n* Outras potências sob consultaDIMENSÕES FÍSICAS Entr ada\n   Tensão:  \n    \n    •380/220V ou 220/127V  - modelos TI - standar d\n    \n    •Outras tensões sob consulta\n  Variação A dmissív el:\n   \n    •± 16% da tensão nominal\n   Frequência:  50 ou 60 H z \n   Variação de F requência A dmissív el:  ± 5%\n \n  Configur ação:   Trifásica: 3F + N + T\n \n Fator de P otência:   0,8\nSaída\n  Potências Disponív eis:  \n \n    • 10 / 15 / 20 / 30 / 40 / 50 / 75 / 100 / 150 / 200\n       250 / 300 / 400 / 500 / 600/ 700/ 800 kV A\n \n    • Outras potências sob consulta\nTensão:  \n \n    • 220/127V\n \n    • 380/220V\n \n    • Outras tensões sob consulta\nRegulação Estática:  ± 1% nominal \n Frequência:  50 ou 60 H z \n \n  Configur ação:  Trifásica:  3F +N +  T\n  Fator de P otência:   0,', '00      X 280 X 647         97\n    7500       7,50     787 X 280 X 647        116\n   10000    10,00     815 X 480 X 875        204\n   15000    15,00     815 X 480 X 875        259787Peso (com \nbaterias)\nkgn    \nn   \nn   \nn  \nn   \nn   Upg rade de F irmware   On-Line - Dupla Con versão\nRetificador - I nversor - Banco de Bater ias\nBypass Estático \n Contr ole Dig ital M icroprocessador DSP\nInversor a M ódulo IGBT de Alta F requência \nCertificação de \nSustentabilidade A uditadaOSD  N LI A NM EO AC R EM SCISO\n90012015\nAv. Eng . Alber to de Zagottis , 760 - 04675-085 -  São P aulo - SP\nTel.: (11) 5696-5000 \nwww.cmcomandos .com.brEntr ada\nTensão:  \n    •220 V \n Variação A dmissív el:\n   \n    •± 15% da tensão nominal\nFrequência:  50 ou 60 H z\nVariação de F requência A dmissív el:   + 6%  - 4% \nConfigur ação:\n    \n    •Monofásico : F + N + T\n    \n    •Bifásica: F + F + T\nFator de P otência:\n    \n    •0,8     \n    •0,99*\nPotências Disponív eis:  \n   \n    •5 kV A / 3,5 kW\n   \n    •7,5 kV A / 5,25 kW\n   \n    •10 kV A / 7,0 kW\n   \n    •15 kV A / 10,5 kW\nRegulação Estática:  ± 1% nominal\nFrequência:  50 ou 60 H z\n \nVariação de F requência:  • ± 0,05% em modo bater ia\nConfigur ação:\n     \n    • Monofásico: F + N + T\n     \n    • Bifásica: F + F + T\nFator de P otência:  0,7\nForma de Onda:  senoidal\n Distorção Harmônica THD:  inferior a 1%, total\n  Fator de Crista:  3:1\nCapacidade de Sobr ecar ga:  125% durante25s\nRendimento:  90%\nBaterias\n \nTensão de Linha: 192 VDC\nSistema de Recar ga: contr olado , automático\nTempo de Recar ga: 8 a 10 horas para 90% da car ga\nTipo:  seladas , isentas de manutençãon   \nn  \n \nn    \nn   \nn   \nn   \nn\nn   \nn   \nn    \nn   \nn   \nn   \nn   \nn  \nn \nn   \nn   \nn    \nn   \nn   \nn       \nSaída\nTensão:  \n    • 220 V ( standar d )   Tecnologia\nCM.MK T SET 2021 - As especificações estão sujeitas a alterações sem pr évio aviso . Nós incentivamos a r eciclagem\n * Opcional']","Variação de potência em sistemas elétricos pode ter várias implicações significativas, incluindo:

1. **Efeitos na eficiência e na eficiência energética**: A variação de potência pode afetar a eficiência energética de um sistema elétrico, pois a potência é medida em watts (W), e a variação pode afetar a quantidade de energia consumida ou produzida.

2. **Impacto na segurança elétrica**: A variação de potência pode aumentar o risco de acidentes elétricos, pois a potência pode variar de forma não contínua ou irregular, o que pode causar choques elétricos ou outros efeitos adversos.

3. **Dificuldade em planejar e executar projetos**: A variação de potência pode tornar mais difícil planejar e executar projetos elétricos, pois a potência pode variar de forma não contínua ou irregular, o que pode afetar a disponibilidade de recursos e a eficiência dos projetos.

4. **Desafios para a manutenção e reparo**: A variação de potência pode tornar mais difícil a manutenção e reparo de sistemas elétricos, pois a potência pode variar de forma não contínua ou irregular, o que pode afetar a eficiência dos procedimentos de manutenção e reparo.

5. **Impacto na qualidade de vida**: A variação de potência pode afetar a qualidade de vida de pessoas que dependem de sistemas elétricos, pois a potência pode variar de forma não contínua ou irregular, o que pode causar desconforto, estresse e outros problemas de saúde.","As implicações da variação de potência em sistemas elétricos podem incluir a eficiência do sistema, a capacidade de carga e a estabilidade operacional, mas o contexto fornecido não detalha essas implicações específicas.",0.0,0.5,0.0,0.0,0.8646392459995326,0.0,0.27,0.7903068888186675,0.13983050847457623,0.134185303514377,0.0,0.0,0,0,1,1,1
15,Quais implicações variação potência sistemas elétricos afeta eficiência energética?,"['Av. Eng . Alber to de Zagottis , 760 - 04675-085 -  São P aulo - SP\nPhone .: (11) 5696-5000\nwww.cmcomandos .com.br\nSistema de \nSustentabilidade A uditadoOSD  N LI A NM EO AC R EM SCISO\n90012015\nQ Y UALIT600.000 600,0 1835 x 1444  x 1555  1680\n700.000 700,0 1835 x 1444  x 1555  1760\n800.000 800,0 1835 x 1444  x 1555  1840\nCM MK T JAN - 24  -   As especificações estão sujeitas a alterações sem aviso pr évio e conf orme necessidades de pr ojetos customizados . Nós incentivamos a r eciclagemLinha TI - Trifásic o Isolado\n  10.000   10,0   900 x 360  x  860       180\n  15.000   15,0   900 x 360  x  860       210\n  20.000   20,0   900 x 360  x  860       235\n30.000   30,0 1300 x 360  x  988       300\n40.000   40,0 1300 x 360  x  988      370\n50.000   50,0 1300 x 360  x  988      420\n75.000   75,0 1532 x 540  x 1070      596\n100.000 100,0 1532 x 540  x 1070      730\n150.000 150,0 1532 x 720  x 1070     1050\n200.000 200,0 1532 x 720  x 1070     1150\n250.000 250,0 1835 x 1444  x 1555   1350\n300.000 300,0 1835 x 1444  x 1555   1430\n400.000 400,0 1835 x 1444  x 1555   1520\n500.000 500,0 1835 x 1444  x 1555   1600Modelo Potência\nkVAAlt x Larg x P rof Peso\nmmkg\nLinha TA - Trifásic o com A utotr afo\n* Outras potências sob consultaDIMENSÕES FÍSICAS Entr ada\n   Tensão:  \n    \n    •380/220V ou 220/127V  - modelos TI - standar d\n    \n    •Outras tensões sob consulta\n  Variação A dmissív el:\n   \n    •± 16% da tensão nominal\n   Frequência:  50 ou 60 H z \n   Variação de F requência A dmissív el:  ± 5%\n \n  Configur ação:   Trifásica: 3F + N + T\n \n Fator de P otência:   0,8\nSaída\n  Potências Disponív eis:  \n \n    • 10 / 15 / 20 / 30 / 40 / 50 / 75 / 100 / 150 / 200\n       250 / 300 / 400 / 500 / 600/ 700/ 800 kV A\n \n    • Outras potências sob consulta\nTensão:  \n \n    • 220/127V\n \n    • 380/220V\n \n    • Outras tensões sob consulta\nRegulação Estática:  ± 1% nominal \n Frequência:  50 ou 60 H z \n \n  Configur ação:  Trifásica:  3F +N +  T\n  Fator de P otência:   0,', 'ESPECIFICAÇÕES TÉCNICAS \nEntrada\nn Tensão: \n    •  3kVA \n100/110/115/120/127 VAC 120V (standard) ou  \n200/208/220/230/240 VAC 220V (standard) \n    •  6kVA / 10kVA\n 200/208/220/230/240 VAC 220V (standard)\nn Variação Admissível:\n   •   3kVA \n55-150 VAC ou 110-300 VAC @ 50% de Carga\n80-150 VAC ou 160-300 VAC @ 100% de Carga\n   •   6kVA / 10kVA \n110-300 VAC @ 50% de Carga\n176-300 VAC @ 100% de Carga \nn Freqüência: 50/60 Hz                           \nn Variação de Freqüência Admissível:   \n    •    3kVA  \n40-70Hz\n    •    6kVA / 10 kVA \n46-54Hz @50Hz e 56-64Hz @60Hz\nn  Configuração:\nMonofásica \nn Fator de Potência:\n≥ 0.99 Tensão nominal (100% de Carga)\nn Distorção Harmônica THDi:\n    •    3kVA\n ≤ 5% @ Tensão de Entrada nominal\n    •    6kVA / 10kVA\n<4% @100% de Carga, <6% @50% de Carga\nSaída\nnTensão: \n    •   3kVA \n100/110/115/120/127 VAC 115V (standard) ou \n200/208/220/230/240 VAC 220V (standard) \n    •   6kVA / 10kVA \n200/208/220/230/240 VAC 220V (standard) \nn Fator de Potência:  1,0\nn Regulação Estática:   ± 1% nominal modo \nbateria\nn Freqüência:   50 / 60 Hz \nn Variação de Freqüência: \n± 0,1Hz em modo bateria\nn Sincronismo com a Rede:   Sim\nn Configuração:   \n Monofásica f+n+t \nn Forma de Onda:   Onda senoidal pura\nn Distorção Harmônica THD:  \n •   3kVA \n    ≤ 2% carga linear \n    ≤ 4% carga não-linear \n •   6kVA / 10kVA \n    ≤ 1% carga linear \n    ≤ 4% carga não-linearBaterias\nn  Composição:  \n    •    72  VDC - 3,0 kVA \n    •     240 VDC - 6,0 kVA \n    •     240 VDC - 10,0 kVA \nn  Sistema de Recarga: \ncontrolado, automático\nn Tempo de Recarga:  \n8 a 10 horas para 90% da carga\nn Tipo: \nseladas, isentas de manutenção\nn  Paralelismo Redundante (N+1) \n»  Disponível nas potências de 6 e 10kVA\nn By-pass estático (inteligente):  \nO termo inteligente aplica-se, visto que a linha \nComposition XV  possui desligamento da saída da \nchave estática em condições que, a tensão da rede \napresenta variações fora da faixa de trabalho, prote -\ngendo a carga contra sub ou sobre tensão mesmo \nna condição de by-pass estático.']","Variação potência nos sistemas elétricos afeta significativamente a eficiência energética. A eficiência energética é medida pela relação entre a energia consumida e a energia produzida. Quando a potência varia, isso pode levar a uma redução na eficiência energética devido à perda de energia em forma de calor, fumaça e outros gases.

A variação potência também pode afetar a eficiência energética de várias maneiras:

1. **Perda de energia em forma de calor**: A variação potência pode causar uma perda de energia em forma de calor, o que pode aumentar a emissão de gases de efeito estufa e reduzir a eficiência energética.
2. **Distorção harmônica**: A variação potência pode causar uma distorção harmônica, que pode afetar a eficiência energética de forma negativa.
3. **Redução da eficiência de conversão**: A variação potência pode reduzir a eficiência de conversão de energia elétrica para energia mecânica ou elétrica, o que pode afetar a eficiência energética de sistemas mecânicos e elétricos.
4. **Aumento da carga**: A variação potência pode causar uma carga excessiva em sistemas elétricos, o que pode afetar a eficiência energética de forma negativa.

É importante notar que a variação potência pode afetar a eficiência energética de forma diferente em diferentes sistemas elétricos. Por exemplo, sistemas elétricos com alta eficiência energética, como sistemas de gerenciamento de energia, podem ser menos afetados pela variação potência.","A variação de potência em sistemas elétricos pode afetar a eficiência energética, mas o contexto fornecido não detalha as implicações específicas dessa variação.",0.0,0.0,0.0,0.0,0.9433563369698512,0.0,0.12,0.8066943161906026,0.10399449035812669,0.12903225806451613,0.0,0.0,0,1,1,1,1
16,Quais as implicações de um sistema com 'Shutdown' em funcionalidade e segurança?,"['TECNOLOGIA ON LINE COM BYPASS ESTÁTICO DE MANUTENÇÃO\nINTERFACE DE GERENCIAMENTO REMOTO\nAs Interfaces de Gerenciamento Remoto são compostas por diversas ferramentas, sendo elas: \n•  O Adaptador SNMP que permite gerenciar remotamente o No-Break via Internet através de um web browser,  monitorar o status \ne enviar alertas por e-mail. \n• O software, uma ferramenta de gerenciamento Windows Application e a versão Client é especíﬁ  ca para automatizar o shutdown \nde servidores, podendo desligar automática e simultaneamente vários servidores e estações. \n• O Adaptador Modbus permite integrar o No-Break, via uma porta RS485, a Sistemas de Automação Predial.\nBypass Estático\nSistema de proteção que, em caso de \nproblemas, transfere automaticamente \na carga para um circuito alternativo, sem \ninterrupção no fornecimento de energia.Bypass Estático de Manutenção\nPermite a transferência e o retorno da carga do No-Break para um circuito \nalternativo de fornecimento de energia, para atividades de manutenção. \nEm quaisquer situações, o fornecimento de energia é contínuo, sem \ninterrupções.\nBanco de Baterias\nArmazena energia reserva para alimentar o No-Break \ndurante um período predeterminado, denominado como \ntempo de autonomia do No-Break.Retificador\nConverte a energia da\nrede elétrica da concessionária\n ou do grupo gerador em\ncorrente contínua, corrigindo \nou eliminando distúrbios\nda entrada do sistema.\nCorrente alternada de entradaCorrente contínua Corrente alternada de saída\nCorrente alternada Bypass estáticoCorrente alternada Bypass estático\nde manutenção\nInversor\nConverte a corrente contínua do \nretiﬁ  cador ou das baterias em corrente \nalternada de saída, com forma de onda \nsenoidal pura, livre de distúrbios.\nRetificador\nConverte a energia da\nrede elétrica da concessionária\n ou do grupo gerador em\nInversor\nConverte a corrente contínua do \nretiﬁ  cador ou das baterias em corrente \nalternada de saída, com forma de onda', 'S I S T E M A PA R A L E L O M U LT I AT I V O ( E X C L U S I V O C M C O M A N D O S )\nA CM Comandos Lineares desenvolveu um sistema inovador e pioneiro no mundo de paralelismo entre No Breaks. O sistema Paralelo \nMulti Ativo permite a expansão do sistema, de acordo com sua demanda de consumo, podendo paralelar quantas unidades forem \nnecessárias para atender sua demanda, elevando a capacidade do sistema e a confiabilidade de sua aplicação.\nP O S S I B I L I D A D E D E S O M A T Ó R I A D E  P O T Ê N C I A S\nPermite a ligação para somatória de potência, utilizando dois ou mais No \nBreaks para atingir a demanda da carga total.\nQuando utilizado para somatória de potência, possibilita a ligação de \nNo Breaks com potências diferentes. Quando a ligação for feita com No \nBreaks de potências diferentes, a carga será distribuída \nproporcionalmente. Permite a ligação em paralelo redundante N + 1,  N + 2, N + 3 … N+X,  \npossibilitando o desligamento de uma ou mais unidades mantendo a \ncarga ativa.L I G A Ç Ã O E M P A R A L E L O R E D U N D A N T E\nA comunicação entre os No Breaks consiste no barramento de \ncomunicação comum, por onde transitam informações contendo \nnível de carga, sincronismo e a condição do by pass.C O M U N I C A Ç Ã O E N T R E O S N O B R E A K STodos os No Breaks são autônomos, operam de forma \nindependente no sistema e possuem controle individual.N Ã O E X I S T E N O B R E A K M E S T R E O U E S C R A V OPodem ser paraleladas quantas unidades forem necessárias, \npossibilitando expansão do sistema, de acordo com a demanda de \nconsumo.Q U A N T I D A D E I L I M I T A D A P A R A P A R A L E L I S M O\nM A N U T E N Ç Ã O D O N O B R E A K\nPermite a inserção ou retirada de um No Break no sistema, sem a \nnecessidade de parada.Rede Elétrica\nde Entrada\nSaídaNo Break 1\n Potência de \n30 kVANo Break 2\nPotência de \n10 kVANo Break 3\nPotência de \n20 kVA\nCarga fornecida pelo sistema = 150 kVANo Break 4\nPotência de \n30 kVANo Break 5\nPotência de \n20 kVANo Break 6\nPotência de \n40 kVA\nINTERFACES DE \nGERENCIAMENTO   \nREMOTO\nSão compostas por diversas ferramentas. O \nAdaptador SNMP NetMate permite\ngerenciar remotamente o No Break via a \nInternet através de um web browser,\nmonitorar o status e enviar alertas por e-mail. \nO software IP Power é uma ferramenta de \ngerenciamento  Windows Application e a \nversão Client é específica para  automatizar o \nshutdown de servidores, podendo desligar \nautomática e simultaneamente vários\ns e r v i d o r e s  e  e s t a ç õ e s .\nO Adaptador ArmModbus permite integrar \no  N o  B r e a k ,  v i a  u m a  p o r t a\nRS485, a Sistemas de Automação Predial.']","Um sistema com 'Shutdown' em funcionalidade e segurança implica na capacidade de interromper temporariamente ou permanentemente a operação de um componente ou sistema, geralmente para manutenção, reparo ou recuperação. Isso pode ter várias implicações, incluindo:

1. **Redução da carga elétrica**: O sistema pode reduzir a carga elétrica disponível para outros componentes ou sistemas, garantindo que eles não sejam sobrecarregados e minimizando o risco de falhas ou danos.

2. **Prevenção de danos**: A interrupção do funcionamento pode ajudar a prevenir danos causados por falhas ou sobrecarga, como cortes de energia ou falhas de componentes.

3. **Manutenção eficaz**: O sistema pode ser monitorado e controlado de forma mais eficaz durante a manutenção, permitindo que os profissionais de manutenção realizem suas tarefas de forma mais rápida e eficiente.

4. **Segurança**: A interrupção do funcionamento pode ajudar a proteger a segurança do sistema e dos usuários, evitando que componentes ou sistemas sejam ativados de forma inadequada ou causem danos.

5. **Desempenho**: O sistema pode ser otimizado para melhorar o desempenho, permitindo que ele funcione de forma mais eficiente e eficaz durante a manutenção ou reparo.

6. **Redução de custos**: A interrupção do funcionamento pode ajudar a reduzir os custos associados à manutenção ou reparo, pois os componentes ou sistemas não estão sendo utilizados.

7. **Melhoria da confiabilidade**: A interrupção do funcionamento pode ajudar a melhorar a confiabilidade do sistema, permitindo que ele funcione de forma mais estável e confiável.",As implicações de um sistema com 'Shutdown' em funcionalidade e segurança não estão claramente definidas no contexto fornecido.,0.9999999999,0.0,0.0,0.0,0.9972661628521472,0.0,0.0,0.6744857454158797,0.075046904315197,0.09090909090909091,0.0,0.0,0,1,1,1,0
17,Quais as implicações de um sistema que tá em 'Shutdown'?,"['S I S T E M A PA R A L E L O M U LT I AT I V O ( E X C L U S I V O C M C O M A N D O S )\nA CM Comandos Lineares desenvolveu um sistema inovador e pioneiro no mundo de paralelismo entre No Breaks. O sistema Paralelo \nMulti Ativo permite a expansão do sistema, de acordo com sua demanda de consumo, podendo paralelar quantas unidades forem \nnecessárias para atender sua demanda, elevando a capacidade do sistema e a confiabilidade de sua aplicação.\nP O S S I B I L I D A D E D E S O M A T Ó R I A D E  P O T Ê N C I A S\nPermite a ligação para somatória de potência, utilizando dois ou mais No \nBreaks para atingir a demanda da carga total.\nQuando utilizado para somatória de potência, possibilita a ligação de \nNo Breaks com potências diferentes. Quando a ligação for feita com No \nBreaks de potências diferentes, a carga será distribuída \nproporcionalmente. Permite a ligação em paralelo redundante N + 1,  N + 2, N + 3 … N+X,  \npossibilitando o desligamento de uma ou mais unidades mantendo a \ncarga ativa.L I G A Ç Ã O E M P A R A L E L O R E D U N D A N T E\nA comunicação entre os No Breaks consiste no barramento de \ncomunicação comum, por onde transitam informações contendo \nnível de carga, sincronismo e a condição do by pass.C O M U N I C A Ç Ã O E N T R E O S N O B R E A K STodos os No Breaks são autônomos, operam de forma \nindependente no sistema e possuem controle individual.N Ã O E X I S T E N O B R E A K M E S T R E O U E S C R A V OPodem ser paraleladas quantas unidades forem necessárias, \npossibilitando expansão do sistema, de acordo com a demanda de \nconsumo.Q U A N T I D A D E I L I M I T A D A P A R A P A R A L E L I S M O\nM A N U T E N Ç Ã O D O N O B R E A K\nPermite a inserção ou retirada de um No Break no sistema, sem a \nnecessidade de parada.Rede Elétrica\nde Entrada\nSaídaNo Break 1\n Potência de \n30 kVANo Break 2\nPotência de \n10 kVANo Break 3\nPotência de \n20 kVA\nCarga fornecida pelo sistema = 150 kVANo Break 4\nPotência de \n30 kVANo Break 5\nPotência de \n20 kVANo Break 6\nPotência de \n40 kVA\nINTERFACES DE \nGERENCIAMENTO   \nREMOTO\nSão compostas por diversas ferramentas. O \nAdaptador SNMP NetMate permite\ngerenciar remotamente o No Break via a \nInternet através de um web browser,\nmonitorar o status e enviar alertas por e-mail. \nO software IP Power é uma ferramenta de \ngerenciamento  Windows Application e a \nversão Client é específica para  automatizar o \nshutdown de servidores, podendo desligar \nautomática e simultaneamente vários\ns e r v i d o r e s  e  e s t a ç õ e s .\nO Adaptador ArmModbus permite integrar \no  N o  B r e a k ,  v i a  u m a  p o r t a\nRS485, a Sistemas de Automação Predial.', 'TECNOLOGIA ON LINE COM BYPASS ESTÁTICO DE MANUTENÇÃO\nINTERFACE DE GERENCIAMENTO REMOTO\nAs Interfaces de Gerenciamento Remoto são compostas por diversas ferramentas, sendo elas: \n•  O Adaptador SNMP que permite gerenciar remotamente o No-Break via Internet através de um web browser,  monitorar o status \ne enviar alertas por e-mail. \n• O software, uma ferramenta de gerenciamento Windows Application e a versão Client é especíﬁ  ca para automatizar o shutdown \nde servidores, podendo desligar automática e simultaneamente vários servidores e estações. \n• O Adaptador Modbus permite integrar o No-Break, via uma porta RS485, a Sistemas de Automação Predial.\nBypass Estático\nSistema de proteção que, em caso de \nproblemas, transfere automaticamente \na carga para um circuito alternativo, sem \ninterrupção no fornecimento de energia.Bypass Estático de Manutenção\nPermite a transferência e o retorno da carga do No-Break para um circuito \nalternativo de fornecimento de energia, para atividades de manutenção. \nEm quaisquer situações, o fornecimento de energia é contínuo, sem \ninterrupções.\nBanco de Baterias\nArmazena energia reserva para alimentar o No-Break \ndurante um período predeterminado, denominado como \ntempo de autonomia do No-Break.Retificador\nConverte a energia da\nrede elétrica da concessionária\n ou do grupo gerador em\ncorrente contínua, corrigindo \nou eliminando distúrbios\nda entrada do sistema.\nCorrente alternada de entradaCorrente contínua Corrente alternada de saída\nCorrente alternada Bypass estáticoCorrente alternada Bypass estático\nde manutenção\nInversor\nConverte a corrente contínua do \nretiﬁ  cador ou das baterias em corrente \nalternada de saída, com forma de onda \nsenoidal pura, livre de distúrbios.\nRetificador\nConverte a energia da\nrede elétrica da concessionária\n ou do grupo gerador em\nInversor\nConverte a corrente contínua do \nretiﬁ  cador ou das baterias em corrente \nalternada de saída, com forma de onda']","Um sistema em 'shutdown' significa que todas as unidades do sistema estão desligadas e não estão mais funcionando. Isso pode ter várias implicações, incluindo:

1. **Perda de capacidade de produção**: Se o sistema estiver em 'shutdown', não será capaz de produzir energia, o que pode afetar a demanda de energia da rede elétrica.
2. **Redução da eficiência**: O sistema estará desligado, o que pode reduzir a eficiência do sistema, pois não estará funcionando e não estará absorvendo energia.
3. **Aumento da carga de manutenção**: O sistema estará sobrecarregado com a carga de manutenção, o que pode aumentar a carga de manutenção e reduzir a duração da manutenção.
4. **Risco de falhas**: O sistema estará mais propenso a falhas, pois não estará funcionando e não estará absorvendo energia.
5. **Impacto na segurança**: O sistema estará mais propenso a causar problemas de segurança, pois não estará funcionando e não estará protegendo a rede elétrica.
6. **Perda de dados**: Se o sistema estiver em 'shutdown', pode ser mais difícil recuperar dados e informações, pois o sistema não estará funcionando e não estará acessível.
7. **Aumento da dependência de outros sistemas**: O sistema estará mais propenso a depender de outros sistemas para funcionar, o que pode aumentar a complexidade e a dependência do sistema.",As implicações de um sistema que está em 'Shutdown' podem incluir a interrupção de todas as operações e a necessidade de reinicialização para retomar as funções normais.,0.0,0.0,0.0,0.0,0.951282852103362,0.0,0.67,0.7862546220933424,0.11220621683093257,0.10948905109489052,0.0,0.0,0,0,1,0,0
18,Quais as implicações de manter No-Break manualmente na operação?,"['S I S T E M A PA R A L E L O M U LT I AT I V O ( E X C L U S I V O C M C O M A N D O S )\nA CM Comandos Lineares desenvolveu um sistema inovador e pioneiro no mundo de paralelismo entre No Breaks. O sistema Paralelo \nMulti Ativo permite a expansão do sistema, de acordo com sua demanda de consumo, podendo paralelar quantas unidades forem \nnecessárias para atender sua demanda, elevando a capacidade do sistema e a confiabilidade de sua aplicação.\nP O S S I B I L I D A D E D E S O M A T Ó R I A D E  P O T Ê N C I A S\nPermite a ligação para somatória de potência, utilizando dois ou mais No \nBreaks para atingir a demanda da carga total.\nQuando utilizado para somatória de potência, possibilita a ligação de \nNo Breaks com potências diferentes. Quando a ligação for feita com No \nBreaks de potências diferentes, a carga será distribuída \nproporcionalmente. Permite a ligação em paralelo redundante N + 1,  N + 2, N + 3 … N+X,  \npossibilitando o desligamento de uma ou mais unidades mantendo a \ncarga ativa.L I G A Ç Ã O E M P A R A L E L O R E D U N D A N T E\nA comunicação entre os No Breaks consiste no barramento de \ncomunicação comum, por onde transitam informações contendo \nnível de carga, sincronismo e a condição do by pass.C O M U N I C A Ç Ã O E N T R E O S N O B R E A K STodos os No Breaks são autônomos, operam de forma \nindependente no sistema e possuem controle individual.N Ã O E X I S T E N O B R E A K M E S T R E O U E S C R A V OPodem ser paraleladas quantas unidades forem necessárias, \npossibilitando expansão do sistema, de acordo com a demanda de \nconsumo.Q U A N T I D A D E I L I M I T A D A P A R A P A R A L E L I S M O\nM A N U T E N Ç Ã O D O N O B R E A K\nPermite a inserção ou retirada de um No Break no sistema, sem a \nnecessidade de parada.Rede Elétrica\nde Entrada\nSaídaNo Break 1\n Potência de \n30 kVANo Break 2\nPotência de \n10 kVANo Break 3\nPotência de \n20 kVA\nCarga fornecida pelo sistema = 150 kVANo Break 4\nPotência de \n30 kVANo Break 5\nPotência de \n20 kVANo Break 6\nPotência de \n40 kVA\nINTERFACES DE \nGERENCIAMENTO   \nREMOTO\nSão compostas por diversas ferramentas. O \nAdaptador SNMP NetMate permite\ngerenciar remotamente o No Break via a \nInternet através de um web browser,\nmonitorar o status e enviar alertas por e-mail. \nO software IP Power é uma ferramenta de \ngerenciamento  Windows Application e a \nversão Client é específica para  automatizar o \nshutdown de servidores, podendo desligar \nautomática e simultaneamente vários\ns e r v i d o r e s  e  e s t a ç õ e s .\nO Adaptador ArmModbus permite integrar \no  N o  B r e a k ,  v i a  u m a  p o r t a\nRS485, a Sistemas de Automação Predial.', 'TECNOLOGIA ON LINE COM BYPASS ESTÁTICO DE MANUTENÇÃO\nINTERFACE DE GERENCIAMENTO REMOTO\nAs Interfaces de Gerenciamento Remoto são compostas por diversas ferramentas, sendo elas: \n•  O Adaptador SNMP que permite gerenciar remotamente o No-Break via Internet através de um web browser,  monitorar o status \ne enviar alertas por e-mail. \n• O software, uma ferramenta de gerenciamento Windows Application e a versão Client é especíﬁ  ca para automatizar o shutdown \nde servidores, podendo desligar automática e simultaneamente vários servidores e estações. \n• O Adaptador Modbus permite integrar o No-Break, via uma porta RS485, a Sistemas de Automação Predial.\nBypass Estático\nSistema de proteção que, em caso de \nproblemas, transfere automaticamente \na carga para um circuito alternativo, sem \ninterrupção no fornecimento de energia.Bypass Estático de Manutenção\nPermite a transferência e o retorno da carga do No-Break para um circuito \nalternativo de fornecimento de energia, para atividades de manutenção. \nEm quaisquer situações, o fornecimento de energia é contínuo, sem \ninterrupções.\nBanco de Baterias\nArmazena energia reserva para alimentar o No-Break \ndurante um período predeterminado, denominado como \ntempo de autonomia do No-Break.Retificador\nConverte a energia da\nrede elétrica da concessionária\n ou do grupo gerador em\ncorrente contínua, corrigindo \nou eliminando distúrbios\nda entrada do sistema.\nCorrente alternada de entradaCorrente contínua Corrente alternada de saída\nCorrente alternada Bypass estáticoCorrente alternada Bypass estático\nde manutenção\nInversor\nConverte a corrente contínua do \nretiﬁ  cador ou das baterias em corrente \nalternada de saída, com forma de onda \nsenoidal pura, livre de distúrbios.\nRetificador\nConverte a energia da\nrede elétrica da concessionária\n ou do grupo gerador em\nInversor\nConverte a corrente contínua do \nretiﬁ  cador ou das baterias em corrente \nalternada de saída, com forma de onda']","Manter No-Breaks manualmente na operação pode ter várias implicações negativas. Aqui estão algumas delas:

1. **Risco de falhas**: Sem a integração com sistemas automatizados, os No-Breaks podem ser mais propensos a falhas, o que pode resultar em perda de energia e potencialmente em choque elétrico.

2. **Dificuldade em otimizar a carga**: Sem a capacidade de monitorar a carga e ajustar a potência de acordo com as necessidades do sistema, os No-Breaks podem não estar otimizados corretamente, o que pode levar a excessos de carga e potencialmente a falhas.

3. **Risco de sobrecarga**: Manter os No-Breaks manualmente pode levar a uma sobrecarga excessiva, o que pode resultar em danos aos componentes e potencialmente em choque elétrico.

4. **Dificuldade em lidar com mudanças de carga**: Em situações de alta demanda, os No-Breaks podem não ser capazes de lidar com mudanças de carga rapidamente, o que pode resultar em perda de energia e potencialmente em choque elétrico.

5. **Risco de problemas de sincronização**: Manter os No-Breaks manualmente pode levar a problemas de sincronização entre os sistemas, o que pode resultar em perda de energia e potencialmente em choque elétrico.

6. **Dificuldade em realizar manutenções preventivas**: Sem a capacidade de monitorar os No-Breaks, é mais difícil realizar manutenções preventivas e identificar problemas antes que eles se tornem graves.",As implicações de manter No-Break manualmente na operação incluem a possibilidade de realizar manutenção sem desligar a carga e a reposição ao modo normal sem interrupção.,0.99999999995,1.0,0.0,0.0,0.946483349744574,0.0,0.0,0.8242273837408501,0.11079342387419588,0.11764705882352941,0.0,0.0,1,0,1,1,1
19,Quais as implicações de manter o No-Break manualmente para a operação?,"['S I S T E M A PA R A L E L O M U LT I AT I V O ( E X C L U S I V O C M C O M A N D O S )\nA CM Comandos Lineares desenvolveu um sistema inovador e pioneiro no mundo de paralelismo entre No Breaks. O sistema Paralelo \nMulti Ativo permite a expansão do sistema, de acordo com sua demanda de consumo, podendo paralelar quantas unidades forem \nnecessárias para atender sua demanda, elevando a capacidade do sistema e a confiabilidade de sua aplicação.\nP O S S I B I L I D A D E D E S O M A T Ó R I A D E  P O T Ê N C I A S\nPermite a ligação para somatória de potência, utilizando dois ou mais No \nBreaks para atingir a demanda da carga total.\nQuando utilizado para somatória de potência, possibilita a ligação de \nNo Breaks com potências diferentes. Quando a ligação for feita com No \nBreaks de potências diferentes, a carga será distribuída \nproporcionalmente. Permite a ligação em paralelo redundante N + 1,  N + 2, N + 3 … N+X,  \npossibilitando o desligamento de uma ou mais unidades mantendo a \ncarga ativa.L I G A Ç Ã O E M P A R A L E L O R E D U N D A N T E\nA comunicação entre os No Breaks consiste no barramento de \ncomunicação comum, por onde transitam informações contendo \nnível de carga, sincronismo e a condição do by pass.C O M U N I C A Ç Ã O E N T R E O S N O B R E A K STodos os No Breaks são autônomos, operam de forma \nindependente no sistema e possuem controle individual.N Ã O E X I S T E N O B R E A K M E S T R E O U E S C R A V OPodem ser paraleladas quantas unidades forem necessárias, \npossibilitando expansão do sistema, de acordo com a demanda de \nconsumo.Q U A N T I D A D E I L I M I T A D A P A R A P A R A L E L I S M O\nM A N U T E N Ç Ã O D O N O B R E A K\nPermite a inserção ou retirada de um No Break no sistema, sem a \nnecessidade de parada.Rede Elétrica\nde Entrada\nSaídaNo Break 1\n Potência de \n30 kVANo Break 2\nPotência de \n10 kVANo Break 3\nPotência de \n20 kVA\nCarga fornecida pelo sistema = 150 kVANo Break 4\nPotência de \n30 kVANo Break 5\nPotência de \n20 kVANo Break 6\nPotência de \n40 kVA\nINTERFACES DE \nGERENCIAMENTO   \nREMOTO\nSão compostas por diversas ferramentas. O \nAdaptador SNMP NetMate permite\ngerenciar remotamente o No Break via a \nInternet através de um web browser,\nmonitorar o status e enviar alertas por e-mail. \nO software IP Power é uma ferramenta de \ngerenciamento  Windows Application e a \nversão Client é específica para  automatizar o \nshutdown de servidores, podendo desligar \nautomática e simultaneamente vários\ns e r v i d o r e s  e  e s t a ç õ e s .\nO Adaptador ArmModbus permite integrar \no  N o  B r e a k ,  v i a  u m a  p o r t a\nRS485, a Sistemas de Automação Predial.', 'TECNOLOGIA ON LINE COM BYPASS ESTÁTICO DE MANUTENÇÃO\nINTERFACE DE GERENCIAMENTO REMOTO\nAs Interfaces de Gerenciamento Remoto são compostas por diversas ferramentas, sendo elas: \n•  O Adaptador SNMP que permite gerenciar remotamente o No-Break via Internet através de um web browser,  monitorar o status \ne enviar alertas por e-mail. \n• O software, uma ferramenta de gerenciamento Windows Application e a versão Client é especíﬁ  ca para automatizar o shutdown \nde servidores, podendo desligar automática e simultaneamente vários servidores e estações. \n• O Adaptador Modbus permite integrar o No-Break, via uma porta RS485, a Sistemas de Automação Predial.\nBypass Estático\nSistema de proteção que, em caso de \nproblemas, transfere automaticamente \na carga para um circuito alternativo, sem \ninterrupção no fornecimento de energia.Bypass Estático de Manutenção\nPermite a transferência e o retorno da carga do No-Break para um circuito \nalternativo de fornecimento de energia, para atividades de manutenção. \nEm quaisquer situações, o fornecimento de energia é contínuo, sem \ninterrupções.\nBanco de Baterias\nArmazena energia reserva para alimentar o No-Break \ndurante um período predeterminado, denominado como \ntempo de autonomia do No-Break.Retificador\nConverte a energia da\nrede elétrica da concessionária\n ou do grupo gerador em\ncorrente contínua, corrigindo \nou eliminando distúrbios\nda entrada do sistema.\nCorrente alternada de entradaCorrente contínua Corrente alternada de saída\nCorrente alternada Bypass estáticoCorrente alternada Bypass estático\nde manutenção\nInversor\nConverte a corrente contínua do \nretiﬁ  cador ou das baterias em corrente \nalternada de saída, com forma de onda \nsenoidal pura, livre de distúrbios.\nRetificador\nConverte a energia da\nrede elétrica da concessionária\n ou do grupo gerador em\nInversor\nConverte a corrente contínua do \nretiﬁ  cador ou das baterias em corrente \nalternada de saída, com forma de onda']","Manter o No-Break manualmente pode ter várias implicações negativas para a operação do sistema. Algumas das principais implicações incluem:

1. **Perda de eficiência**: O No-Break manualmente pode não estar em sincronia com o sistema, o que pode levar a uma perda de eficiência na transmissão de energia.
2. **Risco de sobrecarga**: Se o No-Break for ativado manualmente, pode haver um risco de sobrecarga do sistema, o que pode causar danos ao equipamento ou até mesmo ao próprio sistema.
3. **Dificuldade de manutenção**: Manter o No-Break manualmente pode ser mais difícil e demorado do que gerenciá-lo remotamente, o que pode aumentar o tempo de manutenção e a possibilidade de erros.
4. **Risco de falhas**: Se o No-Break for ativado manualmente e houver uma falha no sistema, pode ser difícil identificar e reparar a causa da falha, o que pode levar a uma perda de energia ou até mesmo ao colapso do sistema.
5. **Impacto na segurança**: Manter o No-Break manualmente pode aumentar o risco de acidentes ou incidentes, especialmente se houver uma falha no sistema ou se o No-Break for ativado em um ambiente inadequado.",Manter o No-Break manualmente permite a manutenção sem desligar a carga e reposição ao modo normal sem interrupção.,0.99999999995,1.0,0.0,0.0,0.9157093623060925,1.0,0.0,0.7860071888668019,0.0987544483985765,0.11403508771929825,0.0,0.0,1,0,1,1,1
20,Quais sã os diferent tipos de alrmes controlados pel processador DSP e como elis se manifestam?,"['Alta Tecnologia em\nProcessamento Digital de Sinais - DSP\nHoje esta tecnologia está presente nos mais soﬁ  sticados sistemas eletrônicos devido a sua alta velocidade e conﬁ  abil-\ndade. Processadores Digitais de Sinais são capazes de processar dez milhões de amostragens por segundo. Isso signiﬁ  -\nca processamento em tempo real - o sinal é processado no mesmo instante em que é recebido, sem retardos ou atrasos.Vivemos  em um mundo cada vez mais ágil e prático. Um mundo conectado por processadores, chips, softwares e periféricos.  Mas \nainda não é o bastante, por isso, o mundo caminha para tecnologias de processamento imediato de dados. A CM Comandos está \num passo à frente e oferece aos seus clientes produtos dotados de uma tecnologia revolucionária, denominada Processamento \nDigital de Sinais - DSP .\nToda linha de No-Breaks Composition conta com a tecno-\nlogia DSP . Característica que proporciona alta performa-\nce e conﬁ  abilidade, tornando-os ideais para aplicações de \nmissão crítica. Ou seja, protegem as aplicações nas quais a  \ncontinuidade da operação é de fundamental importância. \nProjetados com o uso intenso dos recursos da tecnologia\nDSP , os No-Breaks Composition agregam novos e avançados \nrecursos que estabelecem um novo conceito em desenvolvi-\nmento, no qual o ﬁ  rmware dos equipamentos pode ser atuali-\nzado acrescentando novas funções em  unidades já instaladas.\nAo pensar em adquirir No-Breaks, conte com as soluções da \nCM Comandos, que asseguram tecnologia de ponta, máxima \nproteção, precisão digital e processamento em tempo real.OS MAIS MODERNOS NO-BREAKS CORPORATIVOS', 'Alta Tecnolog ia em\nProcessament o Dig ital\nde Sinais - DSP\nOS MAIS MODERNOS\nNO-BREAKS CORPORATIVOSVivemos em um mundo cada v ez mais ág il e prático . Um mundo conec tado por pr ocessador es, chips , softwares e \nperiféricos. Mas isso ainda não é o bastant e. Por isso , o mundo caminha para t ecnolog ias de pr ocessament o imediat o \nde dados . A CM C omandos Linear es está um passo à fr ente e of erece aos seus client es pr odut os dotados de uma \ntecnolog ia revolucionár ia, denominada P rocessament o Dig ital de Sinais - - DSP .\nToda a linha de No -Breaks  \nconta com a t ecnolog ia DSP .  Carac terística que \npropor ciona alta per formance e confiabilidade , Conception Multi Ativ o \npara aplicações de missão cr ítica. Ou seja, pr otegem as aplicações nas quais a continuidade da operação é de \nfundamental impor tância.\nequipament os pode ser atualizado , \nacrescentando novas funções em \nunidades já instaladas . Hoje , esta t ecnolog ia está pr esent e nos mais sofisticados sist emas eletr ônicos , devido à sua alta v elocidade e \nconfiabilidade . Processador es Dig itais de Sinais são capaz es de pr ocessar dez milhões de amostragens por segundo . \nIsso sig nifica pr ocessament o em t empo r eal -- o sinal é pr ocessado no mesmo instant e em que é r ecebido , sem \nretardos ou atrasos .\nProjetados com o uso int enso dos r ecursos da t ecnolog ia DSP ,  os No -Breaks C onception Multi Ativ o  ag regam nov os  \ne avançados r ecursos , que estabelecem um nov o conceit o em desen volviment o, no qual o fir mware dos \nAdquir indo No -Breaks , cont e com as \nsoluções da CM C omandos , que \nasseguram t ecnolog ia de ponta, \nmáxima pr oteção , precisão dig ital e \nprocessament o em t empo r eal.  Modelo 300kV A']","Processadores DSP utilizam diferentes tipos de alarmes controlados, incluindo:

1. Alarmes de temperatura: São projetados para monitorar a temperatura dentro de um ambiente ou dispositivo, e alertam quando ela ultrapassa um nível crítico.
2. Alarmes de pressão: São usados para monitorar a pressão dentro de um sistema ou dispositivo, e alertam quando ela ultrapassa um nível crítico.
3. Alarmes de vazamento: São projetados para detectar vazamentos ou perda de substâncias dentro de um sistema ou dispositivo, e alertam quando é detectado.
4. Alarmes de energia: São usados para monitorar a quantidade de energia dentro de um sistema ou dispositivo, e alertam quando ela ultrapassa um nível crítico.
5. Alarmes de movimento: São projetados para detectar movimentos dentro de um ambiente ou dispositivo, e alertam quando é detectado.

Esses alarmes são geralmente controlados por processadores DSP, que utilizam tecnologias avançadas para processar e analisar dados em tempo real.","Os diferentes tipos de alarmes controlados pelo processador DSP incluem alarmes sonoros, como falta de rede (1 toque por segundo) e pré-alarme das baterias (2 toques por segundo), além de mensagens de alerta que podem ser exibidas em um display de cristal líquido, enviadas via software IP Power por TCP/IP ou por e-mail.",0.0,0.0,0.0,0.0,0.8146193092797992,0.08333333333333333,0.19,0.8078903438440304,0.2316326530612245,0.14611872146118723,0.0,0.0,0,1,1,1,1
21,Quais são os diferentes tipos de alarmes controlados pelo processador DSP e como eles se manifestam?,"['Alta Tecnologia em\nProcessamento Digital de Sinais - DSP\nHoje esta tecnologia está presente nos mais soﬁ  sticados sistemas eletrônicos devido a sua alta velocidade e conﬁ  abil-\ndade. Processadores Digitais de Sinais são capazes de processar dez milhões de amostragens por segundo. Isso signiﬁ  -\nca processamento em tempo real - o sinal é processado no mesmo instante em que é recebido, sem retardos ou atrasos.Vivemos  em um mundo cada vez mais ágil e prático. Um mundo conectado por processadores, chips, softwares e periféricos.  Mas \nainda não é o bastante, por isso, o mundo caminha para tecnologias de processamento imediato de dados. A CM Comandos está \num passo à frente e oferece aos seus clientes produtos dotados de uma tecnologia revolucionária, denominada Processamento \nDigital de Sinais - DSP .\nToda linha de No-Breaks Composition conta com a tecno-\nlogia DSP . Característica que proporciona alta performa-\nce e conﬁ  abilidade, tornando-os ideais para aplicações de \nmissão crítica. Ou seja, protegem as aplicações nas quais a  \ncontinuidade da operação é de fundamental importância. \nProjetados com o uso intenso dos recursos da tecnologia\nDSP , os No-Breaks Composition agregam novos e avançados \nrecursos que estabelecem um novo conceito em desenvolvi-\nmento, no qual o ﬁ  rmware dos equipamentos pode ser atuali-\nzado acrescentando novas funções em  unidades já instaladas.\nAo pensar em adquirir No-Breaks, conte com as soluções da \nCM Comandos, que asseguram tecnologia de ponta, máxima \nproteção, precisão digital e processamento em tempo real.OS MAIS MODERNOS NO-BREAKS CORPORATIVOS', 'Alta Tecnolog ia em\nProcessament o Dig ital\nde Sinais - DSP\nOS MAIS MODERNOS\nNO-BREAKS CORPORATIVOSVivemos em um mundo cada v ez mais ág il e prático . Um mundo conec tado por pr ocessador es, chips , softwares e \nperiféricos. Mas isso ainda não é o bastant e. Por isso , o mundo caminha para t ecnolog ias de pr ocessament o imediat o \nde dados . A CM C omandos Linear es está um passo à fr ente e of erece aos seus client es pr odut os dotados de uma \ntecnolog ia revolucionár ia, denominada P rocessament o Dig ital de Sinais - - DSP .\nToda a linha de No -Breaks  \nconta com a t ecnolog ia DSP .  Carac terística que \npropor ciona alta per formance e confiabilidade , Conception Multi Ativ o \npara aplicações de missão cr ítica. Ou seja, pr otegem as aplicações nas quais a continuidade da operação é de \nfundamental impor tância.\nequipament os pode ser atualizado , \nacrescentando novas funções em \nunidades já instaladas . Hoje , esta t ecnolog ia está pr esent e nos mais sofisticados sist emas eletr ônicos , devido à sua alta v elocidade e \nconfiabilidade . Processador es Dig itais de Sinais são capaz es de pr ocessar dez milhões de amostragens por segundo . \nIsso sig nifica pr ocessament o em t empo r eal -- o sinal é pr ocessado no mesmo instant e em que é r ecebido , sem \nretardos ou atrasos .\nProjetados com o uso int enso dos r ecursos da t ecnolog ia DSP ,  os No -Breaks C onception Multi Ativ o  ag regam nov os  \ne avançados r ecursos , que estabelecem um nov o conceit o em desen volviment o, no qual o fir mware dos \nAdquir indo No -Breaks , cont e com as \nsoluções da CM C omandos , que \nasseguram t ecnolog ia de ponta, \nmáxima pr oteção , precisão dig ital e \nprocessament o em t empo r eal.  Modelo 300kV A']","A tecnologia de processamento digital de sinais (DSP) é capaz de realizar uma variedade de funções controladas, incluindo alarmes. Os alarmes controlados pelo processador DSP geralmente se manifestam de maneira automática, sem a necessidade de intervenção humana. Aqui estão alguns exemplos de diferentes tipos de alarmes controlados pelo processador DSP:

1. **Alarme de temperatura**: Quando a temperatura dentro da unidade aumenta ou diminui, o processador DSP pode detectar isso e emitir um alarme, alertando o operador para tomar medidas apropriadas.
2. **Alarme de pressão**: A pressão dentro da unidade pode aumentar ou diminuir, o que pode causar problemas de segurança ou desempenho. O processador DSP pode detectar essas mudanças e emitir um alarme.
3. **Alarme de vazamento de líquidos**: Se líquidos sejam liberados da unidade, o processador DSP pode detectar isso e emitir um alarme, alertando o operador para tomar medidas apropriadas.
4. **Alarme de falta de energia**: Se a unidade não receber energia suficiente, o processador DSP pode detectar isso e emitir um alarme, alertando o operador para tomar medidas apropriadas.
5. **Alarme de falha de componentes**: Se componentes dentro da unidade falarem, o processador DSP pode detectar isso e emitir um alarme, alertando o operador para tomar medidas apropriadas.
6. **Alarme de condições de operação**: O processador DSP pode monitorar condições de operação, como temperatura, pressão, vazamento de líquidos, etc., e emitir alarmes se essas condições forem fora do nível esperado.

Esses alarmes são geralmente controlados por algoritmos avançados que podem analisar dados em tempo real e tomar decisões baseadas em essas análises. Além disso, os alarmes podem ser configurados para serem emitidos em diferentes níveis de gravidade, permitindo que o operador tome medidas apropriadas de acordo com a gravidade do alarme.","Os diferentes tipos de alarmes controlados pelo processador DSP incluem alarmes sonoros, como falta de rede (1 toque por segundo) e pré-alarmes das baterias (2 toques por segundo), além de mensagens de alerta que podem ser exibidas em um display de cristal líquido, enviadas via software IP Power por TCP/IP ou por e-mail.",0.0,0.0,0.0,0.0,0.9334287113713874,0.0,0.0,0.8178565544604716,0.1430084745762712,0.12021857923497269,0.0,0.0,0,1,1,1,0
22,Quais os impactos das variações de tensão e corrente nas medições e desempenho dos sistemas?,"['TECNOLOGIA  EQUALIZER\nEqualização A tiva Individual das Ba terias\n O módulo de bater ia ativ o regula individualmente a \ntensão de cada bater ia e as mantém homogêneas , \nelevando a sua durabilidade , capacidade e r esistência \ncontra cor rosão e sulfatação .\nEvita e pr otege c ontr a Ex cesso de C arga\nAtrav és da Equalização Ativa as bater ias são pr oteg idas \nindividualmente contra o ex cesso de car ga, pr evenindo -\nas contra exalação de gases , secagem do eletr ólito \ninter no e do aquecimento inter no em ex cesso .\nEvita e pr otege c ontr a Falta de C arga\nA Equalização Ativa individual das bater ias impede que \nas mesmas r ecebam menor tensão que dev eriam, \nevitando -se a sulfatação e a per da de capacidade .\nIndicador de P roblemas da Ba teria\nAtrav és da medição da Tensão , Impedância e \nTemperatura, o sistema monitora os pr oblemas típicos \ndas bater ias, tais como sulfatação , cor rosão , per da de \ngases , secagem do eletr ólito e aquecimento inter no.Elimina a Sulfa tação das Ba terias\nO pr oblema decor re dos car regador es e r etificador es de \nbater ias, que r egulam a tensão de flutuação ou \nequalização na tensão final das bater ias e não garantem \nque em algumas  bater ias elas r ecebam maior tensão e , \nem outras , menor tensão . Atrav és da Equalização Ativa, \nmantêm-se todas as bater ias com tensão equilibrada.\nProteção c ontr a contaminação de ba terias\nAtrav és da Equalização Ativa individual de cada bater ia, \nevitam-se danos de uma bater ia a outras bater ias \npróximas , o ef eito de contaminação , ou seja, uma bater ia \nruim danifica as boas .\nOtimização da capacidade das ba terias\nGraças à Equalização Ativa, o Equaliz er garante a plena \nrecar ga e a máxima otimização da bater ia.\nAler ta par a substituir ba terias\nAtrav és da análise da cur va de impedância, pode -se \nidentificar a tendência, já na fase inicial de instalação , se \nalguma bater ia está deter iorada ou simplesmente mais \nfraca do que as outras . Quanto antes ef etuar este \ndiag nóstico , melhor será para o r estante da vida útil das \ndemais bater ias.Alarmes de ba teria\nAtrav és do monitoramento dos parâmetr os-chav e das \nbater ias e medições de limites pr eestabelecidos , o \nsistema en via avisos de alar mes automaticamente aos \nadministrador es do sistema.\nManutenção à distância \nO Equaliz er melhora a qualidade do ser viço, fornecendo \nmonitoramento r emoto atrav és da I nternet, VPN ou \noutra r ede, para faz er download de dados em tempo \nreal e acesso ao histór ico da bater ia para análise . \nManutenção sem desligar o sistema\nOs testes de bater ia individuais são possív eis \nremotamente , sem o esf orço para desligar as bater ias. \nAs manutenções e as análises  de bater ia podem ser \nrealizadas em condições r eais de operação , sem a \nnecessidade de paradas no sistema.\nOtimiza a manutenção em campo\nA equipe de manutenção se desloca somente quando \nhá inter venções cor retivas e dir etas na bater ia que \napresentar def eito na ocor rência de alar mes ou na \nanálise de diag nóstico e , é clar o, reduz enor mes custos \noperacionais .\nOSD  N LI A NM EO AC R EM SCISO\n90012015\nAv. Eng .', 'Módulo de Ba teria Equaliz er\nProcessador:   DSP\nInter faces:  2 Portas RJ11\nSensor Temper atura:  Interno\nGabinete:   ABS\nDimensões:   12 x 65 x 113 mm - 50 g\no\n  Ambiente:   abrigado , IP-20, 0 a 60 C, umidade\n  relativa máx 90% não condensante .\nModelo Equaliz er M12 - MB02 \nTensão nominal:   12 VDC - 02VDC \nCapacidade:  7 a 600 Ah - 7 a 5.000 Ah n   \nn    \nn    \nn    \nn   \nn \nn   \nn   \nn   \nMódulo de C orrente \n Descrição:\nAcessório (opcional) destinado à medição da \ncorrente elétrica que circula pelo banco de \nbaterias com indicação do sentido da corrente \nelétrica (C arga ou Descar ga).\nEspecificações:\nTensão de alimentação:  5V\nErro:  ≤ 1,5% @ corrente nominal\nComunicação:  RS-232 (Nív el TTL)n \nn']","Variações de tensão e corrente podem afetar significativamente os sistemas de ba terias, levando a mudanças significativas nos resultados de medição e desempenho. Aqui estão alguns dos principais impactos:

- **Medições de tensão**: Alterações na tensão podem afetar a precisão das medições, pois a tensão é um fator crítico na determinação da corrente e da potência. Variações na tensão podem causar distorções nas medições, levando a uma precisão reduzida.

- **Medições de corrente**: Variações na corrente podem afetar a precisão das medições, pois a corrente é um fator importante na determinação da potência e da eficiência do sistema. Alterações na corrente podem causar distorções nas medições, levando a uma precisão reduzida.

- **Desempenho dos sistemas**: Variações na tensão e corrente podem afetar o desempenho dos sistemas, levando a uma redução na eficiência, na potência e na durabilidade. Isso pode resultar em uma redução na vida útil dos sistemas e na necessidade de manutenção mais frequente.

- **Sensibilidade aos erros**: Variações na tensão e corrente podem aumentar a sensibilidade aos erros, tornando mais difícil detectar problemas e identificar as causas. Isso pode resultar em uma redução na eficiência da detecção de problemas e na capacidade de tomar decisões informadas.

- **Impacto na qualidade de vida**: Variações na tensão e corrente podem afetar a qualidade de vida dos usuários, levando a uma redução na segurança, na saúde e na satisfação. Isso pode resultar em uma redução na produtividade e na qualidade de vida dos usuários.","As variações de tensão e corrente impactam as medições e o desempenho dos sistemas, afetando a precisão das medições de potência, tensão e corrente, além de influenciar a eficiência operacional dos equipamentos.",0.9999999999,0.0,0.0,0.0,0.804833736995299,1.0,0.77,0.8931468060812735,0.12563775510204078,0.18126888217522658,0.0,0.0,0,1,1,1,1
23,Quais os impacto das variaçõe de tensão e corrente nas medições elétrica e no desempenho dos sistema elétrico?,"['Módulo de Ba teria Equaliz er\nProcessador:   DSP\nInter faces:  2 Portas RJ11\nSensor Temper atura:  Interno\nGabinete:   ABS\nDimensões:   12 x 65 x 113 mm - 50 g\no\n  Ambiente:   abrigado , IP-20, 0 a 60 C, umidade\n  relativa máx 90% não condensante .\nModelo Equaliz er M12 - MB02 \nTensão nominal:   12 VDC - 02VDC \nCapacidade:  7 a 600 Ah - 7 a 5.000 Ah n   \nn    \nn    \nn    \nn   \nn \nn   \nn   \nn   \nMódulo de C orrente \n Descrição:\nAcessório (opcional) destinado à medição da \ncorrente elétrica que circula pelo banco de \nbaterias com indicação do sentido da corrente \nelétrica (C arga ou Descar ga).\nEspecificações:\nTensão de alimentação:  5V\nErro:  ≤ 1,5% @ corrente nominal\nComunicação:  RS-232 (Nív el TTL)n \nn', 'TECNOLOGIA  EQUALIZER\nEqualização A tiva Individual das Ba terias\n O módulo de bater ia ativ o regula individualmente a \ntensão de cada bater ia e as mantém homogêneas , \nelevando a sua durabilidade , capacidade e r esistência \ncontra cor rosão e sulfatação .\nEvita e pr otege c ontr a Ex cesso de C arga\nAtrav és da Equalização Ativa as bater ias são pr oteg idas \nindividualmente contra o ex cesso de car ga, pr evenindo -\nas contra exalação de gases , secagem do eletr ólito \ninter no e do aquecimento inter no em ex cesso .\nEvita e pr otege c ontr a Falta de C arga\nA Equalização Ativa individual das bater ias impede que \nas mesmas r ecebam menor tensão que dev eriam, \nevitando -se a sulfatação e a per da de capacidade .\nIndicador de P roblemas da Ba teria\nAtrav és da medição da Tensão , Impedância e \nTemperatura, o sistema monitora os pr oblemas típicos \ndas bater ias, tais como sulfatação , cor rosão , per da de \ngases , secagem do eletr ólito e aquecimento inter no.Elimina a Sulfa tação das Ba terias\nO pr oblema decor re dos car regador es e r etificador es de \nbater ias, que r egulam a tensão de flutuação ou \nequalização na tensão final das bater ias e não garantem \nque em algumas  bater ias elas r ecebam maior tensão e , \nem outras , menor tensão . Atrav és da Equalização Ativa, \nmantêm-se todas as bater ias com tensão equilibrada.\nProteção c ontr a contaminação de ba terias\nAtrav és da Equalização Ativa individual de cada bater ia, \nevitam-se danos de uma bater ia a outras bater ias \npróximas , o ef eito de contaminação , ou seja, uma bater ia \nruim danifica as boas .\nOtimização da capacidade das ba terias\nGraças à Equalização Ativa, o Equaliz er garante a plena \nrecar ga e a máxima otimização da bater ia.\nAler ta par a substituir ba terias\nAtrav és da análise da cur va de impedância, pode -se \nidentificar a tendência, já na fase inicial de instalação , se \nalguma bater ia está deter iorada ou simplesmente mais \nfraca do que as outras . Quanto antes ef etuar este \ndiag nóstico , melhor será para o r estante da vida útil das \ndemais bater ias.Alarmes de ba teria\nAtrav és do monitoramento dos parâmetr os-chav e das \nbater ias e medições de limites pr eestabelecidos , o \nsistema en via avisos de alar mes automaticamente aos \nadministrador es do sistema.\nManutenção à distância \nO Equaliz er melhora a qualidade do ser viço, fornecendo \nmonitoramento r emoto atrav és da I nternet, VPN ou \noutra r ede, para faz er download de dados em tempo \nreal e acesso ao histór ico da bater ia para análise . \nManutenção sem desligar o sistema\nOs testes de bater ia individuais são possív eis \nremotamente , sem o esf orço para desligar as bater ias. \nAs manutenções e as análises  de bater ia podem ser \nrealizadas em condições r eais de operação , sem a \nnecessidade de paradas no sistema.\nOtimiza a manutenção em campo\nA equipe de manutenção se desloca somente quando \nhá inter venções cor retivas e dir etas na bater ia que \napresentar def eito na ocor rência de alar mes ou na \nanálise de diag nóstico e , é clar o, reduz enor mes custos \noperacionais .\nOSD  N LI A NM EO AC R EM SCISO\n90012015\nAv. Eng .']","A variância de tensão e corrente afetam significativamente a precisão e a eficácia das medições elétricas e do desempenho do sistema elétrico. Aqui estão alguns impactos potenciais:

1. **Precisão das medições elétricas**: A variância de tensão e corrente pode afetar a precisão das medições elétricas, especialmente em situações de alta tensão ou corrente. Isso pode resultar em valores de medição errados ou inexatos, o que pode afetar a tomada de decisões e a tomada de medidas para manter o sistema elétrico em funcionamento.

2. **Desempenho do sistema elétrico**: A variância de tensão e corrente também pode afetar o desempenho do sistema elétrico, especialmente em situações de alta carga ou alta temperatura. Isso pode resultar em uma redução na eficiência do sistema, uma diminuição da vida útil das componentes e uma maior necessidade de manutenção.

3. **Risco de falhas**: A variância de tensão e corrente pode aumentar o risco de falhas no sistema elétrico, especialmente se as medições elétricas forem incompletas ou inexatas. Isso pode resultar em uma perda de confiança no sistema elétrico e em uma maior necessidade de reparos ou substituições.

4. **Impacto na segurança**: A variância de tensão e corrente também pode ter um impacto na segurança do sistema elétrico, especialmente se as medições elétricas forem incompletas ou inexatas. Isso pode resultar em uma maior necessidade de medidas de segurança adicionais, como a instalação de proteções elétricas ou a realização de testes adicionais.

5. **Impacto na eficiência energética**: A variância de tensão e corrente também pode ter um impacto na eficiência energética do sistema elétrico, especialmente se as medições elétricas forem incompletas ou inexatas. Isso pode resultar em uma maior consumo de energia e uma maior necessidade de investimentos em tecnologias de eficiência energética.","As variações de tensão e corrente impactam as medições elétricas e o desempenho do sistema elétrico, afetando a potência de saída, a precisão das medições e a eficiência geral do sistema.",0.0,0.0,0.0,0.0,0.8405165580046384,0.0,0.33,0.8579226801004753,0.0986066452304395,0.1585677749360614,0.0,0.0,0,0,1,1,0
24,Quais sã as implicações da xoxha de materiais e design na eficienci e funcionalidade de um eqipamento técnico?,"['TECNOLOGIA  EQUALIZER\nEqualização A tiva Individual das Ba terias\n O módulo de bater ia ativ o regula individualmente a \ntensão de cada bater ia e as mantém homogêneas , \nelevando a sua durabilidade , capacidade e r esistência \ncontra cor rosão e sulfatação .\nEvita e pr otege c ontr a Ex cesso de C arga\nAtrav és da Equalização Ativa as bater ias são pr oteg idas \nindividualmente contra o ex cesso de car ga, pr evenindo -\nas contra exalação de gases , secagem do eletr ólito \ninter no e do aquecimento inter no em ex cesso .\nEvita e pr otege c ontr a Falta de C arga\nA Equalização Ativa individual das bater ias impede que \nas mesmas r ecebam menor tensão que dev eriam, \nevitando -se a sulfatação e a per da de capacidade .\nIndicador de P roblemas da Ba teria\nAtrav és da medição da Tensão , Impedância e \nTemperatura, o sistema monitora os pr oblemas típicos \ndas bater ias, tais como sulfatação , cor rosão , per da de \ngases , secagem do eletr ólito e aquecimento inter no.Elimina a Sulfa tação das Ba terias\nO pr oblema decor re dos car regador es e r etificador es de \nbater ias, que r egulam a tensão de flutuação ou \nequalização na tensão final das bater ias e não garantem \nque em algumas  bater ias elas r ecebam maior tensão e , \nem outras , menor tensão . Atrav és da Equalização Ativa, \nmantêm-se todas as bater ias com tensão equilibrada.\nProteção c ontr a contaminação de ba terias\nAtrav és da Equalização Ativa individual de cada bater ia, \nevitam-se danos de uma bater ia a outras bater ias \npróximas , o ef eito de contaminação , ou seja, uma bater ia \nruim danifica as boas .\nOtimização da capacidade das ba terias\nGraças à Equalização Ativa, o Equaliz er garante a plena \nrecar ga e a máxima otimização da bater ia.\nAler ta par a substituir ba terias\nAtrav és da análise da cur va de impedância, pode -se \nidentificar a tendência, já na fase inicial de instalação , se \nalguma bater ia está deter iorada ou simplesmente mais \nfraca do que as outras . Quanto antes ef etuar este \ndiag nóstico , melhor será para o r estante da vida útil das \ndemais bater ias.Alarmes de ba teria\nAtrav és do monitoramento dos parâmetr os-chav e das \nbater ias e medições de limites pr eestabelecidos , o \nsistema en via avisos de alar mes automaticamente aos \nadministrador es do sistema.\nManutenção à distância \nO Equaliz er melhora a qualidade do ser viço, fornecendo \nmonitoramento r emoto atrav és da I nternet, VPN ou \noutra r ede, para faz er download de dados em tempo \nreal e acesso ao histór ico da bater ia para análise . \nManutenção sem desligar o sistema\nOs testes de bater ia individuais são possív eis \nremotamente , sem o esf orço para desligar as bater ias. \nAs manutenções e as análises  de bater ia podem ser \nrealizadas em condições r eais de operação , sem a \nnecessidade de paradas no sistema.\nOtimiza a manutenção em campo\nA equipe de manutenção se desloca somente quando \nhá inter venções cor retivas e dir etas na bater ia que \napresentar def eito na ocor rência de alar mes ou na \nanálise de diag nóstico e , é clar o, reduz enor mes custos \noperacionais .\nOSD  N LI A NM EO AC R EM SCISO\n90012015\nAv. Eng .', 'Alta Tecnolog ia em\nProcessament o Dig ital\nde Sinais - DSP\nOS MAIS MODERNOS\nNO-BREAKS CORPORATIVOSVivemos em um mundo cada v ez mais ág il e prático . Um mundo conec tado por pr ocessador es, chips , softwares e \nperiféricos. Mas isso ainda não é o bastant e. Por isso , o mundo caminha para t ecnolog ias de pr ocessament o imediat o \nde dados . A CM C omandos Linear es está um passo à fr ente e of erece aos seus client es pr odut os dotados de uma \ntecnolog ia revolucionár ia, denominada P rocessament o Dig ital de Sinais - - DSP .\nToda a linha de No -Breaks  \nconta com a t ecnolog ia DSP .  Carac terística que \npropor ciona alta per formance e confiabilidade , Conception Multi Ativ o \npara aplicações de missão cr ítica. Ou seja, pr otegem as aplicações nas quais a continuidade da operação é de \nfundamental impor tância.\nequipament os pode ser atualizado , \nacrescentando novas funções em \nunidades já instaladas . Hoje , esta t ecnolog ia está pr esent e nos mais sofisticados sist emas eletr ônicos , devido à sua alta v elocidade e \nconfiabilidade . Processador es Dig itais de Sinais são capaz es de pr ocessar dez milhões de amostragens por segundo . \nIsso sig nifica pr ocessament o em t empo r eal -- o sinal é pr ocessado no mesmo instant e em que é r ecebido , sem \nretardos ou atrasos .\nProjetados com o uso int enso dos r ecursos da t ecnolog ia DSP ,  os No -Breaks C onception Multi Ativ o  ag regam nov os  \ne avançados r ecursos , que estabelecem um nov o conceit o em desen volviment o, no qual o fir mware dos \nAdquir indo No -Breaks , cont e com as \nsoluções da CM C omandos , que \nasseguram t ecnolog ia de ponta, \nmáxima pr oteção , precisão dig ital e \nprocessament o em t empo r eal.  Modelo 300kV A']","A xoxha de materiais e design pode ter várias implicações na eficiência e funcionalidade de um equipamento técnico. Algumas das implicações mais relevantes incluem:

1. **Redução de consumo de energia**: A escolha de materiais e design eficientes pode ajudar a reduzir o consumo de energia, o que é particularmente importante em equipamentos que operam em ambientes controlados ou em condições de alta temperatura.
2. **Melhoria da durabilidade**: Materiais e design adequados podem ajudar a prolongar a vida útil do equipamento, reduzindo a necessidade de manutenção e reparos.
3. **Aumento da segurança**: Equipamentos com materiais e design adequados podem oferecer uma maior segurança, pois reduzem o risco de acidentes ou danos ao equipamento.
4. **Melhoria da eficiência**: Materiais e design eficientes podem ajudar a melhorar a eficiência do equipamento, permitindo que ele funcione de forma mais eficiente e com menos energia.
5. **Redução de custos**: A escolha de materiais e design eficientes pode ajudar a reduzir os custos de produção e manutenção do equipamento.

Além disso, a xoxha de materiais e design também pode ter implicações em termos de:

* **Sustentabilidade**: Materiais e design sustentáveis podem ajudar a reduzir a dependência de recursos naturais e promover a sustentabilidade.
* **Inovação**: A escolha de materiais e design inovadores pode ajudar a criar novas oportunidades de negócios e a melhorar a competitividade do equipamento.
* **Conformidade com regulamentações**: Materiais e design adequados podem garantir que o equipamento atenda às regulamentações e normas de segurança aplicáveis.","As implicações da escolha de materiais e design na eficiência e funcionalidade de um equipamento técnico incluem a utilização de estruturas metálicas e painéis de alta resistência, que contribuem para a durabilidade e a movimentação facilitada do equipamento.",0.0,0.0,0.0,0.0,0.8419458563946502,0.0,0.3,0.7819110582977187,0.1412776412776413,0.1806451612903226,0.0,0.0,0,0,1,0,1
25,Quais são as implicações do material e design na eficiência de um equipamento técnico?,"['TECNOLOGIA  EQUALIZER\nEqualização A tiva Individual das Ba terias\n O módulo de bater ia ativ o regula individualmente a \ntensão de cada bater ia e as mantém homogêneas , \nelevando a sua durabilidade , capacidade e r esistência \ncontra cor rosão e sulfatação .\nEvita e pr otege c ontr a Ex cesso de C arga\nAtrav és da Equalização Ativa as bater ias são pr oteg idas \nindividualmente contra o ex cesso de car ga, pr evenindo -\nas contra exalação de gases , secagem do eletr ólito \ninter no e do aquecimento inter no em ex cesso .\nEvita e pr otege c ontr a Falta de C arga\nA Equalização Ativa individual das bater ias impede que \nas mesmas r ecebam menor tensão que dev eriam, \nevitando -se a sulfatação e a per da de capacidade .\nIndicador de P roblemas da Ba teria\nAtrav és da medição da Tensão , Impedância e \nTemperatura, o sistema monitora os pr oblemas típicos \ndas bater ias, tais como sulfatação , cor rosão , per da de \ngases , secagem do eletr ólito e aquecimento inter no.Elimina a Sulfa tação das Ba terias\nO pr oblema decor re dos car regador es e r etificador es de \nbater ias, que r egulam a tensão de flutuação ou \nequalização na tensão final das bater ias e não garantem \nque em algumas  bater ias elas r ecebam maior tensão e , \nem outras , menor tensão . Atrav és da Equalização Ativa, \nmantêm-se todas as bater ias com tensão equilibrada.\nProteção c ontr a contaminação de ba terias\nAtrav és da Equalização Ativa individual de cada bater ia, \nevitam-se danos de uma bater ia a outras bater ias \npróximas , o ef eito de contaminação , ou seja, uma bater ia \nruim danifica as boas .\nOtimização da capacidade das ba terias\nGraças à Equalização Ativa, o Equaliz er garante a plena \nrecar ga e a máxima otimização da bater ia.\nAler ta par a substituir ba terias\nAtrav és da análise da cur va de impedância, pode -se \nidentificar a tendência, já na fase inicial de instalação , se \nalguma bater ia está deter iorada ou simplesmente mais \nfraca do que as outras . Quanto antes ef etuar este \ndiag nóstico , melhor será para o r estante da vida útil das \ndemais bater ias.Alarmes de ba teria\nAtrav és do monitoramento dos parâmetr os-chav e das \nbater ias e medições de limites pr eestabelecidos , o \nsistema en via avisos de alar mes automaticamente aos \nadministrador es do sistema.\nManutenção à distância \nO Equaliz er melhora a qualidade do ser viço, fornecendo \nmonitoramento r emoto atrav és da I nternet, VPN ou \noutra r ede, para faz er download de dados em tempo \nreal e acesso ao histór ico da bater ia para análise . \nManutenção sem desligar o sistema\nOs testes de bater ia individuais são possív eis \nremotamente , sem o esf orço para desligar as bater ias. \nAs manutenções e as análises  de bater ia podem ser \nrealizadas em condições r eais de operação , sem a \nnecessidade de paradas no sistema.\nOtimiza a manutenção em campo\nA equipe de manutenção se desloca somente quando \nhá inter venções cor retivas e dir etas na bater ia que \napresentar def eito na ocor rência de alar mes ou na \nanálise de diag nóstico e , é clar o, reduz enor mes custos \noperacionais .\nOSD  N LI A NM EO AC R EM SCISO\n90012015\nAv. Eng .', 'Alta Tecnolog ia em\nProcessament o Dig ital\nde Sinais - DSP\nOS MAIS MODERNOS\nNO-BREAKS CORPORATIVOSVivemos em um mundo cada v ez mais ág il e prático . Um mundo conec tado por pr ocessador es, chips , softwares e \nperiféricos. Mas isso ainda não é o bastant e. Por isso , o mundo caminha para t ecnolog ias de pr ocessament o imediat o \nde dados . A CM C omandos Linear es está um passo à fr ente e of erece aos seus client es pr odut os dotados de uma \ntecnolog ia revolucionár ia, denominada P rocessament o Dig ital de Sinais - - DSP .\nToda a linha de No -Breaks  \nconta com a t ecnolog ia DSP .  Carac terística que \npropor ciona alta per formance e confiabilidade , Conception Multi Ativ o \npara aplicações de missão cr ítica. Ou seja, pr otegem as aplicações nas quais a continuidade da operação é de \nfundamental impor tância.\nequipament os pode ser atualizado , \nacrescentando novas funções em \nunidades já instaladas . Hoje , esta t ecnolog ia está pr esent e nos mais sofisticados sist emas eletr ônicos , devido à sua alta v elocidade e \nconfiabilidade . Processador es Dig itais de Sinais são capaz es de pr ocessar dez milhões de amostragens por segundo . \nIsso sig nifica pr ocessament o em t empo r eal -- o sinal é pr ocessado no mesmo instant e em que é r ecebido , sem \nretardos ou atrasos .\nProjetados com o uso int enso dos r ecursos da t ecnolog ia DSP ,  os No -Breaks C onception Multi Ativ o  ag regam nov os  \ne avançados r ecursos , que estabelecem um nov o conceit o em desen volviment o, no qual o fir mware dos \nAdquir indo No -Breaks , cont e com as \nsoluções da CM C omandos , que \nasseguram t ecnolog ia de ponta, \nmáxima pr oteção , precisão dig ital e \nprocessament o em t empo r eal.  Modelo 300kV A']","A eficiência de um equipamento técnico depende de vários fatores, incluindo o material e o design. Aqui estão algumas implicações importantes:

1. **Material**: O material escolhido pode afetar a resistência, durabilidade e facilidade de manutenção do equipamento. Por exemplo, materiais leves e resistentes podem reduzir a carga de trabalho e aumentar a eficiência, enquanto materiais mais pesados podem aumentar o consumo de energia.

2. **Design**: O design do equipamento pode influenciar a sua eficiência em termos de energia consumida e tempo de operação. Por exemplo, um design eficiente pode reduzir a quantidade de energia necessária para operar o equipamento, o que pode resultar em economias de energia e redução de custos operacionais.

3. **Resistência à corrosão**: O material e o design podem ser influenciados pela resistência à corrosão, o que pode afetar a durabilidade do equipamento. Uma resistência adequada pode evitar danos ao equipamento e prolongar sua vida útil.

4. **Frequência de operação**: A frequência de operação do equipamento pode afetar a sua eficiência. Por exemplo, um equipamento operado em frequências mais baixas pode consumir menos energia do que um equipamento operado em frequências mais altas.

5. **Sistema de controle**: O sistema de controle do equipamento pode influenciar a sua eficiência. Por exemplo, um sistema de controle eficiente pode permitir que o equipamento seja operado de forma mais eficiente, reduzindo a quantidade de energia necessária para controlar o equipamento.

6. **Condições de operação**: As condições de operação do equipamento, como temperatura, pressão e umidade, podem afetar a sua eficiência. Por exemplo, um equipamento operado em condições mais frias pode consumir menos energia do que um equipamento operado em condições mais quentes.

7. **Sistema de monitoramento**: O sistema de monitoramento do equipamento pode influenciar a sua eficiência. Por exemplo, um sistema de monitoramento eficiente pode permitir que o equipamento seja detectado e reparado em tempo, reduzindo a perda de tempo e aumentando a eficiência.

Em resumo, a eficiência de um equipamento técnico depende de uma combinação de fatores, incluindo o material e o design. Uma escolha adequada de material e design pode ajudar a aumentar a eficiência do equipamento e reduzir custos operacionais.","As implicações do material e design na eficiência de um equipamento técnico incluem a escolha de materiais como ABS de alta resistência e estruturas metálicas, que contribuem para a durabilidade e funcionalidade do equipamento.",0.0,0.0,0.0,,0.7906775797122982,0.0,0.45,0.7155474403561748,0.09253731343283578,0.0979020979020979,0.0,0.0,0,1,1,1,0
