,user_input,retrieved_contexts,response,reference,context_precision,context_recall,context_entity_recall,noise_sensitivity_relevant,answer_relevancy,faithfulness,factual_correctness,semantic_similarity,non_llm_string_similarity,rouge_score,string_present,exact_match,harmfulness,maliciousness,coherence,correctness,conciseness
0,Quais são as aplicações e benefícios dos No-Breaks da CM Comandos para as empresas?,"['A EMPRESA Com mais de 38 anos de atuação, a CM Comandos é hoje \numa das maiores fabricantes de No-Breaks da América Latina. \nAlém disso, é líder absoluta em soluções para o mercado corporativo. Certificada pela \nnorma ISO-9001:2015, a CM Comandos ressalta o seu compromisso com a excelência \ndos seus produtos e a total satisfação dos seus clientes.Inovação, qualidade, tecnologia\ne confiabilidade. Marcas das\nsoluções CM Comandos Lineares\nAPLICAÇÕES Os No -Breaks da CM C omandos Linear es são indicados para \naplicações de missão cr ítica, nas mais var iadas cor porações ,  \noferecendo pr oteção contra distúr bios de ener gia elétr ica, tais como: cor tes, micr o cor tes, \nruídos , dist orção har mônica, picos , transient es, sub e sobr e tensão e var iações de fr equência.\nSUPORTE\nTÉCNICOAo escolher a mar ca CM C omandos Linear es você conta com \no melhor  supor te técnico de pr é e pós- venda da empr esa que \nse consolidou ao longo dest es 38 anos como líder de \nmercado . Instrumentação de ponta, pr ofissionais altament e qualificados , com \ncober tura nacional e disponibilidade de at endiment o 24 horas , sete dias por \nsemana, call cent er e pr ocessos cer tificados  asseguram a ex celência dos nossos \nserviços de supor te.BENEFÍCIOSOs equipament os da CM C omandos operam com maior pr ecisão , \nagregam maior númer o de funções e são os mais segur os. \nCarac terísticas que geram alta confiabilidade e pr odutividade nas mais var iadas aplicações , \nminimizam falhas e , consequent ement e, cust os de manut enção . Em r esumo ,                               \nser um client e da CM C omandos sig nifica t er o r etorno do capital in vestido e garantias            \nque só uma empr esa com amplo supor te técnico pode of erecer .\nOSD  L NI A NM EA OR C EM SCISO\n90012015', 'Inovação, qualidade, tecnologia\ne confiabilidade. Marcas das\nsoluções CM Comandos Lineares\nCom mais de 40 anos de atuação, a CM Comandos é hoje uma das \nmaiores fabricantes de No-Breaks da América Latina. Além disso, é líder\nabsoluta em soluções para o mercado corporativo. Certiﬁ  cada pela norma ISO-900:2015, a CM Comandos \nressalta o seu compromisso com a excelência dos seus produtos e a total satisfação dos seus clientes.A EMPRESA\nOs  No-Breaks  da  CM  Comandos  são  indicados  para aplicações de  \nmissão crítica, nas mais variadas corporações, oferecendo proteção \ncontra distúrbios de energia elétrica, tais como: cortes, micro-cortes, ruídos, distorção harmônica, picos, \ntransientes, sub e sobretensão e variação de frequência.APLICAÇÕES\nOs equipamentos da CM Comandos operam com maior precisão, agre-\ngam maior número de funções e são mais seguros. Características\nque geram alta conﬁ  abilidade e produtividade nas mais variadas aplicações, minimizam falhas e,\nconsequentemente, custos de manutenção. Em resumo, ser um cliente CM Comandos signiﬁ  ca ter o \nretorno do capital investido e garantias que só uma empresa com amplo suporte técnico pode oferecer.BENEFÍCIOS\nAo escolher a marca CM Comandos Lineares você conta com o melhor supor-\nte técnico de pré e pós-venda da empresa que se consolidou ao longo  des-\ntes 40 anos como líder de mercado. Instrumentação de ponta, proﬁ  ssionais\naltamente qualiﬁ  cados, disponibilidade de atendimento 24 horas, sete dias da semana, call \ncenter e processos certiﬁ  cados que asseguram a excelência dos nossos serviços de suporte.SUPORTE\nTÉCNICO']","No-Breaks from CM Comandos are suitable for mission-critical applications in various corporations, providing protection against electrical power disturbances such as cuts, micro-cuts, noise, harmonic distortion, peaks, transients, over and under voltage, and frequency variations. These UPS systems operate with greater precision, offer more functions, and are safer, which leads to higher reliability, productivity, and reduced maintenance costs in a wide range of applications. By choosing CM Comandos Linears, businesses benefit from excellent pre- and post-sales support, including cutting-edge instrumentation, highly qualified professionals, 24/7 availability, and certified processes, ensuring top-notch service quality.","Os No-Breaks da CM Comandos são indicados para empresas, proporcionando aplicações e benefícios que garantem a continuidade das operações em caso de falhas de energia.",0.99999999995,1.0,0.49999999875,0.8888888888888888,0.8322376695870042,1.0,,0.7114336081046955,0.18019257221458052,0.078125,0.0,0.0,1,0,1,1,1
1,Quais são as aplicações e benefícios dos No-Breaks da CM Comandos para as empresas?,"['A EMPRESA Com mais de 38 anos de atuação, a CM Comandos é hoje \numa das maiores fabricantes de No-Breaks da América Latina. \nAlém disso, é líder absoluta em soluções para o mercado corporativo. Certificada pela \nnorma ISO-9001:2015, a CM Comandos ressalta o seu compromisso com a excelência \ndos seus produtos e a total satisfação dos seus clientes.Inovação, qualidade, tecnologia\ne confiabilidade. Marcas das\nsoluções CM Comandos Lineares\nAPLICAÇÕES Os No -Breaks da CM C omandos Linear es são indicados para \naplicações de missão cr ítica, nas mais var iadas cor porações ,  \noferecendo pr oteção contra distúr bios de ener gia elétr ica, tais como: cor tes, micr o cor tes, \nruídos , dist orção har mônica, picos , transient es, sub e sobr e tensão e var iações de fr equência.\nSUPORTE\nTÉCNICOAo escolher a mar ca CM C omandos Linear es você conta com \no melhor  supor te técnico de pr é e pós- venda da empr esa que \nse consolidou ao longo dest es 38 anos como líder de \nmercado . Instrumentação de ponta, pr ofissionais altament e qualificados , com \ncober tura nacional e disponibilidade de at endiment o 24 horas , sete dias por \nsemana, call cent er e pr ocessos cer tificados  asseguram a ex celência dos nossos \nserviços de supor te.BENEFÍCIOSOs equipament os da CM C omandos operam com maior pr ecisão , \nagregam maior númer o de funções e são os mais segur os. \nCarac terísticas que geram alta confiabilidade e pr odutividade nas mais var iadas aplicações , \nminimizam falhas e , consequent ement e, cust os de manut enção . Em r esumo ,                               \nser um client e da CM C omandos sig nifica t er o r etorno do capital in vestido e garantias            \nque só uma empr esa com amplo supor te técnico pode of erecer .\nOSD  L NI A NM EA OR C EM SCISO\n90012015', 'Inovação, qualidade, tecnologia\ne confiabilidade. Marcas das\nsoluções CM Comandos Lineares\nCom mais de 40 anos de atuação, a CM Comandos é hoje uma das \nmaiores fabricantes de No-Breaks da América Latina. Além disso, é líder\nabsoluta em soluções para o mercado corporativo. Certiﬁ  cada pela norma ISO-900:2015, a CM Comandos \nressalta o seu compromisso com a excelência dos seus produtos e a total satisfação dos seus clientes.A EMPRESA\nOs  No-Breaks  da  CM  Comandos  são  indicados  para aplicações de  \nmissão crítica, nas mais variadas corporações, oferecendo proteção \ncontra distúrbios de energia elétrica, tais como: cortes, micro-cortes, ruídos, distorção harmônica, picos, \ntransientes, sub e sobretensão e variação de frequência.APLICAÇÕES\nOs equipamentos da CM Comandos operam com maior precisão, agre-\ngam maior número de funções e são mais seguros. Características\nque geram alta conﬁ  abilidade e produtividade nas mais variadas aplicações, minimizam falhas e,\nconsequentemente, custos de manutenção. Em resumo, ser um cliente CM Comandos signiﬁ  ca ter o \nretorno do capital investido e garantias que só uma empresa com amplo suporte técnico pode oferecer.BENEFÍCIOS\nAo escolher a marca CM Comandos Lineares você conta com o melhor supor-\nte técnico de pré e pós-venda da empresa que se consolidou ao longo  des-\ntes 40 anos como líder de mercado. Instrumentação de ponta, proﬁ  ssionais\naltamente qualiﬁ  cados, disponibilidade de atendimento 24 horas, sete dias da semana, call \ncenter e processos certiﬁ  cados que asseguram a excelência dos nossos serviços de suporte.SUPORTE\nTÉCNICO']","No-Breaks from CM Comandos are suitable for mission-critical applications in various corporations, providing protection against electrical power disturbances such as cuts, micro-cuts, noise, harmonic distortion, peaks, transients, over and under voltage, and frequency variations. These UPS systems operate with greater precision, offer more functions, and are safer, which results in higher reliability, productivity, and reduced maintenance costs. By choosing CM Comandos Linears, businesses benefit from top-notch pre- and post-sale support, including cutting-edge instrumentation, highly qualified professionals, 24/7 availability, call center services, and certified processes, ensuring excellent support services.","Os No-Breaks da CM Comandos são indicados para empresas, proporcionando aplicações e benefícios que garantem a continuidade das operações em caso de falhas de energia.",0.99999999995,1.0,0.49999999875,0.875,0.8456402363575414,1.0,0.24,0.7102705018141333,0.17802503477051457,0.064,0.0,0.0,0,0,1,1,1
2,impacto da proteção contra distúrbios de energia na confiabilidade produtividade operações missão crítica,"['DominionSP1\nCARACTERÍSTIC AS  PRINCIP AIS\nTecnologia A vançada DSP  (Digital Signal P rocessor)\nMemória Int erna par a Registr o de E ventos\nMedições em True RMS c om P recisão de Multímetr os\nCorreção do F ator de P otência de E ntr ada0.99*\nAcionament os Monit orados pelo P rocessador DSPPermite funções a vançadas e ex clusivas em t empo r eal.\nPermite que sejam rastr eados para análise .\nSão ideais para a medição de car gas não linear es.\nAtua como filtr o para as car gas não -linear es.\nAs manobras são r egistradas e g ravadas no log de ev entos.TECNOL OGIA  ON-LINE  C OM  BYP ASS  ESTÁTIC O  DE  MANUTENÇÃO\nCorr ente Alternada de Entrada\nCorr ente ContínuaCorr ente Alternada de Saída\nCorr ente Alternada B ypass Estático  Corr ente Alternada B ypass Manual de Manutenção  Saída Rede Elétric a\nde Entr adaRede P resente\nFalha de Rede\nBypass Estátic o\nBypass Manual de\n ManutençãoBypass Manual de Manutenção\nNeste modo de operação , a car ga é alimentada dir etamente pelo cir cuito \nalter nativ o de B ypass que possibilita o desligamento completo do \nequipamento , podendo assim, r ealizar uma manutenção com substituições de \npeças e placas sem a necessidade de desligamento . Com o auxílio da chav e \nestática, após a manutenção , é possív el transf erir novamente o No -Break para \no modo nor mal mantendo a car ga sempr e alimentada.\nRetificador\nConverte a ener gia da r ede elétr ica \nda concessionár ia ou do g rupo \ngerador em cor rente contínua, \ncorrigindo ou eliminando \ndistúr bios da entrada do sistema.\nBanco de Baterias\nArmaz ena ener gia reser va para alimentar o No -Break durante \num per íodo pr é-deter minado , denominado como tempo de \nautonomia do No -Break.Inversor\nConverte a cor rente contínua do r etificador ou das \nbater ias em cor rente alter nada de saída, com f orma de \nonda senoidal pura, livr e de distúr bios .Transf ormador Isolador\nIsola a tensão de saída, garantindo assim uma \nmelhor qualidade de ener gia, filtrando possív eis \nruídos ex ternos mesmo operando em modo B ypass . Bypass Estático\nSistema de pr oteção que , \nem caso de falha, transf ere \nautomaticamente a car ga \npara a linha de B ypass \nsem inter rupções na saída \ne opera em sincr onismo \nde fase . \nPossibilidade de Upgr ade do F irmwar e do DSP\nAjust es da Tensão por Sof twar e\nBypass Estátic o e Bypass M anual de M anut enção\nGerenciament o Remot o Real-Time Via Int ernet*\nCompatív el com Todos os Grupos G erador esGarant e a atualização e pr eser vação do in vestiment o.\nAsseguram elevada pr ecisão e confiabilidade .\nAdicionam pr oteção e elevam a confiabilidade da car ga sensív el.\nVia TCP/IP e fir ewalls com pr oteção de senhas para acesso r emot o.\nPrecisão e t otal pr oteção para operação com g rupos gerador es.', 'TECNOLOGIA ON LINE COM BYPASS ESTÁTICO DE MANUTENÇÃO\nINTERFACE DE GERENCIAMENTO REMOTO\nAs Interfaces de Gerenciamento Remoto são compostas por diversas ferramentas, sendo elas: \n•  O Adaptador SNMP que permite gerenciar remotamente o No-Break via Internet através de um web browser,  monitorar o status \ne enviar alertas por e-mail. \n• O software, uma ferramenta de gerenciamento Windows Application e a versão Client é especíﬁ  ca para automatizar o shutdown \nde servidores, podendo desligar automática e simultaneamente vários servidores e estações. \n• O Adaptador Modbus permite integrar o No-Break, via uma porta RS485, a Sistemas de Automação Predial.\nBypass Estático\nSistema de proteção que, em caso de \nproblemas, transfere automaticamente \na carga para um circuito alternativo, sem \ninterrupção no fornecimento de energia.Bypass Estático de Manutenção\nPermite a transferência e o retorno da carga do No-Break para um circuito \nalternativo de fornecimento de energia, para atividades de manutenção. \nEm quaisquer situações, o fornecimento de energia é contínuo, sem \ninterrupções.\nBanco de Baterias\nArmazena energia reserva para alimentar o No-Break \ndurante um período predeterminado, denominado como \ntempo de autonomia do No-Break.Retificador\nConverte a energia da\nrede elétrica da concessionária\n ou do grupo gerador em\ncorrente contínua, corrigindo \nou eliminando distúrbios\nda entrada do sistema.\nCorrente alternada de entradaCorrente contínua Corrente alternada de saída\nCorrente alternada Bypass estáticoCorrente alternada Bypass estático\nde manutenção\nInversor\nConverte a corrente contínua do \nretiﬁ  cador ou das baterias em corrente \nalternada de saída, com forma de onda \nsenoidal pura, livre de distúrbios.\nRetificador\nConverte a energia da\nrede elétrica da concessionária\n ou do grupo gerador em\nInversor\nConverte a corrente contínua do \nretiﬁ  cador ou das baterias em corrente \nalternada de saída, com forma de onda']","The use of power energy disturbance protection can significantly improve the reliability and productivity of mission-critical operations. This protection typically involves the use of technologies such as digital signal processors (DSP), online maintenance with bypass systems, and advanced power management features. These technologies help ensure a stable and clean power supply, reducing the risk of equipment damage, data loss, and downtime. Additionally, they can provide real-time monitoring and analysis capabilities, allowing for proactive maintenance and faster issue resolution. Overall, implementing power energy disturbance protection can lead to increased efficiency, reduced costs, and improved operational performance in mission-critical environments.","A proteção contra distúrbios de energia elétrica impacta a confiabilidade e a produtividade em operações de missão crítica, minimizando falhas e custos de manutenção.",0.99999999995,0.0,0.0,0.4666666666666667,0.8092210019798515,0.5333333333333333,0.63,0.6538960529413274,0.15926892950391647,0.015151515151515152,0.0,0.0,0,1,1,1,1
3,De que forma a protecão contra distúrbios de energia afeta a confiabilidade nas operações críticas?,"['TECNOLOGIA ON LINE COM BYPASS ESTÁTICO DE MANUTENÇÃO\nINTERFACE DE GERENCIAMENTO REMOTO\nAs Interfaces de Gerenciamento Remoto são compostas por diversas ferramentas, sendo elas: \n•  O Adaptador SNMP que permite gerenciar remotamente o No-Break via Internet através de um web browser,  monitorar o status \ne enviar alertas por e-mail. \n• O software, uma ferramenta de gerenciamento Windows Application e a versão Client é especíﬁ  ca para automatizar o shutdown \nde servidores, podendo desligar automática e simultaneamente vários servidores e estações. \n• O Adaptador Modbus permite integrar o No-Break, via uma porta RS485, a Sistemas de Automação Predial.\nBypass Estático\nSistema de proteção que, em caso de \nproblemas, transfere automaticamente \na carga para um circuito alternativo, sem \ninterrupção no fornecimento de energia.Bypass Estático de Manutenção\nPermite a transferência e o retorno da carga do No-Break para um circuito \nalternativo de fornecimento de energia, para atividades de manutenção. \nEm quaisquer situações, o fornecimento de energia é contínuo, sem \ninterrupções.\nBanco de Baterias\nArmazena energia reserva para alimentar o No-Break \ndurante um período predeterminado, denominado como \ntempo de autonomia do No-Break.Retificador\nConverte a energia da\nrede elétrica da concessionária\n ou do grupo gerador em\ncorrente contínua, corrigindo \nou eliminando distúrbios\nda entrada do sistema.\nCorrente alternada de entradaCorrente contínua Corrente alternada de saída\nCorrente alternada Bypass estáticoCorrente alternada Bypass estático\nde manutenção\nInversor\nConverte a corrente contínua do \nretiﬁ  cador ou das baterias em corrente \nalternada de saída, com forma de onda \nsenoidal pura, livre de distúrbios.\nRetificador\nConverte a energia da\nrede elétrica da concessionária\n ou do grupo gerador em\nInversor\nConverte a corrente contínua do \nretiﬁ  cador ou das baterias em corrente \nalternada de saída, com forma de onda', 'DominionSP1\nCARACTERÍSTIC AS  PRINCIP AIS\nTecnologia A vançada DSP  (Digital Signal P rocessor)\nMemória Int erna par a Registr o de E ventos\nMedições em True RMS c om P recisão de Multímetr os\nCorreção do F ator de P otência de E ntr ada0.99*\nAcionament os Monit orados pelo P rocessador DSPPermite funções a vançadas e ex clusivas em t empo r eal.\nPermite que sejam rastr eados para análise .\nSão ideais para a medição de car gas não linear es.\nAtua como filtr o para as car gas não -linear es.\nAs manobras são r egistradas e g ravadas no log de ev entos.TECNOL OGIA  ON-LINE  C OM  BYP ASS  ESTÁTIC O  DE  MANUTENÇÃO\nCorr ente Alternada de Entrada\nCorr ente ContínuaCorr ente Alternada de Saída\nCorr ente Alternada B ypass Estático  Corr ente Alternada B ypass Manual de Manutenção  Saída Rede Elétric a\nde Entr adaRede P resente\nFalha de Rede\nBypass Estátic o\nBypass Manual de\n ManutençãoBypass Manual de Manutenção\nNeste modo de operação , a car ga é alimentada dir etamente pelo cir cuito \nalter nativ o de B ypass que possibilita o desligamento completo do \nequipamento , podendo assim, r ealizar uma manutenção com substituições de \npeças e placas sem a necessidade de desligamento . Com o auxílio da chav e \nestática, após a manutenção , é possív el transf erir novamente o No -Break para \no modo nor mal mantendo a car ga sempr e alimentada.\nRetificador\nConverte a ener gia da r ede elétr ica \nda concessionár ia ou do g rupo \ngerador em cor rente contínua, \ncorrigindo ou eliminando \ndistúr bios da entrada do sistema.\nBanco de Baterias\nArmaz ena ener gia reser va para alimentar o No -Break durante \num per íodo pr é-deter minado , denominado como tempo de \nautonomia do No -Break.Inversor\nConverte a cor rente contínua do r etificador ou das \nbater ias em cor rente alter nada de saída, com f orma de \nonda senoidal pura, livr e de distúr bios .Transf ormador Isolador\nIsola a tensão de saída, garantindo assim uma \nmelhor qualidade de ener gia, filtrando possív eis \nruídos ex ternos mesmo operando em modo B ypass . Bypass Estático\nSistema de pr oteção que , \nem caso de falha, transf ere \nautomaticamente a car ga \npara a linha de B ypass \nsem inter rupções na saída \ne opera em sincr onismo \nde fase . \nPossibilidade de Upgr ade do F irmwar e do DSP\nAjust es da Tensão por Sof twar e\nBypass Estátic o e Bypass M anual de M anut enção\nGerenciament o Remot o Real-Time Via Int ernet*\nCompatív el com Todos os Grupos G erador esGarant e a atualização e pr eser vação do in vestiment o.\nAsseguram elevada pr ecisão e confiabilidade .\nAdicionam pr oteção e elevam a confiabilidade da car ga sensív el.\nVia TCP/IP e fir ewalls com pr oteção de senhas para acesso r emot o.\nPrecisão e t otal pr oteção para operação com g rupos gerador es.']","A proteção contra distúrbios de energia, como o retificador que converte a energia da rede elétrica em corrente contínua e corrige ou elimina distúrbios da entrada do sistema, pode afetar positivamente a confiabilidade nas operações críticas. Isso se deve ao fato de que essa proteção garante uma alimentação estável e de alta qualidade, reduzindo os riscos de interrupções ou danos aos equipamentos e sistemas vitais para o processo em questão. Além disso, a possibilidade de upgrades no firmware e no DSP, juntamente com a gerência remota em tempo real via internet, asseguram a atualização e preservação do investimento, aumentando a confiabilidade geral das operações.","A proteção contra distúrbios de energia elétrica afeta a confiabilidade nas operações críticas ao minimizar falhas e custos de manutenção, garantindo maior precisão e segurança nos equipamentos.",0.99999999995,0.0,0.0,0.0,0.9822301820370806,0.4444444444444444,0.4,0.8181894944634249,0.2455357142857143,0.3076923076923077,0.0,0.0,0,1,1,1,1
4,implicações suporte técnico eficaz melhoria experiência usuário,"['Vantagens do C ontrat o de M anut enção \nAtravés do contrat o de manut enção , técnicos e gest ores de manut enção podem r eduzir a deg radação dos seus equipament os, prolongando \no tempo de vida útil e evitando int ervenções cor retivas , que geram cust os elevados e t êm impac tos negativ os.\nn   Supor te técnico por t elefone, durant e 24hs/dia\nn   Minimizar os r iscos e pr ejuíz os de t er um equipament o parado\nn   Prioridade no at endiment o no caso de uma parada \nn Redução da necessidade de manut enção cor retivas em at é 80% e \nconsequent e  redução de cust os\nn  Serviços de cor retivas , quando  inclusos no contrat o \nn Redução de cust o: equipament os com manut enção pr eventiva \nadequada sofr em menos desgast es e, por tanto \ntem sua vida útil ampliada. \nAv. Eng . Alber to de Zagottis , 760 - 04675-085 -  São P aulo - SP\nTel.: (11) 5696-5033 \nwww.cmcomandos .com.br\nSistema de \nSustentabilidade A uditadoIdentifique Nossa E quipe \nUniforme P adrão \nCamisa azul   Calça azul   Crachá  \nPedro\nSuporte Técnico0000000000001Nome:\nRG:\nSetor:João P edro \nMatrícula:\n1111 25.613.810-2\nAssistência Técnica\n1.Uso... \nJOÃO PEDRO \nSuporte Técnico Supor te Técnico\nCall C enter int egrado ao sist ema de gestão ERP\nTécnicos Treinados e Qualificados\nEquipados com I nstrumentação de P onta\nAnalisador de Har mônicos\nAtendiment o 24 horas - 7 dias da semana via C ontrat os\nde M anut enção P reditiva, P reventiva e C orretiva\n  Supor te Pleno de P ré e P ós-V enda\nAmpla cober tura em t odo o paísn   \nn  \nn  \nn  \nn  \nn\nn  \nCM MK T SET 2021  -   As especificações estão sujeitas a alterações sem pr évio aviso . Nós incentivamos a r eciclagem\nAtendiment o em t odo\n o Território Nacional\ncom filiais e r epresentant es nas pr incipais \ncidades e capitais , otimizando o t empo , \ncusto e buscando a ex celência\n na pr estação de ser viços\nEscaneie e saiba mais sobr e o\n contrat o de manut enção \nOSD  N LI A NM EO AC R EMSCISO\n90012015 OSD  N LI A NM EO AC R EMSC', 'TECNOLOGIA  EQUALIZER\nEqualização A tiva Individual das Ba terias\n O módulo de bater ia ativ o regula individualmente a \ntensão de cada bater ia e as mantém homogêneas , \nelevando a sua durabilidade , capacidade e r esistência \ncontra cor rosão e sulfatação .\nEvita e pr otege c ontr a Ex cesso de C arga\nAtrav és da Equalização Ativa as bater ias são pr oteg idas \nindividualmente contra o ex cesso de car ga, pr evenindo -\nas contra exalação de gases , secagem do eletr ólito \ninter no e do aquecimento inter no em ex cesso .\nEvita e pr otege c ontr a Falta de C arga\nA Equalização Ativa individual das bater ias impede que \nas mesmas r ecebam menor tensão que dev eriam, \nevitando -se a sulfatação e a per da de capacidade .\nIndicador de P roblemas da Ba teria\nAtrav és da medição da Tensão , Impedância e \nTemperatura, o sistema monitora os pr oblemas típicos \ndas bater ias, tais como sulfatação , cor rosão , per da de \ngases , secagem do eletr ólito e aquecimento inter no.Elimina a Sulfa tação das Ba terias\nO pr oblema decor re dos car regador es e r etificador es de \nbater ias, que r egulam a tensão de flutuação ou \nequalização na tensão final das bater ias e não garantem \nque em algumas  bater ias elas r ecebam maior tensão e , \nem outras , menor tensão . Atrav és da Equalização Ativa, \nmantêm-se todas as bater ias com tensão equilibrada.\nProteção c ontr a contaminação de ba terias\nAtrav és da Equalização Ativa individual de cada bater ia, \nevitam-se danos de uma bater ia a outras bater ias \npróximas , o ef eito de contaminação , ou seja, uma bater ia \nruim danifica as boas .\nOtimização da capacidade das ba terias\nGraças à Equalização Ativa, o Equaliz er garante a plena \nrecar ga e a máxima otimização da bater ia.\nAler ta par a substituir ba terias\nAtrav és da análise da cur va de impedância, pode -se \nidentificar a tendência, já na fase inicial de instalação , se \nalguma bater ia está deter iorada ou simplesmente mais \nfraca do que as outras . Quanto antes ef etuar este \ndiag nóstico , melhor será para o r estante da vida útil das \ndemais bater ias.Alarmes de ba teria\nAtrav és do monitoramento dos parâmetr os-chav e das \nbater ias e medições de limites pr eestabelecidos , o \nsistema en via avisos de alar mes automaticamente aos \nadministrador es do sistema.\nManutenção à distância \nO Equaliz er melhora a qualidade do ser viço, fornecendo \nmonitoramento r emoto atrav és da I nternet, VPN ou \noutra r ede, para faz er download de dados em tempo \nreal e acesso ao histór ico da bater ia para análise . \nManutenção sem desligar o sistema\nOs testes de bater ia individuais são possív eis \nremotamente , sem o esf orço para desligar as bater ias. \nAs manutenções e as análises  de bater ia podem ser \nrealizadas em condições r eais de operação , sem a \nnecessidade de paradas no sistema.\nOtimiza a manutenção em campo\nA equipe de manutenção se desloca somente quando \nhá inter venções cor retivas e dir etas na bater ia que \napresentar def eito na ocor rência de alar mes ou na \nanálise de diag nóstico e , é clar o, reduz enor mes custos \noperacionais .\nOSD  N LI A NM EO AC R EM SCISO\n90012015\nAv. Eng .']","A reliable technical support service can significantly improve the user experience in several ways. By providing quick and efficient assistance, users can promptly resolve any issues they encounter, reducing downtime and frustration. Technical support can also offer proactive maintenance, identifying and addressing potential problems before they affect the user. This can result in a more stable and reliable service, enhancing the overall user experience. Additionally, a knowledgeable and friendly support team can help users better understand and utilize the system, further improving their interaction with it.",O suporte técnico eficaz tem implicações significativas na melhoria da experiência do usuário.,0.9999999999,0.0,0.0,0.0,0.7921396029056348,0.7777777777777778,0.43,0.6229089613230905,0.12662337662337664,0.019417475728155338,0.0,0.0,1,0,1,1,1
5,Quais implicações tem um bom suporte técnico na experiência do usuário?,"['TECNOLOGIA  EQUALIZER\nEqualização A tiva Individual das Ba terias\n O módulo de bater ia ativ o regula individualmente a \ntensão de cada bater ia e as mantém homogêneas , \nelevando a sua durabilidade , capacidade e r esistência \ncontra cor rosão e sulfatação .\nEvita e pr otege c ontr a Ex cesso de C arga\nAtrav és da Equalização Ativa as bater ias são pr oteg idas \nindividualmente contra o ex cesso de car ga, pr evenindo -\nas contra exalação de gases , secagem do eletr ólito \ninter no e do aquecimento inter no em ex cesso .\nEvita e pr otege c ontr a Falta de C arga\nA Equalização Ativa individual das bater ias impede que \nas mesmas r ecebam menor tensão que dev eriam, \nevitando -se a sulfatação e a per da de capacidade .\nIndicador de P roblemas da Ba teria\nAtrav és da medição da Tensão , Impedância e \nTemperatura, o sistema monitora os pr oblemas típicos \ndas bater ias, tais como sulfatação , cor rosão , per da de \ngases , secagem do eletr ólito e aquecimento inter no.Elimina a Sulfa tação das Ba terias\nO pr oblema decor re dos car regador es e r etificador es de \nbater ias, que r egulam a tensão de flutuação ou \nequalização na tensão final das bater ias e não garantem \nque em algumas  bater ias elas r ecebam maior tensão e , \nem outras , menor tensão . Atrav és da Equalização Ativa, \nmantêm-se todas as bater ias com tensão equilibrada.\nProteção c ontr a contaminação de ba terias\nAtrav és da Equalização Ativa individual de cada bater ia, \nevitam-se danos de uma bater ia a outras bater ias \npróximas , o ef eito de contaminação , ou seja, uma bater ia \nruim danifica as boas .\nOtimização da capacidade das ba terias\nGraças à Equalização Ativa, o Equaliz er garante a plena \nrecar ga e a máxima otimização da bater ia.\nAler ta par a substituir ba terias\nAtrav és da análise da cur va de impedância, pode -se \nidentificar a tendência, já na fase inicial de instalação , se \nalguma bater ia está deter iorada ou simplesmente mais \nfraca do que as outras . Quanto antes ef etuar este \ndiag nóstico , melhor será para o r estante da vida útil das \ndemais bater ias.Alarmes de ba teria\nAtrav és do monitoramento dos parâmetr os-chav e das \nbater ias e medições de limites pr eestabelecidos , o \nsistema en via avisos de alar mes automaticamente aos \nadministrador es do sistema.\nManutenção à distância \nO Equaliz er melhora a qualidade do ser viço, fornecendo \nmonitoramento r emoto atrav és da I nternet, VPN ou \noutra r ede, para faz er download de dados em tempo \nreal e acesso ao histór ico da bater ia para análise . \nManutenção sem desligar o sistema\nOs testes de bater ia individuais são possív eis \nremotamente , sem o esf orço para desligar as bater ias. \nAs manutenções e as análises  de bater ia podem ser \nrealizadas em condições r eais de operação , sem a \nnecessidade de paradas no sistema.\nOtimiza a manutenção em campo\nA equipe de manutenção se desloca somente quando \nhá inter venções cor retivas e dir etas na bater ia que \napresentar def eito na ocor rência de alar mes ou na \nanálise de diag nóstico e , é clar o, reduz enor mes custos \noperacionais .\nOSD  N LI A NM EO AC R EM SCISO\n90012015\nAv. Eng .', 'Vantagens do C ontrat o de M anut enção \nAtravés do contrat o de manut enção , técnicos e gest ores de manut enção podem r eduzir a deg radação dos seus equipament os, prolongando \no tempo de vida útil e evitando int ervenções cor retivas , que geram cust os elevados e t êm impac tos negativ os.\nn   Supor te técnico por t elefone, durant e 24hs/dia\nn   Minimizar os r iscos e pr ejuíz os de t er um equipament o parado\nn   Prioridade no at endiment o no caso de uma parada \nn Redução da necessidade de manut enção cor retivas em at é 80% e \nconsequent e  redução de cust os\nn  Serviços de cor retivas , quando  inclusos no contrat o \nn Redução de cust o: equipament os com manut enção pr eventiva \nadequada sofr em menos desgast es e, por tanto \ntem sua vida útil ampliada. \nAv. Eng . Alber to de Zagottis , 760 - 04675-085 -  São P aulo - SP\nTel.: (11) 5696-5033 \nwww.cmcomandos .com.br\nSistema de \nSustentabilidade A uditadoIdentifique Nossa E quipe \nUniforme P adrão \nCamisa azul   Calça azul   Crachá  \nPedro\nSuporte Técnico0000000000001Nome:\nRG:\nSetor:João P edro \nMatrícula:\n1111 25.613.810-2\nAssistência Técnica\n1.Uso... \nJOÃO PEDRO \nSuporte Técnico Supor te Técnico\nCall C enter int egrado ao sist ema de gestão ERP\nTécnicos Treinados e Qualificados\nEquipados com I nstrumentação de P onta\nAnalisador de Har mônicos\nAtendiment o 24 horas - 7 dias da semana via C ontrat os\nde M anut enção P reditiva, P reventiva e C orretiva\n  Supor te Pleno de P ré e P ós-V enda\nAmpla cober tura em t odo o paísn   \nn  \nn  \nn  \nn  \nn\nn  \nCM MK T SET 2021  -   As especificações estão sujeitas a alterações sem pr évio aviso . Nós incentivamos a r eciclagem\nAtendiment o em t odo\n o Território Nacional\ncom filiais e r epresentant es nas pr incipais \ncidades e capitais , otimizando o t empo , \ncusto e buscando a ex celência\n na pr estação de ser viços\nEscaneie e saiba mais sobr e o\n contrat o de manut enção \nOSD  N LI A NM EO AC R EMSCISO\n90012015 OSD  N LI A NM EO AC R EMSC']","Adequate technical support can significantly enhance the user experience in several ways. It ensures that any issues or problems with the system are promptly addressed, reducing downtime and increasing productivity. With a competent support team, users can receive guidance on optimizing the system's performance, leading to a more efficient and satisfying user experience.

Additionally, a reliable technical support system instills confidence in users, knowing that they can quickly resolve any challenges they encounter. This assurance can lead to higher user satisfaction and a more positive overall perception of the system.

Furthermore, technical support can provide training and educational resources, enabling users to better understand and utilize the system's features. This empowerment can result in a more engaging and rewarding user experience.

Lastly, a robust technical support system can help prevent minor issues from escalating into major problems, ensuring smooth and uninterrupted operation of the system. This stability contributes to a positive user experience by minimizing frustration and promoting a seamless interaction with the system.","Um bom suporte técnico tem implicações positivas na experiência do usuário, pois pode oferecer soluções rápidas e eficazes para problemas, aumentando a satisfação e a confiança do cliente.",0.0,0.0,0.0,0.0,0.8692197441993089,0.625,0.52,0.6820159183649048,0.12886597938144329,0.039603960396039604,0.0,0.0,1,0,1,1,1
6,Como o sistema Paralelo Multi Ativo muda a confiabilidade dos no-breaks?,"['SISTEMA PARALELO MULTI ATIVO (EXCLUSIVO CM COMANDOS)\nA CM Comandos Lineares desenvolveu um sistema inovador e pioneiro no mundo de paralelismo entre no-breaks. O sistema \nParalelo Multi Ativo permite a expansão do sistema, de acordo com sua demanda de consumo, podendo paralelar quantas \nunidades forem necessárias para atender sua demanda, elevando a capacidade do sistema e a confiabilidade de sua aplicação.\nPOSSIBILIDADE DE SOMATÓRIA DE  POTÊNCIAS\nPermite a ligação para somatória de potência, utilizando dois ou mais \nNo-Breaks para atingir a demanda da carga total.\nQuando utilizado para somatória de potência, possibilita a ligação de \nNo-Breaks com potências diferentes. Quando a ligação for feita com \nNo-Breaks de potências diferentes, a carga será distribuída \nproporcionalmente. Permite a ligação em paralelo redundante N + 1,  N + 2, N + 3 … N+X,  \npossibilitando o desligamento de uma ou mais unidades, mantendo a \ncarga ativa.\nA comunicação entre os No-Breaks consiste no barramento de \ncomunicação comum, por onde transitam informações \ncontendo nível de carga, sincronismo e a condição do by pass.COMUNICAÇÃO ENTRE OS NO-BREAKSTodos os No-Breaks são autônomos, operam de forma \nindependente no sistema e possuem controle individual.NÃO EXISTE NO-BREAK MESTRE OU ESCRAVOPodem ser paraleladas quantas unidades forem necessárias, \npossibilitando expansão do sistema, de acordo com a demanda \nde consumo.QUANTIDADE ILIMITADA PARA PARALELISMO\nPARALELISMO DO BANCO DE BATERIAS\nPermite paralelismo dos bancos de baterias (quando forem de \nmesma tensão nominal).MANUTENÇÃO DO NO-BREAK\nPermite a inserção ou retirada de um No-Break no sistema, sem a \nnecessidade de parada.INTERFACES  DE  SHUTDOWN  E GERENCIAMENTO  REMOTO\nRede Elétric a\nde Entr ada\nSaídaNo-break 1\n Potência \nde 60 kV ANo-break 2\nPotência de \n100 kV ANo-break 3\nPotência de \n20 kV A\nCarga fornecida pelo sistema = 410 kV ANo-break 4\nPotência de \n30 kV ANo-break 5\nPotência de \n80 kV ANo-break 6\nPotência de \n120 kV ARede L ocal Ether netA   Inter face de Ger enciamento \n     \nC  Inter face Shutdown \n     Client \n     LANB  Inter face Shutdown \n     D   Inter face de Ger enciamento Remoto \n  \nE  Adaptador SNMP\n     \nF  Client Shutdown\nG Estação Remota\n    Sof tware com \n    conexão à I nter netMultisser vidor es\nMultiplataf ormas\nMulti-S.O .Porta M icroprocessada DB9\nPorta Contato Seco DB9\nRede Ethernet RJ45', 'S I S T E M A PA R A L E L O M U LT I AT I V O ( E X C L U S I V O C M C O M A N D O S )\nA CM Comandos Lineares desenvolveu um sistema inovador e pioneiro no mundo de paralelismo entre No Breaks. O sistema Paralelo \nMulti Ativo permite a expansão do sistema, de acordo com sua demanda de consumo, podendo paralelar quantas unidades forem \nnecessárias para atender sua demanda, elevando a capacidade do sistema e a confiabilidade de sua aplicação.\nP O S S I B I L I D A D E D E S O M A T Ó R I A D E  P O T Ê N C I A S\nPermite a ligação para somatória de potência, utilizando dois ou mais No \nBreaks para atingir a demanda da carga total.\nQuando utilizado para somatória de potência, possibilita a ligação de \nNo Breaks com potências diferentes. Quando a ligação for feita com No \nBreaks de potências diferentes, a carga será distribuída \nproporcionalmente. Permite a ligação em paralelo redundante N + 1,  N + 2, N + 3 … N+X,  \npossibilitando o desligamento de uma ou mais unidades mantendo a \ncarga ativa.L I G A Ç Ã O E M P A R A L E L O R E D U N D A N T E\nA comunicação entre os No Breaks consiste no barramento de \ncomunicação comum, por onde transitam informações contendo \nnível de carga, sincronismo e a condição do by pass.C O M U N I C A Ç Ã O E N T R E O S N O B R E A K STodos os No Breaks são autônomos, operam de forma \nindependente no sistema e possuem controle individual.N Ã O E X I S T E N O B R E A K M E S T R E O U E S C R A V OPodem ser paraleladas quantas unidades forem necessárias, \npossibilitando expansão do sistema, de acordo com a demanda de \nconsumo.Q U A N T I D A D E I L I M I T A D A P A R A P A R A L E L I S M O\nM A N U T E N Ç Ã O D O N O B R E A K\nPermite a inserção ou retirada de um No Break no sistema, sem a \nnecessidade de parada.Rede Elétrica\nde Entrada\nSaídaNo Break 1\n Potência de \n30 kVANo Break 2\nPotência de \n10 kVANo Break 3\nPotência de \n20 kVA\nCarga fornecida pelo sistema = 150 kVANo Break 4\nPotência de \n30 kVANo Break 5\nPotência de \n20 kVANo Break 6\nPotência de \n40 kVA\nINTERFACES DE \nGERENCIAMENTO   \nREMOTO\nSão compostas por diversas ferramentas. O \nAdaptador SNMP NetMate permite\ngerenciar remotamente o No Break via a \nInternet através de um web browser,\nmonitorar o status e enviar alertas por e-mail. \nO software IP Power é uma ferramenta de \ngerenciamento  Windows Application e a \nversão Client é específica para  automatizar o \nshutdown de servidores, podendo desligar \nautomática e simultaneamente vários\ns e r v i d o r e s  e  e s t a ç õ e s .\nO Adaptador ArmModbus permite integrar \no  N o  B r e a k ,  v i a  u m a  p o r t a\nRS485, a Sistemas de Automação Predial.']","The Parallel Multi Active system developed by CM Comandos Lineares enhances the reliability of the no-breaks by allowing the expansion of the system according to the consumption demand. It can parallel as many units as necessary to meet the demand, thereby increasing the system's capacity and reliability. Additionally, it enables the summation of powers, allowing the connection of no-breaks with different power ratings, which distributes the load proportionally. This redundant paralleling N+1, N+2, N+3 ... N+X also allows the system to keep the load active even if one or more units are turned off. The communication between no-breaks is facilitated through a common communication bus, which shares information about load level, synchronism, and bypass condition. Each no-break operates independently and has individual control, ensuring that there is no master or slave relationship among them. This system allows for an unlimited number of no-breaks to be paralleled, enabling seamless insertion or removal of a no-break without requiring system shutdown.","O sistema Paralelo Multi Ativo muda a confiabilidade dos no-breaks ao permitir a expansão do sistema de acordo com a demanda de consumo, elevando a capacidade do sistema e a confiabilidade de sua aplicação.",0.99999999995,1.0,0.0,0.7777777777777778,0.8573049758113047,1.0,0.24,0.7166880271590776,0.14957666980244588,0.048780487804878044,0.0,0.0,0,0,1,1,0
7,De que forma o sistema Paralelo Multi Ativo da CM Comandos Lineares ajuda na expanção e confiabilidade em aplicaçõe que precisam de no-breaks?,"['SISTEMA PARALELO MULTI ATIVO (EXCLUSIVO CM COMANDOS)\nA CM Comandos Lineares desenvolveu um sistema inovador e pioneiro no mundo de paralelismo entre no-breaks. O sistema \nParalelo Multi Ativo permite a expansão do sistema, de acordo com sua demanda de consumo, podendo paralelar quantas \nunidades forem necessárias para atender sua demanda, elevando a capacidade do sistema e a confiabilidade de sua aplicação.\nPOSSIBILIDADE DE SOMATÓRIA DE  POTÊNCIAS\nPermite a ligação para somatória de potência, utilizando dois ou mais \nNo-Breaks para atingir a demanda da carga total.\nQuando utilizado para somatória de potência, possibilita a ligação de \nNo-Breaks com potências diferentes. Quando a ligação for feita com \nNo-Breaks de potências diferentes, a carga será distribuída \nproporcionalmente. Permite a ligação em paralelo redundante N + 1,  N + 2, N + 3 … N+X,  \npossibilitando o desligamento de uma ou mais unidades, mantendo a \ncarga ativa.\nA comunicação entre os No-Breaks consiste no barramento de \ncomunicação comum, por onde transitam informações \ncontendo nível de carga, sincronismo e a condição do by pass.COMUNICAÇÃO ENTRE OS NO-BREAKSTodos os No-Breaks são autônomos, operam de forma \nindependente no sistema e possuem controle individual.NÃO EXISTE NO-BREAK MESTRE OU ESCRAVOPodem ser paraleladas quantas unidades forem necessárias, \npossibilitando expansão do sistema, de acordo com a demanda \nde consumo.QUANTIDADE ILIMITADA PARA PARALELISMO\nPARALELISMO DO BANCO DE BATERIAS\nPermite paralelismo dos bancos de baterias (quando forem de \nmesma tensão nominal).MANUTENÇÃO DO NO-BREAK\nPermite a inserção ou retirada de um No-Break no sistema, sem a \nnecessidade de parada.INTERFACES  DE  SHUTDOWN  E GERENCIAMENTO  REMOTO\nRede Elétric a\nde Entr ada\nSaídaNo-break 1\n Potência \nde 60 kV ANo-break 2\nPotência de \n100 kV ANo-break 3\nPotência de \n20 kV A\nCarga fornecida pelo sistema = 410 kV ANo-break 4\nPotência de \n30 kV ANo-break 5\nPotência de \n80 kV ANo-break 6\nPotência de \n120 kV ARede L ocal Ether netA   Inter face de Ger enciamento \n     \nC  Inter face Shutdown \n     Client \n     LANB  Inter face Shutdown \n     D   Inter face de Ger enciamento Remoto \n  \nE  Adaptador SNMP\n     \nF  Client Shutdown\nG Estação Remota\n    Sof tware com \n    conexão à I nter netMultisser vidor es\nMultiplataf ormas\nMulti-S.O .Porta M icroprocessada DB9\nPorta Contato Seco DB9\nRede Ethernet RJ45', 'S I S T E M A PA R A L E L O M U LT I AT I V O ( E X C L U S I V O C M C O M A N D O S )\nA CM Comandos Lineares desenvolveu um sistema inovador e pioneiro no mundo de paralelismo entre No Breaks. O sistema Paralelo \nMulti Ativo permite a expansão do sistema, de acordo com sua demanda de consumo, podendo paralelar quantas unidades forem \nnecessárias para atender sua demanda, elevando a capacidade do sistema e a confiabilidade de sua aplicação.\nP O S S I B I L I D A D E D E S O M A T Ó R I A D E  P O T Ê N C I A S\nPermite a ligação para somatória de potência, utilizando dois ou mais No \nBreaks para atingir a demanda da carga total.\nQuando utilizado para somatória de potência, possibilita a ligação de \nNo Breaks com potências diferentes. Quando a ligação for feita com No \nBreaks de potências diferentes, a carga será distribuída \nproporcionalmente. Permite a ligação em paralelo redundante N + 1,  N + 2, N + 3 … N+X,  \npossibilitando o desligamento de uma ou mais unidades mantendo a \ncarga ativa.L I G A Ç Ã O E M P A R A L E L O R E D U N D A N T E\nA comunicação entre os No Breaks consiste no barramento de \ncomunicação comum, por onde transitam informações contendo \nnível de carga, sincronismo e a condição do by pass.C O M U N I C A Ç Ã O E N T R E O S N O B R E A K STodos os No Breaks são autônomos, operam de forma \nindependente no sistema e possuem controle individual.N Ã O E X I S T E N O B R E A K M E S T R E O U E S C R A V OPodem ser paraleladas quantas unidades forem necessárias, \npossibilitando expansão do sistema, de acordo com a demanda de \nconsumo.Q U A N T I D A D E I L I M I T A D A P A R A P A R A L E L I S M O\nM A N U T E N Ç Ã O D O N O B R E A K\nPermite a inserção ou retirada de um No Break no sistema, sem a \nnecessidade de parada.Rede Elétrica\nde Entrada\nSaídaNo Break 1\n Potência de \n30 kVANo Break 2\nPotência de \n10 kVANo Break 3\nPotência de \n20 kVA\nCarga fornecida pelo sistema = 150 kVANo Break 4\nPotência de \n30 kVANo Break 5\nPotência de \n20 kVANo Break 6\nPotência de \n40 kVA\nINTERFACES DE \nGERENCIAMENTO   \nREMOTO\nSão compostas por diversas ferramentas. O \nAdaptador SNMP NetMate permite\ngerenciar remotamente o No Break via a \nInternet através de um web browser,\nmonitorar o status e enviar alertas por e-mail. \nO software IP Power é uma ferramenta de \ngerenciamento  Windows Application e a \nversão Client é específica para  automatizar o \nshutdown de servidores, podendo desligar \nautomática e simultaneamente vários\ns e r v i d o r e s  e  e s t a ç õ e s .\nO Adaptador ArmModbus permite integrar \no  N o  B r e a k ,  v i a  u m a  p o r t a\nRS485, a Sistemas de Automação Predial.']","The Parallel Multi Active system developed by CM Comandos Lineares allows for the expansion of the system according to the demand of consumption, enabling the paralleling of as many units as necessary to meet the demand. This increases the system's capacity and reliability in applications that require no-breaks. It also allows for the summation of powers, where two or more no-breaks can be connected to reach the total load demand. This feature permits the connection of no-breaks with different powers, distributing the load proportionally. Additionally, it supports redundant parallel N+1, N+2, N+3...N+X connections, allowing for the disconnection of one or more units while keeping the load active. The communication between no-breaks is facilitated through a common communication bus, transmitting information about the load level, synchronism, and bypass condition. Each no-break operates independently with individual control, and there is no master or slave relationship between them. The system allows for an unlimited quantity of no-breaks to be paralleled, enabling system expansion according to the demand of consumption. Maintenance of a no-break can be performed without requiring system shutdown.","O sistema Paralelo Multi Ativo da CM Comandos Lineares ajuda na expansão e confiabilidade em aplicações que precisam de no-breaks, permitindo a paralelização de quantas unidades forem necessárias para atender a demanda de consumo.",0.99999999995,1.0,0.3333333322222222,0.75,0.7528101351443941,1.0,0.44,0.7241377919124676,0.1540362438220758,0.06986899563318777,0.0,0.0,1,0,1,1,0
8,impacto somatória potências No-Breaks eficiência confiabilidade energia sistemas críticos,"['S I S T E M A PA R A L E L O M U LT I AT I V O ( E X C L U S I V O C M C O M A N D O S )\nA CM Comandos Lineares desenvolveu um sistema inovador e pioneiro no mundo de paralelismo entre No Breaks. O sistema Paralelo \nMulti Ativo permite a expansão do sistema, de acordo com sua demanda de consumo, podendo paralelar quantas unidades forem \nnecessárias para atender sua demanda, elevando a capacidade do sistema e a confiabilidade de sua aplicação.\nP O S S I B I L I D A D E D E S O M A T Ó R I A D E  P O T Ê N C I A S\nPermite a ligação para somatória de potência, utilizando dois ou mais No \nBreaks para atingir a demanda da carga total.\nQuando utilizado para somatória de potência, possibilita a ligação de \nNo Breaks com potências diferentes. Quando a ligação for feita com No \nBreaks de potências diferentes, a carga será distribuída \nproporcionalmente. Permite a ligação em paralelo redundante N + 1,  N + 2, N + 3 … N+X,  \npossibilitando o desligamento de uma ou mais unidades mantendo a \ncarga ativa.L I G A Ç Ã O E M P A R A L E L O R E D U N D A N T E\nA comunicação entre os No Breaks consiste no barramento de \ncomunicação comum, por onde transitam informações contendo \nnível de carga, sincronismo e a condição do by pass.C O M U N I C A Ç Ã O E N T R E O S N O B R E A K STodos os No Breaks são autônomos, operam de forma \nindependente no sistema e possuem controle individual.N Ã O E X I S T E N O B R E A K M E S T R E O U E S C R A V OPodem ser paraleladas quantas unidades forem necessárias, \npossibilitando expansão do sistema, de acordo com a demanda de \nconsumo.Q U A N T I D A D E I L I M I T A D A P A R A P A R A L E L I S M O\nM A N U T E N Ç Ã O D O N O B R E A K\nPermite a inserção ou retirada de um No Break no sistema, sem a \nnecessidade de parada.Rede Elétrica\nde Entrada\nSaídaNo Break 1\n Potência de \n30 kVANo Break 2\nPotência de \n10 kVANo Break 3\nPotência de \n20 kVA\nCarga fornecida pelo sistema = 150 kVANo Break 4\nPotência de \n30 kVANo Break 5\nPotência de \n20 kVANo Break 6\nPotência de \n40 kVA\nINTERFACES DE \nGERENCIAMENTO   \nREMOTO\nSão compostas por diversas ferramentas. O \nAdaptador SNMP NetMate permite\ngerenciar remotamente o No Break via a \nInternet através de um web browser,\nmonitorar o status e enviar alertas por e-mail. \nO software IP Power é uma ferramenta de \ngerenciamento  Windows Application e a \nversão Client é específica para  automatizar o \nshutdown de servidores, podendo desligar \nautomática e simultaneamente vários\ns e r v i d o r e s  e  e s t a ç õ e s .\nO Adaptador ArmModbus permite integrar \no  N o  B r e a k ,  v i a  u m a  p o r t a\nRS485, a Sistemas de Automação Predial.', 'SISTEMA PARALELO MULTI ATIVO (EXCLUSIVO CM COMANDOS)\nA CM Comandos Lineares desenvolveu um sistema inovador e pioneiro no mundo de paralelismo entre no-breaks. O sistema \nParalelo Multi Ativo permite a expansão do sistema, de acordo com sua demanda de consumo, podendo paralelar quantas \nunidades forem necessárias para atender sua demanda, elevando a capacidade do sistema e a confiabilidade de sua aplicação.\nPOSSIBILIDADE DE SOMATÓRIA DE  POTÊNCIAS\nPermite a ligação para somatória de potência, utilizando dois ou mais \nNo-Breaks para atingir a demanda da carga total.\nQuando utilizado para somatória de potência, possibilita a ligação de \nNo-Breaks com potências diferentes. Quando a ligação for feita com \nNo-Breaks de potências diferentes, a carga será distribuída \nproporcionalmente. Permite a ligação em paralelo redundante N + 1,  N + 2, N + 3 … N+X,  \npossibilitando o desligamento de uma ou mais unidades, mantendo a \ncarga ativa.\nA comunicação entre os No-Breaks consiste no barramento de \ncomunicação comum, por onde transitam informações \ncontendo nível de carga, sincronismo e a condição do by pass.COMUNICAÇÃO ENTRE OS NO-BREAKSTodos os No-Breaks são autônomos, operam de forma \nindependente no sistema e possuem controle individual.NÃO EXISTE NO-BREAK MESTRE OU ESCRAVOPodem ser paraleladas quantas unidades forem necessárias, \npossibilitando expansão do sistema, de acordo com a demanda \nde consumo.QUANTIDADE ILIMITADA PARA PARALELISMO\nPARALELISMO DO BANCO DE BATERIAS\nPermite paralelismo dos bancos de baterias (quando forem de \nmesma tensão nominal).MANUTENÇÃO DO NO-BREAK\nPermite a inserção ou retirada de um No-Break no sistema, sem a \nnecessidade de parada.INTERFACES  DE  SHUTDOWN  E GERENCIAMENTO  REMOTO\nRede Elétric a\nde Entr ada\nSaídaNo-break 1\n Potência \nde 60 kV ANo-break 2\nPotência de \n100 kV ANo-break 3\nPotência de \n20 kV A\nCarga fornecida pelo sistema = 410 kV ANo-break 4\nPotência de \n30 kV ANo-break 5\nPotência de \n80 kV ANo-break 6\nPotência de \n120 kV ARede L ocal Ether netA   Inter face de Ger enciamento \n     \nC  Inter face Shutdown \n     Client \n     LANB  Inter face Shutdown \n     D   Inter face de Ger enciamento Remoto \n  \nE  Adaptador SNMP\n     \nF  Client Shutdown\nG Estação Remota\n    Sof tware com \n    conexão à I nter netMultisser vidor es\nMultiplataf ormas\nMulti-S.O .Porta M icroprocessada DB9\nPorta Contato Seco DB9\nRede Ethernet RJ45']","The system of Parallel Multi Active No-Breaks developed by CM Comandos Lineares allows for the expansion of the system according to the demand of consumption, enabling the paralleling of as many units as necessary to meet the demand. This increases the system's capacity and reliability for critical applications. The possibility of potency summation enables the connection of two or more No-Breaks to reach the total load demand. It also allows for the connection of No-Breaks with different potencies, distributing the load proportionally. This redundant parallel N + 1, N + 2, N + 3 ... N+X connection allows for the shutdown of one or more units while keeping the load active. The communication between No-Breaks is through a common communication bus, where information such as load level, synchronism, and bypass condition is transmitted. This ensures the autonomy, independence, and individual control of each No-Break, increasing the overall efficiency and reliability of the system, especially for critical energy applications.","A somatória de potências em No-Breaks permite a ligação de múltiplas unidades para atender à demanda total da carga, aumentando a eficiência e confiabilidade dos sistemas críticos.",0.99999999995,1.0,0.0,0.6153846153846154,0.5033724748475984,0.8461538461538461,0.5,0.7204514405139333,0.1342995169082125,0.041237113402061855,0.0,0.0,1,1,1,1,1
9,De que maneira a posibilidade de somatoria de potencias em No-Breaks impacta a distribuiçao de carga e a redudancia no sistema?,"['S I S T E M A PA R A L E L O M U LT I AT I V O ( E X C L U S I V O C M C O M A N D O S )\nA CM Comandos Lineares desenvolveu um sistema inovador e pioneiro no mundo de paralelismo entre No Breaks. O sistema Paralelo \nMulti Ativo permite a expansão do sistema, de acordo com sua demanda de consumo, podendo paralelar quantas unidades forem \nnecessárias para atender sua demanda, elevando a capacidade do sistema e a confiabilidade de sua aplicação.\nP O S S I B I L I D A D E D E S O M A T Ó R I A D E  P O T Ê N C I A S\nPermite a ligação para somatória de potência, utilizando dois ou mais No \nBreaks para atingir a demanda da carga total.\nQuando utilizado para somatória de potência, possibilita a ligação de \nNo Breaks com potências diferentes. Quando a ligação for feita com No \nBreaks de potências diferentes, a carga será distribuída \nproporcionalmente. Permite a ligação em paralelo redundante N + 1,  N + 2, N + 3 … N+X,  \npossibilitando o desligamento de uma ou mais unidades mantendo a \ncarga ativa.L I G A Ç Ã O E M P A R A L E L O R E D U N D A N T E\nA comunicação entre os No Breaks consiste no barramento de \ncomunicação comum, por onde transitam informações contendo \nnível de carga, sincronismo e a condição do by pass.C O M U N I C A Ç Ã O E N T R E O S N O B R E A K STodos os No Breaks são autônomos, operam de forma \nindependente no sistema e possuem controle individual.N Ã O E X I S T E N O B R E A K M E S T R E O U E S C R A V OPodem ser paraleladas quantas unidades forem necessárias, \npossibilitando expansão do sistema, de acordo com a demanda de \nconsumo.Q U A N T I D A D E I L I M I T A D A P A R A P A R A L E L I S M O\nM A N U T E N Ç Ã O D O N O B R E A K\nPermite a inserção ou retirada de um No Break no sistema, sem a \nnecessidade de parada.Rede Elétrica\nde Entrada\nSaídaNo Break 1\n Potência de \n30 kVANo Break 2\nPotência de \n10 kVANo Break 3\nPotência de \n20 kVA\nCarga fornecida pelo sistema = 150 kVANo Break 4\nPotência de \n30 kVANo Break 5\nPotência de \n20 kVANo Break 6\nPotência de \n40 kVA\nINTERFACES DE \nGERENCIAMENTO   \nREMOTO\nSão compostas por diversas ferramentas. O \nAdaptador SNMP NetMate permite\ngerenciar remotamente o No Break via a \nInternet através de um web browser,\nmonitorar o status e enviar alertas por e-mail. \nO software IP Power é uma ferramenta de \ngerenciamento  Windows Application e a \nversão Client é específica para  automatizar o \nshutdown de servidores, podendo desligar \nautomática e simultaneamente vários\ns e r v i d o r e s  e  e s t a ç õ e s .\nO Adaptador ArmModbus permite integrar \no  N o  B r e a k ,  v i a  u m a  p o r t a\nRS485, a Sistemas de Automação Predial.', 'SISTEMA PARALELO MULTI ATIVO (EXCLUSIVO CM COMANDOS)\nA CM Comandos Lineares desenvolveu um sistema inovador e pioneiro no mundo de paralelismo entre no-breaks. O sistema \nParalelo Multi Ativo permite a expansão do sistema, de acordo com sua demanda de consumo, podendo paralelar quantas \nunidades forem necessárias para atender sua demanda, elevando a capacidade do sistema e a confiabilidade de sua aplicação.\nPOSSIBILIDADE DE SOMATÓRIA DE  POTÊNCIAS\nPermite a ligação para somatória de potência, utilizando dois ou mais \nNo-Breaks para atingir a demanda da carga total.\nQuando utilizado para somatória de potência, possibilita a ligação de \nNo-Breaks com potências diferentes. Quando a ligação for feita com \nNo-Breaks de potências diferentes, a carga será distribuída \nproporcionalmente. Permite a ligação em paralelo redundante N + 1,  N + 2, N + 3 … N+X,  \npossibilitando o desligamento de uma ou mais unidades, mantendo a \ncarga ativa.\nA comunicação entre os No-Breaks consiste no barramento de \ncomunicação comum, por onde transitam informações \ncontendo nível de carga, sincronismo e a condição do by pass.COMUNICAÇÃO ENTRE OS NO-BREAKSTodos os No-Breaks são autônomos, operam de forma \nindependente no sistema e possuem controle individual.NÃO EXISTE NO-BREAK MESTRE OU ESCRAVOPodem ser paraleladas quantas unidades forem necessárias, \npossibilitando expansão do sistema, de acordo com a demanda \nde consumo.QUANTIDADE ILIMITADA PARA PARALELISMO\nPARALELISMO DO BANCO DE BATERIAS\nPermite paralelismo dos bancos de baterias (quando forem de \nmesma tensão nominal).MANUTENÇÃO DO NO-BREAK\nPermite a inserção ou retirada de um No-Break no sistema, sem a \nnecessidade de parada.INTERFACES  DE  SHUTDOWN  E GERENCIAMENTO  REMOTO\nRede Elétric a\nde Entr ada\nSaídaNo-break 1\n Potência \nde 60 kV ANo-break 2\nPotência de \n100 kV ANo-break 3\nPotência de \n20 kV A\nCarga fornecida pelo sistema = 410 kV ANo-break 4\nPotência de \n30 kV ANo-break 5\nPotência de \n80 kV ANo-break 6\nPotência de \n120 kV ARede L ocal Ether netA   Inter face de Ger enciamento \n     \nC  Inter face Shutdown \n     Client \n     LANB  Inter face Shutdown \n     D   Inter face de Ger enciamento Remoto \n  \nE  Adaptador SNMP\n     \nF  Client Shutdown\nG Estação Remota\n    Sof tware com \n    conexão à I nter netMultisser vidor es\nMultiplataf ormas\nMulti-S.O .Porta M icroprocessada DB9\nPorta Contato Seco DB9\nRede Ethernet RJ45']","The possibility of power summation in No-Breaks allows for the distribution of load to be proportional when connecting No-Breaks with different power ratings. This feature enables the connection of No-Breaks in a redundant parallel setup, such as N + 1, N + 2, N + 3 ... N+X, which permits the system to continue operating even if one or more units are turned off, maintaining an active load. The communication between No-Breaks is facilitated through a common communication bus, which transmits information about the load level, synchronism, and bypass condition. This ensures that all No-Breaks operate independently and have individual control, without a master or slave configuration. The system can parallel as many units as required, allowing for expansion based on consumption demand. Additionally, the power summation feature enables the paralleling of battery banks with the same nominal voltage, and allows for the insertion or removal of a No-Break from the system without the need for a shutdown.","A possibilidade de somatória de potências em No-Breaks impacta a distribuição de carga ao permitir a ligação de No-Breaks com potências diferentes, distribuindo a carga proporcionalmente e possibilitando redundância no sistema.",0.99999999995,1.0,0.0,0.8,0.706559954108196,1.0,0.2,0.7483059509482268,0.17162698412698407,0.07999999999999999,0.0,0.0,0,1,1,1,0
10,como comunicação No Breaks influencia autonomia controle sistema,"['S I S T E M A PA R A L E L O M U LT I AT I V O ( E X C L U S I V O C M C O M A N D O S )\nA CM Comandos Lineares desenvolveu um sistema inovador e pioneiro no mundo de paralelismo entre No Breaks. O sistema Paralelo \nMulti Ativo permite a expansão do sistema, de acordo com sua demanda de consumo, podendo paralelar quantas unidades forem \nnecessárias para atender sua demanda, elevando a capacidade do sistema e a confiabilidade de sua aplicação.\nP O S S I B I L I D A D E D E S O M A T Ó R I A D E  P O T Ê N C I A S\nPermite a ligação para somatória de potência, utilizando dois ou mais No \nBreaks para atingir a demanda da carga total.\nQuando utilizado para somatória de potência, possibilita a ligação de \nNo Breaks com potências diferentes. Quando a ligação for feita com No \nBreaks de potências diferentes, a carga será distribuída \nproporcionalmente. Permite a ligação em paralelo redundante N + 1,  N + 2, N + 3 … N+X,  \npossibilitando o desligamento de uma ou mais unidades mantendo a \ncarga ativa.L I G A Ç Ã O E M P A R A L E L O R E D U N D A N T E\nA comunicação entre os No Breaks consiste no barramento de \ncomunicação comum, por onde transitam informações contendo \nnível de carga, sincronismo e a condição do by pass.C O M U N I C A Ç Ã O E N T R E O S N O B R E A K STodos os No Breaks são autônomos, operam de forma \nindependente no sistema e possuem controle individual.N Ã O E X I S T E N O B R E A K M E S T R E O U E S C R A V OPodem ser paraleladas quantas unidades forem necessárias, \npossibilitando expansão do sistema, de acordo com a demanda de \nconsumo.Q U A N T I D A D E I L I M I T A D A P A R A P A R A L E L I S M O\nM A N U T E N Ç Ã O D O N O B R E A K\nPermite a inserção ou retirada de um No Break no sistema, sem a \nnecessidade de parada.Rede Elétrica\nde Entrada\nSaídaNo Break 1\n Potência de \n30 kVANo Break 2\nPotência de \n10 kVANo Break 3\nPotência de \n20 kVA\nCarga fornecida pelo sistema = 150 kVANo Break 4\nPotência de \n30 kVANo Break 5\nPotência de \n20 kVANo Break 6\nPotência de \n40 kVA\nINTERFACES DE \nGERENCIAMENTO   \nREMOTO\nSão compostas por diversas ferramentas. O \nAdaptador SNMP NetMate permite\ngerenciar remotamente o No Break via a \nInternet através de um web browser,\nmonitorar o status e enviar alertas por e-mail. \nO software IP Power é uma ferramenta de \ngerenciamento  Windows Application e a \nversão Client é específica para  automatizar o \nshutdown de servidores, podendo desligar \nautomática e simultaneamente vários\ns e r v i d o r e s  e  e s t a ç õ e s .\nO Adaptador ArmModbus permite integrar \no  N o  B r e a k ,  v i a  u m a  p o r t a\nRS485, a Sistemas de Automação Predial.', 'SISTEMA PARALELO MULTI ATIVO (EXCLUSIVO CM COMANDOS)\nA CM Comandos Lineares desenvolveu um sistema inovador e pioneiro no mundo de paralelismo entre no-breaks. O sistema \nParalelo Multi Ativo permite a expansão do sistema, de acordo com sua demanda de consumo, podendo paralelar quantas \nunidades forem necessárias para atender sua demanda, elevando a capacidade do sistema e a confiabilidade de sua aplicação.\nPOSSIBILIDADE DE SOMATÓRIA DE  POTÊNCIAS\nPermite a ligação para somatória de potência, utilizando dois ou mais \nNo-Breaks para atingir a demanda da carga total.\nQuando utilizado para somatória de potência, possibilita a ligação de \nNo-Breaks com potências diferentes. Quando a ligação for feita com \nNo-Breaks de potências diferentes, a carga será distribuída \nproporcionalmente. Permite a ligação em paralelo redundante N + 1,  N + 2, N + 3 … N+X,  \npossibilitando o desligamento de uma ou mais unidades, mantendo a \ncarga ativa.\nA comunicação entre os No-Breaks consiste no barramento de \ncomunicação comum, por onde transitam informações \ncontendo nível de carga, sincronismo e a condição do by pass.COMUNICAÇÃO ENTRE OS NO-BREAKSTodos os No-Breaks são autônomos, operam de forma \nindependente no sistema e possuem controle individual.NÃO EXISTE NO-BREAK MESTRE OU ESCRAVOPodem ser paraleladas quantas unidades forem necessárias, \npossibilitando expansão do sistema, de acordo com a demanda \nde consumo.QUANTIDADE ILIMITADA PARA PARALELISMO\nPARALELISMO DO BANCO DE BATERIAS\nPermite paralelismo dos bancos de baterias (quando forem de \nmesma tensão nominal).MANUTENÇÃO DO NO-BREAK\nPermite a inserção ou retirada de um No-Break no sistema, sem a \nnecessidade de parada.INTERFACES  DE  SHUTDOWN  E GERENCIAMENTO  REMOTO\nRede Elétric a\nde Entr ada\nSaídaNo-break 1\n Potência \nde 60 kV ANo-break 2\nPotência de \n100 kV ANo-break 3\nPotência de \n20 kV A\nCarga fornecida pelo sistema = 410 kV ANo-break 4\nPotência de \n30 kV ANo-break 5\nPotência de \n80 kV ANo-break 6\nPotência de \n120 kV ARede L ocal Ether netA   Inter face de Ger enciamento \n     \nC  Inter face Shutdown \n     Client \n     LANB  Inter face Shutdown \n     D   Inter face de Ger enciamento Remoto \n  \nE  Adaptador SNMP\n     \nF  Client Shutdown\nG Estação Remota\n    Sof tware com \n    conexão à I nter netMultisser vidor es\nMultiplataf ormas\nMulti-S.O .Porta M icroprocessada DB9\nPorta Contato Seco DB9\nRede Ethernet RJ45']","The communication between No-Breaks is facilitated through a common communication bus, which transmits information related to the load level, synchronism, and bypass condition. This communication system allows the No-Breaks to operate autonomously and independently, while still maintaining coordination and allowing for features such as load distribution when connecting No-Breaks with different power ratings, and redundant paralleling N+1, N+2, N+3...N+X, which permits the disconnection of one or more units while keeping the load active. This communication system is essential for maintaining the system's reliability and efficiency, as it enables seamless integration and coordination between the No-Breaks in the parallel multi-active system.","A comunicação entre os No Breaks influencia a autonomia e o controle do sistema, pois cada No Break opera de forma independente e possui controle individual.",0.99999999995,1.0,0.3333333322222222,0.6153846153846154,0.6303463642706607,0.75,0.17,0.6401514309269426,0.16154873164218964,0.07246376811594203,0.0,0.0,1,1,1,1,1
11,como comunicação entre No Breaks afeta autonomia controle sistema,"['S I S T E M A PA R A L E L O M U LT I AT I V O ( E X C L U S I V O C M C O M A N D O S )\nA CM Comandos Lineares desenvolveu um sistema inovador e pioneiro no mundo de paralelismo entre No Breaks. O sistema Paralelo \nMulti Ativo permite a expansão do sistema, de acordo com sua demanda de consumo, podendo paralelar quantas unidades forem \nnecessárias para atender sua demanda, elevando a capacidade do sistema e a confiabilidade de sua aplicação.\nP O S S I B I L I D A D E D E S O M A T Ó R I A D E  P O T Ê N C I A S\nPermite a ligação para somatória de potência, utilizando dois ou mais No \nBreaks para atingir a demanda da carga total.\nQuando utilizado para somatória de potência, possibilita a ligação de \nNo Breaks com potências diferentes. Quando a ligação for feita com No \nBreaks de potências diferentes, a carga será distribuída \nproporcionalmente. Permite a ligação em paralelo redundante N + 1,  N + 2, N + 3 … N+X,  \npossibilitando o desligamento de uma ou mais unidades mantendo a \ncarga ativa.L I G A Ç Ã O E M P A R A L E L O R E D U N D A N T E\nA comunicação entre os No Breaks consiste no barramento de \ncomunicação comum, por onde transitam informações contendo \nnível de carga, sincronismo e a condição do by pass.C O M U N I C A Ç Ã O E N T R E O S N O B R E A K STodos os No Breaks são autônomos, operam de forma \nindependente no sistema e possuem controle individual.N Ã O E X I S T E N O B R E A K M E S T R E O U E S C R A V OPodem ser paraleladas quantas unidades forem necessárias, \npossibilitando expansão do sistema, de acordo com a demanda de \nconsumo.Q U A N T I D A D E I L I M I T A D A P A R A P A R A L E L I S M O\nM A N U T E N Ç Ã O D O N O B R E A K\nPermite a inserção ou retirada de um No Break no sistema, sem a \nnecessidade de parada.Rede Elétrica\nde Entrada\nSaídaNo Break 1\n Potência de \n30 kVANo Break 2\nPotência de \n10 kVANo Break 3\nPotência de \n20 kVA\nCarga fornecida pelo sistema = 150 kVANo Break 4\nPotência de \n30 kVANo Break 5\nPotência de \n20 kVANo Break 6\nPotência de \n40 kVA\nINTERFACES DE \nGERENCIAMENTO   \nREMOTO\nSão compostas por diversas ferramentas. O \nAdaptador SNMP NetMate permite\ngerenciar remotamente o No Break via a \nInternet através de um web browser,\nmonitorar o status e enviar alertas por e-mail. \nO software IP Power é uma ferramenta de \ngerenciamento  Windows Application e a \nversão Client é específica para  automatizar o \nshutdown de servidores, podendo desligar \nautomática e simultaneamente vários\ns e r v i d o r e s  e  e s t a ç õ e s .\nO Adaptador ArmModbus permite integrar \no  N o  B r e a k ,  v i a  u m a  p o r t a\nRS485, a Sistemas de Automação Predial.', 'SISTEMA PARALELO MULTI ATIVO (EXCLUSIVO CM COMANDOS)\nA CM Comandos Lineares desenvolveu um sistema inovador e pioneiro no mundo de paralelismo entre no-breaks. O sistema \nParalelo Multi Ativo permite a expansão do sistema, de acordo com sua demanda de consumo, podendo paralelar quantas \nunidades forem necessárias para atender sua demanda, elevando a capacidade do sistema e a confiabilidade de sua aplicação.\nPOSSIBILIDADE DE SOMATÓRIA DE  POTÊNCIAS\nPermite a ligação para somatória de potência, utilizando dois ou mais \nNo-Breaks para atingir a demanda da carga total.\nQuando utilizado para somatória de potência, possibilita a ligação de \nNo-Breaks com potências diferentes. Quando a ligação for feita com \nNo-Breaks de potências diferentes, a carga será distribuída \nproporcionalmente. Permite a ligação em paralelo redundante N + 1,  N + 2, N + 3 … N+X,  \npossibilitando o desligamento de uma ou mais unidades, mantendo a \ncarga ativa.\nA comunicação entre os No-Breaks consiste no barramento de \ncomunicação comum, por onde transitam informações \ncontendo nível de carga, sincronismo e a condição do by pass.COMUNICAÇÃO ENTRE OS NO-BREAKSTodos os No-Breaks são autônomos, operam de forma \nindependente no sistema e possuem controle individual.NÃO EXISTE NO-BREAK MESTRE OU ESCRAVOPodem ser paraleladas quantas unidades forem necessárias, \npossibilitando expansão do sistema, de acordo com a demanda \nde consumo.QUANTIDADE ILIMITADA PARA PARALELISMO\nPARALELISMO DO BANCO DE BATERIAS\nPermite paralelismo dos bancos de baterias (quando forem de \nmesma tensão nominal).MANUTENÇÃO DO NO-BREAK\nPermite a inserção ou retirada de um No-Break no sistema, sem a \nnecessidade de parada.INTERFACES  DE  SHUTDOWN  E GERENCIAMENTO  REMOTO\nRede Elétric a\nde Entr ada\nSaídaNo-break 1\n Potência \nde 60 kV ANo-break 2\nPotência de \n100 kV ANo-break 3\nPotência de \n20 kV A\nCarga fornecida pelo sistema = 410 kV ANo-break 4\nPotência de \n30 kV ANo-break 5\nPotência de \n80 kV ANo-break 6\nPotência de \n120 kV ARede L ocal Ether netA   Inter face de Ger enciamento \n     \nC  Inter face Shutdown \n     Client \n     LANB  Inter face Shutdown \n     D   Inter face de Ger enciamento Remoto \n  \nE  Adaptador SNMP\n     \nF  Client Shutdown\nG Estação Remota\n    Sof tware com \n    conexão à I nter netMultisser vidor es\nMultiplataf ormas\nMulti-S.O .Porta M icroprocessada DB9\nPorta Contato Seco DB9\nRede Ethernet RJ45']","The communication between No Breaks is facilitated through a common communication bus, which transmits information related to the load level, synchronism, and bypass condition. This communication system allows for the autonomous and independent operation of each No Break, while also enabling the possibility of paralleling an unlimited number of units for system expansion according to demand. The communication bus also supports redundant paralleling configurations, allowing for the active maintenance of the load even in the event of the shutdown or failure of one or more units. Additionally, the system allows for the insertion or removal of a No Break from the system without the need for a shutdown, further enhancing the system's flexibility and autonomy.","A comunicação entre No Breaks afeta a autonomia e o controle do sistema, pois permite a troca de informações sobre nível de carga, sincronismo e condição do by pass, embora cada No Break opere de forma independente.",0.99999999995,1.0,0.16666666638888888,0.6363636363636364,0.7268651317002294,0.9,0.0,0.7551947465608768,0.2068062827225131,0.07643312101910828,0.0,0.0,0,1,1,1,1
12,De que maneira a posibilidade de paralelament de unidads em um sistema de no-break mestro ou escravo impacta a expanção e a eficienci do forneciment de energia de acordo com a demanda de consumu?,"['S I S T E M A PA R A L E L O M U LT I AT I V O ( E X C L U S I V O C M C O M A N D O S )\nA CM Comandos Lineares desenvolveu um sistema inovador e pioneiro no mundo de paralelismo entre No Breaks. O sistema Paralelo \nMulti Ativo permite a expansão do sistema, de acordo com sua demanda de consumo, podendo paralelar quantas unidades forem \nnecessárias para atender sua demanda, elevando a capacidade do sistema e a confiabilidade de sua aplicação.\nP O S S I B I L I D A D E D E S O M A T Ó R I A D E  P O T Ê N C I A S\nPermite a ligação para somatória de potência, utilizando dois ou mais No \nBreaks para atingir a demanda da carga total.\nQuando utilizado para somatória de potência, possibilita a ligação de \nNo Breaks com potências diferentes. Quando a ligação for feita com No \nBreaks de potências diferentes, a carga será distribuída \nproporcionalmente. Permite a ligação em paralelo redundante N + 1,  N + 2, N + 3 … N+X,  \npossibilitando o desligamento de uma ou mais unidades mantendo a \ncarga ativa.L I G A Ç Ã O E M P A R A L E L O R E D U N D A N T E\nA comunicação entre os No Breaks consiste no barramento de \ncomunicação comum, por onde transitam informações contendo \nnível de carga, sincronismo e a condição do by pass.C O M U N I C A Ç Ã O E N T R E O S N O B R E A K STodos os No Breaks são autônomos, operam de forma \nindependente no sistema e possuem controle individual.N Ã O E X I S T E N O B R E A K M E S T R E O U E S C R A V OPodem ser paraleladas quantas unidades forem necessárias, \npossibilitando expansão do sistema, de acordo com a demanda de \nconsumo.Q U A N T I D A D E I L I M I T A D A P A R A P A R A L E L I S M O\nM A N U T E N Ç Ã O D O N O B R E A K\nPermite a inserção ou retirada de um No Break no sistema, sem a \nnecessidade de parada.Rede Elétrica\nde Entrada\nSaídaNo Break 1\n Potência de \n30 kVANo Break 2\nPotência de \n10 kVANo Break 3\nPotência de \n20 kVA\nCarga fornecida pelo sistema = 150 kVANo Break 4\nPotência de \n30 kVANo Break 5\nPotência de \n20 kVANo Break 6\nPotência de \n40 kVA\nINTERFACES DE \nGERENCIAMENTO   \nREMOTO\nSão compostas por diversas ferramentas. O \nAdaptador SNMP NetMate permite\ngerenciar remotamente o No Break via a \nInternet através de um web browser,\nmonitorar o status e enviar alertas por e-mail. \nO software IP Power é uma ferramenta de \ngerenciamento  Windows Application e a \nversão Client é específica para  automatizar o \nshutdown de servidores, podendo desligar \nautomática e simultaneamente vários\ns e r v i d o r e s  e  e s t a ç õ e s .\nO Adaptador ArmModbus permite integrar \no  N o  B r e a k ,  v i a  u m a  p o r t a\nRS485, a Sistemas de Automação Predial.', 'SISTEMA PARALELO MULTI ATIVO (EXCLUSIVO CM COMANDOS)\nA CM Comandos Lineares desenvolveu um sistema inovador e pioneiro no mundo de paralelismo entre no-breaks. O sistema \nParalelo Multi Ativo permite a expansão do sistema, de acordo com sua demanda de consumo, podendo paralelar quantas \nunidades forem necessárias para atender sua demanda, elevando a capacidade do sistema e a confiabilidade de sua aplicação.\nPOSSIBILIDADE DE SOMATÓRIA DE  POTÊNCIAS\nPermite a ligação para somatória de potência, utilizando dois ou mais \nNo-Breaks para atingir a demanda da carga total.\nQuando utilizado para somatória de potência, possibilita a ligação de \nNo-Breaks com potências diferentes. Quando a ligação for feita com \nNo-Breaks de potências diferentes, a carga será distribuída \nproporcionalmente. Permite a ligação em paralelo redundante N + 1,  N + 2, N + 3 … N+X,  \npossibilitando o desligamento de uma ou mais unidades, mantendo a \ncarga ativa.\nA comunicação entre os No-Breaks consiste no barramento de \ncomunicação comum, por onde transitam informações \ncontendo nível de carga, sincronismo e a condição do by pass.COMUNICAÇÃO ENTRE OS NO-BREAKSTodos os No-Breaks são autônomos, operam de forma \nindependente no sistema e possuem controle individual.NÃO EXISTE NO-BREAK MESTRE OU ESCRAVOPodem ser paraleladas quantas unidades forem necessárias, \npossibilitando expansão do sistema, de acordo com a demanda \nde consumo.QUANTIDADE ILIMITADA PARA PARALELISMO\nPARALELISMO DO BANCO DE BATERIAS\nPermite paralelismo dos bancos de baterias (quando forem de \nmesma tensão nominal).MANUTENÇÃO DO NO-BREAK\nPermite a inserção ou retirada de um No-Break no sistema, sem a \nnecessidade de parada.INTERFACES  DE  SHUTDOWN  E GERENCIAMENTO  REMOTO\nRede Elétric a\nde Entr ada\nSaídaNo-break 1\n Potência \nde 60 kV ANo-break 2\nPotência de \n100 kV ANo-break 3\nPotência de \n20 kV A\nCarga fornecida pelo sistema = 410 kV ANo-break 4\nPotência de \n30 kV ANo-break 5\nPotência de \n80 kV ANo-break 6\nPotência de \n120 kV ARede L ocal Ether netA   Inter face de Ger enciamento \n     \nC  Inter face Shutdown \n     Client \n     LANB  Inter face Shutdown \n     D   Inter face de Ger enciamento Remoto \n  \nE  Adaptador SNMP\n     \nF  Client Shutdown\nG Estação Remota\n    Sof tware com \n    conexão à I nter netMultisser vidor es\nMultiplataf ormas\nMulti-S.O .Porta M icroprocessada DB9\nPorta Contato Seco DB9\nRede Ethernet RJ45']","The ability to parallel units in a master-slave system of no-breaks can impact the expansion and efficiency of power supply according to demand in several ways. However, the provided context describes a different system, where there is no master or slave no-break. Instead, all no-breaks are autonomous and operate independently with individual control. This system allows for the parallel connection of an unlimited number of no-breaks, expanding the system according to consumption demand. Additionally, it supports power summation, enabling the connection of no-breaks with different power ratings, and distributes the load proportionally. This configuration increases system capacity, reliability, and the ability to handle demand fluctuations without compromising the power supply.","A possibilidade de paralelamento de unidades em um sistema de no-break mestre ou escravo impacta a expansão e a eficiência do fornecimento de energia, permitindo que quantas unidades forem necessárias sejam paraleladas, de acordo com a demanda de consumo.",0.99999999995,0.0,0.0,0.5833333333333334,0.6441707691032327,0.6875,0.27,0.6774693597646317,0.21501272264631044,0.05031446540880503,0.0,0.0,0,1,1,1,1
13,De que maneira a posibilidade de paralelamento de unidaddes em um sistema de no-break mestro ou escravo impacta a expanção e a eficienci do forneciment de energia de acordo com a demanda de consumu?,"['SISTEMA PARALELO MULTI ATIVO (EXCLUSIVO CM COMANDOS)\nA CM Comandos Lineares desenvolveu um sistema inovador e pioneiro no mundo de paralelismo entre no-breaks. O sistema \nParalelo Multi Ativo permite a expansão do sistema, de acordo com sua demanda de consumo, podendo paralelar quantas \nunidades forem necessárias para atender sua demanda, elevando a capacidade do sistema e a confiabilidade de sua aplicação.\nPOSSIBILIDADE DE SOMATÓRIA DE  POTÊNCIAS\nPermite a ligação para somatória de potência, utilizando dois ou mais \nNo-Breaks para atingir a demanda da carga total.\nQuando utilizado para somatória de potência, possibilita a ligação de \nNo-Breaks com potências diferentes. Quando a ligação for feita com \nNo-Breaks de potências diferentes, a carga será distribuída \nproporcionalmente. Permite a ligação em paralelo redundante N + 1,  N + 2, N + 3 … N+X,  \npossibilitando o desligamento de uma ou mais unidades, mantendo a \ncarga ativa.\nA comunicação entre os No-Breaks consiste no barramento de \ncomunicação comum, por onde transitam informações \ncontendo nível de carga, sincronismo e a condição do by pass.COMUNICAÇÃO ENTRE OS NO-BREAKSTodos os No-Breaks são autônomos, operam de forma \nindependente no sistema e possuem controle individual.NÃO EXISTE NO-BREAK MESTRE OU ESCRAVOPodem ser paraleladas quantas unidades forem necessárias, \npossibilitando expansão do sistema, de acordo com a demanda \nde consumo.QUANTIDADE ILIMITADA PARA PARALELISMO\nPARALELISMO DO BANCO DE BATERIAS\nPermite paralelismo dos bancos de baterias (quando forem de \nmesma tensão nominal).MANUTENÇÃO DO NO-BREAK\nPermite a inserção ou retirada de um No-Break no sistema, sem a \nnecessidade de parada.INTERFACES  DE  SHUTDOWN  E GERENCIAMENTO  REMOTO\nRede Elétric a\nde Entr ada\nSaídaNo-break 1\n Potência \nde 60 kV ANo-break 2\nPotência de \n100 kV ANo-break 3\nPotência de \n20 kV A\nCarga fornecida pelo sistema = 410 kV ANo-break 4\nPotência de \n30 kV ANo-break 5\nPotência de \n80 kV ANo-break 6\nPotência de \n120 kV ARede L ocal Ether netA   Inter face de Ger enciamento \n     \nC  Inter face Shutdown \n     Client \n     LANB  Inter face Shutdown \n     D   Inter face de Ger enciamento Remoto \n  \nE  Adaptador SNMP\n     \nF  Client Shutdown\nG Estação Remota\n    Sof tware com \n    conexão à I nter netMultisser vidor es\nMultiplataf ormas\nMulti-S.O .Porta M icroprocessada DB9\nPorta Contato Seco DB9\nRede Ethernet RJ45', 'S I S T E M A PA R A L E L O M U LT I AT I V O ( E X C L U S I V O C M C O M A N D O S )\nA CM Comandos Lineares desenvolveu um sistema inovador e pioneiro no mundo de paralelismo entre No Breaks. O sistema Paralelo \nMulti Ativo permite a expansão do sistema, de acordo com sua demanda de consumo, podendo paralelar quantas unidades forem \nnecessárias para atender sua demanda, elevando a capacidade do sistema e a confiabilidade de sua aplicação.\nP O S S I B I L I D A D E D E S O M A T Ó R I A D E  P O T Ê N C I A S\nPermite a ligação para somatória de potência, utilizando dois ou mais No \nBreaks para atingir a demanda da carga total.\nQuando utilizado para somatória de potência, possibilita a ligação de \nNo Breaks com potências diferentes. Quando a ligação for feita com No \nBreaks de potências diferentes, a carga será distribuída \nproporcionalmente. Permite a ligação em paralelo redundante N + 1,  N + 2, N + 3 … N+X,  \npossibilitando o desligamento de uma ou mais unidades mantendo a \ncarga ativa.L I G A Ç Ã O E M P A R A L E L O R E D U N D A N T E\nA comunicação entre os No Breaks consiste no barramento de \ncomunicação comum, por onde transitam informações contendo \nnível de carga, sincronismo e a condição do by pass.C O M U N I C A Ç Ã O E N T R E O S N O B R E A K STodos os No Breaks são autônomos, operam de forma \nindependente no sistema e possuem controle individual.N Ã O E X I S T E N O B R E A K M E S T R E O U E S C R A V OPodem ser paraleladas quantas unidades forem necessárias, \npossibilitando expansão do sistema, de acordo com a demanda de \nconsumo.Q U A N T I D A D E I L I M I T A D A P A R A P A R A L E L I S M O\nM A N U T E N Ç Ã O D O N O B R E A K\nPermite a inserção ou retirada de um No Break no sistema, sem a \nnecessidade de parada.Rede Elétrica\nde Entrada\nSaídaNo Break 1\n Potência de \n30 kVANo Break 2\nPotência de \n10 kVANo Break 3\nPotência de \n20 kVA\nCarga fornecida pelo sistema = 150 kVANo Break 4\nPotência de \n30 kVANo Break 5\nPotência de \n20 kVANo Break 6\nPotência de \n40 kVA\nINTERFACES DE \nGERENCIAMENTO   \nREMOTO\nSão compostas por diversas ferramentas. O \nAdaptador SNMP NetMate permite\ngerenciar remotamente o No Break via a \nInternet através de um web browser,\nmonitorar o status e enviar alertas por e-mail. \nO software IP Power é uma ferramenta de \ngerenciamento  Windows Application e a \nversão Client é específica para  automatizar o \nshutdown de servidores, podendo desligar \nautomática e simultaneamente vários\ns e r v i d o r e s  e  e s t a ç õ e s .\nO Adaptador ArmModbus permite integrar \no  N o  B r e a k ,  v i a  u m a  p o r t a\nRS485, a Sistemas de Automação Predial.']","The ability to parallel units in a no-break master or slave system allows for greater scalability and efficiency in meeting energy demand. This is achieved by expanding the system's capacity and reliability, as more units can be added as needed to handle increased consumption. Additionally, the system can distribute the load proportionally when connecting no-breaks with different power ratings, ensuring optimal use of resources. Furthermore, the redundant parallel N + 1, N + 2, N + 3 ... N+X configuration enables the system to maintain power supply even with the disconnection of one or more units. This flexibility in system design and operation leads to a more efficient and manageable power supply infrastructure.","A possibilidade de paralelamento de unidades em um sistema de no-break mestre ou escravo impacta a expansão e a eficiência do fornecimento de energia, permitindo que quantas unidades forem necessárias sejam paraleladas, de acordo com a demanda de consumo.",0.99999999995,0.0,0.0,0.3,0.6552866114308037,0.4,0.5,0.6865065043517242,0.2119113573407202,0.05128205128205128,0.0,0.0,1,1,1,1,1
14,Quais sã as implicações da variação de potênci em sistmas elétricos?,"['Av. Eng . Alber to de Zagottis , 760 - 04675-085 -  São P aulo - SP\nPhone .: (11) 5696-5000\nwww.cmcomandos .com.br\nSistema de \nSustentabilidade A uditadoOSD  N LI A NM EO AC R EM SCISO\n90012015\nQ Y UALIT600.000 600,0 1835 x 1444  x 1555  1680\n700.000 700,0 1835 x 1444  x 1555  1760\n800.000 800,0 1835 x 1444  x 1555  1840\nCM MK T JAN - 24  -   As especificações estão sujeitas a alterações sem aviso pr évio e conf orme necessidades de pr ojetos customizados . Nós incentivamos a r eciclagemLinha TI - Trifásic o Isolado\n  10.000   10,0   900 x 360  x  860       180\n  15.000   15,0   900 x 360  x  860       210\n  20.000   20,0   900 x 360  x  860       235\n30.000   30,0 1300 x 360  x  988       300\n40.000   40,0 1300 x 360  x  988      370\n50.000   50,0 1300 x 360  x  988      420\n75.000   75,0 1532 x 540  x 1070      596\n100.000 100,0 1532 x 540  x 1070      730\n150.000 150,0 1532 x 720  x 1070     1050\n200.000 200,0 1532 x 720  x 1070     1150\n250.000 250,0 1835 x 1444  x 1555   1350\n300.000 300,0 1835 x 1444  x 1555   1430\n400.000 400,0 1835 x 1444  x 1555   1520\n500.000 500,0 1835 x 1444  x 1555   1600Modelo Potência\nkVAAlt x Larg x P rof Peso\nmmkg\nLinha TA - Trifásic o com A utotr afo\n* Outras potências sob consultaDIMENSÕES FÍSICAS Entr ada\n   Tensão:  \n    \n    •380/220V ou 220/127V  - modelos TI - standar d\n    \n    •Outras tensões sob consulta\n  Variação A dmissív el:\n   \n    •± 16% da tensão nominal\n   Frequência:  50 ou 60 H z \n   Variação de F requência A dmissív el:  ± 5%\n \n  Configur ação:   Trifásica: 3F + N + T\n \n Fator de P otência:   0,8\nSaída\n  Potências Disponív eis:  \n \n    • 10 / 15 / 20 / 30 / 40 / 50 / 75 / 100 / 150 / 200\n       250 / 300 / 400 / 500 / 600/ 700/ 800 kV A\n \n    • Outras potências sob consulta\nTensão:  \n \n    • 220/127V\n \n    • 380/220V\n \n    • Outras tensões sob consulta\nRegulação Estática:  ± 1% nominal \n Frequência:  50 ou 60 H z \n \n  Configur ação:  Trifásica:  3F +N +  T\n  Fator de P otência:   0,', '00      X 280 X 647         97\n    7500       7,50     787 X 280 X 647        116\n   10000    10,00     815 X 480 X 875        204\n   15000    15,00     815 X 480 X 875        259787Peso (com \nbaterias)\nkgn    \nn   \nn   \nn  \nn   \nn   Upg rade de F irmware   On-Line - Dupla Con versão\nRetificador - I nversor - Banco de Bater ias\nBypass Estático \n Contr ole Dig ital M icroprocessador DSP\nInversor a M ódulo IGBT de Alta F requência \nCertificação de \nSustentabilidade A uditadaOSD  N LI A NM EO AC R EM SCISO\n90012015\nAv. Eng . Alber to de Zagottis , 760 - 04675-085 -  São P aulo - SP\nTel.: (11) 5696-5000 \nwww.cmcomandos .com.brEntr ada\nTensão:  \n    •220 V \n Variação A dmissív el:\n   \n    •± 15% da tensão nominal\nFrequência:  50 ou 60 H z\nVariação de F requência A dmissív el:   + 6%  - 4% \nConfigur ação:\n    \n    •Monofásico : F + N + T\n    \n    •Bifásica: F + F + T\nFator de P otência:\n    \n    •0,8     \n    •0,99*\nPotências Disponív eis:  \n   \n    •5 kV A / 3,5 kW\n   \n    •7,5 kV A / 5,25 kW\n   \n    •10 kV A / 7,0 kW\n   \n    •15 kV A / 10,5 kW\nRegulação Estática:  ± 1% nominal\nFrequência:  50 ou 60 H z\n \nVariação de F requência:  • ± 0,05% em modo bater ia\nConfigur ação:\n     \n    • Monofásico: F + N + T\n     \n    • Bifásica: F + F + T\nFator de P otência:  0,7\nForma de Onda:  senoidal\n Distorção Harmônica THD:  inferior a 1%, total\n  Fator de Crista:  3:1\nCapacidade de Sobr ecar ga:  125% durante25s\nRendimento:  90%\nBaterias\n \nTensão de Linha: 192 VDC\nSistema de Recar ga: contr olado , automático\nTempo de Recar ga: 8 a 10 horas para 90% da car ga\nTipo:  seladas , isentas de manutençãon   \nn  \n \nn    \nn   \nn   \nn   \nn\nn   \nn   \nn    \nn   \nn   \nn   \nn   \nn  \nn \nn   \nn   \nn    \nn   \nn   \nn       \nSaída\nTensão:  \n    • 220 V ( standar d )   Tecnologia\nCM.MK T SET 2021 - As especificações estão sujeitas a alterações sem pr évio aviso . Nós incentivamos a r eciclagem\n * Opcional']","In electrical systems, changes in power can have several implications. They can affect the system's efficiency, capacity to handle loads, and overall performance. For instance, a higher power capacity can allow for the operation of more demanding appliances or equipment, while a lower power capacity might limit the types of devices that can be used. Also, power fluctuations can cause instability in the system, leading to potential equipment damage or malfunctions. It's important to ensure that the power supply is properly matched to the requirements of the system and that any variations are carefully managed to minimize impacts.","As implicações da variação de potência em sistemas elétricos podem incluir a eficiência do sistema, a capacidade de carga e a estabilidade operacional, mas o contexto fornecido não detalha essas implicações específicas.",0.0,0.5,0.0,0.6,0.7777966773795285,1.0,0.4,0.6749253077785893,0.21226415094339623,0.02857142857142857,0.0,0.0,0,1,1,1,1
15,Quais implicações variação potência sistemas elétricos afeta eficiência energética?,"['Av. Eng . Alber to de Zagottis , 760 - 04675-085 -  São P aulo - SP\nPhone .: (11) 5696-5000\nwww.cmcomandos .com.br\nSistema de \nSustentabilidade A uditadoOSD  N LI A NM EO AC R EM SCISO\n90012015\nQ Y UALIT600.000 600,0 1835 x 1444  x 1555  1680\n700.000 700,0 1835 x 1444  x 1555  1760\n800.000 800,0 1835 x 1444  x 1555  1840\nCM MK T JAN - 24  -   As especificações estão sujeitas a alterações sem aviso pr évio e conf orme necessidades de pr ojetos customizados . Nós incentivamos a r eciclagemLinha TI - Trifásic o Isolado\n  10.000   10,0   900 x 360  x  860       180\n  15.000   15,0   900 x 360  x  860       210\n  20.000   20,0   900 x 360  x  860       235\n30.000   30,0 1300 x 360  x  988       300\n40.000   40,0 1300 x 360  x  988      370\n50.000   50,0 1300 x 360  x  988      420\n75.000   75,0 1532 x 540  x 1070      596\n100.000 100,0 1532 x 540  x 1070      730\n150.000 150,0 1532 x 720  x 1070     1050\n200.000 200,0 1532 x 720  x 1070     1150\n250.000 250,0 1835 x 1444  x 1555   1350\n300.000 300,0 1835 x 1444  x 1555   1430\n400.000 400,0 1835 x 1444  x 1555   1520\n500.000 500,0 1835 x 1444  x 1555   1600Modelo Potência\nkVAAlt x Larg x P rof Peso\nmmkg\nLinha TA - Trifásic o com A utotr afo\n* Outras potências sob consultaDIMENSÕES FÍSICAS Entr ada\n   Tensão:  \n    \n    •380/220V ou 220/127V  - modelos TI - standar d\n    \n    •Outras tensões sob consulta\n  Variação A dmissív el:\n   \n    •± 16% da tensão nominal\n   Frequência:  50 ou 60 H z \n   Variação de F requência A dmissív el:  ± 5%\n \n  Configur ação:   Trifásica: 3F + N + T\n \n Fator de P otência:   0,8\nSaída\n  Potências Disponív eis:  \n \n    • 10 / 15 / 20 / 30 / 40 / 50 / 75 / 100 / 150 / 200\n       250 / 300 / 400 / 500 / 600/ 700/ 800 kV A\n \n    • Outras potências sob consulta\nTensão:  \n \n    • 220/127V\n \n    • 380/220V\n \n    • Outras tensões sob consulta\nRegulação Estática:  ± 1% nominal \n Frequência:  50 ou 60 H z \n \n  Configur ação:  Trifásica:  3F +N +  T\n  Fator de P otência:   0,', 'ESPECIFICAÇÕES TÉCNICAS \nEntrada\nn Tensão: \n    •  3kVA \n100/110/115/120/127 VAC 120V (standard) ou  \n200/208/220/230/240 VAC 220V (standard) \n    •  6kVA / 10kVA\n 200/208/220/230/240 VAC 220V (standard)\nn Variação Admissível:\n   •   3kVA \n55-150 VAC ou 110-300 VAC @ 50% de Carga\n80-150 VAC ou 160-300 VAC @ 100% de Carga\n   •   6kVA / 10kVA \n110-300 VAC @ 50% de Carga\n176-300 VAC @ 100% de Carga \nn Freqüência: 50/60 Hz                           \nn Variação de Freqüência Admissível:   \n    •    3kVA  \n40-70Hz\n    •    6kVA / 10 kVA \n46-54Hz @50Hz e 56-64Hz @60Hz\nn  Configuração:\nMonofásica \nn Fator de Potência:\n≥ 0.99 Tensão nominal (100% de Carga)\nn Distorção Harmônica THDi:\n    •    3kVA\n ≤ 5% @ Tensão de Entrada nominal\n    •    6kVA / 10kVA\n<4% @100% de Carga, <6% @50% de Carga\nSaída\nnTensão: \n    •   3kVA \n100/110/115/120/127 VAC 115V (standard) ou \n200/208/220/230/240 VAC 220V (standard) \n    •   6kVA / 10kVA \n200/208/220/230/240 VAC 220V (standard) \nn Fator de Potência:  1,0\nn Regulação Estática:   ± 1% nominal modo \nbateria\nn Freqüência:   50 / 60 Hz \nn Variação de Freqüência: \n± 0,1Hz em modo bateria\nn Sincronismo com a Rede:   Sim\nn Configuração:   \n Monofásica f+n+t \nn Forma de Onda:   Onda senoidal pura\nn Distorção Harmônica THD:  \n •   3kVA \n    ≤ 2% carga linear \n    ≤ 4% carga não-linear \n •   6kVA / 10kVA \n    ≤ 1% carga linear \n    ≤ 4% carga não-linearBaterias\nn  Composição:  \n    •    72  VDC - 3,0 kVA \n    •     240 VDC - 6,0 kVA \n    •     240 VDC - 10,0 kVA \nn  Sistema de Recarga: \ncontrolado, automático\nn Tempo de Recarga:  \n8 a 10 horas para 90% da carga\nn Tipo: \nseladas, isentas de manutenção\nn  Paralelismo Redundante (N+1) \n»  Disponível nas potências de 6 e 10kVA\nn By-pass estático (inteligente):  \nO termo inteligente aplica-se, visto que a linha \nComposition XV  possui desligamento da saída da \nchave estática em condições que, a tensão da rede \napresenta variações fora da faixa de trabalho, prote -\ngendo a carga contra sub ou sobre tensão mesmo \nna condição de by-pass estático.']","The variation in power of electrical systems can affect energy efficiency in several ways. Firstly, a higher power demand can lead to increased energy consumption, which may result in higher energy costs. Additionally, electrical systems that are not properly sized for the power demand can operate inefficiently, leading to energy waste. On the other hand, using electrical systems with high energy efficiency ratings can help to reduce energy consumption and improve overall energy efficiency. It is important to ensure that electrical systems are properly designed, installed, and maintained to optimize energy efficiency and minimize energy waste.","A variação de potência em sistemas elétricos pode afetar a eficiência energética, mas o contexto fornecido não detalha as implicações específicas dessa variação.",0.0,0.0,0.0,0.0,0.9405784080118226,1.0,1.0,0.5598579450350543,0.17818740399385558,0.015625,0.0,0.0,1,1,1,1,1
16,Quais as implicações de um sistema com 'Shutdown' em funcionalidade e segurança?,"['TECNOLOGIA ON LINE COM BYPASS ESTÁTICO DE MANUTENÇÃO\nINTERFACE DE GERENCIAMENTO REMOTO\nAs Interfaces de Gerenciamento Remoto são compostas por diversas ferramentas, sendo elas: \n•  O Adaptador SNMP que permite gerenciar remotamente o No-Break via Internet através de um web browser,  monitorar o status \ne enviar alertas por e-mail. \n• O software, uma ferramenta de gerenciamento Windows Application e a versão Client é especíﬁ  ca para automatizar o shutdown \nde servidores, podendo desligar automática e simultaneamente vários servidores e estações. \n• O Adaptador Modbus permite integrar o No-Break, via uma porta RS485, a Sistemas de Automação Predial.\nBypass Estático\nSistema de proteção que, em caso de \nproblemas, transfere automaticamente \na carga para um circuito alternativo, sem \ninterrupção no fornecimento de energia.Bypass Estático de Manutenção\nPermite a transferência e o retorno da carga do No-Break para um circuito \nalternativo de fornecimento de energia, para atividades de manutenção. \nEm quaisquer situações, o fornecimento de energia é contínuo, sem \ninterrupções.\nBanco de Baterias\nArmazena energia reserva para alimentar o No-Break \ndurante um período predeterminado, denominado como \ntempo de autonomia do No-Break.Retificador\nConverte a energia da\nrede elétrica da concessionária\n ou do grupo gerador em\ncorrente contínua, corrigindo \nou eliminando distúrbios\nda entrada do sistema.\nCorrente alternada de entradaCorrente contínua Corrente alternada de saída\nCorrente alternada Bypass estáticoCorrente alternada Bypass estático\nde manutenção\nInversor\nConverte a corrente contínua do \nretiﬁ  cador ou das baterias em corrente \nalternada de saída, com forma de onda \nsenoidal pura, livre de distúrbios.\nRetificador\nConverte a energia da\nrede elétrica da concessionária\n ou do grupo gerador em\nInversor\nConverte a corrente contínua do \nretiﬁ  cador ou das baterias em corrente \nalternada de saída, com forma de onda', 'S I S T E M A PA R A L E L O M U LT I AT I V O ( E X C L U S I V O C M C O M A N D O S )\nA CM Comandos Lineares desenvolveu um sistema inovador e pioneiro no mundo de paralelismo entre No Breaks. O sistema Paralelo \nMulti Ativo permite a expansão do sistema, de acordo com sua demanda de consumo, podendo paralelar quantas unidades forem \nnecessárias para atender sua demanda, elevando a capacidade do sistema e a confiabilidade de sua aplicação.\nP O S S I B I L I D A D E D E S O M A T Ó R I A D E  P O T Ê N C I A S\nPermite a ligação para somatória de potência, utilizando dois ou mais No \nBreaks para atingir a demanda da carga total.\nQuando utilizado para somatória de potência, possibilita a ligação de \nNo Breaks com potências diferentes. Quando a ligação for feita com No \nBreaks de potências diferentes, a carga será distribuída \nproporcionalmente. Permite a ligação em paralelo redundante N + 1,  N + 2, N + 3 … N+X,  \npossibilitando o desligamento de uma ou mais unidades mantendo a \ncarga ativa.L I G A Ç Ã O E M P A R A L E L O R E D U N D A N T E\nA comunicação entre os No Breaks consiste no barramento de \ncomunicação comum, por onde transitam informações contendo \nnível de carga, sincronismo e a condição do by pass.C O M U N I C A Ç Ã O E N T R E O S N O B R E A K STodos os No Breaks são autônomos, operam de forma \nindependente no sistema e possuem controle individual.N Ã O E X I S T E N O B R E A K M E S T R E O U E S C R A V OPodem ser paraleladas quantas unidades forem necessárias, \npossibilitando expansão do sistema, de acordo com a demanda de \nconsumo.Q U A N T I D A D E I L I M I T A D A P A R A P A R A L E L I S M O\nM A N U T E N Ç Ã O D O N O B R E A K\nPermite a inserção ou retirada de um No Break no sistema, sem a \nnecessidade de parada.Rede Elétrica\nde Entrada\nSaídaNo Break 1\n Potência de \n30 kVANo Break 2\nPotência de \n10 kVANo Break 3\nPotência de \n20 kVA\nCarga fornecida pelo sistema = 150 kVANo Break 4\nPotência de \n30 kVANo Break 5\nPotência de \n20 kVANo Break 6\nPotência de \n40 kVA\nINTERFACES DE \nGERENCIAMENTO   \nREMOTO\nSão compostas por diversas ferramentas. O \nAdaptador SNMP NetMate permite\ngerenciar remotamente o No Break via a \nInternet através de um web browser,\nmonitorar o status e enviar alertas por e-mail. \nO software IP Power é uma ferramenta de \ngerenciamento  Windows Application e a \nversão Client é específica para  automatizar o \nshutdown de servidores, podendo desligar \nautomática e simultaneamente vários\ns e r v i d o r e s  e  e s t a ç õ e s .\nO Adaptador ArmModbus permite integrar \no  N o  B r e a k ,  v i a  u m a  p o r t a\nRS485, a Sistemas de Automação Predial.']","A funcionalidade de um sistema com 'Shutdown' permite a desligamento automático e simultaneamente de vários servidores e estações, oferecendo um gerenciamento eficiente do consumo de energia e recursos. Em termos de segurança, isso garante a desconexão adequada do equipamento, evitando riscos de dano aos dados ou mesmo aos dispositivos em si durante situações como manutenção, falhas de energia ou outros problemas. Além disso, o 'Shutdown' pode ser configurado para salvar o trabalho em andamento e fechar programas corretamente, reduzindo a possibilidade de perda de dados e minimizando o tempo de inatividade ao reiniciar os servidores.",As implicações de um sistema com 'Shutdown' em funcionalidade e segurança não estão claramente definidas no contexto fornecido.,0.49999999995,0.0,0.0,0.0,0.8436036838587345,0.14285714285714285,0.0,0.6750190715990655,0.1638065522620905,0.15999999999999998,0.0,0.0,0,0,1,1,1
17,Quais as implicações de um sistema que tá em 'Shutdown'?,"['S I S T E M A PA R A L E L O M U LT I AT I V O ( E X C L U S I V O C M C O M A N D O S )\nA CM Comandos Lineares desenvolveu um sistema inovador e pioneiro no mundo de paralelismo entre No Breaks. O sistema Paralelo \nMulti Ativo permite a expansão do sistema, de acordo com sua demanda de consumo, podendo paralelar quantas unidades forem \nnecessárias para atender sua demanda, elevando a capacidade do sistema e a confiabilidade de sua aplicação.\nP O S S I B I L I D A D E D E S O M A T Ó R I A D E  P O T Ê N C I A S\nPermite a ligação para somatória de potência, utilizando dois ou mais No \nBreaks para atingir a demanda da carga total.\nQuando utilizado para somatória de potência, possibilita a ligação de \nNo Breaks com potências diferentes. Quando a ligação for feita com No \nBreaks de potências diferentes, a carga será distribuída \nproporcionalmente. Permite a ligação em paralelo redundante N + 1,  N + 2, N + 3 … N+X,  \npossibilitando o desligamento de uma ou mais unidades mantendo a \ncarga ativa.L I G A Ç Ã O E M P A R A L E L O R E D U N D A N T E\nA comunicação entre os No Breaks consiste no barramento de \ncomunicação comum, por onde transitam informações contendo \nnível de carga, sincronismo e a condição do by pass.C O M U N I C A Ç Ã O E N T R E O S N O B R E A K STodos os No Breaks são autônomos, operam de forma \nindependente no sistema e possuem controle individual.N Ã O E X I S T E N O B R E A K M E S T R E O U E S C R A V OPodem ser paraleladas quantas unidades forem necessárias, \npossibilitando expansão do sistema, de acordo com a demanda de \nconsumo.Q U A N T I D A D E I L I M I T A D A P A R A P A R A L E L I S M O\nM A N U T E N Ç Ã O D O N O B R E A K\nPermite a inserção ou retirada de um No Break no sistema, sem a \nnecessidade de parada.Rede Elétrica\nde Entrada\nSaídaNo Break 1\n Potência de \n30 kVANo Break 2\nPotência de \n10 kVANo Break 3\nPotência de \n20 kVA\nCarga fornecida pelo sistema = 150 kVANo Break 4\nPotência de \n30 kVANo Break 5\nPotência de \n20 kVANo Break 6\nPotência de \n40 kVA\nINTERFACES DE \nGERENCIAMENTO   \nREMOTO\nSão compostas por diversas ferramentas. O \nAdaptador SNMP NetMate permite\ngerenciar remotamente o No Break via a \nInternet através de um web browser,\nmonitorar o status e enviar alertas por e-mail. \nO software IP Power é uma ferramenta de \ngerenciamento  Windows Application e a \nversão Client é específica para  automatizar o \nshutdown de servidores, podendo desligar \nautomática e simultaneamente vários\ns e r v i d o r e s  e  e s t a ç õ e s .\nO Adaptador ArmModbus permite integrar \no  N o  B r e a k ,  v i a  u m a  p o r t a\nRS485, a Sistemas de Automação Predial.', 'TECNOLOGIA ON LINE COM BYPASS ESTÁTICO DE MANUTENÇÃO\nINTERFACE DE GERENCIAMENTO REMOTO\nAs Interfaces de Gerenciamento Remoto são compostas por diversas ferramentas, sendo elas: \n•  O Adaptador SNMP que permite gerenciar remotamente o No-Break via Internet através de um web browser,  monitorar o status \ne enviar alertas por e-mail. \n• O software, uma ferramenta de gerenciamento Windows Application e a versão Client é especíﬁ  ca para automatizar o shutdown \nde servidores, podendo desligar automática e simultaneamente vários servidores e estações. \n• O Adaptador Modbus permite integrar o No-Break, via uma porta RS485, a Sistemas de Automação Predial.\nBypass Estático\nSistema de proteção que, em caso de \nproblemas, transfere automaticamente \na carga para um circuito alternativo, sem \ninterrupção no fornecimento de energia.Bypass Estático de Manutenção\nPermite a transferência e o retorno da carga do No-Break para um circuito \nalternativo de fornecimento de energia, para atividades de manutenção. \nEm quaisquer situações, o fornecimento de energia é contínuo, sem \ninterrupções.\nBanco de Baterias\nArmazena energia reserva para alimentar o No-Break \ndurante um período predeterminado, denominado como \ntempo de autonomia do No-Break.Retificador\nConverte a energia da\nrede elétrica da concessionária\n ou do grupo gerador em\ncorrente contínua, corrigindo \nou eliminando distúrbios\nda entrada do sistema.\nCorrente alternada de entradaCorrente contínua Corrente alternada de saída\nCorrente alternada Bypass estáticoCorrente alternada Bypass estático\nde manutenção\nInversor\nConverte a corrente contínua do \nretiﬁ  cador ou das baterias em corrente \nalternada de saída, com forma de onda \nsenoidal pura, livre de distúrbios.\nRetificador\nConverte a energia da\nrede elétrica da concessionária\n ou do grupo gerador em\nInversor\nConverte a corrente contínua do \nretiﬁ  cador ou das baterias em corrente \nalternada de saída, com forma de onda']","When a system is in ""Shutdown"" state, it implies that it has been intentionally stopped or halted. This could mean that the system is no longer processing new tasks or requests, and is conserving energy until it is started again. However, the specific implications can vary depending on the context. For instance, in the context of a computer, a shutdown would mean that all applications and services have been closed, and the system is safe to turn off. In the context of a power management system, a shutdown might refer to the safe closing down of servers and other devices, so that maintenance or repairs can be carried out. It is also important to note that a shutdown does not necessarily mean that the system is completely off, as there might be certain components or functions that continue to operate in a low-power mode.",As implicações de um sistema que está em 'Shutdown' podem incluir a interrupção de todas as operações e a necessidade de reinicialização para retomar as funções normais.,0.0,0.0,0.0,0.0,0.813398646242336,0.0,0.46,0.599023561367177,0.15301204819277103,0.04519774011299435,0.0,0.0,0,0,1,1,0
18,Quais as implicações de manter No-Break manualmente na operação?,"['S I S T E M A PA R A L E L O M U LT I AT I V O ( E X C L U S I V O C M C O M A N D O S )\nA CM Comandos Lineares desenvolveu um sistema inovador e pioneiro no mundo de paralelismo entre No Breaks. O sistema Paralelo \nMulti Ativo permite a expansão do sistema, de acordo com sua demanda de consumo, podendo paralelar quantas unidades forem \nnecessárias para atender sua demanda, elevando a capacidade do sistema e a confiabilidade de sua aplicação.\nP O S S I B I L I D A D E D E S O M A T Ó R I A D E  P O T Ê N C I A S\nPermite a ligação para somatória de potência, utilizando dois ou mais No \nBreaks para atingir a demanda da carga total.\nQuando utilizado para somatória de potência, possibilita a ligação de \nNo Breaks com potências diferentes. Quando a ligação for feita com No \nBreaks de potências diferentes, a carga será distribuída \nproporcionalmente. Permite a ligação em paralelo redundante N + 1,  N + 2, N + 3 … N+X,  \npossibilitando o desligamento de uma ou mais unidades mantendo a \ncarga ativa.L I G A Ç Ã O E M P A R A L E L O R E D U N D A N T E\nA comunicação entre os No Breaks consiste no barramento de \ncomunicação comum, por onde transitam informações contendo \nnível de carga, sincronismo e a condição do by pass.C O M U N I C A Ç Ã O E N T R E O S N O B R E A K STodos os No Breaks são autônomos, operam de forma \nindependente no sistema e possuem controle individual.N Ã O E X I S T E N O B R E A K M E S T R E O U E S C R A V OPodem ser paraleladas quantas unidades forem necessárias, \npossibilitando expansão do sistema, de acordo com a demanda de \nconsumo.Q U A N T I D A D E I L I M I T A D A P A R A P A R A L E L I S M O\nM A N U T E N Ç Ã O D O N O B R E A K\nPermite a inserção ou retirada de um No Break no sistema, sem a \nnecessidade de parada.Rede Elétrica\nde Entrada\nSaídaNo Break 1\n Potência de \n30 kVANo Break 2\nPotência de \n10 kVANo Break 3\nPotência de \n20 kVA\nCarga fornecida pelo sistema = 150 kVANo Break 4\nPotência de \n30 kVANo Break 5\nPotência de \n20 kVANo Break 6\nPotência de \n40 kVA\nINTERFACES DE \nGERENCIAMENTO   \nREMOTO\nSão compostas por diversas ferramentas. O \nAdaptador SNMP NetMate permite\ngerenciar remotamente o No Break via a \nInternet através de um web browser,\nmonitorar o status e enviar alertas por e-mail. \nO software IP Power é uma ferramenta de \ngerenciamento  Windows Application e a \nversão Client é específica para  automatizar o \nshutdown de servidores, podendo desligar \nautomática e simultaneamente vários\ns e r v i d o r e s  e  e s t a ç õ e s .\nO Adaptador ArmModbus permite integrar \no  N o  B r e a k ,  v i a  u m a  p o r t a\nRS485, a Sistemas de Automação Predial.', 'TECNOLOGIA ON LINE COM BYPASS ESTÁTICO DE MANUTENÇÃO\nINTERFACE DE GERENCIAMENTO REMOTO\nAs Interfaces de Gerenciamento Remoto são compostas por diversas ferramentas, sendo elas: \n•  O Adaptador SNMP que permite gerenciar remotamente o No-Break via Internet através de um web browser,  monitorar o status \ne enviar alertas por e-mail. \n• O software, uma ferramenta de gerenciamento Windows Application e a versão Client é especíﬁ  ca para automatizar o shutdown \nde servidores, podendo desligar automática e simultaneamente vários servidores e estações. \n• O Adaptador Modbus permite integrar o No-Break, via uma porta RS485, a Sistemas de Automação Predial.\nBypass Estático\nSistema de proteção que, em caso de \nproblemas, transfere automaticamente \na carga para um circuito alternativo, sem \ninterrupção no fornecimento de energia.Bypass Estático de Manutenção\nPermite a transferência e o retorno da carga do No-Break para um circuito \nalternativo de fornecimento de energia, para atividades de manutenção. \nEm quaisquer situações, o fornecimento de energia é contínuo, sem \ninterrupções.\nBanco de Baterias\nArmazena energia reserva para alimentar o No-Break \ndurante um período predeterminado, denominado como \ntempo de autonomia do No-Break.Retificador\nConverte a energia da\nrede elétrica da concessionária\n ou do grupo gerador em\ncorrente contínua, corrigindo \nou eliminando distúrbios\nda entrada do sistema.\nCorrente alternada de entradaCorrente contínua Corrente alternada de saída\nCorrente alternada Bypass estáticoCorrente alternada Bypass estático\nde manutenção\nInversor\nConverte a corrente contínua do \nretiﬁ  cador ou das baterias em corrente \nalternada de saída, com forma de onda \nsenoidal pura, livre de distúrbios.\nRetificador\nConverte a energia da\nrede elétrica da concessionária\n ou do grupo gerador em\nInversor\nConverte a corrente contínua do \nretiﬁ  cador ou das baterias em corrente \nalternada de saída, com forma de onda']","Manually keeping a No-Break operational has implications related to the management and control of the system. Firstly, it would require constant supervision to ensure the No-Break is functioning correctly and providing the necessary power backup. This could lead to increased labor costs and potential human errors.

Secondly, manual operation may not allow for the optimal distribution of loads when connecting No-Breaks with different power ratings, as the system would not automatically adjust the distribution according to the demand. This could result in an inefficient power supply and potentially reduced equipment lifespan.

Lastly, without the use of remote management tools, monitoring the status and performance of the No-Break would be challenging. This could lead to delays in identifying and addressing issues, which might increase the risk of system failures or downtime.",As implicações de manter No-Break manualmente na operação incluem a possibilidade de realizar manutenção sem desligar a carga e a reposição ao modo normal sem interrupção.,0.99999999995,1.0,0.0,0.25,0.9481343619402374,0.08333333333333333,0.12,0.730016583835241,0.14785553047404065,0.03614457831325301,0.0,0.0,1,1,1,1,1
19,Quais as implicações de manter o No-Break manualmente para a operação?,"['S I S T E M A PA R A L E L O M U LT I AT I V O ( E X C L U S I V O C M C O M A N D O S )\nA CM Comandos Lineares desenvolveu um sistema inovador e pioneiro no mundo de paralelismo entre No Breaks. O sistema Paralelo \nMulti Ativo permite a expansão do sistema, de acordo com sua demanda de consumo, podendo paralelar quantas unidades forem \nnecessárias para atender sua demanda, elevando a capacidade do sistema e a confiabilidade de sua aplicação.\nP O S S I B I L I D A D E D E S O M A T Ó R I A D E  P O T Ê N C I A S\nPermite a ligação para somatória de potência, utilizando dois ou mais No \nBreaks para atingir a demanda da carga total.\nQuando utilizado para somatória de potência, possibilita a ligação de \nNo Breaks com potências diferentes. Quando a ligação for feita com No \nBreaks de potências diferentes, a carga será distribuída \nproporcionalmente. Permite a ligação em paralelo redundante N + 1,  N + 2, N + 3 … N+X,  \npossibilitando o desligamento de uma ou mais unidades mantendo a \ncarga ativa.L I G A Ç Ã O E M P A R A L E L O R E D U N D A N T E\nA comunicação entre os No Breaks consiste no barramento de \ncomunicação comum, por onde transitam informações contendo \nnível de carga, sincronismo e a condição do by pass.C O M U N I C A Ç Ã O E N T R E O S N O B R E A K STodos os No Breaks são autônomos, operam de forma \nindependente no sistema e possuem controle individual.N Ã O E X I S T E N O B R E A K M E S T R E O U E S C R A V OPodem ser paraleladas quantas unidades forem necessárias, \npossibilitando expansão do sistema, de acordo com a demanda de \nconsumo.Q U A N T I D A D E I L I M I T A D A P A R A P A R A L E L I S M O\nM A N U T E N Ç Ã O D O N O B R E A K\nPermite a inserção ou retirada de um No Break no sistema, sem a \nnecessidade de parada.Rede Elétrica\nde Entrada\nSaídaNo Break 1\n Potência de \n30 kVANo Break 2\nPotência de \n10 kVANo Break 3\nPotência de \n20 kVA\nCarga fornecida pelo sistema = 150 kVANo Break 4\nPotência de \n30 kVANo Break 5\nPotência de \n20 kVANo Break 6\nPotência de \n40 kVA\nINTERFACES DE \nGERENCIAMENTO   \nREMOTO\nSão compostas por diversas ferramentas. O \nAdaptador SNMP NetMate permite\ngerenciar remotamente o No Break via a \nInternet através de um web browser,\nmonitorar o status e enviar alertas por e-mail. \nO software IP Power é uma ferramenta de \ngerenciamento  Windows Application e a \nversão Client é específica para  automatizar o \nshutdown de servidores, podendo desligar \nautomática e simultaneamente vários\ns e r v i d o r e s  e  e s t a ç õ e s .\nO Adaptador ArmModbus permite integrar \no  N o  B r e a k ,  v i a  u m a  p o r t a\nRS485, a Sistemas de Automação Predial.', 'TECNOLOGIA ON LINE COM BYPASS ESTÁTICO DE MANUTENÇÃO\nINTERFACE DE GERENCIAMENTO REMOTO\nAs Interfaces de Gerenciamento Remoto são compostas por diversas ferramentas, sendo elas: \n•  O Adaptador SNMP que permite gerenciar remotamente o No-Break via Internet através de um web browser,  monitorar o status \ne enviar alertas por e-mail. \n• O software, uma ferramenta de gerenciamento Windows Application e a versão Client é especíﬁ  ca para automatizar o shutdown \nde servidores, podendo desligar automática e simultaneamente vários servidores e estações. \n• O Adaptador Modbus permite integrar o No-Break, via uma porta RS485, a Sistemas de Automação Predial.\nBypass Estático\nSistema de proteção que, em caso de \nproblemas, transfere automaticamente \na carga para um circuito alternativo, sem \ninterrupção no fornecimento de energia.Bypass Estático de Manutenção\nPermite a transferência e o retorno da carga do No-Break para um circuito \nalternativo de fornecimento de energia, para atividades de manutenção. \nEm quaisquer situações, o fornecimento de energia é contínuo, sem \ninterrupções.\nBanco de Baterias\nArmazena energia reserva para alimentar o No-Break \ndurante um período predeterminado, denominado como \ntempo de autonomia do No-Break.Retificador\nConverte a energia da\nrede elétrica da concessionária\n ou do grupo gerador em\ncorrente contínua, corrigindo \nou eliminando distúrbios\nda entrada do sistema.\nCorrente alternada de entradaCorrente contínua Corrente alternada de saída\nCorrente alternada Bypass estáticoCorrente alternada Bypass estático\nde manutenção\nInversor\nConverte a corrente contínua do \nretiﬁ  cador ou das baterias em corrente \nalternada de saída, com forma de onda \nsenoidal pura, livre de distúrbios.\nRetificador\nConverte a energia da\nrede elétrica da concessionária\n ou do grupo gerador em\nInversor\nConverte a corrente contínua do \nretiﬁ  cador ou das baterias em corrente \nalternada de saída, com forma de onda']","Manually maintaining a No-Break unit can have several implications for its operation:

1. Increased workload: Manual maintenance requires a dedicated team to constantly monitor and service the No-Break unit, which can be labor-intensive and time-consuming.

2. Human error: Manual maintenance increases the risk of errors due to human intervention, which can lead to system downtime or damage to the equipment.

3. Reduced efficiency: Manual maintenance may not be as efficient as automated systems, leading to potential delays in identifying and addressing issues.

4. Lack of scalability: Manual maintenance may not be able to keep up with increasing demand or load, limiting the system's ability to expand and adapt to changing needs.

5. Inconsistent maintenance: Manual maintenance may result in inconsistent practices, leading to potential discrepancies in the quality of care provided to the No-Break unit.

6. Increased costs: Manual maintenance can be more costly in the long run due to the need for additional staffing, training, and potential repairs or replacements caused by human error.

7. Limited data analysis: Manual maintenance may not provide the same level of data analysis and reporting capabilities as automated systems, making it more difficult to track performance and identify trends over time.

8. Safety concerns: Manual maintenance can pose safety risks to personnel if proper precautions and training are not taken.

9. Reduced reliability: Manual maintenance may lead to reduced reliability due to the increased potential for errors and inconsistencies.

10. Limited integration: Manual maintenance may not integrate as seamlessly with other systems or components, potentially limiting the overall functionality and efficiency of the No-Break unit.",Manter o No-Break manualmente permite a manutenção sem desligar a carga e reposição ao modo normal sem interrupção.,0.99999999995,1.0,0.0,0.0,0.8470724295346644,0.0,0.0,0.5533938625335799,0.06070826306914001,0.020618556701030927,0.0,0.0,1,0,1,1,0
20,Quais sã os diferent tipos de alrmes controlados pel processador DSP e como elis se manifestam?,"['Alta Tecnologia em\nProcessamento Digital de Sinais - DSP\nHoje esta tecnologia está presente nos mais soﬁ  sticados sistemas eletrônicos devido a sua alta velocidade e conﬁ  abil-\ndade. Processadores Digitais de Sinais são capazes de processar dez milhões de amostragens por segundo. Isso signiﬁ  -\nca processamento em tempo real - o sinal é processado no mesmo instante em que é recebido, sem retardos ou atrasos.Vivemos  em um mundo cada vez mais ágil e prático. Um mundo conectado por processadores, chips, softwares e periféricos.  Mas \nainda não é o bastante, por isso, o mundo caminha para tecnologias de processamento imediato de dados. A CM Comandos está \num passo à frente e oferece aos seus clientes produtos dotados de uma tecnologia revolucionária, denominada Processamento \nDigital de Sinais - DSP .\nToda linha de No-Breaks Composition conta com a tecno-\nlogia DSP . Característica que proporciona alta performa-\nce e conﬁ  abilidade, tornando-os ideais para aplicações de \nmissão crítica. Ou seja, protegem as aplicações nas quais a  \ncontinuidade da operação é de fundamental importância. \nProjetados com o uso intenso dos recursos da tecnologia\nDSP , os No-Breaks Composition agregam novos e avançados \nrecursos que estabelecem um novo conceito em desenvolvi-\nmento, no qual o ﬁ  rmware dos equipamentos pode ser atuali-\nzado acrescentando novas funções em  unidades já instaladas.\nAo pensar em adquirir No-Breaks, conte com as soluções da \nCM Comandos, que asseguram tecnologia de ponta, máxima \nproteção, precisão digital e processamento em tempo real.OS MAIS MODERNOS NO-BREAKS CORPORATIVOS', 'Alta Tecnolog ia em\nProcessament o Dig ital\nde Sinais - DSP\nOS MAIS MODERNOS\nNO-BREAKS CORPORATIVOSVivemos em um mundo cada v ez mais ág il e prático . Um mundo conec tado por pr ocessador es, chips , softwares e \nperiféricos. Mas isso ainda não é o bastant e. Por isso , o mundo caminha para t ecnolog ias de pr ocessament o imediat o \nde dados . A CM C omandos Linear es está um passo à fr ente e of erece aos seus client es pr odut os dotados de uma \ntecnolog ia revolucionár ia, denominada P rocessament o Dig ital de Sinais - - DSP .\nToda a linha de No -Breaks  \nconta com a t ecnolog ia DSP .  Carac terística que \npropor ciona alta per formance e confiabilidade , Conception Multi Ativ o \npara aplicações de missão cr ítica. Ou seja, pr otegem as aplicações nas quais a continuidade da operação é de \nfundamental impor tância.\nequipament os pode ser atualizado , \nacrescentando novas funções em \nunidades já instaladas . Hoje , esta t ecnolog ia está pr esent e nos mais sofisticados sist emas eletr ônicos , devido à sua alta v elocidade e \nconfiabilidade . Processador es Dig itais de Sinais são capaz es de pr ocessar dez milhões de amostragens por segundo . \nIsso sig nifica pr ocessament o em t empo r eal -- o sinal é pr ocessado no mesmo instant e em que é r ecebido , sem \nretardos ou atrasos .\nProjetados com o uso int enso dos r ecursos da t ecnolog ia DSP ,  os No -Breaks C onception Multi Ativ o  ag regam nov os  \ne avançados r ecursos , que estabelecem um nov o conceit o em desen volviment o, no qual o fir mware dos \nAdquir indo No -Breaks , cont e com as \nsoluções da CM C omandos , que \nasseguram t ecnolog ia de ponta, \nmáxima pr oteção , precisão dig ital e \nprocessament o em t empo r eal.  Modelo 300kV A']","Based on the provided context, the DSP (Digital Signal Processing) technology in the No-Break systems offered by CM Commandos is capable of processing millions of samples per second, enabling real-time processing with no delays or latency. Although the context does not explicitly list the different types of alarms controlled by the DSP, it can be inferred that this technology contributes to the overall performance and reliability of the No-Break systems, ensuring mission-critical applications are protected with maximum protection, precision, and real-time processing.

However, the specific alarm types and their manifestations are not detailed in the context. For a comprehensive understanding of the alarms and their behaviors, additional context or documentation specific to the alarm system would be required.","Os diferentes tipos de alarmes controlados pelo processador DSP incluem alarmes sonoros, como falta de rede (1 toque por segundo) e pré-alarme das baterias (2 toques por segundo), além de mensagens de alerta que podem ser exibidas em um display de cristal líquido, enviadas via software IP Power por TCP/IP ou por e-mail.",0.0,0.0,0.0,0.0,0.0,1.0,0.29,0.574535267259112,0.22344322344322343,0.04419889502762431,0.0,0.0,1,1,1,0,0
21,Quais são os diferentes tipos de alarmes controlados pelo processador DSP e como eles se manifestam?,"['Alta Tecnologia em\nProcessamento Digital de Sinais - DSP\nHoje esta tecnologia está presente nos mais soﬁ  sticados sistemas eletrônicos devido a sua alta velocidade e conﬁ  abil-\ndade. Processadores Digitais de Sinais são capazes de processar dez milhões de amostragens por segundo. Isso signiﬁ  -\nca processamento em tempo real - o sinal é processado no mesmo instante em que é recebido, sem retardos ou atrasos.Vivemos  em um mundo cada vez mais ágil e prático. Um mundo conectado por processadores, chips, softwares e periféricos.  Mas \nainda não é o bastante, por isso, o mundo caminha para tecnologias de processamento imediato de dados. A CM Comandos está \num passo à frente e oferece aos seus clientes produtos dotados de uma tecnologia revolucionária, denominada Processamento \nDigital de Sinais - DSP .\nToda linha de No-Breaks Composition conta com a tecno-\nlogia DSP . Característica que proporciona alta performa-\nce e conﬁ  abilidade, tornando-os ideais para aplicações de \nmissão crítica. Ou seja, protegem as aplicações nas quais a  \ncontinuidade da operação é de fundamental importância. \nProjetados com o uso intenso dos recursos da tecnologia\nDSP , os No-Breaks Composition agregam novos e avançados \nrecursos que estabelecem um novo conceito em desenvolvi-\nmento, no qual o ﬁ  rmware dos equipamentos pode ser atuali-\nzado acrescentando novas funções em  unidades já instaladas.\nAo pensar em adquirir No-Breaks, conte com as soluções da \nCM Comandos, que asseguram tecnologia de ponta, máxima \nproteção, precisão digital e processamento em tempo real.OS MAIS MODERNOS NO-BREAKS CORPORATIVOS', 'Alta Tecnolog ia em\nProcessament o Dig ital\nde Sinais - DSP\nOS MAIS MODERNOS\nNO-BREAKS CORPORATIVOSVivemos em um mundo cada v ez mais ág il e prático . Um mundo conec tado por pr ocessador es, chips , softwares e \nperiféricos. Mas isso ainda não é o bastant e. Por isso , o mundo caminha para t ecnolog ias de pr ocessament o imediat o \nde dados . A CM C omandos Linear es está um passo à fr ente e of erece aos seus client es pr odut os dotados de uma \ntecnolog ia revolucionár ia, denominada P rocessament o Dig ital de Sinais - - DSP .\nToda a linha de No -Breaks  \nconta com a t ecnolog ia DSP .  Carac terística que \npropor ciona alta per formance e confiabilidade , Conception Multi Ativ o \npara aplicações de missão cr ítica. Ou seja, pr otegem as aplicações nas quais a continuidade da operação é de \nfundamental impor tância.\nequipament os pode ser atualizado , \nacrescentando novas funções em \nunidades já instaladas . Hoje , esta t ecnolog ia está pr esent e nos mais sofisticados sist emas eletr ônicos , devido à sua alta v elocidade e \nconfiabilidade . Processador es Dig itais de Sinais são capaz es de pr ocessar dez milhões de amostragens por segundo . \nIsso sig nifica pr ocessament o em t empo r eal -- o sinal é pr ocessado no mesmo instant e em que é r ecebido , sem \nretardos ou atrasos .\nProjetados com o uso int enso dos r ecursos da t ecnolog ia DSP ,  os No -Breaks C onception Multi Ativ o  ag regam nov os  \ne avançados r ecursos , que estabelecem um nov o conceit o em desen volviment o, no qual o fir mware dos \nAdquir indo No -Breaks , cont e com as \nsoluções da CM C omandos , que \nasseguram t ecnolog ia de ponta, \nmáxima pr oteção , precisão dig ital e \nprocessament o em t empo r eal.  Modelo 300kV A']","Based on the provided context, the DSP (Digital Signal Processing) technology in the No-Breaks products offered by CM Comandos controls various types of alarms. However, the context does not provide specific details about the different types of alarms and how they manifest. Therefore, it is not possible to answer this question without additional information.","Os diferentes tipos de alarmes controlados pelo processador DSP incluem alarmes sonoros, como falta de rede (1 toque por segundo) e pré-alarmes das baterias (2 toques por segundo), além de mensagens de alerta que podem ser exibidas em um display de cristal líquido, enviadas via software IP Power por TCP/IP ou por e-mail.",0.0,0.0,0.0,0.0,0.0,0.75,0.0,0.5907360820253837,0.25277777777777777,0.05309734513274336,0.0,0.0,0,0,1,0,0
22,Quais os impactos das variações de tensão e corrente nas medições e desempenho dos sistemas?,"['TECNOLOGIA  EQUALIZER\nEqualização A tiva Individual das Ba terias\n O módulo de bater ia ativ o regula individualmente a \ntensão de cada bater ia e as mantém homogêneas , \nelevando a sua durabilidade , capacidade e r esistência \ncontra cor rosão e sulfatação .\nEvita e pr otege c ontr a Ex cesso de C arga\nAtrav és da Equalização Ativa as bater ias são pr oteg idas \nindividualmente contra o ex cesso de car ga, pr evenindo -\nas contra exalação de gases , secagem do eletr ólito \ninter no e do aquecimento inter no em ex cesso .\nEvita e pr otege c ontr a Falta de C arga\nA Equalização Ativa individual das bater ias impede que \nas mesmas r ecebam menor tensão que dev eriam, \nevitando -se a sulfatação e a per da de capacidade .\nIndicador de P roblemas da Ba teria\nAtrav és da medição da Tensão , Impedância e \nTemperatura, o sistema monitora os pr oblemas típicos \ndas bater ias, tais como sulfatação , cor rosão , per da de \ngases , secagem do eletr ólito e aquecimento inter no.Elimina a Sulfa tação das Ba terias\nO pr oblema decor re dos car regador es e r etificador es de \nbater ias, que r egulam a tensão de flutuação ou \nequalização na tensão final das bater ias e não garantem \nque em algumas  bater ias elas r ecebam maior tensão e , \nem outras , menor tensão . Atrav és da Equalização Ativa, \nmantêm-se todas as bater ias com tensão equilibrada.\nProteção c ontr a contaminação de ba terias\nAtrav és da Equalização Ativa individual de cada bater ia, \nevitam-se danos de uma bater ia a outras bater ias \npróximas , o ef eito de contaminação , ou seja, uma bater ia \nruim danifica as boas .\nOtimização da capacidade das ba terias\nGraças à Equalização Ativa, o Equaliz er garante a plena \nrecar ga e a máxima otimização da bater ia.\nAler ta par a substituir ba terias\nAtrav és da análise da cur va de impedância, pode -se \nidentificar a tendência, já na fase inicial de instalação , se \nalguma bater ia está deter iorada ou simplesmente mais \nfraca do que as outras . Quanto antes ef etuar este \ndiag nóstico , melhor será para o r estante da vida útil das \ndemais bater ias.Alarmes de ba teria\nAtrav és do monitoramento dos parâmetr os-chav e das \nbater ias e medições de limites pr eestabelecidos , o \nsistema en via avisos de alar mes automaticamente aos \nadministrador es do sistema.\nManutenção à distância \nO Equaliz er melhora a qualidade do ser viço, fornecendo \nmonitoramento r emoto atrav és da I nternet, VPN ou \noutra r ede, para faz er download de dados em tempo \nreal e acesso ao histór ico da bater ia para análise . \nManutenção sem desligar o sistema\nOs testes de bater ia individuais são possív eis \nremotamente , sem o esf orço para desligar as bater ias. \nAs manutenções e as análises  de bater ia podem ser \nrealizadas em condições r eais de operação , sem a \nnecessidade de paradas no sistema.\nOtimiza a manutenção em campo\nA equipe de manutenção se desloca somente quando \nhá inter venções cor retivas e dir etas na bater ia que \napresentar def eito na ocor rência de alar mes ou na \nanálise de diag nóstico e , é clar o, reduz enor mes custos \noperacionais .\nOSD  N LI A NM EO AC R EM SCISO\n90012015\nAv. Eng .', 'Módulo de Ba teria Equaliz er\nProcessador:   DSP\nInter faces:  2 Portas RJ11\nSensor Temper atura:  Interno\nGabinete:   ABS\nDimensões:   12 x 65 x 113 mm - 50 g\no\n  Ambiente:   abrigado , IP-20, 0 a 60 C, umidade\n  relativa máx 90% não condensante .\nModelo Equaliz er M12 - MB02 \nTensão nominal:   12 VDC - 02VDC \nCapacidade:  7 a 600 Ah - 7 a 5.000 Ah n   \nn    \nn    \nn    \nn   \nn \nn   \nn   \nn   \nMódulo de C orrente \n Descrição:\nAcessório (opcional) destinado à medição da \ncorrente elétrica que circula pelo banco de \nbaterias com indicação do sentido da corrente \nelétrica (C arga ou Descar ga).\nEspecificações:\nTensão de alimentação:  5V\nErro:  ≤ 1,5% @ corrente nominal\nComunicação:  RS-232 (Nív el TTL)n \nn']","Fluctuations in voltage and current can impact the accuracy of measurements and the overall performance of systems. In the context of the Equalizer system, inconsistent voltage can lead to issues like sulfation, reduced capacity, and corrosion in batteries. It can also cause contamination, where a faulty battery negatively affects the performance of nearby batteries. On the other hand, precise current measurement is essential for understanding the behavior of the system and ensuring optimal performance. The optional Current Module accessory measures the electrical current and its direction, providing valuable data for monitoring and maintaining the system.","As variações de tensão e corrente impactam as medições e o desempenho dos sistemas, afetando a precisão das medições de potência, tensão e corrente, além de influenciar a eficiência operacional dos equipamentos.",0.9999999999,0.0,0.0,0.0,0.6459847575193441,0.5454545454545454,0.21,0.5791836515422724,0.21084337349397586,0.014705882352941178,0.0,0.0,0,0,1,1,1
23,Quais os impacto das variaçõe de tensão e corrente nas medições elétrica e no desempenho dos sistema elétrico?,"['Módulo de Ba teria Equaliz er\nProcessador:   DSP\nInter faces:  2 Portas RJ11\nSensor Temper atura:  Interno\nGabinete:   ABS\nDimensões:   12 x 65 x 113 mm - 50 g\no\n  Ambiente:   abrigado , IP-20, 0 a 60 C, umidade\n  relativa máx 90% não condensante .\nModelo Equaliz er M12 - MB02 \nTensão nominal:   12 VDC - 02VDC \nCapacidade:  7 a 600 Ah - 7 a 5.000 Ah n   \nn    \nn    \nn    \nn   \nn \nn   \nn   \nn   \nMódulo de C orrente \n Descrição:\nAcessório (opcional) destinado à medição da \ncorrente elétrica que circula pelo banco de \nbaterias com indicação do sentido da corrente \nelétrica (C arga ou Descar ga).\nEspecificações:\nTensão de alimentação:  5V\nErro:  ≤ 1,5% @ corrente nominal\nComunicação:  RS-232 (Nív el TTL)n \nn', 'TECNOLOGIA  EQUALIZER\nEqualização A tiva Individual das Ba terias\n O módulo de bater ia ativ o regula individualmente a \ntensão de cada bater ia e as mantém homogêneas , \nelevando a sua durabilidade , capacidade e r esistência \ncontra cor rosão e sulfatação .\nEvita e pr otege c ontr a Ex cesso de C arga\nAtrav és da Equalização Ativa as bater ias são pr oteg idas \nindividualmente contra o ex cesso de car ga, pr evenindo -\nas contra exalação de gases , secagem do eletr ólito \ninter no e do aquecimento inter no em ex cesso .\nEvita e pr otege c ontr a Falta de C arga\nA Equalização Ativa individual das bater ias impede que \nas mesmas r ecebam menor tensão que dev eriam, \nevitando -se a sulfatação e a per da de capacidade .\nIndicador de P roblemas da Ba teria\nAtrav és da medição da Tensão , Impedância e \nTemperatura, o sistema monitora os pr oblemas típicos \ndas bater ias, tais como sulfatação , cor rosão , per da de \ngases , secagem do eletr ólito e aquecimento inter no.Elimina a Sulfa tação das Ba terias\nO pr oblema decor re dos car regador es e r etificador es de \nbater ias, que r egulam a tensão de flutuação ou \nequalização na tensão final das bater ias e não garantem \nque em algumas  bater ias elas r ecebam maior tensão e , \nem outras , menor tensão . Atrav és da Equalização Ativa, \nmantêm-se todas as bater ias com tensão equilibrada.\nProteção c ontr a contaminação de ba terias\nAtrav és da Equalização Ativa individual de cada bater ia, \nevitam-se danos de uma bater ia a outras bater ias \npróximas , o ef eito de contaminação , ou seja, uma bater ia \nruim danifica as boas .\nOtimização da capacidade das ba terias\nGraças à Equalização Ativa, o Equaliz er garante a plena \nrecar ga e a máxima otimização da bater ia.\nAler ta par a substituir ba terias\nAtrav és da análise da cur va de impedância, pode -se \nidentificar a tendência, já na fase inicial de instalação , se \nalguma bater ia está deter iorada ou simplesmente mais \nfraca do que as outras . Quanto antes ef etuar este \ndiag nóstico , melhor será para o r estante da vida útil das \ndemais bater ias.Alarmes de ba teria\nAtrav és do monitoramento dos parâmetr os-chav e das \nbater ias e medições de limites pr eestabelecidos , o \nsistema en via avisos de alar mes automaticamente aos \nadministrador es do sistema.\nManutenção à distância \nO Equaliz er melhora a qualidade do ser viço, fornecendo \nmonitoramento r emoto atrav és da I nternet, VPN ou \noutra r ede, para faz er download de dados em tempo \nreal e acesso ao histór ico da bater ia para análise . \nManutenção sem desligar o sistema\nOs testes de bater ia individuais são possív eis \nremotamente , sem o esf orço para desligar as bater ias. \nAs manutenções e as análises  de bater ia podem ser \nrealizadas em condições r eais de operação , sem a \nnecessidade de paradas no sistema.\nOtimiza a manutenção em campo\nA equipe de manutenção se desloca somente quando \nhá inter venções cor retivas e dir etas na bater ia que \napresentar def eito na ocor rência de alar mes ou na \nanálise de diag nóstico e , é clar o, reduz enor mes custos \noperacionais .\nOSD  N LI A NM EO AC R EM SCISO\n90012015\nAv. Eng .']","Fluctuations in voltage and current can have significant impacts on electrical measurements and the performance of electrical systems. When voltage varies, it can lead to inaccurate readings in electrical measurements, as many sensors and devices rely on a stable voltage supply to function correctly. Additionally, voltage fluctuations can cause equipment to malfunction or even damage connected devices.

On the other hand, current fluctuations can also negatively affect electrical systems. For instance, high current levels can generate heat, which may damage components and wiring, leading to system failure. In some cases, current fluctuations can also cause electrical noise, which interferes with signal transmission and accurate measurements.

In the context of the provided information, maintaining stable voltage and current levels is crucial for the proper functioning and longevity of the battery equalizer system. The system's performance, including equalization, protection against overcharging and undercharging, and monitoring of battery problems, depends on accurate electrical measurements and the reliable operation of its components. Therefore, it is essential to ensure that voltage and current levels remain within the specified ranges to guarantee the system's optimal performance and prevent potential damage to the components.","As variações de tensão e corrente impactam as medições elétricas e o desempenho do sistema elétrico, afetando a potência de saída, a precisão das medições e a eficiência geral do sistema.",0.49999999995,0.0,0.0,0.0,0.8948401061522328,0.05,0.45,0.5929395872850143,0.11686390532544377,0.017391304347826084,0.0,0.0,0,1,1,1,0
24,Quais sã as implicações da xoxha de materiais e design na eficienci e funcionalidade de um eqipamento técnico?,"['TECNOLOGIA  EQUALIZER\nEqualização A tiva Individual das Ba terias\n O módulo de bater ia ativ o regula individualmente a \ntensão de cada bater ia e as mantém homogêneas , \nelevando a sua durabilidade , capacidade e r esistência \ncontra cor rosão e sulfatação .\nEvita e pr otege c ontr a Ex cesso de C arga\nAtrav és da Equalização Ativa as bater ias são pr oteg idas \nindividualmente contra o ex cesso de car ga, pr evenindo -\nas contra exalação de gases , secagem do eletr ólito \ninter no e do aquecimento inter no em ex cesso .\nEvita e pr otege c ontr a Falta de C arga\nA Equalização Ativa individual das bater ias impede que \nas mesmas r ecebam menor tensão que dev eriam, \nevitando -se a sulfatação e a per da de capacidade .\nIndicador de P roblemas da Ba teria\nAtrav és da medição da Tensão , Impedância e \nTemperatura, o sistema monitora os pr oblemas típicos \ndas bater ias, tais como sulfatação , cor rosão , per da de \ngases , secagem do eletr ólito e aquecimento inter no.Elimina a Sulfa tação das Ba terias\nO pr oblema decor re dos car regador es e r etificador es de \nbater ias, que r egulam a tensão de flutuação ou \nequalização na tensão final das bater ias e não garantem \nque em algumas  bater ias elas r ecebam maior tensão e , \nem outras , menor tensão . Atrav és da Equalização Ativa, \nmantêm-se todas as bater ias com tensão equilibrada.\nProteção c ontr a contaminação de ba terias\nAtrav és da Equalização Ativa individual de cada bater ia, \nevitam-se danos de uma bater ia a outras bater ias \npróximas , o ef eito de contaminação , ou seja, uma bater ia \nruim danifica as boas .\nOtimização da capacidade das ba terias\nGraças à Equalização Ativa, o Equaliz er garante a plena \nrecar ga e a máxima otimização da bater ia.\nAler ta par a substituir ba terias\nAtrav és da análise da cur va de impedância, pode -se \nidentificar a tendência, já na fase inicial de instalação , se \nalguma bater ia está deter iorada ou simplesmente mais \nfraca do que as outras . Quanto antes ef etuar este \ndiag nóstico , melhor será para o r estante da vida útil das \ndemais bater ias.Alarmes de ba teria\nAtrav és do monitoramento dos parâmetr os-chav e das \nbater ias e medições de limites pr eestabelecidos , o \nsistema en via avisos de alar mes automaticamente aos \nadministrador es do sistema.\nManutenção à distância \nO Equaliz er melhora a qualidade do ser viço, fornecendo \nmonitoramento r emoto atrav és da I nternet, VPN ou \noutra r ede, para faz er download de dados em tempo \nreal e acesso ao histór ico da bater ia para análise . \nManutenção sem desligar o sistema\nOs testes de bater ia individuais são possív eis \nremotamente , sem o esf orço para desligar as bater ias. \nAs manutenções e as análises  de bater ia podem ser \nrealizadas em condições r eais de operação , sem a \nnecessidade de paradas no sistema.\nOtimiza a manutenção em campo\nA equipe de manutenção se desloca somente quando \nhá inter venções cor retivas e dir etas na bater ia que \napresentar def eito na ocor rência de alar mes ou na \nanálise de diag nóstico e , é clar o, reduz enor mes custos \noperacionais .\nOSD  N LI A NM EO AC R EM SCISO\n90012015\nAv. Eng .', 'Alta Tecnolog ia em\nProcessament o Dig ital\nde Sinais - DSP\nOS MAIS MODERNOS\nNO-BREAKS CORPORATIVOSVivemos em um mundo cada v ez mais ág il e prático . Um mundo conec tado por pr ocessador es, chips , softwares e \nperiféricos. Mas isso ainda não é o bastant e. Por isso , o mundo caminha para t ecnolog ias de pr ocessament o imediat o \nde dados . A CM C omandos Linear es está um passo à fr ente e of erece aos seus client es pr odut os dotados de uma \ntecnolog ia revolucionár ia, denominada P rocessament o Dig ital de Sinais - - DSP .\nToda a linha de No -Breaks  \nconta com a t ecnolog ia DSP .  Carac terística que \npropor ciona alta per formance e confiabilidade , Conception Multi Ativ o \npara aplicações de missão cr ítica. Ou seja, pr otegem as aplicações nas quais a continuidade da operação é de \nfundamental impor tância.\nequipament os pode ser atualizado , \nacrescentando novas funções em \nunidades já instaladas . Hoje , esta t ecnolog ia está pr esent e nos mais sofisticados sist emas eletr ônicos , devido à sua alta v elocidade e \nconfiabilidade . Processador es Dig itais de Sinais são capaz es de pr ocessar dez milhões de amostragens por segundo . \nIsso sig nifica pr ocessament o em t empo r eal -- o sinal é pr ocessado no mesmo instant e em que é r ecebido , sem \nretardos ou atrasos .\nProjetados com o uso int enso dos r ecursos da t ecnolog ia DSP ,  os No -Breaks C onception Multi Ativ o  ag regam nov os  \ne avançados r ecursos , que estabelecem um nov o conceit o em desen volviment o, no qual o fir mware dos \nAdquir indo No -Breaks , cont e com as \nsoluções da CM C omandos , que \nasseguram t ecnolog ia de ponta, \nmáxima pr oteção , precisão dig ital e \nprocessament o em t empo r eal.  Modelo 300kV A']","The use of advanced materials and design can significantly impact the efficiency and functionality of a technical equipment. For instance, in the context of the Equalizer system, the use of cutting-edge DSP (Digital Signal Processing) technology allows for high-performance and reliability, enabling the system to process millions of samples per second in real-time. This results in improved performance, faster response times, and enhanced protection for critical applications.

Similarly, the design of the Equalizer system includes individual equalization of battery cells, which helps maintain optimal voltage levels, prevent sulfation and gas buildup, and extend battery life. The system also includes monitoring and alert features that detect potential issues and provide timely warnings to administrators.

Therefore, the choice of materials and design can greatly affect the overall performance, durability, and safety of a technical equipment. By incorporating advanced technologies and innovative design solutions, manufacturers can create more efficient, reliable, and functional systems.","As implicações da escolha de materiais e design na eficiência e funcionalidade de um equipamento técnico incluem a utilização de estruturas metálicas e painéis de alta resistência, que contribuem para a durabilidade e a movimentação facilitada do equipamento.",0.0,0.0,0.0,0.0,0.574696227624789,0.6923076923076923,0.33,0.5557179407813977,0.1710646041856233,0.03015075376884422,0.0,0.0,0,0,1,1,1
25,Quais são as implicações do material e design na eficiência de um equipamento técnico?,"['TECNOLOGIA  EQUALIZER\nEqualização A tiva Individual das Ba terias\n O módulo de bater ia ativ o regula individualmente a \ntensão de cada bater ia e as mantém homogêneas , \nelevando a sua durabilidade , capacidade e r esistência \ncontra cor rosão e sulfatação .\nEvita e pr otege c ontr a Ex cesso de C arga\nAtrav és da Equalização Ativa as bater ias são pr oteg idas \nindividualmente contra o ex cesso de car ga, pr evenindo -\nas contra exalação de gases , secagem do eletr ólito \ninter no e do aquecimento inter no em ex cesso .\nEvita e pr otege c ontr a Falta de C arga\nA Equalização Ativa individual das bater ias impede que \nas mesmas r ecebam menor tensão que dev eriam, \nevitando -se a sulfatação e a per da de capacidade .\nIndicador de P roblemas da Ba teria\nAtrav és da medição da Tensão , Impedância e \nTemperatura, o sistema monitora os pr oblemas típicos \ndas bater ias, tais como sulfatação , cor rosão , per da de \ngases , secagem do eletr ólito e aquecimento inter no.Elimina a Sulfa tação das Ba terias\nO pr oblema decor re dos car regador es e r etificador es de \nbater ias, que r egulam a tensão de flutuação ou \nequalização na tensão final das bater ias e não garantem \nque em algumas  bater ias elas r ecebam maior tensão e , \nem outras , menor tensão . Atrav és da Equalização Ativa, \nmantêm-se todas as bater ias com tensão equilibrada.\nProteção c ontr a contaminação de ba terias\nAtrav és da Equalização Ativa individual de cada bater ia, \nevitam-se danos de uma bater ia a outras bater ias \npróximas , o ef eito de contaminação , ou seja, uma bater ia \nruim danifica as boas .\nOtimização da capacidade das ba terias\nGraças à Equalização Ativa, o Equaliz er garante a plena \nrecar ga e a máxima otimização da bater ia.\nAler ta par a substituir ba terias\nAtrav és da análise da cur va de impedância, pode -se \nidentificar a tendência, já na fase inicial de instalação , se \nalguma bater ia está deter iorada ou simplesmente mais \nfraca do que as outras . Quanto antes ef etuar este \ndiag nóstico , melhor será para o r estante da vida útil das \ndemais bater ias.Alarmes de ba teria\nAtrav és do monitoramento dos parâmetr os-chav e das \nbater ias e medições de limites pr eestabelecidos , o \nsistema en via avisos de alar mes automaticamente aos \nadministrador es do sistema.\nManutenção à distância \nO Equaliz er melhora a qualidade do ser viço, fornecendo \nmonitoramento r emoto atrav és da I nternet, VPN ou \noutra r ede, para faz er download de dados em tempo \nreal e acesso ao histór ico da bater ia para análise . \nManutenção sem desligar o sistema\nOs testes de bater ia individuais são possív eis \nremotamente , sem o esf orço para desligar as bater ias. \nAs manutenções e as análises  de bater ia podem ser \nrealizadas em condições r eais de operação , sem a \nnecessidade de paradas no sistema.\nOtimiza a manutenção em campo\nA equipe de manutenção se desloca somente quando \nhá inter venções cor retivas e dir etas na bater ia que \napresentar def eito na ocor rência de alar mes ou na \nanálise de diag nóstico e , é clar o, reduz enor mes custos \noperacionais .\nOSD  N LI A NM EO AC R EM SCISO\n90012015\nAv. Eng .', 'Alta Tecnolog ia em\nProcessament o Dig ital\nde Sinais - DSP\nOS MAIS MODERNOS\nNO-BREAKS CORPORATIVOSVivemos em um mundo cada v ez mais ág il e prático . Um mundo conec tado por pr ocessador es, chips , softwares e \nperiféricos. Mas isso ainda não é o bastant e. Por isso , o mundo caminha para t ecnolog ias de pr ocessament o imediat o \nde dados . A CM C omandos Linear es está um passo à fr ente e of erece aos seus client es pr odut os dotados de uma \ntecnolog ia revolucionár ia, denominada P rocessament o Dig ital de Sinais - - DSP .\nToda a linha de No -Breaks  \nconta com a t ecnolog ia DSP .  Carac terística que \npropor ciona alta per formance e confiabilidade , Conception Multi Ativ o \npara aplicações de missão cr ítica. Ou seja, pr otegem as aplicações nas quais a continuidade da operação é de \nfundamental impor tância.\nequipament os pode ser atualizado , \nacrescentando novas funções em \nunidades já instaladas . Hoje , esta t ecnolog ia está pr esent e nos mais sofisticados sist emas eletr ônicos , devido à sua alta v elocidade e \nconfiabilidade . Processador es Dig itais de Sinais são capaz es de pr ocessar dez milhões de amostragens por segundo . \nIsso sig nifica pr ocessament o em t empo r eal -- o sinal é pr ocessado no mesmo instant e em que é r ecebido , sem \nretardos ou atrasos .\nProjetados com o uso int enso dos r ecursos da t ecnolog ia DSP ,  os No -Breaks C onception Multi Ativ o  ag regam nov os  \ne avançados r ecursos , que estabelecem um nov o conceit o em desen volviment o, no qual o fir mware dos \nAdquir indo No -Breaks , cont e com as \nsoluções da CM C omandos , que \nasseguram t ecnolog ia de ponta, \nmáxima pr oteção , precisão dig ital e \nprocessament o em t empo r eal.  Modelo 300kV A']","The design and materials of a technical equipment significantly impact its efficiency in several ways. Firstly, the use of advanced technology like Digital Signal Processing (DSP) in the Equalizer technology ensures high-performance and reliability. This technology allows for real-time processing of data, improving the efficiency of the system. 

Secondly, the design of the Equalizer system enables individual monitoring and regulation of each battery, which enhances their durability, capacity, and resistance to corrosion and sulfation. This feature also protects batteries from overcharging and deep discharge, thereby increasing their lifespan and efficiency.

Moreover, the system's ability to monitor battery parameters such as voltage, impedance, and temperature helps identify potential issues like sulfation, corrosion, gas leakage, and overheating. Early detection of these problems contributes to the efficient operation of the system.

Furthermore, the design of the Equalizer system allows for remote monitoring and maintenance, which reduces downtime and increases efficiency. The system can also be updated with new functions, ensuring optimal performance and reducing maintenance costs.

Therefore, the materials and design of the Equalizer technology play a crucial role in its efficiency, reliability, and cost-effectiveness.","As implicações do material e design na eficiência de um equipamento técnico incluem a escolha de materiais como ABS de alta resistência e estruturas metálicas, que contribuem para a durabilidade e funcionalidade do equipamento.",0.0,0.0,0.0,0.0,0.902315884218508,0.5625,0.12,0.46457825751832693,0.13521545319465078,0.035555555555555556,0.0,0.0,0,1,1,1,1
