,user_input,retrieved_contexts,response,reference,context_precision,context_recall,context_entity_recall,noise_sensitivity_relevant,answer_relevancy,faithfulness,factual_correctness,semantic_similarity,non_llm_string_similarity,rouge_score,string_present,exact_match,harmfulness,maliciousness,coherence,correctness,conciseness
0,como No-Breaks CM Comandos Lineares garantem continuidade operacional missão crítica,"['A EMPRESA Com mais de 38 anos de atuação, a CM Comandos é hoje \numa das maiores fabricantes de No-Breaks da América Latina. \nAlém disso, é líder absoluta em soluções para o mercado corporativo. Certificada pela \nnorma ISO-9001:2015, a CM Comandos ressalta o seu compromisso com a excelência \ndos seus produtos e a total satisfação dos seus clientes.Inovação, qualidade, tecnologia\ne confiabilidade. Marcas das\nsoluções CM Comandos Lineares\nAPLICAÇÕES Os No -Breaks da CM C omandos Linear es são indicados para \naplicações de missão cr ítica, nas mais var iadas cor porações ,  \noferecendo pr oteção contra distúr bios de ener gia elétr ica, tais como: cor tes, micr o cor tes, \nruídos , dist orção har mônica, picos , transient es, sub e sobr e tensão e var iações de fr equência.\nSUPORTE\nTÉCNICOAo escolher a mar ca CM C omandos Linear es você conta com \no melhor  supor te técnico de pr é e pós- venda da empr esa que \nse consolidou ao longo dest es 38 anos como líder de \nmercado . Instrumentação de ponta, pr ofissionais altament e qualificados , com \ncober tura nacional e disponibilidade de at endiment o 24 horas , sete dias por \nsemana, call cent er e pr ocessos cer tificados  asseguram a ex celência dos nossos \nserviços de supor te.BENEFÍCIOSOs equipament os da CM C omandos operam com maior pr ecisão , \nagregam maior númer o de funções e são os mais segur os. \nCarac terísticas que geram alta confiabilidade e pr odutividade nas mais var iadas aplicações , \nminimizam falhas e , consequent ement e, cust os de manut enção . Em r esumo ,                               \nser um client e da CM C omandos sig nifica t er o r etorno do capital in vestido e garantias            \nque só uma empr esa com amplo supor te técnico pode of erecer .\nOSD  L NI A NM EA OR C EM SCISO\n90012015', 'OSD  L NI A NM EA OR C EM SCISO\n90012015\nA EMPRESACom mais de 38 anos de atuação, a CM Comandos é hoje \numa das maiores fabricantes de No-Breaks da América Latina. \nAlém disso, é líder absoluta em soluções para o mercado corporativo. \nCertificada pela norma ISO-9001:2015 a CM Comandos ressalta o seu compromisso \ncom a preservação do meio ambiente, a excelência dos seus produtos e a total \nsatisfação dos seus clientes.\nAPLICAÇÕES Os No -Breaks da CM C omandos Linear es são indicados para \naplicações de missão cr ítica, nas mais var iadas cor porações ,  \noferecendo por teção contra distúr bios de ener gia elétr ica, tais como cor tes, micr o cor tes, \nruídos , dist orção har mônica, picos , transient es, sub e sobr e tensão e var iações de fr equência.\nSUPORTE\nTÉCNICOAo escolher a mar ca CM C omandos Linear es, você conta com o \nmelhor  supor te técnico de pr é e pós- venda da empr esa que se \nconsolidou ao longo dest es 38 anos como líder de mer cado .\nInstrumentação de ponta, pr ofissionais altament e qualificados , com cober tura \nnacional e disponibilidade de at endiment o 24 horas , sete dias da semana, call \ncent er e pr ocessos cer tificados ,  asseguram a ex celência dos nossos ser viços de \nsupor te.BENEFÍCIOSOs equipament os da CM C omandos operam com maior pr ecisão , \nagregam maior númer o de funções e são os mais segur os. \nCarac terísticas que geram alta confiabilidade e pr odutividade nas mais var iadas aplicações , \nminimizam falhas e , consequent ement e, cust os de manut enção . Em r esumo ,                               \nser um client e da CM C omandos sig nifica t er o r etorno do capital in vestido e garantias            \nque só uma empr esa com amplo supor te técnico pode of erecer .Inovação, qualidade, tecnologia\ne confiabilidade. Marcas das\nsoluções CM Comandos Lineares\nOSD  L NI A NM EA OR C EM SCISO\n90012015']","The No-Breaks CM Comandos Lineares ensure continuity of critical mission operations by providing protection against various electrical power disturbances. These disturbances include voltage fluctuations such as surges, sags, spikes, and voltage swells, as well as other issues like electrical noise, harmonic distortion, and frequency variations. By safeguarding against these problems, the No-Breaks help maintain the required power supply, enabling uninterrupted operation of critical systems during electrical disruptions.","Os No-Breaks da CM Comandos Lineares garantem continuidade operacional em aplicações de missão crítica, oferecendo proteção contra distúrbios de energia elétrica, como cortes, micro cortes, ruídos, distorção harmônica, picos, transientes, sub e sobre tensão e variações de frequência.",0.99999999995,1.0,0.6923076917751478,0.14285714285714285,0.9010421823657954,0.8571428571428571,0.73,0.8369540340912915,0.2914285714285715,0.08333333333333333,0.0,0.0,0,0,1,1,1
1,De que maneira os No-Breaks da CM Comandos Lineares garantem a continuidade operacional em aplicações de missão crítica?,"['A EMPRESA Com mais de 38 anos de atuação, a CM Comandos é hoje \numa das maiores fabricantes de No-Breaks da América Latina. \nAlém disso, é líder absoluta em soluções para o mercado corporativo. Certificada pela \nnorma ISO-9001:2015, a CM Comandos ressalta o seu compromisso com a excelência \ndos seus produtos e a total satisfação dos seus clientes.Inovação, qualidade, tecnologia\ne confiabilidade. Marcas das\nsoluções CM Comandos Lineares\nAPLICAÇÕES Os No -Breaks da CM C omandos Linear es são indicados para \naplicações de missão cr ítica, nas mais var iadas cor porações ,  \noferecendo pr oteção contra distúr bios de ener gia elétr ica, tais como: cor tes, micr o cor tes, \nruídos , dist orção har mônica, picos , transient es, sub e sobr e tensão e var iações de fr equência.\nSUPORTE\nTÉCNICOAo escolher a mar ca CM C omandos Linear es você conta com \no melhor  supor te técnico de pr é e pós- venda da empr esa que \nse consolidou ao longo dest es 38 anos como líder de \nmercado . Instrumentação de ponta, pr ofissionais altament e qualificados , com \ncober tura nacional e disponibilidade de at endiment o 24 horas , sete dias por \nsemana, call cent er e pr ocessos cer tificados  asseguram a ex celência dos nossos \nserviços de supor te.BENEFÍCIOSOs equipament os da CM C omandos operam com maior pr ecisão , \nagregam maior númer o de funções e são os mais segur os. \nCarac terísticas que geram alta confiabilidade e pr odutividade nas mais var iadas aplicações , \nminimizam falhas e , consequent ement e, cust os de manut enção . Em r esumo ,                               \nser um client e da CM C omandos sig nifica t er o r etorno do capital in vestido e garantias            \nque só uma empr esa com amplo supor te técnico pode of erecer .\nOSD  L NI A NM EA OR C EM SCISO\n90012015', 'Inovação, qualidade, tecnologia\ne confiabilidade. Marcas das\nsoluções CM Comandos Lineares\nCom mais de 40 anos de atuação, a CM Comandos é hoje uma das \nmaiores fabricantes de No-Breaks da América Latina. Além disso, é líder\nabsoluta em soluções para o mercado corporativo. Certiﬁ  cada pela norma ISO-900:2015, a CM Comandos \nressalta o seu compromisso com a excelência dos seus produtos e a total satisfação dos seus clientes.A EMPRESA\nOs  No-Breaks  da  CM  Comandos  são  indicados  para aplicações de  \nmissão crítica, nas mais variadas corporações, oferecendo proteção \ncontra distúrbios de energia elétrica, tais como: cortes, micro-cortes, ruídos, distorção harmônica, picos, \ntransientes, sub e sobretensão e variação de frequência.APLICAÇÕES\nOs equipamentos da CM Comandos operam com maior precisão, agre-\ngam maior número de funções e são mais seguros. Características\nque geram alta conﬁ  abilidade e produtividade nas mais variadas aplicações, minimizam falhas e,\nconsequentemente, custos de manutenção. Em resumo, ser um cliente CM Comandos signiﬁ  ca ter o \nretorno do capital investido e garantias que só uma empresa com amplo suporte técnico pode oferecer.BENEFÍCIOS\nAo escolher a marca CM Comandos Lineares você conta com o melhor supor-\nte técnico de pré e pós-venda da empresa que se consolidou ao longo  des-\ntes 40 anos como líder de mercado. Instrumentação de ponta, proﬁ  ssionais\naltamente qualiﬁ  cados, disponibilidade de atendimento 24 horas, sete dias da semana, call \ncenter e processos certiﬁ  cados que asseguram a excelência dos nossos serviços de suporte.SUPORTE\nTÉCNICO']","No-Breaks from CM Comandos Lineares ensure continuity in critical applications by offering protection against various electrical power disturbances. These disturbances include voltage fluctuations, frequency variations, electrical noise, transients, spikes, and surges. By protecting against these issues, No-Breaks help maintain the required power levels and prevent damage to connected equipment, ensuring uninterrupted operation in mission-critical applications.","Os No-Breaks da CM Comandos Lineares garantem a continuidade operacional em aplicações de missão crítica ao oferecer proteção contra distúrbios de energia elétrica, como cortes, micro cortes, ruídos, distorção harmônica, picos, transientes, sub e sobre tensão e variações de frequência.",0.99999999995,1.0,0.4999999995833333,0.09090909090909091,0.9278497754319096,0.6363636363636364,0.73,0.8428037899114498,0.30107526881720426,0.1081081081081081,0.0,0.0,0,0,1,1,1
2,Quais sã as implicações do uso de comands linears na programção e automação de processos?,"['A E M P R E S ACom mais de 35 anos de atuação, a CM Comandos é hoje \numa das maiores fabricantes de No-Breaks da América \nLatina. \nAlém disso, é líder absoluta em soluções para o mercado corporativo. Certificada pela \nnorma ISO-9001:2015, a CM Comandos ressalta o seu compromisso com a excelência \ndos seus produtos e a total satisfação dos seus clientes.Inovação, qualidade, tecnologia\ne confiabilidade. Marcas das\nsoluções CM Comandos Lineares\nA P L I C A Ç Õ E SOs No Breaks  da CM Comandos Lineares são indicados para aplicações \nde missão crítica, nas mais variadas corporações, oferecendo proteção \ncontra distúrbios de energia elétrica, tais como: cortes, micro cortes, ruídos, distorção harmônica, \npicos, transientes, sub e sobre tensão e variações de frequência.\nS U P O R T E\nT É C N I C OAo  escolher  a marca  CM Comandos  Lineares  você  conta com o melhor \nsuporte  técnico  de pré e pós-venda da empresa que se consolidou ao longo \ndestes 36  anos como  líder  de  mercado.\nInstrumentação de ponta, profissionais altamente qualificados, com cobertura nacional e \ndisponibilidade de atendimento 24 horas, sete dias por semana, call center e processos certificados \nque asseguram a excelência dos  nossos serviços  de  suporte.B E N E F Í C I O SOs equipamentos da CM Comandos operam com maior precisão, \nagregam maior número de funções e são os mais seguros. \nCaracterísticas que geram alta confiabilidade e produtividade nas mais variadas aplicações, \nminimizam falhas e, consequentemente,  custos de manutenção. Em resumo,  ser um cliente da \nCM Comandos significa ter o retorno do capital investido e garantias que  só uma empresa com \namplo suporte técnico pode oferecer.\nCM COMANDOS LINEARES\nOSD L NI A NM EA OR CEM SCISO\n9001\n2015', 'OSD  L NI A NM EA OR C EM SCISO\n90012015\nInovação , qualidade , tecnolo gia\ne confiabilidade . Marcas das\nsoluções CM C omandos Linear es\nCom mais de 40 anos de atuação , a CM Comandos é hoje uma das \nmaior es fabricant es de No-Breaks da Amér ica Latina. Além disso , é líder\nabsoluta em soluções para o mercado corporativ o. Certificada pela norma ISO-900:2015, a CM Comandos \nressalta o seu compr omisso com a excelência dos seus produt os e a total satisfação dos seus client es.A EMPRESA\nOs    No-Breaks   da   CM     Comandos  são  indicados   para    aplicações \nde  missã o crítica, nas mais variadas corporações , oferecendo proteção \ncontra distúr bios de ener gia elétr ica, tais como: cortes, micr o-cortes, ruídos , distorção harmônica, picos , \ntransient es, sub e sobr etensão e var iação de fr equência.APLICAÇÕES\nOs equipament os da CM Comandos operam com maior precisão , agre-\ngam maior númer o de funções e são mais segur os. Carac terísticas\nque geram alta confiabilidade e produtividade nas mais variadas aplicações , minimizam falhas e,\nconsequent ement e, cust os de manut enção . Em resumo , ser um client e CM Comandos significa ter o \nretorno do capital investido e garantias que só uma empr esa com amplo supor te técnico pode oferecer .BENEFÍCIOS\nAo escolher a marca CM Comandos Linear es você conta com o melhor supor -\nte técnico de pré e pós- venda da empr esa que se consolidou ao longo  des-\ntes 40 anos como líder de mercado . Instrumentação de ponta, profissionais\naltament e qualificados , disponibilidade de atendiment o 24 horas , sete dias da semana, call \ncent er e processos certificados que asseguram a excelência dos nossos serviços de supor te.SUPORTE\nTÉCNIC O']","Based on the provided context, there is no information about ""comands linears"" in the context of programming and automation of processes. The context refers to ""CM Comandos Lineares"" which is a brand of No-Breaks (uninterruptible power supplies) and a leader in the production and distribution of these products in Latin America. They offer solutions for mission-critical applications in various corporations, providing protection against electrical power disturbances. However, there is no mention of the implications of using this brand in programming and automation of processes.",As implicações do uso de comandos lineares na programação e automação de processos não estão claramente definidas no contexto fornecido.,0.0,1.0,0.0,0.6666666666666666,0.0,0.8571428571428571,0.5,0.5979385658967709,0.17525773195876293,0.05405405405405404,0.0,0.0,0,0,1,0,0
3,Qual é a importânçia dos comands lineares na programacão e como eles influenciam a execuçãu de tarefas?,"['A E M P R E S ACom mais de 35 anos de atuação, a CM Comandos é hoje \numa das maiores fabricantes de No-Breaks da América \nLatina. \nAlém disso, é líder absoluta em soluções para o mercado corporativo. Certificada pela \nnorma ISO-9001:2015, a CM Comandos ressalta o seu compromisso com a excelência \ndos seus produtos e a total satisfação dos seus clientes.Inovação, qualidade, tecnologia\ne confiabilidade. Marcas das\nsoluções CM Comandos Lineares\nA P L I C A Ç Õ E SOs No Breaks  da CM Comandos Lineares são indicados para aplicações \nde missão crítica, nas mais variadas corporações, oferecendo proteção \ncontra distúrbios de energia elétrica, tais como: cortes, micro cortes, ruídos, distorção harmônica, \npicos, transientes, sub e sobre tensão e variações de frequência.\nS U P O R T E\nT É C N I C OAo  escolher  a marca  CM Comandos  Lineares  você  conta com o melhor \nsuporte  técnico  de pré e pós-venda da empresa que se consolidou ao longo \ndestes 36  anos como  líder  de  mercado.\nInstrumentação de ponta, profissionais altamente qualificados, com cobertura nacional e \ndisponibilidade de atendimento 24 horas, sete dias por semana, call center e processos certificados \nque asseguram a excelência dos  nossos serviços  de  suporte.B E N E F Í C I O SOs equipamentos da CM Comandos operam com maior precisão, \nagregam maior número de funções e são os mais seguros. \nCaracterísticas que geram alta confiabilidade e produtividade nas mais variadas aplicações, \nminimizam falhas e, consequentemente,  custos de manutenção. Em resumo,  ser um cliente da \nCM Comandos significa ter o retorno do capital investido e garantias que  só uma empresa com \namplo suporte técnico pode oferecer.\nCM COMANDOS LINEARES\nOSD L NI A NM EA OR CEM SCISO\n9001\n2015', 'Inovação, qualidade, tecnologia\ne confiabilidade. Marcas das\nsoluções CM Comandos Lineares\nCom mais de 40 anos de atuação, a CM Comandos é hoje uma das \nmaiores fabricantes de No-Breaks da América Latina. Além disso, é líder\nabsoluta em soluções para o mercado corporativo. Certiﬁ  cada pela norma ISO-900:2015, a CM Comandos \nressalta o seu compromisso com a excelência dos seus produtos e a total satisfação dos seus clientes.A EMPRESA\nOs  No-Breaks  da  CM  Comandos  são  indicados  para aplicações de  \nmissão crítica, nas mais variadas corporações, oferecendo proteção \ncontra distúrbios de energia elétrica, tais como: cortes, micro-cortes, ruídos, distorção harmônica, picos, \ntransientes, sub e sobretensão e variação de frequência.APLICAÇÕES\nOs equipamentos da CM Comandos operam com maior precisão, agre-\ngam maior número de funções e são mais seguros. Características\nque geram alta conﬁ  abilidade e produtividade nas mais variadas aplicações, minimizam falhas e,\nconsequentemente, custos de manutenção. Em resumo, ser um cliente CM Comandos signiﬁ  ca ter o \nretorno do capital investido e garantias que só uma empresa com amplo suporte técnico pode oferecer.BENEFÍCIOS\nAo escolher a marca CM Comandos Lineares você conta com o melhor supor-\nte técnico de pré e pós-venda da empresa que se consolidou ao longo  des-\ntes 40 anos como líder de mercado. Instrumentação de ponta, proﬁ  ssionais\naltamente qualiﬁ  cados, disponibilidade de atendimento 24 horas, sete dias da semana, call \ncenter e processos certiﬁ  cados que asseguram a excelência dos nossos serviços de suporte.SUPORTE\nTÉCNICO']","In the provided context, ""Comandos Lineares"" refers to a brand of power backup systems (No-Breaks) manufactured by CM Comandos, which are indicated for use in mission-critical applications in various corporations. These systems offer protection against electrical power disturbances such as outages, micro-outages, noise, harmonic distortion, spikes, transients, over and under voltage, and frequency variations. By ensuring a stable power supply, these systems help maintain the smooth operation and precision of connected equipment, minimizing errors, interruptions, and maintenance costs.

However, the query seems to be asking about ""comandos lineares"" in the context of programming, which refers to linear commands or instructions that execute sequentially in programming languages. This concept is unrelated to the ""Comandos Lineares"" from the context provided.

To answer the query accurately, additional context or information about the role of linear commands in programming would be required.",A importância dos comandos lineares na programação reside na sua capacidade de influenciar a execução de tarefas de forma sequencial e organizada.,0.0,0.0,0.0,0.0,0.0,0.6666666666666666,0.53,0.5891413623166745,0.1207584830339321,0.03614457831325301,0.0,0.0,1,0,1,0,0
4,Qual é o impacto da abordagem Multi Ativo na diversificação de investimentos?,"['TECNOLOGIA  EQUALIZER\nEqualização A tiva Individual das Ba terias\n O módulo de bater ia ativ o regula individualmente a \ntensão de cada bater ia e as mantém homogêneas , \nelevando a sua durabilidade , capacidade e r esistência \ncontra cor rosão e sulfatação .\nEvita e pr otege c ontr a Ex cesso de C arga\nAtrav és da Equalização Ativa as bater ias são pr oteg idas \nindividualmente contra o ex cesso de car ga, pr evenindo -\nas contra exalação de gases , secagem do eletr ólito \ninter no e do aquecimento inter no em ex cesso .\nEvita e pr otege c ontr a Falta de C arga\nA Equalização Ativa individual das bater ias impede que \nas mesmas r ecebam menor tensão que dev eriam, \nevitando -se a sulfatação e a per da de capacidade .\nIndicador de P roblemas da Ba teria\nAtrav és da medição da Tensão , Impedância e \nTemperatura, o sistema monitora os pr oblemas típicos \ndas bater ias, tais como sulfatação , cor rosão , per da de \ngases , secagem do eletr ólito e aquecimento inter no.Elimina a Sulfa tação das Ba terias\nO pr oblema decor re dos car regador es e r etificador es de \nbater ias, que r egulam a tensão de flutuação ou \nequalização na tensão final das bater ias e não garantem \nque em algumas  bater ias elas r ecebam maior tensão e , \nem outras , menor tensão . Atrav és da Equalização Ativa, \nmantêm-se todas as bater ias com tensão equilibrada.\nProteção c ontr a contaminação de ba terias\nAtrav és da Equalização Ativa individual de cada bater ia, \nevitam-se danos de uma bater ia a outras bater ias \npróximas , o ef eito de contaminação , ou seja, uma bater ia \nruim danifica as boas .\nOtimização da capacidade das ba terias\nGraças à Equalização Ativa, o Equaliz er garante a plena \nrecar ga e a máxima otimização da bater ia.\nAler ta par a substituir ba terias\nAtrav és da análise da cur va de impedância, pode -se \nidentificar a tendência, já na fase inicial de instalação , se \nalguma bater ia está deter iorada ou simplesmente mais \nfraca do que as outras . Quanto antes ef etuar este \ndiag nóstico , melhor será para o r estante da vida útil das \ndemais bater ias.Alarmes de ba teria\nAtrav és do monitoramento dos parâmetr os-chav e das \nbater ias e medições de limites pr eestabelecidos , o \nsistema en via avisos de alar mes automaticamente aos \nadministrador es do sistema.\nManutenção à distância \nO Equaliz er melhora a qualidade do ser viço, fornecendo \nmonitoramento r emoto atrav és da I nternet, VPN ou \noutra r ede, para faz er download de dados em tempo \nreal e acesso ao histór ico da bater ia para análise . \nManutenção sem desligar o sistema\nOs testes de bater ia individuais são possív eis \nremotamente , sem o esf orço para desligar as bater ias. \nAs manutenções e as análises  de bater ia podem ser \nrealizadas em condições r eais de operação , sem a \nnecessidade de paradas no sistema.\nOtimiza a manutenção em campo\nA equipe de manutenção se desloca somente quando \nhá inter venções cor retivas e dir etas na bater ia que \napresentar def eito na ocor rência de alar mes ou na \nanálise de diag nóstico e , é clar o, reduz enor mes custos \noperacionais .\nOSD  N LI A NM EO AC R EM SCISO\n90012015\nAv. Eng .', 'SISTEMA PARALELO MULTI ATIVO (EXCLUSIVO CM COMANDOS)\nA CM Comandos Lineares desenvolveu um sistema inovador e pioneiro no mundo de paralelismo entre no-breaks. O sistema \nParalelo Multi Ativo permite a expansão do sistema, de acordo com sua demanda de consumo, podendo paralelar quantas \nunidades forem necessárias para atender sua demanda, elevando a capacidade do sistema e a confiabilidade de sua aplicação.\nPOSSIBILIDADE DE SOMATÓRIA DE  POTÊNCIAS\nPermite a ligação para somatória de potência, utilizando dois ou mais \nNo-Breaks para atingir a demanda da carga total.\nQuando utilizado para somatória de potência, possibilita a ligação de \nNo-Breaks com potências diferentes. Quando a ligação for feita com \nNo-Breaks de potências diferentes, a carga será distribuída \nproporcionalmente. Permite a ligação em paralelo redundante N + 1,  N + 2, N + 3 … N+X,  \npossibilitando o desligamento de uma ou mais unidades, mantendo a \ncarga ativa.\nA comunicação entre os No-Breaks consiste no barramento de \ncomunicação comum, por onde transitam informações \ncontendo nível de carga, sincronismo e a condição do by pass.COMUNICAÇÃO ENTRE OS NO-BREAKSTodos os No-Breaks são autônomos, operam de forma \nindependente no sistema e possuem controle individual.NÃO EXISTE NO-BREAK MESTRE OU ESCRAVOPodem ser paraleladas quantas unidades forem necessárias, \npossibilitando expansão do sistema, de acordo com a demanda \nde consumo.QUANTIDADE ILIMITADA PARA PARALELISMO\nPARALELISMO DO BANCO DE BATERIAS\nPermite paralelismo dos bancos de baterias (quando forem de \nmesma tensão nominal).MANUTENÇÃO DO NO-BREAK\nPermite a inserção ou retirada de um No-Break no sistema, sem a \nnecessidade de parada.INTERFACES  DE  SHUTDOWN  E GERENCIAMENTO  REMOTO\nRede Elétric a\nde Entr ada\nSaídaNo-break 1\n Potência \nde 60 kV ANo-break 2\nPotência de \n100 kV ANo-break 3\nPotência de \n20 kV A\nCarga fornecida pelo sistema = 410 kV ANo-break 4\nPotência de \n30 kV ANo-break 5\nPotência de \n80 kV ANo-break 6\nPotência de \n120 kV ARede L ocal Ether netA   Inter face de Ger enciamento \n     \nC  Inter face Shutdown \n     Client \n     LANB  Inter face Shutdown \n     D   Inter face de Ger enciamento Remoto \n  \nE  Adaptador SNMP\n     \nF  Client Shutdown\nG Estação Remota\n    Sof tware com \n    conexão à I nter netMultisser vidor es\nMultiplataf ormas\nMulti-S.O .Porta M icroprocessada DB9\nPorta Contato Seco DB9\nRede Ethernet RJ45']",The provided context does not contain information about the impact of the Multi Ativo approach on the diversification of investments. The context is about the technical aspects of the Equalizer technology and the Parallel Multi Ativo system for connecting No-Breaks.,O impacto da abordagem Multi Ativo na diversificação de investimentos não é mencionado no contexto fornecido.,0.0,1.0,0.0,0.6666666666666666,0.0,1.0,0.5,0.6942997922277812,0.30451127819548873,0.10344827586206896,0.0,0.0,0,1,1,0,0
5,Qual eh o impato da abordajem Multi Ativo na diversificassao de investimentos?,"['SISTEMA PARALELO MULTI ATIVO (EXCLUSIVO CM COMANDOS)\nA CM Comandos Lineares desenvolveu um sistema inovador e pioneiro no mundo de paralelismo entre no-breaks. O sistema \nParalelo Multi Ativo permite a expansão do sistema, de acordo com sua demanda de consumo, podendo paralelar quantas \nunidades forem necessárias para atender sua demanda, elevando a capacidade do sistema e a confiabilidade de sua aplicação.\nPOSSIBILIDADE DE SOMATÓRIA DE  POTÊNCIAS\nPermite a ligação para somatória de potência, utilizando dois ou mais \nNo-Breaks para atingir a demanda da carga total.\nQuando utilizado para somatória de potência, possibilita a ligação de \nNo-Breaks com potências diferentes. Quando a ligação for feita com \nNo-Breaks de potências diferentes, a carga será distribuída \nproporcionalmente. Permite a ligação em paralelo redundante N + 1,  N + 2, N + 3 … N+X,  \npossibilitando o desligamento de uma ou mais unidades, mantendo a \ncarga ativa.\nA comunicação entre os No-Breaks consiste no barramento de \ncomunicação comum, por onde transitam informações \ncontendo nível de carga, sincronismo e a condição do by pass.COMUNICAÇÃO ENTRE OS NO-BREAKSTodos os No-Breaks são autônomos, operam de forma \nindependente no sistema e possuem controle individual.NÃO EXISTE NO-BREAK MESTRE OU ESCRAVOPodem ser paraleladas quantas unidades forem necessárias, \npossibilitando expansão do sistema, de acordo com a demanda \nde consumo.QUANTIDADE ILIMITADA PARA PARALELISMO\nPARALELISMO DO BANCO DE BATERIAS\nPermite paralelismo dos bancos de baterias (quando forem de \nmesma tensão nominal).MANUTENÇÃO DO NO-BREAK\nPermite a inserção ou retirada de um No-Break no sistema, sem a \nnecessidade de parada.INTERFACES  DE  SHUTDOWN  E GERENCIAMENTO  REMOTO\nRede Elétric a\nde Entr ada\nSaídaNo-break 1\n Potência \nde 60 kV ANo-break 2\nPotência de \n100 kV ANo-break 3\nPotência de \n20 kV A\nCarga fornecida pelo sistema = 410 kV ANo-break 4\nPotência de \n30 kV ANo-break 5\nPotência de \n80 kV ANo-break 6\nPotência de \n120 kV ARede L ocal Ether netA   Inter face de Ger enciamento \n     \nC  Inter face Shutdown \n     Client \n     LANB  Inter face Shutdown \n     D   Inter face de Ger enciamento Remoto \n  \nE  Adaptador SNMP\n     \nF  Client Shutdown\nG Estação Remota\n    Sof tware com \n    conexão à I nter netMultisser vidor es\nMultiplataf ormas\nMulti-S.O .Porta M icroprocessada DB9\nPorta Contato Seco DB9\nRede Ethernet RJ45', 'TECNOLOGIA  EQUALIZER\nEqualização A tiva Individual das Ba terias\n O módulo de bater ia ativ o regula individualmente a \ntensão de cada bater ia e as mantém homogêneas , \nelevando a sua durabilidade , capacidade e r esistência \ncontra cor rosão e sulfatação .\nEvita e pr otege c ontr a Ex cesso de C arga\nAtrav és da Equalização Ativa as bater ias são pr oteg idas \nindividualmente contra o ex cesso de car ga, pr evenindo -\nas contra exalação de gases , secagem do eletr ólito \ninter no e do aquecimento inter no em ex cesso .\nEvita e pr otege c ontr a Falta de C arga\nA Equalização Ativa individual das bater ias impede que \nas mesmas r ecebam menor tensão que dev eriam, \nevitando -se a sulfatação e a per da de capacidade .\nIndicador de P roblemas da Ba teria\nAtrav és da medição da Tensão , Impedância e \nTemperatura, o sistema monitora os pr oblemas típicos \ndas bater ias, tais como sulfatação , cor rosão , per da de \ngases , secagem do eletr ólito e aquecimento inter no.Elimina a Sulfa tação das Ba terias\nO pr oblema decor re dos car regador es e r etificador es de \nbater ias, que r egulam a tensão de flutuação ou \nequalização na tensão final das bater ias e não garantem \nque em algumas  bater ias elas r ecebam maior tensão e , \nem outras , menor tensão . Atrav és da Equalização Ativa, \nmantêm-se todas as bater ias com tensão equilibrada.\nProteção c ontr a contaminação de ba terias\nAtrav és da Equalização Ativa individual de cada bater ia, \nevitam-se danos de uma bater ia a outras bater ias \npróximas , o ef eito de contaminação , ou seja, uma bater ia \nruim danifica as boas .\nOtimização da capacidade das ba terias\nGraças à Equalização Ativa, o Equaliz er garante a plena \nrecar ga e a máxima otimização da bater ia.\nAler ta par a substituir ba terias\nAtrav és da análise da cur va de impedância, pode -se \nidentificar a tendência, já na fase inicial de instalação , se \nalguma bater ia está deter iorada ou simplesmente mais \nfraca do que as outras . Quanto antes ef etuar este \ndiag nóstico , melhor será para o r estante da vida útil das \ndemais bater ias.Alarmes de ba teria\nAtrav és do monitoramento dos parâmetr os-chav e das \nbater ias e medições de limites pr eestabelecidos , o \nsistema en via avisos de alar mes automaticamente aos \nadministrador es do sistema.\nManutenção à distância \nO Equaliz er melhora a qualidade do ser viço, fornecendo \nmonitoramento r emoto atrav és da I nternet, VPN ou \noutra r ede, para faz er download de dados em tempo \nreal e acesso ao histór ico da bater ia para análise . \nManutenção sem desligar o sistema\nOs testes de bater ia individuais são possív eis \nremotamente , sem o esf orço para desligar as bater ias. \nAs manutenções e as análises  de bater ia podem ser \nrealizadas em condições r eais de operação , sem a \nnecessidade de paradas no sistema.\nOtimiza a manutenção em campo\nA equipe de manutenção se desloca somente quando \nhá inter venções cor retivas e dir etas na bater ia que \napresentar def eito na ocor rência de alar mes ou na \nanálise de diag nóstico e , é clar o, reduz enor mes custos \noperacionais .\nOSD  N LI A NM EO AC R EM SCISO\n90012015\nAv. Eng .']","The Multi-Active approach allows for the parallel connection of two or more uninterruptible power supplies (No-Breaks) with different power ratings, enabling the distribution of the load proportionally. This enables the system to handle a wider range of power demands and provides redundancy, as units can be taken offline for maintenance without disrupting the load. This can lead to a more efficient use of resources and a more robust power supply system. However, without more specific information about the investment diversification context, it is difficult to provide a more precise answer.",O impacto da abordagem Multi Ativo na diversificação de investimentos não está claramente definido no contexto fornecido.,0.0,1.0,0.0,0.625,0.0,0.625,0.22,0.4223505932048712,0.15100671140939592,0.03603603603603604,0.0,0.0,0,1,1,0,0
6,importância sistema trifásico distribuição energia elétrica,"['Av. Eng . Alber to de Zagottis , 760 - 04675-085 -  São P aulo - SP\nPhone .: (11) 5696-5000\nwww.cmcomandos .com.br\nSistema de \nSustentabilidade A uditadoOSD  N LI A NM EO AC R EM SCISO\n90012015\nQ Y UALIT600.000 600,0 1835 x 1444  x 1555  1680\n700.000 700,0 1835 x 1444  x 1555  1760\n800.000 800,0 1835 x 1444  x 1555  1840\nCM MK T JAN - 24  -   As especificações estão sujeitas a alterações sem aviso pr évio e conf orme necessidades de pr ojetos customizados . Nós incentivamos a r eciclagemLinha TI - Trifásic o Isolado\n  10.000   10,0   900 x 360  x  860       180\n  15.000   15,0   900 x 360  x  860       210\n  20.000   20,0   900 x 360  x  860       235\n30.000   30,0 1300 x 360  x  988       300\n40.000   40,0 1300 x 360  x  988      370\n50.000   50,0 1300 x 360  x  988      420\n75.000   75,0 1532 x 540  x 1070      596\n100.000 100,0 1532 x 540  x 1070      730\n150.000 150,0 1532 x 720  x 1070     1050\n200.000 200,0 1532 x 720  x 1070     1150\n250.000 250,0 1835 x 1444  x 1555   1350\n300.000 300,0 1835 x 1444  x 1555   1430\n400.000 400,0 1835 x 1444  x 1555   1520\n500.000 500,0 1835 x 1444  x 1555   1600Modelo Potência\nkVAAlt x Larg x P rof Peso\nmmkg\nLinha TA - Trifásic o com A utotr afo\n* Outras potências sob consultaDIMENSÕES FÍSICAS Entr ada\n   Tensão:  \n    \n    •380/220V ou 220/127V  - modelos TI - standar d\n    \n    •Outras tensões sob consulta\n  Variação A dmissív el:\n   \n    •± 16% da tensão nominal\n   Frequência:  50 ou 60 H z \n   Variação de F requência A dmissív el:  ± 5%\n \n  Configur ação:   Trifásica: 3F + N + T\n \n Fator de P otência:   0,8\nSaída\n  Potências Disponív eis:  \n \n    • 10 / 15 / 20 / 30 / 40 / 50 / 75 / 100 / 150 / 200\n       250 / 300 / 400 / 500 / 600/ 700/ 800 kV A\n \n    • Outras potências sob consulta\nTensão:  \n \n    • 220/127V\n \n    • 380/220V\n \n    • Outras tensões sob consulta\nRegulação Estática:  ± 1% nominal \n Frequência:  50 ou 60 H z \n \n  Configur ação:  Trifásica:  3F +N +  T\n  Fator de P otência:   0,', 'TECNOLOGIA ON LINE COM BYPASS ESTÁTICO DE MANUTENÇÃO\nINTERFACE DE GERENCIAMENTO REMOTO\nAs Interfaces de Gerenciamento Remoto são compostas por diversas ferramentas, sendo elas: \n•  O Adaptador SNMP que permite gerenciar remotamente o No-Break via Internet através de um web browser,  monitorar o status \ne enviar alertas por e-mail. \n• O software, uma ferramenta de gerenciamento Windows Application e a versão Client é especíﬁ  ca para automatizar o shutdown \nde servidores, podendo desligar automática e simultaneamente vários servidores e estações. \n• O Adaptador Modbus permite integrar o No-Break, via uma porta RS485, a Sistemas de Automação Predial.\nBypass Estático\nSistema de proteção que, em caso de \nproblemas, transfere automaticamente \na carga para um circuito alternativo, sem \ninterrupção no fornecimento de energia.Bypass Estático de Manutenção\nPermite a transferência e o retorno da carga do No-Break para um circuito \nalternativo de fornecimento de energia, para atividades de manutenção. \nEm quaisquer situações, o fornecimento de energia é contínuo, sem \ninterrupções.\nBanco de Baterias\nArmazena energia reserva para alimentar o No-Break \ndurante um período predeterminado, denominado como \ntempo de autonomia do No-Break.Retificador\nConverte a energia da\nrede elétrica da concessionária\n ou do grupo gerador em\ncorrente contínua, corrigindo \nou eliminando distúrbios\nda entrada do sistema.\nCorrente alternada de entradaCorrente contínua Corrente alternada de saída\nCorrente alternada Bypass estáticoCorrente alternada Bypass estático\nde manutenção\nInversor\nConverte a corrente contínua do \nretiﬁ  cador ou das baterias em corrente \nalternada de saída, com forma de onda \nsenoidal pura, livre de distúrbios.\nRetificador\nConverte a energia da\nrede elétrica da concessionária\n ou do grupo gerador em\nInversor\nConverte a corrente contínua do \nretiﬁ  cador ou das baterias em corrente \nalternada de saída, com forma de onda']","The information provided does not directly discuss the importance of three-phase systems in electrical power distribution. However, it does mention some details related to three-phase power:

- The context refers to a product that supports three-phase power configurations, such as the ""Linha TA - Trifásico com Autotransformador"" in the first document. This suggests that three-phase power systems are used in the products being described.
- In the second document, there is a mention of a ""Trifásica: 3F + N + T"" configuration, which further indicates the use of three-phase power.

Generally, three-phase power systems are essential for efficient and reliable electrical power distribution in various applications, such as industrial processes, large commercial buildings, and utility power transmission. They offer several advantages over single-phase systems, including:

1. Higher power capacity: Three-phase systems can transmit more power than single-phase systems for a given conductor size, reducing energy losses and material costs.
2. Balanced loads: Three-phase systems distribute the electrical load evenly among the three phases, reducing the risk of overloading individual phases and improving overall system efficiency.
3. Continuous power supply: In some three-phase systems, if one phase fails, the remaining two phases can still provide power, ensuring a more reliable power supply.
4. Reduced motor vibration and noise: Three-phase induction motors, commonly used in industrial applications, operate more smoothly and efficiently than single-phase motors, leading to reduced vibration and noise.

These advantages make three-phase power systems crucial for modern electrical power distribution infrastructure.","O sistema trifásico é importante para a distribuição de energia elétrica devido à sua capacidade de fornecer uma corrente mais estável e eficiente, permitindo a transmissão de grandes quantidades de energia com menor perda.",0.0,1.0,0.0,0.0,0.8618064909815782,1.0,0.79,0.6848660427454225,0.11040462427745668,0.03448275862068966,0.0,0.0,0,1,1,1,0
7,Quais sâo as implicações do conceito de trifásico em sistmas elétricos e como ele se relacona com a eficienci energética?,"['Av. Eng . Alber to de Zagottis , 760 - 04675-085 -  São P aulo - SP\nPhone .: (11) 5696-5000\nwww.cmcomandos .com.br\nSistema de \nSustentabilidade A uditadoOSD  N LI A NM EO AC R EM SCISO\n90012015\nQ Y UALIT600.000 600,0 1835 x 1444  x 1555  1680\n700.000 700,0 1835 x 1444  x 1555  1760\n800.000 800,0 1835 x 1444  x 1555  1840\nCM MK T JAN - 24  -   As especificações estão sujeitas a alterações sem aviso pr évio e conf orme necessidades de pr ojetos customizados . Nós incentivamos a r eciclagemLinha TI - Trifásic o Isolado\n  10.000   10,0   900 x 360  x  860       180\n  15.000   15,0   900 x 360  x  860       210\n  20.000   20,0   900 x 360  x  860       235\n30.000   30,0 1300 x 360  x  988       300\n40.000   40,0 1300 x 360  x  988      370\n50.000   50,0 1300 x 360  x  988      420\n75.000   75,0 1532 x 540  x 1070      596\n100.000 100,0 1532 x 540  x 1070      730\n150.000 150,0 1532 x 720  x 1070     1050\n200.000 200,0 1532 x 720  x 1070     1150\n250.000 250,0 1835 x 1444  x 1555   1350\n300.000 300,0 1835 x 1444  x 1555   1430\n400.000 400,0 1835 x 1444  x 1555   1520\n500.000 500,0 1835 x 1444  x 1555   1600Modelo Potência\nkVAAlt x Larg x P rof Peso\nmmkg\nLinha TA - Trifásic o com A utotr afo\n* Outras potências sob consultaDIMENSÕES FÍSICAS Entr ada\n   Tensão:  \n    \n    •380/220V ou 220/127V  - modelos TI - standar d\n    \n    •Outras tensões sob consulta\n  Variação A dmissív el:\n   \n    •± 16% da tensão nominal\n   Frequência:  50 ou 60 H z \n   Variação de F requência A dmissív el:  ± 5%\n \n  Configur ação:   Trifásica: 3F + N + T\n \n Fator de P otência:   0,8\nSaída\n  Potências Disponív eis:  \n \n    • 10 / 15 / 20 / 30 / 40 / 50 / 75 / 100 / 150 / 200\n       250 / 300 / 400 / 500 / 600/ 700/ 800 kV A\n \n    • Outras potências sob consulta\nTensão:  \n \n    • 220/127V\n \n    • 380/220V\n \n    • Outras tensões sob consulta\nRegulação Estática:  ± 1% nominal \n Frequência:  50 ou 60 H z \n \n  Configur ação:  Trifásica:  3F +N +  T\n  Fator de P otência:   0,', 'TECNOLOGIA ON LINE COM BYPASS ESTÁTICO DE MANUTENÇÃO\nINTERFACE DE GERENCIAMENTO REMOTO\nAs Interfaces de Gerenciamento Remoto são compostas por diversas ferramentas, sendo elas: \n•  O Adaptador SNMP que permite gerenciar remotamente o No-Break via Internet através de um web browser,  monitorar o status \ne enviar alertas por e-mail. \n• O software, uma ferramenta de gerenciamento Windows Application e a versão Client é especíﬁ  ca para automatizar o shutdown \nde servidores, podendo desligar automática e simultaneamente vários servidores e estações. \n• O Adaptador Modbus permite integrar o No-Break, via uma porta RS485, a Sistemas de Automação Predial.\nBypass Estático\nSistema de proteção que, em caso de \nproblemas, transfere automaticamente \na carga para um circuito alternativo, sem \ninterrupção no fornecimento de energia.Bypass Estático de Manutenção\nPermite a transferência e o retorno da carga do No-Break para um circuito \nalternativo de fornecimento de energia, para atividades de manutenção. \nEm quaisquer situações, o fornecimento de energia é contínuo, sem \ninterrupções.\nBanco de Baterias\nArmazena energia reserva para alimentar o No-Break \ndurante um período predeterminado, denominado como \ntempo de autonomia do No-Break.Retificador\nConverte a energia da\nrede elétrica da concessionária\n ou do grupo gerador em\ncorrente contínua, corrigindo \nou eliminando distúrbios\nda entrada do sistema.\nCorrente alternada de entradaCorrente contínua Corrente alternada de saída\nCorrente alternada Bypass estáticoCorrente alternada Bypass estático\nde manutenção\nInversor\nConverte a corrente contínua do \nretiﬁ  cador ou das baterias em corrente \nalternada de saída, com forma de onda \nsenoidal pura, livre de distúrbios.\nRetificador\nConverte a energia da\nrede elétrica da concessionária\n ou do grupo gerador em\nInversor\nConverte a corrente contínua do \nretiﬁ  cador ou das baterias em corrente \nalternada de saída, com forma de onda']","A configuração trifásica em sistemas elétricos se refere à utilização de três fases ou circuitos elétricos deslocados em 120 graus um do outro. Isso permite uma distribuição mais eficiente da carga e uma melhor qualidade de energia elétrica.

Em termos de eficiência energética, o sistema trifásico geralmente é mais eficiente do que um sistema monofásico, pois pode transmitir potência três vezes maior com o mesmo peso de condutor. Além disso, motores elétricos trifásicos tendem a ser mais eficientes e compactos do que motores monofásicos de potência equivalente.

No contexto fornecido, a configuração trifásica é mencionada no sistema de sustentabilidade auditado, o que pode indicar um compromisso com a eficiência energética. No entanto, a falta de informações detalhadas no contexto não permite uma análise mais aprofundada sobre como isso se relaciona com o conceito de trifásico neste sistema específico.","O conceito de trifásico em sistemas elétricos tem implicações significativas na eficiência energética, pois permite uma distribuição mais equilibrada da carga elétrica, reduzindo perdas e melhorando o desempenho dos sistemas.",0.0,0.0,0.0,0.0,0.7695117199074201,0.25,0.29,0.8498646249583475,0.19781420765027324,0.18,0.0,0.0,1,1,1,1,1
8,Qual a importancia de um no-break em lugares criticos?,"['S I S T E M A PA R A L E L O M U LT I AT I V O ( E X C L U S I V O C M C O M A N D O S )\nA CM Comandos Lineares desenvolveu um sistema inovador e pioneiro no mundo de paralelismo entre No Breaks. O sistema Paralelo \nMulti Ativo permite a expansão do sistema, de acordo com sua demanda de consumo, podendo paralelar quantas unidades forem \nnecessárias para atender sua demanda, elevando a capacidade do sistema e a confiabilidade de sua aplicação.\nP O S S I B I L I D A D E D E S O M A T Ó R I A D E  P O T Ê N C I A S\nPermite a ligação para somatória de potência, utilizando dois ou mais No \nBreaks para atingir a demanda da carga total.\nQuando utilizado para somatória de potência, possibilita a ligação de \nNo Breaks com potências diferentes. Quando a ligação for feita com No \nBreaks de potências diferentes, a carga será distribuída \nproporcionalmente. Permite a ligação em paralelo redundante N + 1,  N + 2, N + 3 … N+X,  \npossibilitando o desligamento de uma ou mais unidades mantendo a \ncarga ativa.L I G A Ç Ã O E M P A R A L E L O R E D U N D A N T E\nA comunicação entre os No Breaks consiste no barramento de \ncomunicação comum, por onde transitam informações contendo \nnível de carga, sincronismo e a condição do by pass.C O M U N I C A Ç Ã O E N T R E O S N O B R E A K STodos os No Breaks são autônomos, operam de forma \nindependente no sistema e possuem controle individual.N Ã O E X I S T E N O B R E A K M E S T R E O U E S C R A V OPodem ser paraleladas quantas unidades forem necessárias, \npossibilitando expansão do sistema, de acordo com a demanda de \nconsumo.Q U A N T I D A D E I L I M I T A D A P A R A P A R A L E L I S M O\nM A N U T E N Ç Ã O D O N O B R E A K\nPermite a inserção ou retirada de um No Break no sistema, sem a \nnecessidade de parada.Rede Elétrica\nde Entrada\nSaídaNo Break 1\n Potência de \n30 kVANo Break 2\nPotência de \n10 kVANo Break 3\nPotência de \n20 kVA\nCarga fornecida pelo sistema = 150 kVANo Break 4\nPotência de \n30 kVANo Break 5\nPotência de \n20 kVANo Break 6\nPotência de \n40 kVA\nINTERFACES DE \nGERENCIAMENTO   \nREMOTO\nSão compostas por diversas ferramentas. O \nAdaptador SNMP NetMate permite\ngerenciar remotamente o No Break via a \nInternet através de um web browser,\nmonitorar o status e enviar alertas por e-mail. \nO software IP Power é uma ferramenta de \ngerenciamento  Windows Application e a \nversão Client é específica para  automatizar o \nshutdown de servidores, podendo desligar \nautomática e simultaneamente vários\ns e r v i d o r e s  e  e s t a ç õ e s .\nO Adaptador ArmModbus permite integrar \no  N o  B r e a k ,  v i a  u m a  p o r t a\nRS485, a Sistemas de Automação Predial.', 'Alta Tecnologia em\nProcessamento Digital de Sinais - DSP\nHoje esta tecnologia está presente nos mais soﬁ  sticados sistemas eletrônicos devido a sua alta velocidade e conﬁ  abil-\ndade. Processadores Digitais de Sinais são capazes de processar dez milhões de amostragens por segundo. Isso signiﬁ  -\nca processamento em tempo real - o sinal é processado no mesmo instante em que é recebido, sem retardos ou atrasos.Vivemos  em um mundo cada vez mais ágil e prático. Um mundo conectado por processadores, chips, softwares e periféricos.  Mas \nainda não é o bastante, por isso, o mundo caminha para tecnologias de processamento imediato de dados. A CM Comandos está \num passo à frente e oferece aos seus clientes produtos dotados de uma tecnologia revolucionária, denominada Processamento \nDigital de Sinais - DSP .\nToda linha de No-Breaks Composition conta com a tecno-\nlogia DSP . Característica que proporciona alta performa-\nce e conﬁ  abilidade, tornando-os ideais para aplicações de \nmissão crítica. Ou seja, protegem as aplicações nas quais a  \ncontinuidade da operação é de fundamental importância. \nProjetados com o uso intenso dos recursos da tecnologia\nDSP , os No-Breaks Composition agregam novos e avançados \nrecursos que estabelecem um novo conceito em desenvolvi-\nmento, no qual o ﬁ  rmware dos equipamentos pode ser atuali-\nzado acrescentando novas funções em  unidades já instaladas.\nAo pensar em adquirir No-Breaks, conte com as soluções da \nCM Comandos, que asseguram tecnologia de ponta, máxima \nproteção, precisão digital e processamento em tempo real.OS MAIS MODERNOS NO-BREAKS CORPORATIVOS']","No-breaks are crucial in critical locations because they provide uninterrupted power supply, ensuring the continuity of operations. They protect mission-critical applications where uninterrupted power is of fundamental importance. With the advanced technology of DSP (Digital Signal Processing), no-breaks can process large amounts of data in real-time, making them ideal for critical applications. They also offer the ability to update firmware and add new functions to existing units, providing a high level of performance and reliability.",A importância de um no-break em lugares críticos está em garantir a continuidade de energia e proteger equipamentos sensíveis contra quedas de energia.,0.49999999995,0.0,0.0,0.3,0.9041085589665471,1.0,0.67,0.6315435300349556,0.18484288354898337,0.07547169811320754,0.0,0.0,0,0,1,1,1
9,importância sistema No-Break ambientes críticos,"['S I S T E M A PA R A L E L O M U LT I AT I V O ( E X C L U S I V O C M C O M A N D O S )\nA CM Comandos Lineares desenvolveu um sistema inovador e pioneiro no mundo de paralelismo entre No Breaks. O sistema Paralelo \nMulti Ativo permite a expansão do sistema, de acordo com sua demanda de consumo, podendo paralelar quantas unidades forem \nnecessárias para atender sua demanda, elevando a capacidade do sistema e a confiabilidade de sua aplicação.\nP O S S I B I L I D A D E D E S O M A T Ó R I A D E  P O T Ê N C I A S\nPermite a ligação para somatória de potência, utilizando dois ou mais No \nBreaks para atingir a demanda da carga total.\nQuando utilizado para somatória de potência, possibilita a ligação de \nNo Breaks com potências diferentes. Quando a ligação for feita com No \nBreaks de potências diferentes, a carga será distribuída \nproporcionalmente. Permite a ligação em paralelo redundante N + 1,  N + 2, N + 3 … N+X,  \npossibilitando o desligamento de uma ou mais unidades mantendo a \ncarga ativa.L I G A Ç Ã O E M P A R A L E L O R E D U N D A N T E\nA comunicação entre os No Breaks consiste no barramento de \ncomunicação comum, por onde transitam informações contendo \nnível de carga, sincronismo e a condição do by pass.C O M U N I C A Ç Ã O E N T R E O S N O B R E A K STodos os No Breaks são autônomos, operam de forma \nindependente no sistema e possuem controle individual.N Ã O E X I S T E N O B R E A K M E S T R E O U E S C R A V OPodem ser paraleladas quantas unidades forem necessárias, \npossibilitando expansão do sistema, de acordo com a demanda de \nconsumo.Q U A N T I D A D E I L I M I T A D A P A R A P A R A L E L I S M O\nM A N U T E N Ç Ã O D O N O B R E A K\nPermite a inserção ou retirada de um No Break no sistema, sem a \nnecessidade de parada.Rede Elétrica\nde Entrada\nSaídaNo Break 1\n Potência de \n30 kVANo Break 2\nPotência de \n10 kVANo Break 3\nPotência de \n20 kVA\nCarga fornecida pelo sistema = 150 kVANo Break 4\nPotência de \n30 kVANo Break 5\nPotência de \n20 kVANo Break 6\nPotência de \n40 kVA\nINTERFACES DE \nGERENCIAMENTO   \nREMOTO\nSão compostas por diversas ferramentas. O \nAdaptador SNMP NetMate permite\ngerenciar remotamente o No Break via a \nInternet através de um web browser,\nmonitorar o status e enviar alertas por e-mail. \nO software IP Power é uma ferramenta de \ngerenciamento  Windows Application e a \nversão Client é específica para  automatizar o \nshutdown de servidores, podendo desligar \nautomática e simultaneamente vários\ns e r v i d o r e s  e  e s t a ç õ e s .\nO Adaptador ArmModbus permite integrar \no  N o  B r e a k ,  v i a  u m a  p o r t a\nRS485, a Sistemas de Automação Predial.', 'SISTEMA PARALELO MULTI ATIVO (EXCLUSIVO CM COMANDOS)\nA CM Comandos Lineares desenvolveu um sistema inovador e pioneiro no mundo de paralelismo entre no-breaks. O sistema \nParalelo Multi Ativo permite a expansão do sistema, de acordo com sua demanda de consumo, podendo paralelar quantas \nunidades forem necessárias para atender sua demanda, elevando a capacidade do sistema e a confiabilidade de sua aplicação.\nPOSSIBILIDADE DE SOMATÓRIA DE  POTÊNCIAS\nPermite a ligação para somatória de potência, utilizando dois ou mais \nNo-Breaks para atingir a demanda da carga total.\nQuando utilizado para somatória de potência, possibilita a ligação de \nNo-Breaks com potências diferentes. Quando a ligação for feita com \nNo-Breaks de potências diferentes, a carga será distribuída \nproporcionalmente. Permite a ligação em paralelo redundante N + 1,  N + 2, N + 3 … N+X,  \npossibilitando o desligamento de uma ou mais unidades, mantendo a \ncarga ativa.\nA comunicação entre os No-Breaks consiste no barramento de \ncomunicação comum, por onde transitam informações \ncontendo nível de carga, sincronismo e a condição do by pass.COMUNICAÇÃO ENTRE OS NO-BREAKSTodos os No-Breaks são autônomos, operam de forma \nindependente no sistema e possuem controle individual.NÃO EXISTE NO-BREAK MESTRE OU ESCRAVOPodem ser paraleladas quantas unidades forem necessárias, \npossibilitando expansão do sistema, de acordo com a demanda \nde consumo.QUANTIDADE ILIMITADA PARA PARALELISMO\nPARALELISMO DO BANCO DE BATERIAS\nPermite paralelismo dos bancos de baterias (quando forem de \nmesma tensão nominal).MANUTENÇÃO DO NO-BREAK\nPermite a inserção ou retirada de um No-Break no sistema, sem a \nnecessidade de parada.INTERFACES  DE  SHUTDOWN  E GERENCIAMENTO  REMOTO\nRede Elétric a\nde Entr ada\nSaídaNo-break 1\n Potência \nde 60 kV ANo-break 2\nPotência de \n100 kV ANo-break 3\nPotência de \n20 kV A\nCarga fornecida pelo sistema = 410 kV ANo-break 4\nPotência de \n30 kV ANo-break 5\nPotência de \n80 kV ANo-break 6\nPotência de \n120 kV ARede L ocal Ether netA   Inter face de Ger enciamento \n     \nC  Inter face Shutdown \n     Client \n     LANB  Inter face Shutdown \n     D   Inter face de Ger enciamento Remoto \n  \nE  Adaptador SNMP\n     \nF  Client Shutdown\nG Estação Remota\n    Sof tware com \n    conexão à I nter netMultisser vidor es\nMultiplataf ormas\nMulti-S.O .Porta M icroprocessada DB9\nPorta Contato Seco DB9\nRede Ethernet RJ45']","No-Break systems play a critical role in protecting equipment and maintaining operational continuity in environments where power outages can cause significant disruptions or damage. Here's why:

1. Data Protection: In environments with critical data processing, such as data centers, power interruptions can lead to data loss or corruption. No-Break systems ensure a stable power supply, protecting data integrity.

2. Equipment Safety: Sensitive electronic equipment can be damaged by power surges or drops that often accompany power outages. No-Break systems regulate the power supply, preventing damage to equipment.

3. System Uptime: Unplanned downtime can result in significant losses, particularly in industrial or commercial settings. No-Break systems ensure power is available, reducing the likelihood of downtime.

4. Redundancy and Reliability: No-Break systems can be configured in redundant setups, allowing for the simultaneous operation of multiple units. This increases system reliability, as the failure of one unit won't disrupt the power supply.

5. Scalability: No-Break systems can be paralleled to increase capacity according to demand, making them a scalable solution for growing power needs.

6. Remote Management: Modern No-Break systems often come with remote management interfaces, allowing administrators to monitor and control the systems remotely, enhancing system maintenance and management.",O sistema No-Break é importante em ambientes críticos para garantir a continuidade do fornecimento de energia e proteger equipamentos contra quedas de energia.,0.99999999995,0.0,0.0,0.5238095238095238,0.7428146937875336,1.0,0.7,0.7079320163370242,0.09845288326300983,0.026086956521739132,0.0,0.0,0,0,1,1,1
10,"Como as diferentes tecnologias e características dos sistemas de No-Break, como a tecnologia Transformerless, Digital Signal Processor, e a modularidade dos No-Breaks Composition trifásico, se comparam em termos de confiabilidade e eficiência em ambientes críticos, conforme descrito nos relatórios?","['Alta Tecnologia em\nProcessamento Digital\nde Sinais - DSP\nO S M A I S M O D E R N O S\nN O B R E A K S C O R P O R AT I V O SVivemos em um mundo cada vez mais ágil e prático. Um mundo conectado por processadores, chips, softwares e \nperiféricos. Mas isso ainda não é o bastante. Por isso, o mundo caminha para tecnologias de processamento imediato \nde dados. A CM Comandos Lineares está um passo à frente e oferece aos seus clientes produtos dotados de uma \ntecnologia revolucionária, denominada Processamento Digital de Sinais -- DSP .\nToda a linha de No Breaks Innovation S1 Trifásico  \nTransformerless conta com a tecnologia DS P.   \nCaracterística que proporciona alta performance e \nconfiabilidade, tornando-os ideais para aplicações de missão crítica. Ou seja, protegem as aplicações nas quais a \ncontinuidade da operação é de fundamental importância.\ndos equipamentos pode ser atualizado, \nacrescentando novas funções em \nunidades já instaladas. Hoje, esta tecnologia está presente nos mais sofisticados sistemas eletrônicos, devido à sua alta velocidade e \nconfiabilidade. Processadores Digitais de Sinais são capazes de processar dez milhões de amostragens por segundo. \nIsso significa processamento em tempo real -- o sinal é processado no mesmo instante em que é recebido, sem \nretardos ou atrasos.\nProjetados com o uso intenso dos recursos da tecnologia DSP ,  os No Breaks Innovation Trifásico Transformerless  \nagregam novos  e avançados recursos, que estabelecem um novo conceito em desenvolvimento, no qual o firmware \nAo pensar em adquirir No Breaks,     \nconte com as soluções da\nCM Comandos, que asseguram \ntecnologia de ponta, máxima proteção, \nprecisão digital e processamento        \nem tempo real.', 'No-Break Composition XI\nTrifásico Modular  25 kW  30 kW  50 kW\nOs No-Breaks Composition trifásico são modulares, on line de dupla conversão e possuem rack na largura padrão informática, integrando-se \nao seu data center.  Cada módulo possui a tecnologia hotswap, que permite a substituição sem a necessidade de  paralisar todo o sistema. \nPossuem também alta conﬁ  abilidade e são disponíveis em diversos modelos e capacidades, permitindo  sua expansão escalonada confor-\nme suas necessidades.\nCARACTERÍSTICAS PRINCIPAIS \n• Topologia Online de Dupla Conversão\n• Controle DSP - Processador Digital de Sinais\n• Retiﬁ  cador e Inversor a IGBT\n• Alto Fator de Potência de Entrada (Power Factor Correction)\n• Bypass estático, automático e manual*\n• Gerenciamento Avançado de Baterias\n• Fácil Manutenção - Módulos Hot Swap\n• Set de Baterias Conﬁ  gurável (conforme modelo e capacidades)\n• Design Modular Rack Padrão informática\n• Escalável e Modular\n• Ampla Faixa de Tensão Admissível de Entrada\n• Compatível com Grupo Gerador\n• Software de Gerenciamento Remoto RS232*\n• Slot Adaptador SNMP , Contato Seco e Modbus*\n• Paralelismo Redundante dos RacksDISPLAY LCD CENTRAL DE ATÉ 10,4’’  \nTOUCH SCREEN E DISPLAY\nINDIVIDUAL POR MÓDULO RACK NO-BREAK MODULAR COM BYPASS*']","In terms of reliability and efficiency in critical environments, as described in the reports, the different technologies and features of the No-Break systems compare as follows:

The Transformerless technology, utilized in the No Breaks Innovation S1 Trifásico, offers high performance and dependability, making it ideal for mission-critical applications. This technology ensures continuity of operation, which is essential in such scenarios.

The Digital Signal Processor (DSP) technology, also featured in the No Breaks Innovation S1 Trifásico, provides rapid processing of up to ten million samples per second. This real-time processing capability ensures instantaneous signal processing without delays or lags, further enhancing the reliability and efficiency of the system.

As for the No-Breaks Composition trifásico, its modular design allows for easy maintenance and scalability, adapting to the user's needs. The modularity also ensures high availability through redundant paralleling of racks, further increasing reliability.

In summary, the Transformerless technology, DSP, and modularity of the No-Break systems contribute to their overall reliability and efficiency in critical environments. The Transformerless technology and DSP ensure high performance and real-time processing, while modularity allows for scalability and high availability.","As diferentes tecnologias e características dos sistemas de No-Break, como a tecnologia Transformerless, Digital Signal Processor e a modularidade dos No-Breaks Composition trifásico, se comparam em termos de confiabilidade e eficiência em ambientes críticos, oferecendo alta confiabilidade, proteção contra distúrbios de energia elétrica e a capacidade de expansão conforme a demanda.",0.99999999995,0.5,0.0,0.5294117647058824,0.817205754447241,1.0,0.27,0.8276928457421062,0.20633750921149596,0.09486166007905138,0.0,0.0,0,0,1,1,1
11,"Como as diferntes abordagens e tecnologias de Processadores de Sinal Digital, como o Transformrless e o sistma de No-Breaks Composiçã trifásico, se comparam em termos de conffabilidade, escalabilidade e eficienci em ambients críticos, conforme descrito nos relatorios?","['Alta Tecnologia em\nProcessamento Digital\nde Sinais - DSP\nO S M A I S M O D E R N O S\nN O B R E A K S C O R P O R AT I V O SVivemos em um mundo cada vez mais ágil e prático. Um mundo conectado por processadores, chips, softwares e \nperiféricos. Mas isso ainda não é o bastante. Por isso, o mundo caminha para tecnologias de processamento imediato \nde dados. A CM Comandos Lineares está um passo à frente e oferece aos seus clientes produtos dotados de uma \ntecnologia revolucionária, denominada Processamento Digital de Sinais -- DSP .\nToda a linha de No Breaks Innovation S1 Trifásico  \nTransformerless conta com a tecnologia DS P.   \nCaracterística que proporciona alta performance e \nconfiabilidade, tornando-os ideais para aplicações de missão crítica. Ou seja, protegem as aplicações nas quais a \ncontinuidade da operação é de fundamental importância.\ndos equipamentos pode ser atualizado, \nacrescentando novas funções em \nunidades já instaladas. Hoje, esta tecnologia está presente nos mais sofisticados sistemas eletrônicos, devido à sua alta velocidade e \nconfiabilidade. Processadores Digitais de Sinais são capazes de processar dez milhões de amostragens por segundo. \nIsso significa processamento em tempo real -- o sinal é processado no mesmo instante em que é recebido, sem \nretardos ou atrasos.\nProjetados com o uso intenso dos recursos da tecnologia DSP ,  os No Breaks Innovation Trifásico Transformerless  \nagregam novos  e avançados recursos, que estabelecem um novo conceito em desenvolvimento, no qual o firmware \nAo pensar em adquirir No Breaks,     \nconte com as soluções da\nCM Comandos, que asseguram \ntecnologia de ponta, máxima proteção, \nprecisão digital e processamento        \nem tempo real.', 'Alta Tecnolog ia em\nProcessament o Dig ital\nde Sinais - DSP\nOS MAIS MODERNOS\nNO-BREAKS CORPORATIVOSVivemos em um mundo cada v ez mais ág il e prático . Um mundo conec tado por pr ocessador es, chips , softwares e \nperiféricos. Mas isso ainda não é o bastant e. Por isso , o mundo caminha para t ecnolog ias de pr ocessament o imediat o \nde dados . A CM C omandos Linear es está um passo à fr ente e of erece aos seus client es pr odut os dotados de uma \ntecnolog ia revolucionár ia, denominada P rocessament o Dig ital de Sinais - - DSP .\nToda a linha de No -Breaks  \nconta com a t ecnolog ia DSP .  Carac terística que \npropor ciona alta per formance e confiabilidade , Conception Multi Ativ o \npara aplicações de missão cr ítica. Ou seja, pr otegem as aplicações nas quais a continuidade da operação é de \nfundamental impor tância.\nequipament os pode ser atualizado , \nacrescentando novas funções em \nunidades já instaladas . Hoje , esta t ecnolog ia está pr esent e nos mais sofisticados sist emas eletr ônicos , devido à sua alta v elocidade e \nconfiabilidade . Processador es Dig itais de Sinais são capaz es de pr ocessar dez milhões de amostragens por segundo . \nIsso sig nifica pr ocessament o em t empo r eal -- o sinal é pr ocessado no mesmo instant e em que é r ecebido , sem \nretardos ou atrasos .\nProjetados com o uso int enso dos r ecursos da t ecnolog ia DSP ,  os No -Breaks C onception Multi Ativ o  ag regam nov os  \ne avançados r ecursos , que estabelecem um nov o conceit o em desen volviment o, no qual o fir mware dos \nAdquir indo No -Breaks , cont e com as \nsoluções da CM C omandos , que \nasseguram t ecnolog ia de ponta, \nmáxima pr oteção , precisão dig ital e \nprocessament o em t empo r eal.  Modelo 300kV A']","The DSP (Digital Signal Processing) technology, as implemented in both the Transformerless and the three-phase No-Breaks Composiçã systems, offers high performance and reliability, making them ideal for mission-critical applications where continuous operation is of fundamental importance. 

The Transformerless technology, specifically the No Breaks Innovation S1 Trifásico, boasts the DSP technology, which provides rapid processing of up to ten million samples per second. This real-time processing, where the signal is processed in the same instant it is received, ensures no delays or lags. This technology is present in sophisticated electronic systems due to its high speed and reliability.

On the other hand, the No-Breaks Conception Multi Ativo system is designed with intensive use of DSP technology resources, adding new and advanced features that establish a new concept in development. This system also ensures maximum protection, precision, and real-time processing.

In terms of comparisons, both systems share the DSP technology, which guarantees high performance, reliability, and real-time processing. However, the specific features and capabilities may vary depending on the system's design and application. Therefore, the choice between the two would depend on the specific requirements of the critical environment where they are to be used.","As diferentes abordagens e tecnologias de Processadores de Sinal Digital, como o Transformadorless e os No-Breaks Composição trifásico, se comparam em termos de confiabilidade, escalabilidade e eficiência em ambientes críticos, destacando a inovação do modelo S1 e as características modulares e de alta confiabilidade dos No-Breaks.",0.9999999999,0.0,0.0,0.4375,0.6710873516962582,0.75,0.36,0.7519098223648056,0.17547723935389137,0.0625,0.0,0.0,0,0,1,0,1
12,Como as tecnologias dos sistemas de No-Break se comparam em confiabilidade e eficiência?,"['S I S T E M A PA R A L E L O M U LT I AT I V O ( E X C L U S I V O C M C O M A N D O S )\nA CM Comandos Lineares desenvolveu um sistema inovador e pioneiro no mundo de paralelismo entre No Breaks. O sistema Paralelo \nMulti Ativo permite a expansão do sistema, de acordo com sua demanda de consumo, podendo paralelar quantas unidades forem \nnecessárias para atender sua demanda, elevando a capacidade do sistema e a confiabilidade de sua aplicação.\nP O S S I B I L I D A D E D E S O M A T Ó R I A D E  P O T Ê N C I A S\nPermite a ligação para somatória de potência, utilizando dois ou mais No \nBreaks para atingir a demanda da carga total.\nQuando utilizado para somatória de potência, possibilita a ligação de \nNo Breaks com potências diferentes. Quando a ligação for feita com No \nBreaks de potências diferentes, a carga será distribuída \nproporcionalmente. Permite a ligação em paralelo redundante N + 1,  N + 2, N + 3 … N+X,  \npossibilitando o desligamento de uma ou mais unidades mantendo a \ncarga ativa.L I G A Ç Ã O E M P A R A L E L O R E D U N D A N T E\nA comunicação entre os No Breaks consiste no barramento de \ncomunicação comum, por onde transitam informações contendo \nnível de carga, sincronismo e a condição do by pass.C O M U N I C A Ç Ã O E N T R E O S N O B R E A K STodos os No Breaks são autônomos, operam de forma \nindependente no sistema e possuem controle individual.N Ã O E X I S T E N O B R E A K M E S T R E O U E S C R A V OPodem ser paraleladas quantas unidades forem necessárias, \npossibilitando expansão do sistema, de acordo com a demanda de \nconsumo.Q U A N T I D A D E I L I M I T A D A P A R A P A R A L E L I S M O\nM A N U T E N Ç Ã O D O N O B R E A K\nPermite a inserção ou retirada de um No Break no sistema, sem a \nnecessidade de parada.Rede Elétrica\nde Entrada\nSaídaNo Break 1\n Potência de \n30 kVANo Break 2\nPotência de \n10 kVANo Break 3\nPotência de \n20 kVA\nCarga fornecida pelo sistema = 150 kVANo Break 4\nPotência de \n30 kVANo Break 5\nPotência de \n20 kVANo Break 6\nPotência de \n40 kVA\nINTERFACES DE \nGERENCIAMENTO   \nREMOTO\nSão compostas por diversas ferramentas. O \nAdaptador SNMP NetMate permite\ngerenciar remotamente o No Break via a \nInternet através de um web browser,\nmonitorar o status e enviar alertas por e-mail. \nO software IP Power é uma ferramenta de \ngerenciamento  Windows Application e a \nversão Client é específica para  automatizar o \nshutdown de servidores, podendo desligar \nautomática e simultaneamente vários\ns e r v i d o r e s  e  e s t a ç õ e s .\nO Adaptador ArmModbus permite integrar \no  N o  B r e a k ,  v i a  u m a  p o r t a\nRS485, a Sistemas de Automação Predial.', 'Alta Tecnologia em\nProcessamento Digital\nde Sinais - DSP\nO S M A I S M O D E R N O S\nN O B R E A K S C O R P O R AT I V O SVivemos em um mundo cada vez mais ágil e prático. Um mundo conectado por processadores, chips, softwares e \nperiféricos. Mas isso ainda não é o bastante. Por isso, o mundo caminha para tecnologias de processamento imediato \nde dados. A CM Comandos Lineares está um passo à frente e oferece aos seus clientes produtos dotados de uma \ntecnologia revolucionária, denominada Processamento Digital de Sinais -- DSP .\nToda a linha de No Breaks Innovation S1 Trifásico  \nTransformerless conta com a tecnologia DS P.   \nCaracterística que proporciona alta performance e \nconfiabilidade, tornando-os ideais para aplicações de missão crítica. Ou seja, protegem as aplicações nas quais a \ncontinuidade da operação é de fundamental importância.\ndos equipamentos pode ser atualizado, \nacrescentando novas funções em \nunidades já instaladas. Hoje, esta tecnologia está presente nos mais sofisticados sistemas eletrônicos, devido à sua alta velocidade e \nconfiabilidade. Processadores Digitais de Sinais são capazes de processar dez milhões de amostragens por segundo. \nIsso significa processamento em tempo real -- o sinal é processado no mesmo instante em que é recebido, sem \nretardos ou atrasos.\nProjetados com o uso intenso dos recursos da tecnologia DSP ,  os No Breaks Innovation Trifásico Transformerless  \nagregam novos  e avançados recursos, que estabelecem um novo conceito em desenvolvimento, no qual o firmware \nAo pensar em adquirir No Breaks,     \nconte com as soluções da\nCM Comandos, que asseguram \ntecnologia de ponta, máxima proteção, \nprecisão digital e processamento        \nem tempo real.']","The text provided describes the innovative and pioneering System for Parallel Operation (Exclusive CMM Commandos) developed by ACM Commandos Lineares. This system allows for the expansion of the system according to its consumption demand, enabling the paralleling of as many units as necessary to meet the demand, which increases the system's capacity and reliability.

The text also highlights the Digital Signal Processing (DSP) technology present in the CM Comandos Lineares's new generation of three-phase No-Breaks. This technology provides high performance and reliability, making these No-Breaks ideal for mission-critical applications. DSP technology can process ten million samples per second, enabling real-time signal processing with no delays or latency.

Comparing the two systems, the Parallel Operation System focuses on expanding the system's capacity and reliability by paralleling multiple No-Breaks, while the DSP technology in the three-phase No-Breaks offers high performance, reliability, and real-time signal processing. Both systems aim to ensure maximum protection and precision for the equipment they support.

In summary, both the Parallel Operation System and the DSP technology in the three-phase No-Breaks contribute to the overall reliability and efficiency of the systems. The Parallel Operation System enhances reliability by allowing the connection of multiple No-Breaks, while the DSP technology provides high performance and real-time signal processing capabilities.","As tecnologias dos sistemas de No-Break, como os da CM Comandos, se destacam em confiabilidade e eficiência, oferecendo alta performance, modularidade e suporte técnico de excelência.",0.99999999995,1.0,0.0,0.8235294117647058,0.5727293733609669,0.9411764705882353,0.0,0.5998210461024196,0.10386151797603194,0.03162055335968379,0.0,0.0,0,0,1,0,1
13,"Como as diferentes abordagens para alta confiabilidade em sistemas de No-Break, como a tecnologia Transformerless, Digital Signal Processor, e sistemas modulares e on line de dupla conversão, se comparam em termos de desempenho e segurança em ambientes críticos, conforme descrito nos relatórios?","['Alta Tecnologia em\nProcessamento Digital\nde Sinais - DSP\nO S M A I S M O D E R N O S\nN O B R E A K S C O R P O R AT I V O SVivemos em um mundo cada vez mais ágil e prático. Um mundo conectado por processadores, chips, softwares e \nperiféricos. Mas isso ainda não é o bastante. Por isso, o mundo caminha para tecnologias de processamento imediato \nde dados. A CM Comandos Lineares está um passo à frente e oferece aos seus clientes produtos dotados de uma \ntecnologia revolucionária, denominada Processamento Digital de Sinais -- DSP .\nToda a linha de No Breaks Innovation S1 Trifásico  \nTransformerless conta com a tecnologia DS P.   \nCaracterística que proporciona alta performance e \nconfiabilidade, tornando-os ideais para aplicações de missão crítica. Ou seja, protegem as aplicações nas quais a \ncontinuidade da operação é de fundamental importância.\ndos equipamentos pode ser atualizado, \nacrescentando novas funções em \nunidades já instaladas. Hoje, esta tecnologia está presente nos mais sofisticados sistemas eletrônicos, devido à sua alta velocidade e \nconfiabilidade. Processadores Digitais de Sinais são capazes de processar dez milhões de amostragens por segundo. \nIsso significa processamento em tempo real -- o sinal é processado no mesmo instante em que é recebido, sem \nretardos ou atrasos.\nProjetados com o uso intenso dos recursos da tecnologia DSP ,  os No Breaks Innovation Trifásico Transformerless  \nagregam novos  e avançados recursos, que estabelecem um novo conceito em desenvolvimento, no qual o firmware \nAo pensar em adquirir No Breaks,     \nconte com as soluções da\nCM Comandos, que asseguram \ntecnologia de ponta, máxima proteção, \nprecisão digital e processamento        \nem tempo real.', 'Alta Tecnolog ia em\nProcessament o Dig ital\nde Sinais - DSP\nOS MAIS MODERNOS\nNO-BREAKS CORPORATIVOSVivemos em um mundo cada v ez mais ág il e prático . Um mundo conec tado por pr ocessador es, chips , softwares e \nperiféricos. Mas isso ainda não é o bastant e. Por isso , o mundo caminha para t ecnolog ias de pr ocessament o imediat o \nde dados . A CM C omandos Linear es está um passo à fr ente e of erece aos seus client es pr odut os dotados de uma \ntecnolog ia revolucionár ia, denominada P rocessament o Dig ital de Sinais - - DSP .\nToda a linha de No -Breaks  \nconta com a t ecnolog ia DSP .  Carac terística que \npropor ciona alta per formance e confiabilidade , Conception Multi Ativ o \npara aplicações de missão cr ítica. Ou seja, pr otegem as aplicações nas quais a continuidade da operação é de \nfundamental impor tância.\nequipament os pode ser atualizado , \nacrescentando novas funções em \nunidades já instaladas . Hoje , esta t ecnolog ia está pr esent e nos mais sofisticados sist emas eletr ônicos , devido à sua alta v elocidade e \nconfiabilidade . Processador es Dig itais de Sinais são capaz es de pr ocessar dez milhões de amostragens por segundo . \nIsso sig nifica pr ocessament o em t empo r eal -- o sinal é pr ocessado no mesmo instant e em que é r ecebido , sem \nretardos ou atrasos .\nProjetados com o uso int enso dos r ecursos da t ecnolog ia DSP ,  os No -Breaks C onception Multi Ativ o  ag regam nov os  \ne avançados r ecursos , que estabelecem um nov o conceit o em desen volviment o, no qual o fir mware dos \nAdquir indo No -Breaks , cont e com as \nsoluções da CM C omandos , que \nasseguram t ecnolog ia de ponta, \nmáxima pr oteção , precisão dig ital e \nprocessament o em t empo r eal.  Modelo 300kV A']","In terms of performance and reliability in critical environments, Digital Signal Processor (DSP) technology, such as that used in the No-Breaks, stands out for its ability to process ten million samples per second, enabling real-time processing with no delays or latency. This is particularly beneficial for mission-critical applications where continuous operation is of utmost importance.

Transformerless technology, also used in No-Breaks, offers high performance and reliability, making these units ideal for mission-critical applications. The text highlights that the entire line of No-Breaks is equipped with DSP technology, which provides advanced features and establishes a new concept in development, where firmware can be updated to add new functions to installed units.

The context does not provide specific information about modular and online dual-conversion systems. However, it can be inferred that the No-Breaks, with their DSP and Transformerless technologies, offer advanced performance and reliability features, which are crucial in critical environment applications.

In summary, based on the provided context, DSP and Transformerless technologies in No-Breaks demonstrate high performance and reliability, making them suitable for mission-critical applications. The text does not offer specific details about modular and online dual-conversion systems in comparison.","As diferentes abordagens para alta confiabilidade em sistemas de No-Break, como a tecnologia Transformerless, Digital Signal Processor e sistemas modulares e on line de dupla conversão, se comparam em termos de desempenho e segurança em ambientes críticos, destacando a inovação e características específicas de cada tecnologia, como a modularidade e a operação contínua sem interrupções.",0.9999999999,0.0,0.0,0.47058823529411764,0.6405198900921263,0.7058823529411765,0.62,0.722424304828174,0.19236311239193082,0.04528301886792453,0.0,0.0,0,0,1,1,1
14,"Como as diferentes abordagens de gerenciamento de bateria, incluindo sistemas com processadores de sinal digital, No-Breaks modulares e tecnologia de equalização ativa, se comparam em termos de confiabilidade e eficiência em relatórios sobre soluções de energia crítica?","['Equaliz erActive Batt ery Mangement\nBENEFÍCIOS\nEstende a vida útil das baterias\nO sistema de Equalização Ativa mantém as baterias em condições \nideais, maximizando a sua vida útil. Reduz a necessidade de troca das \nbaterias e reduz o custo.\nRedução de Custo de Propriedade\nProlonga a vida útil das baterias, reduz o período de trocas e \nautomatiza a manutenção, reduzindo enormes custos com \nintervenções manuais.\nEcológico e Sustentável\nNa era da sustentabilidade, reduzir o consumo de baterias significa \nusar menos recursos e gerar menos descartes no meio ambiente.Análise da Vida Útil da Bateria\nAnalisa a curva de carga e descarga de um banco de baterias e \nacompanhe a evolução da vida útil, algo que é impraticável fazer \nmanualmente.Minimiza o Downtime por falha da bateria\nO prejuízo decorrente de uma queda do sistema por falha de bateria \ngera um valor incalculável para a sua operação.CARACTERÍSTICAS  \nPRINCIPAIS\nEqualização Ativa Individual do Banco de Baterias\nEleva a vida útil e a confiabilidade das baterias. \nPermite que as baterias atinjam a máxima vida útil de operação.\nAutomatização da Manutenção das Baterias\nO sistema mantém as baterias em condições ideais automaticamente. \nA análise e o diagnóstico são realizados à distância, individualmente e \nsem precisar desligar o sistema.\nMonitoramento em Tempo Real das Baterias\nMonitora a condição das baterias em tempo real à distância,  de \nforma eficiente e reduzindo o elevado custo com intervenções \nmanuais.Medição da Impedância da Bateria\nA Impedância interna é o parâmetro real da condição da bateria. \nAlém disso, mede a tensão e temperatura individual de cada bateria e \ngrava na memória.Previne contra quedas do sistema por defeito nas baterias\nO sistema monitora constantemente as baterias individualmente e \nenvia alarmes antes de ocorrer um problema.\nCONFIGURAÇÃO DO BANCO DE BATERIAS\nAPLICAÇÕES\nn   \nn   \n Banc os de Ba terias:\n• Sist emas No -Breaks\n• Retificador es de Telecomunicações\n• Ener gia Solar e Eólica\n• Compatív el com t odas as mar cas \nde equipament os, independent e \ndo fabr icant e.\nTipos :\n• Seladas Reguladas por Válvula VRLA\n• Estacionár ias\n• 12VDC e 2VDC', '• Analisa as curvas de carga e d escarga  das baterias, \nremotamente e s em desligar o s istema.\n• Identifica e e nvia alarmes da  bateria com defeito antes de \ncomprometer o s istema.\n• A m anutenção torna-se proativa, pois a intervenção é d ireta \nna bateria defeituosa, na ocorrência de alarmes. \n• Dashboard com duas opções de visualização, vertical e \nhorizontal.\n• Layout Responsivo, pronto para PCs, Tablets e S martphones. ANÁLISE  DA  VIDA ÚTIL CONFORME NORMA  IEEE  1188  E  1491 \n• Analisa o ciclo de vida útil das bat erias conf orme a Nor ma IEEE 1188: P ráticas r ecomendadas para manut enção , testes e substituição \nde bat erias e IEEE 1491: Guia para seleção e uso de equipament os de monit orament o de bat erias. \n• Determina a data z ero a par tir da instalação das bat erias e r egistra per iodicament e a ev olução do ciclo de vida útil das bat erias.\n• Relat ório do Ciclo de Vida com parâmetr os configurá veis.\nGERENCIAMENTO WEB \n• Medições de Impedância, Tensão e Temperatura individuais de \ncada bateria.\n• Indicadores de Status Normal, Falha e P ré-Alarme configuráveis.\n•Gráficos de Descarga com filtros dinâmicos.\n• Envio de e-mails em caso de alarmes.\n• Data Logger armazenado em Banco de Dados ANSI SQL.\n• Frequência de gravação configurável.\n• Controle de Acesso por senha em três níveis.\n• Protocolos SNMP V1 e V3 e M odbus Over IP.']","Based on the provided context, different battery management approaches, such as systems with digital signal processors, modular No-Breaks, and active equalization technology, can be compared in terms of reliability and efficiency in critical energy solutions reports.

Active Equalization Management systems, like the one described in the context, offer extended battery life, cost reduction, and ecological sustainability. They analyze battery life curves, monitor battery condition in real-time, and measure battery impedance, voltage, and temperature. These systems can predict battery failures and send alarms, allowing for proactive maintenance. They also comply with IEEE 1188 and 1491 standards for battery maintenance, testing, and replacement practices.

On the other hand, digital signal processors and modular No-Breaks can also contribute to reliable and efficient battery management. Digital signal processors can provide accurate measurements and calculations, improving system performance. Modular No-Breaks offer scalability, flexibility, and redundancy, ensuring a high level of system availability.

In comparing these approaches, active equalization management systems seem to offer a more comprehensive solution, as they not only monitor and analyze battery conditions but also provide predictive maintenance and real-time alerts. However, the choice of battery management approach depends on the specific requirements and constraints of the energy solution, and a combination of these technologies might be the most effective strategy in many cases.","As diferentes abordagens de gerenciamento de bateria, incluindo sistemas com processadores de sinal digital, No-Breaks modulares e tecnologia de equalização ativa, se comparam em termos de confiabilidade e eficiência, destacando a alta confiabilidade dos No-Breaks modulares e a maximização da vida útil das baterias com a equalização ativa.",0.0,0.3333333333333333,0.0,0.4074074074074074,0.8103834236244506,0.5185185185185185,0.09,0.7794811947116551,0.16050955414012735,0.07380073800738007,0.0,0.0,0,0,1,1,1
15,"Como as diferentes abordagens de gerenciamento remoto, como a tecnologia DSP, interfaces de gerenciamento remoto e sistemas de equalização ativa, se comparam em termos de confiabilidade e eficiência em relatórios sobre No-Breaks e sistemas de energia?","['S I S T E M A PA R A L E L O M U LT I AT I V O ( E X C L U S I V O C M C O M A N D O S )\nA CM Comandos Lineares desenvolveu um sistema inovador e pioneiro no mundo de paralelismo entre No Breaks. O sistema Paralelo \nMulti Ativo permite a expansão do sistema, de acordo com sua demanda de consumo, podendo paralelar quantas unidades forem \nnecessárias para atender sua demanda, elevando a capacidade do sistema e a confiabilidade de sua aplicação.\nP O S S I B I L I D A D E D E S O M A T Ó R I A D E  P O T Ê N C I A S\nPermite a ligação para somatória de potência, utilizando dois ou mais No \nBreaks para atingir a demanda da carga total.\nQuando utilizado para somatória de potência, possibilita a ligação de \nNo Breaks com potências diferentes. Quando a ligação for feita com No \nBreaks de potências diferentes, a carga será distribuída \nproporcionalmente. Permite a ligação em paralelo redundante N + 1,  N + 2, N + 3 … N+X,  \npossibilitando o desligamento de uma ou mais unidades mantendo a \ncarga ativa.L I G A Ç Ã O E M P A R A L E L O R E D U N D A N T E\nA comunicação entre os No Breaks consiste no barramento de \ncomunicação comum, por onde transitam informações contendo \nnível de carga, sincronismo e a condição do by pass.C O M U N I C A Ç Ã O E N T R E O S N O B R E A K STodos os No Breaks são autônomos, operam de forma \nindependente no sistema e possuem controle individual.N Ã O E X I S T E N O B R E A K M E S T R E O U E S C R A V OPodem ser paraleladas quantas unidades forem necessárias, \npossibilitando expansão do sistema, de acordo com a demanda de \nconsumo.Q U A N T I D A D E I L I M I T A D A P A R A P A R A L E L I S M O\nM A N U T E N Ç Ã O D O N O B R E A K\nPermite a inserção ou retirada de um No Break no sistema, sem a \nnecessidade de parada.Rede Elétrica\nde Entrada\nSaídaNo Break 1\n Potência de \n30 kVANo Break 2\nPotência de \n10 kVANo Break 3\nPotência de \n20 kVA\nCarga fornecida pelo sistema = 150 kVANo Break 4\nPotência de \n30 kVANo Break 5\nPotência de \n20 kVANo Break 6\nPotência de \n40 kVA\nINTERFACES DE \nGERENCIAMENTO   \nREMOTO\nSão compostas por diversas ferramentas. O \nAdaptador SNMP NetMate permite\ngerenciar remotamente o No Break via a \nInternet através de um web browser,\nmonitorar o status e enviar alertas por e-mail. \nO software IP Power é uma ferramenta de \ngerenciamento  Windows Application e a \nversão Client é específica para  automatizar o \nshutdown de servidores, podendo desligar \nautomática e simultaneamente vários\ns e r v i d o r e s  e  e s t a ç õ e s .\nO Adaptador ArmModbus permite integrar \no  N o  B r e a k ,  v i a  u m a  p o r t a\nRS485, a Sistemas de Automação Predial.', 'TECNOLOGIA  ON  LINE  COM  BYPASS\nESTÁTICO  DE  MANUTENÇÃO\nCARACTERÍSTICAS  PRINCIPAIS\nTecnologia Avançada \nDSP  (Digital Signal Processor)\nMedições em True RMS com Precisão de \nMultímetros\nBypass Estático de Manutenção\nSoftware de Gerenciamento Remoto Real-Time \nSistema Paralelo Multi Ativo (Exclusivo CM)Permite funções avançadas e exclusivas em \ntempo real.\nPermite que sejam rastreados para análise.\nSão ideais para a medição de cargas não lineares.\nAdicionam proteção e elevam a confiabilidade da \ncarga sensível.\nVia TCP/IP,  com proteção de senhas para acesso \nremoto, shutdown.\nPodem ser paraleladas quantas unidades forem \nnecessárias, possibilitando expansão do sistema, \nde acordo com a demanda de consumo.Memória Interna para Registro de EventosDisplay TFT 4,3"" Touch Screen\n(Item de Série)\nPossibilidade de Upgrade do Firmware do \nDSP \nAcionamentos Monitorados pelo  DSP\nControle Inteligente da Velocidade dos \nCoolersModerna tela com comandos por toque, que \npermite acesso ao No-Break pela internet.\nGarante a utilização e preservação do \ninvestimento.\nAs manobras são registradas e gravadas no \nlog de eventos.\nProlongam a vida útil dos equipamentos \ne reduzem os intervalos de manutenção. Saída Rede Elétric a\nde En trada\nCorrente Alt ernada de Entrada\nCorrente ContínuaCorrente Alternada de Saída\nCorrente Alternada B ypass Estático  Corr ente Alternada B ypass Estático \nde Manutenção Bypass Estático de Manutenção\nPermite a transf erência e o r etorno da car ga do No -Break \npara um cir cuito alter nativ o de f ornecimento de ener gia, \npara atividades de manutenção . Em quaisquer situações , \no fornecimento de ener gia é contínuo , sem \ninter rupções .\nRetificador\nConverte a ener gia da \nrede elétr ica da \nconcessionár ia ou do \ngrupo gerador em \ncorrente contínua, \ncorrigindo ou \neliminando distúr bios   \nda entrada do sistema.Inversor\nConverte a cor rente contínua do \nretificador ou das bater ias em cor rente \nalter nada de saída, com f orma de onda \nBanco de Baterias\nArmaz ena ener gia reser va para alimentar o No -Break \ndurante um per íodo pr edeter minado , denominado Bypass Estático\nSistema de pr oteção \nque, em caso de \nproblemas , transf ere \nautomaticamente a \ncarga para um \ncircuito alter nativ o, \nsem inter rupção no \nfornecimento de \nener gia. Rede Pr esente\nFalha de R ede\nBypass Estátic o\nBypass Estátic o de\n Manutenç ãoNo-Break C onception M ulti A tivo\nTrifásico\nINTERFACES DE \nGERENCIAMENTO   \nREMOTO\nSão compostas por div ersas \nferramentas . O A daptador SNMP \nNetM ate per mite ger enciar \nremotament e o No -Break via a I nternet \natravés de um w eb br owser , monit orar \no status e en viar aler tas por e -mail . \nO sof tware IP P ower é uma f erramenta \nde ger enciament o  Windows \nApplication e a v ersão Client é \nespecífica para  aut omatizar o \nshut down de ser vidor es, podendo \ndesligar aut omática e simultaneament e \nvários ser vidor es e estações . \nO Adaptador Ar mModbus per mite \nintegrar o No -Break, via uma por ta \nRS485, a Sist emas de A utomação \nPredial .DISPLAY TFT 4,3 ‘’ \nTOUCH SCREEN\nCOMANDO POR TOQUE']","Based on the provided context, the System Parallel Multi Active (Exclusive CMC Commands) developed by ACM Comandos Lineares is an innovative and pioneering solution in the world of parallelism between No Breaks. This system allows for the expansion of the system according to its demand for consumption, enabling the paralleling of as many units as necessary to meet the demand, increasing the system's capacity and the reliability of its application.

The technology Online with Static Bypass Maintenance features advanced characteristics such as the DSP (Digital Signal Processor), which allows for precise True RMS measurements. This technology, along with the Bypass Estático de Manutenção, enables advanced and exclusive real-time functions, allowing for the tracking of measurements for analysis and adding protection and increasing the reliability of sensitive loads.

The Remote Management Interfaces, such as the SNMP NetMate Adapter and the IP Power software, allow for remote management of the No Break via the internet, monitoring the status and sending alerts via email. These interfaces provide real-time information and ensure the continuity of energy supply, making the system more efficient and reliable.

The Active Equalization Systems, although not explicitly mentioned in the context, are designed to improve the efficiency and reliability of battery banks in No Break systems. By maintaining balanced charge levels across all batteries, these systems can extend the life of the batteries and improve the overall performance of the No Break.

In conclusion, the System Parallel Multi Active, the Online with Static Bypass Maintenance technology, and the Remote Management Interfaces all contribute to the overall reliability and efficiency of No Break systems. The Active Equalization Systems can further enhance the performance of these systems by maintaining balanced charge levels in battery banks.","As diferentes abordagens de gerenciamento remoto, como a tecnologia DSP, interfaces de gerenciamento remoto e sistemas de equalização ativa, se comparam em termos de confiabilidade e eficiência em relatórios sobre No-Breaks e sistemas de energia, destacando a alta confiabilidade e a capacidade de monitoramento em tempo real.",0.49999999995,1.0,0.0,0.5925925925925926,0.41998981602406643,0.5909090909090909,0.22,0.6252844950360388,0.1363163371488033,0.04129793510324484,0.0,0.0,0,0,1,0,0
16,"Como as diferentes tecnologias de proteção de energia, como No-Breaks com Processador Digital de Sinais, sistemas de Equalização Ativa de Baterias e soluções de Bypass Estático, se comparam em termos de confiabilidade e eficiência em ambientes críticos, conforme descrito nos relatórios?","['TECNOLOGIA ON LINE COM BYPASS ESTÁTICO DE MANUTENÇÃO\nINTERFACE DE GERENCIAMENTO REMOTO\nAs Interfaces de Gerenciamento Remoto são compostas por diversas ferramentas, sendo elas: \n•  O Adaptador SNMP que permite gerenciar remotamente o No-Break via Internet através de um web browser,  monitorar o status \ne enviar alertas por e-mail. \n• O software, uma ferramenta de gerenciamento Windows Application e a versão Client é especíﬁ  ca para automatizar o shutdown \nde servidores, podendo desligar automática e simultaneamente vários servidores e estações. \n• O Adaptador Modbus permite integrar o No-Break, via uma porta RS485, a Sistemas de Automação Predial.\nBypass Estático\nSistema de proteção que, em caso de \nproblemas, transfere automaticamente \na carga para um circuito alternativo, sem \ninterrupção no fornecimento de energia.Bypass Estático de Manutenção\nPermite a transferência e o retorno da carga do No-Break para um circuito \nalternativo de fornecimento de energia, para atividades de manutenção. \nEm quaisquer situações, o fornecimento de energia é contínuo, sem \ninterrupções.\nBanco de Baterias\nArmazena energia reserva para alimentar o No-Break \ndurante um período predeterminado, denominado como \ntempo de autonomia do No-Break.Retificador\nConverte a energia da\nrede elétrica da concessionária\n ou do grupo gerador em\ncorrente contínua, corrigindo \nou eliminando distúrbios\nda entrada do sistema.\nCorrente alternada de entradaCorrente contínua Corrente alternada de saída\nCorrente alternada Bypass estáticoCorrente alternada Bypass estático\nde manutenção\nInversor\nConverte a corrente contínua do \nretiﬁ  cador ou das baterias em corrente \nalternada de saída, com forma de onda \nsenoidal pura, livre de distúrbios.\nRetificador\nConverte a energia da\nrede elétrica da concessionária\n ou do grupo gerador em\nInversor\nConverte a corrente contínua do \nretiﬁ  cador ou das baterias em corrente \nalternada de saída, com forma de onda', 'Alta Tecnologia em\nProcessamento Digital\nde Sinais - DSP\nO S M A I S M O D E R N O S\nN O B R E A K S C O R P O R AT I V O SVivemos em um mundo cada vez mais ágil e prático. Um mundo conectado por processadores, chips, softwares e \nperiféricos. Mas isso ainda não é o bastante. Por isso, o mundo caminha para tecnologias de processamento imediato \nde dados. A CM Comandos Lineares está um passo à frente e oferece aos seus clientes produtos dotados de uma \ntecnologia revolucionária, denominada Processamento Digital de Sinais -- DSP .\nToda a linha de No Breaks Innovation S1 Trifásico  \nTransformerless conta com a tecnologia DS P.   \nCaracterística que proporciona alta performance e \nconfiabilidade, tornando-os ideais para aplicações de missão crítica. Ou seja, protegem as aplicações nas quais a \ncontinuidade da operação é de fundamental importância.\ndos equipamentos pode ser atualizado, \nacrescentando novas funções em \nunidades já instaladas. Hoje, esta tecnologia está presente nos mais sofisticados sistemas eletrônicos, devido à sua alta velocidade e \nconfiabilidade. Processadores Digitais de Sinais são capazes de processar dez milhões de amostragens por segundo. \nIsso significa processamento em tempo real -- o sinal é processado no mesmo instante em que é recebido, sem \nretardos ou atrasos.\nProjetados com o uso intenso dos recursos da tecnologia DSP ,  os No Breaks Innovation Trifásico Transformerless  \nagregam novos  e avançados recursos, que estabelecem um novo conceito em desenvolvimento, no qual o firmware \nAo pensar em adquirir No Breaks,     \nconte com as soluções da\nCM Comandos, que asseguram \ntecnologia de ponta, máxima proteção, \nprecisão digital e processamento        \nem tempo real.']","No-Breaks equipped with Digital Signal Processing (DSP) technology, such as those offered by CM Comandos Lineares, are designed to provide high performance and reliability, making them ideal for mission-critical applications where uninterrupted operation is essential. These No-Breaks can process up to ten million samples per second, enabling real-time processing without delays or latency.

Active Battery Equalization Systems help maintain battery performance and lifespan by balancing the charge across all battery cells. This results in improved system efficiency and reliability, particularly in critical environments where consistent power supply is crucial.

Bypass Static solutions, like the one described in the context, offer uninterrupted power supply during maintenance activities. By automatically transferring the load to an alternative power source, these systems ensure continuous energy flow, enhancing overall system reliability in critical situations.

In summary, each technology has its unique benefits and contributes to improving reliability and efficiency in critical environments. No-Breaks with DSP technology provide high performance and real-time processing, Active Battery Equalization Systems maintain battery efficiency and lifespan, and Bypass Static solutions ensure continuous power supply during maintenance. The choice of technology depends on the specific requirements and constraints of the application.","As diferentes tecnologias de proteção de energia, como No-Breaks com Processador Digital de Sinais, sistemas de Equalização Ativa de Baterias e soluções de Bypass Estático, se comparam em termos de confiabilidade e eficiência em ambientes críticos, oferecendo alta performance, proteção e continuidade operacional.",0.49999999995,0.0,0.0,0.2222222222222222,0.7353281596545013,0.47058823529411764,0.74,0.7528908330524653,0.16782246879334262,0.04048582995951417,0.0,0.0,0,0,1,1,1
17,"Como as abordagens de manutenção e as tecnologias implementadas em sistemas de No-Break, como o uso de Processadores de Sinal Digital, Bypass Estático de Manutenção e Equalização Ativa de Baterias, se comparam entre diferentes fabricantes e modelos, considerando a confiabilidade e a eficiência em aplicações críticas?","['TECNOLOGIA  EQUALIZER\nEqualização A tiva Individual das Ba terias\n O módulo de bater ia ativ o regula individualmente a \ntensão de cada bater ia e as mantém homogêneas , \nelevando a sua durabilidade , capacidade e r esistência \ncontra cor rosão e sulfatação .\nEvita e pr otege c ontr a Ex cesso de C arga\nAtrav és da Equalização Ativa as bater ias são pr oteg idas \nindividualmente contra o ex cesso de car ga, pr evenindo -\nas contra exalação de gases , secagem do eletr ólito \ninter no e do aquecimento inter no em ex cesso .\nEvita e pr otege c ontr a Falta de C arga\nA Equalização Ativa individual das bater ias impede que \nas mesmas r ecebam menor tensão que dev eriam, \nevitando -se a sulfatação e a per da de capacidade .\nIndicador de P roblemas da Ba teria\nAtrav és da medição da Tensão , Impedância e \nTemperatura, o sistema monitora os pr oblemas típicos \ndas bater ias, tais como sulfatação , cor rosão , per da de \ngases , secagem do eletr ólito e aquecimento inter no.Elimina a Sulfa tação das Ba terias\nO pr oblema decor re dos car regador es e r etificador es de \nbater ias, que r egulam a tensão de flutuação ou \nequalização na tensão final das bater ias e não garantem \nque em algumas  bater ias elas r ecebam maior tensão e , \nem outras , menor tensão . Atrav és da Equalização Ativa, \nmantêm-se todas as bater ias com tensão equilibrada.\nProteção c ontr a contaminação de ba terias\nAtrav és da Equalização Ativa individual de cada bater ia, \nevitam-se danos de uma bater ia a outras bater ias \npróximas , o ef eito de contaminação , ou seja, uma bater ia \nruim danifica as boas .\nOtimização da capacidade das ba terias\nGraças à Equalização Ativa, o Equaliz er garante a plena \nrecar ga e a máxima otimização da bater ia.\nAler ta par a substituir ba terias\nAtrav és da análise da cur va de impedância, pode -se \nidentificar a tendência, já na fase inicial de instalação , se \nalguma bater ia está deter iorada ou simplesmente mais \nfraca do que as outras . Quanto antes ef etuar este \ndiag nóstico , melhor será para o r estante da vida útil das \ndemais bater ias.Alarmes de ba teria\nAtrav és do monitoramento dos parâmetr os-chav e das \nbater ias e medições de limites pr eestabelecidos , o \nsistema en via avisos de alar mes automaticamente aos \nadministrador es do sistema.\nManutenção à distância \nO Equaliz er melhora a qualidade do ser viço, fornecendo \nmonitoramento r emoto atrav és da I nternet, VPN ou \noutra r ede, para faz er download de dados em tempo \nreal e acesso ao histór ico da bater ia para análise . \nManutenção sem desligar o sistema\nOs testes de bater ia individuais são possív eis \nremotamente , sem o esf orço para desligar as bater ias. \nAs manutenções e as análises  de bater ia podem ser \nrealizadas em condições r eais de operação , sem a \nnecessidade de paradas no sistema.\nOtimiza a manutenção em campo\nA equipe de manutenção se desloca somente quando \nhá inter venções cor retivas e dir etas na bater ia que \napresentar def eito na ocor rência de alar mes ou na \nanálise de diag nóstico e , é clar o, reduz enor mes custos \noperacionais .\nOSD  N LI A NM EO AC R EM SCISO\n90012015\nAv. Eng .', 'Alta Tecnolog ia em\nProcessament o Dig ital\nde Sinais - DSP\nOS MAIS MODERNOS\nNO-BREAKS CORPORATIVOSVivemos em um mundo cada v ez mais ág il e prático . Um mundo conec tado por pr ocessador es, chips , softwares e \nperiféricos. Mas isso ainda não é o bastant e. Por isso , o mundo caminha para t ecnolog ias de pr ocessament o imediat o \nde dados . A CM C omandos Linear es está um passo à fr ente e of erece aos seus client es pr odut os dotados de uma \ntecnolog ia revolucionár ia, denominada P rocessament o Dig ital de Sinais - - DSP .\nToda a linha de No -Breaks  \nconta com a t ecnolog ia DSP .  Carac terística que \npropor ciona alta per formance e confiabilidade , Conception Multi Ativ o \npara aplicações de missão cr ítica. Ou seja, pr otegem as aplicações nas quais a continuidade da operação é de \nfundamental impor tância.\nequipament os pode ser atualizado , \nacrescentando novas funções em \nunidades já instaladas . Hoje , esta t ecnolog ia está pr esent e nos mais sofisticados sist emas eletr ônicos , devido à sua alta v elocidade e \nconfiabilidade . Processador es Dig itais de Sinais são capaz es de pr ocessar dez milhões de amostragens por segundo . \nIsso sig nifica pr ocessament o em t empo r eal -- o sinal é pr ocessado no mesmo instant e em que é r ecebido , sem \nretardos ou atrasos .\nProjetados com o uso int enso dos r ecursos da t ecnolog ia DSP ,  os No -Breaks C onception Multi Ativ o  ag regam nov os  \ne avançados r ecursos , que estabelecem um nov o conceit o em desen volviment o, no qual o fir mware dos \nAdquir indo No -Breaks , cont e com as \nsoluções da CM C omandos , que \nasseguram t ecnolog ia de ponta, \nmáxima pr oteção , precisão dig ital e \nprocessament o em t empo r eal.  Modelo 300kV A']","When comparing the maintenance approaches and technologies used in different No-Break systems, such as the implementation of Digital Signal Processors (DSP), Static Bypass Maintenance, and Active Battery Equalization, several factors come into play regarding reliability and efficiency in critical applications.

1. Digital Signal Processors (DSP): DSPs offer high-performance and reliability, enabling real-time data processing with minimal latency. They can process tens of millions of samples per second, ensuring quick and accurate responses to power fluctuations. However, the efficiency of DSPs may vary depending on the firmware and solutions provided by the manufacturer.

2. Static Bypass Maintenance: This technology allows for seamless transfer of the load to a secondary power source during maintenance, ensuring uninterrupted power supply. The reliability and efficiency of this feature can be influenced by the design and quality of the static bypass mechanism, which may differ among manufacturers and models.

3. Active Battery Equalization: This technology ensures that each battery in a system maintains a balanced charge, extending battery life and improving overall system performance. The effectiveness of active battery equalization can depend on the algorithms and control mechanisms used by the manufacturer, which can vary between different No-Break systems.

When comparing these features across different manufacturers and models, it is essential to consider factors such as:

- The quality and reliability of the components used in the system
- The firmware and software solutions provided by the manufacturer
- The design and engineering of the No-Break system, including power electronics and mechanical components
- The track record and reputation of the manufacturer in providing reliable and efficient power protection solutions

Ultimately, the choice of a specific No-Break system should be based on a comprehensive evaluation of these factors, considering the specific requirements and constraints of the application.","As abordagens de manutenção e tecnologias implementadas em sistemas de No-Break, como o uso de Processadores de Sinal Digital, Bypass Estático de Manutenção e Equalização Ativa de Baterias, variam entre diferentes fabricantes e modelos, com a CM Comandos se destacando pela confiabilidade e eficiência em aplicações críticas.",0.49999999995,0.0,0.0,0.17647058823529413,0.6809655523946931,0.47058823529411764,0.74,0.7351028143156837,0.12713102776424745,0.028735632183908046,0.0,0.0,0,0,1,1,1
18,Como se comparam os sistemas de No-Break em confiabilidade e eficiência?,"['S I S T E M A PA R A L E L O M U LT I AT I V O ( E X C L U S I V O C M C O M A N D O S )\nA CM Comandos Lineares desenvolveu um sistema inovador e pioneiro no mundo de paralelismo entre No Breaks. O sistema Paralelo \nMulti Ativo permite a expansão do sistema, de acordo com sua demanda de consumo, podendo paralelar quantas unidades forem \nnecessárias para atender sua demanda, elevando a capacidade do sistema e a confiabilidade de sua aplicação.\nP O S S I B I L I D A D E D E S O M A T Ó R I A D E  P O T Ê N C I A S\nPermite a ligação para somatória de potência, utilizando dois ou mais No \nBreaks para atingir a demanda da carga total.\nQuando utilizado para somatória de potência, possibilita a ligação de \nNo Breaks com potências diferentes. Quando a ligação for feita com No \nBreaks de potências diferentes, a carga será distribuída \nproporcionalmente. Permite a ligação em paralelo redundante N + 1,  N + 2, N + 3 … N+X,  \npossibilitando o desligamento de uma ou mais unidades mantendo a \ncarga ativa.L I G A Ç Ã O E M P A R A L E L O R E D U N D A N T E\nA comunicação entre os No Breaks consiste no barramento de \ncomunicação comum, por onde transitam informações contendo \nnível de carga, sincronismo e a condição do by pass.C O M U N I C A Ç Ã O E N T R E O S N O B R E A K STodos os No Breaks são autônomos, operam de forma \nindependente no sistema e possuem controle individual.N Ã O E X I S T E N O B R E A K M E S T R E O U E S C R A V OPodem ser paraleladas quantas unidades forem necessárias, \npossibilitando expansão do sistema, de acordo com a demanda de \nconsumo.Q U A N T I D A D E I L I M I T A D A P A R A P A R A L E L I S M O\nM A N U T E N Ç Ã O D O N O B R E A K\nPermite a inserção ou retirada de um No Break no sistema, sem a \nnecessidade de parada.Rede Elétrica\nde Entrada\nSaídaNo Break 1\n Potência de \n30 kVANo Break 2\nPotência de \n10 kVANo Break 3\nPotência de \n20 kVA\nCarga fornecida pelo sistema = 150 kVANo Break 4\nPotência de \n30 kVANo Break 5\nPotência de \n20 kVANo Break 6\nPotência de \n40 kVA\nINTERFACES DE \nGERENCIAMENTO   \nREMOTO\nSão compostas por diversas ferramentas. O \nAdaptador SNMP NetMate permite\ngerenciar remotamente o No Break via a \nInternet através de um web browser,\nmonitorar o status e enviar alertas por e-mail. \nO software IP Power é uma ferramenta de \ngerenciamento  Windows Application e a \nversão Client é específica para  automatizar o \nshutdown de servidores, podendo desligar \nautomática e simultaneamente vários\ns e r v i d o r e s  e  e s t a ç õ e s .\nO Adaptador ArmModbus permite integrar \no  N o  B r e a k ,  v i a  u m a  p o r t a\nRS485, a Sistemas de Automação Predial.', 'SISTEMA PARALELO MULTI ATIVO (EXCLUSIVO CM COMANDOS)\nA CM Comandos Lineares desenvolveu um sistema inovador e pioneiro no mundo de paralelismo entre no-breaks. O sistema \nParalelo Multi Ativo permite a expansão do sistema, de acordo com sua demanda de consumo, podendo paralelar quantas \nunidades forem necessárias para atender sua demanda, elevando a capacidade do sistema e a confiabilidade de sua aplicação.\nPOSSIBILIDADE DE SOMATÓRIA DE  POTÊNCIAS\nPermite a ligação para somatória de potência, utilizando dois ou mais \nNo-Breaks para atingir a demanda da carga total.\nQuando utilizado para somatória de potência, possibilita a ligação de \nNo-Breaks com potências diferentes. Quando a ligação for feita com \nNo-Breaks de potências diferentes, a carga será distribuída \nproporcionalmente. Permite a ligação em paralelo redundante N + 1,  N + 2, N + 3 … N+X,  \npossibilitando o desligamento de uma ou mais unidades, mantendo a \ncarga ativa.\nA comunicação entre os No-Breaks consiste no barramento de \ncomunicação comum, por onde transitam informações \ncontendo nível de carga, sincronismo e a condição do by pass.COMUNICAÇÃO ENTRE OS NO-BREAKSTodos os No-Breaks são autônomos, operam de forma \nindependente no sistema e possuem controle individual.NÃO EXISTE NO-BREAK MESTRE OU ESCRAVOPodem ser paraleladas quantas unidades forem necessárias, \npossibilitando expansão do sistema, de acordo com a demanda \nde consumo.QUANTIDADE ILIMITADA PARA PARALELISMO\nPARALELISMO DO BANCO DE BATERIAS\nPermite paralelismo dos bancos de baterias (quando forem de \nmesma tensão nominal).MANUTENÇÃO DO NO-BREAK\nPermite a inserção ou retirada de um No-Break no sistema, sem a \nnecessidade de parada.INTERFACES  DE  SHUTDOWN  E GERENCIAMENTO  REMOTO\nRede Elétric a\nde Entr ada\nSaídaNo-break 1\n Potência \nde 60 kV ANo-break 2\nPotência de \n100 kV ANo-break 3\nPotência de \n20 kV A\nCarga fornecida pelo sistema = 410 kV ANo-break 4\nPotência de \n30 kV ANo-break 5\nPotência de \n80 kV ANo-break 6\nPotência de \n120 kV ARede L ocal Ether netA   Inter face de Ger enciamento \n     \nC  Inter face Shutdown \n     Client \n     LANB  Inter face Shutdown \n     D   Inter face de Ger enciamento Remoto \n  \nE  Adaptador SNMP\n     \nF  Client Shutdown\nG Estação Remota\n    Sof tware com \n    conexão à I nter netMultisser vidor es\nMultiplataf ormas\nMulti-S.O .Porta M icroprocessada DB9\nPorta Contato Seco DB9\nRede Ethernet RJ45']","The described system, System Parallel Multi Ativo, developed by CM Comandos Lineares, is innovative and pioneering in the world of paralleling No-Breaks. It allows for system expansion according to consumption demand, enabling paralleling of as many units as necessary to meet the demand, which increases system capacity and reliability of its application.

When using this system for power summation, it allows connection of No-Breaks with different power ratings, distributing the load proportionally. Additionally, it supports parallel redundant connections such as N+1, N+2, N+3 ... N+X, allowing one or more units to be turned off while keeping the load active.

Communication between No-Breaks is achieved through a common communication bus, where information such as load level, synchronism, and bypass condition is transmitted. Each No-Break operates independently and has individual control, with no master or slave No-Break.

The system also allows for battery bank paralleling when they have the same nominal voltage and enables No-Break insertion or removal without requiring system shutdown.

Compared to traditional No-Break systems, this System Parallel Multi Ativo offers increased reliability and efficiency due to its paralleling capabilities, load distribution, and redundancy features. This innovative solution ensures a more robust and adaptable power protection system.","Os sistemas de No-Break se comparam em confiabilidade e eficiência, destacando-se pela alta confiabilidade e pela capacidade de operar em ambientes críticos, com características como tecnologia hotswap, controle DSP e gerenciamento avançado de baterias.",0.0,0.0,0.0,0.8571428571428571,0.3898969573393886,0.8571428571428571,0.0,0.6340700795652887,0.1416247304097772,0.024291497975708506,0.0,0.0,0,0,1,1,0
19,"Como inovações tecnológicas como uso de processadores de sinal digital e sistemas de bypass estático se comparam entre diferentes modelos de No-Breaks e suas aplicaçãos em ambientes críticos, conforme descrito nos relatórios?","['Alta Tecnologia em\nProcessamento Digital\nde Sinais - DSP\nO S M A I S M O D E R N O S\nN O B R E A K S C O R P O R AT I V O SVivemos em um mundo cada vez mais ágil e prático. Um mundo conectado por processadores, chips, softwares e \nperiféricos. Mas isso ainda não é o bastante. Por isso, o mundo caminha para tecnologias de processamento imediato \nde dados. A CM Comandos Lineares está um passo à frente e oferece aos seus clientes produtos dotados de uma \ntecnologia revolucionária, denominada Processamento Digital de Sinais -- DSP .\nToda a linha de No Breaks Innovation S1 Trifásico  \nTransformerless conta com a tecnologia DS P.   \nCaracterística que proporciona alta performance e \nconfiabilidade, tornando-os ideais para aplicações de missão crítica. Ou seja, protegem as aplicações nas quais a \ncontinuidade da operação é de fundamental importância.\ndos equipamentos pode ser atualizado, \nacrescentando novas funções em \nunidades já instaladas. Hoje, esta tecnologia está presente nos mais sofisticados sistemas eletrônicos, devido à sua alta velocidade e \nconfiabilidade. Processadores Digitais de Sinais são capazes de processar dez milhões de amostragens por segundo. \nIsso significa processamento em tempo real -- o sinal é processado no mesmo instante em que é recebido, sem \nretardos ou atrasos.\nProjetados com o uso intenso dos recursos da tecnologia DSP ,  os No Breaks Innovation Trifásico Transformerless  \nagregam novos  e avançados recursos, que estabelecem um novo conceito em desenvolvimento, no qual o firmware \nAo pensar em adquirir No Breaks,     \nconte com as soluções da\nCM Comandos, que asseguram \ntecnologia de ponta, máxima proteção, \nprecisão digital e processamento        \nem tempo real.', 'Alta Tecnolog ia em\nProcessament o Dig ital\nde Sinais - DSP\nOS MAIS MODERNOS\nNO-BREAKS CORPORATIVOSVivemos em um mundo cada v ez mais ág il e prático . Um mundo conec tado por pr ocessador es, chips , softwares e \nperiféricos. Mas isso ainda não é o bastant e. Por isso , o mundo caminha para t ecnolog ias de pr ocessament o imediat o \nde dados . A CM C omandos Linear es está um passo à fr ente e of erece aos seus client es pr odut os dotados de uma \ntecnolog ia revolucionár ia, denominada P rocessament o Dig ital de Sinais - - DSP .\nToda a linha de No -Breaks  \nconta com a t ecnolog ia DSP .  Carac terística que \npropor ciona alta per formance e confiabilidade , Conception Multi Ativ o \npara aplicações de missão cr ítica. Ou seja, pr otegem as aplicações nas quais a continuidade da operação é de \nfundamental impor tância.\nequipament os pode ser atualizado , \nacrescentando novas funções em \nunidades já instaladas . Hoje , esta t ecnolog ia está pr esent e nos mais sofisticados sist emas eletr ônicos , devido à sua alta v elocidade e \nconfiabilidade . Processador es Dig itais de Sinais são capaz es de pr ocessar dez milhões de amostragens por segundo . \nIsso sig nifica pr ocessament o em t empo r eal -- o sinal é pr ocessado no mesmo instant e em que é r ecebido , sem \nretardos ou atrasos .\nProjetados com o uso int enso dos r ecursos da t ecnolog ia DSP ,  os No -Breaks C onception Multi Ativ o  ag regam nov os  \ne avançados r ecursos , que estabelecem um nov o conceit o em desen volviment o, no qual o fir mware dos \nAdquir indo No -Breaks , cont e com as \nsoluções da CM C omandos , que \nasseguram t ecnolog ia de ponta, \nmáxima pr oteção , precisão dig ital e \nprocessament o em t empo r eal.  Modelo 300kV A']","No-Breaks models with advanced technological features such as Digital Signal Processors (DSP) and static bypass systems offer high performance, reliability, and real-time processing, making them ideal for critical applications. These innovations allow for updating equipment, adding new functions to installed units, and ensuring maximum protection, precision, and real-time processing.

When comparing different No-Breaks models, consider that the DSP technology processes millions of samples per second, enabling real-time signal processing without delays. This technology is present in sophisticated electronic systems due to its high speed and reliability.

On the other hand, static bypass systems provide an uninterruptible power supply, ensuring continuous operation during power transitions or in case of power supply failures. These systems are essential in critical applications where power interruptions cannot be tolerated.

In summary, No-Breaks models with DSP technology and static bypass systems provide enhanced performance, reliability, and real-time processing, making them suitable for critical applications in various environments. The specific features and benefits may vary between models, so it is essential to consult the product specifications and datasheets for detailed information.","Inovações tecnológicas como o uso de processadores de sinal digital e sistemas de bypass estático em No-Breaks, como os modelos da CM Comandos, oferecem alta confiabilidade e eficiência em ambientes críticos, permitindo manutenção sem interrupção do fornecimento de energia.",0.99999999995,0.5,0.0,0.56,0.7229420493529551,0.28,0.53,0.7146546812286975,0.1610687022900763,0.03508771929824561,0.0,0.0,0,0,1,1,1
20,"Como as diferentes tecnologias de fornecimento de energia, como No-Breaks com Processador Digital de Sinais, sistemas de Equalização Ativa de Baterias e soluções modulares trifásicas, se comparam em termos de confiabilidade, escalabilidade e suporte técnico, conforme descrito nos relatórios?","['No-Break Composition XI\nTrifásico Modular  25 kW  30 kW  50 kW\nOs No-Breaks Composition trifásico são modulares, on line de dupla conversão e possuem rack na largura padrão informática, integrando-se \nao seu data center.  Cada módulo possui a tecnologia hotswap, que permite a substituição sem a necessidade de  paralisar todo o sistema. \nPossuem também alta conﬁ  abilidade e são disponíveis em diversos modelos e capacidades, permitindo  sua expansão escalonada confor-\nme suas necessidades.\nCARACTERÍSTICAS PRINCIPAIS \n• Topologia Online de Dupla Conversão\n• Controle DSP - Processador Digital de Sinais\n• Retiﬁ  cador e Inversor a IGBT\n• Alto Fator de Potência de Entrada (Power Factor Correction)\n• Bypass estático, automático e manual*\n• Gerenciamento Avançado de Baterias\n• Fácil Manutenção - Módulos Hot Swap\n• Set de Baterias Conﬁ  gurável (conforme modelo e capacidades)\n• Design Modular Rack Padrão informática\n• Escalável e Modular\n• Ampla Faixa de Tensão Admissível de Entrada\n• Compatível com Grupo Gerador\n• Software de Gerenciamento Remoto RS232*\n• Slot Adaptador SNMP , Contato Seco e Modbus*\n• Paralelismo Redundante dos RacksDISPLAY LCD CENTRAL DE ATÉ 10,4’’  \nTOUCH SCREEN E DISPLAY\nINDIVIDUAL POR MÓDULO RACK NO-BREAK MODULAR COM BYPASS*', 'S I S T E M A PA R A L E L O M U LT I AT I V O ( E X C L U S I V O C M C O M A N D O S )\nA CM Comandos Lineares desenvolveu um sistema inovador e pioneiro no mundo de paralelismo entre No Breaks. O sistema Paralelo \nMulti Ativo permite a expansão do sistema, de acordo com sua demanda de consumo, podendo paralelar quantas unidades forem \nnecessárias para atender sua demanda, elevando a capacidade do sistema e a confiabilidade de sua aplicação.\nP O S S I B I L I D A D E D E S O M A T Ó R I A D E  P O T Ê N C I A S\nPermite a ligação para somatória de potência, utilizando dois ou mais No \nBreaks para atingir a demanda da carga total.\nQuando utilizado para somatória de potência, possibilita a ligação de \nNo Breaks com potências diferentes. Quando a ligação for feita com No \nBreaks de potências diferentes, a carga será distribuída \nproporcionalmente. Permite a ligação em paralelo redundante N + 1,  N + 2, N + 3 … N+X,  \npossibilitando o desligamento de uma ou mais unidades mantendo a \ncarga ativa.L I G A Ç Ã O E M P A R A L E L O R E D U N D A N T E\nA comunicação entre os No Breaks consiste no barramento de \ncomunicação comum, por onde transitam informações contendo \nnível de carga, sincronismo e a condição do by pass.C O M U N I C A Ç Ã O E N T R E O S N O B R E A K STodos os No Breaks são autônomos, operam de forma \nindependente no sistema e possuem controle individual.N Ã O E X I S T E N O B R E A K M E S T R E O U E S C R A V OPodem ser paraleladas quantas unidades forem necessárias, \npossibilitando expansão do sistema, de acordo com a demanda de \nconsumo.Q U A N T I D A D E I L I M I T A D A P A R A P A R A L E L I S M O\nM A N U T E N Ç Ã O D O N O B R E A K\nPermite a inserção ou retirada de um No Break no sistema, sem a \nnecessidade de parada.Rede Elétrica\nde Entrada\nSaídaNo Break 1\n Potência de \n30 kVANo Break 2\nPotência de \n10 kVANo Break 3\nPotência de \n20 kVA\nCarga fornecida pelo sistema = 150 kVANo Break 4\nPotência de \n30 kVANo Break 5\nPotência de \n20 kVANo Break 6\nPotência de \n40 kVA\nINTERFACES DE \nGERENCIAMENTO   \nREMOTO\nSão compostas por diversas ferramentas. O \nAdaptador SNMP NetMate permite\ngerenciar remotamente o No Break via a \nInternet através de um web browser,\nmonitorar o status e enviar alertas por e-mail. \nO software IP Power é uma ferramenta de \ngerenciamento  Windows Application e a \nversão Client é específica para  automatizar o \nshutdown de servidores, podendo desligar \nautomática e simultaneamente vários\ns e r v i d o r e s  e  e s t a ç õ e s .\nO Adaptador ArmModbus permite integrar \no  N o  B r e a k ,  v i a  u m a  p o r t a\nRS485, a Sistemas de Automação Predial.']","Based on the provided context, the No-Breaks with Digital Signal Processors (DSP) have high reliability due to their topology of dual conversion and digital control. They also offer high input power factor correction and advanced battery management. The modular trifásicas are also reliable, with a double conversion online topology, IGBT inverter, and DSP control. They are scalable and have a wide input voltage range, making them suitable for various applications.

Regarding escalability, the No-Breaks with DSP and the modular trifásicas are both scalable and modular, allowing for expansion according to the user's needs. The innovative system developed by CM Comandos Lineares allows for parallel operation of multiple No-Breaks, elevating the system's capacity and reliability.

In terms of technical support, the No-Breaks with DSP and the modular trifásicas have advanced features such as remote management software, SNMP adapter, and Modbus integration. The CM Comandos Lineares system also has a communication bus for data transmission between No-Breaks, ensuring proper operation and synchronization.

In summary, the No-Breaks with DSP and the modular trifásicas offer high reliability, scalability, and advanced technical support features. The CM Comandos Lineares system provides an innovative solution for parallel operation of multiple No-Breaks, further enhancing the system's capacity and reliability.","As diferentes tecnologias de fornecimento de energia, como No-Breaks com Processador Digital de Sinais, sistemas de Equalização Ativa de Baterias e soluções modulares trifásicas, se comparam em termos de confiabilidade, escalabilidade e suporte técnico, destacando a alta confiabilidade dos No-Breaks modulares, a escalabilidade das soluções e o suporte técnico de excelência oferecido pela CM Comandos.",0.9999999999,0.5,0.1999999996,0.30434782608695654,0.641597620317391,0.7407407407407407,0.0,0.7703900761423357,0.19704433497536944,0.0931899641577061,0.0,0.0,0,0,1,1,1
21,"Como as diferentes abordagens de monitoramento e alertas em sistemas de No-Break, como a tecnologia DSP, a equalização ativa de baterias e a supervisão de falhas de isolação, se comparam em termos de confiabilidade e eficiência em ambientes críticos, conforme descrito nos relatórios?","['TECNOLOGIA  EQUALIZER\nEqualização A tiva Individual das Ba terias\n O módulo de bater ia ativ o regula individualmente a \ntensão de cada bater ia e as mantém homogêneas , \nelevando a sua durabilidade , capacidade e r esistência \ncontra cor rosão e sulfatação .\nEvita e pr otege c ontr a Ex cesso de C arga\nAtrav és da Equalização Ativa as bater ias são pr oteg idas \nindividualmente contra o ex cesso de car ga, pr evenindo -\nas contra exalação de gases , secagem do eletr ólito \ninter no e do aquecimento inter no em ex cesso .\nEvita e pr otege c ontr a Falta de C arga\nA Equalização Ativa individual das bater ias impede que \nas mesmas r ecebam menor tensão que dev eriam, \nevitando -se a sulfatação e a per da de capacidade .\nIndicador de P roblemas da Ba teria\nAtrav és da medição da Tensão , Impedância e \nTemperatura, o sistema monitora os pr oblemas típicos \ndas bater ias, tais como sulfatação , cor rosão , per da de \ngases , secagem do eletr ólito e aquecimento inter no.Elimina a Sulfa tação das Ba terias\nO pr oblema decor re dos car regador es e r etificador es de \nbater ias, que r egulam a tensão de flutuação ou \nequalização na tensão final das bater ias e não garantem \nque em algumas  bater ias elas r ecebam maior tensão e , \nem outras , menor tensão . Atrav és da Equalização Ativa, \nmantêm-se todas as bater ias com tensão equilibrada.\nProteção c ontr a contaminação de ba terias\nAtrav és da Equalização Ativa individual de cada bater ia, \nevitam-se danos de uma bater ia a outras bater ias \npróximas , o ef eito de contaminação , ou seja, uma bater ia \nruim danifica as boas .\nOtimização da capacidade das ba terias\nGraças à Equalização Ativa, o Equaliz er garante a plena \nrecar ga e a máxima otimização da bater ia.\nAler ta par a substituir ba terias\nAtrav és da análise da cur va de impedância, pode -se \nidentificar a tendência, já na fase inicial de instalação , se \nalguma bater ia está deter iorada ou simplesmente mais \nfraca do que as outras . Quanto antes ef etuar este \ndiag nóstico , melhor será para o r estante da vida útil das \ndemais bater ias.Alarmes de ba teria\nAtrav és do monitoramento dos parâmetr os-chav e das \nbater ias e medições de limites pr eestabelecidos , o \nsistema en via avisos de alar mes automaticamente aos \nadministrador es do sistema.\nManutenção à distância \nO Equaliz er melhora a qualidade do ser viço, fornecendo \nmonitoramento r emoto atrav és da I nternet, VPN ou \noutra r ede, para faz er download de dados em tempo \nreal e acesso ao histór ico da bater ia para análise . \nManutenção sem desligar o sistema\nOs testes de bater ia individuais são possív eis \nremotamente , sem o esf orço para desligar as bater ias. \nAs manutenções e as análises  de bater ia podem ser \nrealizadas em condições r eais de operação , sem a \nnecessidade de paradas no sistema.\nOtimiza a manutenção em campo\nA equipe de manutenção se desloca somente quando \nhá inter venções cor retivas e dir etas na bater ia que \napresentar def eito na ocor rência de alar mes ou na \nanálise de diag nóstico e , é clar o, reduz enor mes custos \noperacionais .\nOSD  N LI A NM EO AC R EM SCISO\n90012015\nAv. Eng .', 'n  Rendimento: 95% \nBaterias\nn  Tensão de Linha:\n• 380/400/415V : ± 240 Vdc (40 baterias)   \n• 200/208/220V : ± 120 Vdc (20 baterias)   \nn  Sistema de Recarga: controlado, automático\nn  Tempo de Recarga:  8 a 10 horas para 90% da \ncarga\nn Tipo: seladas, isentas de manutenção\nBy-pass estático \nn  Acionamento: automático controlado pelo \nDSP\nn  Tempo de Transferência: 0 ms (nulo)\nn   Retransferência ao Modo Normal:  \nautomática\nBy-pass estático de Manutenção\nPermite manutenção do No-Break sem \ndesligar a carga\nn  Acionamento:  manual através de disjuntor\nn  Reposição ao modo normal: sem interrupção\nProteções Elétricas\nn  Sub e Sobre Tensão de Entrada e Saída \nn  Sub e Sobre Tensão DC e Bateria \nn  Sobrecarga e Curto-circuito\nn  Mínima descarga de bateria\nn  Sobre temperatura \nMedições\nn  True RMS \nn  Potência de saída em kVA\nn  Potência de saída em kW\nn  Fator de Potência de saídan  Tensão de Saída\nn  Frequência de Saída \nn  Tensão de Bateria\nn  Corrente de Bateria*\nn  Fator de Potência de Entrada*\nn  Tensão de Entrada\nn  Corrente de Entrada*\nn  Frequência de Entrada\nAlarmes\nControlados pelo processador DSP\nn Tipos de Alarmes:\n• Sonoros:\n       »  Falta de Rede - 1 toque a cada 4 segundos\n       »  Pré-alarme das Baterias: 1 toque por segundo\n       »  Falha Interna do No-Break: alarme contínuo\n• Mensagens de alerta:\n       »  Display de Cristal líquido\n       »  Display em LCD\n       »  Mensagem por e-mail, celular ou pop-up:\n       - Operação Normal\n       - Falha de Rede \n       - Pré-alarme de Baterias\n       - Bypass Estático ativo\n       - Bypass Manual ativo\n       - Sobrecarga de Saída\n       - Falha Interna\nLog de Eventos\nn  Registros Armazenados:\n    •    5 mil registros em memória interna\n    •    Indicação de data, hora e ocorrência \n    •    Medições  \n    •    Status de operação e alarmes do painel \nCaracterísticas de operação\nn Ruído Audível: 55 dBA a 60 dBA a 1 metro\nn MTBF (Mean Time Between Failures): 250 mil horas   \nn MTTR (Mean Time To Repair): 30 minutos\nn Temperatura ambiente:\n   • No-Break: 20ºC a 40ºC \n   • Baterias: 0ºC a 30ºC\n   • Recomendada: 20ºC a 25ºC\nn Umidade Relativa:\n  • 0% a 95% sem condensação\n  • Recomendada: 45% a 55%\nn Atitude: até 1.000m\nn Tipo de Ambiente Recomendado:\n  • Interno, instalação abrigada\n  • Atmosfera: limpa, livre de partículas condutivas, \ngases tóxicos, líquidos e inﬂ  amáveis.']","In terms of reliability and efficiency in critical environments, as described in the reports, the different monitoring and alert approaches in No-Break systems, such as DSP technology, active battery equalization, and insulation fault supervision, can be compared as follows:

DSP Technology: This digital signal processing technology offers precise and fast control over the No-Break system's operations. Its advanced algorithms enable early detection of potential issues, ensuring system reliability. The DSP's ability to control audible alarms and visual alerts on displays, as well as send notifications via email, cellphone, or pop-up messages, contributes to its efficiency in alerting users about system status and potential problems.

Active Battery Equalization: This technology individually regulates the voltage of each battery and keeps them homogeneous, increasing their durability, capacity, and resistance to corrosion and sulfation. By protecting batteries from overcharging and undercharging, active battery equalization prevents battery damage and prolongs their lifespan. This approach enhances system reliability and efficiency by maintaining optimal battery performance and preventing unexpected failures.

Insulation Fault Supervision: This monitoring technique detects and alerts users about insulation faults in the No-Break system. By continuously monitoring insulation resistance, it can identify potential issues before they escalate into critical failures. This proactive monitoring approach contributes to system reliability and efficiency by ensuring the integrity of the power system and preventing potential hazards.

In conclusion, these monitoring and alert approaches in No-Break systems provide enhanced reliability and efficiency in critical environments. DSP technology offers precise control and advanced alerting capabilities, active battery equalization ensures optimal battery performance, and insulation fault supervision maintains power system integrity. Implementing these technologies can contribute to improved system performance and reduced downtime in critical applications.","As diferentes abordagens de monitoramento e alertas em sistemas de No-Break, como a tecnologia DSP, a equalização ativa de baterias e a supervisão de falhas de isolação, se comparam em termos de confiabilidade e eficiência em ambientes críticos, destacando a alta confiabilidade dos No-Breaks com tecnologia DSP e a importância da equalização ativa para maximizar a vida útil das baterias.",0.49999999995,0.0,0.0,0.3076923076923077,0.7684175697922283,0.4074074074074074,0.1,0.7929484574496909,0.1483749411210551,0.039886039886039885,0.0,0.0,0,0,1,1,1
22,Como as caracteristicas fisicas e mecanicas dos No-Breaks se comparam entre fabricantes?,"['OSD  L NI A NM EA OR C EM SCISO\n90012015\nA EMPRESACom mais de 38 anos de atuação, a CM Comandos é hoje \numa das maiores fabricantes de No-Breaks da América Latina. \nAlém disso, é líder absoluta em soluções para o mercado corporativo. \nCertificada pela norma ISO-9001:2015 a CM Comandos ressalta o seu compromisso \ncom a preservação do meio ambiente, a excelência dos seus produtos e a total \nsatisfação dos seus clientes.\nAPLICAÇÕES Os No -Breaks da CM C omandos Linear es são indicados para \naplicações de missão cr ítica, nas mais var iadas cor porações ,  \noferecendo por teção contra distúr bios de ener gia elétr ica, tais como cor tes, micr o cor tes, \nruídos , dist orção har mônica, picos , transient es, sub e sobr e tensão e var iações de fr equência.\nSUPORTE\nTÉCNICOAo escolher a mar ca CM C omandos Linear es, você conta com o \nmelhor  supor te técnico de pr é e pós- venda da empr esa que se \nconsolidou ao longo dest es 38 anos como líder de mer cado .\nInstrumentação de ponta, pr ofissionais altament e qualificados , com cober tura \nnacional e disponibilidade de at endiment o 24 horas , sete dias da semana, call \ncent er e pr ocessos cer tificados ,  asseguram a ex celência dos nossos ser viços de \nsupor te.BENEFÍCIOSOs equipament os da CM C omandos operam com maior pr ecisão , \nagregam maior númer o de funções e são os mais segur os. \nCarac terísticas que geram alta confiabilidade e pr odutividade nas mais var iadas aplicações , \nminimizam falhas e , consequent ement e, cust os de manut enção . Em r esumo ,                               \nser um client e da CM C omandos sig nifica t er o r etorno do capital in vestido e garantias            \nque só uma empr esa com amplo supor te técnico pode of erecer .Inovação, qualidade, tecnologia\ne confiabilidade. Marcas das\nsoluções CM Comandos Lineares\nOSD  L NI A NM EA OR C EM SCISO\n90012015', 'S I S T E M A PA R A L E L O M U LT I AT I V O ( E X C L U S I V O C M C O M A N D O S )\nA CM Comandos Lineares desenvolveu um sistema inovador e pioneiro no mundo de paralelismo entre No Breaks. O sistema Paralelo \nMulti Ativo permite a expansão do sistema, de acordo com sua demanda de consumo, podendo paralelar quantas unidades forem \nnecessárias para atender sua demanda, elevando a capacidade do sistema e a confiabilidade de sua aplicação.\nP O S S I B I L I D A D E D E S O M A T Ó R I A D E  P O T Ê N C I A S\nPermite a ligação para somatória de potência, utilizando dois ou mais No \nBreaks para atingir a demanda da carga total.\nQuando utilizado para somatória de potência, possibilita a ligação de \nNo Breaks com potências diferentes. Quando a ligação for feita com No \nBreaks de potências diferentes, a carga será distribuída \nproporcionalmente. Permite a ligação em paralelo redundante N + 1,  N + 2, N + 3 … N+X,  \npossibilitando o desligamento de uma ou mais unidades mantendo a \ncarga ativa.L I G A Ç Ã O E M P A R A L E L O R E D U N D A N T E\nA comunicação entre os No Breaks consiste no barramento de \ncomunicação comum, por onde transitam informações contendo \nnível de carga, sincronismo e a condição do by pass.C O M U N I C A Ç Ã O E N T R E O S N O B R E A K STodos os No Breaks são autônomos, operam de forma \nindependente no sistema e possuem controle individual.N Ã O E X I S T E N O B R E A K M E S T R E O U E S C R A V OPodem ser paraleladas quantas unidades forem necessárias, \npossibilitando expansão do sistema, de acordo com a demanda de \nconsumo.Q U A N T I D A D E I L I M I T A D A P A R A P A R A L E L I S M O\nM A N U T E N Ç Ã O D O N O B R E A K\nPermite a inserção ou retirada de um No Break no sistema, sem a \nnecessidade de parada.Rede Elétrica\nde Entrada\nSaídaNo Break 1\n Potência de \n30 kVANo Break 2\nPotência de \n10 kVANo Break 3\nPotência de \n20 kVA\nCarga fornecida pelo sistema = 150 kVANo Break 4\nPotência de \n30 kVANo Break 5\nPotência de \n20 kVANo Break 6\nPotência de \n40 kVA\nINTERFACES DE \nGERENCIAMENTO   \nREMOTO\nSão compostas por diversas ferramentas. O \nAdaptador SNMP NetMate permite\ngerenciar remotamente o No Break via a \nInternet através de um web browser,\nmonitorar o status e enviar alertas por e-mail. \nO software IP Power é uma ferramenta de \ngerenciamento  Windows Application e a \nversão Client é específica para  automatizar o \nshutdown de servidores, podendo desligar \nautomática e simultaneamente vários\ns e r v i d o r e s  e  e s t a ç õ e s .\nO Adaptador ArmModbus permite integrar \no  N o  B r e a k ,  v i a  u m a  p o r t a\nRS485, a Sistemas de Automação Predial.']",The context does not provide information on how the physical and mechanical characteristics of No-Breaks compare between different manufacturers.,"As características físicas e mecânicas dos No-Breaks variam entre fabricantes, com a CM Comandos se destacando pela inovação, qualidade e confiabilidade de seus produtos, que incluem tecnologia de Processamento Digital de Sinais (DSP) e sistemas modulares.",0.99999999995,0.5,0.3999999992,0.0,0.0,1.0,0.67,0.5937613734973206,0.23828125,0.06557377049180328,0.0,0.0,1,0,1,1,1
23,Como as tecnologias de No-Breaks e baterias se comparam em confiabilidade?,"['Equaliz erActive Batt ery Mangement\nBENEFÍCIOS\nEstende a vida útil das baterias\nO sistema de Equalização Ativa mantém as baterias em condições \nideais, maximizando a sua vida útil. Reduz a necessidade de troca das \nbaterias e reduz o custo.\nRedução de Custo de Propriedade\nProlonga a vida útil das baterias, reduz o período de trocas e \nautomatiza a manutenção, reduzindo enormes custos com \nintervenções manuais.\nEcológico e Sustentável\nNa era da sustentabilidade, reduzir o consumo de baterias significa \nusar menos recursos e gerar menos descartes no meio ambiente.Análise da Vida Útil da Bateria\nAnalisa a curva de carga e descarga de um banco de baterias e \nacompanhe a evolução da vida útil, algo que é impraticável fazer \nmanualmente.Minimiza o Downtime por falha da bateria\nO prejuízo decorrente de uma queda do sistema por falha de bateria \ngera um valor incalculável para a sua operação.CARACTERÍSTICAS  \nPRINCIPAIS\nEqualização Ativa Individual do Banco de Baterias\nEleva a vida útil e a confiabilidade das baterias. \nPermite que as baterias atinjam a máxima vida útil de operação.\nAutomatização da Manutenção das Baterias\nO sistema mantém as baterias em condições ideais automaticamente. \nA análise e o diagnóstico são realizados à distância, individualmente e \nsem precisar desligar o sistema.\nMonitoramento em Tempo Real das Baterias\nMonitora a condição das baterias em tempo real à distância,  de \nforma eficiente e reduzindo o elevado custo com intervenções \nmanuais.Medição da Impedância da Bateria\nA Impedância interna é o parâmetro real da condição da bateria. \nAlém disso, mede a tensão e temperatura individual de cada bateria e \ngrava na memória.Previne contra quedas do sistema por defeito nas baterias\nO sistema monitora constantemente as baterias individualmente e \nenvia alarmes antes de ocorrer um problema.\nCONFIGURAÇÃO DO BANCO DE BATERIAS\nAPLICAÇÕES\nn   \nn   \n Banc os de Ba terias:\n• Sist emas No -Breaks\n• Retificador es de Telecomunicações\n• Ener gia Solar e Eólica\n• Compatív el com t odas as mar cas \nde equipament os, independent e \ndo fabr icant e.\nTipos :\n• Seladas Reguladas por Válvula VRLA\n• Estacionár ias\n• 12VDC e 2VDC', 'n  Rendimento: 95% \nBaterias\nn  Tensão de Linha:\n• 380/400/415V : ± 240 Vdc (40 baterias)   \n• 200/208/220V : ± 120 Vdc (20 baterias)   \nn  Sistema de Recarga: controlado, automático\nn  Tempo de Recarga:  8 a 10 horas para 90% da \ncarga\nn Tipo: seladas, isentas de manutenção\nBy-pass estático \nn  Acionamento: automático controlado pelo \nDSP\nn  Tempo de Transferência: 0 ms (nulo)\nn   Retransferência ao Modo Normal:  \nautomática\nBy-pass estático de Manutenção\nPermite manutenção do No-Break sem \ndesligar a carga\nn  Acionamento:  manual através de disjuntor\nn  Reposição ao modo normal: sem interrupção\nProteções Elétricas\nn  Sub e Sobre Tensão de Entrada e Saída \nn  Sub e Sobre Tensão DC e Bateria \nn  Sobrecarga e Curto-circuito\nn  Mínima descarga de bateria\nn  Sobre temperatura \nMedições\nn  True RMS \nn  Potência de saída em kVA\nn  Potência de saída em kW\nn  Fator de Potência de saídan  Tensão de Saída\nn  Frequência de Saída \nn  Tensão de Bateria\nn  Corrente de Bateria*\nn  Fator de Potência de Entrada*\nn  Tensão de Entrada\nn  Corrente de Entrada*\nn  Frequência de Entrada\nAlarmes\nControlados pelo processador DSP\nn Tipos de Alarmes:\n• Sonoros:\n       »  Falta de Rede - 1 toque a cada 4 segundos\n       »  Pré-alarme das Baterias: 1 toque por segundo\n       »  Falha Interna do No-Break: alarme contínuo\n• Mensagens de alerta:\n       »  Display de Cristal líquido\n       »  Display em LCD\n       »  Mensagem por e-mail, celular ou pop-up:\n       - Operação Normal\n       - Falha de Rede \n       - Pré-alarme de Baterias\n       - Bypass Estático ativo\n       - Bypass Manual ativo\n       - Sobrecarga de Saída\n       - Falha Interna\nLog de Eventos\nn  Registros Armazenados:\n    •    5 mil registros em memória interna\n    •    Indicação de data, hora e ocorrência \n    •    Medições  \n    •    Status de operação e alarmes do painel \nCaracterísticas de operação\nn Ruído Audível: 55 dBA a 60 dBA a 1 metro\nn MTBF (Mean Time Between Failures): 250 mil horas   \nn MTTR (Mean Time To Repair): 30 minutos\nn Temperatura ambiente:\n   • No-Break: 20ºC a 40ºC \n   • Baterias: 0ºC a 30ºC\n   • Recomendada: 20ºC a 25ºC\nn Umidade Relativa:\n  • 0% a 95% sem condensação\n  • Recomendada: 45% a 55%\nn Atitude: até 1.000m\nn Tipo de Ambiente Recomendado:\n  • Interno, instalação abrigada\n  • Atmosfera: limpa, livre de partículas condutivas, \ngases tóxicos, líquidos e inﬂ  amáveis.']","Based on the information provided, both No-Break systems and batteries have features that contribute to their reliability. No-Break systems have a high efficiency of 95% and a Mean Time Between Failures (MTBF) of 250,000 hours, indicating a low likelihood of failure. They also have a quick bypass time of 0 ms and a retransfer time to normal mode that is automatic.

Batteries, on the other hand, have features such as individual battery impedance measurement, which allows for real-time monitoring of battery condition. The system also measures voltage and temperature of each battery and stores this information in memory. Additionally, the system sends alarms before any issues occur, helping to prevent system failures.

Both No-Break systems and batteries have their own unique features that contribute to their reliability. The choice between them may depend on the specific requirements of the application.","As tecnologias de No-Breaks são projetadas para alta confiabilidade, com características como modularidade, tecnologia hotswap e gerenciamento avançado de baterias, enquanto as baterias são otimizadas para maximizar sua vida útil e reduzir custos de manutenção.",0.0,0.5,0.0,0.7857142857142857,0.8486560058570273,0.9285714285714286,0.26,0.6686125950108803,0.19256017505470457,0.03225806451612903,0.0,0.0,1,1,1,1,1
24,comparação tecnologias No-Break confiabilidade eficiência ambientes críticos,"['TECNOLOGIA  ON  LINE  COM  BYPASS\nESTÁTICO  DE  MANUTENÇÃO\nCARACTERÍSTICAS  PRINCIPAIS\nTecnologia Avançada \nDSP  (Digital Signal Processor)\nMedições em True RMS com Precisão de \nMultímetros\nBypass Estático de Manutenção\nSoftware de Gerenciamento Remoto Real-Time \nSistema Paralelo Multi Ativo (Exclusivo CM)Permite funções avançadas e exclusivas em \ntempo real.\nPermite que sejam rastreados para análise.\nSão ideais para a medição de cargas não lineares.\nAdicionam proteção e elevam a confiabilidade da \ncarga sensível.\nVia TCP/IP,  com proteção de senhas para acesso \nremoto, shutdown.\nPodem ser paraleladas quantas unidades forem \nnecessárias, possibilitando expansão do sistema, \nde acordo com a demanda de consumo.Memória Interna para Registro de EventosDisplay TFT 4,3"" Touch Screen\n(Item de Série)\nPossibilidade de Upgrade do Firmware do \nDSP \nAcionamentos Monitorados pelo  DSP\nControle Inteligente da Velocidade dos \nCoolersModerna tela com comandos por toque, que \npermite acesso ao No-Break pela internet.\nGarante a utilização e preservação do \ninvestimento.\nAs manobras são registradas e gravadas no \nlog de eventos.\nProlongam a vida útil dos equipamentos \ne reduzem os intervalos de manutenção. Saída Rede Elétric a\nde En trada\nCorrente Alt ernada de Entrada\nCorrente ContínuaCorrente Alternada de Saída\nCorrente Alternada B ypass Estático  Corr ente Alternada B ypass Estático \nde Manutenção Bypass Estático de Manutenção\nPermite a transf erência e o r etorno da car ga do No -Break \npara um cir cuito alter nativ o de f ornecimento de ener gia, \npara atividades de manutenção . Em quaisquer situações , \no fornecimento de ener gia é contínuo , sem \ninter rupções .\nRetificador\nConverte a ener gia da \nrede elétr ica da \nconcessionár ia ou do \ngrupo gerador em \ncorrente contínua, \ncorrigindo ou \neliminando distúr bios   \nda entrada do sistema.Inversor\nConverte a cor rente contínua do \nretificador ou das bater ias em cor rente \nalter nada de saída, com f orma de onda \nBanco de Baterias\nArmaz ena ener gia reser va para alimentar o No -Break \ndurante um per íodo pr edeter minado , denominado Bypass Estático\nSistema de pr oteção \nque, em caso de \nproblemas , transf ere \nautomaticamente a \ncarga para um \ncircuito alter nativ o, \nsem inter rupção no \nfornecimento de \nener gia. Rede Pr esente\nFalha de R ede\nBypass Estátic o\nBypass Estátic o de\n Manutenç ãoNo-Break C onception M ulti A tivo\nTrifásico\nINTERFACES DE \nGERENCIAMENTO   \nREMOTO\nSão compostas por div ersas \nferramentas . O A daptador SNMP \nNetM ate per mite ger enciar \nremotament e o No -Break via a I nternet \natravés de um w eb br owser , monit orar \no status e en viar aler tas por e -mail . \nO sof tware IP P ower é uma f erramenta \nde ger enciament o  Windows \nApplication e a v ersão Client é \nespecífica para  aut omatizar o \nshut down de ser vidor es, podendo \ndesligar aut omática e simultaneament e \nvários ser vidor es e estações . \nO Adaptador Ar mModbus per mite \nintegrar o No -Break, via uma por ta \nRS485, a Sist emas de A utomação \nPredial .DISPLAY TFT 4,3 ‘’ \nTOUCH SCREEN\nCOMANDO POR TOQUE', '3"" Touch Screen\nEstrutura  do Gabinete: \n• Rack: metálico\n• Tampas laterais e superior removíveis\n• Acabamento: pintura epóxi-pó na cor grafite\ncom tratamento térmico e anticorrosivo \nVentilação: forçada , com controle digital  de\n velocidade pelo DSP\nInter\nfaces de Gerenciamento\nVários servidores em um único No-Break\nFerramentas de Shutdown e Gerenciamenton \nn \nn \nn \nn \nn \nn \nn \nn \nn   \n  \n   \n  \n  \n  \n  \n \n \n  Dimensões Compactas \n Porta de Comunicação: \n• Serial RS232C Isolada Full Duplex -DB9 Fêmea*\n• Contato Seco DB9 Fêmea\n• RJ45 - Ethernet \n Mono e multiusuário, cliente-server, mult-server\n Protocolos:\n• Serial RS232 \n• Serial RS485*\n• SNMP / Telnet / http / TCP/IP*\nSoftwares de Gerenciamento*\n• Adaptador SNMP \n  Ambientes e Sistemas Operacionais\n• Windows 7 / 8 / 10\n• Linux \n( Marcas dos respectivos fabricantes ) \n * Opcional \nnMedições\nTrue RMS\nPotência de Saída em kVA\nPotência de Saída em kW\nFator de Potência de Saída*\nTensão de Saída\nCorrente de Saída\nTensão de Bateria\nCorrente de Bateria*\nFator de Potência de Entrada*\nCorrente de Entrada*\nFrequência de Entradan \nn \nn \nn \nn \nn \nn \nn \nn \nn \nn \nn \nn    \n  \n  \n  \n  \n  \n \n \n \n  \n \n  \n   Frequência de Saída\n Tensão de Entrada\nAlarmes\nControlados pelo processador DSP\nTipos de Alarmes:\n• Sonoros:\n» Falta de Rede: 1 toque a cada 4 s\n» Pré-alarme das Baterias: 1 toque por segundo\n» Falha Interna do No-Break: alarme contínuo\n• Mensagens de Alerta:\n» Display de Cristal Líquido\n» Software IP Power via TCP/IP\n» Mensagem por e-mail, celular ou pop-up:\n- Operação Normal\n- Falha de Rede\n- Pré-alarme de Baterias\n- Bypass Estático Ativo\n- Bypass Manual Ativo\n- Sobrecarga de Saída\n- Falha n \nn   \n \nLog de Eventos\nRegistros Armazenados:\n• Memória com 25.500 registros (sendo 15 logs de \nconfiguração e 495 logs de eventos)\n• Indicação de data, hora e ocorrência\n• Medições\n• Status de operação e alarmes do painel\n• Status chaves internas\n• Possível visualizar no painel \n• Disponibilidade para download\nAutonomia da NVRAM: \n• 5 anos (com No Break desligado)n \nn   \n  \nCaracterísticas de Operação\nn \nn \nn \nn \nn \nn \nn \nn    \n  \n  \n \n  \n  \n  \n Ruído Audível: 55 dBA a 60 dBA a 1 metro\nMTBF (Mean Time Between Failures): 200 mil horas\nMTTR (Mean Time To Repair): 30 minutos\nTemperatura Ambiente: \n• No-Break: 20ºC a 40ºC \n• Baterias: 0ºC a 30ºC\n• Recomendada: 20ºC e 25ºC\nAltitude: até 1.000m\nTipo de Ambiente Recomendado:\n• Interno, instalação abrigada\n• Atmosfera: limpa, livre de partículas condutivas, \ngases tóxicos, líquidos e inflamáveis.']","When comparing No-Break technologies for use in critical environments, there are several factors to consider, including reliability, efficiency, and the specific requirements of the environment.

Based on the provided context, one No-Break technology with advanced features is the TECNOLOGIA ON LINE COM BYPASS ESTÁTICO DE MANUTENÇÃO. This technology includes a Digital Signal Processor (DSP) for precise measurements and real-time software management. It also features a paralleled system for increased capacity and reliability, as well as a modern touch screen interface for easy operation.

In terms of reliability, this technology offers a high Mean Time Between Failures (MTBF) of 200,000 hours and a Mean Time To Repair (MTTR) of just 30 minutes. It also has a wide operating temperature range and is suitable for internal installation in clean, particle-free environments.

For efficiency, the technology includes features such as energy-saving ventilation with digital speed control and a high-performance power inverter. It also offers various software management tools and interfaces for remote monitoring and control.

When compared to other No-Break technologies, the TECNOLOGIA ON LINE COM BYPASS ESTÁTICO DE MANUTENÇÃO appears to be a reliable and efficient option for use in critical environments. However, it is important to consider the specific needs and constraints of the environment in question when selecting a technology.","Os No-Breaks Composition trifásico oferecem alta confiabilidade e eficiência, sendo projetados para ambientes críticos como data centers e hospitais, com características como tecnologia hotswap, controle DSP e gerenciamento avançado de baterias.",0.9999999999,0.0,0.0,0.29411764705882354,0.6334879741395034,0.7647058823529411,0.17,0.6366264169700426,0.13365650969529086,0.03861003861003861,0.0,0.0,0,1,1,0,1
25,"Como as abordagens de isolamento e aterramento em sistemas de No-Breaks, como os modelos Transformerless e Multi Ativo Trifásico, se comparam em termos de segurança e confiabilidade, conforme descrito nos relatórios sobre tecnologia DSP e supervisão de falhas de isolação?","['Alta Tecnologia em\nProcessamento Digital\nde Sinais - DSP\nO S M A I S M O D E R N O S\nN O B R E A K S C O R P O R AT I V O SVivemos em um mundo cada vez mais ágil e prático. Um mundo conectado por processadores, chips, softwares e \nperiféricos. Mas isso ainda não é o bastante. Por isso, o mundo caminha para tecnologias de processamento imediato \nde dados. A CM Comandos Lineares está um passo à frente e oferece aos seus clientes produtos dotados de uma \ntecnologia revolucionária, denominada Processamento Digital de Sinais -- DSP .\nToda a linha de No Breaks Innovation S1 Trifásico  \nTransformerless conta com a tecnologia DS P.   \nCaracterística que proporciona alta performance e \nconfiabilidade, tornando-os ideais para aplicações de missão crítica. Ou seja, protegem as aplicações nas quais a \ncontinuidade da operação é de fundamental importância.\ndos equipamentos pode ser atualizado, \nacrescentando novas funções em \nunidades já instaladas. Hoje, esta tecnologia está presente nos mais sofisticados sistemas eletrônicos, devido à sua alta velocidade e \nconfiabilidade. Processadores Digitais de Sinais são capazes de processar dez milhões de amostragens por segundo. \nIsso significa processamento em tempo real -- o sinal é processado no mesmo instante em que é recebido, sem \nretardos ou atrasos.\nProjetados com o uso intenso dos recursos da tecnologia DSP ,  os No Breaks Innovation Trifásico Transformerless  \nagregam novos  e avançados recursos, que estabelecem um novo conceito em desenvolvimento, no qual o firmware \nAo pensar em adquirir No Breaks,     \nconte com as soluções da\nCM Comandos, que asseguram \ntecnologia de ponta, máxima proteção, \nprecisão digital e processamento        \nem tempo real.', 'DominionSP1\nCARACTERÍSTIC AS  PRINCIP AIS\nTecnologia A vançada DSP  (Digital Signal P rocessor)\nMemória Int erna par a Registr o de E ventos\nMedições em True RMS c om P recisão de Multímetr os\nCorreção do F ator de P otência de E ntr ada0.99*\nAcionament os Monit orados pelo P rocessador DSPPermite funções a vançadas e ex clusivas em t empo r eal.\nPermite que sejam rastr eados para análise .\nSão ideais para a medição de car gas não linear es.\nAtua como filtr o para as car gas não -linear es.\nAs manobras são r egistradas e g ravadas no log de ev entos.TECNOL OGIA  ON-LINE  C OM  BYP ASS  ESTÁTIC O  DE  MANUTENÇÃO\nCorr ente Alternada de Entrada\nCorr ente ContínuaCorr ente Alternada de Saída\nCorr ente Alternada B ypass Estático  Corr ente Alternada B ypass Manual de Manutenção  Saída Rede Elétric a\nde Entr adaRede P resente\nFalha de Rede\nBypass Estátic o\nBypass Manual de\n ManutençãoBypass Manual de Manutenção\nNeste modo de operação , a car ga é alimentada dir etamente pelo cir cuito \nalter nativ o de B ypass que possibilita o desligamento completo do \nequipamento , podendo assim, r ealizar uma manutenção com substituições de \npeças e placas sem a necessidade de desligamento . Com o auxílio da chav e \nestática, após a manutenção , é possív el transf erir novamente o No -Break para \no modo nor mal mantendo a car ga sempr e alimentada.\nRetificador\nConverte a ener gia da r ede elétr ica \nda concessionár ia ou do g rupo \ngerador em cor rente contínua, \ncorrigindo ou eliminando \ndistúr bios da entrada do sistema.\nBanco de Baterias\nArmaz ena ener gia reser va para alimentar o No -Break durante \num per íodo pr é-deter minado , denominado como tempo de \nautonomia do No -Break.Inversor\nConverte a cor rente contínua do r etificador ou das \nbater ias em cor rente alter nada de saída, com f orma de \nonda senoidal pura, livr e de distúr bios .Transf ormador Isolador\nIsola a tensão de saída, garantindo assim uma \nmelhor qualidade de ener gia, filtrando possív eis \nruídos ex ternos mesmo operando em modo B ypass . Bypass Estático\nSistema de pr oteção que , \nem caso de falha, transf ere \nautomaticamente a car ga \npara a linha de B ypass \nsem inter rupções na saída \ne opera em sincr onismo \nde fase . \nPossibilidade de Upgr ade do F irmwar e do DSP\nAjust es da Tensão por Sof twar e\nBypass Estátic o e Bypass M anual de M anut enção\nGerenciament o Remot o Real-Time Via Int ernet*\nCompatív el com Todos os Grupos G erador esGarant e a atualização e pr eser vação do in vestiment o.\nAsseguram elevada pr ecisão e confiabilidade .\nAdicionam pr oteção e elevam a confiabilidade da car ga sensív el.\nVia TCP/IP e fir ewalls com pr oteção de senhas para acesso r emot o.\nPrecisão e t otal pr oteção para operação com g rupos gerador es.']","The text provided does not include a direct comparison between the isolation and grounding approaches in No-Break systems, such as Transformerless and Multi Active Trifásico models, in terms of safety and reliability concerning DSP technology and isolation failure monitoring. However, it does mention that the DSP technology offers high performance and reliability, making it ideal for mission-critical applications. Additionally, the text highlights the presence of online maintenance technology with bypass static features in the DominionSP1 system, allowing for maintenance without disrupting the power supply. The Transformerless line of No Breaks Innovation S1 Trifásico features DSP technology, providing advanced and innovative features for maximum protection, precision, and real-time processing.","As abordagens de isolamento e aterramento em sistemas de No-Breaks, como os modelos Transformerless e Multi Ativo Trifásico, se comparam em termos de segurança e confiabilidade, destacando a inovação do modelo S1 e suas características de comando linear e operação trifásica, além da supervisão de falhas de isolação que aumenta a segurança ao evitar interrupções no fornecimento de energia elétrica.",0.0,0.0,0.12499999984374999,0.5555555555555556,0.0,0.7777777777777778,0.0,0.7416280619449153,0.26708074534161486,0.08602150537634408,0.0,0.0,0,1,1,0,0
