,user_input,retrieved_contexts,response,reference,context_precision,context_recall,context_entity_recall,noise_sensitivity_relevant,answer_relevancy,faithfulness,factual_correctness,semantic_similarity,non_llm_string_similarity,rouge_score,string_present,exact_match,harmfulness,maliciousness,coherence,correctness,conciseness
0,"Como as diferent abordagens de interface do usuario em sistemas de No-Break, como uso de Processadores de Sinal Digital, tecnologia hotswap e gerenciamento remoto, se comparam em termos de confiabilidade e eficiencia em ambientes criticos, conforme descrito nos relatorios?","['Alta Tecnolog ia em\nProcessament o Dig ital\nde Sinais - DSP\nOS MAIS MODERNOS\nNO-BREAKS CORPORATIVOSVivemos em um mundo cada v ez mais ág il e prático . Um mundo conec tado por pr ocessador es, chips , softwares e \nperiféricos. Mas isso ainda não é o bastant e. Por isso , o mundo caminha para t ecnolog ias de pr ocessament o imediat o \nde dados . A CM C omandos Linear es está um passo à fr ente e of erece aos seus client es pr odut os dotados de uma \ntecnolog ia revolucionár ia, denominada P rocessament o Dig ital de Sinais - - DSP .\nToda a linha de No -Breaks  \nconta com a t ecnolog ia DSP .  Carac terística que \npropor ciona alta per formance e confiabilidade , Conception Multi Ativ o \npara aplicações de missão cr ítica. Ou seja, pr otegem as aplicações nas quais a continuidade da operação é de \nfundamental impor tância.\nequipament os pode ser atualizado , \nacrescentando novas funções em \nunidades já instaladas . Hoje , esta t ecnolog ia está pr esent e nos mais sofisticados sist emas eletr ônicos , devido à sua alta v elocidade e \nconfiabilidade . Processador es Dig itais de Sinais são capaz es de pr ocessar dez milhões de amostragens por segundo . \nIsso sig nifica pr ocessament o em t empo r eal -- o sinal é pr ocessado no mesmo instant e em que é r ecebido , sem \nretardos ou atrasos .\nProjetados com o uso int enso dos r ecursos da t ecnolog ia DSP ,  os No -Breaks C onception Multi Ativ o  ag regam nov os  \ne avançados r ecursos , que estabelecem um nov o conceit o em desen volviment o, no qual o fir mware dos \nAdquir indo No -Breaks , cont e com as \nsoluções da CM C omandos , que \nasseguram t ecnolog ia de ponta, \nmáxima pr oteção , precisão dig ital e \nprocessament o em t empo r eal.  Modelo 300kV A', 'Alta Tecnologia em\nProcessamento Digital de Sinais - DSP\nHoje esta tecnologia está presente nos mais soﬁ  sticados sistemas eletrônicos devido a sua alta velocidade e conﬁ  abil-\ndade. Processadores Digitais de Sinais são capazes de processar dez milhões de amostragens por segundo. Isso signiﬁ  -\nca processamento em tempo real - o sinal é processado no mesmo instante em que é recebido, sem retardos ou atrasos.Vivemos  em um mundo cada vez mais ágil e prático. Um mundo conectado por processadores, chips, softwares e periféricos.  Mas \nainda não é o bastante, por isso, o mundo caminha para tecnologias de processamento imediato de dados. A CM Comandos está \num passo à frente e oferece aos seus clientes produtos dotados de uma tecnologia revolucionária, denominada Processamento \nDigital de Sinais - DSP .\nToda linha de No-Breaks Composition conta com a tecno-\nlogia DSP . Característica que proporciona alta performa-\nce e conﬁ  abilidade, tornando-os ideais para aplicações de \nmissão crítica. Ou seja, protegem as aplicações nas quais a  \ncontinuidade da operação é de fundamental importância. \nProjetados com o uso intenso dos recursos da tecnologia\nDSP , os No-Breaks Composition agregam novos e avançados \nrecursos que estabelecem um novo conceito em desenvolvi-\nmento, no qual o ﬁ  rmware dos equipamentos pode ser atuali-\nzado acrescentando novas funções em  unidades já instaladas.\nAo pensar em adquirir No-Breaks, conte com as soluções da \nCM Comandos, que asseguram tecnologia de ponta, máxima \nproteção, precisão digital e processamento em tempo real.OS MAIS MODERNOS NO-BREAKS CORPORATIVOS']","In critical environments, systems with Digital Signal Processors (DSP) offer high performance and reliability, enabling real-time processing of up to ten million samples per second. This results in no delays or latency, which is crucial for mission-critical applications.

Moreover, DSP-based systems can be updated, adding new functions to existing units, ensuring state-of-the-art technology and maximum protection.

On the other hand, hotswap technology allows for components to be replaced without interrupting the system's operation, maintaining high availability and efficiency. This feature is particularly beneficial in critical environments where downtime must be minimized.

Lastly, remote management enables administrators to monitor and control systems from a distance, reducing the need for on-site intervention. This can lead to increased efficiency and cost savings, as well as improved response times in the event of issues.

In conclusion, each approach has its advantages, and the choice between them depends on the specific requirements of the application and environment. However, DSP-based systems excel in performance and reliability, hotswap technology ensures high availability, and remote management improves efficiency.","As diferentes abordagens de interface do usuário em sistemas de No-Break, como o uso de Processadores de Sinal Digital, tecnologia hotswap e gerenciamento remoto, se comparam em termos de confiabilidade e eficiência em ambientes críticos, destacando a alta confiabilidade e a capacidade de manutenção sem interrupção do sistema.",0.99999999995,0.0,0.1111111109876543,0.0,0.6545432821570589,0.3684210526315789,0.59,0.6095758113370893,0.18554216867469875,0.02575107296137339,0.0,0.0,1,1,1,1,1
1,"Como as diferentes abordagens de eficiência energética, como sistemas Transformerless, Digital Signal Processor e No-Breaks modulares, se comparam em termos de confiabilidade e desempenho em ambientes críticos, conforme descrito nos relatórios?","['Alta Tecnologia em\nProcessamento Digital\nde Sinais - DSP\nO S M A I S M O D E R N O S\nN O B R E A K S C O R P O R AT I V O SVivemos em um mundo cada vez mais ágil e prático. Um mundo conectado por processadores, chips, softwares e \nperiféricos. Mas isso ainda não é o bastante. Por isso, o mundo caminha para tecnologias de processamento imediato \nde dados. A CM Comandos Lineares está um passo à frente e oferece aos seus clientes produtos dotados de uma \ntecnologia revolucionária, denominada Processamento Digital de Sinais -- DSP .\nToda a linha de No Breaks Innovation S1 Trifásico  \nTransformerless conta com a tecnologia DS P.   \nCaracterística que proporciona alta performance e \nconfiabilidade, tornando-os ideais para aplicações de missão crítica. Ou seja, protegem as aplicações nas quais a \ncontinuidade da operação é de fundamental importância.\ndos equipamentos pode ser atualizado, \nacrescentando novas funções em \nunidades já instaladas. Hoje, esta tecnologia está presente nos mais sofisticados sistemas eletrônicos, devido à sua alta velocidade e \nconfiabilidade. Processadores Digitais de Sinais são capazes de processar dez milhões de amostragens por segundo. \nIsso significa processamento em tempo real -- o sinal é processado no mesmo instante em que é recebido, sem \nretardos ou atrasos.\nProjetados com o uso intenso dos recursos da tecnologia DSP ,  os No Breaks Innovation Trifásico Transformerless  \nagregam novos  e avançados recursos, que estabelecem um novo conceito em desenvolvimento, no qual o firmware \nAo pensar em adquirir No Breaks,     \nconte com as soluções da\nCM Comandos, que asseguram \ntecnologia de ponta, máxima proteção, \nprecisão digital e processamento        \nem tempo real.', 'Alta Tecnolog ia em\nProcessament o Dig ital\nde Sinais - DSP\nOS MAIS MODERNOS\nNO-BREAKS C ORPOR ATIVOSVivemos em um mundo cada v ez mais ág il e prático . Um mundo conec tado por pr ocessador es, chips , softwares e \nperiféricos. Mas isso ainda não é o bastant e. Por isso , o mundo caminha para t ecnolog ias de pr ocessament o imediat o \nde dados . A CM C omandos Linear es está um passo à fr ente e of erece aos seus client es pr odut os dotados de uma \ntecnolog ia revolucionár ia, denominada P rocessament o Dig ital de Sinais -- DSP .\nToda a linha de No -Breaks D ominion SP1 conta com a \ntecnolog ia DSP . Carac terística que pr opor ciona alta\n performance e confiabilidade ,  ideais para aplicações de missão cr ítica. Ou seja, pr otegem as aplicações \nnas quais a continuidade da operação é de fundamental impor tância.tornando -os\nequipament os pode ser atualizado \nacrescentando novas funções em \nunidades já instaladas .Hoje , esta t ecnolog ia está pr esent e nos mais sofisticados sist emas eletr ônicos devido à sua alta v elocidade e \nconfiabilidade . Processador es Dig itais de Sinais são capaz es de pr ocessar dez milhões de amostragens por segundo . \nIsso sig nifica pr ocessament o em t empo r eal -- o sinal é pr ocessado no mesmo instant e em que é r ecebido , sem \nretardos ou atrasos .\nProjetados com o uso int enso dos r ecursos da t ecnolog ia DSP , os No -Breaks D ominion SP1 ag regam nov os  e \navançados r ecursos que estabelecem um nov o conceit o em desen volviment o, no qual o fir mware dos \nAdquir indo No -Breaks , cont e com as \nsoluções da CM C omandos que \nasseguram t ecnolog ia de ponta, \nmáxima pr oteção , precisão dig ital e \nprocessament o em t empo r eal.  \nNo-Break Dominion SP1 -  8 e 12 kV A - Monofásico']","In terms of reliability and performance in critical environments, as described in the reports, DSP (Digital Signal Processor) technology, such as that found in the No Breaks Innovation S1 Trifásico Transformerless and No Breaks Dominion SP1, stands out due to its high speed, precision, and real-time processing capabilities. These processors can handle up to ten million samples per second, ensuring immediate signal processing without delays or lags.

The Transformerless approach, also present in the No Breaks Innovation S1 Trifásico Transformerless, contributes to higher efficiency and reliability by eliminating the need for a transformer. This results in a more compact, lightweight, and efficient system.

No-Breaks modular systems, like the No-Breaks Dominion SP1 - 8 e 12 kV A - Monofásico, offer the advantage of scalability and easy maintenance. By having modular components, these systems can be updated or replaced as needed, ensuring continued operation and adaptability in critical environments.

In summary, DSP technology, Transformerless design, and modular systems all contribute to enhanced reliability and performance in critical environments. However, the specific implementation and product design will ultimately determine the overall efficiency and suitability for a given application.","As diferentes abordagens de eficiência energética, como sistemas Transformerless, Digital Signal Processor e No-Breaks modulares, se comparam em termos de confiabilidade e desempenho em ambientes críticos, destacando a alta confiabilidade dos No-Breaks modulares, que são projetados para integração em data centers e oferecem tecnologia hotswap, além de controle DSP e gerenciamento avançado de baterias.",0.0,0.0,0.09090909082644627,0.0,0.695760912353141,0.35714285714285715,0.11,0.7579329229649233,0.21189024390243905,0.09486166007905139,0.0,0.0,1,0,1,1,1
2,comparação abordagens manutenção suporte técnico contratos redução degradação manutenção preventiva,"['Vantagens do C ontrat o de M anut enção \nAtravés do contrat o de manut enção , técnicos e gest ores de manut enção podem r eduzir a deg radação dos seus equipament os, prolongando \no tempo de vida útil e evitando int ervenções cor retivas , que geram cust os elevados e t êm impac tos negativ os.\nn   Supor te técnico por t elefone, durant e 24hs/dia\nn   Minimizar os r iscos e pr ejuíz os de t er um equipament o parado\nn   Prioridade no at endiment o no caso de uma parada \nn Redução da necessidade de manut enção cor retivas em at é 80% e \nconsequent e  redução de cust os\nn  Serviços de cor retivas , quando  inclusos no contrat o \nn Redução de cust o: equipament os com manut enção pr eventiva \nadequada sofr em menos desgast es e, por tanto \ntem sua vida útil ampliada. \nAv. Eng . Alber to de Zagottis , 760 - 04675-085 -  São P aulo - SP\nTel.: (11) 5696-5033 \nwww.cmcomandos .com.br\nSistema de \nSustentabilidade A uditadoIdentifique Nossa E quipe \nUniforme P adrão \nCamisa azul   Calça azul   Crachá  \nPedro\nSuporte Técnico0000000000001Nome:\nRG:\nSetor:João P edro \nMatrícula:\n1111 25.613.810-2\nAssistência Técnica\n1.Uso... \nJOÃO PEDRO \nSuporte Técnico Supor te Técnico\nCall C enter int egrado ao sist ema de gestão ERP\nTécnicos Treinados e Qualificados\nEquipados com I nstrumentação de P onta\nAnalisador de Har mônicos\nAtendiment o 24 horas - 7 dias da semana via C ontrat os\nde M anut enção P reditiva, P reventiva e C orretiva\n  Supor te Pleno de P ré e P ós-V enda\nAmpla cober tura em t odo o paísn   \nn  \nn  \nn  \nn  \nn\nn  \nCM MK T SET 2021  -   As especificações estão sujeitas a alterações sem pr évio aviso . Nós incentivamos a r eciclagem\nAtendiment o em t odo\n o Território Nacional\ncom filiais e r epresentant es nas pr incipais \ncidades e capitais , otimizando o t empo , \ncusto e buscando a ex celência\n na pr estação de ser viços\nEscaneie e saiba mais sobr e o\n contrat o de manut enção \nOSD  N LI A NM EO AC R EMSCISO\n90012015 OSD  N LI A NM EO AC R EMSC', 'Manut enção e \nSupor te Técnico  \nNo-Breaks , Estabilizador es \ne demais S oluções  \n Serviços C O N T R A T O S  D E  M A N U T E N Ç Ã O']","The text describes the advantages of a maintenance contract, which includes technical support that can help reduce the degradation of equipment, extending its useful life and avoiding costly emergency interventions. The contract provides 24/7 support and prioritizes assistance in case of a shutdown. It also reduces the need for corrective maintenance by up to 80%, leading to cost savings. Preventive maintenance is mentioned as a strategy to reduce wear and tear, thereby amplifying the lifespan of the equipment. The contract includes corrective, preventive, and predictive maintenance services. The support team is trained, equipped with instrumentation, and available 24/7. The contract also emphasizes the importance of sustainability and recycling. However, the text does not provide a specific comparison between different maintenance approaches or their impact on degradation and preventive maintenance.","A comparação entre abordagens de manutenção e suporte técnico destaca que contratos de manutenção reduzem a degradação dos equipamentos e a necessidade de manutenções corretivas, resultando em economia e prolongando a vida útil dos equipamentos.",0.9999999999,1.0,0.0,0.7894736842105263,0.0,1.0,0.48,0.7084711408852831,0.1883899233296824,0.046511627906976744,0.0,0.0,1,1,1,0,1
3,"Como as abordagens sobre suporte técnico e manutenção preventiva se comparam em diferentes relatórios, considerando aspectos como a redução da degradação dos equipamentos, a importância de contratos de manutenção e a disponibilidade de suporte técnico 24 horas?","['Vantagens do C ontrat o de M anut enção \nAtravés do contrat o de manut enção , técnicos e gest ores de manut enção podem r eduzir a deg radação dos seus equipament os, prolongando \no tempo de vida útil e evitando int ervenções cor retivas , que geram cust os elevados e t êm impac tos negativ os.\nn   Supor te técnico por t elefone, durant e 24hs/dia\nn   Minimizar os r iscos e pr ejuíz os de t er um equipament o parado\nn   Prioridade no at endiment o no caso de uma parada \nn Redução da necessidade de manut enção cor retivas em at é 80% e \nconsequent e  redução de cust os\nn  Serviços de cor retivas , quando  inclusos no contrat o \nn Redução de cust o: equipament os com manut enção pr eventiva \nadequada sofr em menos desgast es e, por tanto \ntem sua vida útil ampliada. \nAv. Eng . Alber to de Zagottis , 760 - 04675-085 -  São P aulo - SP\nTel.: (11) 5696-5033 \nwww.cmcomandos .com.br\nSistema de \nSustentabilidade A uditadoIdentifique Nossa E quipe \nUniforme P adrão \nCamisa azul   Calça azul   Crachá  \nPedro\nSuporte Técnico0000000000001Nome:\nRG:\nSetor:João P edro \nMatrícula:\n1111 25.613.810-2\nAssistência Técnica\n1.Uso... \nJOÃO PEDRO \nSuporte Técnico Supor te Técnico\nCall C enter int egrado ao sist ema de gestão ERP\nTécnicos Treinados e Qualificados\nEquipados com I nstrumentação de P onta\nAnalisador de Har mônicos\nAtendiment o 24 horas - 7 dias da semana via C ontrat os\nde M anut enção P reditiva, P reventiva e C orretiva\n  Supor te Pleno de P ré e P ós-V enda\nAmpla cober tura em t odo o paísn   \nn  \nn  \nn  \nn  \nn\nn  \nCM MK T SET 2021  -   As especificações estão sujeitas a alterações sem pr évio aviso . Nós incentivamos a r eciclagem\nAtendiment o em t odo\n o Território Nacional\ncom filiais e r epresentant es nas pr incipais \ncidades e capitais , otimizando o t empo , \ncusto e buscando a ex celência\n na pr estação de ser viços\nEscaneie e saiba mais sobr e o\n contrat o de manut enção \nOSD  N LI A NM EO AC R EMSCISO\n90012015 OSD  N LI A NM EO AC R EMSC', 'TECNOLOGIA  EQUALIZER\nEqualização A tiva Individual das Ba terias\n O módulo de bater ia ativ o regula individualmente a \ntensão de cada bater ia e as mantém homogêneas , \nelevando a sua durabilidade , capacidade e r esistência \ncontra cor rosão e sulfatação .\nEvita e pr otege c ontr a Ex cesso de C arga\nAtrav és da Equalização Ativa as bater ias são pr oteg idas \nindividualmente contra o ex cesso de car ga, pr evenindo -\nas contra exalação de gases , secagem do eletr ólito \ninter no e do aquecimento inter no em ex cesso .\nEvita e pr otege c ontr a Falta de C arga\nA Equalização Ativa individual das bater ias impede que \nas mesmas r ecebam menor tensão que dev eriam, \nevitando -se a sulfatação e a per da de capacidade .\nIndicador de P roblemas da Ba teria\nAtrav és da medição da Tensão , Impedância e \nTemperatura, o sistema monitora os pr oblemas típicos \ndas bater ias, tais como sulfatação , cor rosão , per da de \ngases , secagem do eletr ólito e aquecimento inter no.Elimina a Sulfa tação das Ba terias\nO pr oblema decor re dos car regador es e r etificador es de \nbater ias, que r egulam a tensão de flutuação ou \nequalização na tensão final das bater ias e não garantem \nque em algumas  bater ias elas r ecebam maior tensão e , \nem outras , menor tensão . Atrav és da Equalização Ativa, \nmantêm-se todas as bater ias com tensão equilibrada.\nProteção c ontr a contaminação de ba terias\nAtrav és da Equalização Ativa individual de cada bater ia, \nevitam-se danos de uma bater ia a outras bater ias \npróximas , o ef eito de contaminação , ou seja, uma bater ia \nruim danifica as boas .\nOtimização da capacidade das ba terias\nGraças à Equalização Ativa, o Equaliz er garante a plena \nrecar ga e a máxima otimização da bater ia.\nAler ta par a substituir ba terias\nAtrav és da análise da cur va de impedância, pode -se \nidentificar a tendência, já na fase inicial de instalação , se \nalguma bater ia está deter iorada ou simplesmente mais \nfraca do que as outras . Quanto antes ef etuar este \ndiag nóstico , melhor será para o r estante da vida útil das \ndemais bater ias.Alarmes de ba teria\nAtrav és do monitoramento dos parâmetr os-chav e das \nbater ias e medições de limites pr eestabelecidos , o \nsistema en via avisos de alar mes automaticamente aos \nadministrador es do sistema.\nManutenção à distância \nO Equaliz er melhora a qualidade do ser viço, fornecendo \nmonitoramento r emoto atrav és da I nternet, VPN ou \noutra r ede, para faz er download de dados em tempo \nreal e acesso ao histór ico da bater ia para análise . \nManutenção sem desligar o sistema\nOs testes de bater ia individuais são possív eis \nremotamente , sem o esf orço para desligar as bater ias. \nAs manutenções e as análises  de bater ia podem ser \nrealizadas em condições r eais de operação , sem a \nnecessidade de paradas no sistema.\nOtimiza a manutenção em campo\nA equipe de manutenção se desloca somente quando \nhá inter venções cor retivas e dir etas na bater ia que \napresentar def eito na ocor rência de alar mes ou na \nanálise de diag nóstico e , é clar o, reduz enor mes custos \noperacionais .\nOSD  N LI A NM EO AC R EM SCISO\n90012015\nAv. Eng .']","Based on the provided context, there are two reports discussing support technical and preventive maintenance.

The first report focuses on the advantages of a maintenance contract. It highlights that through this contract, technicians and maintenance managers can reduce equipment degradation, extend the useful life, avoid emergency interventions, and prioritize assistance in case of a shutdown. Additionally, it mentions that there is a reduction of up to 80% in corrective maintenance and a consequent reduction in costs. The contract also includes corrective services and reduces the cost of preventive maintenance, as properly maintained equipment suffers less wear and tear, thereby extending its lifespan.

The second report discusses the Equalizer technology, which focuses on individual battery equalization. This technology regulates the voltage of each battery and keeps them homogeneous, increasing their durability, capacity, and resistance to corrosion and sulfation. It also protects against overcharging and undercharging, monitors battery problems, eliminates sulfation, and prevents battery contamination. The system offers remote monitoring, real-time data download, and access to battery history for analysis. It also allows for remote battery tests without the need to turn off the system, optimizing field maintenance and reducing operational costs.

In summary, both reports emphasize the importance of maintenance and support, whether through a maintenance contract or advanced technology solutions. These approaches aim to reduce equipment degradation, ensure proper functioning, and minimize operational costs.","As abordagens sobre suporte técnico e manutenção preventiva se comparam em diferentes relatórios ao destacar a redução da degradação dos equipamentos, a importância de contratos de manutenção e a disponibilidade de suporte técnico 24 horas, evidenciando que o contrato de manutenção prolonga a vida útil dos equipamentos e minimiza custos com intervenções corretivas.",0.9999999999,1.0,0.0,0.14705882352941177,0.7443354914026181,0.8285714285714286,0.16,0.6590203232702194,0.16615760537568725,0.027777777777777776,0.0,0.0,1,0,1,1,1
4,De que maneira as abordagens sobre gestao de energia e os benefcios dos contratos de manutencao se comparam?,"['TECNOLOGIA ON LINE COM BYPASS ESTÁTICO DE MANUTENÇÃO\nINTERFACE DE GERENCIAMENTO REMOTO\nAs Interfaces de Gerenciamento Remoto são compostas por diversas ferramentas, sendo elas: \n•  O Adaptador SNMP que permite gerenciar remotamente o No-Break via Internet através de um web browser,  monitorar o status \ne enviar alertas por e-mail. \n• O software, uma ferramenta de gerenciamento Windows Application e a versão Client é especíﬁ  ca para automatizar o shutdown \nde servidores, podendo desligar automática e simultaneamente vários servidores e estações. \n• O Adaptador Modbus permite integrar o No-Break, via uma porta RS485, a Sistemas de Automação Predial.\nBypass Estático\nSistema de proteção que, em caso de \nproblemas, transfere automaticamente \na carga para um circuito alternativo, sem \ninterrupção no fornecimento de energia.Bypass Estático de Manutenção\nPermite a transferência e o retorno da carga do No-Break para um circuito \nalternativo de fornecimento de energia, para atividades de manutenção. \nEm quaisquer situações, o fornecimento de energia é contínuo, sem \ninterrupções.\nBanco de Baterias\nArmazena energia reserva para alimentar o No-Break \ndurante um período predeterminado, denominado como \ntempo de autonomia do No-Break.Retificador\nConverte a energia da\nrede elétrica da concessionária\n ou do grupo gerador em\ncorrente contínua, corrigindo \nou eliminando distúrbios\nda entrada do sistema.\nCorrente alternada de entradaCorrente contínua Corrente alternada de saída\nCorrente alternada Bypass estáticoCorrente alternada Bypass estático\nde manutenção\nInversor\nConverte a corrente contínua do \nretiﬁ  cador ou das baterias em corrente \nalternada de saída, com forma de onda \nsenoidal pura, livre de distúrbios.\nRetificador\nConverte a energia da\nrede elétrica da concessionária\n ou do grupo gerador em\nInversor\nConverte a corrente contínua do \nretiﬁ  cador ou das baterias em corrente \nalternada de saída, com forma de onda', 'Manut enção e \nSupor te Técnico  \nNo-Breaks , Estabilizador es \ne demais S oluções  \n Serviços C O N T R A T O S  D E  M A N U T E N Ç Ã O']","Based on the provided context, there is no direct comparison given between approaches to energy management and the benefits of maintenance contracts. However, the context does mention that the online technology for bypassing maintenance of a No-Break system includes a remote management interface. This interface includes an SNMP adapter for remote management via the internet, allowing for monitoring of the status and sending of email alerts. This suggests that there may be energy management benefits to this remote management capability.

Additionally, the context also mentions maintenance contracts in relation to No-Breaks, stabilizers, and other solutions. It can be inferred that having a maintenance contract would ensure the proper functioning and timely replacement of these systems, leading to better energy management and cost savings in the long run.

Therefore, while not explicitly stated in the context, it can be inferred that energy management approaches and maintenance contract benefits can complement each other in ensuring efficient and uninterrupted energy supply.","As abordagens sobre gestão de energia e os benefícios dos contratos de manutenção se comparam na medida em que ambos visam otimizar o desempenho e a durabilidade dos equipamentos, com os contratos de manutenção oferecendo vantagens como a redução da degradação dos equipamentos e a economia em manutenções corretivas.",0.0,0.0,0.0,0.0,0.0,0.3,0.13,0.6644608672709069,0.1965105601469238,0.027777777777777776,0.0,0.0,0,1,1,0,1
5,"De que maneira as estratégias de redução de custos relacionadas à manutenção e suporte técnico se comparam em diferentes relatórios, considerando aspectos como contratos de manutenção, redução da degradação dos equipamentos e a eficácia da manutenção preventiva adequada?","['Vantagens do C ontrat o de M anut enção \nAtravés do contrat o de manut enção , técnicos e gest ores de manut enção podem r eduzir a deg radação dos seus equipament os, prolongando \no tempo de vida útil e evitando int ervenções cor retivas , que geram cust os elevados e t êm impac tos negativ os.\nn   Supor te técnico por t elefone, durant e 24hs/dia\nn   Minimizar os r iscos e pr ejuíz os de t er um equipament o parado\nn   Prioridade no at endiment o no caso de uma parada \nn Redução da necessidade de manut enção cor retivas em at é 80% e \nconsequent e  redução de cust os\nn  Serviços de cor retivas , quando  inclusos no contrat o \nn Redução de cust o: equipament os com manut enção pr eventiva \nadequada sofr em menos desgast es e, por tanto \ntem sua vida útil ampliada. \nAv. Eng . Alber to de Zagottis , 760 - 04675-085 -  São P aulo - SP\nTel.: (11) 5696-5033 \nwww.cmcomandos .com.br\nSistema de \nSustentabilidade A uditadoIdentifique Nossa E quipe \nUniforme P adrão \nCamisa azul   Calça azul   Crachá  \nPedro\nSuporte Técnico0000000000001Nome:\nRG:\nSetor:João P edro \nMatrícula:\n1111 25.613.810-2\nAssistência Técnica\n1.Uso... \nJOÃO PEDRO \nSuporte Técnico Supor te Técnico\nCall C enter int egrado ao sist ema de gestão ERP\nTécnicos Treinados e Qualificados\nEquipados com I nstrumentação de P onta\nAnalisador de Har mônicos\nAtendiment o 24 horas - 7 dias da semana via C ontrat os\nde M anut enção P reditiva, P reventiva e C orretiva\n  Supor te Pleno de P ré e P ós-V enda\nAmpla cober tura em t odo o paísn   \nn  \nn  \nn  \nn  \nn\nn  \nCM MK T SET 2021  -   As especificações estão sujeitas a alterações sem pr évio aviso . Nós incentivamos a r eciclagem\nAtendiment o em t odo\n o Território Nacional\ncom filiais e r epresentant es nas pr incipais \ncidades e capitais , otimizando o t empo , \ncusto e buscando a ex celência\n na pr estação de ser viços\nEscaneie e saiba mais sobr e o\n contrat o de manut enção \nOSD  N LI A NM EO AC R EMSCISO\n90012015 OSD  N LI A NM EO AC R EMSC', 'TECNOLOGIA  EQUALIZER\nEqualização A tiva Individual das Ba terias\n O módulo de bater ia ativ o regula individualmente a \ntensão de cada bater ia e as mantém homogêneas , \nelevando a sua durabilidade , capacidade e r esistência \ncontra cor rosão e sulfatação .\nEvita e pr otege c ontr a Ex cesso de C arga\nAtrav és da Equalização Ativa as bater ias são pr oteg idas \nindividualmente contra o ex cesso de car ga, pr evenindo -\nas contra exalação de gases , secagem do eletr ólito \ninter no e do aquecimento inter no em ex cesso .\nEvita e pr otege c ontr a Falta de C arga\nA Equalização Ativa individual das bater ias impede que \nas mesmas r ecebam menor tensão que dev eriam, \nevitando -se a sulfatação e a per da de capacidade .\nIndicador de P roblemas da Ba teria\nAtrav és da medição da Tensão , Impedância e \nTemperatura, o sistema monitora os pr oblemas típicos \ndas bater ias, tais como sulfatação , cor rosão , per da de \ngases , secagem do eletr ólito e aquecimento inter no.Elimina a Sulfa tação das Ba terias\nO pr oblema decor re dos car regador es e r etificador es de \nbater ias, que r egulam a tensão de flutuação ou \nequalização na tensão final das bater ias e não garantem \nque em algumas  bater ias elas r ecebam maior tensão e , \nem outras , menor tensão . Atrav és da Equalização Ativa, \nmantêm-se todas as bater ias com tensão equilibrada.\nProteção c ontr a contaminação de ba terias\nAtrav és da Equalização Ativa individual de cada bater ia, \nevitam-se danos de uma bater ia a outras bater ias \npróximas , o ef eito de contaminação , ou seja, uma bater ia \nruim danifica as boas .\nOtimização da capacidade das ba terias\nGraças à Equalização Ativa, o Equaliz er garante a plena \nrecar ga e a máxima otimização da bater ia.\nAler ta par a substituir ba terias\nAtrav és da análise da cur va de impedância, pode -se \nidentificar a tendência, já na fase inicial de instalação , se \nalguma bater ia está deter iorada ou simplesmente mais \nfraca do que as outras . Quanto antes ef etuar este \ndiag nóstico , melhor será para o r estante da vida útil das \ndemais bater ias.Alarmes de ba teria\nAtrav és do monitoramento dos parâmetr os-chav e das \nbater ias e medições de limites pr eestabelecidos , o \nsistema en via avisos de alar mes automaticamente aos \nadministrador es do sistema.\nManutenção à distância \nO Equaliz er melhora a qualidade do ser viço, fornecendo \nmonitoramento r emoto atrav és da I nternet, VPN ou \noutra r ede, para faz er download de dados em tempo \nreal e acesso ao histór ico da bater ia para análise . \nManutenção sem desligar o sistema\nOs testes de bater ia individuais são possív eis \nremotamente , sem o esf orço para desligar as bater ias. \nAs manutenções e as análises  de bater ia podem ser \nrealizadas em condições r eais de operação , sem a \nnecessidade de paradas no sistema.\nOtimiza a manutenção em campo\nA equipe de manutenção se desloca somente quando \nhá inter venções cor retivas e dir etas na bater ia que \napresentar def eito na ocor rência de alar mes ou na \nanálise de diag nóstico e , é clar o, reduz enor mes custos \noperacionais .\nOSD  N LI A NM EO AC R EM SCISO\n90012015\nAv. Eng .']","According to the provided context, both the contrato de manutencia and the Equalizer technology offer cost reduction strategies related to maintenance and technical support. The contrato de manutencia provides benefits such as reducing the need for corrective maintenance by 80%, prioritizing attention in case of a shutdown, and having trained and equipped technicians available 24/7. On the other hand, the Equalizer technology offers features like equalizing battery tension individually, protecting against overcharge and undercharge, monitoring problems, and eliminating sulfation. Both approaches aim to increase equipment durability and reduce costs, but they target different aspects of the maintenance process. The contrato de manutencia focuses on overall maintenance and support, while the Equalizer technology focuses specifically on battery management.","As estratégias de redução de custos relacionadas à manutenção e suporte técnico se comparam em diferentes relatórios ao destacar a importância dos contratos de manutenção, que reduzem a degradação dos equipamentos e aumentam a eficácia da manutenção preventiva, resultando em economia significativa.",0.9999999999,1.0,0.0,0.2857142857142857,0.6865106018997124,0.9285714285714286,0.12,0.6234018857284409,0.22196531791907514,0.0591715976331361,0.0,0.0,0,0,1,1,1
6,"De que maneira as abordagens sobre manutençã e suport tecnico em diferent relatorios se comparam, especilamente em relacao a contratos de manutençã, reduçã da degradação dos equipamentus e suport tecnico 24 horas?","['Vantagens do C ontrat o de M anut enção \nAtravés do contrat o de manut enção , técnicos e gest ores de manut enção podem r eduzir a deg radação dos seus equipament os, prolongando \no tempo de vida útil e evitando int ervenções cor retivas , que geram cust os elevados e t êm impac tos negativ os.\nn   Supor te técnico por t elefone, durant e 24hs/dia\nn   Minimizar os r iscos e pr ejuíz os de t er um equipament o parado\nn   Prioridade no at endiment o no caso de uma parada \nn Redução da necessidade de manut enção cor retivas em at é 80% e \nconsequent e  redução de cust os\nn  Serviços de cor retivas , quando  inclusos no contrat o \nn Redução de cust o: equipament os com manut enção pr eventiva \nadequada sofr em menos desgast es e, por tanto \ntem sua vida útil ampliada. \nAv. Eng . Alber to de Zagottis , 760 - 04675-085 -  São P aulo - SP\nTel.: (11) 5696-5033 \nwww.cmcomandos .com.br\nSistema de \nSustentabilidade A uditadoIdentifique Nossa E quipe \nUniforme P adrão \nCamisa azul   Calça azul   Crachá  \nPedro\nSuporte Técnico0000000000001Nome:\nRG:\nSetor:João P edro \nMatrícula:\n1111 25.613.810-2\nAssistência Técnica\n1.Uso... \nJOÃO PEDRO \nSuporte Técnico Supor te Técnico\nCall C enter int egrado ao sist ema de gestão ERP\nTécnicos Treinados e Qualificados\nEquipados com I nstrumentação de P onta\nAnalisador de Har mônicos\nAtendiment o 24 horas - 7 dias da semana via C ontrat os\nde M anut enção P reditiva, P reventiva e C orretiva\n  Supor te Pleno de P ré e P ós-V enda\nAmpla cober tura em t odo o paísn   \nn  \nn  \nn  \nn  \nn\nn  \nCM MK T SET 2021  -   As especificações estão sujeitas a alterações sem pr évio aviso . Nós incentivamos a r eciclagem\nAtendiment o em t odo\n o Território Nacional\ncom filiais e r epresentant es nas pr incipais \ncidades e capitais , otimizando o t empo , \ncusto e buscando a ex celência\n na pr estação de ser viços\nEscaneie e saiba mais sobr e o\n contrat o de manut enção \nOSD  N LI A NM EO AC R EMSCISO\n90012015 OSD  N LI A NM EO AC R EMSC', 'Manut enção e \nSupor te Técnico  \nNo-Breaks , Estabilizador es \ne demais S oluções  \n Serviços C O N T R A T O S  D E  M A N U T E N Ç Ã O']","A comparison of approaches to maintenance and technical support in different reports, with a particular focus on maintenance contracts, reduction of equipment degradation, and 24-hour technical support, can be made by examining the various aspects that each report highlights.

One report emphasizes the benefits of a maintenance contract, which includes the reduction of equipment degradation, minimization of risks and losses due to equipment downtime, priority attention in case of a shutdown, an 80% reduction in corrective maintenance, and reduced costs for both corrective and preventive maintenance. The report also mentions the provision of 24-hour technical support and the use of trained and equipped technicians.

Another report provides information about the company offering maintenance and technical support services, including a 24-hour support option, a wide coverage area, and the availability of various service contracts. The company's team is identified by their uniform, and specific staff members are named, along with their qualifications and contact information.

While these reports cover similar topics, they approach the subject matter differently. The first report is more focused on the advantages of maintenance contracts and the impact they can have on equipment degradation and technical support. The second report is more centered on introducing the company and its services, providing details about the team and contact information.

In summary, the two reports compare in terms of their focus on maintenance contracts, equipment degradation, and 24-hour technical support. However, they differ in their emphasis on the company's services and team, as well as the level of detail provided about the benefits of maintenance contracts.","As abordagens sobre manutenção e suporte técnico se comparam ao destacar a importância dos contratos de manutenção, que reduzem a degradação dos equipamentos e oferecem suporte técnico 24 horas, minimizando riscos de paradas e garantindo prioridade no atendimento.",0.9999999999,1.0,0.0,0.27586206896551724,0.7568435728128892,0.41379310344827586,0.23,0.6535310555706146,0.12507074136955287,0.01954397394136808,0.0,0.0,1,0,1,1,1
7,Como abordagens manutenção suporte técnico relatórios se comparam contratos manutenção redução degradação equipamentos eficácia manutenção preventiva?,"['Vantagens do C ontrat o de M anut enção \nAtravés do contrat o de manut enção , técnicos e gest ores de manut enção podem r eduzir a deg radação dos seus equipament os, prolongando \no tempo de vida útil e evitando int ervenções cor retivas , que geram cust os elevados e t êm impac tos negativ os.\nn   Supor te técnico por t elefone, durant e 24hs/dia\nn   Minimizar os r iscos e pr ejuíz os de t er um equipament o parado\nn   Prioridade no at endiment o no caso de uma parada \nn Redução da necessidade de manut enção cor retivas em at é 80% e \nconsequent e  redução de cust os\nn  Serviços de cor retivas , quando  inclusos no contrat o \nn Redução de cust o: equipament os com manut enção pr eventiva \nadequada sofr em menos desgast es e, por tanto \ntem sua vida útil ampliada. \nAv. Eng . Alber to de Zagottis , 760 - 04675-085 -  São P aulo - SP\nTel.: (11) 5696-5033 \nwww.cmcomandos .com.br\nSistema de \nSustentabilidade A uditadoIdentifique Nossa E quipe \nUniforme P adrão \nCamisa azul   Calça azul   Crachá  \nPedro\nSuporte Técnico0000000000001Nome:\nRG:\nSetor:João P edro \nMatrícula:\n1111 25.613.810-2\nAssistência Técnica\n1.Uso... \nJOÃO PEDRO \nSuporte Técnico Supor te Técnico\nCall C enter int egrado ao sist ema de gestão ERP\nTécnicos Treinados e Qualificados\nEquipados com I nstrumentação de P onta\nAnalisador de Har mônicos\nAtendiment o 24 horas - 7 dias da semana via C ontrat os\nde M anut enção P reditiva, P reventiva e C orretiva\n  Supor te Pleno de P ré e P ós-V enda\nAmpla cober tura em t odo o paísn   \nn  \nn  \nn  \nn  \nn\nn  \nCM MK T SET 2021  -   As especificações estão sujeitas a alterações sem pr évio aviso . Nós incentivamos a r eciclagem\nAtendiment o em t odo\n o Território Nacional\ncom filiais e r epresentant es nas pr incipais \ncidades e capitais , otimizando o t empo , \ncusto e buscando a ex celência\n na pr estação de ser viços\nEscaneie e saiba mais sobr e o\n contrat o de manut enção \nOSD  N LI A NM EO AC R EMSCISO\n90012015 OSD  N LI A NM EO AC R EMSC', 'Manut enção e \nSupor te Técnico  \nNo-Breaks , Estabilizador es \ne demais S oluções  \n Serviços C O N T R A T O S  D E  M A N U T E N Ç Ã O']","A contract for maintenance provides several approaches to technical support, which can be compared to reports on the effectiveness of preventive maintenance in reducing equipment degradation. The contract includes preventive maintenance, which involves regular check-ups and servicing of equipment to ensure they are in good working condition, thereby reducing the likelihood of equipment breakdowns and the need for costly corrective maintenance. This proactive approach can lead to a reduction in equipment degradation and an increase in the useful life of the equipment.

The contract also includes corrective maintenance, which is carried out when equipment breaks down or is not functioning properly. While this approach can address existing issues, it may not be as effective in preventing future problems and reducing equipment degradation compared to preventive maintenance.

In terms of reporting, the contract likely includes provisions for regular reporting on the status of maintenance activities and the condition of the equipment. These reports can provide valuable insights into the effectiveness of the maintenance strategies being employed and help to identify areas for improvement.

Overall, a contract for maintenance can be an effective way to ensure that equipment is well-maintained and functioning optimally, reducing the impact of equipment degradation and improving overall efficiency.","As abordagens de manutenção e suporte técnico, especialmente através de contratos de manutenção, se comparam positivamente à manutenção preventiva, pois reduzem a degradação dos equipamentos e aumentam a eficácia da manutenção, podendo diminuir a necessidade de manutenções corretivas em até 80%.",0.9999999999,1.0,0.0,0.5,0.769375694478316,0.6363636363636364,0.0,0.6486761954099014,0.15591778880226792,0.02380952380952381,0.0,0.0,0,0,1,1,0
8,Como se comparam as abordagens de manutenção e suporte técnico?,"['Vantagens do C ontrat o de M anut enção \nAtravés do contrat o de manut enção , técnicos e gest ores de manut enção podem r eduzir a deg radação dos seus equipament os, prolongando \no tempo de vida útil e evitando int ervenções cor retivas , que geram cust os elevados e t êm impac tos negativ os.\nn   Supor te técnico por t elefone, durant e 24hs/dia\nn   Minimizar os r iscos e pr ejuíz os de t er um equipament o parado\nn   Prioridade no at endiment o no caso de uma parada \nn Redução da necessidade de manut enção cor retivas em at é 80% e \nconsequent e  redução de cust os\nn  Serviços de cor retivas , quando  inclusos no contrat o \nn Redução de cust o: equipament os com manut enção pr eventiva \nadequada sofr em menos desgast es e, por tanto \ntem sua vida útil ampliada. \nAv. Eng . Alber to de Zagottis , 760 - 04675-085 -  São P aulo - SP\nTel.: (11) 5696-5033 \nwww.cmcomandos .com.br\nSistema de \nSustentabilidade A uditadoIdentifique Nossa E quipe \nUniforme P adrão \nCamisa azul   Calça azul   Crachá  \nPedro\nSuporte Técnico0000000000001Nome:\nRG:\nSetor:João P edro \nMatrícula:\n1111 25.613.810-2\nAssistência Técnica\n1.Uso... \nJOÃO PEDRO \nSuporte Técnico Supor te Técnico\nCall C enter int egrado ao sist ema de gestão ERP\nTécnicos Treinados e Qualificados\nEquipados com I nstrumentação de P onta\nAnalisador de Har mônicos\nAtendiment o 24 horas - 7 dias da semana via C ontrat os\nde M anut enção P reditiva, P reventiva e C orretiva\n  Supor te Pleno de P ré e P ós-V enda\nAmpla cober tura em t odo o paísn   \nn  \nn  \nn  \nn  \nn\nn  \nCM MK T SET 2021  -   As especificações estão sujeitas a alterações sem pr évio aviso . Nós incentivamos a r eciclagem\nAtendiment o em t odo\n o Território Nacional\ncom filiais e r epresentant es nas pr incipais \ncidades e capitais , otimizando o t empo , \ncusto e buscando a ex celência\n na pr estação de ser viços\nEscaneie e saiba mais sobr e o\n contrat o de manut enção \nOSD  N LI A NM EO AC R EMSCISO\n90012015 OSD  N LI A NM EO AC R EMSC', 'TECNOLOGIA  EQUALIZER\nEqualização A tiva Individual das Ba terias\n O módulo de bater ia ativ o regula individualmente a \ntensão de cada bater ia e as mantém homogêneas , \nelevando a sua durabilidade , capacidade e r esistência \ncontra cor rosão e sulfatação .\nEvita e pr otege c ontr a Ex cesso de C arga\nAtrav és da Equalização Ativa as bater ias são pr oteg idas \nindividualmente contra o ex cesso de car ga, pr evenindo -\nas contra exalação de gases , secagem do eletr ólito \ninter no e do aquecimento inter no em ex cesso .\nEvita e pr otege c ontr a Falta de C arga\nA Equalização Ativa individual das bater ias impede que \nas mesmas r ecebam menor tensão que dev eriam, \nevitando -se a sulfatação e a per da de capacidade .\nIndicador de P roblemas da Ba teria\nAtrav és da medição da Tensão , Impedância e \nTemperatura, o sistema monitora os pr oblemas típicos \ndas bater ias, tais como sulfatação , cor rosão , per da de \ngases , secagem do eletr ólito e aquecimento inter no.Elimina a Sulfa tação das Ba terias\nO pr oblema decor re dos car regador es e r etificador es de \nbater ias, que r egulam a tensão de flutuação ou \nequalização na tensão final das bater ias e não garantem \nque em algumas  bater ias elas r ecebam maior tensão e , \nem outras , menor tensão . Atrav és da Equalização Ativa, \nmantêm-se todas as bater ias com tensão equilibrada.\nProteção c ontr a contaminação de ba terias\nAtrav és da Equalização Ativa individual de cada bater ia, \nevitam-se danos de uma bater ia a outras bater ias \npróximas , o ef eito de contaminação , ou seja, uma bater ia \nruim danifica as boas .\nOtimização da capacidade das ba terias\nGraças à Equalização Ativa, o Equaliz er garante a plena \nrecar ga e a máxima otimização da bater ia.\nAler ta par a substituir ba terias\nAtrav és da análise da cur va de impedância, pode -se \nidentificar a tendência, já na fase inicial de instalação , se \nalguma bater ia está deter iorada ou simplesmente mais \nfraca do que as outras . Quanto antes ef etuar este \ndiag nóstico , melhor será para o r estante da vida útil das \ndemais bater ias.Alarmes de ba teria\nAtrav és do monitoramento dos parâmetr os-chav e das \nbater ias e medições de limites pr eestabelecidos , o \nsistema en via avisos de alar mes automaticamente aos \nadministrador es do sistema.\nManutenção à distância \nO Equaliz er melhora a qualidade do ser viço, fornecendo \nmonitoramento r emoto atrav és da I nternet, VPN ou \noutra r ede, para faz er download de dados em tempo \nreal e acesso ao histór ico da bater ia para análise . \nManutenção sem desligar o sistema\nOs testes de bater ia individuais são possív eis \nremotamente , sem o esf orço para desligar as bater ias. \nAs manutenções e as análises  de bater ia podem ser \nrealizadas em condições r eais de operação , sem a \nnecessidade de paradas no sistema.\nOtimiza a manutenção em campo\nA equipe de manutenção se desloca somente quando \nhá inter venções cor retivas e dir etas na bater ia que \napresentar def eito na ocor rência de alar mes ou na \nanálise de diag nóstico e , é clar o, reduz enor mes custos \noperacionais .\nOSD  N LI A NM EO AC R EM SCISO\n90012015\nAv. Eng .']","The text provided discusses two different concepts: the advantages of a maintenance contract and the technology of Equalizer. There is no direct comparison between approaches to maintenance and technical support. However, I can describe some aspects of each approach based on the context.

The maintenance contract approach focuses on providing support for equipment through a contract, which includes services like 24/7 assistance, risk reduction, priority attention in case of a shutdown, and reduced need for corrective maintenance. This approach aims to extend equipment life, minimize downtime risks, and ensure adequately trained technicians are available.

On the other hand, the Equalizer technology focuses on individual battery equalization, which regulates the tension of each battery and keeps them homogeneous, increasing their durability, capacity, and resistance to corrosion and sulfation. This technology also monitors battery problems, prevents overcharging and undercharging, and alerts users to potential battery issues.

Both approaches aim to improve the lifespan and performance of equipment, but they target different aspects—one focusing on overall equipment maintenance and support, and the other focusing on individual battery management.","As abordagens de manutenção e suporte técnico se comparam pela importância dos contratos de manutenção, que oferecem vantagens como a redução da degradação dos equipamentos, prolongando sua vida útil e evitando custos elevados com intervenções corretivas.",0.9999999999,1.0,0.0,0.25,0.5824446966308504,1.0,0.3,0.5920276058633587,0.1541501976284585,0.00909090909090909,0.0,0.0,0,1,1,0,1
9,"De que maneira as abordagens sobre manutenção e suporte técnico em diferentes relatórios se comparam, especialmente no que diz respeito a contratos de manutenção, redução da degradação dos equipamentos e suporte técnico 24 horas?","['Vantagens do C ontrat o de M anut enção \nAtravés do contrat o de manut enção , técnicos e gest ores de manut enção podem r eduzir a deg radação dos seus equipament os, prolongando \no tempo de vida útil e evitando int ervenções cor retivas , que geram cust os elevados e t êm impac tos negativ os.\nn   Supor te técnico por t elefone, durant e 24hs/dia\nn   Minimizar os r iscos e pr ejuíz os de t er um equipament o parado\nn   Prioridade no at endiment o no caso de uma parada \nn Redução da necessidade de manut enção cor retivas em at é 80% e \nconsequent e  redução de cust os\nn  Serviços de cor retivas , quando  inclusos no contrat o \nn Redução de cust o: equipament os com manut enção pr eventiva \nadequada sofr em menos desgast es e, por tanto \ntem sua vida útil ampliada. \nAv. Eng . Alber to de Zagottis , 760 - 04675-085 -  São P aulo - SP\nTel.: (11) 5696-5033 \nwww.cmcomandos .com.br\nSistema de \nSustentabilidade A uditadoIdentifique Nossa E quipe \nUniforme P adrão \nCamisa azul   Calça azul   Crachá  \nPedro\nSuporte Técnico0000000000001Nome:\nRG:\nSetor:João P edro \nMatrícula:\n1111 25.613.810-2\nAssistência Técnica\n1.Uso... \nJOÃO PEDRO \nSuporte Técnico Supor te Técnico\nCall C enter int egrado ao sist ema de gestão ERP\nTécnicos Treinados e Qualificados\nEquipados com I nstrumentação de P onta\nAnalisador de Har mônicos\nAtendiment o 24 horas - 7 dias da semana via C ontrat os\nde M anut enção P reditiva, P reventiva e C orretiva\n  Supor te Pleno de P ré e P ós-V enda\nAmpla cober tura em t odo o paísn   \nn  \nn  \nn  \nn  \nn\nn  \nCM MK T SET 2021  -   As especificações estão sujeitas a alterações sem pr évio aviso . Nós incentivamos a r eciclagem\nAtendiment o em t odo\n o Território Nacional\ncom filiais e r epresentant es nas pr incipais \ncidades e capitais , otimizando o t empo , \ncusto e buscando a ex celência\n na pr estação de ser viços\nEscaneie e saiba mais sobr e o\n contrat o de manut enção \nOSD  N LI A NM EO AC R EMSCISO\n90012015 OSD  N LI A NM EO AC R EMSC', 'Manut enção e \nSupor te Técnico  \nNo-Breaks , Estabilizador es \ne demais S oluções  \n Serviços C O N T R A T O S  D E  M A N U T E N Ç Ã O']","A manutenção e o suporte técnico em diferentes relatórios podem ser abordados de maneiras semelhantes, particularmente em relação a contratos de manutenção, redução da degradação dos equipamentos e suporte técnico 24 horas. Esses relatórios geralmente destacam a importância de contratos de manutenção para reduzir a degradação dos equipamentos, prolongar sua vida útil e evitar intervenções corretivas caras e prejudiciais. Além disso, o suporte técnico disponível 24 horas por dia é uma característica comum nesses relatórios, fornecendo assistência imediata e minimizando os riscos e prejuízos de equipamentos em pane. No entanto, as especificidades sobre os serviços oferecidos, a instrumentação usada e os prazos de atendimento podem variar de acordo com a organização e o contrato em questão.","As abordagens sobre manutenção e suporte técnico se comparam ao destacar a importância de contratos de manutenção, que reduzem a degradação dos equipamentos, prolongam sua vida útil e oferecem suporte técnico 24 horas, minimizando riscos de paradas e garantindo prioridade no atendimento.",0.9999999999,1.0,0.0,0.06666666666666667,0.843392571202816,0.2,0.56,0.824384030099965,0.32456140350877194,0.3529411764705882,0.0,0.0,0,1,1,1,1
10,Como as abordagens de manutenção e suporte técnico se comparam em relação a contratos e suporte 24 horas?,"['Vantagens do C ontrat o de M anut enção \nAtravés do contrat o de manut enção , técnicos e gest ores de manut enção podem r eduzir a deg radação dos seus equipament os, prolongando \no tempo de vida útil e evitando int ervenções cor retivas , que geram cust os elevados e t êm impac tos negativ os.\nn   Supor te técnico por t elefone, durant e 24hs/dia\nn   Minimizar os r iscos e pr ejuíz os de t er um equipament o parado\nn   Prioridade no at endiment o no caso de uma parada \nn Redução da necessidade de manut enção cor retivas em at é 80% e \nconsequent e  redução de cust os\nn  Serviços de cor retivas , quando  inclusos no contrat o \nn Redução de cust o: equipament os com manut enção pr eventiva \nadequada sofr em menos desgast es e, por tanto \ntem sua vida útil ampliada. \nAv. Eng . Alber to de Zagottis , 760 - 04675-085 -  São P aulo - SP\nTel.: (11) 5696-5033 \nwww.cmcomandos .com.br\nSistema de \nSustentabilidade A uditadoIdentifique Nossa E quipe \nUniforme P adrão \nCamisa azul   Calça azul   Crachá  \nPedro\nSuporte Técnico0000000000001Nome:\nRG:\nSetor:João P edro \nMatrícula:\n1111 25.613.810-2\nAssistência Técnica\n1.Uso... \nJOÃO PEDRO \nSuporte Técnico Supor te Técnico\nCall C enter int egrado ao sist ema de gestão ERP\nTécnicos Treinados e Qualificados\nEquipados com I nstrumentação de P onta\nAnalisador de Har mônicos\nAtendiment o 24 horas - 7 dias da semana via C ontrat os\nde M anut enção P reditiva, P reventiva e C orretiva\n  Supor te Pleno de P ré e P ós-V enda\nAmpla cober tura em t odo o paísn   \nn  \nn  \nn  \nn  \nn\nn  \nCM MK T SET 2021  -   As especificações estão sujeitas a alterações sem pr évio aviso . Nós incentivamos a r eciclagem\nAtendiment o em t odo\n o Território Nacional\ncom filiais e r epresentant es nas pr incipais \ncidades e capitais , otimizando o t empo , \ncusto e buscando a ex celência\n na pr estação de ser viços\nEscaneie e saiba mais sobr e o\n contrat o de manut enção \nOSD  N LI A NM EO AC R EMSCISO\n90012015 OSD  N LI A NM EO AC R EMSC', 'Manut enção e \nSupor te Técnico  \nNo-Breaks , Estabilizador es \ne demais S oluções  \n Serviços C O N T R A T O S  D E  M A N U T E N Ç Ã O']","A manutenção e suporte técnico em contratos de manutenção geralmente incluem serviços 24 horas por dia. Esses serviços visam reduzir a degradação dos equipamentos, prolongar sua vida útil, minimizar riscos e prejudícios, e dar prioridade no atendimento em caso de paradas. Além disso, esses contratos podem reduzir a necessidade de manutenção corretiva em até 80%, o que resulta em uma redução de custos. Os técnicos são treinados e qualificados, equipados com instrumentação de ponta, e fornecem atendimento preventivo, corretivo e prestado. O suporte técnico também está disponível 24 horas por dia, 7 dias por semana, através de contratos de manutenção. Além disso, o suporte técnico oferece assistência por telefone e é composto por uma equipe de especialistas que utilizam análises de harmônicos. Portanto, as abordagens de manutenção e suporte técnico em contratos de manutenção oferecem serviços 24 horas por dia, com foco em reduzir custos, prolongar a vida útil dos equipamentos e fornecer atendimento especializado.","As abordagens de manutenção e suporte técnico se comparam em relação a contratos e suporte 24 horas, onde o contrato de manutenção oferece vantagens como redução da degradação dos equipamentos, suporte técnico 24 horas, minimização de riscos de paradas e prioridade no atendimento.",0.9999999999,1.0,0.0,0.45,0.7915056871538827,0.8,0.52,0.8704472572576097,0.2165853658536585,0.24137931034482754,0.0,0.0,1,1,1,1,0
11,Como se comparam as abordagens de manutenção em relatórios?,"['• Analisa as curvas de carga e d escarga  das baterias, \nremotamente e s em desligar o s istema.\n• Identifica e e nvia alarmes da  bateria com defeito antes de \ncomprometer o s istema.\n• A m anutenção torna-se proativa, pois a intervenção é d ireta \nna bateria defeituosa, na ocorrência de alarmes. \n• Dashboard com duas opções de visualização, vertical e \nhorizontal.\n• Layout Responsivo, pronto para PCs, Tablets e S martphones. ANÁLISE  DA  VIDA ÚTIL CONFORME NORMA  IEEE  1188  E  1491 \n• Analisa o ciclo de vida útil das bat erias conf orme a Nor ma IEEE 1188: P ráticas r ecomendadas para manut enção , testes e substituição \nde bat erias e IEEE 1491: Guia para seleção e uso de equipament os de monit orament o de bat erias. \n• Determina a data z ero a par tir da instalação das bat erias e r egistra per iodicament e a ev olução do ciclo de vida útil das bat erias.\n• Relat ório do Ciclo de Vida com parâmetr os configurá veis.\nGERENCIAMENTO WEB \n• Medições de Impedância, Tensão e Temperatura individuais de \ncada bateria.\n• Indicadores de Status Normal, Falha e P ré-Alarme configuráveis.\n•Gráficos de Descarga com filtros dinâmicos.\n• Envio de e-mails em caso de alarmes.\n• Data Logger armazenado em Banco de Dados ANSI SQL.\n• Frequência de gravação configurável.\n• Controle de Acesso por senha em três níveis.\n• Protocolos SNMP V1 e V3 e M odbus Over IP.', 'Vantagens do C ontrat o de M anut enção \nAtravés do contrat o de manut enção , técnicos e gest ores de manut enção podem r eduzir a deg radação dos seus equipament os, prolongando \no tempo de vida útil e evitando int ervenções cor retivas , que geram cust os elevados e t êm impac tos negativ os.\nn   Supor te técnico por t elefone, durant e 24hs/dia\nn   Minimizar os r iscos e pr ejuíz os de t er um equipament o parado\nn   Prioridade no at endiment o no caso de uma parada \nn Redução da necessidade de manut enção cor retivas em at é 80% e \nconsequent e  redução de cust os\nn  Serviços de cor retivas , quando  inclusos no contrat o \nn Redução de cust o: equipament os com manut enção pr eventiva \nadequada sofr em menos desgast es e, por tanto \ntem sua vida útil ampliada. \nAv. Eng . Alber to de Zagottis , 760 - 04675-085 -  São P aulo - SP\nTel.: (11) 5696-5033 \nwww.cmcomandos .com.br\nSistema de \nSustentabilidade A uditadoIdentifique Nossa E quipe \nUniforme P adrão \nCamisa azul   Calça azul   Crachá  \nPedro\nSuporte Técnico0000000000001Nome:\nRG:\nSetor:João P edro \nMatrícula:\n1111 25.613.810-2\nAssistência Técnica\n1.Uso... \nJOÃO PEDRO \nSuporte Técnico Supor te Técnico\nCall C enter int egrado ao sist ema de gestão ERP\nTécnicos Treinados e Qualificados\nEquipados com I nstrumentação de P onta\nAnalisador de Har mônicos\nAtendiment o 24 horas - 7 dias da semana via C ontrat os\nde M anut enção P reditiva, P reventiva e C orretiva\n  Supor te Pleno de P ré e P ós-V enda\nAmpla cober tura em t odo o paísn   \nn  \nn  \nn  \nn  \nn\nn  \nCM MK T SET 2021  -   As especificações estão sujeitas a alterações sem pr évio aviso . Nós incentivamos a r eciclagem\nAtendiment o em t odo\n o Território Nacional\ncom filiais e r epresentant es nas pr incipais \ncidades e capitais , otimizando o t empo , \ncusto e buscando a ex celência\n na pr estação de ser viços\nEscaneie e saiba mais sobr e o\n contrat o de manut enção \nOSD  N LI A NM EO AC R EMSCISO\n90012015 OSD  N LI A NM EO AC R EMSC']","The two reports provided describe different aspects of maintenance approaches, with one focusing on a specific battery monitoring and management system, and the other discussing the benefits of a maintenance contract.

The catalogo-sistema-equalizer.pdf report delves into the features of a battery analysis system, which includes remote monitoring, alarm notifications, and a dashboard with two view options. This approach is focused on analyzing battery life cycles according to IEEE standards, monitoring individual measurements, and providing customizable alerts and data storage.

On the other hand, the contrato-de-manutencao.pdf report highlights the advantages of a maintenance contract, which aims to reduce equipment degradation, prevent unplanned downtime, and lower maintenance costs. This approach prioritizes technical support, proactive maintenance, and cost reductions for both preventive and corrective maintenance.

In summary, the first report emphasizes a technology-driven, data-centric approach to battery maintenance, while the second report focuses on the benefits of a comprehensive maintenance contract for various equipment.","As abordagens de manutenção em relatórios se comparam pela importância dos contratos de manutenção, que oferecem vantagens como a redução da degradação dos equipamentos e a minimização de custos com intervenções corretivas.",0.49999999995,1.0,0.0,0.2,0.8628984112048221,0.6,0.24,0.6616383753726639,0.1485664639443962,0.040201005025125636,0.0,0.0,0,1,1,1,1
12,Como os aspectos de manutençã e suporte técnico se comparam em eficácia e custo?,"['Vantagens do C ontrat o de M anut enção \nAtravés do contrat o de manut enção , técnicos e gest ores de manut enção podem r eduzir a deg radação dos seus equipament os, prolongando \no tempo de vida útil e evitando int ervenções cor retivas , que geram cust os elevados e t êm impac tos negativ os.\nn   Supor te técnico por t elefone, durant e 24hs/dia\nn   Minimizar os r iscos e pr ejuíz os de t er um equipament o parado\nn   Prioridade no at endiment o no caso de uma parada \nn Redução da necessidade de manut enção cor retivas em at é 80% e \nconsequent e  redução de cust os\nn  Serviços de cor retivas , quando  inclusos no contrat o \nn Redução de cust o: equipament os com manut enção pr eventiva \nadequada sofr em menos desgast es e, por tanto \ntem sua vida útil ampliada. \nAv. Eng . Alber to de Zagottis , 760 - 04675-085 -  São P aulo - SP\nTel.: (11) 5696-5033 \nwww.cmcomandos .com.br\nSistema de \nSustentabilidade A uditadoIdentifique Nossa E quipe \nUniforme P adrão \nCamisa azul   Calça azul   Crachá  \nPedro\nSuporte Técnico0000000000001Nome:\nRG:\nSetor:João P edro \nMatrícula:\n1111 25.613.810-2\nAssistência Técnica\n1.Uso... \nJOÃO PEDRO \nSuporte Técnico Supor te Técnico\nCall C enter int egrado ao sist ema de gestão ERP\nTécnicos Treinados e Qualificados\nEquipados com I nstrumentação de P onta\nAnalisador de Har mônicos\nAtendiment o 24 horas - 7 dias da semana via C ontrat os\nde M anut enção P reditiva, P reventiva e C orretiva\n  Supor te Pleno de P ré e P ós-V enda\nAmpla cober tura em t odo o paísn   \nn  \nn  \nn  \nn  \nn\nn  \nCM MK T SET 2021  -   As especificações estão sujeitas a alterações sem pr évio aviso . Nós incentivamos a r eciclagem\nAtendiment o em t odo\n o Território Nacional\ncom filiais e r epresentant es nas pr incipais \ncidades e capitais , otimizando o t empo , \ncusto e buscando a ex celência\n na pr estação de ser viços\nEscaneie e saiba mais sobr e o\n contrat o de manut enção \nOSD  N LI A NM EO AC R EMSCISO\n90012015 OSD  N LI A NM EO AC R EMSC', 'TECNOLOGIA  EQUALIZER\nEqualização A tiva Individual das Ba terias\n O módulo de bater ia ativ o regula individualmente a \ntensão de cada bater ia e as mantém homogêneas , \nelevando a sua durabilidade , capacidade e r esistência \ncontra cor rosão e sulfatação .\nEvita e pr otege c ontr a Ex cesso de C arga\nAtrav és da Equalização Ativa as bater ias são pr oteg idas \nindividualmente contra o ex cesso de car ga, pr evenindo -\nas contra exalação de gases , secagem do eletr ólito \ninter no e do aquecimento inter no em ex cesso .\nEvita e pr otege c ontr a Falta de C arga\nA Equalização Ativa individual das bater ias impede que \nas mesmas r ecebam menor tensão que dev eriam, \nevitando -se a sulfatação e a per da de capacidade .\nIndicador de P roblemas da Ba teria\nAtrav és da medição da Tensão , Impedância e \nTemperatura, o sistema monitora os pr oblemas típicos \ndas bater ias, tais como sulfatação , cor rosão , per da de \ngases , secagem do eletr ólito e aquecimento inter no.Elimina a Sulfa tação das Ba terias\nO pr oblema decor re dos car regador es e r etificador es de \nbater ias, que r egulam a tensão de flutuação ou \nequalização na tensão final das bater ias e não garantem \nque em algumas  bater ias elas r ecebam maior tensão e , \nem outras , menor tensão . Atrav és da Equalização Ativa, \nmantêm-se todas as bater ias com tensão equilibrada.\nProteção c ontr a contaminação de ba terias\nAtrav és da Equalização Ativa individual de cada bater ia, \nevitam-se danos de uma bater ia a outras bater ias \npróximas , o ef eito de contaminação , ou seja, uma bater ia \nruim danifica as boas .\nOtimização da capacidade das ba terias\nGraças à Equalização Ativa, o Equaliz er garante a plena \nrecar ga e a máxima otimização da bater ia.\nAler ta par a substituir ba terias\nAtrav és da análise da cur va de impedância, pode -se \nidentificar a tendência, já na fase inicial de instalação , se \nalguma bater ia está deter iorada ou simplesmente mais \nfraca do que as outras . Quanto antes ef etuar este \ndiag nóstico , melhor será para o r estante da vida útil das \ndemais bater ias.Alarmes de ba teria\nAtrav és do monitoramento dos parâmetr os-chav e das \nbater ias e medições de limites pr eestabelecidos , o \nsistema en via avisos de alar mes automaticamente aos \nadministrador es do sistema.\nManutenção à distância \nO Equaliz er melhora a qualidade do ser viço, fornecendo \nmonitoramento r emoto atrav és da I nternet, VPN ou \noutra r ede, para faz er download de dados em tempo \nreal e acesso ao histór ico da bater ia para análise . \nManutenção sem desligar o sistema\nOs testes de bater ia individuais são possív eis \nremotamente , sem o esf orço para desligar as bater ias. \nAs manutenções e as análises  de bater ia podem ser \nrealizadas em condições r eais de operação , sem a \nnecessidade de paradas no sistema.\nOtimiza a manutenção em campo\nA equipe de manutenção se desloca somente quando \nhá inter venções cor retivas e dir etas na bater ia que \napresentar def eito na ocor rência de alar mes ou na \nanálise de diag nóstico e , é clar o, reduz enor mes custos \noperacionais .\nOSD  N LI A NM EO AC R EM SCISO\n90012015\nAv. Eng .']","The text outlines the advantages of a maintenance contract, which includes technical support available 24/7, minimizing risks and downtime, prioritizing assistance in case of a shutdown, reducing the need for corrective maintenance by 80%, and lowering costs. On the other hand, it describes the Equalizer technology, which provides individual battery equalization, increasing battery durability, capacity, and resistance, protecting against overcharging and undercharging, and eliminating sulfation. However, it does not provide a direct comparison between the maintenance and support service's effectiveness and cost.","Os aspectos de manutenção e suporte técnico se comparam em eficácia e custo, pois o contrato de manutenção reduz a degradação dos equipamentos, prolonga sua vida útil e evita custos elevados com intervenções corretivas, além de oferecer suporte técnico 24 horas e minimizar riscos de paradas.",0.9999999999,1.0,0.0,0.25,0.0,1.0,0.42,0.6293629260189718,0.24717285945072698,0.028985507246376812,0.0,0.0,1,0,0,0,0
13,"De que maneira as abordagens sobre manutençã e suport tecnico em diferent relatorios se comparam, especilamente em relacao a contratos de manutençã, reduçã da degradaçã dos equipamentus e a eficacía da manutençã preventiva adequad?","['Vantagens do C ontrat o de M anut enção \nAtravés do contrat o de manut enção , técnicos e gest ores de manut enção podem r eduzir a deg radação dos seus equipament os, prolongando \no tempo de vida útil e evitando int ervenções cor retivas , que geram cust os elevados e t êm impac tos negativ os.\nn   Supor te técnico por t elefone, durant e 24hs/dia\nn   Minimizar os r iscos e pr ejuíz os de t er um equipament o parado\nn   Prioridade no at endiment o no caso de uma parada \nn Redução da necessidade de manut enção cor retivas em at é 80% e \nconsequent e  redução de cust os\nn  Serviços de cor retivas , quando  inclusos no contrat o \nn Redução de cust o: equipament os com manut enção pr eventiva \nadequada sofr em menos desgast es e, por tanto \ntem sua vida útil ampliada. \nAv. Eng . Alber to de Zagottis , 760 - 04675-085 -  São P aulo - SP\nTel.: (11) 5696-5033 \nwww.cmcomandos .com.br\nSistema de \nSustentabilidade A uditadoIdentifique Nossa E quipe \nUniforme P adrão \nCamisa azul   Calça azul   Crachá  \nPedro\nSuporte Técnico0000000000001Nome:\nRG:\nSetor:João P edro \nMatrícula:\n1111 25.613.810-2\nAssistência Técnica\n1.Uso... \nJOÃO PEDRO \nSuporte Técnico Supor te Técnico\nCall C enter int egrado ao sist ema de gestão ERP\nTécnicos Treinados e Qualificados\nEquipados com I nstrumentação de P onta\nAnalisador de Har mônicos\nAtendiment o 24 horas - 7 dias da semana via C ontrat os\nde M anut enção P reditiva, P reventiva e C orretiva\n  Supor te Pleno de P ré e P ós-V enda\nAmpla cober tura em t odo o paísn   \nn  \nn  \nn  \nn  \nn\nn  \nCM MK T SET 2021  -   As especificações estão sujeitas a alterações sem pr évio aviso . Nós incentivamos a r eciclagem\nAtendiment o em t odo\n o Território Nacional\ncom filiais e r epresentant es nas pr incipais \ncidades e capitais , otimizando o t empo , \ncusto e buscando a ex celência\n na pr estação de ser viços\nEscaneie e saiba mais sobr e o\n contrat o de manut enção \nOSD  N LI A NM EO AC R EMSCISO\n90012015 OSD  N LI A NM EO AC R EMSC', 'Manut enção e \nSupor te Técnico  \nNo-Breaks , Estabilizador es \ne demais S oluções  \n Serviços C O N T R A T O S  D E  M A N U T E N Ç Ã O']","A contractual approach to maintenance and technical support, as mentioned in the provided context, offers several advantages in terms of reducing equipment degradation, preventing costly corrective interventions, and extending the useful life of equipment. This is achieved through the services of trained and equipped technicians who provide 24/7 support, prioritized assistance in case of shutdowns, and an 80% reduction in corrective maintenance needs. Additionally, preventive maintenance contributes to reducing costs by increasing the lifespan of equipment due to less wear and tear.

In contrast, other reports may focus on reactive or corrective maintenance approaches, which can lead to higher costs, equipment downtime, and negative impacts. Preventive maintenance, as emphasized in the provided context, proves to be more effective in reducing degradation and ensuring the longevity of equipment.

The document also highlights the benefits of a certified sustainability system, uniformed team, and nationwide coverage, which can further enhance the overall maintenance and technical support experience.","As abordagens sobre manutenção e suporte técnico se comparam ao destacar a importância dos contratos de manutenção, que reduzem a degradação dos equipamentos e aumentam a eficácia da manutenção preventiva, podendo reduzir a necessidade de manutenções corretivas em até 80%.",0.9999999999,1.0,0.0,0.5714285714285714,0.6860364661447328,0.6666666666666666,0.69,0.7060888883792635,0.17430368373764604,0.019704433497536946,0.0,0.0,1,1,1,1,1
14,"De que maneira as abordagens sobre manutençao e suporte tecniq em diferent relatorios se comparam, espeçialmente no que diz respeito a contratos de manutençao, reduçao da degradaçao dos equipamentus e suporte tecniq 24 horas?","['Vantagens do C ontrat o de M anut enção \nAtravés do contrat o de manut enção , técnicos e gest ores de manut enção podem r eduzir a deg radação dos seus equipament os, prolongando \no tempo de vida útil e evitando int ervenções cor retivas , que geram cust os elevados e t êm impac tos negativ os.\nn   Supor te técnico por t elefone, durant e 24hs/dia\nn   Minimizar os r iscos e pr ejuíz os de t er um equipament o parado\nn   Prioridade no at endiment o no caso de uma parada \nn Redução da necessidade de manut enção cor retivas em at é 80% e \nconsequent e  redução de cust os\nn  Serviços de cor retivas , quando  inclusos no contrat o \nn Redução de cust o: equipament os com manut enção pr eventiva \nadequada sofr em menos desgast es e, por tanto \ntem sua vida útil ampliada. \nAv. Eng . Alber to de Zagottis , 760 - 04675-085 -  São P aulo - SP\nTel.: (11) 5696-5033 \nwww.cmcomandos .com.br\nSistema de \nSustentabilidade A uditadoIdentifique Nossa E quipe \nUniforme P adrão \nCamisa azul   Calça azul   Crachá  \nPedro\nSuporte Técnico0000000000001Nome:\nRG:\nSetor:João P edro \nMatrícula:\n1111 25.613.810-2\nAssistência Técnica\n1.Uso... \nJOÃO PEDRO \nSuporte Técnico Supor te Técnico\nCall C enter int egrado ao sist ema de gestão ERP\nTécnicos Treinados e Qualificados\nEquipados com I nstrumentação de P onta\nAnalisador de Har mônicos\nAtendiment o 24 horas - 7 dias da semana via C ontrat os\nde M anut enção P reditiva, P reventiva e C orretiva\n  Supor te Pleno de P ré e P ós-V enda\nAmpla cober tura em t odo o paísn   \nn  \nn  \nn  \nn  \nn\nn  \nCM MK T SET 2021  -   As especificações estão sujeitas a alterações sem pr évio aviso . Nós incentivamos a r eciclagem\nAtendiment o em t odo\n o Território Nacional\ncom filiais e r epresentant es nas pr incipais \ncidades e capitais , otimizando o t empo , \ncusto e buscando a ex celência\n na pr estação de ser viços\nEscaneie e saiba mais sobr e o\n contrat o de manut enção \nOSD  N LI A NM EO AC R EMSCISO\n90012015 OSD  N LI A NM EO AC R EMSC', 'Manut enção e \nSupor te Técnico  \nNo-Breaks , Estabilizador es \ne demais S oluções  \n Serviços C O N T R A T O S  D E  M A N U T E N Ç Ã O']","A contractual approach to maintenance and technical support, as mentioned in the context, offers several advantages in terms of reducing equipment degradation, preventing unexpected breakdowns, and providing 24/7 support. This is achieved through the continuous monitoring and proactive maintenance of equipment, which can extend its lifespan and reduce the need for costly reactive maintenance. The contract also prioritizes assistance in the event of a shutdown. The technical team is equipped with the necessary tools and training to provide this support. This approach promotes sustainability and encourages recycling. The company has a wide coverage across the country, with branches and representatives in major cities and capitals, ensuring timely and cost-effective services. The contract also covers both pre and post-sales support.","As abordagens sobre manutenção e suporte técnico se comparam ao oferecer contratos que reduzem a degradação dos equipamentos, proporcionam suporte técnico 24 horas e minimizam riscos de paradas, garantindo prioridade no atendimento.",0.9999999999,1.0,0.0,0.5625,0.6719328627136664,0.8125,0.38,0.6790294693682195,0.19143876337693222,0.02531645569620253,0.0,0.0,1,1,1,0,1
15,"De que maneira as abordagens sobre manutençao e suporte tecniq em diferent relatorios se comparam, espeçialmente no que diz respeito a contratos de manutençao, reduçao da degradaçao dos equipamentus e suporte tecniq 24 horas?","['Vantagens do C ontrat o de M anut enção \nAtravés do contrat o de manut enção , técnicos e gest ores de manut enção podem r eduzir a deg radação dos seus equipament os, prolongando \no tempo de vida útil e evitando int ervenções cor retivas , que geram cust os elevados e t êm impac tos negativ os.\nn   Supor te técnico por t elefone, durant e 24hs/dia\nn   Minimizar os r iscos e pr ejuíz os de t er um equipament o parado\nn   Prioridade no at endiment o no caso de uma parada \nn Redução da necessidade de manut enção cor retivas em at é 80% e \nconsequent e  redução de cust os\nn  Serviços de cor retivas , quando  inclusos no contrat o \nn Redução de cust o: equipament os com manut enção pr eventiva \nadequada sofr em menos desgast es e, por tanto \ntem sua vida útil ampliada. \nAv. Eng . Alber to de Zagottis , 760 - 04675-085 -  São P aulo - SP\nTel.: (11) 5696-5033 \nwww.cmcomandos .com.br\nSistema de \nSustentabilidade A uditadoIdentifique Nossa E quipe \nUniforme P adrão \nCamisa azul   Calça azul   Crachá  \nPedro\nSuporte Técnico0000000000001Nome:\nRG:\nSetor:João P edro \nMatrícula:\n1111 25.613.810-2\nAssistência Técnica\n1.Uso... \nJOÃO PEDRO \nSuporte Técnico Supor te Técnico\nCall C enter int egrado ao sist ema de gestão ERP\nTécnicos Treinados e Qualificados\nEquipados com I nstrumentação de P onta\nAnalisador de Har mônicos\nAtendiment o 24 horas - 7 dias da semana via C ontrat os\nde M anut enção P reditiva, P reventiva e C orretiva\n  Supor te Pleno de P ré e P ós-V enda\nAmpla cober tura em t odo o paísn   \nn  \nn  \nn  \nn  \nn\nn  \nCM MK T SET 2021  -   As especificações estão sujeitas a alterações sem pr évio aviso . Nós incentivamos a r eciclagem\nAtendiment o em t odo\n o Território Nacional\ncom filiais e r epresentant es nas pr incipais \ncidades e capitais , otimizando o t empo , \ncusto e buscando a ex celência\n na pr estação de ser viços\nEscaneie e saiba mais sobr e o\n contrat o de manut enção \nOSD  N LI A NM EO AC R EMSCISO\n90012015 OSD  N LI A NM EO AC R EMSC', 'Manut enção e \nSupor te Técnico  \nNo-Breaks , Estabilizador es \ne demais S oluções  \n Serviços C O N T R A T O S  D E  M A N U T E N Ç Ã O']","A contractual approach to maintenance and technical support, as mentioned in the context, offers several advantages in terms of reducing equipment degradation, preventing unexpected breakdowns, and providing 24/7 support. This is achieved through the continuous monitoring and preventive maintenance of equipment, which can extend its lifespan and reduce the need for costly corrective maintenance. The contract also includes priority attention in case of shutdowns and reduces the need for corrective interventions by 80%, leading to cost savings. The technical support team is equipped with the necessary instrumentation to provide comprehensive support, including preventive, predictive, and corrective maintenance. This approach is designed to optimize time, cost, and service excellence across the national territory.","As abordagens sobre manutenção e suporte técnico se comparam ao oferecer contratos que reduzem a degradação dos equipamentos, prolongam sua vida útil e garantem suporte técnico 24 horas, minimizando riscos de paradas e custos elevados com intervenções corretivas.",0.9999999999,1.0,0.0,0.7333333333333333,0.6719494170713395,0.9333333333333333,0.71,0.7149911399038168,0.1995133819951338,0.02564102564102564,0.0,0.0,1,1,1,1,1
16,vantagens equipamentos CM Comandos precisão confiabilidade,"['Inovação, qualidade, tecnologia\ne confiabilidade. Marcas das\nsoluções CM Comandos Lineares\nCom mais de 40 anos de atuação, a CM Comandos é hoje uma das \nmaiores fabricantes de No-Breaks da América Latina. Além disso, é líder\nabsoluta em soluções para o mercado corporativo. Certiﬁ  cada pela norma ISO-900:2015, a CM Comandos \nressalta o seu compromisso com a excelência dos seus produtos e a total satisfação dos seus clientes.A EMPRESA\nOs  No-Breaks  da  CM  Comandos  são  indicados  para aplicações de  \nmissão crítica, nas mais variadas corporações, oferecendo proteção \ncontra distúrbios de energia elétrica, tais como: cortes, micro-cortes, ruídos, distorção harmônica, picos, \ntransientes, sub e sobretensão e variação de frequência.APLICAÇÕES\nOs equipamentos da CM Comandos operam com maior precisão, agre-\ngam maior número de funções e são mais seguros. Características\nque geram alta conﬁ  abilidade e produtividade nas mais variadas aplicações, minimizam falhas e,\nconsequentemente, custos de manutenção. Em resumo, ser um cliente CM Comandos signiﬁ  ca ter o \nretorno do capital investido e garantias que só uma empresa com amplo suporte técnico pode oferecer.BENEFÍCIOS\nAo escolher a marca CM Comandos Lineares você conta com o melhor supor-\nte técnico de pré e pós-venda da empresa que se consolidou ao longo  des-\ntes 40 anos como líder de mercado. Instrumentação de ponta, proﬁ  ssionais\naltamente qualiﬁ  cados, disponibilidade de atendimento 24 horas, sete dias da semana, call \ncenter e processos certiﬁ  cados que asseguram a excelência dos nossos serviços de suporte.SUPORTE\nTÉCNICO', 'OSD  L NI A NM EA OR C EM SCISO\n90012015\nInovação , qualidade , tecnolo gia\ne confiabilidade . Marcas das\nsoluções CM C omandos Linear es\nCom mais de 40 anos de atuação , a CM Comandos é hoje uma das \nmaior es fabricant es de No-Breaks da Amér ica Latina. Além disso , é líder\nabsoluta em soluções para o mercado corporativ o. Certificada pela norma ISO-900:2015, a CM Comandos \nressalta o seu compr omisso com a excelência dos seus produt os e a total satisfação dos seus client es.A EMPRESA\nOs    No-Breaks   da   CM     Comandos  são  indicados   para    aplicações \nde  missã o crítica, nas mais variadas corporações , oferecendo proteção \ncontra distúr bios de ener gia elétr ica, tais como: cortes, micr o-cortes, ruídos , distorção harmônica, picos , \ntransient es, sub e sobr etensão e var iação de fr equência.APLICAÇÕES\nOs equipament os da CM Comandos operam com maior precisão , agre-\ngam maior númer o de funções e são mais segur os. Carac terísticas\nque geram alta confiabilidade e produtividade nas mais variadas aplicações , minimizam falhas e,\nconsequent ement e, cust os de manut enção . Em resumo , ser um client e CM Comandos significa ter o \nretorno do capital investido e garantias que só uma empr esa com amplo supor te técnico pode oferecer .BENEFÍCIOS\nAo escolher a marca CM Comandos Linear es você conta com o melhor supor -\nte técnico de pré e pós- venda da empr esa que se consolidou ao longo  des-\ntes 40 anos como líder de mercado . Instrumentação de ponta, profissionais\naltament e qualificados , disponibilidade de atendiment o 24 horas , sete dias da semana, call \ncent er e processos certificados que asseguram a excelência dos nossos serviços de supor te.SUPORTE\nTÉCNIC O']","The equipment from CM Comandos offers several advantages, including high precision and reliability. These attributes enable the devices to operate with greater accuracy, incorporate more functions, and ensure safer performance. Such characteristics are crucial for mission-critical applications, where protection against various electrical disturbances is essential. By choosing CM Comandos Lineares, customers benefit from top-notch pre and post-sales support, ensuring the longevity and efficiency of their investments.","As vantagens dos equipamentos da CM Comandos incluem maior precisão, confiabilidade e produtividade, minimizando falhas e custos de manutenção.",0.99999999995,1.0,0.9999999900000002,0.6,0.8102526045814767,1.0,0.47,0.7485712615532991,0.18042226487523993,0.044444444444444446,0.0,0.0,1,0,1,0,1
17,Quais sã as vantagens de utilizr a ligacão de No Braks com potências diferntes para a somatóri de potênci?,"['SISTEMA PARALELO MULTI ATIVO (EXCLUSIVO CM COMANDOS)\nA CM Comandos Lineares desenvolveu um sistema inovador e pioneiro no mundo de paralelismo entre no-breaks. O sistema \nParalelo Multi Ativo permite a expansão do sistema, de acordo com sua demanda de consumo, podendo paralelar quantas \nunidades forem necessárias para atender sua demanda, elevando a capacidade do sistema e a confiabilidade de sua aplicação.\nPOSSIBILIDADE DE SOMATÓRIA DE  POTÊNCIAS\nPermite a ligação para somatória de potência, utilizando dois ou mais \nNo-Breaks para atingir a demanda da carga total.\nQuando utilizado para somatória de potência, possibilita a ligação de \nNo-Breaks com potências diferentes. Quando a ligação for feita com \nNo-Breaks de potências diferentes, a carga será distribuída \nproporcionalmente. Permite a ligação em paralelo redundante N + 1,  N + 2, N + 3 … N+X,  \npossibilitando o desligamento de uma ou mais unidades, mantendo a \ncarga ativa.\nA comunicação entre os No-Breaks consiste no barramento de \ncomunicação comum, por onde transitam informações \ncontendo nível de carga, sincronismo e a condição do by pass.COMUNICAÇÃO ENTRE OS NO-BREAKSTodos os No-Breaks são autônomos, operam de forma \nindependente no sistema e possuem controle individual.NÃO EXISTE NO-BREAK MESTRE OU ESCRAVOPodem ser paraleladas quantas unidades forem necessárias, \npossibilitando expansão do sistema, de acordo com a demanda \nde consumo.QUANTIDADE ILIMITADA PARA PARALELISMO\nPARALELISMO DO BANCO DE BATERIAS\nPermite paralelismo dos bancos de baterias (quando forem de \nmesma tensão nominal).MANUTENÇÃO DO NO-BREAK\nPermite a inserção ou retirada de um No-Break no sistema, sem a \nnecessidade de parada.INTERFACES  DE  SHUTDOWN  E GERENCIAMENTO  REMOTO\nRede Elétric a\nde Entr ada\nSaídaNo-break 1\n Potência \nde 60 kV ANo-break 2\nPotência de \n100 kV ANo-break 3\nPotência de \n20 kV A\nCarga fornecida pelo sistema = 410 kV ANo-break 4\nPotência de \n30 kV ANo-break 5\nPotência de \n80 kV ANo-break 6\nPotência de \n120 kV ARede L ocal Ether netA   Inter face de Ger enciamento \n     \nC  Inter face Shutdown \n     Client \n     LANB  Inter face Shutdown \n     D   Inter face de Ger enciamento Remoto \n  \nE  Adaptador SNMP\n     \nF  Client Shutdown\nG Estação Remota\n    Sof tware com \n    conexão à I nter netMultisser vidor es\nMultiplataf ormas\nMulti-S.O .Porta M icroprocessada DB9\nPorta Contato Seco DB9\nRede Ethernet RJ45', 'S I S T E M A PA R A L E L O M U LT I AT I V O ( E X C L U S I V O C M C O M A N D O S )\nA CM Comandos Lineares desenvolveu um sistema inovador e pioneiro no mundo de paralelismo entre No Breaks. O sistema Paralelo \nMulti Ativo permite a expansão do sistema, de acordo com sua demanda de consumo, podendo paralelar quantas unidades forem \nnecessárias para atender sua demanda, elevando a capacidade do sistema e a confiabilidade de sua aplicação.\nP O S S I B I L I D A D E D E S O M A T Ó R I A D E  P O T Ê N C I A S\nPermite a ligação para somatória de potência, utilizando dois ou mais No \nBreaks para atingir a demanda da carga total.\nQuando utilizado para somatória de potência, possibilita a ligação de \nNo Breaks com potências diferentes. Quando a ligação for feita com No \nBreaks de potências diferentes, a carga será distribuída \nproporcionalmente. Permite a ligação em paralelo redundante N + 1,  N + 2, N + 3 … N+X,  \npossibilitando o desligamento de uma ou mais unidades mantendo a \ncarga ativa.L I G A Ç Ã O E M P A R A L E L O R E D U N D A N T E\nA comunicação entre os No Breaks consiste no barramento de \ncomunicação comum, por onde transitam informações contendo \nnível de carga, sincronismo e a condição do by pass.C O M U N I C A Ç Ã O E N T R E O S N O B R E A K STodos os No Breaks são autônomos, operam de forma \nindependente no sistema e possuem controle individual.N Ã O E X I S T E N O B R E A K M E S T R E O U E S C R A V OPodem ser paraleladas quantas unidades forem necessárias, \npossibilitando expansão do sistema, de acordo com a demanda de \nconsumo.Q U A N T I D A D E I L I M I T A D A P A R A P A R A L E L I S M O\nM A N U T E N Ç Ã O D O N O B R E A K\nPermite a inserção ou retirada de um No Break no sistema, sem a \nnecessidade de parada.Rede Elétrica\nde Entrada\nSaídaNo Break 1\n Potência de \n30 kVANo Break 2\nPotência de \n10 kVANo Break 3\nPotência de \n20 kVA\nCarga fornecida pelo sistema = 150 kVANo Break 4\nPotência de \n30 kVANo Break 5\nPotência de \n20 kVANo Break 6\nPotência de \n40 kVA\nINTERFACES DE \nGERENCIAMENTO   \nREMOTO\nSão compostas por diversas ferramentas. O \nAdaptador SNMP NetMate permite\ngerenciar remotamente o No Break via a \nInternet através de um web browser,\nmonitorar o status e enviar alertas por e-mail. \nO software IP Power é uma ferramenta de \ngerenciamento  Windows Application e a \nversão Client é específica para  automatizar o \nshutdown de servidores, podendo desligar \nautomática e simultaneamente vários\ns e r v i d o r e s  e  e s t a ç õ e s .\nO Adaptador ArmModbus permite integrar \no  N o  B r e a k ,  v i a  u m a  p o r t a\nRS485, a Sistemas de Automação Predial.']","Utilizing No-Breaks with different power ratings for power summation offers several advantages. First, it allows for the connection of No-Breaks with varying capacities, providing flexibility in system design. Second, when connecting No-Breaks with different power ratings, the load is distributed proportionally, ensuring optimal use of resources. Lastly, this configuration supports redundant parallel operation (N+1, N+2, N+3...N+X), allowing for the seamless removal or failure of one or more units while maintaining an active load.",As vantagens de utilizar a ligação de No Breaks com potências diferentes para a somatória de potência incluem a possibilidade de atingir a demanda da carga total e a distribuição proporcional da carga entre os No Breaks conectados.,0.99999999995,1.0,0.0,0.42857142857142855,0.6644803072520004,0.5714285714285714,0.67,0.7235671231828485,0.2276119402985075,0.06451612903225806,0.0,0.0,0,1,1,1,1
18,Quais são os benefícios da tecnologia DSP em relação à alta performance e confiabilidade dos no-breaks corporativos?,"['Alta Tecnologia em\nProcessamento Digital\nde Sinais - DSP\nO S M A I S M O D E R N O S\nN O B R E A K S C O R P O R AT I V O SVivemos em um mundo cada vez mais ágil e prático. Um mundo conectado por processadores, chips, softwares e \nperiféricos. Mas isso ainda não é o bastante. Por isso, o mundo caminha para tecnologias de processamento imediato \nde dados. A CM Comandos Lineares está um passo à frente e oferece aos seus clientes produtos dotados de uma \ntecnologia revolucionária, denominada Processamento Digital de Sinais -- DSP .\nToda a linha de No Breaks Innovation S1 Trifásico  \nTransformerless conta com a tecnologia DS P.   \nCaracterística que proporciona alta performance e \nconfiabilidade, tornando-os ideais para aplicações de missão crítica. Ou seja, protegem as aplicações nas quais a \ncontinuidade da operação é de fundamental importância.\ndos equipamentos pode ser atualizado, \nacrescentando novas funções em \nunidades já instaladas. Hoje, esta tecnologia está presente nos mais sofisticados sistemas eletrônicos, devido à sua alta velocidade e \nconfiabilidade. Processadores Digitais de Sinais são capazes de processar dez milhões de amostragens por segundo. \nIsso significa processamento em tempo real -- o sinal é processado no mesmo instante em que é recebido, sem \nretardos ou atrasos.\nProjetados com o uso intenso dos recursos da tecnologia DSP ,  os No Breaks Innovation Trifásico Transformerless  \nagregam novos  e avançados recursos, que estabelecem um novo conceito em desenvolvimento, no qual o firmware \nAo pensar em adquirir No Breaks,     \nconte com as soluções da\nCM Comandos, que asseguram \ntecnologia de ponta, máxima proteção, \nprecisão digital e processamento        \nem tempo real.', 'Alta Tecnolog ia em\nProcessament o Dig ital\nde Sinais - DSP\nOS MAIS MODERNOS\nNO-BREAKS CORPORATIVOSVivemos em um mundo cada v ez mais ág il e prático . Um mundo conec tado por pr ocessador es, chips , softwares e \nperiféricos. Mas isso ainda não é o bastant e. Por isso , o mundo caminha para t ecnolog ias de pr ocessament o imediat o \nde dados . A CM C omandos Linear es está um passo à fr ente e of erece aos seus client es pr odut os dotados de uma \ntecnolog ia revolucionár ia, denominada P rocessament o Dig ital de Sinais - - DSP .\nToda a linha de No -Breaks  \nconta com a t ecnolog ia DSP .  Carac terística que \npropor ciona alta per formance e confiabilidade , Conception Multi Ativ o \npara aplicações de missão cr ítica. Ou seja, pr otegem as aplicações nas quais a continuidade da operação é de \nfundamental impor tância.\nequipament os pode ser atualizado , \nacrescentando novas funções em \nunidades já instaladas . Hoje , esta t ecnolog ia está pr esent e nos mais sofisticados sist emas eletr ônicos , devido à sua alta v elocidade e \nconfiabilidade . Processador es Dig itais de Sinais são capaz es de pr ocessar dez milhões de amostragens por segundo . \nIsso sig nifica pr ocessament o em t empo r eal -- o sinal é pr ocessado no mesmo instant e em que é r ecebido , sem \nretardos ou atrasos .\nProjetados com o uso int enso dos r ecursos da t ecnolog ia DSP ,  os No -Breaks C onception Multi Ativ o  ag regam nov os  \ne avançados r ecursos , que estabelecem um nov o conceit o em desen volviment o, no qual o fir mware dos \nAdquir indo No -Breaks , cont e com as \nsoluções da CM C omandos , que \nasseguram t ecnolog ia de ponta, \nmáxima pr oteção , precisão dig ital e \nprocessament o em t empo r eal.  Modelo 300kV A']","No-breaks incorporating DSP technology offer high performance and reliability, making them ideal for mission-critical applications. This is achieved through quick processing of large amounts of data in real-time, with the ability to handle up to ten million samples per second. This swift processing eliminates delays and ensures continuous operation, which is crucial for maintaining system functionality without interruptions. Furthermore, DSP technology allows for updating equipment features and adding new functions to existing units, enhancing their overall sophistication and effectiveness.",Os benefícios da tecnologia DSP em relação à alta performance e confiabilidade dos no-breaks corporativos incluem a capacidade de proporcionar alta performance e confiabilidade.,0.99999999995,1.0,0.49999999875,,0.8694713127021175,0.9,0.2,0.7387597022678257,0.19262981574539362,0.05555555555555555,0.0,0.0,0,0,1,1,1
19,Quais são as dimensões físicas e a potência dos modelos mencionados nas certificações técnicas?,"['• Grau de Proteção: IP-20\nCaracterísticas Físicas e Mecânicas \nn Dimensões Compactas\nn Display LCD - cristal líquido retro-iluminado\nn Estrutura do Gabinete:\n  • Rack: metálico\n  • Acabamento: pintura epóxi-pó na cor graﬁ  te\ncom tratamento térmico e anti-corrosivo\n  • Ventilação: forçada, com controle digital de\nvelocidade pelo DSP  \n  • Porta de Comunicação:\n    » Serial RS232C IsoladaInterfaces de Gerenciamento\nn Mono e multi-usuário, client-server e\nmultiservidores \nn Ferramentas de Shutdown e Gerenciamento\nn  Protocolos:\n    • Serial Rs232\n    • Serial Rs485*\n    • Modbus*\n    • SNMP / Telnet / http / TCP/IP*\nn Softwares de Gerenciamento*\n    • Adaptador SNMP* V1, V2, V3.\nn Ambientes e Sistemas Operacionais\n   • Windows 10  \n   • Linux\n(Marcas dos respectivos fabricantes)\nCM MKT  JAN 24 - *As especiﬁ  cações  técnicas estão sujeitas a alterações sem aviso prévio e conforme necessidades de projetos customizados.                 Nós incentivamos a reciclagem.\nCM MKT  JAN 24 - *As especiﬁ  cações  técnicas estão sujeitas a alterações sem aviso prévio e conforme necessidades de projetos customizados.                 Nós incentivamos a reciclagem.\nAv. Eng. Alberto de Zagottis , 760 - 04675-085 - São Paulo - SP\nTel.:(11) 5696-5000\nwww.cmcomandos.com.brSistema de \nSustentabilidade AuditadaModelo Peso\n (sem baterias)\nkg Dimensões Físicas \nlarg x alt x prof \nmm Potência \nkVA\n 25000      25,0         436 x 85 x 677           18Módulo No-Break 25 kW - 380/400/415V\nModelo Peso\n (sem baterias)\nkg Dimensões Físicas \nlarg x alt x prof \nmm Potência \nkVA\n 150000   150,0       482 x 931 x 916        150Gabinete para Módulo 25kW - 380/400/415V\nModelo Peso\n (sem baterias)\nkg Dimensões Físicas \nlarg x alt x prof \nmm Potência \nkVA\n 50000      50,0        510 x 178 x 700         45Módulo No-Break 50 kW - 380/400/415V\nModelo Peso\n (sem baterias)\nkg Dimensões Físicas \nlarg x alt x prof \nmm Potência \nkVA\n 100000   100,0      600 x 1150 x 980      120Gabinete para Módulo 50kW - 380/400/415V\n 200000   200,0      650 x 1600 x 960      170\n 300000   300,0      650 x 2000 x 970      220\n 500000   500,0    1300 x 2000 x 1100    450Modelo Peso\n (sem baterias)\nkg Dimensões Físicas \nlarg x alt x prof \nmm Potência \nkVA\n 30000      30,0        510 x 178 x 700         45Módulo No-Break 30 kW - 200/208/220V\nModelo Peso\n (sem baterias)\nkg Dimensões Físicas \nlarg x alt x prof \nmm Potência \nkVA\n  60000    100,0      600 x 1150 x 980      120Gabinete para Módulo 30 kW - 200/208/220V\n 120000   120,0      650 x 1600 x 960      170\n 180000   180,0      650 x 2000 x 970      220\n 300000   300,0    1300 x 2000 x 1100    450DIMENSÕES FÍSICAS', '000m\nTipo de Ambiente Recomendado:\n• Interno, instalação abrigada\n• Atmosfera: limpa, livre de partículas condutivas, \ngases tóxicos, líquidos e inflamáveis.\nGrau de Proteção: IP-20 Umidade Relativa:\n• 0% a 95% sem condensação\n• Recomendada: 45% a 55%Potência\nkVAModelo Tensão\nVDimensões Físicas\nalt x larg x prof \nmmPeso (sem \nbateria)\nkgModelos sem  baterias   \n10000     10,0   680 X 415 X 835      80  220/ 380       \n15000     15,0 680 X 415 X 835      80 220/380       \n20000    20,0     830 X 415 X 940      95 220           \n20000    20,0     680 X 415 X 835      80 380\n30000    30,0     830 X 415 X 940      95     220/380\n40000     40,0   830 X 415 X 940      95  380   10000     10,0       680 X 415 X 835     178 380      \n15000     15,0         680 X 415 X 835     196 380      \n20000    20,0     680 X 415 X 835     196            380Modelo Tensão\nVPotência\nkVADimensões Físicas\nalt x larg x prof \nmmPeso (com \nbateria)\nkgModelos com baterias internas 10000     10,0       680 X 415 X 835     138 220          \n15000     15,0         680 X 415 X 835     196 220       \n20000    20,0     830 X 415 X 940     196 220       \n30000      30,0     830 X 415 X 940     253           220      Modelo Tensão\nVPotência\nkVADimensões Físicas\nalt x larg x prof \nmmPeso (com \nbateria)\nkgModelos com baterias internas']","The physical dimensions and power of the models mentioned in the technical certifications are as follows:

1. Model 10000 (without battery): 680 x 415 x 835 mm, 10 kVA
2. Model 15000 (without battery): 680 x 415 x 835 mm, 15 kVA
3. Model 20000 (without battery, 220V): 830 x 415 x 940 mm, 20 kVA
4. Model 20000 (without battery, 380V): 680 x 415 x 835 mm, 20 kVA
5. Model 30000 (without battery): 830 x 415 x 940 mm, 30 kVA
6. Model 40000 (without battery): 830 x 415 x 940 mm, 40 kVA
7. Model 10000 (with battery): 680 x 415 x 835 mm, 10 kVA
8. Model 15000 (with battery): 680 x 415 x 835 mm, 15 kVA
9. Model 20000 (with battery): 830 x 415 x 940 mm, 20 kVA
10. Model 30000 (with battery): 830 x 415 x 940 mm, 30 kVA

Additionally, there are other models mentioned in the second context, but their power and dimensions are not specified.","As dimensões físicas e a potência dos modelos mencionados nas certificações técnicas variam conforme o modelo, com dimensões que vão de 900 x 480 x 980 mm a 2010 x 2050 x 1000 mm e potências que vão de 5,0 kVA a 300,0 kVA.",0.99999999995,0.0,0.0,0.5,0.9725250223734857,0.5,0.14,0.7059159248004658,0.1587112171837709,0.09049773755656108,0.0,0.0,0,0,1,0,1
20,De que maneira os equipamentos da CM Comandos minimizam falhas e quais são os benefícios disso para os clientes?,"['Inovação, qualidade, tecnologia\ne confiabilidade. Marcas das\nsoluções CM Comandos Lineares\nCom mais de 40 anos de atuação, a CM Comandos é hoje uma das \nmaiores fabricantes de No-Breaks da América Latina. Além disso, é líder\nabsoluta em soluções para o mercado corporativo. Certiﬁ  cada pela norma ISO-900:2015, a CM Comandos \nressalta o seu compromisso com a excelência dos seus produtos e a total satisfação dos seus clientes.A EMPRESA\nOs  No-Breaks  da  CM  Comandos  são  indicados  para aplicações de  \nmissão crítica, nas mais variadas corporações, oferecendo proteção \ncontra distúrbios de energia elétrica, tais como: cortes, micro-cortes, ruídos, distorção harmônica, picos, \ntransientes, sub e sobretensão e variação de frequência.APLICAÇÕES\nOs equipamentos da CM Comandos operam com maior precisão, agre-\ngam maior número de funções e são mais seguros. Características\nque geram alta conﬁ  abilidade e produtividade nas mais variadas aplicações, minimizam falhas e,\nconsequentemente, custos de manutenção. Em resumo, ser um cliente CM Comandos signiﬁ  ca ter o \nretorno do capital investido e garantias que só uma empresa com amplo suporte técnico pode oferecer.BENEFÍCIOS\nAo escolher a marca CM Comandos Lineares você conta com o melhor supor-\nte técnico de pré e pós-venda da empresa que se consolidou ao longo  des-\ntes 40 anos como líder de mercado. Instrumentação de ponta, proﬁ  ssionais\naltamente qualiﬁ  cados, disponibilidade de atendimento 24 horas, sete dias da semana, call \ncenter e processos certiﬁ  cados que asseguram a excelência dos nossos serviços de suporte.SUPORTE\nTÉCNICO', 'A E M P R E S ACom mais de 35 anos de atuação, a CM Comandos é hoje \numa das maiores fabricantes de No-Breaks da América \nLatina. \nAlém disso, é líder absoluta em soluções para o mercado corporativo. Certificada pela \nnorma ISO-9001:2015, a CM Comandos ressalta o seu compromisso com a excelência \ndos seus produtos e a total satisfação dos seus clientes.Inovação, qualidade, tecnologia\ne confiabilidade. Marcas das\nsoluções CM Comandos Lineares\nA P L I C A Ç Õ E SOs No Breaks  da CM Comandos Lineares são indicados para aplicações \nde missão crítica, nas mais variadas corporações, oferecendo proteção \ncontra distúrbios de energia elétrica, tais como: cortes, micro cortes, ruídos, distorção harmônica, \npicos, transientes, sub e sobre tensão e variações de frequência.\nS U P O R T E\nT É C N I C OAo  escolher  a marca  CM Comandos  Lineares  você  conta com o melhor \nsuporte  técnico  de pré e pós-venda da empresa que se consolidou ao longo \ndestes 36  anos como  líder  de  mercado.\nInstrumentação de ponta, profissionais altamente qualificados, com cobertura nacional e \ndisponibilidade de atendimento 24 horas, sete dias por semana, call center e processos certificados \nque asseguram a excelência dos  nossos serviços  de  suporte.B E N E F Í C I O SOs equipamentos da CM Comandos operam com maior precisão, \nagregam maior número de funções e são os mais seguros. \nCaracterísticas que geram alta confiabilidade e produtividade nas mais variadas aplicações, \nminimizam falhas e, consequentemente,  custos de manutenção. Em resumo,  ser um cliente da \nCM Comandos significa ter o retorno do capital investido e garantias que  só uma empresa com \namplo suporte técnico pode oferecer.\nCM COMANDOS LINEARES\nOSD L NI A NM EA OR CEM SCISO\n9001\n2015']","The equipment manufactured by CM Comandos minimizes failures through increased precision, addition of more functions, and enhanced safety features. These characteristics lead to higher reliability and productivity in various applications, thereby reducing maintenance costs. As a result, being a CM Comandos customer means benefiting from a guaranteed return on investment and assurance of high-quality service backed by robust technical support.","Os equipamentos da CM Comandos minimizam falhas operando com maior precisão e agregando um maior número de funções, o que resulta em alta confiabilidade e produtividade, além de reduzir custos de manutenção para os clientes.",0.99999999995,1.0,0.9999999900000002,0.3,0.7296275505678991,0.8,0.71,0.8209193178204162,0.2982062780269058,0.03960396039603961,0.0,0.0,0,0,1,1,1
21,Quais são os principais fatores que contribuíram para a CM Comandos se tornar líder em soluções corporativas?,"['Inovação, qualidade, tecnologia\ne confiabilidade. Marcas das\nsoluções CM Comandos Lineares\nCom mais de 40 anos de atuação, a CM Comandos é hoje uma das \nmaiores fabricantes de No-Breaks da América Latina. Além disso, é líder\nabsoluta em soluções para o mercado corporativo. Certiﬁ  cada pela norma ISO-900:2015, a CM Comandos \nressalta o seu compromisso com a excelência dos seus produtos e a total satisfação dos seus clientes.A EMPRESA\nOs  No-Breaks  da  CM  Comandos  são  indicados  para aplicações de  \nmissão crítica, nas mais variadas corporações, oferecendo proteção \ncontra distúrbios de energia elétrica, tais como: cortes, micro-cortes, ruídos, distorção harmônica, picos, \ntransientes, sub e sobretensão e variação de frequência.APLICAÇÕES\nOs equipamentos da CM Comandos operam com maior precisão, agre-\ngam maior número de funções e são mais seguros. Características\nque geram alta conﬁ  abilidade e produtividade nas mais variadas aplicações, minimizam falhas e,\nconsequentemente, custos de manutenção. Em resumo, ser um cliente CM Comandos signiﬁ  ca ter o \nretorno do capital investido e garantias que só uma empresa com amplo suporte técnico pode oferecer.BENEFÍCIOS\nAo escolher a marca CM Comandos Lineares você conta com o melhor supor-\nte técnico de pré e pós-venda da empresa que se consolidou ao longo  des-\ntes 40 anos como líder de mercado. Instrumentação de ponta, proﬁ  ssionais\naltamente qualiﬁ  cados, disponibilidade de atendimento 24 horas, sete dias da semana, call \ncenter e processos certiﬁ  cados que asseguram a excelência dos nossos serviços de suporte.SUPORTE\nTÉCNICO', 'A E M P R E S ACom mais de 35 anos de atuação, a CM Comandos é hoje \numa das maiores fabricantes de No-Breaks da América \nLatina. \nAlém disso, é líder absoluta em soluções para o mercado corporativo. Certificada pela \nnorma ISO-9001:2015, a CM Comandos ressalta o seu compromisso com a excelência \ndos seus produtos e a total satisfação dos seus clientes.Inovação, qualidade, tecnologia\ne confiabilidade. Marcas das\nsoluções CM Comandos Lineares\nA P L I C A Ç Õ E SOs No Breaks  da CM Comandos Lineares são indicados para aplicações \nde missão crítica, nas mais variadas corporações, oferecendo proteção \ncontra distúrbios de energia elétrica, tais como: cortes, micro cortes, ruídos, distorção harmônica, \npicos, transientes, sub e sobre tensão e variações de frequência.\nS U P O R T E\nT É C N I C OAo  escolher  a marca  CM Comandos  Lineares  você  conta com o melhor \nsuporte  técnico  de pré e pós-venda da empresa que se consolidou ao longo \ndestes 36  anos como  líder  de  mercado.\nInstrumentação de ponta, profissionais altamente qualificados, com cobertura nacional e \ndisponibilidade de atendimento 24 horas, sete dias por semana, call center e processos certificados \nque asseguram a excelência dos  nossos serviços  de  suporte.B E N E F Í C I O SOs equipamentos da CM Comandos operam com maior precisão, \nagregam maior número de funções e são os mais seguros. \nCaracterísticas que geram alta confiabilidade e produtividade nas mais variadas aplicações, \nminimizam falhas e, consequentemente,  custos de manutenção. Em resumo,  ser um cliente da \nCM Comandos significa ter o retorno do capital investido e garantias que  só uma empresa com \namplo suporte técnico pode oferecer.\nCM COMANDOS LINEARES\nOSD L NI A NM EA OR CEM SCISO\n9001\n2015']","The company's commitment to innovation, quality, technology, and reliability has been instrumental in making CM Comandos a leader in corporate solutions. Their wide range of Uninterruptible Power Supply (UPS) systems, designed for mission-critical applications, offer protection against various electrical disturbances. These solutions are backed by excellent pre and post-sales support, ensuring customer satisfaction. The company's adherence to ISO standards, such as ISO-9001:2015, further highlights their dedication to product excellence and customer satisfaction. Additionally, their products offer precision, increased functionality, and enhanced safety, leading to higher reliability and reduced maintenance costs.","Os principais fatores que contribuíram para a CM Comandos se tornar líder em soluções corporativas incluem mais de 38 anos de atuação, certificação pela norma ISO-9001:2015, compromisso com a preservação do meio ambiente, excelência dos produtos e total satisfação dos clientes.",0.99999999995,0.5,0.49999999875,0.7142857142857143,0.945007343524527,1.0,0.2,0.7193785641099535,0.23684210526315785,0.08163265306122448,0.0,0.0,0,0,1,1,1
22,Quais são as ferramentas e protocolos utilizados no gerenciamento de No-Break?,"['S I S T E M A PA R A L E L O M U LT I AT I V O ( E X C L U S I V O C M C O M A N D O S )\nA CM Comandos Lineares desenvolveu um sistema inovador e pioneiro no mundo de paralelismo entre No Breaks. O sistema Paralelo \nMulti Ativo permite a expansão do sistema, de acordo com sua demanda de consumo, podendo paralelar quantas unidades forem \nnecessárias para atender sua demanda, elevando a capacidade do sistema e a confiabilidade de sua aplicação.\nP O S S I B I L I D A D E D E S O M A T Ó R I A D E  P O T Ê N C I A S\nPermite a ligação para somatória de potência, utilizando dois ou mais No \nBreaks para atingir a demanda da carga total.\nQuando utilizado para somatória de potência, possibilita a ligação de \nNo Breaks com potências diferentes. Quando a ligação for feita com No \nBreaks de potências diferentes, a carga será distribuída \nproporcionalmente. Permite a ligação em paralelo redundante N + 1,  N + 2, N + 3 … N+X,  \npossibilitando o desligamento de uma ou mais unidades mantendo a \ncarga ativa.L I G A Ç Ã O E M P A R A L E L O R E D U N D A N T E\nA comunicação entre os No Breaks consiste no barramento de \ncomunicação comum, por onde transitam informações contendo \nnível de carga, sincronismo e a condição do by pass.C O M U N I C A Ç Ã O E N T R E O S N O B R E A K STodos os No Breaks são autônomos, operam de forma \nindependente no sistema e possuem controle individual.N Ã O E X I S T E N O B R E A K M E S T R E O U E S C R A V OPodem ser paraleladas quantas unidades forem necessárias, \npossibilitando expansão do sistema, de acordo com a demanda de \nconsumo.Q U A N T I D A D E I L I M I T A D A P A R A P A R A L E L I S M O\nM A N U T E N Ç Ã O D O N O B R E A K\nPermite a inserção ou retirada de um No Break no sistema, sem a \nnecessidade de parada.Rede Elétrica\nde Entrada\nSaídaNo Break 1\n Potência de \n30 kVANo Break 2\nPotência de \n10 kVANo Break 3\nPotência de \n20 kVA\nCarga fornecida pelo sistema = 150 kVANo Break 4\nPotência de \n30 kVANo Break 5\nPotência de \n20 kVANo Break 6\nPotência de \n40 kVA\nINTERFACES DE \nGERENCIAMENTO   \nREMOTO\nSão compostas por diversas ferramentas. O \nAdaptador SNMP NetMate permite\ngerenciar remotamente o No Break via a \nInternet através de um web browser,\nmonitorar o status e enviar alertas por e-mail. \nO software IP Power é uma ferramenta de \ngerenciamento  Windows Application e a \nversão Client é específica para  automatizar o \nshutdown de servidores, podendo desligar \nautomática e simultaneamente vários\ns e r v i d o r e s  e  e s t a ç õ e s .\nO Adaptador ArmModbus permite integrar \no  N o  B r e a k ,  v i a  u m a  p o r t a\nRS485, a Sistemas de Automação Predial.', 'SISTEMA PARALELO MULTI ATIVO (EXCLUSIVO CM COMANDOS)\nA CM Comandos Lineares desenvolveu um sistema inovador e pioneiro no mundo de paralelismo entre no-breaks. O sistema \nParalelo Multi Ativo permite a expansão do sistema, de acordo com sua demanda de consumo, podendo paralelar quantas \nunidades forem necessárias para atender sua demanda, elevando a capacidade do sistema e a confiabilidade de sua aplicação.\nPOSSIBILIDADE DE SOMATÓRIA DE  POTÊNCIAS\nPermite a ligação para somatória de potência, utilizando dois ou mais \nNo-Breaks para atingir a demanda da carga total.\nQuando utilizado para somatória de potência, possibilita a ligação de \nNo-Breaks com potências diferentes. Quando a ligação for feita com \nNo-Breaks de potências diferentes, a carga será distribuída \nproporcionalmente. Permite a ligação em paralelo redundante N + 1,  N + 2, N + 3 … N+X,  \npossibilitando o desligamento de uma ou mais unidades, mantendo a \ncarga ativa.\nA comunicação entre os No-Breaks consiste no barramento de \ncomunicação comum, por onde transitam informações \ncontendo nível de carga, sincronismo e a condição do by pass.COMUNICAÇÃO ENTRE OS NO-BREAKSTodos os No-Breaks são autônomos, operam de forma \nindependente no sistema e possuem controle individual.NÃO EXISTE NO-BREAK MESTRE OU ESCRAVOPodem ser paraleladas quantas unidades forem necessárias, \npossibilitando expansão do sistema, de acordo com a demanda \nde consumo.QUANTIDADE ILIMITADA PARA PARALELISMO\nPARALELISMO DO BANCO DE BATERIAS\nPermite paralelismo dos bancos de baterias (quando forem de \nmesma tensão nominal).MANUTENÇÃO DO NO-BREAK\nPermite a inserção ou retirada de um No-Break no sistema, sem a \nnecessidade de parada.INTERFACES  DE  SHUTDOWN  E GERENCIAMENTO  REMOTO\nRede Elétric a\nde Entr ada\nSaídaNo-break 1\n Potência \nde 60 kV ANo-break 2\nPotência de \n100 kV ANo-break 3\nPotência de \n20 kV A\nCarga fornecida pelo sistema = 410 kV ANo-break 4\nPotência de \n30 kV ANo-break 5\nPotência de \n80 kV ANo-break 6\nPotência de \n120 kV ARede L ocal Ether netA   Inter face de Ger enciamento \n     \nC  Inter face Shutdown \n     Client \n     LANB  Inter face Shutdown \n     D   Inter face de Ger enciamento Remoto \n  \nE  Adaptador SNMP\n     \nF  Client Shutdown\nG Estação Remota\n    Sof tware com \n    conexão à I nter netMultisser vidor es\nMultiplataf ormas\nMulti-S.O .Porta M icroprocessada DB9\nPorta Contato Seco DB9\nRede Ethernet RJ45']","The system known as Parallel Multi Active, developed by CM Comandos Lineares, allows for the expansion of the system according to its consumption demand. This is achieved by paralleling the necessary units to meet the demand, which increases the system's capacity and reliability. The system also enables the summation of powers, allowing the connection of two or more No-Breaks to reach the total load demand. Furthermore, it supports the parallel connection of No-Breaks with different powers, distributing the load proportionally.

In terms of remote management, the system utilizes the SNMP NetMate adapter, which permits the remote management of the No-Break via the internet through a web browser. It also supports monitoring the status and sending email alerts. Additionally, the IP Power software, a Windows Application, is used for managing and automating the shutdown of servers. This software can simultaneously and automatically shut down multiple servers and workstations.

Moreover, the No-Breaks can be integrated with Building Automation Systems using the ArmModbus adapter via an RS485 port. The communication between No-Breaks is facilitated through a common communication bus, which transmits information about the load level, synchronism, and bypass condition.

In conclusion, the system offers various tools and protocols for remote No-Break management, including SNMP NetMate, IP Power software, and ArmModbus adapter, among others.","As ferramentas e protocolos utilizados no gerenciamento de No-Break incluem: ferramentas de shutdown e gerenciamento, protocolos como Serial RS232, Serial RS485, SNMP, Telnet, http e TCP/IP, além de softwares como IP Power e IP Power SE, e adaptadores como SNMP NetMate e ArmModbus RS485.",0.99999999995,0.0,0.0,0.9473684210526315,0.38433362579557473,1.0,0.1,0.6818560715701903,0.1437414030261348,0.07547169811320754,0.0,0.0,0,0,1,1,0
23,Quais são as características que tornam a CM Comandos líder em soluções para o mercado corporativo?,"['Inovação, qualidade, tecnologia\ne confiabilidade. Marcas das\nsoluções CM Comandos Lineares\nCom mais de 40 anos de atuação, a CM Comandos é hoje uma das \nmaiores fabricantes de No-Breaks da América Latina. Além disso, é líder\nabsoluta em soluções para o mercado corporativo. Certiﬁ  cada pela norma ISO-900:2015, a CM Comandos \nressalta o seu compromisso com a excelência dos seus produtos e a total satisfação dos seus clientes.A EMPRESA\nOs  No-Breaks  da  CM  Comandos  são  indicados  para aplicações de  \nmissão crítica, nas mais variadas corporações, oferecendo proteção \ncontra distúrbios de energia elétrica, tais como: cortes, micro-cortes, ruídos, distorção harmônica, picos, \ntransientes, sub e sobretensão e variação de frequência.APLICAÇÕES\nOs equipamentos da CM Comandos operam com maior precisão, agre-\ngam maior número de funções e são mais seguros. Características\nque geram alta conﬁ  abilidade e produtividade nas mais variadas aplicações, minimizam falhas e,\nconsequentemente, custos de manutenção. Em resumo, ser um cliente CM Comandos signiﬁ  ca ter o \nretorno do capital investido e garantias que só uma empresa com amplo suporte técnico pode oferecer.BENEFÍCIOS\nAo escolher a marca CM Comandos Lineares você conta com o melhor supor-\nte técnico de pré e pós-venda da empresa que se consolidou ao longo  des-\ntes 40 anos como líder de mercado. Instrumentação de ponta, proﬁ  ssionais\naltamente qualiﬁ  cados, disponibilidade de atendimento 24 horas, sete dias da semana, call \ncenter e processos certiﬁ  cados que asseguram a excelência dos nossos serviços de suporte.SUPORTE\nTÉCNICO', 'A E M P R E S ACom mais de 35 anos de atuação, a CM Comandos é hoje \numa das maiores fabricantes de No-Breaks da América \nLatina. \nAlém disso, é líder absoluta em soluções para o mercado corporativo. Certificada pela \nnorma ISO-9001:2015, a CM Comandos ressalta o seu compromisso com a excelência \ndos seus produtos e a total satisfação dos seus clientes.Inovação, qualidade, tecnologia\ne confiabilidade. Marcas das\nsoluções CM Comandos Lineares\nA P L I C A Ç Õ E SOs No Breaks  da CM Comandos Lineares são indicados para aplicações \nde missão crítica, nas mais variadas corporações, oferecendo proteção \ncontra distúrbios de energia elétrica, tais como: cortes, micro cortes, ruídos, distorção harmônica, \npicos, transientes, sub e sobre tensão e variações de frequência.\nS U P O R T E\nT É C N I C OAo  escolher  a marca  CM Comandos  Lineares  você  conta com o melhor \nsuporte  técnico  de pré e pós-venda da empresa que se consolidou ao longo \ndestes 36  anos como  líder  de  mercado.\nInstrumentação de ponta, profissionais altamente qualificados, com cobertura nacional e \ndisponibilidade de atendimento 24 horas, sete dias por semana, call center e processos certificados \nque asseguram a excelência dos  nossos serviços  de  suporte.B E N E F Í C I O SOs equipamentos da CM Comandos operam com maior precisão, \nagregam maior número de funções e são os mais seguros. \nCaracterísticas que geram alta confiabilidade e produtividade nas mais variadas aplicações, \nminimizam falhas e, consequentemente,  custos de manutenção. Em resumo,  ser um cliente da \nCM Comandos significa ter o retorno do capital investido e garantias que  só uma empresa com \namplo suporte técnico pode oferecer.\nCM COMANDOS LINEARES\nOSD L NI A NM EA OR CEM SCISO\n9001\n2015']","The CM Comandos is a leader in solutions for the corporate market due to its commitment to innovation, quality, technology, and reliability. Their No-Breaks are designed for mission-critical applications, providing protection against various electrical disturbances such as cuts, micro-cuts, noise, harmonic distortion, spikes, transients, over and undervoltage, and frequency variations. The company's equipment operates with higher precision, offers more functions, and is more secure, which leads to increased confidence, productivity, and reduced maintenance costs. Additionally, the CM Comandos offers excellent pre and post-sales support, with top-notch instrumentation, highly qualified professionals, and a certified support process, ensuring high-quality service.","As características que tornam a CM Comandos líder em soluções para o mercado corporativo incluem inovação, qualidade, tecnologia e confiabilidade, além de ser certificada pela norma ISO-9001:2015, destacando seu compromisso com a excelência dos produtos e a total satisfação dos clientes.",0.99999999995,1.0,0.999999995,0.6875,0.8968440398294737,1.0,0.21,0.7058455987833446,0.20854922279792742,0.06451612903225806,0.0,0.0,0,1,1,1,1
24,Qual é a função do Display de Cristal Líquido nas mensagens de alerta do No-Break?,"['DISPOSITIV O ANUNCIADOR\nO\nenfermarias de plantão ou salas de médicos ,  e per mitem a imediata sinalização visual e audív el da ocor rência de alar mes . \nPodem ser instalados at é 4  Dispositiv os Anunciador es em vár ios locais ao mesmo t empo e não necessitam de alimentação auxiliar . s alar mes det ectados pelo Dispositiv o DSI / DST / DSC são en viados ao Dispositiv o Anunciador , instalados em locais estrat égicos tais como  \nCARACTERÍSTIC AS  \nPara sinalização dos alar mes a distância, de acor do com a Nor ma NBR 13534:\n• Led v erde: equipament o ligado ·  \n• Led v ermelho: sobr ecar ga\n• Led amar elo: sinalização de falha\n• Botão silenciar : para desligar o alar me acústico sobr e o quadr o de sinalização à\n   distância, ativado quando f or ultrapassado o nív el de int ervenção\n• Botão de t este: para v erificar per iodicament e a eficiência do  dispositiv o como  \n   recomendado pela Nor ma\n• Tipo de Alar me: Sonor o\nO dispositiv o Gerador de Sinais BT4000 é um dispositiv o de localização de falha  \nde isolação individual , per mitindo identificar em qual leit o ocor reu a falha, por \nexemplo .  \nO Gerador de Sinal injeta um sinal inf erior a 1mA, suficient e para que seja \ndetectada a falha de isolação e atua em conjunt o com os Dispositiv o \nLocalizador de F alha I ndividual e o Dispositiv o DSI / DST / DSC , conf orme as \nespecificações  exig idas pela nor ma IEC 61557.DISPOSITIV O GER ADOR DE SINAL 1mA - B T4000  \nESPECIFIC AÇÃO MECÂNIC A  \n·\npadrão DIN. Ideal para painel modular 18mm. O cupa o espaço de um disjunt or tr ipolar \nDISPOSITIV O LOCALIZADOR DE F ALHA - B T0074 e B T0078\nINTERF ACE HOMEM-MÁQUINA (IHM)\nO displa y / painel de contr ole IHM possibilita a visualização dos parâmetr os pr é-\nestabelecidos de isolament o, temperatura e cor rente em t empo r eal e é ideal para \nmonit orar instalações de múltiplos Sist emas IT .\nPRINCIP AIS C ARACTERÍSTIC AS Inter face Homem Máquina (IHM)• \n•  Medidor es textos móv eis\n•  Manuseio de Alar meTela g ráfica t ouch scr een 7,0”  • Proteção por P assw ord  \n• Ether net e P orta USB\nDispositivo AnunciadorDispositivo  Gerador de Sinal 1mA - BT4000\nO dispositiv o localizador de falhas BT0074 com 4 circuitos \nlocalizador es) e (BT0078 com 8 localizador es) tem por finalidade a \nlocalização de falha de isolação em um sistema de aterrament o IT \nMédico , de acor do com as carac terísticas exig idas pela norma \nIEC61557. O dispositivo é dotado de toróides que foram \nespecialmente projetados para a detecção de baixíssimas \ncorrentes na ordem de 0,5 mA e placa eletr ônica que sinaliza e \nemit e um sinal digital que pode ser conec tado , por exemplo , a um \nCLP.\nDispositivo L ocalizador de falha BT 0074\nDispositivo L ocalizador de falha BT 0078', 'Alta Tecnologia em\nProcessamento Digital de Sinais - DSP\nHoje esta tecnologia está presente nos mais soﬁ  sticados sistemas eletrônicos devido a sua alta velocidade e conﬁ  abil-\ndade. Processadores Digitais de Sinais são capazes de processar dez milhões de amostragens por segundo. Isso signiﬁ  -\nca processamento em tempo real - o sinal é processado no mesmo instante em que é recebido, sem retardos ou atrasos.Vivemos  em um mundo cada vez mais ágil e prático. Um mundo conectado por processadores, chips, softwares e periféricos.  Mas \nainda não é o bastante, por isso, o mundo caminha para tecnologias de processamento imediato de dados. A CM Comandos está \num passo à frente e oferece aos seus clientes produtos dotados de uma tecnologia revolucionária, denominada Processamento \nDigital de Sinais - DSP .\nToda linha de No-Breaks Composition conta com a tecno-\nlogia DSP . Característica que proporciona alta performa-\nce e conﬁ  abilidade, tornando-os ideais para aplicações de \nmissão crítica. Ou seja, protegem as aplicações nas quais a  \ncontinuidade da operação é de fundamental importância. \nProjetados com o uso intenso dos recursos da tecnologia\nDSP , os No-Breaks Composition agregam novos e avançados \nrecursos que estabelecem um novo conceito em desenvolvi-\nmento, no qual o ﬁ  rmware dos equipamentos pode ser atuali-\nzado acrescentando novas funções em  unidades já instaladas.\nAo pensar em adquirir No-Breaks, conte com as soluções da \nCM Comandos, que asseguram tecnologia de ponta, máxima \nproteção, precisão digital e processamento em tempo real.OS MAIS MODERNOS NO-BREAKS CORPORATIVOS']","The Liquid Crystal Display (LCD) in the No-Break's alert messages serves to show the pre-established parameters of insulation, temperature, and current in real time. It is ideal for monitoring multiple IT system installations.","A função do Display de Cristal Líquido nas mensagens de alerta do No-Break é exibir informações sobre o estado do equipamento, como falhas internas e condições de operação.",0.0,0.0,0.0,0.0,0.9596313634897911,1.0,0.0,0.6699451356341027,0.26991150442477874,0.08695652173913043,0.0,0.0,0,0,1,1,1
25,Qual eh a funcao da interfase mencionada no contexto do Shutdown?,"['SISTEMA PARALELO MULTI ATIVO (EXCLUSIVO CM COMANDOS)\nA CM Comandos Lineares desenvolveu um sistema inovador e pioneiro no mundo de paralelismo entre no-breaks. O sistema \nParalelo Multi Ativo permite a expansão do sistema, de acordo com sua demanda de consumo, podendo paralelar quantas \nunidades forem necessárias para atender sua demanda, elevando a capacidade do sistema e a confiabilidade de sua aplicação.\nPOSSIBILIDADE DE SOMATÓRIA DE  POTÊNCIAS\nPermite a ligação para somatória de potência, utilizando dois ou mais \nNo-Breaks para atingir a demanda da carga total.\nQuando utilizado para somatória de potência, possibilita a ligação de \nNo-Breaks com potências diferentes. Quando a ligação for feita com \nNo-Breaks de potências diferentes, a carga será distribuída \nproporcionalmente. Permite a ligação em paralelo redundante N + 1,  N + 2, N + 3 … N+X,  \npossibilitando o desligamento de uma ou mais unidades, mantendo a \ncarga ativa.\nA comunicação entre os No-Breaks consiste no barramento de \ncomunicação comum, por onde transitam informações \ncontendo nível de carga, sincronismo e a condição do by pass.COMUNICAÇÃO ENTRE OS NO-BREAKSTodos os No-Breaks são autônomos, operam de forma \nindependente no sistema e possuem controle individual.NÃO EXISTE NO-BREAK MESTRE OU ESCRAVOPodem ser paraleladas quantas unidades forem necessárias, \npossibilitando expansão do sistema, de acordo com a demanda \nde consumo.QUANTIDADE ILIMITADA PARA PARALELISMO\nPARALELISMO DO BANCO DE BATERIAS\nPermite paralelismo dos bancos de baterias (quando forem de \nmesma tensão nominal).MANUTENÇÃO DO NO-BREAK\nPermite a inserção ou retirada de um No-Break no sistema, sem a \nnecessidade de parada.INTERFACES  DE  SHUTDOWN  E GERENCIAMENTO  REMOTO\nRede Elétric a\nde Entr ada\nSaídaNo-break 1\n Potência \nde 60 kV ANo-break 2\nPotência de \n100 kV ANo-break 3\nPotência de \n20 kV A\nCarga fornecida pelo sistema = 410 kV ANo-break 4\nPotência de \n30 kV ANo-break 5\nPotência de \n80 kV ANo-break 6\nPotência de \n120 kV ARede L ocal Ether netA   Inter face de Ger enciamento \n     \nC  Inter face Shutdown \n     Client \n     LANB  Inter face Shutdown \n     D   Inter face de Ger enciamento Remoto \n  \nE  Adaptador SNMP\n     \nF  Client Shutdown\nG Estação Remota\n    Sof tware com \n    conexão à I nter netMultisser vidor es\nMultiplataf ormas\nMulti-S.O .Porta M icroprocessada DB9\nPorta Contato Seco DB9\nRede Ethernet RJ45', 'REGISTRO PERMANENTE\nDE E VENT OSCORREÇÃO DO  F ATOR DE*POTÊNCIA\nO DSP ar maz ena os ev entos em sua memór ia EEPR OM. \nFunciona como uma “caixa-pr eta”, sendo possív el rastr ear os \nvalor es das medições e a posição das cha ves int ernas, \ndenunciando ev entuais er ros de operação .Conhecido pela sigla PFC - P ower Factor Correction, est e \nsistema per mite que o F ator de P otência de Entrada do \nNo-Break seja 0.99 - cor rigindo os ef eitos das car gas não \nlinear es e har mônicas conec tadas na saída do No -Break.-INTERF ACES DE GERENCIAMENT O\nREMO TO\nSão compostas por div ersas f erramentas . O A daptador SNMP NetM ate \npermite ger enciar r emotament e o No -Break via a I nternet atra vés de \num w eb br owser , monit orar o status e en viar aler tas por e -mail . \nO sof tware IP P ower é uma f erramenta de ger enciament o  Windows \nApplication e a v ersão Client é específica para  aut omatizar o shut down \nde ser vidor es, podendo desligar aut omática e simultaneament e vár ios \nservidor es e estações . \nO Adaptador Ar mModbus per mite int egrar o No -Break, via um\nRS485, a Sist emas de A utomação P redial atra vés do pr otocolo M odbus .a por ta INTERF ACES  DE  SHUTDO WN  \nE GERENCIAMENT O  REMO TO\nPorta M icroprocessada DB9A   Inter face de Ger enciamento Remoto \n  \nB   Adaptador SNMP\n     \nMultisser vidor es\nMultiplataf ormas\nMulti-S.O .C   Client Shutdown\nD  Estação Remota\n     Sof tware com \n     conexão à I nter net\nRede Ethernet RJ45']","The function of the interface mentioned in the context is to enable the shutdown of servers and workstations automatically and simultaneously. This is achieved through the software IP Power, which is a Windows Application with a specific client version for automating the shutdown process. The interface also allows for the integration of the No-Break to Predial Automation Systems via the Modbus protocol through a RS485 port. Additionally, it provides remote monitoring of the status and sends alerts via email.",A função da interface mencionada no contexto do Shutdown não está claramente definida no texto fornecido.,0.49999999995,1.0,0.0,0.75,0.6091194180165241,1.0,0.0,0.4600733371157079,0.16374269005847952,0.061224489795918366,0.0,0.0,0,0,1,1,1
26,Qual é a função principal de um retificador na conversão de energia elétrica?,"['TECNOLOGIA ON LINE COM BYPASS ESTÁTICO DE MANUTENÇÃO\nINTERFACE DE GERENCIAMENTO REMOTO\nAs Interfaces de Gerenciamento Remoto são compostas por diversas ferramentas, sendo elas: \n•  O Adaptador SNMP que permite gerenciar remotamente o No-Break via Internet através de um web browser,  monitorar o status \ne enviar alertas por e-mail. \n• O software, uma ferramenta de gerenciamento Windows Application e a versão Client é especíﬁ  ca para automatizar o shutdown \nde servidores, podendo desligar automática e simultaneamente vários servidores e estações. \n• O Adaptador Modbus permite integrar o No-Break, via uma porta RS485, a Sistemas de Automação Predial.\nBypass Estático\nSistema de proteção que, em caso de \nproblemas, transfere automaticamente \na carga para um circuito alternativo, sem \ninterrupção no fornecimento de energia.Bypass Estático de Manutenção\nPermite a transferência e o retorno da carga do No-Break para um circuito \nalternativo de fornecimento de energia, para atividades de manutenção. \nEm quaisquer situações, o fornecimento de energia é contínuo, sem \ninterrupções.\nBanco de Baterias\nArmazena energia reserva para alimentar o No-Break \ndurante um período predeterminado, denominado como \ntempo de autonomia do No-Break.Retificador\nConverte a energia da\nrede elétrica da concessionária\n ou do grupo gerador em\ncorrente contínua, corrigindo \nou eliminando distúrbios\nda entrada do sistema.\nCorrente alternada de entradaCorrente contínua Corrente alternada de saída\nCorrente alternada Bypass estáticoCorrente alternada Bypass estático\nde manutenção\nInversor\nConverte a corrente contínua do \nretiﬁ  cador ou das baterias em corrente \nalternada de saída, com forma de onda \nsenoidal pura, livre de distúrbios.\nRetificador\nConverte a energia da\nrede elétrica da concessionária\n ou do grupo gerador em\nInversor\nConverte a corrente contínua do \nretiﬁ  cador ou das baterias em corrente \nalternada de saída, com forma de onda', 'ESPECIFICAÇÕES TÉCNICAS \nTecnologia \nn Online -Dupla conversão\nn Forma de Onda: Senoidal pura \nn Retificador - Inversor - Banco de Baterias \nn Bypass Estático \nn Controle Digital Microprocessador DSP\nn Inversor a Módulo IGBT de Alta Frequência\nn Upgrade de firmware\nn Com transformador isolador e blindagem \neletrostática\nEntrada\nn Tensão: \n    •  110 ou 220 V - Bivolt Automático \nn Variação Admissível:\n    • ± 15% da tensão nominal\nn Freqüência: 50 ou 60 Hz                           \nn Variação de Freqüência Admissível:  \n    • 40-70Hz\nn  Configuração:\n• Monofásica: F+N+T\n• Bifásica: F+F+T\nn Fator de Potência:\n   • 0.99*\nSaída\nnTensão: \n• 110 \nn Potências Disponíveis:  \n• 1,25 kVA 0,9 Kw \nn Regulação Estática:   ± 1% \nn Freqüência:   50 ou 60 Hz \nn Variação de Freqüência: \n• 0,5% em modo bateria\nn Configuração:   \n Monofásica f+n+t \nn Forma de Onda:   Senoidal \nn Distorção Harmônica THD:  \n •   Menor igual a 2% para carga linear\n •   Menor igual a 4% para carga não linear\nn Fator de Crista: 3:1 \nn Capacidade de Sobrecarga: 130% durante 30 \nsegundos \nn Rendimento: Até 96% em modo ECOBaterias\nn  Tensão de Linha: 41 VDC ±1% / 54,8 VDC ±1%\nn  Sistema de Recarga:  Controlado,']","A principal function of a rectifier in electrical energy conversion is to convert alternating current (AC) from the power grid or a generator into direct current (DC), correcting or eliminating any disturbances in the system's input.","A função principal de um retificador na conversão de energia elétrica é converter a energia da rede elétrica em corrente contínua, corrigindo ou eliminando distúrbios da entrada do sistema.",0.9999999999,1.0,0.249999999375,0.3333333333333333,0.9999999999999996,1.0,1.0,0.6674929643607078,0.3605150214592274,0.11267605633802817,0.0,0.0,1,0,1,1,1
