,user_input,retrieved_contexts,response,reference,context_precision,context_recall,context_entity_recall,noise_sensitivity_relevant,answer_relevancy,faithfulness,factual_correctness,semantic_similarity,non_llm_string_similarity,rouge_score,string_present,exact_match,harmfulness,maliciousness,coherence,correctness,conciseness
0,Quais as vantagens dos equipamentos da CM Comandos em termos de precisao e confiabilidade?,"['Inovação, qualidade, tecnologia\ne confiabilidade. Marcas das\nsoluções CM Comandos Lineares\nCom mais de 40 anos de atuação, a CM Comandos é hoje uma das \nmaiores fabricantes de No-Breaks da América Latina. Além disso, é líder\nabsoluta em soluções para o mercado corporativo. Certiﬁ  cada pela norma ISO-900:2015, a CM Comandos \nressalta o seu compromisso com a excelência dos seus produtos e a total satisfação dos seus clientes.A EMPRESA\nOs  No-Breaks  da  CM  Comandos  são  indicados  para aplicações de  \nmissão crítica, nas mais variadas corporações, oferecendo proteção \ncontra distúrbios de energia elétrica, tais como: cortes, micro-cortes, ruídos, distorção harmônica, picos, \ntransientes, sub e sobretensão e variação de frequência.APLICAÇÕES\nOs equipamentos da CM Comandos operam com maior precisão, agre-\ngam maior número de funções e são mais seguros. Características\nque geram alta conﬁ  abilidade e produtividade nas mais variadas aplicações, minimizam falhas e,\nconsequentemente, custos de manutenção. Em resumo, ser um cliente CM Comandos signiﬁ  ca ter o \nretorno do capital investido e garantias que só uma empresa com amplo suporte técnico pode oferecer.BENEFÍCIOS\nAo escolher a marca CM Comandos Lineares você conta com o melhor supor-\nte técnico de pré e pós-venda da empresa que se consolidou ao longo  des-\ntes 40 anos como líder de mercado. Instrumentação de ponta, proﬁ  ssionais\naltamente qualiﬁ  cados, disponibilidade de atendimento 24 horas, sete dias da semana, call \ncenter e processos certiﬁ  cados que asseguram a excelência dos nossos serviços de suporte.SUPORTE\nTÉCNICO', 'A E M P R E S ACom mais de 35 anos de atuação, a CM Comandos é hoje \numa das maiores fabricantes de No-Breaks da América \nLatina. \nAlém disso, é líder absoluta em soluções para o mercado corporativo. Certificada pela \nnorma ISO-9001:2015, a CM Comandos ressalta o seu compromisso com a excelência \ndos seus produtos e a total satisfação dos seus clientes.Inovação, qualidade, tecnologia\ne confiabilidade. Marcas das\nsoluções CM Comandos Lineares\nA P L I C A Ç Õ E SOs No Breaks  da CM Comandos Lineares são indicados para aplicações \nde missão crítica, nas mais variadas corporações, oferecendo proteção \ncontra distúrbios de energia elétrica, tais como: cortes, micro cortes, ruídos, distorção harmônica, \npicos, transientes, sub e sobre tensão e variações de frequência.\nS U P O R T E\nT É C N I C OAo  escolher  a marca  CM Comandos  Lineares  você  conta com o melhor \nsuporte  técnico  de pré e pós-venda da empresa que se consolidou ao longo \ndestes 36  anos como  líder  de  mercado.\nInstrumentação de ponta, profissionais altamente qualificados, com cobertura nacional e \ndisponibilidade de atendimento 24 horas, sete dias por semana, call center e processos certificados \nque asseguram a excelência dos  nossos serviços  de  suporte.B E N E F Í C I O SOs equipamentos da CM Comandos operam com maior precisão, \nagregam maior número de funções e são os mais seguros. \nCaracterísticas que geram alta confiabilidade e produtividade nas mais variadas aplicações, \nminimizam falhas e, consequentemente,  custos de manutenção. Em resumo,  ser um cliente da \nCM Comandos significa ter o retorno do capital investido e garantias que  só uma empresa com \namplo suporte técnico pode oferecer.\nCM COMANDOS LINEARES\nOSD L NI A NM EA OR CEM SCISO\n9001\n2015']","The equipment from CM Comandos offers increased precision and reliability, featuring more accurate operations, addition of greater functionalities, and enhanced safety measures. These characteristics lead to higher confidence and productivity, fewer errors, and ultimately, lower maintenance costs. This is all backed by top-notch support, including cutting-edge instrumentation, highly qualified professionals, nationwide coverage, 24/7 availability, and certified processes ensuring excellent service.","Os equipamentos da CM Comandos operam com maior precisão e confiabilidade, minimizando falhas e custos de manutenção.",0.99999999995,1.0,0.9999999900000002,0.6923076923076923,0.8717336488523477,0.9230769230769231,0.25,0.7833326056373299,0.17296222664015903,0.04878048780487805,0.0,0.0,0,1,1,0,0
1,Quais são os principais softwares de gerenciamento mencionados no texto e quais ambientes e sistemas operacionais eles suportam?,"['000m\nn  Tipo de Ambiente Recomendado:\n    •    Interno, instalação abrigada\n    •    Atmosfera: limpa, livre de partículas conduti -\nvas, gases tóxicos, líquidos e inflamáveis.\nn  Grau de Proteção: IP-20\nInterface de Gerenciamento\nn Mono e multiusuário, cliente-server e multi -\n-server\nn  Vários servidores em um único No-Break\nn  Ferramentas de Shutdown e Gerenciamento\nn  Protocolos:\n    •    Serial RS232\n    •    Serial RS485*  \n    •    SNMP/Telnet/http/TCP/IP*\nn  Softwares de Gerenciamento*\n    •    View Power\n    •    View Power Pro \n    •    SNMP Web Manager \nn  Ambientes e Sistemas Operacionais: \n    •    Windows 8/ 10 / 2010  \n    •    View Power Pro \n    •    Linux*\n(Marcas dos respectivos fabricantes)\n*Opcional\nCM MKT AGO 24 - As especificações estão sujeitas a alterações sem prévio aviso.                   Nós incentivamos a reciclagem.\nAv. Eng. Alberto de Zagottis , 760 - 04675-085 - São Paulo - SP\nTel.:(11) 5696-5000\nwww.cmcomandos.com.brSistema de \nSustentabilidade Auditada  Modelo Peso (com \nbaterias)\nkg Dimensões Físicas \nalt x larg x prof \nmm Potência \nkVA\n1250         1,25         421 x 190 x 318       15,3          \n2000          2,0           421 x 190 x 319       15,3', 'S I S T E M A PA R A L E L O M U LT I AT I V O ( E X C L U S I V O C M C O M A N D O S )\nA CM Comandos Lineares desenvolveu um sistema inovador e pioneiro no mundo de paralelismo entre No Breaks. O sistema Paralelo \nMulti Ativo permite a expansão do sistema, de acordo com sua demanda de consumo, podendo paralelar quantas unidades forem \nnecessárias para atender sua demanda, elevando a capacidade do sistema e a confiabilidade de sua aplicação.\nP O S S I B I L I D A D E D E S O M A T Ó R I A D E  P O T Ê N C I A S\nPermite a ligação para somatória de potência, utilizando dois ou mais No \nBreaks para atingir a demanda da carga total.\nQuando utilizado para somatória de potência, possibilita a ligação de \nNo Breaks com potências diferentes. Quando a ligação for feita com No \nBreaks de potências diferentes, a carga será distribuída \nproporcionalmente. Permite a ligação em paralelo redundante N + 1,  N + 2, N + 3 … N+X,  \npossibilitando o desligamento de uma ou mais unidades mantendo a \ncarga ativa.L I G A Ç Ã O E M P A R A L E L O R E D U N D A N T E\nA comunicação entre os No Breaks consiste no barramento de \ncomunicação comum, por onde transitam informações contendo \nnível de carga, sincronismo e a condição do by pass.C O M U N I C A Ç Ã O E N T R E O S N O B R E A K STodos os No Breaks são autônomos, operam de forma \nindependente no sistema e possuem controle individual.N Ã O E X I S T E N O B R E A K M E S T R E O U E S C R A V OPodem ser paraleladas quantas unidades forem necessárias, \npossibilitando expansão do sistema, de acordo com a demanda de \nconsumo.Q U A N T I D A D E I L I M I T A D A P A R A P A R A L E L I S M O\nM A N U T E N Ç Ã O D O N O B R E A K\nPermite a inserção ou retirada de um No Break no sistema, sem a \nnecessidade de parada.Rede Elétrica\nde Entrada\nSaídaNo Break 1\n Potência de \n30 kVANo Break 2\nPotência de \n10 kVANo Break 3\nPotência de \n20 kVA\nCarga fornecida pelo sistema = 150 kVANo Break 4\nPotência de \n30 kVANo Break 5\nPotência de \n20 kVANo Break 6\nPotência de \n40 kVA\nINTERFACES DE \nGERENCIAMENTO   \nREMOTO\nSão compostas por diversas ferramentas. O \nAdaptador SNMP NetMate permite\ngerenciar remotamente o No Break via a \nInternet através de um web browser,\nmonitorar o status e enviar alertas por e-mail. \nO software IP Power é uma ferramenta de \ngerenciamento  Windows Application e a \nversão Client é específica para  automatizar o \nshutdown de servidores, podendo desligar \nautomática e simultaneamente vários\ns e r v i d o r e s  e  e s t a ç õ e s .\nO Adaptador ArmModbus permite integrar \no  N o  B r e a k ,  v i a  u m a  p o r t a\nRS485, a Sistemas de Automação Predial.']","The main software management tools mentioned in the text are View Power, View Power Pro, and SNMP Web Manager. These tools can support Windows 8/10/2010 and Linux operating systems.","Os principais softwares de gerenciamento mencionados no texto são: IP Power, IP Power SE, Adaptador SNMP NetMate e Adaptador ArmModbus RS485. Eles suportam os ambientes e sistemas operacionais Windows 8, Windows 10, e Linux.",0.0,0.0,0.7142857132653061,1.0,0.7236262771259058,1.0,0.0,0.6923119711311697,0.34375,0.24242424242424246,0.0,0.0,1,0,1,0,1
2,"Qual é a importância do fator de potência de 0,7 na configuração do sistema elétrico mencionado?","['ESPECIFICAÇÕES TÉCNICAS \nEntrada\nn Tensão: \n    •  3kVA \n100/110/115/120/127 VAC 120V (standard) ou  \n200/208/220/230/240 VAC 220V (standard) \n    •  6kVA / 10kVA\n 200/208/220/230/240 VAC 220V (standard)\nn Variação Admissível:\n   •   3kVA \n55-150 VAC ou 110-300 VAC @ 50% de Carga\n80-150 VAC ou 160-300 VAC @ 100% de Carga\n   •   6kVA / 10kVA \n110-300 VAC @ 50% de Carga\n176-300 VAC @ 100% de Carga \nn Freqüência: 50/60 Hz                           \nn Variação de Freqüência Admissível:   \n    •    3kVA  \n40-70Hz\n    •    6kVA / 10 kVA \n46-54Hz @50Hz e 56-64Hz @60Hz\nn  Configuração:\nMonofásica \nn Fator de Potência:\n≥ 0.99 Tensão nominal (100% de Carga)\nn Distorção Harmônica THDi:\n    •    3kVA\n ≤ 5% @ Tensão de Entrada nominal\n    •    6kVA / 10kVA\n<4% @100% de Carga, <6% @50% de Carga\nSaída\nnTensão: \n    •   3kVA \n100/110/115/120/127 VAC 115V (standard) ou \n200/208/220/230/240 VAC 220V (standard) \n    •   6kVA / 10kVA \n200/208/220/230/240 VAC 220V (standard) \nn Fator de Potência:  1,0\nn Regulação Estática:   ± 1% nominal modo \nbateria\nn Freqüência:   50 / 60 Hz \nn Variação de Freqüência: \n± 0,1Hz em modo bateria\nn Sincronismo com a Rede:   Sim\nn Configuração:   \n Monofásica f+n+t \nn Forma de Onda:   Onda senoidal pura\nn Distorção Harmônica THD:  \n •   3kVA \n    ≤ 2% carga linear \n    ≤ 4% carga não-linear \n •   6kVA / 10kVA \n    ≤ 1% carga linear \n    ≤ 4% carga não-linearBaterias\nn  Composição:  \n    •    72  VDC - 3,0 kVA \n    •     240 VDC - 6,0 kVA \n    •     240 VDC - 10,0 kVA \nn  Sistema de Recarga: \ncontrolado, automático\nn Tempo de Recarga:  \n8 a 10 horas para 90% da carga\nn Tipo: \nseladas, isentas de manutenção\nn  Paralelismo Redundante (N+1) \n»  Disponível nas potências de 6 e 10kVA\nn By-pass estático (inteligente):  \nO termo inteligente aplica-se, visto que a linha \nComposition XV  possui desligamento da saída da \nchave estática em condições que, a tensão da rede \napresenta variações fora da faixa de trabalho, prote -\ngendo a carga contra sub ou sobre tensão mesmo \nna condição de by-pass estático.', 'ESPECIFICAÇÕES TÉCNICAS \nEntrada\nn Tensão: \n• 380/400/415V\n• 200/208/220V\nn Variação Admissível:\n± 25% da tensão nominal\nn Freqüência: 50/60 Hz                           \nn Variação de Freqüência Admissível:  ± 8%\nnCon/f_i  guração: 3F + N + T\nn Fator de Potência: 0,99\nSaída\nn Tensão: \n• 380/400/415V\n• 200/208/220V\nn Potências Disponíveis:\n• 380/400/415V - 25 e 50 kW Modular\n• 200/208/220V- 30 kW Modular\nnRegulação Estática:  ± 1% nominal \nnFreqüência:  50 / 60 Hz \nnVariação de Freqüência:  0,10%\nnCon/f_i  guração:  3F + N + T \nn  Forma de Onda:  senoidal\nn  Distorção Harmônica THD:  ≤ 1% carga linear \nn Fator de Crista:   3:1 \nn  Capacidade de Sobrecarga: \n• 110% por 1 hora; 125% por 10 minutos; \n• 150% por 1min; 150% por 200 ms.']","The power factor indicates how effectively electrical power is being used. A power factor closer to 1 is considered more efficient. A power factor of 0.7 is not ideal as it indicates a significant amount of reactive power is being used, which can lead to higher energy costs and potentially overloading of electrical systems. Therefore, in the context of the system electrical configuration, a power factor of 0.7 would not be optimal and improvements should be considered to increase this value.","O fator de potência de 0,7 é importante na configuração do sistema elétrico mencionado, pois indica a eficiência com que a energia elétrica é utilizada, afetando a capacidade de carga e a qualidade da energia fornecida.",0.0,0.0,0.0,0.0,0.8262454823091563,0.0,0.57,0.618039228272492,0.2520161290322581,0.06504065040650406,0.0,0.0,0,0,1,1,1
3,Quais são as implicações de as especificações estarem sujeitas a alterações em projetos customizados dentro do Sistema de Sustentabilidade Auditada?,"['Av. Eng . Alber to de Zagottis , 760 - 04675-085 -  São P aulo - SP\nTel.: (11) 5696-5000\nwww.cmcomandos .com.brOSD  N LI A NM EO AC R EM SCISO\n90012015\nSistema de \nSustentabilidade A uditado\nMEDIDAS DE PRO TEÇÃO VITAIS P ARA INST ALAÇÕES ELÉTRIC AS HOSPIT ALARES \nO Transf ormador de Separação possui alta isolação galvânica e gera um \ncircuito elétr ico isolado com sist ema de at errament o IT. \nEste cir cuito ex clusiv o  é monit orado pelo DSI.  Na ocor rência de qualquer \nfalha de isolação das car gas sensív eis alimentadas , o DSI imediatament e \naciona um alar me  para  a equipe de manut enção .       Sist ema IT \nSistema IT c om IHM e L ocalizador de F alhas Exemplos de Diagr amas de Aplicações  \n Imagens Ilus trativas\n Imagens Ilus trativas\nCM MK T  JAN 24 - *As especificações  técnicas estão sujeitas a alterações sem aviso pr évio e conf orme necessidades de pr ojetos customizados .                 Nós incentivamos a r eciclagem.', 'Vantagens do C ontrat o de M anut enção \nAtravés do contrat o de manut enção , técnicos e gest ores de manut enção podem r eduzir a deg radação dos seus equipament os, prolongando \no tempo de vida útil e evitando int ervenções cor retivas , que geram cust os elevados e t êm impac tos negativ os.\nn   Supor te técnico por t elefone, durant e 24hs/dia\nn   Minimizar os r iscos e pr ejuíz os de t er um equipament o parado\nn   Prioridade no at endiment o no caso de uma parada \nn Redução da necessidade de manut enção cor retivas em at é 80% e \nconsequent e  redução de cust os\nn  Serviços de cor retivas , quando  inclusos no contrat o \nn Redução de cust o: equipament os com manut enção pr eventiva \nadequada sofr em menos desgast es e, por tanto \ntem sua vida útil ampliada. \nAv. Eng . Alber to de Zagottis , 760 - 04675-085 -  São P aulo - SP\nTel.: (11) 5696-5033 \nwww.cmcomandos .com.br\nSistema de \nSustentabilidade A uditadoIdentifique Nossa E quipe \nUniforme P adrão \nCamisa azul   Calça azul   Crachá  \nPedro\nSuporte Técnico0000000000001Nome:\nRG:\nSetor:João P edro \nMatrícula:\n1111 25.613.810-2\nAssistência Técnica\n1.Uso... \nJOÃO PEDRO \nSuporte Técnico Supor te Técnico\nCall C enter int egrado ao sist ema de gestão ERP\nTécnicos Treinados e Qualificados\nEquipados com I nstrumentação de P onta\nAnalisador de Har mônicos\nAtendiment o 24 horas - 7 dias da semana via C ontrat os\nde M anut enção P reditiva, P reventiva e C orretiva\n  Supor te Pleno de P ré e P ós-V enda\nAmpla cober tura em t odo o paísn   \nn  \nn  \nn  \nn  \nn\nn  \nCM MK T SET 2021  -   As especificações estão sujeitas a alterações sem pr évio aviso . Nós incentivamos a r eciclagem\nAtendiment o em t odo\n o Território Nacional\ncom filiais e r epresentant es nas pr incipais \ncidades e capitais , otimizando o t empo , \ncusto e buscando a ex celência\n na pr estação de ser viços\nEscaneie e saiba mais sobr e o\n contrat o de manut enção \nOSD  N LI A NM EO AC R EMSCISO\n90012015 OSD  N LI A NM EO AC R EMSC']","When specifications are subject to changes without prior notice, it implies a need for flexibility and adaptability in customized projects within the Audited Sustainability System. This situation may require continuous communication between the parties involved to ensure any alterations are understood and implemented correctly. Additionally, it could necessitate robust project management to mitigate potential impacts on project timelines, costs, and outcomes.",As implicações de as especificações estarem sujeitas a alterações em projetos customizados dentro do Sistema de Sustentabilidade Auditada incluem a necessidade de adaptação contínua e a possibilidade de ajustes nos processos e requisitos dos projetos.,0.9999999999,1.0,0.0,0.0,0.0,0.8,1.0,0.7451297164311137,0.2742980561555075,0.019801980198019806,0.0,0.0,0,0,1,1,1
4,Quais são as consequências de não respeitar as condições de temperatura ambiente para a utilização das baterias?,"['Banco de Baterias  \n \n \n \nCuidados com as Baterias  \n \nAs baterias são componentes eletroquímicos e a sua utilização \ndeve ser realizada exclusivamente por técnicos treinados e habilitados.  \nA armazenagem e utilização deve respeitar as condições de \ntemperatur a ambiente, nunca superior a 30° C, sob pena de reduzir as \nsuas características eletroquímicas e consequentemente, a sua vida \nútil. \nAlém disso, possuem em seu interior, componentes químicos \nque podem contaminar o meio ambiente e causar danos à saúde \nhumana.  \nPor este motivo, jamais devem ser abertas e suas partes \ninternas desmontadas.   \nAo término da sua vida útil, após a sua reposição, deve ser realizado o \ndescarte apropriado, enviado o produt o à reciclagem adequada.  \nInforme -se sobre postos de coleta e descarte de baterias na sua \nregião ou se preferir, entre em contato com a nossa Assistência \nTécnica.', 'n  Rendimento: 95% \nBaterias\nn  Tensão de Linha:\n• 380/400/415V : ± 240 Vdc (40 baterias)   \n• 200/208/220V : ± 120 Vdc (20 baterias)   \nn  Sistema de Recarga: controlado, automático\nn  Tempo de Recarga:  8 a 10 horas para 90% da \ncarga\nn Tipo: seladas, isentas de manutenção\nBy-pass estático \nn  Acionamento: automático controlado pelo \nDSP\nn  Tempo de Transferência: 0 ms (nulo)\nn   Retransferência ao Modo Normal:  \nautomática\nBy-pass estático de Manutenção\nPermite manutenção do No-Break sem \ndesligar a carga\nn  Acionamento:  manual através de disjuntor\nn  Reposição ao modo normal: sem interrupção\nProteções Elétricas\nn  Sub e Sobre Tensão de Entrada e Saída \nn  Sub e Sobre Tensão DC e Bateria \nn  Sobrecarga e Curto-circuito\nn  Mínima descarga de bateria\nn  Sobre temperatura \nMedições\nn  True RMS \nn  Potência de saída em kVA\nn  Potência de saída em kW\nn  Fator de Potência de saídan  Tensão de Saída\nn  Frequência de Saída \nn  Tensão de Bateria\nn  Corrente de Bateria*\nn  Fator de Potência de Entrada*\nn  Tensão de Entrada\nn  Corrente de Entrada*\nn  Frequência de Entrada\nAlarmes\nControlados pelo processador DSP\nn Tipos de Alarmes:\n• Sonoros:\n       »  Falta de Rede - 1 toque a cada 4 segundos\n       »  Pré-alarme das Baterias: 1 toque por segundo\n       »  Falha Interna do No-Break: alarme contínuo\n• Mensagens de alerta:\n       »  Display de Cristal líquido\n       »  Display em LCD\n       »  Mensagem por e-mail, celular ou pop-up:\n       - Operação Normal\n       - Falha de Rede \n       - Pré-alarme de Baterias\n       - Bypass Estático ativo\n       - Bypass Manual ativo\n       - Sobrecarga de Saída\n       - Falha Interna\nLog de Eventos\nn  Registros Armazenados:\n    •    5 mil registros em memória interna\n    •    Indicação de data, hora e ocorrência \n    •    Medições  \n    •    Status de operação e alarmes do painel \nCaracterísticas de operação\nn Ruído Audível: 55 dBA a 60 dBA a 1 metro\nn MTBF (Mean Time Between Failures): 250 mil horas   \nn MTTR (Mean Time To Repair): 30 minutos\nn Temperatura ambiente:\n   • No-Break: 20ºC a 40ºC \n   • Baterias: 0ºC a 30ºC\n   • Recomendada: 20ºC a 25ºC\nn Umidade Relativa:\n  • 0% a 95% sem condensação\n  • Recomendada: 45% a 55%\nn Atitude: até 1.000m\nn Tipo de Ambiente Recomendado:\n  • Interno, instalação abrigada\n  • Atmosfera: limpa, livre de partículas condutivas, \ngases tóxicos, líquidos e inﬂ  amáveis.']","Neglecting the recommended temperature conditions for battery usage can lead to a reduction in their electrochemical characteristics and a decrease in their useful life. Additionally, the interior of batteries contains chemical components that can contaminate the environment and pose risks to human health if mishandled or improperly disposed of.","As consequências de não respeitar as condições de temperatura ambiente para a utilização das baterias incluem a redução das características eletroquímicas e, consequentemente, a diminuição da sua vida útil.",0.99999999995,1.0,0.0,0.6666666666666666,0.934057380704752,1.0,0.57,0.6755256969671287,0.26224783861671475,0.046511627906976744,0.0,0.0,1,0,1,1,1
5,Quais são os principais aspectos a serem considerados na configuração do banco de baterias?,"['Banco de Baterias  \n \n \n \nCuidados com as Baterias  \n \nAs baterias são componentes eletroquímicos e a sua utilização \ndeve ser realizada exclusivamente por técnicos treinados e habilitados.  \nA armazenagem e utilização deve respeitar as condições de \ntemperatur a ambiente, nunca superior a 30° C, sob pena de reduzir as \nsuas características eletroquímicas e consequentemente, a sua vida \nútil. \nAlém disso, possuem em seu interior, componentes químicos \nque podem contaminar o meio ambiente e causar danos à saúde \nhumana.  \nPor este motivo, jamais devem ser abertas e suas partes \ninternas desmontadas.   \nAo término da sua vida útil, após a sua reposição, deve ser realizado o \ndescarte apropriado, enviado o produt o à reciclagem adequada.  \nInforme -se sobre postos de coleta e descarte de baterias na sua \nregião ou se preferir, entre em contato com a nossa Assistência \nTécnica.', 'Equaliz erActive Batt ery Mangement\nBENEFÍCIOS\nEstende a vida útil das baterias\nO sistema de Equalização Ativa mantém as baterias em condições \nideais, maximizando a sua vida útil. Reduz a necessidade de troca das \nbaterias e reduz o custo.\nRedução de Custo de Propriedade\nProlonga a vida útil das baterias, reduz o período de trocas e \nautomatiza a manutenção, reduzindo enormes custos com \nintervenções manuais.\nEcológico e Sustentável\nNa era da sustentabilidade, reduzir o consumo de baterias significa \nusar menos recursos e gerar menos descartes no meio ambiente.Análise da Vida Útil da Bateria\nAnalisa a curva de carga e descarga de um banco de baterias e \nacompanhe a evolução da vida útil, algo que é impraticável fazer \nmanualmente.Minimiza o Downtime por falha da bateria\nO prejuízo decorrente de uma queda do sistema por falha de bateria \ngera um valor incalculável para a sua operação.CARACTERÍSTICAS  \nPRINCIPAIS\nEqualização Ativa Individual do Banco de Baterias\nEleva a vida útil e a confiabilidade das baterias. \nPermite que as baterias atinjam a máxima vida útil de operação.\nAutomatização da Manutenção das Baterias\nO sistema mantém as baterias em condições ideais automaticamente. \nA análise e o diagnóstico são realizados à distância, individualmente e \nsem precisar desligar o sistema.\nMonitoramento em Tempo Real das Baterias\nMonitora a condição das baterias em tempo real à distância,  de \nforma eficiente e reduzindo o elevado custo com intervenções \nmanuais.Medição da Impedância da Bateria\nA Impedância interna é o parâmetro real da condição da bateria. \nAlém disso, mede a tensão e temperatura individual de cada bateria e \ngrava na memória.Previne contra quedas do sistema por defeito nas baterias\nO sistema monitora constantemente as baterias individualmente e \nenvia alarmes antes de ocorrer um problema.\nCONFIGURAÇÃO DO BANCO DE BATERIAS\nAPLICAÇÕES\nn   \nn   \n Banc os de Ba terias:\n• Sist emas No -Breaks\n• Retificador es de Telecomunicações\n• Ener gia Solar e Eólica\n• Compatív el com t odas as mar cas \nde equipament os, independent e \ndo fabr icant e.\nTipos :\n• Seladas Reguladas por Válvula VRLA\n• Estacionár ias\n• 12VDC e 2VDC']","When setting up a battery bank, there are several key aspects to consider, based on the provided context. First, the batteries should be stored and used in an environment with a temperature below 30° C to maintain their electrochemical properties and increase their lifespan. It's also important to ensure that the batteries are not opened or disassembled, as their internal components can be harmful to the environment and human health.

Additionally, the configuration should allow for equalization of the battery bank, which can extend the life of the batteries and keep them in optimal condition. This can be achieved through active equalization, which maintains the batteries in ideal conditions and maximizes their lifespan. Automated maintenance is also important, as it reduces the need for manual interventions and can help to prolong the life of the batteries.

Remote monitoring of the batteries can also be beneficial, as it allows for efficient tracking of the battery condition and can help to reduce the high cost of manual interventions. Measuring the internal impedance of the batteries is another important aspect of the configuration, as this parameter provides a real indication of the battery's condition. The system should also monitor the batteries continuously and send alerts before any issues occur to prevent system failures due to battery defects.

The battery bank should be compatible with various types of equipment, including systems without breaks, telecommunication rectifiers, solar and wind energy systems, and all brands of equipment, regardless of the manufacturer. The battery bank should also be compatible with various types of batteries, such as sealed regulated valve VRLA batteries, stationary batteries, and 12VDC and 2VDC batteries.

In summary, the key aspects to consider when configuring a battery bank include temperature control, battery equalization, automated maintenance, remote monitoring, impedance measurement, continuous monitoring, and compatibility with various types of equipment and batteries.","Os principais aspectos a serem considerados na configuração do banco de baterias incluem a capacidade, a tensão, a química das baterias, o balanceamento, a segurança e a manutenção.",0.49999999995,0.0,0.0,0.0,0.9632102411618209,1.0,0.06,0.6777677549039158,0.08175182481751819,0.023529411764705882,0.0,0.0,0,0,1,1,1
6,Quais são as consequências de uma sobrecarga em sistemas de proteção elétrica?,"['TECNOLOGIA ON LINE COM BYPASS ESTÁTICO DE MANUTENÇÃO\nINTERFACE DE GERENCIAMENTO REMOTO\nAs Interfaces de Gerenciamento Remoto são compostas por diversas ferramentas, sendo elas: \n•  O Adaptador SNMP que permite gerenciar remotamente o No-Break via Internet através de um web browser,  monitorar o status \ne enviar alertas por e-mail. \n• O software, uma ferramenta de gerenciamento Windows Application e a versão Client é especíﬁ  ca para automatizar o shutdown \nde servidores, podendo desligar automática e simultaneamente vários servidores e estações. \n• O Adaptador Modbus permite integrar o No-Break, via uma porta RS485, a Sistemas de Automação Predial.\nBypass Estático\nSistema de proteção que, em caso de \nproblemas, transfere automaticamente \na carga para um circuito alternativo, sem \ninterrupção no fornecimento de energia.Bypass Estático de Manutenção\nPermite a transferência e o retorno da carga do No-Break para um circuito \nalternativo de fornecimento de energia, para atividades de manutenção. \nEm quaisquer situações, o fornecimento de energia é contínuo, sem \ninterrupções.\nBanco de Baterias\nArmazena energia reserva para alimentar o No-Break \ndurante um período predeterminado, denominado como \ntempo de autonomia do No-Break.Retificador\nConverte a energia da\nrede elétrica da concessionária\n ou do grupo gerador em\ncorrente contínua, corrigindo \nou eliminando distúrbios\nda entrada do sistema.\nCorrente alternada de entradaCorrente contínua Corrente alternada de saída\nCorrente alternada Bypass estáticoCorrente alternada Bypass estático\nde manutenção\nInversor\nConverte a corrente contínua do \nretiﬁ  cador ou das baterias em corrente \nalternada de saída, com forma de onda \nsenoidal pura, livre de distúrbios.\nRetificador\nConverte a energia da\nrede elétrica da concessionária\n ou do grupo gerador em\nInversor\nConverte a corrente contínua do \nretiﬁ  cador ou das baterias em corrente \nalternada de saída, com forma de onda', 'Medidas de P roteção \nVitais para I nstalações \nElétr icas Hospitalar es\nFUNCIONAMENTO Sistema de Aterrament o IT Médico \nO Sistema IT Médico é um sistema de super visão de falhas de isolação nas instalações elétr icas aplicado em \nconfiguração de aterrament o tipo IT, conf orme previsão da norma NBR 13534:2008 da Anvisa. \nEsta norma visa garantir a manut enção dos equipament os de sustentação à vida, mesmo em caso de \nprimeira falha de isolação elétr ica nos Estabeleciment os Assistenciais a Saúde (EAS). \nA utilização desta proteção é compulsór ia nos ambient es hospitalar es do Grupo 2, nos quais se enquadram \nas Salas Cirúr gicas, UTIs , UTIs Neonatais e Salas de Hemodinâmica. \nA utilização do Sistema IT Médico aumenta a segurança \npara o pacient e e para o corpo clínico ,  pois a interrupção \nno forneciment o de ener gia elétr ica em caso de uma falta é evitada, pois mesmo em um caso de curto- \ncircuito fase t erra, por ex emplo , um equipament o eletr omédico pode ser usado para auxiliar ou substituir , \ntemporar iament e ou permanent ement e  funções vitais de um pacient e. \nAlém disso , ocor re uma redução nas correntes de fuga circulando pelo condut or de proteção , o que diminui \na tensão de contat o e consequent ement e a intensidade de um choque elétr ico acidental .\nO Sistema possui Dispositiv o Super visor de Isolament o (DSI), Dispositiv o Super visor de Temperatura (DST ) e \nDispositiv o Super visor de Corrente (DSC ) que mede a resist ência entre os condut ores de alimentação e o \ncondut or de proteção , sinalizando sonora e visualment e quando essa resist ência decr esce para 50 KΩ. \nCOMPOSIÇ ÃO BÁSIC A  Quadr o de Ener gia Elétrica  - Sistema IT Médico \nO sistema é compost o por: \n• Transf ormador de Separação \n• Dispositiv o Super visor de Isolament o (DSI) \n  Super visor de Temperatura (DST )\n  Super visor de Corrente (DSC ) \n• Dispositiv o Anunciador \n• Montagem em Rack\nOpcionais: \n• Gerador de Sinal BT-4000\n• Localizador Individual de Falha BT-0074/ BT 0078\n• Interface Homem-M áquina (IHM)']","A sobrecarga em sistemas de proteção elétrica pode levar a um aumento na temperatura do equipamento, o que pode causar falhas no isolamento e, consequentemente, um risco de incêndio ou explosão. Além disso, a sobrecarga pode também resultar em danos ao equipamento, reduzindo sua vida útil e eficiência, e possivelmente levando a interrupções no fornecimento de energia. Em ambientes hospitalares, isso pode ser particularmente crítico, pois interrupções no fornecimento de energia podem impactar negativamente o desempenho de equipamentos médicos vitais.","As consequências de uma sobrecarga em sistemas de proteção elétrica podem incluir danos aos equipamentos, falhas no sistema e riscos de incêndio.",0.0,0.0,0.0,0.0,0.9343377735460754,0.0,0.2,0.8480256846531663,0.19279279279279282,0.27350427350427353,0.0,0.0,1,0,1,1,1
7,Qual a importância da calça azul no uniforme da equipe?,"['Vantagens do C ontrat o de M anut enção \nAtravés do contrat o de manut enção , técnicos e gest ores de manut enção podem r eduzir a deg radação dos seus equipament os, prolongando \no tempo de vida útil e evitando int ervenções cor retivas , que geram cust os elevados e t êm impac tos negativ os.\nn   Supor te técnico por t elefone, durant e 24hs/dia\nn   Minimizar os r iscos e pr ejuíz os de t er um equipament o parado\nn   Prioridade no at endiment o no caso de uma parada \nn Redução da necessidade de manut enção cor retivas em at é 80% e \nconsequent e  redução de cust os\nn  Serviços de cor retivas , quando  inclusos no contrat o \nn Redução de cust o: equipament os com manut enção pr eventiva \nadequada sofr em menos desgast es e, por tanto \ntem sua vida útil ampliada. \nAv. Eng . Alber to de Zagottis , 760 - 04675-085 -  São P aulo - SP\nTel.: (11) 5696-5033 \nwww.cmcomandos .com.br\nSistema de \nSustentabilidade A uditadoIdentifique Nossa E quipe \nUniforme P adrão \nCamisa azul   Calça azul   Crachá  \nPedro\nSuporte Técnico0000000000001Nome:\nRG:\nSetor:João P edro \nMatrícula:\n1111 25.613.810-2\nAssistência Técnica\n1.Uso... \nJOÃO PEDRO \nSuporte Técnico Supor te Técnico\nCall C enter int egrado ao sist ema de gestão ERP\nTécnicos Treinados e Qualificados\nEquipados com I nstrumentação de P onta\nAnalisador de Har mônicos\nAtendiment o 24 horas - 7 dias da semana via C ontrat os\nde M anut enção P reditiva, P reventiva e C orretiva\n  Supor te Pleno de P ré e P ós-V enda\nAmpla cober tura em t odo o paísn   \nn  \nn  \nn  \nn  \nn\nn  \nCM MK T SET 2021  -   As especificações estão sujeitas a alterações sem pr évio aviso . Nós incentivamos a r eciclagem\nAtendiment o em t odo\n o Território Nacional\ncom filiais e r epresentant es nas pr incipais \ncidades e capitais , otimizando o t empo , \ncusto e buscando a ex celência\n na pr estação de ser viços\nEscaneie e saiba mais sobr e o\n contrat o de manut enção \nOSD  N LI A NM EO AC R EMSCISO\n90012015 OSD  N LI A NM EO AC R EMSC', 'Medidas de P roteção \nVitais para I nstalações \nElétr icas Hospitalar es\nFUNCIONAMENTO Sistema de Aterrament o IT Médico \nO Sistema IT Médico é um sistema de super visão de falhas de isolação nas instalações elétr icas aplicado em \nconfiguração de aterrament o tipo IT, conf orme previsão da norma NBR 13534:2008 da Anvisa. \nEsta norma visa garantir a manut enção dos equipament os de sustentação à vida, mesmo em caso de \nprimeira falha de isolação elétr ica nos Estabeleciment os Assistenciais a Saúde (EAS). \nA utilização desta proteção é compulsór ia nos ambient es hospitalar es do Grupo 2, nos quais se enquadram \nas Salas Cirúr gicas, UTIs , UTIs Neonatais e Salas de Hemodinâmica. \nA utilização do Sistema IT Médico aumenta a segurança \npara o pacient e e para o corpo clínico ,  pois a interrupção \nno forneciment o de ener gia elétr ica em caso de uma falta é evitada, pois mesmo em um caso de curto- \ncircuito fase t erra, por ex emplo , um equipament o eletr omédico pode ser usado para auxiliar ou substituir , \ntemporar iament e ou permanent ement e  funções vitais de um pacient e. \nAlém disso , ocor re uma redução nas correntes de fuga circulando pelo condut or de proteção , o que diminui \na tensão de contat o e consequent ement e a intensidade de um choque elétr ico acidental .\nO Sistema possui Dispositiv o Super visor de Isolament o (DSI), Dispositiv o Super visor de Temperatura (DST ) e \nDispositiv o Super visor de Corrente (DSC ) que mede a resist ência entre os condut ores de alimentação e o \ncondut or de proteção , sinalizando sonora e visualment e quando essa resist ência decr esce para 50 KΩ. \nCOMPOSIÇ ÃO BÁSIC A  Quadr o de Ener gia Elétrica  - Sistema IT Médico \nO sistema é compost o por: \n• Transf ormador de Separação \n• Dispositiv o Super visor de Isolament o (DSI) \n  Super visor de Temperatura (DST )\n  Super visor de Corrente (DSC ) \n• Dispositiv o Anunciador \n• Montagem em Rack\nOpcionais: \n• Gerador de Sinal BT-4000\n• Localizador Individual de Falha BT-0074/ BT 0078\n• Interface Homem-M áquina (IHM)']","The blue pants in the uniform of the team signify their role as trained and qualified technicians who are equipped with the necessary instrumentation to provide preventive, predictive, and corrective maintenance services. These services include call center support available 24 hours a day, 7 days a week, ensuring prompt and efficient assistance for their clients. The blue pants are part of the standard uniform that represents the team's commitment to providing high-quality services and sustaining a professional image.","A calça azul é parte do uniforme padrão da equipe, que inclui também a camisa azul e o crachá, indicando a identidade e a organização da equipe.",0.9999999999,1.0,0.0,0.2857142857142857,0.8920097759479066,0.42857142857142855,0.17,0.5145080887945234,0.17782026768642445,0.09090909090909091,0.0,0.0,0,0,1,0,0
8,características aplicações sistemas elétricos 30 kV ANo,"['Possui isolação galvânica reforçada, blindagem eletrostática \nentre enrolamentos primário e secundár io, conectados a um \nterminal própr io e com caracter ísticas elétricas e mecânicas que \ngarantem sua qualidade e confiabilidade.\nPossui sensores de temperatura do tipo PT-100 os quais são \nconectados ao módulo DST para super visão de temperatura.\nO transformador garante a confiabilidade das condições do \nisolamento do circuito elétrico sendo imprescindível para a \nsegurança nas aplicações cirúrgicas.\n       5,0 - 7,5   1135 X 456 X 466    130\n     7,5 - 7,5      1135 X 456 X 466    150\n     7,5 -10,0     1135 X 456 X 466        170Potência\nkVAPeso \nkgDimensões Físicas\nalt x lar g x prof \nmm\n  10,0 -10,0    1135 X 456 X 466       190\n      3,0 - 3,0   900 X 440 X 400     105\n     3,0 - 5,0    900 X 440 X 400     105\n     5,0 - 5,0    900 X 440 X 400         105Potência\nkVAPeso \nkgDimensões Físicas\nalt x lar g x prof \nmmGabinete duplo Gabinete duplo intermediário\n• Nor mas: 61557-8, IEC EN 64-8/7 - 710 and UNE 20615.\n*', 'Classe de Isolação:  \nF (150°C )\n Elev ação de Temper atur a:\nF (80°C )\nRuído audív el:\n    40 dB @ 1 metr o\nFreqüência :  \n60 H z  (Standar d)  \n50 H z  (Opcional)\nPotência Monofásica\nAté 10,0 kV A \nTensão P rimária\nAté 1000 VTRANSFORMADOR DE SEP ARAÇÃO CARACTERÍSTIC AS TÉCNIC AS \nO transf ormador de Separação é fabr icado de acor do com as nor mas \nIEC 61558-2-15 e NBR 13534.\nDISPOSITIV O SUPER VISOR DE ISOLAMENT O (DSI)  O DSI é o módulo de comando central do sist ema e r ealiza o monit orament o continuo do isolament o da r ede elétr ica ex clusiva, atra vés da injeção \nde sinais entr e a linha de alimentação do dispositiv o e o at errament o. \nO sinal injetado é compost o por component es ôhmicos adequados para um nív el máximo de dispersão t otal,  estabelecidos pela nor ma. \nCaso ocor ram nív eis maior es do que o nor mal,  o dispositiv o de super visão imediatament e atua, emitindo um sinal de alar me, para a int ervenção \ndas equipes de manut enção . \nO módulo DSI possui um micr oprocessador int erno, comunicação M odbus via RS485 e é pr ojetado dentr o dos cr itérios tecnológ icos mais \navançados ,  sendo pr eciso , segur o e confiá vel, carac terísticas exig idas pelas  aplicações médico -hospitalar es.']","A transformer used in medical-hospital applications, as described in the context, has reinforced galvanic insulation, electrostatic shielding between primary and secondary windings, and temperature sensors connected to a DST module for temperature supervision. It is fabricated according to IEC 61558-2-15 and NBR 13534 norms, and has a Dispositivo Supervisor de Isolamento (DSI) that continuously monitors the insulation of the electrical network and injects signals to detect any abnormalities. The DSI emits an alarm signal if higher-than-normal levels are detected.

Based on these characteristics, a 30 kV A system with similar features would provide enhanced safety and reliability for medical-hospital applications. The system would include reinforced insulation, shielding, temperature supervision, and a monitoring module equivalent to the DSI. This would ensure the safe and reliable operation of electrical equipment in medical-hospital environments.",As características e aplicações de sistemas elétricos de 30 kV ANo incluem a capacidade de operar com potência de 30 kV.,0.0,0.0,0.0,0.0,0.5229752072350301,,0.0,0.42553061473412573,0.10301768990634752,0.06134969325153375,0.0,0.0,0,1,1,0,1
9,Quais são as implicações de uma Falha Interna em um sistema?,"['Medidas de P roteção \nVitais para I nstalações \nElétr icas Hospitalar es\nFUNCIONAMENTO Sistema de Aterrament o IT Médico \nO Sistema IT Médico é um sistema de super visão de falhas de isolação nas instalações elétr icas aplicado em \nconfiguração de aterrament o tipo IT, conf orme previsão da norma NBR 13534:2008 da Anvisa. \nEsta norma visa garantir a manut enção dos equipament os de sustentação à vida, mesmo em caso de \nprimeira falha de isolação elétr ica nos Estabeleciment os Assistenciais a Saúde (EAS). \nA utilização desta proteção é compulsór ia nos ambient es hospitalar es do Grupo 2, nos quais se enquadram \nas Salas Cirúr gicas, UTIs , UTIs Neonatais e Salas de Hemodinâmica. \nA utilização do Sistema IT Médico aumenta a segurança \npara o pacient e e para o corpo clínico ,  pois a interrupção \nno forneciment o de ener gia elétr ica em caso de uma falta é evitada, pois mesmo em um caso de curto- \ncircuito fase t erra, por ex emplo , um equipament o eletr omédico pode ser usado para auxiliar ou substituir , \ntemporar iament e ou permanent ement e  funções vitais de um pacient e. \nAlém disso , ocor re uma redução nas correntes de fuga circulando pelo condut or de proteção , o que diminui \na tensão de contat o e consequent ement e a intensidade de um choque elétr ico acidental .\nO Sistema possui Dispositiv o Super visor de Isolament o (DSI), Dispositiv o Super visor de Temperatura (DST ) e \nDispositiv o Super visor de Corrente (DSC ) que mede a resist ência entre os condut ores de alimentação e o \ncondut or de proteção , sinalizando sonora e visualment e quando essa resist ência decr esce para 50 KΩ. \nCOMPOSIÇ ÃO BÁSIC A  Quadr o de Ener gia Elétrica  - Sistema IT Médico \nO sistema é compost o por: \n• Transf ormador de Separação \n• Dispositiv o Super visor de Isolament o (DSI) \n  Super visor de Temperatura (DST )\n  Super visor de Corrente (DSC ) \n• Dispositiv o Anunciador \n• Montagem em Rack\nOpcionais: \n• Gerador de Sinal BT-4000\n• Localizador Individual de Falha BT-0074/ BT 0078\n• Interface Homem-M áquina (IHM)', 'S I S T E M A PA R A L E L O M U LT I AT I V O ( E X C L U S I V O C M C O M A N D O S )\nA CM Comandos Lineares desenvolveu um sistema inovador e pioneiro no mundo de paralelismo entre No Breaks. O sistema Paralelo \nMulti Ativo permite a expansão do sistema, de acordo com sua demanda de consumo, podendo paralelar quantas unidades forem \nnecessárias para atender sua demanda, elevando a capacidade do sistema e a confiabilidade de sua aplicação.\nP O S S I B I L I D A D E D E S O M A T Ó R I A D E  P O T Ê N C I A S\nPermite a ligação para somatória de potência, utilizando dois ou mais No \nBreaks para atingir a demanda da carga total.\nQuando utilizado para somatória de potência, possibilita a ligação de \nNo Breaks com potências diferentes. Quando a ligação for feita com No \nBreaks de potências diferentes, a carga será distribuída \nproporcionalmente. Permite a ligação em paralelo redundante N + 1,  N + 2, N + 3 … N+X,  \npossibilitando o desligamento de uma ou mais unidades mantendo a \ncarga ativa.L I G A Ç Ã O E M P A R A L E L O R E D U N D A N T E\nA comunicação entre os No Breaks consiste no barramento de \ncomunicação comum, por onde transitam informações contendo \nnível de carga, sincronismo e a condição do by pass.C O M U N I C A Ç Ã O E N T R E O S N O B R E A K STodos os No Breaks são autônomos, operam de forma \nindependente no sistema e possuem controle individual.N Ã O E X I S T E N O B R E A K M E S T R E O U E S C R A V OPodem ser paraleladas quantas unidades forem necessárias, \npossibilitando expansão do sistema, de acordo com a demanda de \nconsumo.Q U A N T I D A D E I L I M I T A D A P A R A P A R A L E L I S M O\nM A N U T E N Ç Ã O D O N O B R E A K\nPermite a inserção ou retirada de um No Break no sistema, sem a \nnecessidade de parada.Rede Elétrica\nde Entrada\nSaídaNo Break 1\n Potência de \n30 kVANo Break 2\nPotência de \n10 kVANo Break 3\nPotência de \n20 kVA\nCarga fornecida pelo sistema = 150 kVANo Break 4\nPotência de \n30 kVANo Break 5\nPotência de \n20 kVANo Break 6\nPotência de \n40 kVA\nINTERFACES DE \nGERENCIAMENTO   \nREMOTO\nSão compostas por diversas ferramentas. O \nAdaptador SNMP NetMate permite\ngerenciar remotamente o No Break via a \nInternet através de um web browser,\nmonitorar o status e enviar alertas por e-mail. \nO software IP Power é uma ferramenta de \ngerenciamento  Windows Application e a \nversão Client é específica para  automatizar o \nshutdown de servidores, podendo desligar \nautomática e simultaneamente vários\ns e r v i d o r e s  e  e s t a ç õ e s .\nO Adaptador ArmModbus permite integrar \no  N o  B r e a k ,  v i a  u m a  p o r t a\nRS485, a Sistemas de Automação Predial.']","A failure in an electrical system, specifically a ""Falha Interna"" or internal fault, can have several implications. It can lead to a disruption in the electrical supply, which can be particularly problematic in critical care settings like hospitals. In the context provided, an internal fault in the IT Medical System can lead to interruption of electrical supply, which can impact the functioning of vital medical equipment and potentially endanger patients. Additionally, an internal fault can cause an increase in stray currents and reduce the effectiveness of the protective conductor, increasing the risk of accidental electric shock. The system mentioned in the context has several safety measures in place, such as the Dispositivo Supervisor de Isolamento (DSI), Dispositivo Supervisor de Temperatura (DST), and Dispositivo Supervisor de Corrente (DSC), which monitor the resistance between the power conductors and the protective conductor and alert when the resistance drops to 50 KΩ. However, the specific implications of a fault would depend on the exact nature and location of the fault within the system.","As implicações de uma Falha Interna em um sistema podem incluir interrupções nos serviços, perda de dados e a necessidade de diagnósticos e correções, afetando a operação e a confiabilidade do sistema.",0.0,0.0,0.0,0.0,0.7273409731715831,0.5,0.57,0.6196677587116179,0.14055505819158465,0.048309178743961345,0.0,0.0,1,1,1,1,1
10,Quais são as principais características de proteção do Estabilizador Eletrônico Perfection MI S2?,"['monobloco\n   \n    •Painel F rontal: em ABS de alta r esistência\n  \n    • A cabamento: pintura epó xi-pó na cor g rafite\n       com tratamento tér mico e anti- corrosivo\nTransf ormador Isolador : com blindagem\n    eletr ostátican  \nn  \nn   Alarmes\nContr olados pelo pr ocessador DSP\nTipos de Alarmes:\n   \n    •Sonor os: \n       »  A utocheck I nicialização\n       »  Tensão da Rede F ora da F aixa\n       »  Sobr ecar ga de Saída\n       »  F alha I nterna do Estabilizador\n       »  F reqüência da Rede F ora de F aixa\n   \n     •Sinalização: L eds de Status do P ainel\n       »  Rede Nor mal\n       »  Saída Nor mal\n       »  F alhan   \nn   Características de Oper ação\nRuído A udív el: 55 dBA a 60 dBA a 1 metr o\n MTBF (M ean Time Bet ween F ailur es): 50 mil horas\nMTTR (M ean Time To Repair): 30 minutos\nTemperatura Ambiente: \n   \n•Mínimo: 0ºC / M áximo 40ºC\n   \n    •Recomendada: 20ºC a 25ºC\nUmidade Relativa:\n   \n    •0% a 95% sem condensação\n   \n    •Recomendada: 45% a 55%\nAltitude: até 1.800m\n Tipo de Ambiente Recomendado:\n   \n    •Interno, instalação abr igada\n   \n    •Atmosf era: limpa, livr e de par tículas condutivas , \n      gases tó xicos , líquidos e inflamáv eis.\nGrau de P roteção: IP -20n   \nn  \nn   \nn   \n   \nn   \nn    \nn  \nn    \n   2000    2,0       620 X 200 X 600        41  \n   3000    3,0       620 X 200 X 600        43\n   5000    5,0       620 X 200 X 600           47\n   7500    7,5       620 X 200 X 600           61\n 10000  10,0       790 X 400 X 775        119\n 15000  15,0       790 X 400 X 775        147Modelo Potência \nkVADimensões Físicas\nalt x lar g x prof \nmmPeso \nkg\n* Opcional\nCM.MK T MAR 22  -   As especificações estão sujeitas a alterações sem pr évio aviso . Nós incentivamos a r eciclagem\nCertificação de \nSustentabilidade A uditadaESPECIFIC AÇÕES  TÉCNIC ASOs Estabilizador es de Tensão M icroprocessados P erfection MI S2 possuem uma tecnolog ia inédita de duplos con versor es estáticos com módulos IGBT s, de última geração . \nTotalmente contr olado por micr oprocessador DSP – Dig ital Sig nal P rocessor , o estabilizador cor rige instantaneamente qualquer var iação de tensão da r ede elétr ica da \nconcessionár ia, além de atenuar distor ção har mônica, var iações de fr equência e distúr bios elétr icos, gerando uma f orma de onda senoidal pura, e f ornecendo uma linha \nestabilizada ex clusiva e isolada para as aplicações sensív eis.\nA tecnolog ia DSP r ealiza medições em True RMS g raças à amostragem dig ital, sem r etardos ou desvios , com alta v elocidade e confiabilidade . Isso sig nifica que podemos \nproduzir sistemas cada v ez menor es e capaz es de r ealizar mais funções , com elevada confiabilidade .', 'Perfection S erie Premium Estabilizador a IGBT s  com  Sist ema B ypass A utomático\nCOMO FUNCIONA ?\nCARACTERÍSTICAS  PRINCIPAIS\nAlta Tecnologia DSP - Digital Signal Processor\nPermite funções avançadas e exclusivas em Real Time.\nQualquer variação é instantaneamente detectada e corrigida, sem \natrasos.\nSistema de Proteção de Sub e Sobretensão\nO DSP supervisiona e desliga automaticamente a saída em caso de \ndetecção de sub ou sobretensão. Rearma automaticamente quando \nretornar à condição normal.Medidores Digitais e em True RMS\nCom plena utilização dos recursos do processador DSP,  realizam \nmedições digitais com a precisão de multímetros.Processo de Regulação por Conversor a IGBTs\nProvê regulação estática de saída de ±1%, sem degraus de tensão, \ncom baixa impedância e alto rendimento elétrico, ou seja, é um \nestabilizador ideal com performance e precisão absolutas.Registro de Eventos Log\nO DSP registra permanentemente na memória não volátil E2PROM, \nos últimos 25.500 registros, possibilitando rastreabilidade total dos \neventos ocorridos no sistema.\nAlta Performance e Velocidade de Resposta\nCom  velocidade de correção inferior a 4 milissegundos, possui \nexcelente performance para cargas com altos picos de corrente.Sistema Bypass Automático\nSistema de proteção que, em caso de problemas, transfere \nautomaticamente a carga para um circuito alternativo, sem interrupção \nno fornecimento de energia.Alto Rendimento Elétrico\nGera menor dissipação térmica e proporciona economia no \nconsumo de energia elétrica.O Estabilizador Perfection SP é um equipamento que corrige as variações de tensão através de uma inovadora tecnologia de Conversores a IGBTs, \ncontrolados por chips DSP - sistema inovador no mercado mundial,  desenvolvido pela CM Comandos.\nSistema de Correção a IGBTs\nUm sofisticado con versor a módulos IGBT s gera a f orma de onda necessár ia para \ncorrigir as variações de tensão . O resultado é uma precisão de saída de ±1%, sem a \nutilização de taps ou degraus de tensão . \nPossui elevado rendimento elétr ico e alta capacidade de corrente , sendo indicado \npara aplicações exigentes com altos degraus de carga e picos de corrente .\nDSPMódulo de\nCorreção\nInversor\nIGB TRetificador\nIGB TTrafo\nIsolador *\nDispla y LCD\nInter face de sinalização , status de operação , \nalarmes e comandos contr olados pelo DSP.\nTecnologia DSP\nTodas as funções de contr ole e regulação ,  \nTrue RMS, comandos ,  alarmes , inter faces e registro log de \neventos , são realizadas pelo sofisticado micr oprocessador \nDSP, em Tempo Real .medições em Conversor a IGBTs\nUtiliza o estado da arte em conversor , Retificador e \nInversor . A IGBT s, e tecnolog ia PWM de Alta Frequência.Registro Log de Eventos\nGrava os últimos 25.500 registros, permitindo \nrastr eabilidade do histór ico de operação .Transf ormador Isolador\nCria uma linha exclusiva, isolada e não \ncompar tilhada com outras cargas não essenciais .Módulo de C orreção\nCorrige estaticamente as var iações de tensão .\nProteção de Sub e Sobretensão\nDesconec ta e protege a carga sensív el \nem caso de situação anor mal. \nSaída\nRede Elétr ica\nde Entr adaSistema de Bypass Automático\nPermite a continuidade da operação em caso de falhas e \nsobr ecar ga sem inter rupção .\n* Opcional']","The Perfection MI S2 electrical stabilizer has several protection features, including:

1. Alarm system: It includes several types of alarms such as auto-check initializing, power network tension, output overvoltage, internal failure of the stabilizer, power network frequency, and power network frequency out of range.
2. Digital signal processor (DSP) controlled: The DSP processor controls the alarm system and ensures the stabilizer's operation.
3. Surge and overvoltage protection: The DSP processor monitors and automatically shuts off the output in case of surge or overvoltage detection, and rearming automatically when it returns to normal conditions.
4. Digital and True RMS measurements: The DSP processor performs digital measurements with the precision of multimeters.
5. Automatic bypass system: In case of problems, the system automatically transfers the load to an alternative circuit without interrupting the energy supply.
6. High electrical performance: The stabilizer provides low impedance and high electrical efficiency, making it an ideal stabilizer with absolute performance and precision.
7. Transformer isolator: It creates an exclusive, isolated, and non-comparable line with other non-essential loads.
8. Protection of sub and overvoltage: It disconnects and protects the sensitive load in case of abnormal situations.

These protection features ensure the safe and reliable operation of the Perfection MI S2 electrical stabilizer.","As principais características de proteção do Estabilizador Eletrônico Perfection MI S2 incluem proteção contra sobrecarga, curto-circuito, sub e sobre tensão de entrada e saída, e sobre temperatura. Além disso, possui acionamento automático controlado pelo DSP e tempo de transferência nulo.",0.99999999995,0.0,0.0,0.9444444444444444,0.9580716339703744,1.0,0.09,0.7554858790085022,0.15147361206305687,0.038610038610038616,0.0,0.0,0,1,1,1,1
11,Quais são as principais funções dos sistemas de energia ininterrupta em um Digital Signal Processor?,"['Alta Tecnolog ia em\nProcessament o Dig ital\nde Sinais - DSP\nOS MAIS MODERNOS\nNO-BREAKS CORPORATIVOSVivemos em um mundo cada v ez mais ág il e prático . Um mundo conec tado por pr ocessador es, chips , softwares e \nperiféricos. Mas isso ainda não é o bastant e. Por isso , o mundo caminha para t ecnolog ias de pr ocessament o imediat o \nde dados . A CM C omandos Linear es está um passo à fr ente e of erece aos seus client es pr odut os dotados de uma \ntecnolog ia revolucionár ia, denominada P rocessament o Dig ital de Sinais - - DSP .\nToda a linha de No -Breaks  \nconta com a t ecnolog ia DSP .  Carac terística que \npropor ciona alta per formance e confiabilidade , Conception Multi Ativ o \npara aplicações de missão cr ítica. Ou seja, pr otegem as aplicações nas quais a continuidade da operação é de \nfundamental impor tância.\nequipament os pode ser atualizado , \nacrescentando novas funções em \nunidades já instaladas . Hoje , esta t ecnolog ia está pr esent e nos mais sofisticados sist emas eletr ônicos , devido à sua alta v elocidade e \nconfiabilidade . Processador es Dig itais de Sinais são capaz es de pr ocessar dez milhões de amostragens por segundo . \nIsso sig nifica pr ocessament o em t empo r eal -- o sinal é pr ocessado no mesmo instant e em que é r ecebido , sem \nretardos ou atrasos .\nProjetados com o uso int enso dos r ecursos da t ecnolog ia DSP ,  os No -Breaks C onception Multi Ativ o  ag regam nov os  \ne avançados r ecursos , que estabelecem um nov o conceit o em desen volviment o, no qual o fir mware dos \nAdquir indo No -Breaks , cont e com as \nsoluções da CM C omandos , que \nasseguram t ecnolog ia de ponta, \nmáxima pr oteção , precisão dig ital e \nprocessament o em t empo r eal.  Modelo 300kV A', 'Alta Tecnologia em\nProcessamento Digital\nde Sinais - DSP\nO S M A I S M O D E R N O S\nN O B R E A K S C O R P O R AT I V O SVivemos em um mundo cada vez mais ágil e prático. Um mundo conectado por processadores, chips, softwares e \nperiféricos. Mas isso ainda não é o bastante. Por isso, o mundo caminha para tecnologias de processamento imediato \nde dados. A CM Comandos Lineares está um passo à frente e oferece aos seus clientes produtos dotados de uma \ntecnologia revolucionária, denominada Processamento Digital de Sinais -- DSP .\nToda a linha de No Breaks Innovation S1 Trifásico  \nTransformerless conta com a tecnologia DS P.   \nCaracterística que proporciona alta performance e \nconfiabilidade, tornando-os ideais para aplicações de missão crítica. Ou seja, protegem as aplicações nas quais a \ncontinuidade da operação é de fundamental importância.\ndos equipamentos pode ser atualizado, \nacrescentando novas funções em \nunidades já instaladas. Hoje, esta tecnologia está presente nos mais sofisticados sistemas eletrônicos, devido à sua alta velocidade e \nconfiabilidade. Processadores Digitais de Sinais são capazes de processar dez milhões de amostragens por segundo. \nIsso significa processamento em tempo real -- o sinal é processado no mesmo instante em que é recebido, sem \nretardos ou atrasos.\nProjetados com o uso intenso dos recursos da tecnologia DSP ,  os No Breaks Innovation Trifásico Transformerless  \nagregam novos  e avançados recursos, que estabelecem um novo conceito em desenvolvimento, no qual o firmware \nAo pensar em adquirir No Breaks,     \nconte com as soluções da\nCM Comandos, que asseguram \ntecnologia de ponta, máxima proteção, \nprecisão digital e processamento        \nem tempo real.']","The main functions of uninterruptible power supply (No-Break or UPS) systems in a Digital Signal Processor (DSP) are to ensure high performance, provide reliability, allow for system updates with new functions on existing units, protect applications where operation continuity is fundamentally important, and process signals in real-time with high precision and no delays. These features are made possible by the integration of DSP technology and advanced firmware solutions provided by companies like CM Commandos Linear.",As principais funções dos sistemas de energia ininterrupta em um Digital Signal Processor incluem garantir a continuidade do fornecimento de energia e proteger o processador contra interrupções e flutuações de energia.,0.99999999995,0.0,0.0,0.14285714285714285,0.8062520305668813,0.14285714285714285,0.25,0.6642427467433135,0.23946360153256707,0.05405405405405405,0.0,0.0,0,0,1,0,1
12,papel auditoria OSD sistema sustentabilidade,"['CM COMANDOS LINEARES\nOSDN LI A NM EO AC REM SCISO\n9001\n2015\nSistema de \nSustentabilidade AuditadaAv. Eng. Alberto de Zagottis, 760 - 04675-085 - São Paulo - SP\nTel.: (11) 5696-5000 - Fax: (11) 5696-5055\nwww.cmcomandos.com.brOSD L NI A NM EA OR CEM SCISO\n9001\n2015', 'Av. Eng . Alber to de Zagottis , 760 - 04675-085 -  São P aulo - SP\nTel.: (11) 5696-5000\nwww.cmcomandos .com.brOSD  N LI A NM EO AC R EM SCISO\n90012015\nSistema de \nSustentabilidade A uditado\nMEDIDAS DE PRO TEÇÃO VITAIS P ARA INST ALAÇÕES ELÉTRIC AS HOSPIT ALARES \nO Transf ormador de Separação possui alta isolação galvânica e gera um \ncircuito elétr ico isolado com sist ema de at errament o IT. \nEste cir cuito ex clusiv o  é monit orado pelo DSI.  Na ocor rência de qualquer \nfalha de isolação das car gas sensív eis alimentadas , o DSI imediatament e \naciona um alar me  para  a equipe de manut enção .       Sist ema IT \nSistema IT c om IHM e L ocalizador de F alhas Exemplos de Diagr amas de Aplicações  \n Imagens Ilus trativas\n Imagens Ilus trativas\nCM MK T  JAN 24 - *As especificações  técnicas estão sujeitas a alterações sem aviso pr évio e conf orme necessidades de pr ojetos customizados .                 Nós incentivamos a r eciclagem.']","The system of audited sustainability includes a Transformer of Separation with high galvanic isolation, which generates an isolated electrical circuit with an IT system. This exclusive circuit is monitored by the DSI. In case of any failure in the isolation of the sensitive components supplied, the DSI immediately triggers an alarm for the maintenance team. The IT system also includes an IHM and a Fault Localizer. Examples of Application Diagrams and Illustrative Images are provided. The specifications are subject to change without prior notice, according to the needs of customized projects. The company encourages recycling.",O papel da auditoria no sistema de sustentabilidade é garantir que as especificações e práticas estejam em conformidade com as normas e promovam a reciclagem.,0.0,0.0,0.0,0.875,0.5977235639081105,1.0,0.18,0.3145184641661947,0.1708860759493671,0.01652892561983471,0.0,0.0,0,1,1,0,0
13,Qual é a função principal de um adaptador SNMP em redes de computadores?,"['REGISTRO PERMANENTE\nDE E VENT OSCORREÇÃO DO  F ATOR DE*POTÊNCIA\nO DSP ar maz ena os ev entos em sua memór ia EEPR OM. \nFunciona como uma “caixa-pr eta”, sendo possív el rastr ear os \nvalor es das medições e a posição das cha ves int ernas, \ndenunciando ev entuais er ros de operação .Conhecido pela sigla PFC - P ower Factor Correction, est e \nsistema per mite que o F ator de P otência de Entrada do \nNo-Break seja 0.99 - cor rigindo os ef eitos das car gas não \nlinear es e har mônicas conec tadas na saída do No -Break.-INTERF ACES DE GERENCIAMENT O\nREMO TO\nSão compostas por div ersas f erramentas . O A daptador SNMP NetM ate \npermite ger enciar r emotament e o No -Break via a I nternet atra vés de \num w eb br owser , monit orar o status e en viar aler tas por e -mail . \nO sof tware IP P ower é uma f erramenta de ger enciament o  Windows \nApplication e a v ersão Client é específica para  aut omatizar o shut down \nde ser vidor es, podendo desligar aut omática e simultaneament e vár ios \nservidor es e estações . \nO Adaptador Ar mModbus per mite int egrar o No -Break, via um\nRS485, a Sist emas de A utomação P redial atra vés do pr otocolo M odbus .a por ta INTERF ACES  DE  SHUTDO WN  \nE GERENCIAMENT O  REMO TO\nPorta M icroprocessada DB9A   Inter face de Ger enciamento Remoto \n  \nB   Adaptador SNMP\n     \nMultisser vidor es\nMultiplataf ormas\nMulti-S.O .C   Client Shutdown\nD  Estação Remota\n     Sof tware com \n     conexão à I nter net\nRede Ethernet RJ45', 'S I S T E M A PA R A L E L O M U LT I AT I V O ( E X C L U S I V O C M C O M A N D O S )\nA CM Comandos Lineares desenvolveu um sistema inovador e pioneiro no mundo de paralelismo entre No Breaks. O sistema Paralelo \nMulti Ativo permite a expansão do sistema, de acordo com sua demanda de consumo, podendo paralelar quantas unidades forem \nnecessárias para atender sua demanda, elevando a capacidade do sistema e a confiabilidade de sua aplicação.\nP O S S I B I L I D A D E D E S O M A T Ó R I A D E  P O T Ê N C I A S\nPermite a ligação para somatória de potência, utilizando dois ou mais No \nBreaks para atingir a demanda da carga total.\nQuando utilizado para somatória de potência, possibilita a ligação de \nNo Breaks com potências diferentes. Quando a ligação for feita com No \nBreaks de potências diferentes, a carga será distribuída \nproporcionalmente. Permite a ligação em paralelo redundante N + 1,  N + 2, N + 3 … N+X,  \npossibilitando o desligamento de uma ou mais unidades mantendo a \ncarga ativa.L I G A Ç Ã O E M P A R A L E L O R E D U N D A N T E\nA comunicação entre os No Breaks consiste no barramento de \ncomunicação comum, por onde transitam informações contendo \nnível de carga, sincronismo e a condição do by pass.C O M U N I C A Ç Ã O E N T R E O S N O B R E A K STodos os No Breaks são autônomos, operam de forma \nindependente no sistema e possuem controle individual.N Ã O E X I S T E N O B R E A K M E S T R E O U E S C R A V OPodem ser paraleladas quantas unidades forem necessárias, \npossibilitando expansão do sistema, de acordo com a demanda de \nconsumo.Q U A N T I D A D E I L I M I T A D A P A R A P A R A L E L I S M O\nM A N U T E N Ç Ã O D O N O B R E A K\nPermite a inserção ou retirada de um No Break no sistema, sem a \nnecessidade de parada.Rede Elétrica\nde Entrada\nSaídaNo Break 1\n Potência de \n30 kVANo Break 2\nPotência de \n10 kVANo Break 3\nPotência de \n20 kVA\nCarga fornecida pelo sistema = 150 kVANo Break 4\nPotência de \n30 kVANo Break 5\nPotência de \n20 kVANo Break 6\nPotência de \n40 kVA\nINTERFACES DE \nGERENCIAMENTO   \nREMOTO\nSão compostas por diversas ferramentas. O \nAdaptador SNMP NetMate permite\ngerenciar remotamente o No Break via a \nInternet através de um web browser,\nmonitorar o status e enviar alertas por e-mail. \nO software IP Power é uma ferramenta de \ngerenciamento  Windows Application e a \nversão Client é específica para  automatizar o \nshutdown de servidores, podendo desligar \nautomática e simultaneamente vários\ns e r v i d o r e s  e  e s t a ç õ e s .\nO Adaptador ArmModbus permite integrar \no  N o  B r e a k ,  v i a  u m a  p o r t a\nRS485, a Sistemas de Automação Predial.']","An adaptador SNMP, or Simple Network Management Protocol, in a computer network primarily functions to facilitate remote management of devices, such as a No-Break or UPS (Uninterruptible Power Supply), via the internet using a web browser. It allows for monitoring the status and sending alerts via email. This is achieved by transmitting information containing details such as load level, synchronism, and bypass condition through a common communication bus. Each No-Break operates independently in the system and has individual control. Additionally, the SNMP adaptor enables integration of the No-Break with building automation systems through a serial RS485 port.","A função principal de um adaptador SNMP em redes de computadores é gerenciar e monitorar dispositivos de rede, permitindo a comunicação entre eles e a coleta de informações sobre seu desempenho.",0.99999999995,0.0,0.0,0.4,0.9932917874124181,0.8,0.22,0.6798080507710738,0.19190404797601202,0.06015037593984962,0.0,0.0,0,0,1,1,0
14,Qual a importancia do 'Re' no rta Contato Seco DB9?,"['Módulo de Ba teria Equaliz er\nProcessador:   DSP\nInter faces:  2 Portas RJ11\nSensor Temper atura:  Interno\nGabinete:   ABS\nDimensões:   12 x 65 x 113 mm - 50 g\no\n  Ambiente:   abrigado , IP-20, 0 a 60 C, umidade\n  relativa máx 90% não condensante .\nModelo Equaliz er M12 - MB02 \nTensão nominal:   12 VDC - 02VDC \nCapacidade:  7 a 600 Ah - 7 a 5.000 Ah n   \nn    \nn    \nn    \nn   \nn \nn   \nn   \nn   \nMódulo de C orrente \n Descrição:\nAcessório (opcional) destinado à medição da \ncorrente elétrica que circula pelo banco de \nbaterias com indicação do sentido da corrente \nelétrica (C arga ou Descar ga).\nEspecificações:\nTensão de alimentação:  5V\nErro:  ≤ 1,5% @ corrente nominal\nComunicação:  RS-232 (Nív el TTL)n \nn', 'DominionSP1\nCARACTERÍSTIC AS  PRINCIP AIS\nTecnologia A vançada DSP  (Digital Signal P rocessor)\nMemória Int erna par a Registr o de E ventos\nMedições em True RMS c om P recisão de Multímetr os\nCorreção do F ator de P otência de E ntr ada0.99*\nAcionament os Monit orados pelo P rocessador DSPPermite funções a vançadas e ex clusivas em t empo r eal.\nPermite que sejam rastr eados para análise .\nSão ideais para a medição de car gas não linear es.\nAtua como filtr o para as car gas não -linear es.\nAs manobras são r egistradas e g ravadas no log de ev entos.TECNOL OGIA  ON-LINE  C OM  BYP ASS  ESTÁTIC O  DE  MANUTENÇÃO\nCorr ente Alternada de Entrada\nCorr ente ContínuaCorr ente Alternada de Saída\nCorr ente Alternada B ypass Estático  Corr ente Alternada B ypass Manual de Manutenção  Saída Rede Elétric a\nde Entr adaRede P resente\nFalha de Rede\nBypass Estátic o\nBypass Manual de\n ManutençãoBypass Manual de Manutenção\nNeste modo de operação , a car ga é alimentada dir etamente pelo cir cuito \nalter nativ o de B ypass que possibilita o desligamento completo do \nequipamento , podendo assim, r ealizar uma manutenção com substituições de \npeças e placas sem a necessidade de desligamento . Com o auxílio da chav e \nestática, após a manutenção , é possív el transf erir novamente o No -Break para \no modo nor mal mantendo a car ga sempr e alimentada.\nRetificador\nConverte a ener gia da r ede elétr ica \nda concessionár ia ou do g rupo \ngerador em cor rente contínua, \ncorrigindo ou eliminando \ndistúr bios da entrada do sistema.\nBanco de Baterias\nArmaz ena ener gia reser va para alimentar o No -Break durante \num per íodo pr é-deter minado , denominado como tempo de \nautonomia do No -Break.Inversor\nConverte a cor rente contínua do r etificador ou das \nbater ias em cor rente alter nada de saída, com f orma de \nonda senoidal pura, livr e de distúr bios .Transf ormador Isolador\nIsola a tensão de saída, garantindo assim uma \nmelhor qualidade de ener gia, filtrando possív eis \nruídos ex ternos mesmo operando em modo B ypass . Bypass Estático\nSistema de pr oteção que , \nem caso de falha, transf ere \nautomaticamente a car ga \npara a linha de B ypass \nsem inter rupções na saída \ne opera em sincr onismo \nde fase . \nPossibilidade de Upgr ade do F irmwar e do DSP\nAjust es da Tensão por Sof twar e\nBypass Estátic o e Bypass M anual de M anut enção\nGerenciament o Remot o Real-Time Via Int ernet*\nCompatív el com Todos os Grupos G erador esGarant e a atualização e pr eser vação do in vestiment o.\nAsseguram elevada pr ecisão e confiabilidade .\nAdicionam pr oteção e elevam a confiabilidade da car ga sensív el.\nVia TCP/IP e fir ewalls com pr oteção de senhas para acesso r emot o.\nPrecisão e t otal pr oteção para operação com g rupos gerador es.']","The 'Re' in the context likely refers to the ""Receive"" pin in a DB9 connector, which is used for receiving data in a serial communication. This pin is important because it allows for the transmission of information from the device being connected to the DB9 connector. In the context of a power system, this could be used for communication between different components, such as sending data about power usage or system status. However, without more specific context, it is difficult to determine the exact role of the 'Re' pin in this particular system.",A importância do 'Re' no rta Contato Seco DB9 não está clara no contexto fornecido.,0.0,1.0,0.0,0.0,0.0,0.14285714285714285,0.29,0.5829053633976707,0.12115732368896925,0.05454545454545454,0.0,0.0,0,0,1,0,0
15,Quais situacões que email é mandado no texto sobre rmes?,"['Vantagens do C ontrat o de M anut enção \nAtravés do contrat o de manut enção , técnicos e gest ores de manut enção podem r eduzir a deg radação dos seus equipament os, prolongando \no tempo de vida útil e evitando int ervenções cor retivas , que geram cust os elevados e t êm impac tos negativ os.\nn   Supor te técnico por t elefone, durant e 24hs/dia\nn   Minimizar os r iscos e pr ejuíz os de t er um equipament o parado\nn   Prioridade no at endiment o no caso de uma parada \nn Redução da necessidade de manut enção cor retivas em at é 80% e \nconsequent e  redução de cust os\nn  Serviços de cor retivas , quando  inclusos no contrat o \nn Redução de cust o: equipament os com manut enção pr eventiva \nadequada sofr em menos desgast es e, por tanto \ntem sua vida útil ampliada. \nAv. Eng . Alber to de Zagottis , 760 - 04675-085 -  São P aulo - SP\nTel.: (11) 5696-5033 \nwww.cmcomandos .com.br\nSistema de \nSustentabilidade A uditadoIdentifique Nossa E quipe \nUniforme P adrão \nCamisa azul   Calça azul   Crachá  \nPedro\nSuporte Técnico0000000000001Nome:\nRG:\nSetor:João P edro \nMatrícula:\n1111 25.613.810-2\nAssistência Técnica\n1.Uso... \nJOÃO PEDRO \nSuporte Técnico Supor te Técnico\nCall C enter int egrado ao sist ema de gestão ERP\nTécnicos Treinados e Qualificados\nEquipados com I nstrumentação de P onta\nAnalisador de Har mônicos\nAtendiment o 24 horas - 7 dias da semana via C ontrat os\nde M anut enção P reditiva, P reventiva e C orretiva\n  Supor te Pleno de P ré e P ós-V enda\nAmpla cober tura em t odo o paísn   \nn  \nn  \nn  \nn  \nn\nn  \nCM MK T SET 2021  -   As especificações estão sujeitas a alterações sem pr évio aviso . Nós incentivamos a r eciclagem\nAtendiment o em t odo\n o Território Nacional\ncom filiais e r epresentant es nas pr incipais \ncidades e capitais , otimizando o t empo , \ncusto e buscando a ex celência\n na pr estação de ser viços\nEscaneie e saiba mais sobr e o\n contrat o de manut enção \nOSD  N LI A NM EO AC R EMSCISO\n90012015 OSD  N LI A NM EO AC R EMSC', 'Manutenção sem desligar o sistema\nOs testes de bater ia individuais são possív eis \nremotamente , sem o esf orço para desligar as bater ias. \nAs manutenções e as análises  de bater ia podem ser \nrealizadas em condições r eais de operação , sem a \nnecessidade de paradas no sistema.\nOtimiza a manutenção em campo\nA equipe de manutenção se desloca somente quando \nhá inter venções cor retivas e dir etas na bater ia que \napresentar def eito na ocor rência de alar mes ou na \nanálise de diag nóstico e , é clar o, reduz enor mes custos \noperacionais .\nOSD  N LI A NM EO AC R EM SCISO\n90012015\nAv. Eng . Alber to de Zagottis , 760 - 04675-085 -  São P aulo - SP\nTel.: (11) 5696-5000 \nwww.cmcomandos .com.br\nSistema de \nSustentabilidade A uditado\nCM MK T FEV 2022 - As especificações estão sujeitas a alterações sem pr évio aviso . Nós incentivamos a r eciclagemESPECIFICAÇÕES  TÉCNICAS\nCabos de Medição\nPara medição de impedância dos módulos Equaliz er \nMódulos M12 - 12VDC ( Terminais M6,  M8 e M10) \nCabos de C omunicação\nCabos para comunicação entre os módulos Equaliz er (025m \na 10m)Master C ontr oller \nContr ola os módulos de bater ias e f ornece a inter face para ger enciamento r emoto .\nHar dware:  \nProcessador:   ARM Cor tex A7 696 MH z • 512 MB memór ia RAM e 8GB F lash.\nMemória:   Flash ar maz ena até 12 meses conf orme quantidade de bater ias.\nCapacidade:   até 256 str ings de bater ias\nCada string:    até 256 módulos Equaliz er por str ing\nCapacidade total:   até 65.536 módulos Equaliz er\nRTC:  Relóg io em Tempo Real e Watchdog inter no\n Inter faces:  \n    •1 Porta RJ11 - Comunicação   \n    •1 Porta RJ45 10/100 Mbit - Ether net \n Dimensões:   28 x 97 x 111 mm - 180 g\no\nAmbiente:   abrigado , IP-20, 0 a 60 C, umidade r elativa de 20% a 90% não condensante .\nAlimentação:   5 VDC, estabilizada.\nFonte:\n   Adaptador ex terno de 110/220V AC para 5VDC estabilizada -  r equer tomada com No -Break.n   \nn   \nn   \nn   \nn   \nn   \nn   \nn  \nn  \nn   \nn   \nn     \nn     \nn   \nn   \nn   \nn    \nn  \nn    \nn   \nn   \nn   \nn   \nn    \nn   \nn    \nn    \nn    \nn    \nn   \n \nn   \nn    Software:\n Sistema Operacional Embar cado\nWeb Ser ver Integ rado \nContr ole de A cesso por Senha em dois nív eis\nAcesso por Nav egador Web\n Layout Responsiv o, pronto para PCs , Tablets e \n   Smar tphones \nEnvia E-mails de Aler ta\nAcesso Ser vidor E-mail com Senha Cr iptog rafada\nProtocolo SSL Secur e Sock et Lay er \nRelóg io Interno em Tempo Real – R TC \nSincr onismo com Time Ser ver ex terno\nGráficos de P erformance dir eto no Nav egador\nProtocolo SNMP V1, V3 e M odbus O ver IP \nArmaz ena L og de Ev entos de Alar mes\nArmaz ena Data L ogger M edições da Bater ia\nBanco de Dados ANSI SQL\nCapacidade de Ar maz enamento 1 Ano\nFrequência de Gravação no Banco de Dados\n   Configuráv el\nOpção salvar Banco de Dados via TCP/IP\nRotinas de manutenção do Banco de Dados .']","The text mentions that an email is sent as an alert. However, it does not provide specific situations when an email is sent. The context describes a system that monitors batteries and sends alerts when certain conditions are met, but it does not give details on what those conditions are.","As situações em que um e-mail é enviado no texto sobre rmes incluem: operação normal, falha de rede, pré-alarme de baterias, bypass estático, bypass manual, sobrecarga de saída e falha interna.",0.0,0.0,0.0,0.0,0.0,1.0,0.29,0.4779084556529643,0.28125,0.023255813953488372,0.0,0.0,0,0,1,0,0
16,Quais sã as vantajis do uso de um painel frontl em ABS de alta resistncia?,"['Bypass Estátic o\nAcionamento:  automático , contr olado pelo DSP\nTempo de Transf erência:  0ms (nulo)\nRetr ansf erência ao Modo Normal:  automática \nBypass Manual de Manutenção\nAcionamento:  manual , atrav és de disjuntorn   \nn   \nn   \nn   \nn   \nn   Permite manutenção do No -Break, sem desligar a\n   car ga\nReposição ao Modo Normal:  sem inter rupção\nAlarmes\nContr olados pelo pr ocessador DSP\nTipos de Alarmes:\n    •Sonor os:\n       »  F alta de Rede: 1 toque por segundo  \n       »  P ré-alar me das Bater ias: 2 toques por segundo  \n       »  F alha I nterna do No -Break\n    \n    •Mensagens de Aler ta:\n       »  Display de Cr istal Líquido\n       »  Sof tware IP P ower via TCP/IP*\n       »  M ensagem por e -mail*:\n           -  Operação Nor mal\n           -  F alha de Rede\n           -  P ré-alar me de Bater ias\n           -  B ypass Estático \n           -  B ypass M anual \n           -  Sobr ecar ga de Saída\n           -  F alha I nterna n   \nn   \n   Log de E ventos\nRegistr os Armaz enados:\n    •Reg istro em memór ia EEPR OM\n    \n    •Indicação de data, hora e ocor rência\n    \n    •Medições\n    \n    •Status de operação e alar mes do painel\n   \n    •Status chav es inter nasn   \n   \nProteção Elétricas\nSub e Sobr etensão de Entrada e Saída\nSub e Sobr etensão DC e Bater ia\nSobr ecar ga e C urto-Circuito\nMínima Descar ga de Bater ian     \nn     \nn     \nn     \nMedições\nTrue RMS\nPotência de Saída em kV A\n Potência de Saída em kW\nFator de P otência de Saída\nTensão de Saída\nCorrente de Saída\nFrequência de Saída\nTensão de Bater ia\nTensão de Entrada\nFrequência de Entradan   \nn   \nn  \nn   \nn   \nn   \nn   \nn   \nn   \nn   Características Físicas e Mecânicas\nDimensões Compac tas \n Display : LCD - cr istal líquido r etroiluminado\nEstrutura do G abinete: \n    •Rack: metálico \n    \n    •Painel F rontal: em ABS de alta r esistência \n    \n    •Tampas laterais e super ior removív eis \n    \n    •Acabamento: pintura epó xi-pó na cor g rafite\n       com tratamento tér mico e anticor rosivo \n Movimentação: por r odízios autossustentáv eis \nRodízios com travas*\nTransf ormador Isolador (blindagem eletr ostática*)\nPorta de Comunicação\n    \n    •Serial RS232C Isolada F ull Duplex -DB9 F êmea\n   \n    •Contato Seco DB9 F êmea\nInter faces de G erenciamento\n Mono e multiusuár io, cliente -server e multi-ser ver\nVários ser vidor es em um único No -Break\nFerramentas de Shutdown e Ger enciamento\nProtocolos:\n   \n    •Ser ial RS232 \n    \n    •Serial RS485*\n    \n    •SNMP / Telnet / http / TCP/IP*\nSoftwares de Ger enciamento*\n   \n    •IP P ower e IP P ower SE\n    \n    •Adaptador SNMP NetM ate \n    \n    •Adaptador Ar mModbus RS485\nAmbientes e Sistemas Operacionais\n   \n    •W indows 8 / 10 / 2010 \n    \n    •Linux * \n       (Mar cas dos r espec tivos fabricantes)n   \nn  \nn   \nn   \nn    \nn    \nn     \nn  \nn   \nn   \nn   \nn   \nn       \n    5000       5,00      X 280 X 647         97\n    7500       7,', 'monobloco\n   \n    •Painel F rontal: em ABS de alta r esistência\n  \n    • A cabamento: pintura epó xi-pó na cor g rafite\n       com tratamento tér mico e anti- corrosivo\nTransf ormador Isolador : com blindagem\n    eletr ostátican  \nn  \nn   Alarmes\nContr olados pelo pr ocessador DSP\nTipos de Alarmes:\n   \n    •Sonor os: \n       »  A utocheck I nicialização\n       »  Tensão da Rede F ora da F aixa\n       »  Sobr ecar ga de Saída\n       »  F alha I nterna do Estabilizador\n       »  F reqüência da Rede F ora de F aixa\n   \n     •Sinalização: L eds de Status do P ainel\n       »  Rede Nor mal\n       »  Saída Nor mal\n       »  F alhan   \nn   Características de Oper ação\nRuído A udív el: 55 dBA a 60 dBA a 1 metr o\n MTBF (M ean Time Bet ween F ailur es): 50 mil horas\nMTTR (M ean Time To Repair): 30 minutos\nTemperatura Ambiente: \n   \n•Mínimo: 0ºC / M áximo 40ºC\n   \n    •Recomendada: 20ºC a 25ºC\nUmidade Relativa:\n   \n    •0% a 95% sem condensação\n   \n    •Recomendada: 45% a 55%\nAltitude: até 1.800m\n Tipo de Ambiente Recomendado:\n   \n    •Interno, instalação abr igada\n   \n    •Atmosf era: limpa, livr e de par tículas condutivas , \n      gases tó xicos , líquidos e inflamáv eis.\nGrau de P roteção: IP -20n   \nn  \nn   \nn   \n   \nn   \nn    \nn  \nn    \n   2000    2,0       620 X 200 X 600        41  \n   3000    3,0       620 X 200 X 600        43\n   5000    5,0       620 X 200 X 600           47\n   7500    7,5       620 X 200 X 600           61\n 10000  10,0       790 X 400 X 775        119\n 15000  15,0       790 X 400 X 775        147Modelo Potência \nkVADimensões Físicas\nalt x lar g x prof \nmmPeso \nkg\n* Opcional\nCM.MK T MAR 22  -   As especificações estão sujeitas a alterações sem pr évio aviso . Nós incentivamos a r eciclagem\nCertificação de \nSustentabilidade A uditadaESPECIFIC AÇÕES  TÉCNIC ASOs Estabilizador es de Tensão M icroprocessados P erfection MI S2 possuem uma tecnolog ia inédita de duplos con versor es estáticos com módulos IGBT s, de última geração . \nTotalmente contr olado por micr oprocessador DSP – Dig ital Sig nal P rocessor , o estabilizador cor rige instantaneamente qualquer var iação de tensão da r ede elétr ica da \nconcessionár ia, além de atenuar distor ção har mônica, var iações de fr equência e distúr bios elétr icos, gerando uma f orma de onda senoidal pura, e f ornecendo uma linha \nestabilizada ex clusiva e isolada para as aplicações sensív eis.\nA tecnolog ia DSP r ealiza medições em True RMS g raças à amostragem dig ital, sem r etardos ou desvios , com alta v elocidade e confiabilidade . Isso sig nifica que podemos \nproduzir sistemas cada v ez menor es e capaz es de r ealizar mais funções , com elevada confiabilidade .']","ABS, or Acrylonitrile Butadiene Styrene, is a type of plastic that is known for its strength and resistance to impact, chemicals, and heat. When used in a panel front, it can provide several benefits, such as:

1. Durability: ABS is a strong and impact-resistant material, which makes it ideal for use in environments where the panel may be subject to rough handling or accidental impacts.
2. Chemical resistance: ABS is resistant to a wide range of chemicals, which can help protect the internal components of the device from damage due to exposure to harsh substances.
3. Heat resistance: ABS has a relatively high melting point and can withstand exposure to high temperatures without warping or deforming.
4. Easy to clean: ABS is a smooth, non-porous material that can be easily wiped down with a damp cloth, making it a good choice for use in environments where cleanliness is important.
5. Aesthetics: ABS can be molded into a variety of shapes and colors, which can help make the device more visually appealing.

It's important to note that the specific benefits of using ABS in a panel front will depend on the application and the specific requirements of the device.","As vantagens do uso de um painel frontal em ABS de alta resistência incluem durabilidade, resistência a impactos e um acabamento que proporciona proteção contra corrosão.",0.0,0.0,0.0,0.26666666666666666,0.8837079733585691,0.0,0.32,0.6256925260947801,0.12340425531914889,0.043290043290043295,0.0,0.0,0,0,1,1,0
17,Quais sã as principais caracteristicas da rta M icroprocessada mencionadas no txt?,"['Alta Tecnolog ia em\nProcessament o Dig ital\nde Sinais - DSP\nOS MAIS MODERNOS\nNO-BREAKS CORPORATIVOSVivemos em um mundo cada v ez mais ág il e prático . Um mundo conec tado por pr ocessador es, chips , softwares e \nperiféricos. Mas isso ainda não é o bastant e. Por isso , o mundo caminha para t ecnolog ias de pr ocessament o imediat o \nde dados . A CM C omandos Linear es está um passo à fr ente e of erece aos seus client es pr odut os dotados de uma \ntecnolog ia revolucionár ia, denominada P rocessament o Dig ital de Sinais - - DSP .\nToda a linha de No -Breaks  \nconta com a t ecnolog ia DSP .  Carac terística que \npropor ciona alta per formance e confiabilidade , Conception Multi Ativ o \npara aplicações de missão cr ítica. Ou seja, pr otegem as aplicações nas quais a continuidade da operação é de \nfundamental impor tância.\nequipament os pode ser atualizado , \nacrescentando novas funções em \nunidades já instaladas . Hoje , esta t ecnolog ia está pr esent e nos mais sofisticados sist emas eletr ônicos , devido à sua alta v elocidade e \nconfiabilidade . Processador es Dig itais de Sinais são capaz es de pr ocessar dez milhões de amostragens por segundo . \nIsso sig nifica pr ocessament o em t empo r eal -- o sinal é pr ocessado no mesmo instant e em que é r ecebido , sem \nretardos ou atrasos .\nProjetados com o uso int enso dos r ecursos da t ecnolog ia DSP ,  os No -Breaks C onception Multi Ativ o  ag regam nov os  \ne avançados r ecursos , que estabelecem um nov o conceit o em desen volviment o, no qual o fir mware dos \nAdquir indo No -Breaks , cont e com as \nsoluções da CM C omandos , que \nasseguram t ecnolog ia de ponta, \nmáxima pr oteção , precisão dig ital e \nprocessament o em t empo r eal.  Modelo 300kV A', 'Alta Tecnologia em\nProcessamento Digital\nde Sinais - DSP\nO S M A I S M O D E R N O S\nN O B R E A K S C O R P O R AT I V O SVivemos em um mundo cada vez mais ágil e prático. Um mundo conectado por processadores, chips, softwares e \nperiféricos. Mas isso ainda não é o bastante. Por isso, o mundo caminha para tecnologias de processamento imediato \nde dados. A CM Comandos Lineares está um passo à frente e oferece aos seus clientes produtos dotados de uma \ntecnologia revolucionária, denominada Processamento Digital de Sinais -- DSP .\nToda a linha de No Breaks Innovation S1 Trifásico  \nTransformerless conta com a tecnologia DS P.   \nCaracterística que proporciona alta performance e \nconfiabilidade, tornando-os ideais para aplicações de missão crítica. Ou seja, protegem as aplicações nas quais a \ncontinuidade da operação é de fundamental importância.\ndos equipamentos pode ser atualizado, \nacrescentando novas funções em \nunidades já instaladas. Hoje, esta tecnologia está presente nos mais sofisticados sistemas eletrônicos, devido à sua alta velocidade e \nconfiabilidade. Processadores Digitais de Sinais são capazes de processar dez milhões de amostragens por segundo. \nIsso significa processamento em tempo real -- o sinal é processado no mesmo instante em que é recebido, sem \nretardos ou atrasos.\nProjetados com o uso intenso dos recursos da tecnologia DSP ,  os No Breaks Innovation Trifásico Transformerless  \nagregam novos  e avançados recursos, que estabelecem um novo conceito em desenvolvimento, no qual o firmware \nAo pensar em adquirir No Breaks,     \nconte com as soluções da\nCM Comandos, que asseguram \ntecnologia de ponta, máxima proteção, \nprecisão digital e processamento        \nem tempo real.']","The main features of the microprocessedarta mentioned in the text are high performance and reliability, enabling it to process ten million samples per second, resulting in real-time processing with no delays or latency. It also has the capability to be updated, adding new functions to units already installed. The technology is also described as being present in the most sophisticated electronic systems due to its high speed and reliability. Furthermore, the microprocessedarta is designed with the intensive use of DSP (Digital Signal Processing) technology, which allows for advanced and new features, establishing a new concept in development, ensuring cutting-edge technology, maximum protection, digital precision, and real-time processing.","As principais características da rta Microprocessada mencionadas no texto não estão claramente especificadas, pois o contexto fornecido é insuficiente.",0.0,1.0,0.0,0.0,0.6943774237937106,1.0,0.0,0.44949621379215676,0.15374331550802134,0.015267175572519082,0.0,0.0,0,1,1,0,0
18,O que significa o termo 'Multi Ativo' no contexto financeiro?,"['SISTEMA PARALELO MULTI ATIVO (EXCLUSIVO CM COMANDOS)\nA CM Comandos Lineares desenvolveu um sistema inovador e pioneiro no mundo de paralelismo entre no-breaks. O sistema \nParalelo Multi Ativo permite a expansão do sistema, de acordo com sua demanda de consumo, podendo paralelar quantas \nunidades forem necessárias para atender sua demanda, elevando a capacidade do sistema e a confiabilidade de sua aplicação.\nPOSSIBILIDADE DE SOMATÓRIA DE  POTÊNCIAS\nPermite a ligação para somatória de potência, utilizando dois ou mais \nNo-Breaks para atingir a demanda da carga total.\nQuando utilizado para somatória de potência, possibilita a ligação de \nNo-Breaks com potências diferentes. Quando a ligação for feita com \nNo-Breaks de potências diferentes, a carga será distribuída \nproporcionalmente. Permite a ligação em paralelo redundante N + 1,  N + 2, N + 3 … N+X,  \npossibilitando o desligamento de uma ou mais unidades, mantendo a \ncarga ativa.\nA comunicação entre os No-Breaks consiste no barramento de \ncomunicação comum, por onde transitam informações \ncontendo nível de carga, sincronismo e a condição do by pass.COMUNICAÇÃO ENTRE OS NO-BREAKSTodos os No-Breaks são autônomos, operam de forma \nindependente no sistema e possuem controle individual.NÃO EXISTE NO-BREAK MESTRE OU ESCRAVOPodem ser paraleladas quantas unidades forem necessárias, \npossibilitando expansão do sistema, de acordo com a demanda \nde consumo.QUANTIDADE ILIMITADA PARA PARALELISMO\nPARALELISMO DO BANCO DE BATERIAS\nPermite paralelismo dos bancos de baterias (quando forem de \nmesma tensão nominal).MANUTENÇÃO DO NO-BREAK\nPermite a inserção ou retirada de um No-Break no sistema, sem a \nnecessidade de parada.INTERFACES  DE  SHUTDOWN  E GERENCIAMENTO  REMOTO\nRede Elétric a\nde Entr ada\nSaídaNo-break 1\n Potência \nde 60 kV ANo-break 2\nPotência de \n100 kV ANo-break 3\nPotência de \n20 kV A\nCarga fornecida pelo sistema = 410 kV ANo-break 4\nPotência de \n30 kV ANo-break 5\nPotência de \n80 kV ANo-break 6\nPotência de \n120 kV ARede L ocal Ether netA   Inter face de Ger enciamento \n     \nC  Inter face Shutdown \n     Client \n     LANB  Inter face Shutdown \n     D   Inter face de Ger enciamento Remoto \n  \nE  Adaptador SNMP\n     \nF  Client Shutdown\nG Estação Remota\n    Sof tware com \n    conexão à I nter netMultisser vidor es\nMultiplataf ormas\nMulti-S.O .Porta M icroprocessada DB9\nPorta Contato Seco DB9\nRede Ethernet RJ45', 'S I S T E M A PA R A L E L O M U LT I AT I V O ( E X C L U S I V O C M C O M A N D O S )\nA CM Comandos Lineares desenvolveu um sistema inovador e pioneiro no mundo de paralelismo entre No Breaks. O sistema Paralelo \nMulti Ativo permite a expansão do sistema, de acordo com sua demanda de consumo, podendo paralelar quantas unidades forem \nnecessárias para atender sua demanda, elevando a capacidade do sistema e a confiabilidade de sua aplicação.\nP O S S I B I L I D A D E D E S O M A T Ó R I A D E  P O T Ê N C I A S\nPermite a ligação para somatória de potência, utilizando dois ou mais No \nBreaks para atingir a demanda da carga total.\nQuando utilizado para somatória de potência, possibilita a ligação de \nNo Breaks com potências diferentes. Quando a ligação for feita com No \nBreaks de potências diferentes, a carga será distribuída \nproporcionalmente. Permite a ligação em paralelo redundante N + 1,  N + 2, N + 3 … N+X,  \npossibilitando o desligamento de uma ou mais unidades mantendo a \ncarga ativa.L I G A Ç Ã O E M P A R A L E L O R E D U N D A N T E\nA comunicação entre os No Breaks consiste no barramento de \ncomunicação comum, por onde transitam informações contendo \nnível de carga, sincronismo e a condição do by pass.C O M U N I C A Ç Ã O E N T R E O S N O B R E A K STodos os No Breaks são autônomos, operam de forma \nindependente no sistema e possuem controle individual.N Ã O E X I S T E N O B R E A K M E S T R E O U E S C R A V OPodem ser paraleladas quantas unidades forem necessárias, \npossibilitando expansão do sistema, de acordo com a demanda de \nconsumo.Q U A N T I D A D E I L I M I T A D A P A R A P A R A L E L I S M O\nM A N U T E N Ç Ã O D O N O B R E A K\nPermite a inserção ou retirada de um No Break no sistema, sem a \nnecessidade de parada.Rede Elétrica\nde Entrada\nSaídaNo Break 1\n Potência de \n30 kVANo Break 2\nPotência de \n10 kVANo Break 3\nPotência de \n20 kVA\nCarga fornecida pelo sistema = 150 kVANo Break 4\nPotência de \n30 kVANo Break 5\nPotência de \n20 kVANo Break 6\nPotência de \n40 kVA\nINTERFACES DE \nGERENCIAMENTO   \nREMOTO\nSão compostas por diversas ferramentas. O \nAdaptador SNMP NetMate permite\ngerenciar remotamente o No Break via a \nInternet através de um web browser,\nmonitorar o status e enviar alertas por e-mail. \nO software IP Power é uma ferramenta de \ngerenciamento  Windows Application e a \nversão Client é específica para  automatizar o \nshutdown de servidores, podendo desligar \nautomática e simultaneamente vários\ns e r v i d o r e s  e  e s t a ç õ e s .\nO Adaptador ArmModbus permite integrar \no  N o  B r e a k ,  v i a  u m a  p o r t a\nRS485, a Sistemas de Automação Predial.']","Based on the provided context, the term 'Multi Ativo' does not have a specific meaning in the context of finance. In the given contexts, 'Multi Ativo' is part of the name of a product developed by CM Comandos Lineares, which refers to a pioneering system of paralleling no-breaks (uninterruptible power supply systems). This system allows for the expansion of the system according to demand, paralleling the necessary units to meet the demand, and enabling the linking of units with different power ratings for load sharing. The system also features redundant paralleling, allowing for the removal of one or more units while keeping the load active.","O termo 'Multi Ativo' no contexto financeiro refere-se a uma estratégia de investimento que envolve a alocação de recursos em diferentes classes de ativos, como ações, títulos, imóveis e commodities, visando diversificação e otimização de retornos.",0.0,0.0,0.0,0.0,0.0,0.875,0.0,0.7141201194102192,0.22804314329738062,0.06666666666666668,0.0,0.0,1,1,1,0,0
19,Quais vantagens tem usar somatória de potências com No-Breaks diferentes?,"['SISTEMA PARALELO MULTI ATIVO (EXCLUSIVO CM COMANDOS)\nA CM Comandos Lineares desenvolveu um sistema inovador e pioneiro no mundo de paralelismo entre no-breaks. O sistema \nParalelo Multi Ativo permite a expansão do sistema, de acordo com sua demanda de consumo, podendo paralelar quantas \nunidades forem necessárias para atender sua demanda, elevando a capacidade do sistema e a confiabilidade de sua aplicação.\nPOSSIBILIDADE DE SOMATÓRIA DE  POTÊNCIAS\nPermite a ligação para somatória de potência, utilizando dois ou mais \nNo-Breaks para atingir a demanda da carga total.\nQuando utilizado para somatória de potência, possibilita a ligação de \nNo-Breaks com potências diferentes. Quando a ligação for feita com \nNo-Breaks de potências diferentes, a carga será distribuída \nproporcionalmente. Permite a ligação em paralelo redundante N + 1,  N + 2, N + 3 … N+X,  \npossibilitando o desligamento de uma ou mais unidades, mantendo a \ncarga ativa.\nA comunicação entre os No-Breaks consiste no barramento de \ncomunicação comum, por onde transitam informações \ncontendo nível de carga, sincronismo e a condição do by pass.COMUNICAÇÃO ENTRE OS NO-BREAKSTodos os No-Breaks são autônomos, operam de forma \nindependente no sistema e possuem controle individual.NÃO EXISTE NO-BREAK MESTRE OU ESCRAVOPodem ser paraleladas quantas unidades forem necessárias, \npossibilitando expansão do sistema, de acordo com a demanda \nde consumo.QUANTIDADE ILIMITADA PARA PARALELISMO\nPARALELISMO DO BANCO DE BATERIAS\nPermite paralelismo dos bancos de baterias (quando forem de \nmesma tensão nominal).MANUTENÇÃO DO NO-BREAK\nPermite a inserção ou retirada de um No-Break no sistema, sem a \nnecessidade de parada.INTERFACES  DE  SHUTDOWN  E GERENCIAMENTO  REMOTO\nRede Elétric a\nde Entr ada\nSaídaNo-break 1\n Potência \nde 60 kV ANo-break 2\nPotência de \n100 kV ANo-break 3\nPotência de \n20 kV A\nCarga fornecida pelo sistema = 410 kV ANo-break 4\nPotência de \n30 kV ANo-break 5\nPotência de \n80 kV ANo-break 6\nPotência de \n120 kV ARede L ocal Ether netA   Inter face de Ger enciamento \n     \nC  Inter face Shutdown \n     Client \n     LANB  Inter face Shutdown \n     D   Inter face de Ger enciamento Remoto \n  \nE  Adaptador SNMP\n     \nF  Client Shutdown\nG Estação Remota\n    Sof tware com \n    conexão à I nter netMultisser vidor es\nMultiplataf ormas\nMulti-S.O .Porta M icroprocessada DB9\nPorta Contato Seco DB9\nRede Ethernet RJ45', 'S I S T E M A PA R A L E L O M U LT I AT I V O ( E X C L U S I V O C M C O M A N D O S )\nA CM Comandos Lineares desenvolveu um sistema inovador e pioneiro no mundo de paralelismo entre No Breaks. O sistema Paralelo \nMulti Ativo permite a expansão do sistema, de acordo com sua demanda de consumo, podendo paralelar quantas unidades forem \nnecessárias para atender sua demanda, elevando a capacidade do sistema e a confiabilidade de sua aplicação.\nP O S S I B I L I D A D E D E S O M A T Ó R I A D E  P O T Ê N C I A S\nPermite a ligação para somatória de potência, utilizando dois ou mais No \nBreaks para atingir a demanda da carga total.\nQuando utilizado para somatória de potência, possibilita a ligação de \nNo Breaks com potências diferentes. Quando a ligação for feita com No \nBreaks de potências diferentes, a carga será distribuída \nproporcionalmente. Permite a ligação em paralelo redundante N + 1,  N + 2, N + 3 … N+X,  \npossibilitando o desligamento de uma ou mais unidades mantendo a \ncarga ativa.L I G A Ç Ã O E M P A R A L E L O R E D U N D A N T E\nA comunicação entre os No Breaks consiste no barramento de \ncomunicação comum, por onde transitam informações contendo \nnível de carga, sincronismo e a condição do by pass.C O M U N I C A Ç Ã O E N T R E O S N O B R E A K STodos os No Breaks são autônomos, operam de forma \nindependente no sistema e possuem controle individual.N Ã O E X I S T E N O B R E A K M E S T R E O U E S C R A V OPodem ser paraleladas quantas unidades forem necessárias, \npossibilitando expansão do sistema, de acordo com a demanda de \nconsumo.Q U A N T I D A D E I L I M I T A D A P A R A P A R A L E L I S M O\nM A N U T E N Ç Ã O D O N O B R E A K\nPermite a inserção ou retirada de um No Break no sistema, sem a \nnecessidade de parada.Rede Elétrica\nde Entrada\nSaídaNo Break 1\n Potência de \n30 kVANo Break 2\nPotência de \n10 kVANo Break 3\nPotência de \n20 kVA\nCarga fornecida pelo sistema = 150 kVANo Break 4\nPotência de \n30 kVANo Break 5\nPotência de \n20 kVANo Break 6\nPotência de \n40 kVA\nINTERFACES DE \nGERENCIAMENTO   \nREMOTO\nSão compostas por diversas ferramentas. O \nAdaptador SNMP NetMate permite\ngerenciar remotamente o No Break via a \nInternet através de um web browser,\nmonitorar o status e enviar alertas por e-mail. \nO software IP Power é uma ferramenta de \ngerenciamento  Windows Application e a \nversão Client é específica para  automatizar o \nshutdown de servidores, podendo desligar \nautomática e simultaneamente vários\ns e r v i d o r e s  e  e s t a ç õ e s .\nO Adaptador ArmModbus permite integrar \no  N o  B r e a k ,  v i a  u m a  p o r t a\nRS485, a Sistemas de Automação Predial.']","Using the provided context, the advantages of summing powers with No-Breaks of different ratings are:

1. Flexibility: By allowing the connection of No-Breaks with different power ratings, the system can adapt to a wider range of power demands.
2. Redundancy: The system can continue operating even if one or more No-Breaks with lower power ratings are removed from the parallel configuration.
3. Optimization: The load is distributed proportionally among the No-Breaks, ensuring that each unit operates at an optimal level, maximizing efficiency and extending the overall lifespan of the system.
4. Scalability: The ability to connect No-Breaks with different power ratings enables the system to grow and adapt to changing power demands, making it a more scalable solution.","As vantagens de usar somatória de potências com No-Breaks diferentes incluem a possibilidade de distribuir a carga proporcionalmente e a capacidade de realizar ligações em paralelo redundante, permitindo o desligamento de uma ou mais unidades enquanto mantém a carga ativa.",0.99999999995,1.0,0.249999999375,0.375,0.8177564941105375,0.625,0.8,0.7075927864553448,0.22480620155038755,0.04761904761904763,0.0,0.0,1,1,1,1,1
20,O que significa a potência de 60 kV ANo em termos de capacidade elétrica?,"['Av. Eng . Alber to de Zagottis , 760 - 04675-085 -  São P aulo - SP\nPhone .: (11) 5696-5000\nwww.cmcomandos .com.br\nSistema de \nSustentabilidade A uditadoOSD  N LI A NM EO AC R EM SCISO\n90012015\nQ Y UALIT600.000 600,0 1835 x 1444  x 1555  1680\n700.000 700,0 1835 x 1444  x 1555  1760\n800.000 800,0 1835 x 1444  x 1555  1840\nCM MK T JAN - 24  -   As especificações estão sujeitas a alterações sem aviso pr évio e conf orme necessidades de pr ojetos customizados . Nós incentivamos a r eciclagemLinha TI - Trifásic o Isolado\n  10.000   10,0   900 x 360  x  860       180\n  15.000   15,0   900 x 360  x  860       210\n  20.000   20,0   900 x 360  x  860       235\n30.000   30,0 1300 x 360  x  988       300\n40.000   40,0 1300 x 360  x  988      370\n50.000   50,0 1300 x 360  x  988      420\n75.000   75,0 1532 x 540  x 1070      596\n100.000 100,0 1532 x 540  x 1070      730\n150.000 150,0 1532 x 720  x 1070     1050\n200.000 200,0 1532 x 720  x 1070     1150\n250.000 250,0 1835 x 1444  x 1555   1350\n300.000 300,0 1835 x 1444  x 1555   1430\n400.000 400,0 1835 x 1444  x 1555   1520\n500.000 500,0 1835 x 1444  x 1555   1600Modelo Potência\nkVAAlt x Larg x P rof Peso\nmmkg\nLinha TA - Trifásic o com A utotr afo\n* Outras potências sob consultaDIMENSÕES FÍSICAS Entr ada\n   Tensão:  \n    \n    •380/220V ou 220/127V  - modelos TI - standar d\n    \n    •Outras tensões sob consulta\n  Variação A dmissív el:\n   \n    •± 16% da tensão nominal\n   Frequência:  50 ou 60 H z \n   Variação de F requência A dmissív el:  ± 5%\n \n  Configur ação:   Trifásica: 3F + N + T\n \n Fator de P otência:   0,8\nSaída\n  Potências Disponív eis:  \n \n    • 10 / 15 / 20 / 30 / 40 / 50 / 75 / 100 / 150 / 200\n       250 / 300 / 400 / 500 / 600/ 700/ 800 kV A\n \n    • Outras potências sob consulta\nTensão:  \n \n    • 220/127V\n \n    • 380/220V\n \n    • Outras tensões sob consulta\nRegulação Estática:  ± 1% nominal \n Frequência:  50 ou 60 H z \n \n  Configur ação:  Trifásica:  3F +N +  T\n  Fator de P otência:   0,', 'ESPECIFICAÇÕES TÉCNICAS \nEntrada\nn Tensão: \n    •  3kVA \n100/110/115/120/127 VAC 120V (standard) ou  \n200/208/220/230/240 VAC 220V (standard) \n    •  6kVA / 10kVA\n 200/208/220/230/240 VAC 220V (standard)\nn Variação Admissível:\n   •   3kVA \n55-150 VAC ou 110-300 VAC @ 50% de Carga\n80-150 VAC ou 160-300 VAC @ 100% de Carga\n   •   6kVA / 10kVA \n110-300 VAC @ 50% de Carga\n176-300 VAC @ 100% de Carga \nn Freqüência: 50/60 Hz                           \nn Variação de Freqüência Admissível:   \n    •    3kVA  \n40-70Hz\n    •    6kVA / 10 kVA \n46-54Hz @50Hz e 56-64Hz @60Hz\nn  Configuração:\nMonofásica \nn Fator de Potência:\n≥ 0.99 Tensão nominal (100% de Carga)\nn Distorção Harmônica THDi:\n    •    3kVA\n ≤ 5% @ Tensão de Entrada nominal\n    •    6kVA / 10kVA\n<4% @100% de Carga, <6% @50% de Carga\nSaída\nnTensão: \n    •   3kVA \n100/110/115/120/127 VAC 115V (standard) ou \n200/208/220/230/240 VAC 220V (standard) \n    •   6kVA / 10kVA \n200/208/220/230/240 VAC 220V (standard) \nn Fator de Potência:  1,0\nn Regulação Estática:   ± 1% nominal modo \nbateria\nn Freqüência:   50 / 60 Hz \nn Variação de Freqüência: \n± 0,1Hz em modo bateria\nn Sincronismo com a Rede:   Sim\nn Configuração:   \n Monofásica f+n+t \nn Forma de Onda:   Onda senoidal pura\nn Distorção Harmônica THD:  \n •   3kVA \n    ≤ 2% carga linear \n    ≤ 4% carga não-linear \n •   6kVA / 10kVA \n    ≤ 1% carga linear \n    ≤ 4% carga não-linearBaterias\nn  Composição:  \n    •    72  VDC - 3,0 kVA \n    •     240 VDC - 6,0 kVA \n    •     240 VDC - 10,0 kVA \nn  Sistema de Recarga: \ncontrolado, automático\nn Tempo de Recarga:  \n8 a 10 horas para 90% da carga\nn Tipo: \nseladas, isentas de manutenção\nn  Paralelismo Redundante (N+1) \n»  Disponível nas potências de 6 e 10kVA\nn By-pass estático (inteligente):  \nO termo inteligente aplica-se, visto que a linha \nComposition XV  possui desligamento da saída da \nchave estática em condições que, a tensão da rede \napresenta variações fora da faixa de trabalho, prote -\ngendo a carga contra sub ou sobre tensão mesmo \nna condição de by-pass estático.']","A potência de 60 kV A refers to the electrical capacity of a system that can deliver 60 kilovolt-amperes (kVA) of power. This is a measure of the system's ability to transmit electrical energy, with the kVA value indicating the product of the voltage (in kilovolts) and the current (in amperes) in a purely resistive load. It's important to note that kVA is a measure of apparent power, which is the vector sum of real power (measured in kilowatts or kW) and reactive power (measured in kilovars or kVAR). In this context, 60 kVA is a measure of the system's overall power capacity, but it doesn't directly indicate the amount of real power that can be delivered.","A potência de 60 kV ANo refere-se a uma capacidade elétrica de 60 quilovolt-amperes, que é uma medida de potência aparente em sistemas elétricos.",0.0,0.0,0.0,0.0,0.8349666249238757,0.625,0.67,0.774443575051776,0.1734539969834088,0.13157894736842105,0.0,0.0,0,0,1,1,1
21,Quais são os principais valores que a CM Comandos destaca em seus produtos e soluções?,"['Inovação, qualidade, tecnologia\ne confiabilidade. Marcas das\nsoluções CM Comandos Lineares\nCom mais de 40 anos de atuação, a CM Comandos é hoje uma das \nmaiores fabricantes de No-Breaks da América Latina. Além disso, é líder\nabsoluta em soluções para o mercado corporativo. Certiﬁ  cada pela norma ISO-900:2015, a CM Comandos \nressalta o seu compromisso com a excelência dos seus produtos e a total satisfação dos seus clientes.A EMPRESA\nOs  No-Breaks  da  CM  Comandos  são  indicados  para aplicações de  \nmissão crítica, nas mais variadas corporações, oferecendo proteção \ncontra distúrbios de energia elétrica, tais como: cortes, micro-cortes, ruídos, distorção harmônica, picos, \ntransientes, sub e sobretensão e variação de frequência.APLICAÇÕES\nOs equipamentos da CM Comandos operam com maior precisão, agre-\ngam maior número de funções e são mais seguros. Características\nque geram alta conﬁ  abilidade e produtividade nas mais variadas aplicações, minimizam falhas e,\nconsequentemente, custos de manutenção. Em resumo, ser um cliente CM Comandos signiﬁ  ca ter o \nretorno do capital investido e garantias que só uma empresa com amplo suporte técnico pode oferecer.BENEFÍCIOS\nAo escolher a marca CM Comandos Lineares você conta com o melhor supor-\nte técnico de pré e pós-venda da empresa que se consolidou ao longo  des-\ntes 40 anos como líder de mercado. Instrumentação de ponta, proﬁ  ssionais\naltamente qualiﬁ  cados, disponibilidade de atendimento 24 horas, sete dias da semana, call \ncenter e processos certiﬁ  cados que asseguram a excelência dos nossos serviços de suporte.SUPORTE\nTÉCNICO', 'A E M P R E S ACom mais de 35 anos de atuação, a CM Comandos é hoje \numa das maiores fabricantes de No-Breaks da América \nLatina. \nAlém disso, é líder absoluta em soluções para o mercado corporativo. Certificada pela \nnorma ISO-9001:2015, a CM Comandos ressalta o seu compromisso com a excelência \ndos seus produtos e a total satisfação dos seus clientes.Inovação, qualidade, tecnologia\ne confiabilidade. Marcas das\nsoluções CM Comandos Lineares\nA P L I C A Ç Õ E SOs No Breaks  da CM Comandos Lineares são indicados para aplicações \nde missão crítica, nas mais variadas corporações, oferecendo proteção \ncontra distúrbios de energia elétrica, tais como: cortes, micro cortes, ruídos, distorção harmônica, \npicos, transientes, sub e sobre tensão e variações de frequência.\nS U P O R T E\nT É C N I C OAo  escolher  a marca  CM Comandos  Lineares  você  conta com o melhor \nsuporte  técnico  de pré e pós-venda da empresa que se consolidou ao longo \ndestes 36  anos como  líder  de  mercado.\nInstrumentação de ponta, profissionais altamente qualificados, com cobertura nacional e \ndisponibilidade de atendimento 24 horas, sete dias por semana, call center e processos certificados \nque asseguram a excelência dos  nossos serviços  de  suporte.B E N E F Í C I O SOs equipamentos da CM Comandos operam com maior precisão, \nagregam maior número de funções e são os mais seguros. \nCaracterísticas que geram alta confiabilidade e produtividade nas mais variadas aplicações, \nminimizam falhas e, consequentemente,  custos de manutenção. Em resumo,  ser um cliente da \nCM Comandos significa ter o retorno do capital investido e garantias que  só uma empresa com \namplo suporte técnico pode oferecer.\nCM COMANDOS LINEARES\nOSD L NI A NM EA OR CEM SCISO\n9001\n2015']","The main values that CM Comandos highlights in their products and solutions, as gathered from the provided context, include innovation, quality, technology, and reliability. They emphasize their commitment to excellence and customer satisfaction, which is demonstrated by their ISO certifications. Their No-Breaks are designed for mission-critical applications and offer protection against various electrical disturbances. The products are precise, feature-rich, and safe, leading to high confidence, productivity, and reduced maintenance costs for their clients. Additionally, CM Comandos provides top-notch pre and post-sale support with cutting-edge instrumentation, highly qualified professionals, and 24/7 availability.","Os principais valores que a CM Comandos destaca em seus produtos e soluções são inovação, qualidade, tecnologia e confiabilidade.",0.99999999995,1.0,0.1999999996,0.7894736842105263,0.9889397446669529,1.0,0.2,0.7714671972200726,0.13259668508287292,0.03333333333333333,0.0,0.0,1,1,1,1,1
22,Qual é a relação entre o adaptador SNMP e a letra C mencionada no texto?,"['REGISTRO PERMANENTE\nDE E VENT OSCORREÇÃO DO  F ATOR DE*POTÊNCIA\nO DSP ar maz ena os ev entos em sua memór ia EEPR OM. \nFunciona como uma “caixa-pr eta”, sendo possív el rastr ear os \nvalor es das medições e a posição das cha ves int ernas, \ndenunciando ev entuais er ros de operação .Conhecido pela sigla PFC - P ower Factor Correction, est e \nsistema per mite que o F ator de P otência de Entrada do \nNo-Break seja 0.99 - cor rigindo os ef eitos das car gas não \nlinear es e har mônicas conec tadas na saída do No -Break.-INTERF ACES DE GERENCIAMENT O\nREMO TO\nSão compostas por div ersas f erramentas . O A daptador SNMP NetM ate \npermite ger enciar r emotament e o No -Break via a I nternet atra vés de \num w eb br owser , monit orar o status e en viar aler tas por e -mail . \nO sof tware IP P ower é uma f erramenta de ger enciament o  Windows \nApplication e a v ersão Client é específica para  aut omatizar o shut down \nde ser vidor es, podendo desligar aut omática e simultaneament e vár ios \nservidor es e estações . \nO Adaptador Ar mModbus per mite int egrar o No -Break, via um\nRS485, a Sist emas de A utomação P redial atra vés do pr otocolo M odbus .a por ta INTERF ACES  DE  SHUTDO WN  \nE GERENCIAMENT O  REMO TO\nPorta M icroprocessada DB9A   Inter face de Ger enciamento Remoto \n  \nB   Adaptador SNMP\n     \nMultisser vidor es\nMultiplataf ormas\nMulti-S.O .C   Client Shutdown\nD  Estação Remota\n     Sof tware com \n     conexão à I nter net\nRede Ethernet RJ45', '000m\nn  Tipo de Ambiente Recomendado:\n    •    Interno, instalação abrigada\n    •    Atmosfera: limpa, livre de partículas conduti -\nvas, gases tóxicos, líquidos e inflamáveis.\nn  Grau de Proteção: IP-20\nInterface de Gerenciamento\nn Mono e multiusuário, cliente-server e multi -\n-server\nn  Vários servidores em um único No-Break\nn  Ferramentas de Shutdown e Gerenciamento\nn  Protocolos:\n    •    Serial RS232\n    •    Serial RS485*  \n    •    SNMP/Telnet/http/TCP/IP*\nn  Softwares de Gerenciamento*\n    •    View Power\n    •    View Power Pro \n    •    SNMP Web Manager \nn  Ambientes e Sistemas Operacionais: \n    •    Windows 8/ 10 / 2010  \n    •    View Power Pro \n    •    Linux*\n(Marcas dos respectivos fabricantes)\n*Opcional\nCM MKT AGO 24 - As especificações estão sujeitas a alterações sem prévio aviso.                   Nós incentivamos a reciclagem.\nAv. Eng. Alberto de Zagottis , 760 - 04675-085 - São Paulo - SP\nTel.:(11) 5696-5000\nwww.cmcomandos.com.brSistema de \nSustentabilidade Auditada  Modelo Peso (com \nbaterias)\nkg Dimensões Físicas \nalt x larg x prof \nmm Potência \nkVA\n1250         1,25         421 x 190 x 318       15,3          \n2000          2,0           421 x 190 x 319       15,3']","The SNMP adapter and the letter ""C"" mentioned in the text are not directly related. The letter ""C"" in the text is part of the company's name, CM Comandos, and does not have any connection to the SNMP adapter. The SNMP adapter is a tool for managing and remotely controlling the No-Break system via the Simple Network Management Protocol (SNMP) over the internet.","A relação entre o adaptador SNMP e a letra C mencionada no texto não é clara, pois o contexto fornecido é muito limitado.",0.99999999995,1.0,0.0,0.6,0.9872165204129146,1.0,0.29,0.691398246280152,0.19889502762430944,0.06818181818181818,0.0,0.0,0,0,1,1,1
23,Qual é a importância do fator de potência de 0.99* nas especificações técnicas do equipamento?,"['ESPECIFICAÇÕES TÉCNICAS \nEntrada\nn Tensão: \n• 380/400/415V\n• 200/208/220V\nn Variação Admissível:\n± 25% da tensão nominal\nn Freqüência: 50/60 Hz                           \nn Variação de Freqüência Admissível:  ± 8%\nnCon/f_i  guração: 3F + N + T\nn Fator de Potência: 0,99\nSaída\nn Tensão: \n• 380/400/415V\n• 200/208/220V\nn Potências Disponíveis:\n• 380/400/415V - 25 e 50 kW Modular\n• 200/208/220V- 30 kW Modular\nnRegulação Estática:  ± 1% nominal \nnFreqüência:  50 / 60 Hz \nnVariação de Freqüência:  0,10%\nnCon/f_i  guração:  3F + N + T \nn  Forma de Onda:  senoidal\nn  Distorção Harmônica THD:  ≤ 1% carga linear \nn Fator de Crista:   3:1 \nn  Capacidade de Sobrecarga: \n• 110% por 1 hora; 125% por 10 minutos; \n• 150% por 1min; 150% por 200 ms.', 'hora e ocor rência\n    \n    •Medições\n    \n    •Status de operação e alar mes do painel\n   \n    •Status chav es inter nas\n   \nCaracterísticas de Oper ação\nRuído A udív el: 55 dBA a 60 dBA a 1 metr o\nMTBF (M ean Time Bet ween F ailur es): 200 mil horas\nMTTR (M ean Time To Repair): 30 minutos\nTemperatura Ambiente: \n   \n    •No-Break: 0ºC a 40ºC \n    \n    •Bater ias: 0ºC a 30ºC\n    \n    •Recomendada: 20ºC e 25ºC\nUmidade Relativa:\n    \n    •0% a 95% sem condensação\n    \n    •Recomendada: 45% a 55%\nAltitude: até 1.800m\nTipo de Ambiente Recomendado:\n    \n    •Interno, instalação abr igada\n   \n    •Atmosf era: limpa, livr e de par tículas condutivas , \n      gases tó xicos , líquidos e inflamáv eis.\nGrau de P roteção: IP -20n\nn\nn\nn\nn\nn\nn\nn   \n   \n   \n   \n   \n   \n   \n       5000      5,0 900 X 480 X 980    295\n  10000    10,0     900 X     480 X 980    305\n  15000    15,0      900 X     480 X 980      409\n  20000    20,0   1180 X     550 X 980      560\n  30000    30,0   1180 X     550 X 980      640         Modelo Potência\nkVADimensões Físicas\nalt x larg x prof \nmmPeso (com \nbaterias)\nkg\nDimensões Físicas\nalt x larg x prof \nmmPotência\nkVAPeso (sem \nbaterias)\nkgModelo\n  4\n  60000   60,0         1355 X  720 X 940          560\n  80000   80,0          1902 X 783 X 925          730\n100000  100,0     1902 X 783 X 925             870\n120000  120,0     1902 X 783 X 925     1000\n160000  160,0   1900 X 1265 X 1000  1200\n200000  200,0   1900 X 1265 X 1000  1300\n300000  300,0   2010 X 2050 X 1000  22800000   40,0         1355 X  720 X 940          490Modelos c om baterias internas \nModelos sem baterias  Tecnologia\nn On Line - Dupla Con versão']","The power factor of 0.99 in the technical specifications of the equipment indicates its efficiency in utilizing electrical power. A power factor close to 1 means that the equipment can effectively convert the real power (kW) it consumes into useful work, minimizing the reactive power (kVAR) that would result in higher energy losses and increased costs for the user. Therefore, a power factor of 0.99 is considered high and desirable for electrical equipment.","O fator de potência de 0.99* é importante nas especificações técnicas do equipamento porque indica uma alta eficiência na utilização da energia, reduzindo perdas e melhorando o desempenho do sistema.",0.9999999999,0.0,0.0,0.0,0.9217998736573533,1.0,1.0,0.7003494432801938,0.23478260869565215,0.03636363636363637,0.0,0.0,0,1,1,1,1
24,Quais tipos de evento pode gerar uma Mensagem por e-mail no sistema mencionado?,"['Manutenção sem desligar o sistema\nOs testes de bater ia individuais são possív eis \nremotamente , sem o esf orço para desligar as bater ias. \nAs manutenções e as análises  de bater ia podem ser \nrealizadas em condições r eais de operação , sem a \nnecessidade de paradas no sistema.\nOtimiza a manutenção em campo\nA equipe de manutenção se desloca somente quando \nhá inter venções cor retivas e dir etas na bater ia que \napresentar def eito na ocor rência de alar mes ou na \nanálise de diag nóstico e , é clar o, reduz enor mes custos \noperacionais .\nOSD  N LI A NM EO AC R EM SCISO\n90012015\nAv. Eng . Alber to de Zagottis , 760 - 04675-085 -  São P aulo - SP\nTel.: (11) 5696-5000 \nwww.cmcomandos .com.br\nSistema de \nSustentabilidade A uditado\nCM MK T FEV 2022 - As especificações estão sujeitas a alterações sem pr évio aviso . Nós incentivamos a r eciclagemESPECIFICAÇÕES  TÉCNICAS\nCabos de Medição\nPara medição de impedância dos módulos Equaliz er \nMódulos M12 - 12VDC ( Terminais M6,  M8 e M10) \nCabos de C omunicação\nCabos para comunicação entre os módulos Equaliz er (025m \na 10m)Master C ontr oller \nContr ola os módulos de bater ias e f ornece a inter face para ger enciamento r emoto .\nHar dware:  \nProcessador:   ARM Cor tex A7 696 MH z • 512 MB memór ia RAM e 8GB F lash.\nMemória:   Flash ar maz ena até 12 meses conf orme quantidade de bater ias.\nCapacidade:   até 256 str ings de bater ias\nCada string:    até 256 módulos Equaliz er por str ing\nCapacidade total:   até 65.536 módulos Equaliz er\nRTC:  Relóg io em Tempo Real e Watchdog inter no\n Inter faces:  \n    •1 Porta RJ11 - Comunicação   \n    •1 Porta RJ45 10/100 Mbit - Ether net \n Dimensões:   28 x 97 x 111 mm - 180 g\no\nAmbiente:   abrigado , IP-20, 0 a 60 C, umidade r elativa de 20% a 90% não condensante .\nAlimentação:   5 VDC, estabilizada.\nFonte:\n   Adaptador ex terno de 110/220V AC para 5VDC estabilizada -  r equer tomada com No -Break.n   \nn   \nn   \nn   \nn   \nn   \nn   \nn  \nn  \nn   \nn   \nn     \nn     \nn   \nn   \nn   \nn    \nn  \nn    \nn   \nn   \nn   \nn   \nn    \nn   \nn    \nn    \nn    \nn    \nn   \n \nn   \nn    Software:\n Sistema Operacional Embar cado\nWeb Ser ver Integ rado \nContr ole de A cesso por Senha em dois nív eis\nAcesso por Nav egador Web\n Layout Responsiv o, pronto para PCs , Tablets e \n   Smar tphones \nEnvia E-mails de Aler ta\nAcesso Ser vidor E-mail com Senha Cr iptog rafada\nProtocolo SSL Secur e Sock et Lay er \nRelóg io Interno em Tempo Real – R TC \nSincr onismo com Time Ser ver ex terno\nGráficos de P erformance dir eto no Nav egador\nProtocolo SNMP V1, V3 e M odbus O ver IP \nArmaz ena L og de Ev entos de Alar mes\nArmaz ena Data L ogger M edições da Bater ia\nBanco de Dados ANSI SQL\nCapacidade de Ar maz enamento 1 Ano\nFrequência de Gravação no Banco de Dados\n   Configuráv el\nOpção salvar Banco de Dados via TCP/IP\nRotinas de manutenção do Banco de Dados .', 'APLICAÇÕES\nREGISTRO  PERMANENTE\nDE  EVENTOS  INTERNOSATUALIZAÇÃO DE FIRMWARE\nEste recurso permite que a Rede de Assistência Técnica realiz e \na atualização da versão do firmware que roda no chip DSP. \nCom isto, pode implementar melhor ias, agregar novos \nrecursos, customizar as características e preservar o \ninvestiment o mant endo -o atualizado . O DSP armaz ena os últimos 25.500 registros em sua memór ia \ninterna. Mesmo com o Estabilizador de T ensão desligado , os \ndados continuam gravados .\nFunciona como uma ""caixa-pr eta"", sendo possív el rastr ear os \nvalor es das medições e status de alarmes , auxiliando a equipe \nde supor te nas manut enções preventivas e corretivas . Os \neventos são registrados com rubr ica de data e hora, através do \nRTC Real Time Clock - Relóg io em Tempo Real interno.\nPorta Serial\n• RS232:Inter face Remota:\n• Upg rade fir mware\n• Acesso a ev entos\n• Configuração e SetupnAutomação Bancár ia\nn Automação C omer cial\nnAutomação I ndustr ial\nnAutomação de P rocessos Gráficos\nnSistemas M édicos de Diag nóstico e I magem\nnTelecomunicações\nnTecnolog ia da I nformação\nnTomóg rafos e Ressonâncias M agnéticas\nnTornos e F resas de C omando Numér ico - CNC\nnEquipament os de Eletr oerosão\nn Puncionadeiras e C orte a Laser CNC\nn Conversor es de F requência\nn Impr essoras a Laser \nn Fotocopiadoras\nn Transmissor es\nn PDVs\nn Mainframes\nn Microfilmagem\nDISPLAY - LCD - CRISTAL LÍQUIDO \nRETROILUMINADO']","Based on the provided context, the system can send email alerts for various events such as power failures, over-temperature warnings, and other system anomalies. The system has a real-time clock and can record the last 25,500 events in its internal memory. Even when the power stabilizer is turned off, data continues to be recorded. The system can also update its firmware, providing new features and improvements. The system can be connected to various devices through a serial port, including automation systems, medical imaging devices, CNC machines, and other industrial equipment.","Os tipos de evento que podem gerar uma Mensagem por e-mail no sistema mencionado incluem: Operação Normal, Falha de Rede, Pré-alarme de Baterias, Bypass Estático, Bypass Manual e Sobrecarga de Saída.",0.0,0.0,0.0,0.0,0.7720656938984592,0.7777777777777778,0.0,0.49035452976001337,0.20819112627986347,0.0,0.0,0.0,1,0,1,1,0
25,O que 'CONCEPTION' quer dizer no texto?,"['Digital Signal ProcessorNo-BreakMulti Ativo\nTrifásico\nCM COMANDOS LINEARESCONCEPTION', 'Alta Tecnolog ia em\nProcessament o Dig ital\nde Sinais - DSP\nOS MAIS MODERNOS\nNO-BREAKS CORPORATIVOSVivemos em um mundo cada v ez mais ág il e prático . Um mundo conec tado por pr ocessador es, chips , softwares e \nperiféricos. Mas isso ainda não é o bastant e. Por isso , o mundo caminha para t ecnolog ias de pr ocessament o imediat o \nde dados . A CM C omandos Linear es está um passo à fr ente e of erece aos seus client es pr odut os dotados de uma \ntecnolog ia revolucionár ia, denominada P rocessament o Dig ital de Sinais - - DSP .\nToda a linha de No -Breaks  \nconta com a t ecnolog ia DSP .  Carac terística que \npropor ciona alta per formance e confiabilidade , Conception Multi Ativ o \npara aplicações de missão cr ítica. Ou seja, pr otegem as aplicações nas quais a continuidade da operação é de \nfundamental impor tância.\nequipament os pode ser atualizado , \nacrescentando novas funções em \nunidades já instaladas . Hoje , esta t ecnolog ia está pr esent e nos mais sofisticados sist emas eletr ônicos , devido à sua alta v elocidade e \nconfiabilidade . Processador es Dig itais de Sinais são capaz es de pr ocessar dez milhões de amostragens por segundo . \nIsso sig nifica pr ocessament o em t empo r eal -- o sinal é pr ocessado no mesmo instant e em que é r ecebido , sem \nretardos ou atrasos .\nProjetados com o uso int enso dos r ecursos da t ecnolog ia DSP ,  os No -Breaks C onception Multi Ativ o  ag regam nov os  \ne avançados r ecursos , que estabelecem um nov o conceit o em desen volviment o, no qual o fir mware dos \nAdquir indo No -Breaks , cont e com as \nsoluções da CM C omandos , que \nasseguram t ecnolog ia de ponta, \nmáxima pr oteção , precisão dig ital e \nprocessament o em t empo r eal.  Modelo 300kV A']","In the provided context, 'Conception' refers to a specific model of a product, namely the ""No-Break Conception Multi Ativo."" This product is equipped with advanced technology called Digital Signal Processing (DSP), which provides high performance and reliability, making it suitable for critical applications where uninterrupted operation is crucial. The context also highlights that these devices can be updated with new features even after installation, thanks to the integrated DSP technology.","'CONCEPTION' refere-se ao ato ou processo de conceber, que pode incluir a formação de ideias ou a criação de algo novo.",0.0,0.0,0.0,0.0,0.8194978621611289,0.8,0.0,0.5342067164865434,0.16935483870967738,0.08421052631578947,0.0,0.0,0,1,1,1,1
