,question,contexts,answer,ground_truth,faithfulness,answer_relevancy,context_precision,context_recall,harmfulness
0,"Aqui está uma pergunta que pode ser totalmente respondida a partir do contexto fornecido:

""Qual é o intervalo de variação admissível da frequência para os equipamentos de 3kVA, 6kVA e 10kVA?""

Essa pergunta é direta e precisa, baseada nas informações específicas sobre tensão, fator de potência, distorção harmônica THDi, saída, configuração e composição das baterias fornecidas no contexto.","['Caso ocor ram nív eis maior es do que o nor mal,  o dispositiv o de super visão imediatament e atua, emitindo um sinal de alar me, para a int ervenção \ndas equipes de manut enção . \nO módulo DSI possui um micr oprocessador int erno, comunicação M odbus via RS485 e é pr ojetado dentr o dos cr itérios tecnológ icos mais \navançados ,  sendo pr eciso , segur o e confiá vel, carac terísticas exig idas pelas  aplicações médico -hospitalar es.   \nCARACTERÍSTIC AS TÉCNIC AS \n• \nde 0...999kΩ com r esolução de 1kΩ  \n• Monitorament o de t emperatura do enr olament o secundár io do \ntransf ormador de separação ( T1)  \n• Disponibilidade de utilização de um contat o programá vel para \nsinalização à distância, em caso de falhas int ernas do dispositiv o, \nbaixo nív el de isolament o, medição de elevados valor es de \ntemperatura e de alcance do ajust e de máxima cor rente·\n• Teste de aut o-diag nóstico para ev entuais falhas int ernas do \ndispositiv o, verificação da conexão com a r ede e contr ole de \nfuncionament o\n• Injeção no cir cuito de sinais de contr ole codificados , que não são \ninfluenciados pelos component es de tipo contínuo , emitidos por \ndispositiv os elétr icos de uso médico\n• Saída ser ial RS485 para comunicação MODBUS R TUPossibilidade de escolha de um valor pr eciso de isolament o de r ede Tensão S ecundária :  \nAté 250 V\n Tensão de C urto-cir cuito:\n    3%\nCorrente a Vazio:\n    3% x I n\nConexão Elétrica:  \nPor meio de t erminais\nFixação:  \nPor meio de base metálica/ \nrodízios \nDIMENSÕES TRANSFORMADOR DE SEP ARAÇÃO  Transf ormador de Separação - Gabinete Simples  \nTensão de alimentação: 110V / 230V - 60H z\nTensão máxima de medição: 24V\nTensão da r ede c ontr olador a:  24 a 230V AC\nTensão  de Isolament o: 2,5 kV em 1 minut o \nCorrente máxima de medição: 1mA\nDispositivo Super visor de Isolamento (DSI)\n     3,0   600 X 440 X 400    50\n     5,0       600 X 440 X 400    50\n     7,5       600 X 440 X 400         70\n10,0      600 X 440 X 400    90\n  Potência\nkVAPeso \nkgGabinete simples\nDimensões Físicas\nalt x lar g x prof \nmmO Transformador de Separação é projetado pela CM \nComandos, especificamente para o suprimento de energia de \nsistema médico.\nPossui isolação galvânica reforçada, blindagem eletrostática \nentre enrolamentos primário e secundár io, conectados a um \nterminal própr io e com caracter ísticas elétricas e mecânicas que \ngarantem sua qualidade e confiabilidade.\nPossui sensores de temperatura do tipo PT-100 os quais são \nconectados ao módulo DST para super visão de temperatura.\nO transformador garante a confiabilidade das condições do \nisolamento do circuito elétrico sendo imprescindível para a \nsegurança nas aplicações cirúrgicas.'
 'ESPECIFICAÇÕES TÉCNICAS \nEntrada\nn Tensão: \n    •  3kVA \n100/110/115/120/127 VAC 120V (standard) ou  \n200/208/220/230/240 VAC 220V (standard) \n    •  6kVA / 10kVA\n 200/208/220/230/240 VAC 220V (standard)\nn Variação Admissível:\n   •   3kVA \n55-150 VAC ou 110-300 VAC @ 50% de Carga\n80-150 VAC ou 160-300 VAC @ 100% de Carga\n   •   6kVA / 10kVA \n110-300 VAC @ 50% de Carga\n176-300 VAC @ 100% de Carga \nn Freqüência: 50/60 Hz                           \nn Variação de Freqüência Admissível:   \n    •    3kVA  \n40-70Hz\n    •    6kVA / 10 kVA \n46-54Hz @50Hz e 56-64Hz @60Hz\nn  Configuração:\nMonofásica \nn Fator de Potência:\n≥ 0.99 Tensão nominal (100% de Carga)\nn Distorção Harmônica THDi:\n    •    3kVA\n ≤ 5% @ Tensão de Entrada nominal\n    •    6kVA / 10kVA\n<4% @100% de Carga, <6% @50% de Carga\nSaída\nnTensão: \n    •   3kVA \n100/110/115/120/127 VAC 115V (standard) ou \n200/208/220/230/240 VAC 220V (standard) \n    •   6kVA / 10kVA \n200/208/220/230/240 VAC 220V (standard) \nn Fator de Potência:  1,0\nn Regulação Estática:   ± 1% nominal modo \nbateria\nn Freqüência:   50 / 60 Hz \nn Variação de Freqüência: \n± 0,1Hz em modo bateria\nn Sincronismo com a Rede:   Sim\nn Configuração:   \n Monofásica f+n+t \nn Forma de Onda:   Onda senoidal pura\nn Distorção Harmônica THD:  \n •   3kVA \n    ≤ 2% carga linear \n    ≤ 4% carga não-linear \n •   6kVA / 10kVA \n    ≤ 1% carga linear \n    ≤ 4% carga não-linearBaterias\nn  Composição:  \n    •    72  VDC - 3,0 kVA \n    •     240 VDC - 6,0 kVA \n    •     240 VDC - 10,0 kVA \nn  Sistema de Recarga: \ncontrolado, automático\nn Tempo de Recarga:  \n8 a 10 horas para 90% da carga\nn Tipo: \nseladas, isentas de manutenção\nn  Paralelismo Redundante (N+1) \n»  Disponível nas potências de 6 e 10kVA\nn By-pass estático (inteligente):  \nO termo inteligente aplica-se, visto que a linha \nComposition XV  possui desligamento da saída da \nchave estática em condições que, a tensão da rede \napresenta variações fora da faixa de trabalho, prote -\ngendo a carga contra sub ou sobre tensão mesmo \nna condição de by-pass estático.']","Para os equipamentos de 3kVA, o intervalo de variação admissível da frequência é de 40 a 70Hz. 

Para os equipamentos de 6kVA e 10kVA, o intervalo de variação admissível da frequência é de 46 a 54Hz @50Hz e 56 a 64Hz @60Hz.","A variação admissível da frequência para os equipamentos de 3kVA é 40-70Hz; para os equipamentos de 6kVA e 10kVA, a variação admissível da frequência é 46-54Hz @50Hz e 56-64Hz @60Hz",,,,,1.0
1,"Aqui está uma pergunta que pode ser completamente respondida a partir do contexto fornecido, usando o tópico ""Bateria Baixa"":

""Qual é a característica da bateria baixa em relação aos toques de alarme?","['ESPECIFICAÇÕES TÉCNICAS \nEntrada\nn Tensão: \n    •  3kVA \n100/110/115/120/127 VAC 120V (standard) ou  \n200/208/220/230/240 VAC 220V (standard) \n    •  6kVA / 10kVA\n 200/208/220/230/240 VAC 220V (standard)\nn Variação Admissível:\n   •   3kVA \n55-150 VAC ou 110-300 VAC @ 50% de Carga\n80-150 VAC ou 160-300 VAC @ 100% de Carga\n   •   6kVA / 10kVA \n110-300 VAC @ 50% de Carga\n176-300 VAC @ 100% de Carga \nn Freqüência: 50/60 Hz                           \nn Variação de Freqüência Admissível:   \n    •    3kVA  \n40-70Hz\n    •    6kVA / 10 kVA \n46-54Hz @50Hz e 56-64Hz @60Hz\nn  Configuração:\nMonofásica \nn Fator de Potência:\n≥ 0.99 Tensão nominal (100% de Carga)\nn Distorção Harmônica THDi:\n    •    3kVA\n ≤ 5% @ Tensão de Entrada nominal\n    •    6kVA / 10kVA\n<4% @100% de Carga, <6% @50% de Carga\nSaída\nnTensão: \n    •   3kVA \n100/110/115/120/127 VAC 115V (standard) ou \n200/208/220/230/240 VAC 220V (standard) \n    •   6kVA / 10kVA \n200/208/220/230/240 VAC 220V (standard) \nn Fator de Potência:  1,0\nn Regulação Estática:   ± 1% nominal modo \nbateria\nn Freqüência:   50 / 60 Hz \nn Variação de Freqüência: \n± 0,1Hz em modo bateria\nn Sincronismo com a Rede:   Sim\nn Configuração:   \n Monofásica f+n+t \nn Forma de Onda:   Onda senoidal pura\nn Distorção Harmônica THD:  \n •   3kVA \n    ≤ 2% carga linear \n    ≤ 4% carga não-linear \n •   6kVA / 10kVA \n    ≤ 1% carga linear \n    ≤ 4% carga não-linearBaterias\nn  Composição:  \n    •    72  VDC - 3,0 kVA \n    •     240 VDC - 6,0 kVA \n    •     240 VDC - 10,0 kVA \nn  Sistema de Recarga: \ncontrolado, automático\nn Tempo de Recarga:  \n8 a 10 horas para 90% da carga\nn Tipo: \nseladas, isentas de manutenção\nn  Paralelismo Redundante (N+1) \n»  Disponível nas potências de 6 e 10kVA\nn By-pass estático (inteligente):  \nO termo inteligente aplica-se, visto que a linha \nComposition XV  possui desligamento da saída da \nchave estática em condições que, a tensão da rede \napresenta variações fora da faixa de trabalho, prote -\ngendo a carga contra sub ou sobre tensão mesmo \nna condição de by-pass estático.'
 'Alta Tecnologia em\nProcessamento Digital\nde Sinais - DSP\nO S M A I S M O D E R N O S\nN O B R E A K S C O R P O R AT I V O SVivemos em um mundo cada vez mais ágil e prático. Um mundo conectado por processadores, chips, softwares e \nperiféricos. Mas isso ainda não é o bastante. Por isso, o mundo caminha para tecnologias de processamento imediato \nde dados. A CM Comandos Lineares está um passo à frente e oferece aos seus clientes produtos dotados de uma \ntecnologia revolucionária, denominada Processamento Digital de Sinais -- DSP .\nToda a linha de No Breaks Innovation S1 Trifásico  \nTransformerless conta com a tecnologia DS P.   \nCaracterística que proporciona alta performance e \nconfiabilidade, tornando-os ideais para aplicações de missão crítica. Ou seja, protegem as aplicações nas quais a \ncontinuidade da operação é de fundamental importância.\ndos equipamentos pode ser atualizado, \nacrescentando novas funções em \nunidades já instaladas. Hoje, esta tecnologia está presente nos mais sofisticados sistemas eletrônicos, devido à sua alta velocidade e \nconfiabilidade. Processadores Digitais de Sinais são capazes de processar dez milhões de amostragens por segundo. \nIsso significa processamento em tempo real -- o sinal é processado no mesmo instante em que é recebido, sem \nretardos ou atrasos.\nProjetados com o uso intenso dos recursos da tecnologia DSP ,  os No Breaks Innovation Trifásico Transformerless  \nagregam novos  e avançados recursos, que estabelecem um novo conceito em desenvolvimento, no qual o firmware \nAo pensar em adquirir No Breaks,     \nconte com as soluções da\nCM Comandos, que asseguram \ntecnologia de ponta, máxima proteção, \nprecisão digital e processamento        \nem tempo real.']","A bateria baixa tem um tempo de recarga de 8 a 10 horas para atingir 90% da carga. Além disso, o sistema de recarga é controlado e automático, garantindo que a bateria seja carregada de forma eficiente e precisa.",O alarme indica uma bateria baixa com um toque a cada 2 segundos,,0.6311609369884317,,,0.0
2,Qual é o propósito dos alarmes controlados pelo processador DSP?,"['monobloco\n   \n    •Painel F rontal: em ABS de alta r esistência\n  \n    • A cabamento: pintura epó xi-pó na cor g rafite\n       com tratamento tér mico e anti- corrosivo\nTransf ormador Isolador : com blindagem\n    eletr ostátican  \nn  \nn   Alarmes\nContr olados pelo pr ocessador DSP\nTipos de Alarmes:\n   \n    •Sonor os: \n       »  A utocheck I nicialização\n       »  Tensão da Rede F ora da F aixa\n       »  Sobr ecar ga de Saída\n       »  F alha I nterna do Estabilizador\n       »  F reqüência da Rede F ora de F aixa\n   \n     •Sinalização: L eds de Status do P ainel\n       »  Rede Nor mal\n       »  Saída Nor mal\n       »  F alhan   \nn   Características de Oper ação\nRuído A udív el: 55 dBA a 60 dBA a 1 metr o\n MTBF (M ean Time Bet ween F ailur es): 50 mil horas\nMTTR (M ean Time To Repair): 30 minutos\nTemperatura Ambiente: \n   \n•Mínimo: 0ºC / M áximo 40ºC\n   \n    •Recomendada: 20ºC a 25ºC\nUmidade Relativa:\n   \n    •0% a 95% sem condensação\n   \n    •Recomendada: 45% a 55%\nAltitude: até 1.800m\n Tipo de Ambiente Recomendado:\n   \n    •Interno, instalação abr igada\n   \n    •Atmosf era: limpa, livr e de par tículas condutivas , \n      gases tó xicos , líquidos e inflamáv eis.\nGrau de P roteção: IP -20n   \nn  \nn   \nn   \n   \nn   \nn    \nn  \nn    \n   2000    2,0       620 X 200 X 600        41  \n   3000    3,0       620 X 200 X 600        43\n   5000    5,0       620 X 200 X 600           47\n   7500    7,5       620 X 200 X 600           61\n 10000  10,0       790 X 400 X 775        119\n 15000  15,0       790 X 400 X 775        147Modelo Potência \nkVADimensões Físicas\nalt x lar g x prof \nmmPeso \nkg\n* Opcional\nCM.MK T MAR 22  -   As especificações estão sujeitas a alterações sem pr évio aviso . Nós incentivamos a r eciclagem\nCertificação de \nSustentabilidade A uditadaESPECIFIC AÇÕES  TÉCNIC ASOs Estabilizador es de Tensão M icroprocessados P erfection MI S2 possuem uma tecnolog ia inédita de duplos con versor es estáticos com módulos IGBT s, de última geração . \nTotalmente contr olado por micr oprocessador DSP – Dig ital Sig nal P rocessor , o estabilizador cor rige instantaneamente qualquer var iação de tensão da r ede elétr ica da \nconcessionár ia, além de atenuar distor ção har mônica, var iações de fr equência e distúr bios elétr icos, gerando uma f orma de onda senoidal pura, e f ornecendo uma linha \nestabilizada ex clusiva e isolada para as aplicações sensív eis.\nA tecnolog ia DSP r ealiza medições em True RMS g raças à amostragem dig ital, sem r etardos ou desvios , com alta v elocidade e confiabilidade . Isso sig nifica que podemos \nproduzir sistemas cada v ez menor es e capaz es de r ealizar mais funções , com elevada confiabilidade .'
 'Alta Tecnolog ia em\nEstabilizador es de Tensão DSP\nDigital Sig nal P rocessor\nOS MAIS  MODERNOS  ESTABILIZADORES CORPORATIVOSVivemos em um mundo cada vez mais ágil e prático . Um mundo unido por processador es, chips , softwares e periféricos, \nmas isso ainda não é o bastant e,  por isso o mundo caminha para tecnolog ias de processament o imediat o de dados . A  \nCM Comandos Linear es está um passo à frente e oferece aos seus client es produt os de alta tecnolog ia digital.\ne, esta tecnolog ia está present e soment e nos mais sofisticados sistemas eletr ônicos, devido à sua alta velocidade e \nconfiabilidade . Isso significa que podemos produzir sistemas cada vez menor es,  mais rápidos , capaz es de realizar mais \nfunções e, ao mesmo tempo , elevar cada vez mais a confiabilidade das nossas soluções .Hoj\nOutr o diferencial  é a capacidade de corrigir as \nvariações extremas de corrente de carga. Esta \ncarac terística propor ciona alta performance e \nconfiabilidade , tornando os Estabilizador es \nPerfection SP  ideais  para cargas que geram \npicos de alta  corrente e que necessitam de \nproteção  e  ener gia estabilizada. \nAo pensar em adquir ir Estabilizador es de \nTensão, conte com as soluções CM \nComandos , que asseguram tecnolog ia de \nponta, máxima proteção , precisão digital e \nprocessament o DSP em tempo real.\nA linha de Estabilizador es de Tensão Perfection Série Premium, utiliza uma tecnolog ia inédita de conversor es estáticos \ncom módulos IGBT s de última geração .  Contr olado por micr oprocessador  DSP,  corrige instantaneament e qualquer \nvariação de tensão da rede elétr ica da concessionár ia, tudo na velocidade de amostragem digital, sem retardos ou \ndesvios .  Todos os setups e configurações são r ealizados por sof tware, além disso ,  possui um ex clusiv o registro log de \neventos, permitindo total rastr eabilidade em caso de anomalias .']","Os alarmes controlados pelo processador DSP são destinados a alertar sobre situações anormais ou problemas no sistema de estabilização de tensão. Eles podem detectar variações extremas em correntes de carga, tensões fora da faixa permitida, sobrecargas de saída e outras condições críticas que possam afetar a estabilidade do sistema. Além disso, os alarmes também podem fornecer informações sobre o status do painel e da rede elétrica, como redes normais ou anormais, sinalizando se há alguma anomalia ou problema detectado pelo processador DSP.","Os alarmes controlados pelo processador DSP servem para alertar em casos de problemas, como alta de rede ou pre-alarme das baterias, facilitando a identificáo e soluçó dos problemas.",,0.0,,1.0,0.0
3,Em que condições de umidade relativa o equipamento pode operar sem problemas?,"['monobloco\n   \n    •Painel F rontal: em ABS de alta r esistência\n  \n    • A cabamento: pintura epó xi-pó na cor g rafite\n       com tratamento tér mico e anti- corrosivo\nTransf ormador Isolador : com blindagem\n    eletr ostátican  \nn  \nn   Alarmes\nContr olados pelo pr ocessador DSP\nTipos de Alarmes:\n   \n    •Sonor os: \n       »  A utocheck I nicialização\n       »  Tensão da Rede F ora da F aixa\n       »  Sobr ecar ga de Saída\n       »  F alha I nterna do Estabilizador\n       »  F reqüência da Rede F ora de F aixa\n   \n     •Sinalização: L eds de Status do P ainel\n       »  Rede Nor mal\n       »  Saída Nor mal\n       »  F alhan   \nn   Características de Oper ação\nRuído A udív el: 55 dBA a 60 dBA a 1 metr o\n MTBF (M ean Time Bet ween F ailur es): 50 mil horas\nMTTR (M ean Time To Repair): 30 minutos\nTemperatura Ambiente: \n   \n•Mínimo: 0ºC / M áximo 40ºC\n   \n    •Recomendada: 20ºC a 25ºC\nUmidade Relativa:\n   \n    •0% a 95% sem condensação\n   \n    •Recomendada: 45% a 55%\nAltitude: até 1.800m\n Tipo de Ambiente Recomendado:\n   \n    •Interno, instalação abr igada\n   \n    •Atmosf era: limpa, livr e de par tículas condutivas , \n      gases tó xicos , líquidos e inflamáv eis.\nGrau de P roteção: IP -20n   \nn  \nn   \nn   \n   \nn   \nn    \nn  \nn    \n   2000    2,0       620 X 200 X 600        41  \n   3000    3,0       620 X 200 X 600        43\n   5000    5,0       620 X 200 X 600           47\n   7500    7,5       620 X 200 X 600           61\n 10000  10,0       790 X 400 X 775        119\n 15000  15,0       790 X 400 X 775        147Modelo Potência \nkVADimensões Físicas\nalt x lar g x prof \nmmPeso \nkg\n* Opcional\nCM.MK T MAR 22  -   As especificações estão sujeitas a alterações sem pr évio aviso . Nós incentivamos a r eciclagem\nCertificação de \nSustentabilidade A uditadaESPECIFIC AÇÕES  TÉCNIC ASOs Estabilizador es de Tensão M icroprocessados P erfection MI S2 possuem uma tecnolog ia inédita de duplos con versor es estáticos com módulos IGBT s, de última geração . \nTotalmente contr olado por micr oprocessador DSP – Dig ital Sig nal P rocessor , o estabilizador cor rige instantaneamente qualquer var iação de tensão da r ede elétr ica da \nconcessionár ia, além de atenuar distor ção har mônica, var iações de fr equência e distúr bios elétr icos, gerando uma f orma de onda senoidal pura, e f ornecendo uma linha \nestabilizada ex clusiva e isolada para as aplicações sensív eis.\nA tecnolog ia DSP r ealiza medições em True RMS g raças à amostragem dig ital, sem r etardos ou desvios , com alta v elocidade e confiabilidade . Isso sig nifica que podemos \nproduzir sistemas cada v ez menor es e capaz es de r ealizar mais funções , com elevada confiabilidade .'
 'Alta Tecnolog ia em\nEstabilizador es de Tensão DSP\nDigital Sig nal P rocessor\nOS MAIS  MODERNOS  ESTABILIZADORES CORPORATIVOSVivemos em um mundo cada vez mais ágil e prático . Um mundo unido por processador es, chips , softwares e periféricos, \nmas isso ainda não é o bastant e,  por isso o mundo caminha para tecnolog ias de processament o imediat o de dados . A  \nCM Comandos Linear es está um passo à frente e oferece aos seus client es produt os de alta tecnolog ia digital.\ne, esta tecnolog ia está present e soment e nos mais sofisticados sistemas eletr ônicos, devido à sua alta velocidade e \nconfiabilidade . Isso significa que podemos produzir sistemas cada vez menor es,  mais rápidos , capaz es de realizar mais \nfunções e, ao mesmo tempo , elevar cada vez mais a confiabilidade das nossas soluções .Hoj\nOutr o diferencial  é a capacidade de corrigir as \nvariações extremas de corrente de carga. Esta \ncarac terística propor ciona alta performance e \nconfiabilidade , tornando os Estabilizador es \nPerfection SP  ideais  para cargas que geram \npicos de alta  corrente e que necessitam de \nproteção  e  ener gia estabilizada. \nAo pensar em adquir ir Estabilizador es de \nTensão, conte com as soluções CM \nComandos , que asseguram tecnolog ia de \nponta, máxima proteção , precisão digital e \nprocessament o DSP em tempo real.\nA linha de Estabilizador es de Tensão Perfection Série Premium, utiliza uma tecnolog ia inédita de conversor es estáticos \ncom módulos IGBT s de última geração .  Contr olado por micr oprocessador  DSP,  corrige instantaneament e qualquer \nvariação de tensão da rede elétr ica da concessionár ia, tudo na velocidade de amostragem digital, sem retardos ou \ndesvios .  Todos os setups e configurações são r ealizados por sof tware, além disso ,  possui um ex clusiv o registro log de \neventos, permitindo total rastr eabilidade em caso de anomalias .']","A umidade relativa recomendada para a operação do equipamento é de 45% a 55%. Além disso, também é possível operar com uma umidade relativa de 0% a 95%, desde que não haja condensação.","O equipamento pode operar sem problemas em uma variedade de condições de umidade relativa, desde 0% a 90% sem condensação e recomendada entre 45% a 55%",,0.8401306847581395,0.9999999999,,0.0
4,Qual é o papel da Equalização Ativa no monitoramento de problemas típicos das baterias?,"['monobloco\n   \n    •Painel F rontal: em ABS de alta r esistência\n  \n    • A cabamento: pintura epó xi-pó na cor g rafite\n       com tratamento tér mico e anti- corrosivo\nTransf ormador Isolador : com blindagem\n    eletr ostátican  \nn  \nn   Alarmes\nContr olados pelo pr ocessador DSP\nTipos de Alarmes:\n   \n    •Sonor os: \n       »  A utocheck I nicialização\n       »  Tensão da Rede F ora da F aixa\n       »  Sobr ecar ga de Saída\n       »  F alha I nterna do Estabilizador\n       »  F reqüência da Rede F ora de F aixa\n   \n     •Sinalização: L eds de Status do P ainel\n       »  Rede Nor mal\n       »  Saída Nor mal\n       »  F alhan   \nn   Características de Oper ação\nRuído A udív el: 55 dBA a 60 dBA a 1 metr o\n MTBF (M ean Time Bet ween F ailur es): 50 mil horas\nMTTR (M ean Time To Repair): 30 minutos\nTemperatura Ambiente: \n   \n•Mínimo: 0ºC / M áximo 40ºC\n   \n    •Recomendada: 20ºC a 25ºC\nUmidade Relativa:\n   \n    •0% a 95% sem condensação\n   \n    •Recomendada: 45% a 55%\nAltitude: até 1.800m\n Tipo de Ambiente Recomendado:\n   \n    •Interno, instalação abr igada\n   \n    •Atmosf era: limpa, livr e de par tículas condutivas , \n      gases tó xicos , líquidos e inflamáv eis.\nGrau de P roteção: IP -20n   \nn  \nn   \nn   \n   \nn   \nn    \nn  \nn    \n   2000    2,0       620 X 200 X 600        41  \n   3000    3,0       620 X 200 X 600        43\n   5000    5,0       620 X 200 X 600           47\n   7500    7,5       620 X 200 X 600           61\n 10000  10,0       790 X 400 X 775        119\n 15000  15,0       790 X 400 X 775        147Modelo Potência \nkVADimensões Físicas\nalt x lar g x prof \nmmPeso \nkg\n* Opcional\nCM.MK T MAR 22  -   As especificações estão sujeitas a alterações sem pr évio aviso . Nós incentivamos a r eciclagem\nCertificação de \nSustentabilidade A uditadaESPECIFIC AÇÕES  TÉCNIC ASOs Estabilizador es de Tensão M icroprocessados P erfection MI S2 possuem uma tecnolog ia inédita de duplos con versor es estáticos com módulos IGBT s, de última geração . \nTotalmente contr olado por micr oprocessador DSP – Dig ital Sig nal P rocessor , o estabilizador cor rige instantaneamente qualquer var iação de tensão da r ede elétr ica da \nconcessionár ia, além de atenuar distor ção har mônica, var iações de fr equência e distúr bios elétr icos, gerando uma f orma de onda senoidal pura, e f ornecendo uma linha \nestabilizada ex clusiva e isolada para as aplicações sensív eis.\nA tecnolog ia DSP r ealiza medições em True RMS g raças à amostragem dig ital, sem r etardos ou desvios , com alta v elocidade e confiabilidade . Isso sig nifica que podemos \nproduzir sistemas cada v ez menor es e capaz es de r ealizar mais funções , com elevada confiabilidade .'
 'Equalização A tiva de Bat erias\nO  QUE  É  ?\nO Equalizer é uma solução revolucionária de Equalização Ativa Individual de Baterias,  desenvolvido e fabricado \nno Brasil, pela CM Comandos. \nCada bateria recebe um Módulo de Bateria, conectado a um controlador, o Master Controller.  O Controller \nsupervisiona a tensão final das baterias e controla os Módulos de Baterias de forma a regular a tensão sobre cada \nbateria, para que todas as baterias sempre apresentem a mesma tensão.\nCada Módulo de Bateria possui um microcontrolador e um módulo ativo que mantêm todas as baterias \nequalizadas. \nA Equalização Ativa faz com que todas as baterias sejam igualmente carregadas com a mesma tensão, \neliminando o efeito negativo de uma bateria sobrecarregar as outras, com excesso de carga ou o inverso, de \nimpedir que as baterias adjacentes sejam carregadas plenamente.\nO Equalizer permite que as  baterias atinjam 100% da sua vida útil, projetada pelos fabricantes. Antes, sem o \nEqualizer, as baterias se deterioravam precocemente e era necessário substituí-las. Dependendo do tipo de \nbateria, a durabilidade pode dobrar,  eliminando substituições  e reduzindo a necessidade de reciclagem.  O \nprocesso de reciclagem consome grandes recursos naturais.\nAlém disso, o sistema impede a queda do sistema por falha de baterias,  enviando alarmes ANTES de ocorrer uma \nfalha do sistema, reduzindo o DOWNTIME e elevando a confiabilidade de todo sistema.\nRede Elétr ica\nde En tradaRetificador\nCarregador\nBanc o de\nBateriasBateria 1\nBateria 2\nBateria 3\nBateria nEqualizer\nEqualizer\nEqualizer\nEqualizerMaster\nController\nCorrente Alt ernada de Entrada\nCabo de Comunicação Cabo de Medição Módulo EqualizerCorr ente ContínuaCOMO FUNCIONA ?\nEqualiz er - Equalização A tiva\nA central contr ola cada módulo , conec tado em \nparalelo com a bat eria e contr ola a t ensão de f orma \nque t odas fiquem iguais . Além disso , monit ora  \nconstant ement e a Resist ência I nterna e a \nTemperatura individualment e de cada bat eria, \narmaz ena os dados para análise e emit e alar mes \nantes de ocor rer a falh a.']","A Equalização Ativa permite que as baterias sejam igualmente carregadas com a mesma tensão, eliminando o efeito negativo de uma bateria sobrecarregar as outras. Além disso, ela também monitora constantemente a Resistência Interna e a Temperatura individualmente de cada bateria, armazenando os dados para análise e emitindo alarmes antes de ocorrer a falha. Isso ajuda a prevenir problemas típicos das baterias, como deterioração prematura, sobrecarga ou falta de carga.","Através da medição da Tensão, Impedância e Temperatura, o sistema monitora os próblemas típicos das baterias, tais como sulfatação, corrosão, perda de gases, secagem do eletrólito e aquecimento interno.",,,0.99999999995,,0.0
5,"Aqui está a pergunta completa:

""Qual é o valor máximo da tensão de saída mencionado nas características físicas e mecânicas do sistema?","['ESPECIFICAÇÕES TÉCNICAS \nEntrada\nn Tensão: \n    •  3kVA \n100/110/115/120/127 VAC 120V (standard) ou  \n200/208/220/230/240 VAC 220V (standard) \n    •  6kVA / 10kVA\n 200/208/220/230/240 VAC 220V (standard)\nn Variação Admissível:\n   •   3kVA \n55-150 VAC ou 110-300 VAC @ 50% de Carga\n80-150 VAC ou 160-300 VAC @ 100% de Carga\n   •   6kVA / 10kVA \n110-300 VAC @ 50% de Carga\n176-300 VAC @ 100% de Carga \nn Freqüência: 50/60 Hz                           \nn Variação de Freqüência Admissível:   \n    •    3kVA  \n40-70Hz\n    •    6kVA / 10 kVA \n46-54Hz @50Hz e 56-64Hz @60Hz\nn  Configuração:\nMonofásica \nn Fator de Potência:\n≥ 0.99 Tensão nominal (100% de Carga)\nn Distorção Harmônica THDi:\n    •    3kVA\n ≤ 5% @ Tensão de Entrada nominal\n    •    6kVA / 10kVA\n<4% @100% de Carga, <6% @50% de Carga\nSaída\nnTensão: \n    •   3kVA \n100/110/115/120/127 VAC 115V (standard) ou \n200/208/220/230/240 VAC 220V (standard) \n    •   6kVA / 10kVA \n200/208/220/230/240 VAC 220V (standard) \nn Fator de Potência:  1,0\nn Regulação Estática:   ± 1% nominal modo \nbateria\nn Freqüência:   50 / 60 Hz \nn Variação de Freqüência: \n± 0,1Hz em modo bateria\nn Sincronismo com a Rede:   Sim\nn Configuração:   \n Monofásica f+n+t \nn Forma de Onda:   Onda senoidal pura\nn Distorção Harmônica THD:  \n •   3kVA \n    ≤ 2% carga linear \n    ≤ 4% carga não-linear \n •   6kVA / 10kVA \n    ≤ 1% carga linear \n    ≤ 4% carga não-linearBaterias\nn  Composição:  \n    •    72  VDC - 3,0 kVA \n    •     240 VDC - 6,0 kVA \n    •     240 VDC - 10,0 kVA \nn  Sistema de Recarga: \ncontrolado, automático\nn Tempo de Recarga:  \n8 a 10 horas para 90% da carga\nn Tipo: \nseladas, isentas de manutenção\nn  Paralelismo Redundante (N+1) \n»  Disponível nas potências de 6 e 10kVA\nn By-pass estático (inteligente):  \nO termo inteligente aplica-se, visto que a linha \nComposition XV  possui desligamento da saída da \nchave estática em condições que, a tensão da rede \napresenta variações fora da faixa de trabalho, prote -\ngendo a carga contra sub ou sobre tensão mesmo \nna condição de by-pass estático.'
 'monobloco\n   \n    •Painel F rontal: em ABS de alta r esistência\n  \n    • A cabamento: pintura epó xi-pó na cor g rafite\n       com tratamento tér mico e anti- corrosivo\nTransf ormador Isolador : com blindagem\n    eletr ostátican  \nn  \nn   Alarmes\nContr olados pelo pr ocessador DSP\nTipos de Alarmes:\n   \n    •Sonor os: \n       »  A utocheck I nicialização\n       »  Tensão da Rede F ora da F aixa\n       »  Sobr ecar ga de Saída\n       »  F alha I nterna do Estabilizador\n       »  F reqüência da Rede F ora de F aixa\n   \n     •Sinalização: L eds de Status do P ainel\n       »  Rede Nor mal\n       »  Saída Nor mal\n       »  F alhan   \nn   Características de Oper ação\nRuído A udív el: 55 dBA a 60 dBA a 1 metr o\n MTBF (M ean Time Bet ween F ailur es): 50 mil horas\nMTTR (M ean Time To Repair): 30 minutos\nTemperatura Ambiente: \n   \n•Mínimo: 0ºC / M áximo 40ºC\n   \n    •Recomendada: 20ºC a 25ºC\nUmidade Relativa:\n   \n    •0% a 95% sem condensação\n   \n    •Recomendada: 45% a 55%\nAltitude: até 1.800m\n Tipo de Ambiente Recomendado:\n   \n    •Interno, instalação abr igada\n   \n    •Atmosf era: limpa, livr e de par tículas condutivas , \n      gases tó xicos , líquidos e inflamáv eis.\nGrau de P roteção: IP -20n   \nn  \nn   \nn   \n   \nn   \nn    \nn  \nn    \n   2000    2,0       620 X 200 X 600        41  \n   3000    3,0       620 X 200 X 600        43\n   5000    5,0       620 X 200 X 600           47\n   7500    7,5       620 X 200 X 600           61\n 10000  10,0       790 X 400 X 775        119\n 15000  15,0       790 X 400 X 775        147Modelo Potência \nkVADimensões Físicas\nalt x lar g x prof \nmmPeso \nkg\n* Opcional\nCM.MK T MAR 22  -   As especificações estão sujeitas a alterações sem pr évio aviso . Nós incentivamos a r eciclagem\nCertificação de \nSustentabilidade A uditadaESPECIFIC AÇÕES  TÉCNIC ASOs Estabilizador es de Tensão M icroprocessados P erfection MI S2 possuem uma tecnolog ia inédita de duplos con versor es estáticos com módulos IGBT s, de última geração . \nTotalmente contr olado por micr oprocessador DSP – Dig ital Sig nal P rocessor , o estabilizador cor rige instantaneamente qualquer var iação de tensão da r ede elétr ica da \nconcessionár ia, além de atenuar distor ção har mônica, var iações de fr equência e distúr bios elétr icos, gerando uma f orma de onda senoidal pura, e f ornecendo uma linha \nestabilizada ex clusiva e isolada para as aplicações sensív eis.\nA tecnolog ia DSP r ealiza medições em True RMS g raças à amostragem dig ital, sem r etardos ou desvios , com alta v elocidade e confiabilidade . Isso sig nifica que podemos \nproduzir sistemas cada v ez menor es e capaz es de r ealizar mais funções , com elevada confiabilidade .']",200V.,A resposta à pergunta dada não está presente no contexto,,,,,0.0
6,Quais são os tipos de medições que podem ser feitas com o recurso True RMS?,"['monobloco\n   \n    •Painel F rontal: em ABS de alta r esistência\n  \n    • A cabamento: pintura epó xi-pó na cor g rafite\n       com tratamento tér mico e anti- corrosivo\nTransf ormador Isolador : com blindagem\n    eletr ostátican  \nn  \nn   Alarmes\nContr olados pelo pr ocessador DSP\nTipos de Alarmes:\n   \n    •Sonor os: \n       »  A utocheck I nicialização\n       »  Tensão da Rede F ora da F aixa\n       »  Sobr ecar ga de Saída\n       »  F alha I nterna do Estabilizador\n       »  F reqüência da Rede F ora de F aixa\n   \n     •Sinalização: L eds de Status do P ainel\n       »  Rede Nor mal\n       »  Saída Nor mal\n       »  F alhan   \nn   Características de Oper ação\nRuído A udív el: 55 dBA a 60 dBA a 1 metr o\n MTBF (M ean Time Bet ween F ailur es): 50 mil horas\nMTTR (M ean Time To Repair): 30 minutos\nTemperatura Ambiente: \n   \n•Mínimo: 0ºC / M áximo 40ºC\n   \n    •Recomendada: 20ºC a 25ºC\nUmidade Relativa:\n   \n    •0% a 95% sem condensação\n   \n    •Recomendada: 45% a 55%\nAltitude: até 1.800m\n Tipo de Ambiente Recomendado:\n   \n    •Interno, instalação abr igada\n   \n    •Atmosf era: limpa, livr e de par tículas condutivas , \n      gases tó xicos , líquidos e inflamáv eis.\nGrau de P roteção: IP -20n   \nn  \nn   \nn   \n   \nn   \nn    \nn  \nn    \n   2000    2,0       620 X 200 X 600        41  \n   3000    3,0       620 X 200 X 600        43\n   5000    5,0       620 X 200 X 600           47\n   7500    7,5       620 X 200 X 600           61\n 10000  10,0       790 X 400 X 775        119\n 15000  15,0       790 X 400 X 775        147Modelo Potência \nkVADimensões Físicas\nalt x lar g x prof \nmmPeso \nkg\n* Opcional\nCM.MK T MAR 22  -   As especificações estão sujeitas a alterações sem pr évio aviso . Nós incentivamos a r eciclagem\nCertificação de \nSustentabilidade A uditadaESPECIFIC AÇÕES  TÉCNIC ASOs Estabilizador es de Tensão M icroprocessados P erfection MI S2 possuem uma tecnolog ia inédita de duplos con versor es estáticos com módulos IGBT s, de última geração . \nTotalmente contr olado por micr oprocessador DSP – Dig ital Sig nal P rocessor , o estabilizador cor rige instantaneamente qualquer var iação de tensão da r ede elétr ica da \nconcessionár ia, além de atenuar distor ção har mônica, var iações de fr equência e distúr bios elétr icos, gerando uma f orma de onda senoidal pura, e f ornecendo uma linha \nestabilizada ex clusiva e isolada para as aplicações sensív eis.\nA tecnolog ia DSP r ealiza medições em True RMS g raças à amostragem dig ital, sem r etardos ou desvios , com alta v elocidade e confiabilidade . Isso sig nifica que podemos \nproduzir sistemas cada v ez menor es e capaz es de r ealizar mais funções , com elevada confiabilidade .'
 'Caso ocor ram nív eis maior es do que o nor mal,  o dispositiv o de super visão imediatament e atua, emitindo um sinal de alar me, para a int ervenção \ndas equipes de manut enção . \nO módulo DSI possui um micr oprocessador int erno, comunicação M odbus via RS485 e é pr ojetado dentr o dos cr itérios tecnológ icos mais \navançados ,  sendo pr eciso , segur o e confiá vel, carac terísticas exig idas pelas  aplicações médico -hospitalar es.   \nCARACTERÍSTIC AS TÉCNIC AS \n• \nde 0...999kΩ com r esolução de 1kΩ  \n• Monitorament o de t emperatura do enr olament o secundár io do \ntransf ormador de separação ( T1)  \n• Disponibilidade de utilização de um contat o programá vel para \nsinalização à distância, em caso de falhas int ernas do dispositiv o, \nbaixo nív el de isolament o, medição de elevados valor es de \ntemperatura e de alcance do ajust e de máxima cor rente·\n• Teste de aut o-diag nóstico para ev entuais falhas int ernas do \ndispositiv o, verificação da conexão com a r ede e contr ole de \nfuncionament o\n• Injeção no cir cuito de sinais de contr ole codificados , que não são \ninfluenciados pelos component es de tipo contínuo , emitidos por \ndispositiv os elétr icos de uso médico\n• Saída ser ial RS485 para comunicação MODBUS R TUPossibilidade de escolha de um valor pr eciso de isolament o de r ede Tensão S ecundária :  \nAté 250 V\n Tensão de C urto-cir cuito:\n    3%\nCorrente a Vazio:\n    3% x I n\nConexão Elétrica:  \nPor meio de t erminais\nFixação:  \nPor meio de base metálica/ \nrodízios \nDIMENSÕES TRANSFORMADOR DE SEP ARAÇÃO  Transf ormador de Separação - Gabinete Simples  \nTensão de alimentação: 110V / 230V - 60H z\nTensão máxima de medição: 24V\nTensão da r ede c ontr olador a:  24 a 230V AC\nTensão  de Isolament o: 2,5 kV em 1 minut o \nCorrente máxima de medição: 1mA\nDispositivo Super visor de Isolamento (DSI)\n     3,0   600 X 440 X 400    50\n     5,0       600 X 440 X 400    50\n     7,5       600 X 440 X 400         70\n10,0      600 X 440 X 400    90\n  Potência\nkVAPeso \nkgGabinete simples\nDimensões Físicas\nalt x lar g x prof \nmmO Transformador de Separação é projetado pela CM \nComandos, especificamente para o suprimento de energia de \nsistema médico.\nPossui isolação galvânica reforçada, blindagem eletrostática \nentre enrolamentos primário e secundár io, conectados a um \nterminal própr io e com caracter ísticas elétricas e mecânicas que \ngarantem sua qualidade e confiabilidade.\nPossui sensores de temperatura do tipo PT-100 os quais são \nconectados ao módulo DST para super visão de temperatura.\nO transformador garante a confiabilidade das condições do \nisolamento do circuito elétrico sendo imprescindível para a \nsegurança nas aplicações cirúrgicas.']","A tecnologia DSP realiza medições em True RMS graças à amostragem digital, sem retardos ou desvios, com alta velocidade e confiabilidade. Isso significa que podemos produzir sistemas cada vez menores e capazes de realizar mais funções, com elevada confiabilidade.",A resposta à pergunta dada não está presente no contexto,,0.862089800835279,,,0.0
7,"Aqui está uma pergunta que pode ser totalmente respondida a partir do contexto fornecido:

""Precisamente quais são as características principais dos No-Break Composition trifásico?","['monobloco\n   \n    •Painel F rontal: em ABS de alta r esistência\n  \n    • A cabamento: pintura epó xi-pó na cor g rafite\n       com tratamento tér mico e anti- corrosivo\nTransf ormador Isolador : com blindagem\n    eletr ostátican  \nn  \nn   Alarmes\nContr olados pelo pr ocessador DSP\nTipos de Alarmes:\n   \n    •Sonor os: \n       »  A utocheck I nicialização\n       »  Tensão da Rede F ora da F aixa\n       »  Sobr ecar ga de Saída\n       »  F alha I nterna do Estabilizador\n       »  F reqüência da Rede F ora de F aixa\n   \n     •Sinalização: L eds de Status do P ainel\n       »  Rede Nor mal\n       »  Saída Nor mal\n       »  F alhan   \nn   Características de Oper ação\nRuído A udív el: 55 dBA a 60 dBA a 1 metr o\n MTBF (M ean Time Bet ween F ailur es): 50 mil horas\nMTTR (M ean Time To Repair): 30 minutos\nTemperatura Ambiente: \n   \n•Mínimo: 0ºC / M áximo 40ºC\n   \n    •Recomendada: 20ºC a 25ºC\nUmidade Relativa:\n   \n    •0% a 95% sem condensação\n   \n    •Recomendada: 45% a 55%\nAltitude: até 1.800m\n Tipo de Ambiente Recomendado:\n   \n    •Interno, instalação abr igada\n   \n    •Atmosf era: limpa, livr e de par tículas condutivas , \n      gases tó xicos , líquidos e inflamáv eis.\nGrau de P roteção: IP -20n   \nn  \nn   \nn   \n   \nn   \nn    \nn  \nn    \n   2000    2,0       620 X 200 X 600        41  \n   3000    3,0       620 X 200 X 600        43\n   5000    5,0       620 X 200 X 600           47\n   7500    7,5       620 X 200 X 600           61\n 10000  10,0       790 X 400 X 775        119\n 15000  15,0       790 X 400 X 775        147Modelo Potência \nkVADimensões Físicas\nalt x lar g x prof \nmmPeso \nkg\n* Opcional\nCM.MK T MAR 22  -   As especificações estão sujeitas a alterações sem pr évio aviso . Nós incentivamos a r eciclagem\nCertificação de \nSustentabilidade A uditadaESPECIFIC AÇÕES  TÉCNIC ASOs Estabilizador es de Tensão M icroprocessados P erfection MI S2 possuem uma tecnolog ia inédita de duplos con versor es estáticos com módulos IGBT s, de última geração . \nTotalmente contr olado por micr oprocessador DSP – Dig ital Sig nal P rocessor , o estabilizador cor rige instantaneamente qualquer var iação de tensão da r ede elétr ica da \nconcessionár ia, além de atenuar distor ção har mônica, var iações de fr equência e distúr bios elétr icos, gerando uma f orma de onda senoidal pura, e f ornecendo uma linha \nestabilizada ex clusiva e isolada para as aplicações sensív eis.\nA tecnolog ia DSP r ealiza medições em True RMS g raças à amostragem dig ital, sem r etardos ou desvios , com alta v elocidade e confiabilidade . Isso sig nifica que podemos \nproduzir sistemas cada v ez menor es e capaz es de r ealizar mais funções , com elevada confiabilidade .'
 'ESPECIFICAÇÕES TÉCNICAS \nEntrada\nn Tensão: \n    •  3kVA \n100/110/115/120/127 VAC 120V (standard) ou  \n200/208/220/230/240 VAC 220V (standard) \n    •  6kVA / 10kVA\n 200/208/220/230/240 VAC 220V (standard)\nn Variação Admissível:\n   •   3kVA \n55-150 VAC ou 110-300 VAC @ 50% de Carga\n80-150 VAC ou 160-300 VAC @ 100% de Carga\n   •   6kVA / 10kVA \n110-300 VAC @ 50% de Carga\n176-300 VAC @ 100% de Carga \nn Freqüência: 50/60 Hz                           \nn Variação de Freqüência Admissível:   \n    •    3kVA  \n40-70Hz\n    •    6kVA / 10 kVA \n46-54Hz @50Hz e 56-64Hz @60Hz\nn  Configuração:\nMonofásica \nn Fator de Potência:\n≥ 0.99 Tensão nominal (100% de Carga)\nn Distorção Harmônica THDi:\n    •    3kVA\n ≤ 5% @ Tensão de Entrada nominal\n    •    6kVA / 10kVA\n<4% @100% de Carga, <6% @50% de Carga\nSaída\nnTensão: \n    •   3kVA \n100/110/115/120/127 VAC 115V (standard) ou \n200/208/220/230/240 VAC 220V (standard) \n    •   6kVA / 10kVA \n200/208/220/230/240 VAC 220V (standard) \nn Fator de Potência:  1,0\nn Regulação Estática:   ± 1% nominal modo \nbateria\nn Freqüência:   50 / 60 Hz \nn Variação de Freqüência: \n± 0,1Hz em modo bateria\nn Sincronismo com a Rede:   Sim\nn Configuração:   \n Monofásica f+n+t \nn Forma de Onda:   Onda senoidal pura\nn Distorção Harmônica THD:  \n •   3kVA \n    ≤ 2% carga linear \n    ≤ 4% carga não-linear \n •   6kVA / 10kVA \n    ≤ 1% carga linear \n    ≤ 4% carga não-linearBaterias\nn  Composição:  \n    •    72  VDC - 3,0 kVA \n    •     240 VDC - 6,0 kVA \n    •     240 VDC - 10,0 kVA \nn  Sistema de Recarga: \ncontrolado, automático\nn Tempo de Recarga:  \n8 a 10 horas para 90% da carga\nn Tipo: \nseladas, isentas de manutenção\nn  Paralelismo Redundante (N+1) \n»  Disponível nas potências de 6 e 10kVA\nn By-pass estático (inteligente):  \nO termo inteligente aplica-se, visto que a linha \nComposition XV  possui desligamento da saída da \nchave estática em condições que, a tensão da rede \napresenta variações fora da faixa de trabalho, prote -\ngendo a carga contra sub ou sobre tensão mesmo \nna condição de by-pass estático.']","Os No-Break Composition trifásico possuem as seguintes características principais:

* Configuração: Monofásica f+n+t
* Forma de Onda: Onda senoidal pura
* Distorção Harmônica THD: ≤ 2% carga linear, ≤ 4% carga não-linear em 3kVA; ≤ 1% carga linear, ≤ 4% carga não-linear em 6kVA e 10kVA.","As principais características dos No-Break Composition trifásico incluem topologia online de dupla conversão, controle DSP - processador digital de sinais, reator e inversor a IGBT, alto fator de potência de entrada (Power Factor Correction), bypass estático, automático e manual, gerenciamento avançado de baterias, fácil manutenção - módulos hot swap, set de baterias configurável (conforme modelo e capacidades), design modular rack padrão informática, escalonável e modular, ampla faixa de tensão admissível de entrada, compatível com grupo gerador, software de gerenciamento remoto RS232*, slot adaptador SNMP, contato seco e Modbus*. ",,0.5634252970532955,,,
8,Qual ferramenta o software de configuração e diagnóstico utiliza para se comunicar?,"['monobloco\n   \n    •Painel F rontal: em ABS de alta r esistência\n  \n    • A cabamento: pintura epó xi-pó na cor g rafite\n       com tratamento tér mico e anti- corrosivo\nTransf ormador Isolador : com blindagem\n    eletr ostátican  \nn  \nn   Alarmes\nContr olados pelo pr ocessador DSP\nTipos de Alarmes:\n   \n    •Sonor os: \n       »  A utocheck I nicialização\n       »  Tensão da Rede F ora da F aixa\n       »  Sobr ecar ga de Saída\n       »  F alha I nterna do Estabilizador\n       »  F reqüência da Rede F ora de F aixa\n   \n     •Sinalização: L eds de Status do P ainel\n       »  Rede Nor mal\n       »  Saída Nor mal\n       »  F alhan   \nn   Características de Oper ação\nRuído A udív el: 55 dBA a 60 dBA a 1 metr o\n MTBF (M ean Time Bet ween F ailur es): 50 mil horas\nMTTR (M ean Time To Repair): 30 minutos\nTemperatura Ambiente: \n   \n•Mínimo: 0ºC / M áximo 40ºC\n   \n    •Recomendada: 20ºC a 25ºC\nUmidade Relativa:\n   \n    •0% a 95% sem condensação\n   \n    •Recomendada: 45% a 55%\nAltitude: até 1.800m\n Tipo de Ambiente Recomendado:\n   \n    •Interno, instalação abr igada\n   \n    •Atmosf era: limpa, livr e de par tículas condutivas , \n      gases tó xicos , líquidos e inflamáv eis.\nGrau de P roteção: IP -20n   \nn  \nn   \nn   \n   \nn   \nn    \nn  \nn    \n   2000    2,0       620 X 200 X 600        41  \n   3000    3,0       620 X 200 X 600        43\n   5000    5,0       620 X 200 X 600           47\n   7500    7,5       620 X 200 X 600           61\n 10000  10,0       790 X 400 X 775        119\n 15000  15,0       790 X 400 X 775        147Modelo Potência \nkVADimensões Físicas\nalt x lar g x prof \nmmPeso \nkg\n* Opcional\nCM.MK T MAR 22  -   As especificações estão sujeitas a alterações sem pr évio aviso . Nós incentivamos a r eciclagem\nCertificação de \nSustentabilidade A uditadaESPECIFIC AÇÕES  TÉCNIC ASOs Estabilizador es de Tensão M icroprocessados P erfection MI S2 possuem uma tecnolog ia inédita de duplos con versor es estáticos com módulos IGBT s, de última geração . \nTotalmente contr olado por micr oprocessador DSP – Dig ital Sig nal P rocessor , o estabilizador cor rige instantaneamente qualquer var iação de tensão da r ede elétr ica da \nconcessionár ia, além de atenuar distor ção har mônica, var iações de fr equência e distúr bios elétr icos, gerando uma f orma de onda senoidal pura, e f ornecendo uma linha \nestabilizada ex clusiva e isolada para as aplicações sensív eis.\nA tecnolog ia DSP r ealiza medições em True RMS g raças à amostragem dig ital, sem r etardos ou desvios , com alta v elocidade e confiabilidade . Isso sig nifica que podemos \nproduzir sistemas cada v ez menor es e capaz es de r ealizar mais funções , com elevada confiabilidade .'
 'Equalização A tiva de Bat erias\nO  QUE  É  ?\nO Equalizer é uma solução revolucionária de Equalização Ativa Individual de Baterias,  desenvolvido e fabricado \nno Brasil, pela CM Comandos. \nCada bateria recebe um Módulo de Bateria, conectado a um controlador, o Master Controller.  O Controller \nsupervisiona a tensão final das baterias e controla os Módulos de Baterias de forma a regular a tensão sobre cada \nbateria, para que todas as baterias sempre apresentem a mesma tensão.\nCada Módulo de Bateria possui um microcontrolador e um módulo ativo que mantêm todas as baterias \nequalizadas. \nA Equalização Ativa faz com que todas as baterias sejam igualmente carregadas com a mesma tensão, \neliminando o efeito negativo de uma bateria sobrecarregar as outras, com excesso de carga ou o inverso, de \nimpedir que as baterias adjacentes sejam carregadas plenamente.\nO Equalizer permite que as  baterias atinjam 100% da sua vida útil, projetada pelos fabricantes. Antes, sem o \nEqualizer, as baterias se deterioravam precocemente e era necessário substituí-las. Dependendo do tipo de \nbateria, a durabilidade pode dobrar,  eliminando substituições  e reduzindo a necessidade de reciclagem.  O \nprocesso de reciclagem consome grandes recursos naturais.\nAlém disso, o sistema impede a queda do sistema por falha de baterias,  enviando alarmes ANTES de ocorrer uma \nfalha do sistema, reduzindo o DOWNTIME e elevando a confiabilidade de todo sistema.\nRede Elétr ica\nde En tradaRetificador\nCarregador\nBanc o de\nBateriasBateria 1\nBateria 2\nBateria 3\nBateria nEqualizer\nEqualizer\nEqualizer\nEqualizerMaster\nController\nCorrente Alt ernada de Entrada\nCabo de Comunicação Cabo de Medição Módulo EqualizerCorr ente ContínuaCOMO FUNCIONA ?\nEqualiz er - Equalização A tiva\nA central contr ola cada módulo , conec tado em \nparalelo com a bat eria e contr ola a t ensão de f orma \nque t odas fiquem iguais . Além disso , monit ora  \nconstant ement e a Resist ência I nterna e a \nTemperatura individualment e de cada bat eria, \narmaz ena os dados para análise e emit e alar mes \nantes de ocor rer a falh a.']",Cabo de Comunicação,O software de configuração e diagnóstico utiliza a porta de comunicação serial RS232C isolada full duplex - DB9 Fêmea para se comunicar,,0.7393268322131796,,,
9,Qual é a tensão da saída da rede elétrica?,"['monobloco\n   \n    •Painel F rontal: em ABS de alta r esistência\n  \n    • A cabamento: pintura epó xi-pó na cor g rafite\n       com tratamento tér mico e anti- corrosivo\nTransf ormador Isolador : com blindagem\n    eletr ostátican  \nn  \nn   Alarmes\nContr olados pelo pr ocessador DSP\nTipos de Alarmes:\n   \n    •Sonor os: \n       »  A utocheck I nicialização\n       »  Tensão da Rede F ora da F aixa\n       »  Sobr ecar ga de Saída\n       »  F alha I nterna do Estabilizador\n       »  F reqüência da Rede F ora de F aixa\n   \n     •Sinalização: L eds de Status do P ainel\n       »  Rede Nor mal\n       »  Saída Nor mal\n       »  F alhan   \nn   Características de Oper ação\nRuído A udív el: 55 dBA a 60 dBA a 1 metr o\n MTBF (M ean Time Bet ween F ailur es): 50 mil horas\nMTTR (M ean Time To Repair): 30 minutos\nTemperatura Ambiente: \n   \n•Mínimo: 0ºC / M áximo 40ºC\n   \n    •Recomendada: 20ºC a 25ºC\nUmidade Relativa:\n   \n    •0% a 95% sem condensação\n   \n    •Recomendada: 45% a 55%\nAltitude: até 1.800m\n Tipo de Ambiente Recomendado:\n   \n    •Interno, instalação abr igada\n   \n    •Atmosf era: limpa, livr e de par tículas condutivas , \n      gases tó xicos , líquidos e inflamáv eis.\nGrau de P roteção: IP -20n   \nn  \nn   \nn   \n   \nn   \nn    \nn  \nn    \n   2000    2,0       620 X 200 X 600        41  \n   3000    3,0       620 X 200 X 600        43\n   5000    5,0       620 X 200 X 600           47\n   7500    7,5       620 X 200 X 600           61\n 10000  10,0       790 X 400 X 775        119\n 15000  15,0       790 X 400 X 775        147Modelo Potência \nkVADimensões Físicas\nalt x lar g x prof \nmmPeso \nkg\n* Opcional\nCM.MK T MAR 22  -   As especificações estão sujeitas a alterações sem pr évio aviso . Nós incentivamos a r eciclagem\nCertificação de \nSustentabilidade A uditadaESPECIFIC AÇÕES  TÉCNIC ASOs Estabilizador es de Tensão M icroprocessados P erfection MI S2 possuem uma tecnolog ia inédita de duplos con versor es estáticos com módulos IGBT s, de última geração . \nTotalmente contr olado por micr oprocessador DSP – Dig ital Sig nal P rocessor , o estabilizador cor rige instantaneamente qualquer var iação de tensão da r ede elétr ica da \nconcessionár ia, além de atenuar distor ção har mônica, var iações de fr equência e distúr bios elétr icos, gerando uma f orma de onda senoidal pura, e f ornecendo uma linha \nestabilizada ex clusiva e isolada para as aplicações sensív eis.\nA tecnolog ia DSP r ealiza medições em True RMS g raças à amostragem dig ital, sem r etardos ou desvios , com alta v elocidade e confiabilidade . Isso sig nifica que podemos \nproduzir sistemas cada v ez menor es e capaz es de r ealizar mais funções , com elevada confiabilidade .'
 'ESPECIFICAÇÕES TÉCNICAS \nEntrada\nn Tensão: \n    •  3kVA \n100/110/115/120/127 VAC 120V (standard) ou  \n200/208/220/230/240 VAC 220V (standard) \n    •  6kVA / 10kVA\n 200/208/220/230/240 VAC 220V (standard)\nn Variação Admissível:\n   •   3kVA \n55-150 VAC ou 110-300 VAC @ 50% de Carga\n80-150 VAC ou 160-300 VAC @ 100% de Carga\n   •   6kVA / 10kVA \n110-300 VAC @ 50% de Carga\n176-300 VAC @ 100% de Carga \nn Freqüência: 50/60 Hz                           \nn Variação de Freqüência Admissível:   \n    •    3kVA  \n40-70Hz\n    •    6kVA / 10 kVA \n46-54Hz @50Hz e 56-64Hz @60Hz\nn  Configuração:\nMonofásica \nn Fator de Potência:\n≥ 0.99 Tensão nominal (100% de Carga)\nn Distorção Harmônica THDi:\n    •    3kVA\n ≤ 5% @ Tensão de Entrada nominal\n    •    6kVA / 10kVA\n<4% @100% de Carga, <6% @50% de Carga\nSaída\nnTensão: \n    •   3kVA \n100/110/115/120/127 VAC 115V (standard) ou \n200/208/220/230/240 VAC 220V (standard) \n    •   6kVA / 10kVA \n200/208/220/230/240 VAC 220V (standard) \nn Fator de Potência:  1,0\nn Regulação Estática:   ± 1% nominal modo \nbateria\nn Freqüência:   50 / 60 Hz \nn Variação de Freqüência: \n± 0,1Hz em modo bateria\nn Sincronismo com a Rede:   Sim\nn Configuração:   \n Monofásica f+n+t \nn Forma de Onda:   Onda senoidal pura\nn Distorção Harmônica THD:  \n •   3kVA \n    ≤ 2% carga linear \n    ≤ 4% carga não-linear \n •   6kVA / 10kVA \n    ≤ 1% carga linear \n    ≤ 4% carga não-linearBaterias\nn  Composição:  \n    •    72  VDC - 3,0 kVA \n    •     240 VDC - 6,0 kVA \n    •     240 VDC - 10,0 kVA \nn  Sistema de Recarga: \ncontrolado, automático\nn Tempo de Recarga:  \n8 a 10 horas para 90% da carga\nn Tipo: \nseladas, isentas de manutenção\nn  Paralelismo Redundante (N+1) \n»  Disponível nas potências de 6 e 10kVA\nn By-pass estático (inteligente):  \nO termo inteligente aplica-se, visto que a linha \nComposition XV  possui desligamento da saída da \nchave estática em condições que, a tensão da rede \napresenta variações fora da faixa de trabalho, prote -\ngendo a carga contra sub ou sobre tensão mesmo \nna condição de by-pass estático.']","A tensão nominal da saída da rede elétrica varia conforme a potência e o modelo do equipamento. Para as especificações de 3kVA, a tensão da saída é de 115V ou 220V, dependendo do padrão de entrada. Já para as especificações de 6kVA/10kVA, a tensão da saída é sempre de 220V.","A tensão da saída da rede elétrica pode variar entre 110 V e 220 V, dependendo do padrão de corrente alternada utilizado.",,0.8838614729806673,,,0.0
10,"Aqui está uma sugestão para você:

""Qual é o papel do software de gerenciamento em um sistema de No-Break?""

Essa pergunta é direta e relevante ao contexto fornecido, abordando especificamente o tópico ""Gerenciamento de servidores"" e fazendo referência a uma das características mencionadas no texto.","['monobloco\n   \n    •Painel F rontal: em ABS de alta r esistência\n  \n    • A cabamento: pintura epó xi-pó na cor g rafite\n       com tratamento tér mico e anti- corrosivo\nTransf ormador Isolador : com blindagem\n    eletr ostátican  \nn  \nn   Alarmes\nContr olados pelo pr ocessador DSP\nTipos de Alarmes:\n   \n    •Sonor os: \n       »  A utocheck I nicialização\n       »  Tensão da Rede F ora da F aixa\n       »  Sobr ecar ga de Saída\n       »  F alha I nterna do Estabilizador\n       »  F reqüência da Rede F ora de F aixa\n   \n     •Sinalização: L eds de Status do P ainel\n       »  Rede Nor mal\n       »  Saída Nor mal\n       »  F alhan   \nn   Características de Oper ação\nRuído A udív el: 55 dBA a 60 dBA a 1 metr o\n MTBF (M ean Time Bet ween F ailur es): 50 mil horas\nMTTR (M ean Time To Repair): 30 minutos\nTemperatura Ambiente: \n   \n•Mínimo: 0ºC / M áximo 40ºC\n   \n    •Recomendada: 20ºC a 25ºC\nUmidade Relativa:\n   \n    •0% a 95% sem condensação\n   \n    •Recomendada: 45% a 55%\nAltitude: até 1.800m\n Tipo de Ambiente Recomendado:\n   \n    •Interno, instalação abr igada\n   \n    •Atmosf era: limpa, livr e de par tículas condutivas , \n      gases tó xicos , líquidos e inflamáv eis.\nGrau de P roteção: IP -20n   \nn  \nn   \nn   \n   \nn   \nn    \nn  \nn    \n   2000    2,0       620 X 200 X 600        41  \n   3000    3,0       620 X 200 X 600        43\n   5000    5,0       620 X 200 X 600           47\n   7500    7,5       620 X 200 X 600           61\n 10000  10,0       790 X 400 X 775        119\n 15000  15,0       790 X 400 X 775        147Modelo Potência \nkVADimensões Físicas\nalt x lar g x prof \nmmPeso \nkg\n* Opcional\nCM.MK T MAR 22  -   As especificações estão sujeitas a alterações sem pr évio aviso . Nós incentivamos a r eciclagem\nCertificação de \nSustentabilidade A uditadaESPECIFIC AÇÕES  TÉCNIC ASOs Estabilizador es de Tensão M icroprocessados P erfection MI S2 possuem uma tecnolog ia inédita de duplos con versor es estáticos com módulos IGBT s, de última geração . \nTotalmente contr olado por micr oprocessador DSP – Dig ital Sig nal P rocessor , o estabilizador cor rige instantaneamente qualquer var iação de tensão da r ede elétr ica da \nconcessionár ia, além de atenuar distor ção har mônica, var iações de fr equência e distúr bios elétr icos, gerando uma f orma de onda senoidal pura, e f ornecendo uma linha \nestabilizada ex clusiva e isolada para as aplicações sensív eis.\nA tecnolog ia DSP r ealiza medições em True RMS g raças à amostragem dig ital, sem r etardos ou desvios , com alta v elocidade e confiabilidade . Isso sig nifica que podemos \nproduzir sistemas cada v ez menor es e capaz es de r ealizar mais funções , com elevada confiabilidade .'
 'ESPECIFICAÇÕES TÉCNICAS \nEntrada\nn Tensão: \n    •  3kVA \n100/110/115/120/127 VAC 120V (standard) ou  \n200/208/220/230/240 VAC 220V (standard) \n    •  6kVA / 10kVA\n 200/208/220/230/240 VAC 220V (standard)\nn Variação Admissível:\n   •   3kVA \n55-150 VAC ou 110-300 VAC @ 50% de Carga\n80-150 VAC ou 160-300 VAC @ 100% de Carga\n   •   6kVA / 10kVA \n110-300 VAC @ 50% de Carga\n176-300 VAC @ 100% de Carga \nn Freqüência: 50/60 Hz                           \nn Variação de Freqüência Admissível:   \n    •    3kVA  \n40-70Hz\n    •    6kVA / 10 kVA \n46-54Hz @50Hz e 56-64Hz @60Hz\nn  Configuração:\nMonofásica \nn Fator de Potência:\n≥ 0.99 Tensão nominal (100% de Carga)\nn Distorção Harmônica THDi:\n    •    3kVA\n ≤ 5% @ Tensão de Entrada nominal\n    •    6kVA / 10kVA\n<4% @100% de Carga, <6% @50% de Carga\nSaída\nnTensão: \n    •   3kVA \n100/110/115/120/127 VAC 115V (standard) ou \n200/208/220/230/240 VAC 220V (standard) \n    •   6kVA / 10kVA \n200/208/220/230/240 VAC 220V (standard) \nn Fator de Potência:  1,0\nn Regulação Estática:   ± 1% nominal modo \nbateria\nn Freqüência:   50 / 60 Hz \nn Variação de Freqüência: \n± 0,1Hz em modo bateria\nn Sincronismo com a Rede:   Sim\nn Configuração:   \n Monofásica f+n+t \nn Forma de Onda:   Onda senoidal pura\nn Distorção Harmônica THD:  \n •   3kVA \n    ≤ 2% carga linear \n    ≤ 4% carga não-linear \n •   6kVA / 10kVA \n    ≤ 1% carga linear \n    ≤ 4% carga não-linearBaterias\nn  Composição:  \n    •    72  VDC - 3,0 kVA \n    •     240 VDC - 6,0 kVA \n    •     240 VDC - 10,0 kVA \nn  Sistema de Recarga: \ncontrolado, automático\nn Tempo de Recarga:  \n8 a 10 horas para 90% da carga\nn Tipo: \nseladas, isentas de manutenção\nn  Paralelismo Redundante (N+1) \n»  Disponível nas potências de 6 e 10kVA\nn By-pass estático (inteligente):  \nO termo inteligente aplica-se, visto que a linha \nComposition XV  possui desligamento da saída da \nchave estática em condições que, a tensão da rede \napresenta variações fora da faixa de trabalho, prote -\ngendo a carga contra sub ou sobre tensão mesmo \nna condição de by-pass estático.']","O software de gerenciamento desempenha um papel fundamental em garantir que os sistemas de No-Break funcionem corretamente, monitorando e controlando o fornecimento de energia elétrica. Ele ajuda a evitar sobrecargas e subcargas, além de proteger contra falhas e interrupções no suprimento de energia. Além disso, também ajuda a otimizar a utilização dos recursos disponíveis, garantindo que os sistemas estejam sempre funcionando dentro das especificações recomendadas.","O software de gerenciamento desempenha um papel crucial em um sistema de No-Break, fornecendo ferramentas para monitorar e controlar as condiües do sistema, bem como alertas e alarmes para garantir a estabilidade e segurança da instalação. Ele pode ser configurado para realizar tarefas automatizadas, armazenar logs de eventos e fornecer informações detalhadas sobre o desempenho do sistema.",,0.6317351053887724,,,1.0
11,"Qual é o papel do Processador de Sinal Digital em equipamentos como o Estabilizador Eletrônico?""

Essa pergunta pode ser totalmente respondida a partir do contexto fornecido.","['ESPECIFICAÇÕES TÉCNICAS \nEntrada\nn Tensão: \n    •  3kVA \n100/110/115/120/127 VAC 120V (standard) ou  \n200/208/220/230/240 VAC 220V (standard) \n    •  6kVA / 10kVA\n 200/208/220/230/240 VAC 220V (standard)\nn Variação Admissível:\n   •   3kVA \n55-150 VAC ou 110-300 VAC @ 50% de Carga\n80-150 VAC ou 160-300 VAC @ 100% de Carga\n   •   6kVA / 10kVA \n110-300 VAC @ 50% de Carga\n176-300 VAC @ 100% de Carga \nn Freqüência: 50/60 Hz                           \nn Variação de Freqüência Admissível:   \n    •    3kVA  \n40-70Hz\n    •    6kVA / 10 kVA \n46-54Hz @50Hz e 56-64Hz @60Hz\nn  Configuração:\nMonofásica \nn Fator de Potência:\n≥ 0.99 Tensão nominal (100% de Carga)\nn Distorção Harmônica THDi:\n    •    3kVA\n ≤ 5% @ Tensão de Entrada nominal\n    •    6kVA / 10kVA\n<4% @100% de Carga, <6% @50% de Carga\nSaída\nnTensão: \n    •   3kVA \n100/110/115/120/127 VAC 115V (standard) ou \n200/208/220/230/240 VAC 220V (standard) \n    •   6kVA / 10kVA \n200/208/220/230/240 VAC 220V (standard) \nn Fator de Potência:  1,0\nn Regulação Estática:   ± 1% nominal modo \nbateria\nn Freqüência:   50 / 60 Hz \nn Variação de Freqüência: \n± 0,1Hz em modo bateria\nn Sincronismo com a Rede:   Sim\nn Configuração:   \n Monofásica f+n+t \nn Forma de Onda:   Onda senoidal pura\nn Distorção Harmônica THD:  \n •   3kVA \n    ≤ 2% carga linear \n    ≤ 4% carga não-linear \n •   6kVA / 10kVA \n    ≤ 1% carga linear \n    ≤ 4% carga não-linearBaterias\nn  Composição:  \n    •    72  VDC - 3,0 kVA \n    •     240 VDC - 6,0 kVA \n    •     240 VDC - 10,0 kVA \nn  Sistema de Recarga: \ncontrolado, automático\nn Tempo de Recarga:  \n8 a 10 horas para 90% da carga\nn Tipo: \nseladas, isentas de manutenção\nn  Paralelismo Redundante (N+1) \n»  Disponível nas potências de 6 e 10kVA\nn By-pass estático (inteligente):  \nO termo inteligente aplica-se, visto que a linha \nComposition XV  possui desligamento da saída da \nchave estática em condições que, a tensão da rede \napresenta variações fora da faixa de trabalho, prote -\ngendo a carga contra sub ou sobre tensão mesmo \nna condição de by-pass estático.'
 'Caso ocor ram nív eis maior es do que o nor mal,  o dispositiv o de super visão imediatament e atua, emitindo um sinal de alar me, para a int ervenção \ndas equipes de manut enção . \nO módulo DSI possui um micr oprocessador int erno, comunicação M odbus via RS485 e é pr ojetado dentr o dos cr itérios tecnológ icos mais \navançados ,  sendo pr eciso , segur o e confiá vel, carac terísticas exig idas pelas  aplicações médico -hospitalar es.   \nCARACTERÍSTIC AS TÉCNIC AS \n• \nde 0...999kΩ com r esolução de 1kΩ  \n• Monitorament o de t emperatura do enr olament o secundár io do \ntransf ormador de separação ( T1)  \n• Disponibilidade de utilização de um contat o programá vel para \nsinalização à distância, em caso de falhas int ernas do dispositiv o, \nbaixo nív el de isolament o, medição de elevados valor es de \ntemperatura e de alcance do ajust e de máxima cor rente·\n• Teste de aut o-diag nóstico para ev entuais falhas int ernas do \ndispositiv o, verificação da conexão com a r ede e contr ole de \nfuncionament o\n• Injeção no cir cuito de sinais de contr ole codificados , que não são \ninfluenciados pelos component es de tipo contínuo , emitidos por \ndispositiv os elétr icos de uso médico\n• Saída ser ial RS485 para comunicação MODBUS R TUPossibilidade de escolha de um valor pr eciso de isolament o de r ede Tensão S ecundária :  \nAté 250 V\n Tensão de C urto-cir cuito:\n    3%\nCorrente a Vazio:\n    3% x I n\nConexão Elétrica:  \nPor meio de t erminais\nFixação:  \nPor meio de base metálica/ \nrodízios \nDIMENSÕES TRANSFORMADOR DE SEP ARAÇÃO  Transf ormador de Separação - Gabinete Simples  \nTensão de alimentação: 110V / 230V - 60H z\nTensão máxima de medição: 24V\nTensão da r ede c ontr olador a:  24 a 230V AC\nTensão  de Isolament o: 2,5 kV em 1 minut o \nCorrente máxima de medição: 1mA\nDispositivo Super visor de Isolamento (DSI)\n     3,0   600 X 440 X 400    50\n     5,0       600 X 440 X 400    50\n     7,5       600 X 440 X 400         70\n10,0      600 X 440 X 400    90\n  Potência\nkVAPeso \nkgGabinete simples\nDimensões Físicas\nalt x lar g x prof \nmmO Transformador de Separação é projetado pela CM \nComandos, especificamente para o suprimento de energia de \nsistema médico.\nPossui isolação galvânica reforçada, blindagem eletrostática \nentre enrolamentos primário e secundár io, conectados a um \nterminal própr io e com caracter ísticas elétricas e mecânicas que \ngarantem sua qualidade e confiabilidade.\nPossui sensores de temperatura do tipo PT-100 os quais são \nconectados ao módulo DST para super visão de temperatura.\nO transformador garante a confiabilidade das condições do \nisolamento do circuito elétrico sendo imprescindível para a \nsegurança nas aplicações cirúrgicas.']","O Processador de Sinal Digital atua como um módulo interno que realiza autodiagnóstico, verificação da conexão com a rede e controle de funcionamento, além de injeção de sinais de controle codificados no circuito. Isso sugere que seu papel é garantir a integridade e confiabilidade do sistema ao detectar e responder a falhas internas ou outros eventos críticos.",O Processador de Sinal Digital desempenha um papel crucial na estabilização e processamento eletrônico.,,,,,
12,Que tipo de alarmes são controlados pelo processador do sistema?,"['monobloco\n   \n    •Painel F rontal: em ABS de alta r esistência\n  \n    • A cabamento: pintura epó xi-pó na cor g rafite\n       com tratamento tér mico e anti- corrosivo\nTransf ormador Isolador : com blindagem\n    eletr ostátican  \nn  \nn   Alarmes\nContr olados pelo pr ocessador DSP\nTipos de Alarmes:\n   \n    •Sonor os: \n       »  A utocheck I nicialização\n       »  Tensão da Rede F ora da F aixa\n       »  Sobr ecar ga de Saída\n       »  F alha I nterna do Estabilizador\n       »  F reqüência da Rede F ora de F aixa\n   \n     •Sinalização: L eds de Status do P ainel\n       »  Rede Nor mal\n       »  Saída Nor mal\n       »  F alhan   \nn   Características de Oper ação\nRuído A udív el: 55 dBA a 60 dBA a 1 metr o\n MTBF (M ean Time Bet ween F ailur es): 50 mil horas\nMTTR (M ean Time To Repair): 30 minutos\nTemperatura Ambiente: \n   \n•Mínimo: 0ºC / M áximo 40ºC\n   \n    •Recomendada: 20ºC a 25ºC\nUmidade Relativa:\n   \n    •0% a 95% sem condensação\n   \n    •Recomendada: 45% a 55%\nAltitude: até 1.800m\n Tipo de Ambiente Recomendado:\n   \n    •Interno, instalação abr igada\n   \n    •Atmosf era: limpa, livr e de par tículas condutivas , \n      gases tó xicos , líquidos e inflamáv eis.\nGrau de P roteção: IP -20n   \nn  \nn   \nn   \n   \nn   \nn    \nn  \nn    \n   2000    2,0       620 X 200 X 600        41  \n   3000    3,0       620 X 200 X 600        43\n   5000    5,0       620 X 200 X 600           47\n   7500    7,5       620 X 200 X 600           61\n 10000  10,0       790 X 400 X 775        119\n 15000  15,0       790 X 400 X 775        147Modelo Potência \nkVADimensões Físicas\nalt x lar g x prof \nmmPeso \nkg\n* Opcional\nCM.MK T MAR 22  -   As especificações estão sujeitas a alterações sem pr évio aviso . Nós incentivamos a r eciclagem\nCertificação de \nSustentabilidade A uditadaESPECIFIC AÇÕES  TÉCNIC ASOs Estabilizador es de Tensão M icroprocessados P erfection MI S2 possuem uma tecnolog ia inédita de duplos con versor es estáticos com módulos IGBT s, de última geração . \nTotalmente contr olado por micr oprocessador DSP – Dig ital Sig nal P rocessor , o estabilizador cor rige instantaneamente qualquer var iação de tensão da r ede elétr ica da \nconcessionár ia, além de atenuar distor ção har mônica, var iações de fr equência e distúr bios elétr icos, gerando uma f orma de onda senoidal pura, e f ornecendo uma linha \nestabilizada ex clusiva e isolada para as aplicações sensív eis.\nA tecnolog ia DSP r ealiza medições em True RMS g raças à amostragem dig ital, sem r etardos ou desvios , com alta v elocidade e confiabilidade . Isso sig nifica que podemos \nproduzir sistemas cada v ez menor es e capaz es de r ealizar mais funções , com elevada confiabilidade .'
 'Equalização A tiva de Bat erias\nO  QUE  É  ?\nO Equalizer é uma solução revolucionária de Equalização Ativa Individual de Baterias,  desenvolvido e fabricado \nno Brasil, pela CM Comandos. \nCada bateria recebe um Módulo de Bateria, conectado a um controlador, o Master Controller.  O Controller \nsupervisiona a tensão final das baterias e controla os Módulos de Baterias de forma a regular a tensão sobre cada \nbateria, para que todas as baterias sempre apresentem a mesma tensão.\nCada Módulo de Bateria possui um microcontrolador e um módulo ativo que mantêm todas as baterias \nequalizadas. \nA Equalização Ativa faz com que todas as baterias sejam igualmente carregadas com a mesma tensão, \neliminando o efeito negativo de uma bateria sobrecarregar as outras, com excesso de carga ou o inverso, de \nimpedir que as baterias adjacentes sejam carregadas plenamente.\nO Equalizer permite que as  baterias atinjam 100% da sua vida útil, projetada pelos fabricantes. Antes, sem o \nEqualizer, as baterias se deterioravam precocemente e era necessário substituí-las. Dependendo do tipo de \nbateria, a durabilidade pode dobrar,  eliminando substituições  e reduzindo a necessidade de reciclagem.  O \nprocesso de reciclagem consome grandes recursos naturais.\nAlém disso, o sistema impede a queda do sistema por falha de baterias,  enviando alarmes ANTES de ocorrer uma \nfalha do sistema, reduzindo o DOWNTIME e elevando a confiabilidade de todo sistema.\nRede Elétr ica\nde En tradaRetificador\nCarregador\nBanc o de\nBateriasBateria 1\nBateria 2\nBateria 3\nBateria nEqualizer\nEqualizer\nEqualizer\nEqualizerMaster\nController\nCorrente Alt ernada de Entrada\nCabo de Comunicação Cabo de Medição Módulo EqualizerCorr ente ContínuaCOMO FUNCIONA ?\nEqualiz er - Equalização A tiva\nA central contr ola cada módulo , conec tado em \nparalelo com a bat eria e contr ola a t ensão de f orma \nque t odas fiquem iguais . Além disso , monit ora  \nconstant ement e a Resist ência I nterna e a \nTemperatura individualment e de cada bat eria, \narmaz ena os dados para análise e emit e alar mes \nantes de ocor rer a falh a.']",Alarmes sonoros.,"Os alarmes controlados pelo processador incluem modo bateria, baixa bateria, sobrecarga e falha. O modo bateria soa a cada quatro segundos, a baixa bateria a cada segundo, a sobrecarga duas vezes a cada segundo e a falha soa continuamente.",,0.8436301239673673,,,0.0
13,Qual é o propósito da placa eletrônica em dispositivos locaisizadores de falhas?,"['monobloco\n   \n    •Painel F rontal: em ABS de alta r esistência\n  \n    • A cabamento: pintura epó xi-pó na cor g rafite\n       com tratamento tér mico e anti- corrosivo\nTransf ormador Isolador : com blindagem\n    eletr ostátican  \nn  \nn   Alarmes\nContr olados pelo pr ocessador DSP\nTipos de Alarmes:\n   \n    •Sonor os: \n       »  A utocheck I nicialização\n       »  Tensão da Rede F ora da F aixa\n       »  Sobr ecar ga de Saída\n       »  F alha I nterna do Estabilizador\n       »  F reqüência da Rede F ora de F aixa\n   \n     •Sinalização: L eds de Status do P ainel\n       »  Rede Nor mal\n       »  Saída Nor mal\n       »  F alhan   \nn   Características de Oper ação\nRuído A udív el: 55 dBA a 60 dBA a 1 metr o\n MTBF (M ean Time Bet ween F ailur es): 50 mil horas\nMTTR (M ean Time To Repair): 30 minutos\nTemperatura Ambiente: \n   \n•Mínimo: 0ºC / M áximo 40ºC\n   \n    •Recomendada: 20ºC a 25ºC\nUmidade Relativa:\n   \n    •0% a 95% sem condensação\n   \n    •Recomendada: 45% a 55%\nAltitude: até 1.800m\n Tipo de Ambiente Recomendado:\n   \n    •Interno, instalação abr igada\n   \n    •Atmosf era: limpa, livr e de par tículas condutivas , \n      gases tó xicos , líquidos e inflamáv eis.\nGrau de P roteção: IP -20n   \nn  \nn   \nn   \n   \nn   \nn    \nn  \nn    \n   2000    2,0       620 X 200 X 600        41  \n   3000    3,0       620 X 200 X 600        43\n   5000    5,0       620 X 200 X 600           47\n   7500    7,5       620 X 200 X 600           61\n 10000  10,0       790 X 400 X 775        119\n 15000  15,0       790 X 400 X 775        147Modelo Potência \nkVADimensões Físicas\nalt x lar g x prof \nmmPeso \nkg\n* Opcional\nCM.MK T MAR 22  -   As especificações estão sujeitas a alterações sem pr évio aviso . Nós incentivamos a r eciclagem\nCertificação de \nSustentabilidade A uditadaESPECIFIC AÇÕES  TÉCNIC ASOs Estabilizador es de Tensão M icroprocessados P erfection MI S2 possuem uma tecnolog ia inédita de duplos con versor es estáticos com módulos IGBT s, de última geração . \nTotalmente contr olado por micr oprocessador DSP – Dig ital Sig nal P rocessor , o estabilizador cor rige instantaneamente qualquer var iação de tensão da r ede elétr ica da \nconcessionár ia, além de atenuar distor ção har mônica, var iações de fr equência e distúr bios elétr icos, gerando uma f orma de onda senoidal pura, e f ornecendo uma linha \nestabilizada ex clusiva e isolada para as aplicações sensív eis.\nA tecnolog ia DSP r ealiza medições em True RMS g raças à amostragem dig ital, sem r etardos ou desvios , com alta v elocidade e confiabilidade . Isso sig nifica que podemos \nproduzir sistemas cada v ez menor es e capaz es de r ealizar mais funções , com elevada confiabilidade .'
 'Caso ocor ram nív eis maior es do que o nor mal,  o dispositiv o de super visão imediatament e atua, emitindo um sinal de alar me, para a int ervenção \ndas equipes de manut enção . \nO módulo DSI possui um micr oprocessador int erno, comunicação M odbus via RS485 e é pr ojetado dentr o dos cr itérios tecnológ icos mais \navançados ,  sendo pr eciso , segur o e confiá vel, carac terísticas exig idas pelas  aplicações médico -hospitalar es.   \nCARACTERÍSTIC AS TÉCNIC AS \n• \nde 0...999kΩ com r esolução de 1kΩ  \n• Monitorament o de t emperatura do enr olament o secundár io do \ntransf ormador de separação ( T1)  \n• Disponibilidade de utilização de um contat o programá vel para \nsinalização à distância, em caso de falhas int ernas do dispositiv o, \nbaixo nív el de isolament o, medição de elevados valor es de \ntemperatura e de alcance do ajust e de máxima cor rente·\n• Teste de aut o-diag nóstico para ev entuais falhas int ernas do \ndispositiv o, verificação da conexão com a r ede e contr ole de \nfuncionament o\n• Injeção no cir cuito de sinais de contr ole codificados , que não são \ninfluenciados pelos component es de tipo contínuo , emitidos por \ndispositiv os elétr icos de uso médico\n• Saída ser ial RS485 para comunicação MODBUS R TUPossibilidade de escolha de um valor pr eciso de isolament o de r ede Tensão S ecundária :  \nAté 250 V\n Tensão de C urto-cir cuito:\n    3%\nCorrente a Vazio:\n    3% x I n\nConexão Elétrica:  \nPor meio de t erminais\nFixação:  \nPor meio de base metálica/ \nrodízios \nDIMENSÕES TRANSFORMADOR DE SEP ARAÇÃO  Transf ormador de Separação - Gabinete Simples  \nTensão de alimentação: 110V / 230V - 60H z\nTensão máxima de medição: 24V\nTensão da r ede c ontr olador a:  24 a 230V AC\nTensão  de Isolament o: 2,5 kV em 1 minut o \nCorrente máxima de medição: 1mA\nDispositivo Super visor de Isolamento (DSI)\n     3,0   600 X 440 X 400    50\n     5,0       600 X 440 X 400    50\n     7,5       600 X 440 X 400         70\n10,0      600 X 440 X 400    90\n  Potência\nkVAPeso \nkgGabinete simples\nDimensões Físicas\nalt x lar g x prof \nmmO Transformador de Separação é projetado pela CM \nComandos, especificamente para o suprimento de energia de \nsistema médico.\nPossui isolação galvânica reforçada, blindagem eletrostática \nentre enrolamentos primário e secundár io, conectados a um \nterminal própr io e com caracter ísticas elétricas e mecânicas que \ngarantem sua qualidade e confiabilidade.\nPossui sensores de temperatura do tipo PT-100 os quais são \nconectados ao módulo DST para super visão de temperatura.\nO transformador garante a confiabilidade das condições do \nisolamento do circuito elétrico sendo imprescindível para a \nsegurança nas aplicações cirúrgicas.']","O propósito da placa eletrônica em dispositivos localizadores de falhas é realizar medições e testes para identificar e detectar eventos anormais ou problemas no sistema, permitindo a rápida intervenção das equipes de manutenção. Isso contribui para garantir a segurança e confiabilidade das aplicações sensíveis, como as médico-hospitalares. Além disso, essa tecnologia também ajuda a minimizar os impactos negativos dos problemas detectados, garantindo que o sistema continue funcionando dentro de parâmetros seguros e confiáveis.",A resposta à pergunta dada não está presente no contexto,,0.9937530387032616,,,
14,Quais são os limites de umidade relativa permitidos para o sistema?,"['monobloco\n   \n    •Painel F rontal: em ABS de alta r esistência\n  \n    • A cabamento: pintura epó xi-pó na cor g rafite\n       com tratamento tér mico e anti- corrosivo\nTransf ormador Isolador : com blindagem\n    eletr ostátican  \nn  \nn   Alarmes\nContr olados pelo pr ocessador DSP\nTipos de Alarmes:\n   \n    •Sonor os: \n       »  A utocheck I nicialização\n       »  Tensão da Rede F ora da F aixa\n       »  Sobr ecar ga de Saída\n       »  F alha I nterna do Estabilizador\n       »  F reqüência da Rede F ora de F aixa\n   \n     •Sinalização: L eds de Status do P ainel\n       »  Rede Nor mal\n       »  Saída Nor mal\n       »  F alhan   \nn   Características de Oper ação\nRuído A udív el: 55 dBA a 60 dBA a 1 metr o\n MTBF (M ean Time Bet ween F ailur es): 50 mil horas\nMTTR (M ean Time To Repair): 30 minutos\nTemperatura Ambiente: \n   \n•Mínimo: 0ºC / M áximo 40ºC\n   \n    •Recomendada: 20ºC a 25ºC\nUmidade Relativa:\n   \n    •0% a 95% sem condensação\n   \n    •Recomendada: 45% a 55%\nAltitude: até 1.800m\n Tipo de Ambiente Recomendado:\n   \n    •Interno, instalação abr igada\n   \n    •Atmosf era: limpa, livr e de par tículas condutivas , \n      gases tó xicos , líquidos e inflamáv eis.\nGrau de P roteção: IP -20n   \nn  \nn   \nn   \n   \nn   \nn    \nn  \nn    \n   2000    2,0       620 X 200 X 600        41  \n   3000    3,0       620 X 200 X 600        43\n   5000    5,0       620 X 200 X 600           47\n   7500    7,5       620 X 200 X 600           61\n 10000  10,0       790 X 400 X 775        119\n 15000  15,0       790 X 400 X 775        147Modelo Potência \nkVADimensões Físicas\nalt x lar g x prof \nmmPeso \nkg\n* Opcional\nCM.MK T MAR 22  -   As especificações estão sujeitas a alterações sem pr évio aviso . Nós incentivamos a r eciclagem\nCertificação de \nSustentabilidade A uditadaESPECIFIC AÇÕES  TÉCNIC ASOs Estabilizador es de Tensão M icroprocessados P erfection MI S2 possuem uma tecnolog ia inédita de duplos con versor es estáticos com módulos IGBT s, de última geração . \nTotalmente contr olado por micr oprocessador DSP – Dig ital Sig nal P rocessor , o estabilizador cor rige instantaneamente qualquer var iação de tensão da r ede elétr ica da \nconcessionár ia, além de atenuar distor ção har mônica, var iações de fr equência e distúr bios elétr icos, gerando uma f orma de onda senoidal pura, e f ornecendo uma linha \nestabilizada ex clusiva e isolada para as aplicações sensív eis.\nA tecnolog ia DSP r ealiza medições em True RMS g raças à amostragem dig ital, sem r etardos ou desvios , com alta v elocidade e confiabilidade . Isso sig nifica que podemos \nproduzir sistemas cada v ez menor es e capaz es de r ealizar mais funções , com elevada confiabilidade .'
 'ESPECIFICAÇÕES TÉCNICAS \nEntrada\nn Tensão: \n    •  3kVA \n100/110/115/120/127 VAC 120V (standard) ou  \n200/208/220/230/240 VAC 220V (standard) \n    •  6kVA / 10kVA\n 200/208/220/230/240 VAC 220V (standard)\nn Variação Admissível:\n   •   3kVA \n55-150 VAC ou 110-300 VAC @ 50% de Carga\n80-150 VAC ou 160-300 VAC @ 100% de Carga\n   •   6kVA / 10kVA \n110-300 VAC @ 50% de Carga\n176-300 VAC @ 100% de Carga \nn Freqüência: 50/60 Hz                           \nn Variação de Freqüência Admissível:   \n    •    3kVA  \n40-70Hz\n    •    6kVA / 10 kVA \n46-54Hz @50Hz e 56-64Hz @60Hz\nn  Configuração:\nMonofásica \nn Fator de Potência:\n≥ 0.99 Tensão nominal (100% de Carga)\nn Distorção Harmônica THDi:\n    •    3kVA\n ≤ 5% @ Tensão de Entrada nominal\n    •    6kVA / 10kVA\n<4% @100% de Carga, <6% @50% de Carga\nSaída\nnTensão: \n    •   3kVA \n100/110/115/120/127 VAC 115V (standard) ou \n200/208/220/230/240 VAC 220V (standard) \n    •   6kVA / 10kVA \n200/208/220/230/240 VAC 220V (standard) \nn Fator de Potência:  1,0\nn Regulação Estática:   ± 1% nominal modo \nbateria\nn Freqüência:   50 / 60 Hz \nn Variação de Freqüência: \n± 0,1Hz em modo bateria\nn Sincronismo com a Rede:   Sim\nn Configuração:   \n Monofásica f+n+t \nn Forma de Onda:   Onda senoidal pura\nn Distorção Harmônica THD:  \n •   3kVA \n    ≤ 2% carga linear \n    ≤ 4% carga não-linear \n •   6kVA / 10kVA \n    ≤ 1% carga linear \n    ≤ 4% carga não-linearBaterias\nn  Composição:  \n    •    72  VDC - 3,0 kVA \n    •     240 VDC - 6,0 kVA \n    •     240 VDC - 10,0 kVA \nn  Sistema de Recarga: \ncontrolado, automático\nn Tempo de Recarga:  \n8 a 10 horas para 90% da carga\nn Tipo: \nseladas, isentas de manutenção\nn  Paralelismo Redundante (N+1) \n»  Disponível nas potências de 6 e 10kVA\nn By-pass estático (inteligente):  \nO termo inteligente aplica-se, visto que a linha \nComposition XV  possui desligamento da saída da \nchave estática em condições que, a tensão da rede \napresenta variações fora da faixa de trabalho, prote -\ngendo a carga contra sub ou sobre tensão mesmo \nna condição de by-pass estático.']","0% a 95% sem condensação. Além disso, é recomendada uma umidade relativa entre 45% e 55%.",A resposta à pergunta dada está presente no contexto,,0.9366004590134378,,,0.0
15,Qual é a função do inversor no sistema?,"['monobloco\n   \n    •Painel F rontal: em ABS de alta r esistência\n  \n    • A cabamento: pintura epó xi-pó na cor g rafite\n       com tratamento tér mico e anti- corrosivo\nTransf ormador Isolador : com blindagem\n    eletr ostátican  \nn  \nn   Alarmes\nContr olados pelo pr ocessador DSP\nTipos de Alarmes:\n   \n    •Sonor os: \n       »  A utocheck I nicialização\n       »  Tensão da Rede F ora da F aixa\n       »  Sobr ecar ga de Saída\n       »  F alha I nterna do Estabilizador\n       »  F reqüência da Rede F ora de F aixa\n   \n     •Sinalização: L eds de Status do P ainel\n       »  Rede Nor mal\n       »  Saída Nor mal\n       »  F alhan   \nn   Características de Oper ação\nRuído A udív el: 55 dBA a 60 dBA a 1 metr o\n MTBF (M ean Time Bet ween F ailur es): 50 mil horas\nMTTR (M ean Time To Repair): 30 minutos\nTemperatura Ambiente: \n   \n•Mínimo: 0ºC / M áximo 40ºC\n   \n    •Recomendada: 20ºC a 25ºC\nUmidade Relativa:\n   \n    •0% a 95% sem condensação\n   \n    •Recomendada: 45% a 55%\nAltitude: até 1.800m\n Tipo de Ambiente Recomendado:\n   \n    •Interno, instalação abr igada\n   \n    •Atmosf era: limpa, livr e de par tículas condutivas , \n      gases tó xicos , líquidos e inflamáv eis.\nGrau de P roteção: IP -20n   \nn  \nn   \nn   \n   \nn   \nn    \nn  \nn    \n   2000    2,0       620 X 200 X 600        41  \n   3000    3,0       620 X 200 X 600        43\n   5000    5,0       620 X 200 X 600           47\n   7500    7,5       620 X 200 X 600           61\n 10000  10,0       790 X 400 X 775        119\n 15000  15,0       790 X 400 X 775        147Modelo Potência \nkVADimensões Físicas\nalt x lar g x prof \nmmPeso \nkg\n* Opcional\nCM.MK T MAR 22  -   As especificações estão sujeitas a alterações sem pr évio aviso . Nós incentivamos a r eciclagem\nCertificação de \nSustentabilidade A uditadaESPECIFIC AÇÕES  TÉCNIC ASOs Estabilizador es de Tensão M icroprocessados P erfection MI S2 possuem uma tecnolog ia inédita de duplos con versor es estáticos com módulos IGBT s, de última geração . \nTotalmente contr olado por micr oprocessador DSP – Dig ital Sig nal P rocessor , o estabilizador cor rige instantaneamente qualquer var iação de tensão da r ede elétr ica da \nconcessionár ia, além de atenuar distor ção har mônica, var iações de fr equência e distúr bios elétr icos, gerando uma f orma de onda senoidal pura, e f ornecendo uma linha \nestabilizada ex clusiva e isolada para as aplicações sensív eis.\nA tecnolog ia DSP r ealiza medições em True RMS g raças à amostragem dig ital, sem r etardos ou desvios , com alta v elocidade e confiabilidade . Isso sig nifica que podemos \nproduzir sistemas cada v ez menor es e capaz es de r ealizar mais funções , com elevada confiabilidade .'
 'Equalização A tiva de Bat erias\nO  QUE  É  ?\nO Equalizer é uma solução revolucionária de Equalização Ativa Individual de Baterias,  desenvolvido e fabricado \nno Brasil, pela CM Comandos. \nCada bateria recebe um Módulo de Bateria, conectado a um controlador, o Master Controller.  O Controller \nsupervisiona a tensão final das baterias e controla os Módulos de Baterias de forma a regular a tensão sobre cada \nbateria, para que todas as baterias sempre apresentem a mesma tensão.\nCada Módulo de Bateria possui um microcontrolador e um módulo ativo que mantêm todas as baterias \nequalizadas. \nA Equalização Ativa faz com que todas as baterias sejam igualmente carregadas com a mesma tensão, \neliminando o efeito negativo de uma bateria sobrecarregar as outras, com excesso de carga ou o inverso, de \nimpedir que as baterias adjacentes sejam carregadas plenamente.\nO Equalizer permite que as  baterias atinjam 100% da sua vida útil, projetada pelos fabricantes. Antes, sem o \nEqualizer, as baterias se deterioravam precocemente e era necessário substituí-las. Dependendo do tipo de \nbateria, a durabilidade pode dobrar,  eliminando substituições  e reduzindo a necessidade de reciclagem.  O \nprocesso de reciclagem consome grandes recursos naturais.\nAlém disso, o sistema impede a queda do sistema por falha de baterias,  enviando alarmes ANTES de ocorrer uma \nfalha do sistema, reduzindo o DOWNTIME e elevando a confiabilidade de todo sistema.\nRede Elétr ica\nde En tradaRetificador\nCarregador\nBanc o de\nBateriasBateria 1\nBateria 2\nBateria 3\nBateria nEqualizer\nEqualizer\nEqualizer\nEqualizerMaster\nController\nCorrente Alt ernada de Entrada\nCabo de Comunicação Cabo de Medição Módulo EqualizerCorr ente ContínuaCOMO FUNCIONA ?\nEqualiz er - Equalização A tiva\nA central contr ola cada módulo , conec tado em \nparalelo com a bat eria e contr ola a t ensão de f orma \nque t odas fiquem iguais . Além disso , monit ora  \nconstant ement e a Resist ência I nterna e a \nTemperatura individualment e de cada bat eria, \narmaz ena os dados para análise e emit e alar mes \nantes de ocor rer a falh a.']",O inversor é responsável por converter a corrente alternada de entrada em corrente contínua para as baterias.,"O inversor converte a corrente contínua do retificador ou das baterias em corrente alternada de saída, com forma de onda senoidal pura, livre de distúrbios.",,,,,
16,Qual é o objetivo da proteção contra falhas de isolamento elétrica no ambiente hospitalar?,"['monobloco\n   \n    •Painel F rontal: em ABS de alta r esistência\n  \n    • A cabamento: pintura epó xi-pó na cor g rafite\n       com tratamento tér mico e anti- corrosivo\nTransf ormador Isolador : com blindagem\n    eletr ostátican  \nn  \nn   Alarmes\nContr olados pelo pr ocessador DSP\nTipos de Alarmes:\n   \n    •Sonor os: \n       »  A utocheck I nicialização\n       »  Tensão da Rede F ora da F aixa\n       »  Sobr ecar ga de Saída\n       »  F alha I nterna do Estabilizador\n       »  F reqüência da Rede F ora de F aixa\n   \n     •Sinalização: L eds de Status do P ainel\n       »  Rede Nor mal\n       »  Saída Nor mal\n       »  F alhan   \nn   Características de Oper ação\nRuído A udív el: 55 dBA a 60 dBA a 1 metr o\n MTBF (M ean Time Bet ween F ailur es): 50 mil horas\nMTTR (M ean Time To Repair): 30 minutos\nTemperatura Ambiente: \n   \n•Mínimo: 0ºC / M áximo 40ºC\n   \n    •Recomendada: 20ºC a 25ºC\nUmidade Relativa:\n   \n    •0% a 95% sem condensação\n   \n    •Recomendada: 45% a 55%\nAltitude: até 1.800m\n Tipo de Ambiente Recomendado:\n   \n    •Interno, instalação abr igada\n   \n    •Atmosf era: limpa, livr e de par tículas condutivas , \n      gases tó xicos , líquidos e inflamáv eis.\nGrau de P roteção: IP -20n   \nn  \nn   \nn   \n   \nn   \nn    \nn  \nn    \n   2000    2,0       620 X 200 X 600        41  \n   3000    3,0       620 X 200 X 600        43\n   5000    5,0       620 X 200 X 600           47\n   7500    7,5       620 X 200 X 600           61\n 10000  10,0       790 X 400 X 775        119\n 15000  15,0       790 X 400 X 775        147Modelo Potência \nkVADimensões Físicas\nalt x lar g x prof \nmmPeso \nkg\n* Opcional\nCM.MK T MAR 22  -   As especificações estão sujeitas a alterações sem pr évio aviso . Nós incentivamos a r eciclagem\nCertificação de \nSustentabilidade A uditadaESPECIFIC AÇÕES  TÉCNIC ASOs Estabilizador es de Tensão M icroprocessados P erfection MI S2 possuem uma tecnolog ia inédita de duplos con versor es estáticos com módulos IGBT s, de última geração . \nTotalmente contr olado por micr oprocessador DSP – Dig ital Sig nal P rocessor , o estabilizador cor rige instantaneamente qualquer var iação de tensão da r ede elétr ica da \nconcessionár ia, além de atenuar distor ção har mônica, var iações de fr equência e distúr bios elétr icos, gerando uma f orma de onda senoidal pura, e f ornecendo uma linha \nestabilizada ex clusiva e isolada para as aplicações sensív eis.\nA tecnolog ia DSP r ealiza medições em True RMS g raças à amostragem dig ital, sem r etardos ou desvios , com alta v elocidade e confiabilidade . Isso sig nifica que podemos \nproduzir sistemas cada v ez menor es e capaz es de r ealizar mais funções , com elevada confiabilidade .'
 'Caso ocor ram nív eis maior es do que o nor mal,  o dispositiv o de super visão imediatament e atua, emitindo um sinal de alar me, para a int ervenção \ndas equipes de manut enção . \nO módulo DSI possui um micr oprocessador int erno, comunicação M odbus via RS485 e é pr ojetado dentr o dos cr itérios tecnológ icos mais \navançados ,  sendo pr eciso , segur o e confiá vel, carac terísticas exig idas pelas  aplicações médico -hospitalar es.   \nCARACTERÍSTIC AS TÉCNIC AS \n• \nde 0...999kΩ com r esolução de 1kΩ  \n• Monitorament o de t emperatura do enr olament o secundár io do \ntransf ormador de separação ( T1)  \n• Disponibilidade de utilização de um contat o programá vel para \nsinalização à distância, em caso de falhas int ernas do dispositiv o, \nbaixo nív el de isolament o, medição de elevados valor es de \ntemperatura e de alcance do ajust e de máxima cor rente·\n• Teste de aut o-diag nóstico para ev entuais falhas int ernas do \ndispositiv o, verificação da conexão com a r ede e contr ole de \nfuncionament o\n• Injeção no cir cuito de sinais de contr ole codificados , que não são \ninfluenciados pelos component es de tipo contínuo , emitidos por \ndispositiv os elétr icos de uso médico\n• Saída ser ial RS485 para comunicação MODBUS R TUPossibilidade de escolha de um valor pr eciso de isolament o de r ede Tensão S ecundária :  \nAté 250 V\n Tensão de C urto-cir cuito:\n    3%\nCorrente a Vazio:\n    3% x I n\nConexão Elétrica:  \nPor meio de t erminais\nFixação:  \nPor meio de base metálica/ \nrodízios \nDIMENSÕES TRANSFORMADOR DE SEP ARAÇÃO  Transf ormador de Separação - Gabinete Simples  \nTensão de alimentação: 110V / 230V - 60H z\nTensão máxima de medição: 24V\nTensão da r ede c ontr olador a:  24 a 230V AC\nTensão  de Isolament o: 2,5 kV em 1 minut o \nCorrente máxima de medição: 1mA\nDispositivo Super visor de Isolamento (DSI)\n     3,0   600 X 440 X 400    50\n     5,0       600 X 440 X 400    50\n     7,5       600 X 440 X 400         70\n10,0      600 X 440 X 400    90\n  Potência\nkVAPeso \nkgGabinete simples\nDimensões Físicas\nalt x lar g x prof \nmmO Transformador de Separação é projetado pela CM \nComandos, especificamente para o suprimento de energia de \nsistema médico.\nPossui isolação galvânica reforçada, blindagem eletrostática \nentre enrolamentos primário e secundár io, conectados a um \nterminal própr io e com caracter ísticas elétricas e mecânicas que \ngarantem sua qualidade e confiabilidade.\nPossui sensores de temperatura do tipo PT-100 os quais são \nconectados ao módulo DST para super visão de temperatura.\nO transformador garante a confiabilidade das condições do \nisolamento do circuito elétrico sendo imprescindível para a \nsegurança nas aplicações cirúrgicas.']","A proteção contra falhas de isolamento elétrica no ambiente hospitalar visa garantir a segurança das condições do isolamento do circuito elétrico, evitando danos aos pacientes e profissionais da saúde. Isso é imprescindível para manter a confiabilidade dos sistemas de suprimento de energia e evitar riscos à vida humana.","O objetivo da proteção contra falhas de isolamento elétrica no ambiente hospitalar é garantir a manutenação dos equipamentos de sustentação à vida, mesmo em caso de primeira falha de isolação elétrica nos Estabelecimentos Assistenciais a Saúde (EAS).",,0.0,,,
17,"Aqui está a pergunta que você pode responder completamente usando o contexto fornecido:

""Qual é a principal vantagem do uso de transformadores isoladores em sistemas elétricos?","['monobloco\n   \n    •Painel F rontal: em ABS de alta r esistência\n  \n    • A cabamento: pintura epó xi-pó na cor g rafite\n       com tratamento tér mico e anti- corrosivo\nTransf ormador Isolador : com blindagem\n    eletr ostátican  \nn  \nn   Alarmes\nContr olados pelo pr ocessador DSP\nTipos de Alarmes:\n   \n    •Sonor os: \n       »  A utocheck I nicialização\n       »  Tensão da Rede F ora da F aixa\n       »  Sobr ecar ga de Saída\n       »  F alha I nterna do Estabilizador\n       »  F reqüência da Rede F ora de F aixa\n   \n     •Sinalização: L eds de Status do P ainel\n       »  Rede Nor mal\n       »  Saída Nor mal\n       »  F alhan   \nn   Características de Oper ação\nRuído A udív el: 55 dBA a 60 dBA a 1 metr o\n MTBF (M ean Time Bet ween F ailur es): 50 mil horas\nMTTR (M ean Time To Repair): 30 minutos\nTemperatura Ambiente: \n   \n•Mínimo: 0ºC / M áximo 40ºC\n   \n    •Recomendada: 20ºC a 25ºC\nUmidade Relativa:\n   \n    •0% a 95% sem condensação\n   \n    •Recomendada: 45% a 55%\nAltitude: até 1.800m\n Tipo de Ambiente Recomendado:\n   \n    •Interno, instalação abr igada\n   \n    •Atmosf era: limpa, livr e de par tículas condutivas , \n      gases tó xicos , líquidos e inflamáv eis.\nGrau de P roteção: IP -20n   \nn  \nn   \nn   \n   \nn   \nn    \nn  \nn    \n   2000    2,0       620 X 200 X 600        41  \n   3000    3,0       620 X 200 X 600        43\n   5000    5,0       620 X 200 X 600           47\n   7500    7,5       620 X 200 X 600           61\n 10000  10,0       790 X 400 X 775        119\n 15000  15,0       790 X 400 X 775        147Modelo Potência \nkVADimensões Físicas\nalt x lar g x prof \nmmPeso \nkg\n* Opcional\nCM.MK T MAR 22  -   As especificações estão sujeitas a alterações sem pr évio aviso . Nós incentivamos a r eciclagem\nCertificação de \nSustentabilidade A uditadaESPECIFIC AÇÕES  TÉCNIC ASOs Estabilizador es de Tensão M icroprocessados P erfection MI S2 possuem uma tecnolog ia inédita de duplos con versor es estáticos com módulos IGBT s, de última geração . \nTotalmente contr olado por micr oprocessador DSP – Dig ital Sig nal P rocessor , o estabilizador cor rige instantaneamente qualquer var iação de tensão da r ede elétr ica da \nconcessionár ia, além de atenuar distor ção har mônica, var iações de fr equência e distúr bios elétr icos, gerando uma f orma de onda senoidal pura, e f ornecendo uma linha \nestabilizada ex clusiva e isolada para as aplicações sensív eis.\nA tecnolog ia DSP r ealiza medições em True RMS g raças à amostragem dig ital, sem r etardos ou desvios , com alta v elocidade e confiabilidade . Isso sig nifica que podemos \nproduzir sistemas cada v ez menor es e capaz es de r ealizar mais funções , com elevada confiabilidade .'
 'ESPECIFICAÇÕES TÉCNICAS \nEntrada\nn Tensão: \n    •  3kVA \n100/110/115/120/127 VAC 120V (standard) ou  \n200/208/220/230/240 VAC 220V (standard) \n    •  6kVA / 10kVA\n 200/208/220/230/240 VAC 220V (standard)\nn Variação Admissível:\n   •   3kVA \n55-150 VAC ou 110-300 VAC @ 50% de Carga\n80-150 VAC ou 160-300 VAC @ 100% de Carga\n   •   6kVA / 10kVA \n110-300 VAC @ 50% de Carga\n176-300 VAC @ 100% de Carga \nn Freqüência: 50/60 Hz                           \nn Variação de Freqüência Admissível:   \n    •    3kVA  \n40-70Hz\n    •    6kVA / 10 kVA \n46-54Hz @50Hz e 56-64Hz @60Hz\nn  Configuração:\nMonofásica \nn Fator de Potência:\n≥ 0.99 Tensão nominal (100% de Carga)\nn Distorção Harmônica THDi:\n    •    3kVA\n ≤ 5% @ Tensão de Entrada nominal\n    •    6kVA / 10kVA\n<4% @100% de Carga, <6% @50% de Carga\nSaída\nnTensão: \n    •   3kVA \n100/110/115/120/127 VAC 115V (standard) ou \n200/208/220/230/240 VAC 220V (standard) \n    •   6kVA / 10kVA \n200/208/220/230/240 VAC 220V (standard) \nn Fator de Potência:  1,0\nn Regulação Estática:   ± 1% nominal modo \nbateria\nn Freqüência:   50 / 60 Hz \nn Variação de Freqüência: \n± 0,1Hz em modo bateria\nn Sincronismo com a Rede:   Sim\nn Configuração:   \n Monofásica f+n+t \nn Forma de Onda:   Onda senoidal pura\nn Distorção Harmônica THD:  \n •   3kVA \n    ≤ 2% carga linear \n    ≤ 4% carga não-linear \n •   6kVA / 10kVA \n    ≤ 1% carga linear \n    ≤ 4% carga não-linearBaterias\nn  Composição:  \n    •    72  VDC - 3,0 kVA \n    •     240 VDC - 6,0 kVA \n    •     240 VDC - 10,0 kVA \nn  Sistema de Recarga: \ncontrolado, automático\nn Tempo de Recarga:  \n8 a 10 horas para 90% da carga\nn Tipo: \nseladas, isentas de manutenção\nn  Paralelismo Redundante (N+1) \n»  Disponível nas potências de 6 e 10kVA\nn By-pass estático (inteligente):  \nO termo inteligente aplica-se, visto que a linha \nComposition XV  possui desligamento da saída da \nchave estática em condições que, a tensão da rede \napresenta variações fora da faixa de trabalho, prote -\ngendo a carga contra sub ou sobre tensão mesmo \nna condição de by-pass estático.']","Os transformadores isoladores são essenciais para proteger os sistemas elétricos contra danos causados por sobrecargas ou falhas, garantindo a estabilidade e segurança da energia elétrica. Além disso, eles também ajudam a reduzir as perdas de energia e melhorar a eficiência do sistema.",A resposta à pergunta dada não está presente no contexto,,,,,1.0
18,"Aqui está uma pergunta que pode ser totalmente respondida a partir do contexto fornecido:

""Qual é o benefício de ter um estabilizador interno em modo rede, permitindo uma ampla faixa de variação admissível na entrada?","['ESPECIFICAÇÕES TÉCNICAS \nEntrada\nn Tensão: \n    •  3kVA \n100/110/115/120/127 VAC 120V (standard) ou  \n200/208/220/230/240 VAC 220V (standard) \n    •  6kVA / 10kVA\n 200/208/220/230/240 VAC 220V (standard)\nn Variação Admissível:\n   •   3kVA \n55-150 VAC ou 110-300 VAC @ 50% de Carga\n80-150 VAC ou 160-300 VAC @ 100% de Carga\n   •   6kVA / 10kVA \n110-300 VAC @ 50% de Carga\n176-300 VAC @ 100% de Carga \nn Freqüência: 50/60 Hz                           \nn Variação de Freqüência Admissível:   \n    •    3kVA  \n40-70Hz\n    •    6kVA / 10 kVA \n46-54Hz @50Hz e 56-64Hz @60Hz\nn  Configuração:\nMonofásica \nn Fator de Potência:\n≥ 0.99 Tensão nominal (100% de Carga)\nn Distorção Harmônica THDi:\n    •    3kVA\n ≤ 5% @ Tensão de Entrada nominal\n    •    6kVA / 10kVA\n<4% @100% de Carga, <6% @50% de Carga\nSaída\nnTensão: \n    •   3kVA \n100/110/115/120/127 VAC 115V (standard) ou \n200/208/220/230/240 VAC 220V (standard) \n    •   6kVA / 10kVA \n200/208/220/230/240 VAC 220V (standard) \nn Fator de Potência:  1,0\nn Regulação Estática:   ± 1% nominal modo \nbateria\nn Freqüência:   50 / 60 Hz \nn Variação de Freqüência: \n± 0,1Hz em modo bateria\nn Sincronismo com a Rede:   Sim\nn Configuração:   \n Monofásica f+n+t \nn Forma de Onda:   Onda senoidal pura\nn Distorção Harmônica THD:  \n •   3kVA \n    ≤ 2% carga linear \n    ≤ 4% carga não-linear \n •   6kVA / 10kVA \n    ≤ 1% carga linear \n    ≤ 4% carga não-linearBaterias\nn  Composição:  \n    •    72  VDC - 3,0 kVA \n    •     240 VDC - 6,0 kVA \n    •     240 VDC - 10,0 kVA \nn  Sistema de Recarga: \ncontrolado, automático\nn Tempo de Recarga:  \n8 a 10 horas para 90% da carga\nn Tipo: \nseladas, isentas de manutenção\nn  Paralelismo Redundante (N+1) \n»  Disponível nas potências de 6 e 10kVA\nn By-pass estático (inteligente):  \nO termo inteligente aplica-se, visto que a linha \nComposition XV  possui desligamento da saída da \nchave estática em condições que, a tensão da rede \napresenta variações fora da faixa de trabalho, prote -\ngendo a carga contra sub ou sobre tensão mesmo \nna condição de by-pass estático.'
 'monobloco\n   \n    •Painel F rontal: em ABS de alta r esistência\n  \n    • A cabamento: pintura epó xi-pó na cor g rafite\n       com tratamento tér mico e anti- corrosivo\nTransf ormador Isolador : com blindagem\n    eletr ostátican  \nn  \nn   Alarmes\nContr olados pelo pr ocessador DSP\nTipos de Alarmes:\n   \n    •Sonor os: \n       »  A utocheck I nicialização\n       »  Tensão da Rede F ora da F aixa\n       »  Sobr ecar ga de Saída\n       »  F alha I nterna do Estabilizador\n       »  F reqüência da Rede F ora de F aixa\n   \n     •Sinalização: L eds de Status do P ainel\n       »  Rede Nor mal\n       »  Saída Nor mal\n       »  F alhan   \nn   Características de Oper ação\nRuído A udív el: 55 dBA a 60 dBA a 1 metr o\n MTBF (M ean Time Bet ween F ailur es): 50 mil horas\nMTTR (M ean Time To Repair): 30 minutos\nTemperatura Ambiente: \n   \n•Mínimo: 0ºC / M áximo 40ºC\n   \n    •Recomendada: 20ºC a 25ºC\nUmidade Relativa:\n   \n    •0% a 95% sem condensação\n   \n    •Recomendada: 45% a 55%\nAltitude: até 1.800m\n Tipo de Ambiente Recomendado:\n   \n    •Interno, instalação abr igada\n   \n    •Atmosf era: limpa, livr e de par tículas condutivas , \n      gases tó xicos , líquidos e inflamáv eis.\nGrau de P roteção: IP -20n   \nn  \nn   \nn   \n   \nn   \nn    \nn  \nn    \n   2000    2,0       620 X 200 X 600        41  \n   3000    3,0       620 X 200 X 600        43\n   5000    5,0       620 X 200 X 600           47\n   7500    7,5       620 X 200 X 600           61\n 10000  10,0       790 X 400 X 775        119\n 15000  15,0       790 X 400 X 775        147Modelo Potência \nkVADimensões Físicas\nalt x lar g x prof \nmmPeso \nkg\n* Opcional\nCM.MK T MAR 22  -   As especificações estão sujeitas a alterações sem pr évio aviso . Nós incentivamos a r eciclagem\nCertificação de \nSustentabilidade A uditadaESPECIFIC AÇÕES  TÉCNIC ASOs Estabilizador es de Tensão M icroprocessados P erfection MI S2 possuem uma tecnolog ia inédita de duplos con versor es estáticos com módulos IGBT s, de última geração . \nTotalmente contr olado por micr oprocessador DSP – Dig ital Sig nal P rocessor , o estabilizador cor rige instantaneamente qualquer var iação de tensão da r ede elétr ica da \nconcessionár ia, além de atenuar distor ção har mônica, var iações de fr equência e distúr bios elétr icos, gerando uma f orma de onda senoidal pura, e f ornecendo uma linha \nestabilizada ex clusiva e isolada para as aplicações sensív eis.\nA tecnolog ia DSP r ealiza medições em True RMS g raças à amostragem dig ital, sem r etardos ou desvios , com alta v elocidade e confiabilidade . Isso sig nifica que podemos \nproduzir sistemas cada v ez menor es e capaz es de r ealizar mais funções , com elevada confiabilidade .']","O estabilizador interno em modo rede permite uma ampla faixa de variação admissível na entrada, o que garante a estabilidade da tensão e freqüência na saída, mesmo em condições de alta variação na rede elétrica. Isso é benéfico para as aplicações sensíveis, pois protege contra sub ou sobre-tensões e distorções harmônicas, garantindo uma forma de onda senoidal pura e isolada. Além disso, a tecnologia DSP permite medições em True RMS sem retardos ou desvios, o que aumenta a confiabilidade e capacidade do sistema para realizar funções.",Permitir uma ampla faixa de variação admissível na entrada,,0.0,,,0.0
19,"Aqui está uma pergunta que pode ser totalmente respondida a partir do contexto fornecido:

""Para quais tipos de aplicações são os No-Breaks da CM Comandos indicados?""

Essa pergunta está relacionada à keyphrase ""No-Breaks"" e pode ser respondida com base no texto, que menciona que os No-Breaks da CM Comandos são indicados para aplicativos de missão crítica, fornecendo proteção contra distúrbios de energia elétrica.","['ESPECIFICAÇÕES TÉCNICAS \nEntrada\nn Tensão: \n    •  3kVA \n100/110/115/120/127 VAC 120V (standard) ou  \n200/208/220/230/240 VAC 220V (standard) \n    •  6kVA / 10kVA\n 200/208/220/230/240 VAC 220V (standard)\nn Variação Admissível:\n   •   3kVA \n55-150 VAC ou 110-300 VAC @ 50% de Carga\n80-150 VAC ou 160-300 VAC @ 100% de Carga\n   •   6kVA / 10kVA \n110-300 VAC @ 50% de Carga\n176-300 VAC @ 100% de Carga \nn Freqüência: 50/60 Hz                           \nn Variação de Freqüência Admissível:   \n    •    3kVA  \n40-70Hz\n    •    6kVA / 10 kVA \n46-54Hz @50Hz e 56-64Hz @60Hz\nn  Configuração:\nMonofásica \nn Fator de Potência:\n≥ 0.99 Tensão nominal (100% de Carga)\nn Distorção Harmônica THDi:\n    •    3kVA\n ≤ 5% @ Tensão de Entrada nominal\n    •    6kVA / 10kVA\n<4% @100% de Carga, <6% @50% de Carga\nSaída\nnTensão: \n    •   3kVA \n100/110/115/120/127 VAC 115V (standard) ou \n200/208/220/230/240 VAC 220V (standard) \n    •   6kVA / 10kVA \n200/208/220/230/240 VAC 220V (standard) \nn Fator de Potência:  1,0\nn Regulação Estática:   ± 1% nominal modo \nbateria\nn Freqüência:   50 / 60 Hz \nn Variação de Freqüência: \n± 0,1Hz em modo bateria\nn Sincronismo com a Rede:   Sim\nn Configuração:   \n Monofásica f+n+t \nn Forma de Onda:   Onda senoidal pura\nn Distorção Harmônica THD:  \n •   3kVA \n    ≤ 2% carga linear \n    ≤ 4% carga não-linear \n •   6kVA / 10kVA \n    ≤ 1% carga linear \n    ≤ 4% carga não-linearBaterias\nn  Composição:  \n    •    72  VDC - 3,0 kVA \n    •     240 VDC - 6,0 kVA \n    •     240 VDC - 10,0 kVA \nn  Sistema de Recarga: \ncontrolado, automático\nn Tempo de Recarga:  \n8 a 10 horas para 90% da carga\nn Tipo: \nseladas, isentas de manutenção\nn  Paralelismo Redundante (N+1) \n»  Disponível nas potências de 6 e 10kVA\nn By-pass estático (inteligente):  \nO termo inteligente aplica-se, visto que a linha \nComposition XV  possui desligamento da saída da \nchave estática em condições que, a tensão da rede \napresenta variações fora da faixa de trabalho, prote -\ngendo a carga contra sub ou sobre tensão mesmo \nna condição de by-pass estático.'
 'Caso ocor ram nív eis maior es do que o nor mal,  o dispositiv o de super visão imediatament e atua, emitindo um sinal de alar me, para a int ervenção \ndas equipes de manut enção . \nO módulo DSI possui um micr oprocessador int erno, comunicação M odbus via RS485 e é pr ojetado dentr o dos cr itérios tecnológ icos mais \navançados ,  sendo pr eciso , segur o e confiá vel, carac terísticas exig idas pelas  aplicações médico -hospitalar es.   \nCARACTERÍSTIC AS TÉCNIC AS \n• \nde 0...999kΩ com r esolução de 1kΩ  \n• Monitorament o de t emperatura do enr olament o secundár io do \ntransf ormador de separação ( T1)  \n• Disponibilidade de utilização de um contat o programá vel para \nsinalização à distância, em caso de falhas int ernas do dispositiv o, \nbaixo nív el de isolament o, medição de elevados valor es de \ntemperatura e de alcance do ajust e de máxima cor rente·\n• Teste de aut o-diag nóstico para ev entuais falhas int ernas do \ndispositiv o, verificação da conexão com a r ede e contr ole de \nfuncionament o\n• Injeção no cir cuito de sinais de contr ole codificados , que não são \ninfluenciados pelos component es de tipo contínuo , emitidos por \ndispositiv os elétr icos de uso médico\n• Saída ser ial RS485 para comunicação MODBUS R TUPossibilidade de escolha de um valor pr eciso de isolament o de r ede Tensão S ecundária :  \nAté 250 V\n Tensão de C urto-cir cuito:\n    3%\nCorrente a Vazio:\n    3% x I n\nConexão Elétrica:  \nPor meio de t erminais\nFixação:  \nPor meio de base metálica/ \nrodízios \nDIMENSÕES TRANSFORMADOR DE SEP ARAÇÃO  Transf ormador de Separação - Gabinete Simples  \nTensão de alimentação: 110V / 230V - 60H z\nTensão máxima de medição: 24V\nTensão da r ede c ontr olador a:  24 a 230V AC\nTensão  de Isolament o: 2,5 kV em 1 minut o \nCorrente máxima de medição: 1mA\nDispositivo Super visor de Isolamento (DSI)\n     3,0   600 X 440 X 400    50\n     5,0       600 X 440 X 400    50\n     7,5       600 X 440 X 400         70\n10,0      600 X 440 X 400    90\n  Potência\nkVAPeso \nkgGabinete simples\nDimensões Físicas\nalt x lar g x prof \nmmO Transformador de Separação é projetado pela CM \nComandos, especificamente para o suprimento de energia de \nsistema médico.\nPossui isolação galvânica reforçada, blindagem eletrostática \nentre enrolamentos primário e secundár io, conectados a um \nterminal própr io e com caracter ísticas elétricas e mecânicas que \ngarantem sua qualidade e confiabilidade.\nPossui sensores de temperatura do tipo PT-100 os quais são \nconectados ao módulo DST para super visão de temperatura.\nO transformador garante a confiabilidade das condições do \nisolamento do circuito elétrico sendo imprescindível para a \nsegurança nas aplicações cirúrgicas.']",Os No-Breaks da CM Comandos são indicados para aplicações médico-hospitalares.,"Os No-Breaks da CM Comandos só indicados para aplicativos de missão crítica, fornecendo proteção contra distúrbios de energia elétrica.",,0.6627502310234559,0.99999999995,,0.0
20,"Aqui está uma pergunta que pode ser totalmente respondida a partir do contexto fornecido:

""Qual é o significado da expressão 'processamento digital de sinais' (DSP) no contexto de tecnologia?""

Essa pergunta é relevante para o texto fornecido, pois descreve a tecnologia DSP como um avanço importante na área de processamento digital. Além disso, a pergunta está relacionada ao keyphrase ""DSP"", que é uma das principais palavras-chave do contexto fornecido.","['ESPECIFICAÇÕES TÉCNICAS \nEntrada\nn Tensão: \n    •  3kVA \n100/110/115/120/127 VAC 120V (standard) ou  \n200/208/220/230/240 VAC 220V (standard) \n    •  6kVA / 10kVA\n 200/208/220/230/240 VAC 220V (standard)\nn Variação Admissível:\n   •   3kVA \n55-150 VAC ou 110-300 VAC @ 50% de Carga\n80-150 VAC ou 160-300 VAC @ 100% de Carga\n   •   6kVA / 10kVA \n110-300 VAC @ 50% de Carga\n176-300 VAC @ 100% de Carga \nn Freqüência: 50/60 Hz                           \nn Variação de Freqüência Admissível:   \n    •    3kVA  \n40-70Hz\n    •    6kVA / 10 kVA \n46-54Hz @50Hz e 56-64Hz @60Hz\nn  Configuração:\nMonofásica \nn Fator de Potência:\n≥ 0.99 Tensão nominal (100% de Carga)\nn Distorção Harmônica THDi:\n    •    3kVA\n ≤ 5% @ Tensão de Entrada nominal\n    •    6kVA / 10kVA\n<4% @100% de Carga, <6% @50% de Carga\nSaída\nnTensão: \n    •   3kVA \n100/110/115/120/127 VAC 115V (standard) ou \n200/208/220/230/240 VAC 220V (standard) \n    •   6kVA / 10kVA \n200/208/220/230/240 VAC 220V (standard) \nn Fator de Potência:  1,0\nn Regulação Estática:   ± 1% nominal modo \nbateria\nn Freqüência:   50 / 60 Hz \nn Variação de Freqüência: \n± 0,1Hz em modo bateria\nn Sincronismo com a Rede:   Sim\nn Configuração:   \n Monofásica f+n+t \nn Forma de Onda:   Onda senoidal pura\nn Distorção Harmônica THD:  \n •   3kVA \n    ≤ 2% carga linear \n    ≤ 4% carga não-linear \n •   6kVA / 10kVA \n    ≤ 1% carga linear \n    ≤ 4% carga não-linearBaterias\nn  Composição:  \n    •    72  VDC - 3,0 kVA \n    •     240 VDC - 6,0 kVA \n    •     240 VDC - 10,0 kVA \nn  Sistema de Recarga: \ncontrolado, automático\nn Tempo de Recarga:  \n8 a 10 horas para 90% da carga\nn Tipo: \nseladas, isentas de manutenção\nn  Paralelismo Redundante (N+1) \n»  Disponível nas potências de 6 e 10kVA\nn By-pass estático (inteligente):  \nO termo inteligente aplica-se, visto que a linha \nComposition XV  possui desligamento da saída da \nchave estática em condições que, a tensão da rede \napresenta variações fora da faixa de trabalho, prote -\ngendo a carga contra sub ou sobre tensão mesmo \nna condição de by-pass estático.'
 'monobloco\n   \n    •Painel F rontal: em ABS de alta r esistência\n  \n    • A cabamento: pintura epó xi-pó na cor g rafite\n       com tratamento tér mico e anti- corrosivo\nTransf ormador Isolador : com blindagem\n    eletr ostátican  \nn  \nn   Alarmes\nContr olados pelo pr ocessador DSP\nTipos de Alarmes:\n   \n    •Sonor os: \n       »  A utocheck I nicialização\n       »  Tensão da Rede F ora da F aixa\n       »  Sobr ecar ga de Saída\n       »  F alha I nterna do Estabilizador\n       »  F reqüência da Rede F ora de F aixa\n   \n     •Sinalização: L eds de Status do P ainel\n       »  Rede Nor mal\n       »  Saída Nor mal\n       »  F alhan   \nn   Características de Oper ação\nRuído A udív el: 55 dBA a 60 dBA a 1 metr o\n MTBF (M ean Time Bet ween F ailur es): 50 mil horas\nMTTR (M ean Time To Repair): 30 minutos\nTemperatura Ambiente: \n   \n•Mínimo: 0ºC / M áximo 40ºC\n   \n    •Recomendada: 20ºC a 25ºC\nUmidade Relativa:\n   \n    •0% a 95% sem condensação\n   \n    •Recomendada: 45% a 55%\nAltitude: até 1.800m\n Tipo de Ambiente Recomendado:\n   \n    •Interno, instalação abr igada\n   \n    •Atmosf era: limpa, livr e de par tículas condutivas , \n      gases tó xicos , líquidos e inflamáv eis.\nGrau de P roteção: IP -20n   \nn  \nn   \nn   \n   \nn   \nn    \nn  \nn    \n   2000    2,0       620 X 200 X 600        41  \n   3000    3,0       620 X 200 X 600        43\n   5000    5,0       620 X 200 X 600           47\n   7500    7,5       620 X 200 X 600           61\n 10000  10,0       790 X 400 X 775        119\n 15000  15,0       790 X 400 X 775        147Modelo Potência \nkVADimensões Físicas\nalt x lar g x prof \nmmPeso \nkg\n* Opcional\nCM.MK T MAR 22  -   As especificações estão sujeitas a alterações sem pr évio aviso . Nós incentivamos a r eciclagem\nCertificação de \nSustentabilidade A uditadaESPECIFIC AÇÕES  TÉCNIC ASOs Estabilizador es de Tensão M icroprocessados P erfection MI S2 possuem uma tecnolog ia inédita de duplos con versor es estáticos com módulos IGBT s, de última geração . \nTotalmente contr olado por micr oprocessador DSP – Dig ital Sig nal P rocessor , o estabilizador cor rige instantaneamente qualquer var iação de tensão da r ede elétr ica da \nconcessionár ia, além de atenuar distor ção har mônica, var iações de fr equência e distúr bios elétr icos, gerando uma f orma de onda senoidal pura, e f ornecendo uma linha \nestabilizada ex clusiva e isolada para as aplicações sensív eis.\nA tecnolog ia DSP r ealiza medições em True RMS g raças à amostragem dig ital, sem r etardos ou desvios , com alta v elocidade e confiabilidade . Isso sig nifica que podemos \nproduzir sistemas cada v ez menor es e capaz es de r ealizar mais funções , com elevada confiabilidade .']","O processamento digital de sinais (DSP) refere-se à tecnologia de processamento de dados digitais, que permite realizar operações complexas em tempo real. Nesse contexto específico, o DSP é usado para controlar e estabilizar a tensão da rede elétrica, corrigindo variações de tensão e atenuando distorção harmônica, variações de frequência e outros problemas elétricos. Isso resulta em uma forma de onda senoidal pura e uma linha estabilizada exclusiva e isolada para aplicações sensíveis. O DSP realiza medições em True RMS graças à amostragem digital, sem retardo ou desvio, com alta velocidade e confiabilidade.","O Processamento Digital de Sinais (DSP) refere-se a um avançado conceito em tecnologias de processamento digital, permitindo alta velocidade e confiabilidade nos sistemas eletrônicos.",,,0.49999999995,,0.0
21,Qual é o benefício principal do uso do Equalizer na igualização ativa individual de baterias?,"['monobloco\n   \n    •Painel F rontal: em ABS de alta r esistência\n  \n    • A cabamento: pintura epó xi-pó na cor g rafite\n       com tratamento tér mico e anti- corrosivo\nTransf ormador Isolador : com blindagem\n    eletr ostátican  \nn  \nn   Alarmes\nContr olados pelo pr ocessador DSP\nTipos de Alarmes:\n   \n    •Sonor os: \n       »  A utocheck I nicialização\n       »  Tensão da Rede F ora da F aixa\n       »  Sobr ecar ga de Saída\n       »  F alha I nterna do Estabilizador\n       »  F reqüência da Rede F ora de F aixa\n   \n     •Sinalização: L eds de Status do P ainel\n       »  Rede Nor mal\n       »  Saída Nor mal\n       »  F alhan   \nn   Características de Oper ação\nRuído A udív el: 55 dBA a 60 dBA a 1 metr o\n MTBF (M ean Time Bet ween F ailur es): 50 mil horas\nMTTR (M ean Time To Repair): 30 minutos\nTemperatura Ambiente: \n   \n•Mínimo: 0ºC / M áximo 40ºC\n   \n    •Recomendada: 20ºC a 25ºC\nUmidade Relativa:\n   \n    •0% a 95% sem condensação\n   \n    •Recomendada: 45% a 55%\nAltitude: até 1.800m\n Tipo de Ambiente Recomendado:\n   \n    •Interno, instalação abr igada\n   \n    •Atmosf era: limpa, livr e de par tículas condutivas , \n      gases tó xicos , líquidos e inflamáv eis.\nGrau de P roteção: IP -20n   \nn  \nn   \nn   \n   \nn   \nn    \nn  \nn    \n   2000    2,0       620 X 200 X 600        41  \n   3000    3,0       620 X 200 X 600        43\n   5000    5,0       620 X 200 X 600           47\n   7500    7,5       620 X 200 X 600           61\n 10000  10,0       790 X 400 X 775        119\n 15000  15,0       790 X 400 X 775        147Modelo Potência \nkVADimensões Físicas\nalt x lar g x prof \nmmPeso \nkg\n* Opcional\nCM.MK T MAR 22  -   As especificações estão sujeitas a alterações sem pr évio aviso . Nós incentivamos a r eciclagem\nCertificação de \nSustentabilidade A uditadaESPECIFIC AÇÕES  TÉCNIC ASOs Estabilizador es de Tensão M icroprocessados P erfection MI S2 possuem uma tecnolog ia inédita de duplos con versor es estáticos com módulos IGBT s, de última geração . \nTotalmente contr olado por micr oprocessador DSP – Dig ital Sig nal P rocessor , o estabilizador cor rige instantaneamente qualquer var iação de tensão da r ede elétr ica da \nconcessionár ia, além de atenuar distor ção har mônica, var iações de fr equência e distúr bios elétr icos, gerando uma f orma de onda senoidal pura, e f ornecendo uma linha \nestabilizada ex clusiva e isolada para as aplicações sensív eis.\nA tecnolog ia DSP r ealiza medições em True RMS g raças à amostragem dig ital, sem r etardos ou desvios , com alta v elocidade e confiabilidade . Isso sig nifica que podemos \nproduzir sistemas cada v ez menor es e capaz es de r ealizar mais funções , com elevada confiabilidade .'
 'Equalização A tiva de Bat erias\nO  QUE  É  ?\nO Equalizer é uma solução revolucionária de Equalização Ativa Individual de Baterias,  desenvolvido e fabricado \nno Brasil, pela CM Comandos. \nCada bateria recebe um Módulo de Bateria, conectado a um controlador, o Master Controller.  O Controller \nsupervisiona a tensão final das baterias e controla os Módulos de Baterias de forma a regular a tensão sobre cada \nbateria, para que todas as baterias sempre apresentem a mesma tensão.\nCada Módulo de Bateria possui um microcontrolador e um módulo ativo que mantêm todas as baterias \nequalizadas. \nA Equalização Ativa faz com que todas as baterias sejam igualmente carregadas com a mesma tensão, \neliminando o efeito negativo de uma bateria sobrecarregar as outras, com excesso de carga ou o inverso, de \nimpedir que as baterias adjacentes sejam carregadas plenamente.\nO Equalizer permite que as  baterias atinjam 100% da sua vida útil, projetada pelos fabricantes. Antes, sem o \nEqualizer, as baterias se deterioravam precocemente e era necessário substituí-las. Dependendo do tipo de \nbateria, a durabilidade pode dobrar,  eliminando substituições  e reduzindo a necessidade de reciclagem.  O \nprocesso de reciclagem consome grandes recursos naturais.\nAlém disso, o sistema impede a queda do sistema por falha de baterias,  enviando alarmes ANTES de ocorrer uma \nfalha do sistema, reduzindo o DOWNTIME e elevando a confiabilidade de todo sistema.\nRede Elétr ica\nde En tradaRetificador\nCarregador\nBanc o de\nBateriasBateria 1\nBateria 2\nBateria 3\nBateria nEqualizer\nEqualizer\nEqualizer\nEqualizerMaster\nController\nCorrente Alt ernada de Entrada\nCabo de Comunicação Cabo de Medição Módulo EqualizerCorr ente ContínuaCOMO FUNCIONA ?\nEqualiz er - Equalização A tiva\nA central contr ola cada módulo , conec tado em \nparalelo com a bat eria e contr ola a t ensão de f orma \nque t odas fiquem iguais . Além disso , monit ora  \nconstant ement e a Resist ência I nterna e a \nTemperatura individualment e de cada bat eria, \narmaz ena os dados para análise e emit e alar mes \nantes de ocor rer a falh a.']","O principal benefício do uso do Equalizer é que ele permite que as baterias atinjam 100% da sua vida útil projetada pelos fabricantes, eliminando a deterioração precoce e reduzindo a necessidade de substituições e reciclagem. Além disso, o sistema impede a queda do sistema por falha de baterias, enviando alarmes antes de ocorrer uma falha, reduzindo o DOWNTIME e elevando a confiabilidade de todo sistema.","O principal benefício do uso do Equalizer na igualização ativa individual de baterias é que ele permite que as baterias atinjam 100% da sua vida útil, projetada pelos fabricantes.",,,,,0.0
22,"Aqui está uma pergunta que pode ser totalmente respondida a partir do contexto fornecido:

""Pode-se identificar o nome e o modelo de cada módulo no-Break listados nesse contexto?","['monobloco\n   \n    •Painel F rontal: em ABS de alta r esistência\n  \n    • A cabamento: pintura epó xi-pó na cor g rafite\n       com tratamento tér mico e anti- corrosivo\nTransf ormador Isolador : com blindagem\n    eletr ostátican  \nn  \nn   Alarmes\nContr olados pelo pr ocessador DSP\nTipos de Alarmes:\n   \n    •Sonor os: \n       »  A utocheck I nicialização\n       »  Tensão da Rede F ora da F aixa\n       »  Sobr ecar ga de Saída\n       »  F alha I nterna do Estabilizador\n       »  F reqüência da Rede F ora de F aixa\n   \n     •Sinalização: L eds de Status do P ainel\n       »  Rede Nor mal\n       »  Saída Nor mal\n       »  F alhan   \nn   Características de Oper ação\nRuído A udív el: 55 dBA a 60 dBA a 1 metr o\n MTBF (M ean Time Bet ween F ailur es): 50 mil horas\nMTTR (M ean Time To Repair): 30 minutos\nTemperatura Ambiente: \n   \n•Mínimo: 0ºC / M áximo 40ºC\n   \n    •Recomendada: 20ºC a 25ºC\nUmidade Relativa:\n   \n    •0% a 95% sem condensação\n   \n    •Recomendada: 45% a 55%\nAltitude: até 1.800m\n Tipo de Ambiente Recomendado:\n   \n    •Interno, instalação abr igada\n   \n    •Atmosf era: limpa, livr e de par tículas condutivas , \n      gases tó xicos , líquidos e inflamáv eis.\nGrau de P roteção: IP -20n   \nn  \nn   \nn   \n   \nn   \nn    \nn  \nn    \n   2000    2,0       620 X 200 X 600        41  \n   3000    3,0       620 X 200 X 600        43\n   5000    5,0       620 X 200 X 600           47\n   7500    7,5       620 X 200 X 600           61\n 10000  10,0       790 X 400 X 775        119\n 15000  15,0       790 X 400 X 775        147Modelo Potência \nkVADimensões Físicas\nalt x lar g x prof \nmmPeso \nkg\n* Opcional\nCM.MK T MAR 22  -   As especificações estão sujeitas a alterações sem pr évio aviso . Nós incentivamos a r eciclagem\nCertificação de \nSustentabilidade A uditadaESPECIFIC AÇÕES  TÉCNIC ASOs Estabilizador es de Tensão M icroprocessados P erfection MI S2 possuem uma tecnolog ia inédita de duplos con versor es estáticos com módulos IGBT s, de última geração . \nTotalmente contr olado por micr oprocessador DSP – Dig ital Sig nal P rocessor , o estabilizador cor rige instantaneamente qualquer var iação de tensão da r ede elétr ica da \nconcessionár ia, além de atenuar distor ção har mônica, var iações de fr equência e distúr bios elétr icos, gerando uma f orma de onda senoidal pura, e f ornecendo uma linha \nestabilizada ex clusiva e isolada para as aplicações sensív eis.\nA tecnolog ia DSP r ealiza medições em True RMS g raças à amostragem dig ital, sem r etardos ou desvios , com alta v elocidade e confiabilidade . Isso sig nifica que podemos \nproduzir sistemas cada v ez menor es e capaz es de r ealizar mais funções , com elevada confiabilidade .'
 'ESPECIFICAÇÕES TÉCNICAS \nEntrada\nn Tensão: \n    •  3kVA \n100/110/115/120/127 VAC 120V (standard) ou  \n200/208/220/230/240 VAC 220V (standard) \n    •  6kVA / 10kVA\n 200/208/220/230/240 VAC 220V (standard)\nn Variação Admissível:\n   •   3kVA \n55-150 VAC ou 110-300 VAC @ 50% de Carga\n80-150 VAC ou 160-300 VAC @ 100% de Carga\n   •   6kVA / 10kVA \n110-300 VAC @ 50% de Carga\n176-300 VAC @ 100% de Carga \nn Freqüência: 50/60 Hz                           \nn Variação de Freqüência Admissível:   \n    •    3kVA  \n40-70Hz\n    •    6kVA / 10 kVA \n46-54Hz @50Hz e 56-64Hz @60Hz\nn  Configuração:\nMonofásica \nn Fator de Potência:\n≥ 0.99 Tensão nominal (100% de Carga)\nn Distorção Harmônica THDi:\n    •    3kVA\n ≤ 5% @ Tensão de Entrada nominal\n    •    6kVA / 10kVA\n<4% @100% de Carga, <6% @50% de Carga\nSaída\nnTensão: \n    •   3kVA \n100/110/115/120/127 VAC 115V (standard) ou \n200/208/220/230/240 VAC 220V (standard) \n    •   6kVA / 10kVA \n200/208/220/230/240 VAC 220V (standard) \nn Fator de Potência:  1,0\nn Regulação Estática:   ± 1% nominal modo \nbateria\nn Freqüência:   50 / 60 Hz \nn Variação de Freqüência: \n± 0,1Hz em modo bateria\nn Sincronismo com a Rede:   Sim\nn Configuração:   \n Monofásica f+n+t \nn Forma de Onda:   Onda senoidal pura\nn Distorção Harmônica THD:  \n •   3kVA \n    ≤ 2% carga linear \n    ≤ 4% carga não-linear \n •   6kVA / 10kVA \n    ≤ 1% carga linear \n    ≤ 4% carga não-linearBaterias\nn  Composição:  \n    •    72  VDC - 3,0 kVA \n    •     240 VDC - 6,0 kVA \n    •     240 VDC - 10,0 kVA \nn  Sistema de Recarga: \ncontrolado, automático\nn Tempo de Recarga:  \n8 a 10 horas para 90% da carga\nn Tipo: \nseladas, isentas de manutenção\nn  Paralelismo Redundante (N+1) \n»  Disponível nas potências de 6 e 10kVA\nn By-pass estático (inteligente):  \nO termo inteligente aplica-se, visto que a linha \nComposition XV  possui desligamento da saída da \nchave estática em condições que, a tensão da rede \napresenta variações fora da faixa de trabalho, prote -\ngendo a carga contra sub ou sobre tensão mesmo \nna condição de by-pass estático.']","Sim, é possível identificar os nomes e modelos dos módulos no-Break listados. Eles são:

- CM.MK T MAR 22
- Composition XV 

Essas informações podem ser encontradas nas especificações técnicas descritas no contexto fornecido.","Sim, é possível identificar o nome e o modelo de cada módulo No-Break. Os modelos são especificamente citados para cada módulo, incluindo detalhes como potência (em kW ou kVA), dimensões físicas e tensão (em volts). Por exemplo, o módulo 'Móvel No-Break 25 kW - 380/400/415V' é listado com peso de 25 kg, dimensões de 436x85x677 mm e potência de 18 MÓDULO.",,0.586748066019543,0.99999999995,,
23,"Aqui está a pergunta que pode ser totalmente respondida com base no contexto fornecido:

""Qual é o tipo de porta de comunicação presente na unidade?"" 

Essa pergunta se encaixa bem com a keyphrase ""Porta de Comunicação"", e sua resposta pode ser encontrada diretamente nos detalhes técnicos da unidade, especificando que ela possui uma porta serial RS232C isolada full duplex -DB9 Fêmea.","['ESPECIFICAÇÕES TÉCNICAS \nEntrada\nn Tensão: \n    •  3kVA \n100/110/115/120/127 VAC 120V (standard) ou  \n200/208/220/230/240 VAC 220V (standard) \n    •  6kVA / 10kVA\n 200/208/220/230/240 VAC 220V (standard)\nn Variação Admissível:\n   •   3kVA \n55-150 VAC ou 110-300 VAC @ 50% de Carga\n80-150 VAC ou 160-300 VAC @ 100% de Carga\n   •   6kVA / 10kVA \n110-300 VAC @ 50% de Carga\n176-300 VAC @ 100% de Carga \nn Freqüência: 50/60 Hz                           \nn Variação de Freqüência Admissível:   \n    •    3kVA  \n40-70Hz\n    •    6kVA / 10 kVA \n46-54Hz @50Hz e 56-64Hz @60Hz\nn  Configuração:\nMonofásica \nn Fator de Potência:\n≥ 0.99 Tensão nominal (100% de Carga)\nn Distorção Harmônica THDi:\n    •    3kVA\n ≤ 5% @ Tensão de Entrada nominal\n    •    6kVA / 10kVA\n<4% @100% de Carga, <6% @50% de Carga\nSaída\nnTensão: \n    •   3kVA \n100/110/115/120/127 VAC 115V (standard) ou \n200/208/220/230/240 VAC 220V (standard) \n    •   6kVA / 10kVA \n200/208/220/230/240 VAC 220V (standard) \nn Fator de Potência:  1,0\nn Regulação Estática:   ± 1% nominal modo \nbateria\nn Freqüência:   50 / 60 Hz \nn Variação de Freqüência: \n± 0,1Hz em modo bateria\nn Sincronismo com a Rede:   Sim\nn Configuração:   \n Monofásica f+n+t \nn Forma de Onda:   Onda senoidal pura\nn Distorção Harmônica THD:  \n •   3kVA \n    ≤ 2% carga linear \n    ≤ 4% carga não-linear \n •   6kVA / 10kVA \n    ≤ 1% carga linear \n    ≤ 4% carga não-linearBaterias\nn  Composição:  \n    •    72  VDC - 3,0 kVA \n    •     240 VDC - 6,0 kVA \n    •     240 VDC - 10,0 kVA \nn  Sistema de Recarga: \ncontrolado, automático\nn Tempo de Recarga:  \n8 a 10 horas para 90% da carga\nn Tipo: \nseladas, isentas de manutenção\nn  Paralelismo Redundante (N+1) \n»  Disponível nas potências de 6 e 10kVA\nn By-pass estático (inteligente):  \nO termo inteligente aplica-se, visto que a linha \nComposition XV  possui desligamento da saída da \nchave estática em condições que, a tensão da rede \napresenta variações fora da faixa de trabalho, prote -\ngendo a carga contra sub ou sobre tensão mesmo \nna condição de by-pass estático.'
 'Caso ocor ram nív eis maior es do que o nor mal,  o dispositiv o de super visão imediatament e atua, emitindo um sinal de alar me, para a int ervenção \ndas equipes de manut enção . \nO módulo DSI possui um micr oprocessador int erno, comunicação M odbus via RS485 e é pr ojetado dentr o dos cr itérios tecnológ icos mais \navançados ,  sendo pr eciso , segur o e confiá vel, carac terísticas exig idas pelas  aplicações médico -hospitalar es.   \nCARACTERÍSTIC AS TÉCNIC AS \n• \nde 0...999kΩ com r esolução de 1kΩ  \n• Monitorament o de t emperatura do enr olament o secundár io do \ntransf ormador de separação ( T1)  \n• Disponibilidade de utilização de um contat o programá vel para \nsinalização à distância, em caso de falhas int ernas do dispositiv o, \nbaixo nív el de isolament o, medição de elevados valor es de \ntemperatura e de alcance do ajust e de máxima cor rente·\n• Teste de aut o-diag nóstico para ev entuais falhas int ernas do \ndispositiv o, verificação da conexão com a r ede e contr ole de \nfuncionament o\n• Injeção no cir cuito de sinais de contr ole codificados , que não são \ninfluenciados pelos component es de tipo contínuo , emitidos por \ndispositiv os elétr icos de uso médico\n• Saída ser ial RS485 para comunicação MODBUS R TUPossibilidade de escolha de um valor pr eciso de isolament o de r ede Tensão S ecundária :  \nAté 250 V\n Tensão de C urto-cir cuito:\n    3%\nCorrente a Vazio:\n    3% x I n\nConexão Elétrica:  \nPor meio de t erminais\nFixação:  \nPor meio de base metálica/ \nrodízios \nDIMENSÕES TRANSFORMADOR DE SEP ARAÇÃO  Transf ormador de Separação - Gabinete Simples  \nTensão de alimentação: 110V / 230V - 60H z\nTensão máxima de medição: 24V\nTensão da r ede c ontr olador a:  24 a 230V AC\nTensão  de Isolament o: 2,5 kV em 1 minut o \nCorrente máxima de medição: 1mA\nDispositivo Super visor de Isolamento (DSI)\n     3,0   600 X 440 X 400    50\n     5,0       600 X 440 X 400    50\n     7,5       600 X 440 X 400         70\n10,0      600 X 440 X 400    90\n  Potência\nkVAPeso \nkgGabinete simples\nDimensões Físicas\nalt x lar g x prof \nmmO Transformador de Separação é projetado pela CM \nComandos, especificamente para o suprimento de energia de \nsistema médico.\nPossui isolação galvânica reforçada, blindagem eletrostática \nentre enrolamentos primário e secundár io, conectados a um \nterminal própr io e com caracter ísticas elétricas e mecânicas que \ngarantem sua qualidade e confiabilidade.\nPossui sensores de temperatura do tipo PT-100 os quais são \nconectados ao módulo DST para super visão de temperatura.\nO transformador garante a confiabilidade das condições do \nisolamento do circuito elétrico sendo imprescindível para a \nsegurança nas aplicações cirúrgicas.']",RS485.,A porta de comunicação presente na unidade é um Serial RS232C Isolada Full Duplex - DB9 Fêmea,,0.0,,,
24,"Aqui está a pergunta que pode ser totalmente respondida a partir do contexto fornecido:

""Quais são os componentes químicos adequados para um nível máximo de dispersão total utilizados na injeção de sinais codificados?","['ESPECIFICAÇÕES TÉCNICAS \nEntrada\nn Tensão: \n    •  3kVA \n100/110/115/120/127 VAC 120V (standard) ou  \n200/208/220/230/240 VAC 220V (standard) \n    •  6kVA / 10kVA\n 200/208/220/230/240 VAC 220V (standard)\nn Variação Admissível:\n   •   3kVA \n55-150 VAC ou 110-300 VAC @ 50% de Carga\n80-150 VAC ou 160-300 VAC @ 100% de Carga\n   •   6kVA / 10kVA \n110-300 VAC @ 50% de Carga\n176-300 VAC @ 100% de Carga \nn Freqüência: 50/60 Hz                           \nn Variação de Freqüência Admissível:   \n    •    3kVA  \n40-70Hz\n    •    6kVA / 10 kVA \n46-54Hz @50Hz e 56-64Hz @60Hz\nn  Configuração:\nMonofásica \nn Fator de Potência:\n≥ 0.99 Tensão nominal (100% de Carga)\nn Distorção Harmônica THDi:\n    •    3kVA\n ≤ 5% @ Tensão de Entrada nominal\n    •    6kVA / 10kVA\n<4% @100% de Carga, <6% @50% de Carga\nSaída\nnTensão: \n    •   3kVA \n100/110/115/120/127 VAC 115V (standard) ou \n200/208/220/230/240 VAC 220V (standard) \n    •   6kVA / 10kVA \n200/208/220/230/240 VAC 220V (standard) \nn Fator de Potência:  1,0\nn Regulação Estática:   ± 1% nominal modo \nbateria\nn Freqüência:   50 / 60 Hz \nn Variação de Freqüência: \n± 0,1Hz em modo bateria\nn Sincronismo com a Rede:   Sim\nn Configuração:   \n Monofásica f+n+t \nn Forma de Onda:   Onda senoidal pura\nn Distorção Harmônica THD:  \n •   3kVA \n    ≤ 2% carga linear \n    ≤ 4% carga não-linear \n •   6kVA / 10kVA \n    ≤ 1% carga linear \n    ≤ 4% carga não-linearBaterias\nn  Composição:  \n    •    72  VDC - 3,0 kVA \n    •     240 VDC - 6,0 kVA \n    •     240 VDC - 10,0 kVA \nn  Sistema de Recarga: \ncontrolado, automático\nn Tempo de Recarga:  \n8 a 10 horas para 90% da carga\nn Tipo: \nseladas, isentas de manutenção\nn  Paralelismo Redundante (N+1) \n»  Disponível nas potências de 6 e 10kVA\nn By-pass estático (inteligente):  \nO termo inteligente aplica-se, visto que a linha \nComposition XV  possui desligamento da saída da \nchave estática em condições que, a tensão da rede \napresenta variações fora da faixa de trabalho, prote -\ngendo a carga contra sub ou sobre tensão mesmo \nna condição de by-pass estático.'
 'monobloco\n   \n    •Painel F rontal: em ABS de alta r esistência\n  \n    • A cabamento: pintura epó xi-pó na cor g rafite\n       com tratamento tér mico e anti- corrosivo\nTransf ormador Isolador : com blindagem\n    eletr ostátican  \nn  \nn   Alarmes\nContr olados pelo pr ocessador DSP\nTipos de Alarmes:\n   \n    •Sonor os: \n       »  A utocheck I nicialização\n       »  Tensão da Rede F ora da F aixa\n       »  Sobr ecar ga de Saída\n       »  F alha I nterna do Estabilizador\n       »  F reqüência da Rede F ora de F aixa\n   \n     •Sinalização: L eds de Status do P ainel\n       »  Rede Nor mal\n       »  Saída Nor mal\n       »  F alhan   \nn   Características de Oper ação\nRuído A udív el: 55 dBA a 60 dBA a 1 metr o\n MTBF (M ean Time Bet ween F ailur es): 50 mil horas\nMTTR (M ean Time To Repair): 30 minutos\nTemperatura Ambiente: \n   \n•Mínimo: 0ºC / M áximo 40ºC\n   \n    •Recomendada: 20ºC a 25ºC\nUmidade Relativa:\n   \n    •0% a 95% sem condensação\n   \n    •Recomendada: 45% a 55%\nAltitude: até 1.800m\n Tipo de Ambiente Recomendado:\n   \n    •Interno, instalação abr igada\n   \n    •Atmosf era: limpa, livr e de par tículas condutivas , \n      gases tó xicos , líquidos e inflamáv eis.\nGrau de P roteção: IP -20n   \nn  \nn   \nn   \n   \nn   \nn    \nn  \nn    \n   2000    2,0       620 X 200 X 600        41  \n   3000    3,0       620 X 200 X 600        43\n   5000    5,0       620 X 200 X 600           47\n   7500    7,5       620 X 200 X 600           61\n 10000  10,0       790 X 400 X 775        119\n 15000  15,0       790 X 400 X 775        147Modelo Potência \nkVADimensões Físicas\nalt x lar g x prof \nmmPeso \nkg\n* Opcional\nCM.MK T MAR 22  -   As especificações estão sujeitas a alterações sem pr évio aviso . Nós incentivamos a r eciclagem\nCertificação de \nSustentabilidade A uditadaESPECIFIC AÇÕES  TÉCNIC ASOs Estabilizador es de Tensão M icroprocessados P erfection MI S2 possuem uma tecnolog ia inédita de duplos con versor es estáticos com módulos IGBT s, de última geração . \nTotalmente contr olado por micr oprocessador DSP – Dig ital Sig nal P rocessor , o estabilizador cor rige instantaneamente qualquer var iação de tensão da r ede elétr ica da \nconcessionár ia, além de atenuar distor ção har mônica, var iações de fr equência e distúr bios elétr icos, gerando uma f orma de onda senoidal pura, e f ornecendo uma linha \nestabilizada ex clusiva e isolada para as aplicações sensív eis.\nA tecnolog ia DSP r ealiza medições em True RMS g raças à amostragem dig ital, sem r etardos ou desvios , com alta v elocidade e confiabilidade . Isso sig nifica que podemos \nproduzir sistemas cada v ez menor es e capaz es de r ealizar mais funções , com elevada confiabilidade .']","Não há informação no contexto sobre componentes químicos ou injeção de sinais codificados. O contexto parece se referir a especificações técnicas de equipamentos elétricos, como estabilizadores de tensão e transformadores. Portanto, não é possível responder à pergunta com base nas informações fornecidas.",A resposta à pergunta dada não está presente no contexto,,0.0,0.0,,
25,"Qual é o resultado da implementação de um contrato de manutenção preventiva, prevendo a realização de serviços corretivos em caso de paralisação do equipamento?","['monobloco\n   \n    •Painel F rontal: em ABS de alta r esistência\n  \n    • A cabamento: pintura epó xi-pó na cor g rafite\n       com tratamento tér mico e anti- corrosivo\nTransf ormador Isolador : com blindagem\n    eletr ostátican  \nn  \nn   Alarmes\nContr olados pelo pr ocessador DSP\nTipos de Alarmes:\n   \n    •Sonor os: \n       »  A utocheck I nicialização\n       »  Tensão da Rede F ora da F aixa\n       »  Sobr ecar ga de Saída\n       »  F alha I nterna do Estabilizador\n       »  F reqüência da Rede F ora de F aixa\n   \n     •Sinalização: L eds de Status do P ainel\n       »  Rede Nor mal\n       »  Saída Nor mal\n       »  F alhan   \nn   Características de Oper ação\nRuído A udív el: 55 dBA a 60 dBA a 1 metr o\n MTBF (M ean Time Bet ween F ailur es): 50 mil horas\nMTTR (M ean Time To Repair): 30 minutos\nTemperatura Ambiente: \n   \n•Mínimo: 0ºC / M áximo 40ºC\n   \n    •Recomendada: 20ºC a 25ºC\nUmidade Relativa:\n   \n    •0% a 95% sem condensação\n   \n    •Recomendada: 45% a 55%\nAltitude: até 1.800m\n Tipo de Ambiente Recomendado:\n   \n    •Interno, instalação abr igada\n   \n    •Atmosf era: limpa, livr e de par tículas condutivas , \n      gases tó xicos , líquidos e inflamáv eis.\nGrau de P roteção: IP -20n   \nn  \nn   \nn   \n   \nn   \nn    \nn  \nn    \n   2000    2,0       620 X 200 X 600        41  \n   3000    3,0       620 X 200 X 600        43\n   5000    5,0       620 X 200 X 600           47\n   7500    7,5       620 X 200 X 600           61\n 10000  10,0       790 X 400 X 775        119\n 15000  15,0       790 X 400 X 775        147Modelo Potência \nkVADimensões Físicas\nalt x lar g x prof \nmmPeso \nkg\n* Opcional\nCM.MK T MAR 22  -   As especificações estão sujeitas a alterações sem pr évio aviso . Nós incentivamos a r eciclagem\nCertificação de \nSustentabilidade A uditadaESPECIFIC AÇÕES  TÉCNIC ASOs Estabilizador es de Tensão M icroprocessados P erfection MI S2 possuem uma tecnolog ia inédita de duplos con versor es estáticos com módulos IGBT s, de última geração . \nTotalmente contr olado por micr oprocessador DSP – Dig ital Sig nal P rocessor , o estabilizador cor rige instantaneamente qualquer var iação de tensão da r ede elétr ica da \nconcessionár ia, além de atenuar distor ção har mônica, var iações de fr equência e distúr bios elétr icos, gerando uma f orma de onda senoidal pura, e f ornecendo uma linha \nestabilizada ex clusiva e isolada para as aplicações sensív eis.\nA tecnolog ia DSP r ealiza medições em True RMS g raças à amostragem dig ital, sem r etardos ou desvios , com alta v elocidade e confiabilidade . Isso sig nifica que podemos \nproduzir sistemas cada v ez menor es e capaz es de r ealizar mais funções , com elevada confiabilidade .'
 'Equalização A tiva de Bat erias\nO  QUE  É  ?\nO Equalizer é uma solução revolucionária de Equalização Ativa Individual de Baterias,  desenvolvido e fabricado \nno Brasil, pela CM Comandos. \nCada bateria recebe um Módulo de Bateria, conectado a um controlador, o Master Controller.  O Controller \nsupervisiona a tensão final das baterias e controla os Módulos de Baterias de forma a regular a tensão sobre cada \nbateria, para que todas as baterias sempre apresentem a mesma tensão.\nCada Módulo de Bateria possui um microcontrolador e um módulo ativo que mantêm todas as baterias \nequalizadas. \nA Equalização Ativa faz com que todas as baterias sejam igualmente carregadas com a mesma tensão, \neliminando o efeito negativo de uma bateria sobrecarregar as outras, com excesso de carga ou o inverso, de \nimpedir que as baterias adjacentes sejam carregadas plenamente.\nO Equalizer permite que as  baterias atinjam 100% da sua vida útil, projetada pelos fabricantes. Antes, sem o \nEqualizer, as baterias se deterioravam precocemente e era necessário substituí-las. Dependendo do tipo de \nbateria, a durabilidade pode dobrar,  eliminando substituições  e reduzindo a necessidade de reciclagem.  O \nprocesso de reciclagem consome grandes recursos naturais.\nAlém disso, o sistema impede a queda do sistema por falha de baterias,  enviando alarmes ANTES de ocorrer uma \nfalha do sistema, reduzindo o DOWNTIME e elevando a confiabilidade de todo sistema.\nRede Elétr ica\nde En tradaRetificador\nCarregador\nBanc o de\nBateriasBateria 1\nBateria 2\nBateria 3\nBateria nEqualizer\nEqualizer\nEqualizer\nEqualizerMaster\nController\nCorrente Alt ernada de Entrada\nCabo de Comunicação Cabo de Medição Módulo EqualizerCorr ente ContínuaCOMO FUNCIONA ?\nEqualiz er - Equalização A tiva\nA central contr ola cada módulo , conec tado em \nparalelo com a bat eria e contr ola a t ensão de f orma \nque t odas fiquem iguais . Além disso , monit ora  \nconstant ement e a Resist ência I nterna e a \nTemperatura individualment e de cada bat eria, \narmaz ena os dados para análise e emit e alar mes \nantes de ocor rer a falh a.']","A implementação de um contrato de manutenção preventiva garante que os serviços corretivos sejam realizados de forma regular, evitando possíveis paralisas do equipamento. Isso resulta em uma maior disponibilidade e confiabilidade do sistema, reduzindo o tempo de inatividade (DOWNTIME) e aumentando a vida útil dos componentes. Além disso, a previsão de serviços corretivos permite a realização de reparos preventivos, evitando que problemas graves ocorram e minimizando os custos com manutenção.",A resposta à pergunta dada está presente no contexto,,0.8962821496943415,,0.0,0.0
26,"Aqui está uma pergunta que pode ser respondida a partir do contexto fornecido:

""Sistema IT Médico O Elétrica Hospitalar Proteção""

""Qual é o objetivo da proteção no Sistema IT Médico?","['ESPECIFICAÇÕES TÉCNICAS \nEntrada\nn Tensão: \n    •  3kVA \n100/110/115/120/127 VAC 120V (standard) ou  \n200/208/220/230/240 VAC 220V (standard) \n    •  6kVA / 10kVA\n 200/208/220/230/240 VAC 220V (standard)\nn Variação Admissível:\n   •   3kVA \n55-150 VAC ou 110-300 VAC @ 50% de Carga\n80-150 VAC ou 160-300 VAC @ 100% de Carga\n   •   6kVA / 10kVA \n110-300 VAC @ 50% de Carga\n176-300 VAC @ 100% de Carga \nn Freqüência: 50/60 Hz                           \nn Variação de Freqüência Admissível:   \n    •    3kVA  \n40-70Hz\n    •    6kVA / 10 kVA \n46-54Hz @50Hz e 56-64Hz @60Hz\nn  Configuração:\nMonofásica \nn Fator de Potência:\n≥ 0.99 Tensão nominal (100% de Carga)\nn Distorção Harmônica THDi:\n    •    3kVA\n ≤ 5% @ Tensão de Entrada nominal\n    •    6kVA / 10kVA\n<4% @100% de Carga, <6% @50% de Carga\nSaída\nnTensão: \n    •   3kVA \n100/110/115/120/127 VAC 115V (standard) ou \n200/208/220/230/240 VAC 220V (standard) \n    •   6kVA / 10kVA \n200/208/220/230/240 VAC 220V (standard) \nn Fator de Potência:  1,0\nn Regulação Estática:   ± 1% nominal modo \nbateria\nn Freqüência:   50 / 60 Hz \nn Variação de Freqüência: \n± 0,1Hz em modo bateria\nn Sincronismo com a Rede:   Sim\nn Configuração:   \n Monofásica f+n+t \nn Forma de Onda:   Onda senoidal pura\nn Distorção Harmônica THD:  \n •   3kVA \n    ≤ 2% carga linear \n    ≤ 4% carga não-linear \n •   6kVA / 10kVA \n    ≤ 1% carga linear \n    ≤ 4% carga não-linearBaterias\nn  Composição:  \n    •    72  VDC - 3,0 kVA \n    •     240 VDC - 6,0 kVA \n    •     240 VDC - 10,0 kVA \nn  Sistema de Recarga: \ncontrolado, automático\nn Tempo de Recarga:  \n8 a 10 horas para 90% da carga\nn Tipo: \nseladas, isentas de manutenção\nn  Paralelismo Redundante (N+1) \n»  Disponível nas potências de 6 e 10kVA\nn By-pass estático (inteligente):  \nO termo inteligente aplica-se, visto que a linha \nComposition XV  possui desligamento da saída da \nchave estática em condições que, a tensão da rede \napresenta variações fora da faixa de trabalho, prote -\ngendo a carga contra sub ou sobre tensão mesmo \nna condição de by-pass estático.'
 'Alta Tecnologia em\nProcessamento Digital\nde Sinais - DSP\nO S M A I S M O D E R N O S\nN O B R E A K S C O R P O R AT I V O SVivemos em um mundo cada vez mais ágil e prático. Um mundo conectado por processadores, chips, softwares e \nperiféricos. Mas isso ainda não é o bastante. Por isso, o mundo caminha para tecnologias de processamento imediato \nde dados. A CM Comandos Lineares está um passo à frente e oferece aos seus clientes produtos dotados de uma \ntecnologia revolucionária, denominada Processamento Digital de Sinais -- DSP .\nToda a linha de No Breaks Innovation S1 Trifásico  \nTransformerless conta com a tecnologia DS P.   \nCaracterística que proporciona alta performance e \nconfiabilidade, tornando-os ideais para aplicações de missão crítica. Ou seja, protegem as aplicações nas quais a \ncontinuidade da operação é de fundamental importância.\ndos equipamentos pode ser atualizado, \nacrescentando novas funções em \nunidades já instaladas. Hoje, esta tecnologia está presente nos mais sofisticados sistemas eletrônicos, devido à sua alta velocidade e \nconfiabilidade. Processadores Digitais de Sinais são capazes de processar dez milhões de amostragens por segundo. \nIsso significa processamento em tempo real -- o sinal é processado no mesmo instante em que é recebido, sem \nretardos ou atrasos.\nProjetados com o uso intenso dos recursos da tecnologia DSP ,  os No Breaks Innovation Trifásico Transformerless  \nagregam novos  e avançados recursos, que estabelecem um novo conceito em desenvolvimento, no qual o firmware \nAo pensar em adquirir No Breaks,     \nconte com as soluções da\nCM Comandos, que asseguram \ntecnologia de ponta, máxima proteção, \nprecisão digital e processamento        \nem tempo real.']","A proteção no Sistema IT Médico tem como objetivo garantir a continuidade da operação e a confiabilidade das aplicações críticas, protegendo-as contra sub ou sobre tensão, mesmo em condições de by-pass estático. Além disso, essa proteção também garante que os equipamentos possam ser atualizados com novas funções, sem afetar a operação contínua do sistema.","Aqui está uma pergunta que pode ser respondida a partir do contexto fornecido:

""Sistema IT Médico O Elétrica Hospitalar Proteção""

""Qual é o objetivo da proteção no Sistema IT Médico?""",,0.64274396886039,,,1.0
27,"Aqui está uma pergunta que pode ser totalmente respondida a partir do contexto fornecido:

""Que tipos de mensagens podem ser enviadas por e-mail pelo painel de controle?""

Essa pergunta está relacionada ao tópico ""Sof tware IP P ower via TCP/IP*"" e pode ser respondida com base nas informações presentes no texto.","['ESPECIFICAÇÕES TÉCNICAS \nEntrada\nn Tensão: \n    •  3kVA \n100/110/115/120/127 VAC 120V (standard) ou  \n200/208/220/230/240 VAC 220V (standard) \n    •  6kVA / 10kVA\n 200/208/220/230/240 VAC 220V (standard)\nn Variação Admissível:\n   •   3kVA \n55-150 VAC ou 110-300 VAC @ 50% de Carga\n80-150 VAC ou 160-300 VAC @ 100% de Carga\n   •   6kVA / 10kVA \n110-300 VAC @ 50% de Carga\n176-300 VAC @ 100% de Carga \nn Freqüência: 50/60 Hz                           \nn Variação de Freqüência Admissível:   \n    •    3kVA  \n40-70Hz\n    •    6kVA / 10 kVA \n46-54Hz @50Hz e 56-64Hz @60Hz\nn  Configuração:\nMonofásica \nn Fator de Potência:\n≥ 0.99 Tensão nominal (100% de Carga)\nn Distorção Harmônica THDi:\n    •    3kVA\n ≤ 5% @ Tensão de Entrada nominal\n    •    6kVA / 10kVA\n<4% @100% de Carga, <6% @50% de Carga\nSaída\nnTensão: \n    •   3kVA \n100/110/115/120/127 VAC 115V (standard) ou \n200/208/220/230/240 VAC 220V (standard) \n    •   6kVA / 10kVA \n200/208/220/230/240 VAC 220V (standard) \nn Fator de Potência:  1,0\nn Regulação Estática:   ± 1% nominal modo \nbateria\nn Freqüência:   50 / 60 Hz \nn Variação de Freqüência: \n± 0,1Hz em modo bateria\nn Sincronismo com a Rede:   Sim\nn Configuração:   \n Monofásica f+n+t \nn Forma de Onda:   Onda senoidal pura\nn Distorção Harmônica THD:  \n •   3kVA \n    ≤ 2% carga linear \n    ≤ 4% carga não-linear \n •   6kVA / 10kVA \n    ≤ 1% carga linear \n    ≤ 4% carga não-linearBaterias\nn  Composição:  \n    •    72  VDC - 3,0 kVA \n    •     240 VDC - 6,0 kVA \n    •     240 VDC - 10,0 kVA \nn  Sistema de Recarga: \ncontrolado, automático\nn Tempo de Recarga:  \n8 a 10 horas para 90% da carga\nn Tipo: \nseladas, isentas de manutenção\nn  Paralelismo Redundante (N+1) \n»  Disponível nas potências de 6 e 10kVA\nn By-pass estático (inteligente):  \nO termo inteligente aplica-se, visto que a linha \nComposition XV  possui desligamento da saída da \nchave estática em condições que, a tensão da rede \napresenta variações fora da faixa de trabalho, prote -\ngendo a carga contra sub ou sobre tensão mesmo \nna condição de by-pass estático.'
 'Caso ocor ram nív eis maior es do que o nor mal,  o dispositiv o de super visão imediatament e atua, emitindo um sinal de alar me, para a int ervenção \ndas equipes de manut enção . \nO módulo DSI possui um micr oprocessador int erno, comunicação M odbus via RS485 e é pr ojetado dentr o dos cr itérios tecnológ icos mais \navançados ,  sendo pr eciso , segur o e confiá vel, carac terísticas exig idas pelas  aplicações médico -hospitalar es.   \nCARACTERÍSTIC AS TÉCNIC AS \n• \nde 0...999kΩ com r esolução de 1kΩ  \n• Monitorament o de t emperatura do enr olament o secundár io do \ntransf ormador de separação ( T1)  \n• Disponibilidade de utilização de um contat o programá vel para \nsinalização à distância, em caso de falhas int ernas do dispositiv o, \nbaixo nív el de isolament o, medição de elevados valor es de \ntemperatura e de alcance do ajust e de máxima cor rente·\n• Teste de aut o-diag nóstico para ev entuais falhas int ernas do \ndispositiv o, verificação da conexão com a r ede e contr ole de \nfuncionament o\n• Injeção no cir cuito de sinais de contr ole codificados , que não são \ninfluenciados pelos component es de tipo contínuo , emitidos por \ndispositiv os elétr icos de uso médico\n• Saída ser ial RS485 para comunicação MODBUS R TUPossibilidade de escolha de um valor pr eciso de isolament o de r ede Tensão S ecundária :  \nAté 250 V\n Tensão de C urto-cir cuito:\n    3%\nCorrente a Vazio:\n    3% x I n\nConexão Elétrica:  \nPor meio de t erminais\nFixação:  \nPor meio de base metálica/ \nrodízios \nDIMENSÕES TRANSFORMADOR DE SEP ARAÇÃO  Transf ormador de Separação - Gabinete Simples  \nTensão de alimentação: 110V / 230V - 60H z\nTensão máxima de medição: 24V\nTensão da r ede c ontr olador a:  24 a 230V AC\nTensão  de Isolament o: 2,5 kV em 1 minut o \nCorrente máxima de medição: 1mA\nDispositivo Super visor de Isolamento (DSI)\n     3,0   600 X 440 X 400    50\n     5,0       600 X 440 X 400    50\n     7,5       600 X 440 X 400         70\n10,0      600 X 440 X 400    90\n  Potência\nkVAPeso \nkgGabinete simples\nDimensões Físicas\nalt x lar g x prof \nmmO Transformador de Separação é projetado pela CM \nComandos, especificamente para o suprimento de energia de \nsistema médico.\nPossui isolação galvânica reforçada, blindagem eletrostática \nentre enrolamentos primário e secundár io, conectados a um \nterminal própr io e com caracter ísticas elétricas e mecânicas que \ngarantem sua qualidade e confiabilidade.\nPossui sensores de temperatura do tipo PT-100 os quais são \nconectados ao módulo DST para super visão de temperatura.\nO transformador garante a confiabilidade das condições do \nisolamento do circuito elétrico sendo imprescindível para a \nsegurança nas aplicações cirúrgicas.']","As mensagens que podem ser enviadas por e-mail pelo painel de controle incluem sinalizações à distância em caso de falhas internas do dispositivo, baixo nível de isolamento, medição de elevados valores de temperatura e alcance do ajuste de máxima corrente. Além disso, também podem ser enviadas mensagens de teste de autodiagnóstico para verificar eventualidades de falhas internas do dispositivo.","Aqui está uma lista de mensagens que podem ser enviadas por e-mail pelo painel de controle:
- Operação Normal
- Falha de Rede
- P ré-alar me de Bater ias
- B ypass Estático 
- B ypass M anual 
- Sobr ecar ga de Saída
- F alha I nterna n   ",,0.0,,,0.0
28,Que recursos o recurso de atualização de firmware permite implementar nas plataformas da Rede de Assistência Técnica?,"['monobloco\n   \n    •Painel F rontal: em ABS de alta r esistência\n  \n    • A cabamento: pintura epó xi-pó na cor g rafite\n       com tratamento tér mico e anti- corrosivo\nTransf ormador Isolador : com blindagem\n    eletr ostátican  \nn  \nn   Alarmes\nContr olados pelo pr ocessador DSP\nTipos de Alarmes:\n   \n    •Sonor os: \n       »  A utocheck I nicialização\n       »  Tensão da Rede F ora da F aixa\n       »  Sobr ecar ga de Saída\n       »  F alha I nterna do Estabilizador\n       »  F reqüência da Rede F ora de F aixa\n   \n     •Sinalização: L eds de Status do P ainel\n       »  Rede Nor mal\n       »  Saída Nor mal\n       »  F alhan   \nn   Características de Oper ação\nRuído A udív el: 55 dBA a 60 dBA a 1 metr o\n MTBF (M ean Time Bet ween F ailur es): 50 mil horas\nMTTR (M ean Time To Repair): 30 minutos\nTemperatura Ambiente: \n   \n•Mínimo: 0ºC / M áximo 40ºC\n   \n    •Recomendada: 20ºC a 25ºC\nUmidade Relativa:\n   \n    •0% a 95% sem condensação\n   \n    •Recomendada: 45% a 55%\nAltitude: até 1.800m\n Tipo de Ambiente Recomendado:\n   \n    •Interno, instalação abr igada\n   \n    •Atmosf era: limpa, livr e de par tículas condutivas , \n      gases tó xicos , líquidos e inflamáv eis.\nGrau de P roteção: IP -20n   \nn  \nn   \nn   \n   \nn   \nn    \nn  \nn    \n   2000    2,0       620 X 200 X 600        41  \n   3000    3,0       620 X 200 X 600        43\n   5000    5,0       620 X 200 X 600           47\n   7500    7,5       620 X 200 X 600           61\n 10000  10,0       790 X 400 X 775        119\n 15000  15,0       790 X 400 X 775        147Modelo Potência \nkVADimensões Físicas\nalt x lar g x prof \nmmPeso \nkg\n* Opcional\nCM.MK T MAR 22  -   As especificações estão sujeitas a alterações sem pr évio aviso . Nós incentivamos a r eciclagem\nCertificação de \nSustentabilidade A uditadaESPECIFIC AÇÕES  TÉCNIC ASOs Estabilizador es de Tensão M icroprocessados P erfection MI S2 possuem uma tecnolog ia inédita de duplos con versor es estáticos com módulos IGBT s, de última geração . \nTotalmente contr olado por micr oprocessador DSP – Dig ital Sig nal P rocessor , o estabilizador cor rige instantaneamente qualquer var iação de tensão da r ede elétr ica da \nconcessionár ia, além de atenuar distor ção har mônica, var iações de fr equência e distúr bios elétr icos, gerando uma f orma de onda senoidal pura, e f ornecendo uma linha \nestabilizada ex clusiva e isolada para as aplicações sensív eis.\nA tecnolog ia DSP r ealiza medições em True RMS g raças à amostragem dig ital, sem r etardos ou desvios , com alta v elocidade e confiabilidade . Isso sig nifica que podemos \nproduzir sistemas cada v ez menor es e capaz es de r ealizar mais funções , com elevada confiabilidade .'
 'Caso ocor ram nív eis maior es do que o nor mal,  o dispositiv o de super visão imediatament e atua, emitindo um sinal de alar me, para a int ervenção \ndas equipes de manut enção . \nO módulo DSI possui um micr oprocessador int erno, comunicação M odbus via RS485 e é pr ojetado dentr o dos cr itérios tecnológ icos mais \navançados ,  sendo pr eciso , segur o e confiá vel, carac terísticas exig idas pelas  aplicações médico -hospitalar es.   \nCARACTERÍSTIC AS TÉCNIC AS \n• \nde 0...999kΩ com r esolução de 1kΩ  \n• Monitorament o de t emperatura do enr olament o secundár io do \ntransf ormador de separação ( T1)  \n• Disponibilidade de utilização de um contat o programá vel para \nsinalização à distância, em caso de falhas int ernas do dispositiv o, \nbaixo nív el de isolament o, medição de elevados valor es de \ntemperatura e de alcance do ajust e de máxima cor rente·\n• Teste de aut o-diag nóstico para ev entuais falhas int ernas do \ndispositiv o, verificação da conexão com a r ede e contr ole de \nfuncionament o\n• Injeção no cir cuito de sinais de contr ole codificados , que não são \ninfluenciados pelos component es de tipo contínuo , emitidos por \ndispositiv os elétr icos de uso médico\n• Saída ser ial RS485 para comunicação MODBUS R TUPossibilidade de escolha de um valor pr eciso de isolament o de r ede Tensão S ecundária :  \nAté 250 V\n Tensão de C urto-cir cuito:\n    3%\nCorrente a Vazio:\n    3% x I n\nConexão Elétrica:  \nPor meio de t erminais\nFixação:  \nPor meio de base metálica/ \nrodízios \nDIMENSÕES TRANSFORMADOR DE SEP ARAÇÃO  Transf ormador de Separação - Gabinete Simples  \nTensão de alimentação: 110V / 230V - 60H z\nTensão máxima de medição: 24V\nTensão da r ede c ontr olador a:  24 a 230V AC\nTensão  de Isolament o: 2,5 kV em 1 minut o \nCorrente máxima de medição: 1mA\nDispositivo Super visor de Isolamento (DSI)\n     3,0   600 X 440 X 400    50\n     5,0       600 X 440 X 400    50\n     7,5       600 X 440 X 400         70\n10,0      600 X 440 X 400    90\n  Potência\nkVAPeso \nkgGabinete simples\nDimensões Físicas\nalt x lar g x prof \nmmO Transformador de Separação é projetado pela CM \nComandos, especificamente para o suprimento de energia de \nsistema médico.\nPossui isolação galvânica reforçada, blindagem eletrostática \nentre enrolamentos primário e secundár io, conectados a um \nterminal própr io e com caracter ísticas elétricas e mecânicas que \ngarantem sua qualidade e confiabilidade.\nPossui sensores de temperatura do tipo PT-100 os quais são \nconectados ao módulo DST para super visão de temperatura.\nO transformador garante a confiabilidade das condições do \nisolamento do circuito elétrico sendo imprescindível para a \nsegurança nas aplicações cirúrgicas.']","Os dispositivos de super visão imediatamente atuam emitindo um sinal de alarme para a intervenção das equipes de manutenção caso ocorram níveis maiores do que o normal. Além disso, há possibilidade de escolha de um valor preciso de isolamento de rede e testes de auto-diagnóstico para eventuais falhas internas do dispositivo.","O recurso permite implementar melhorias, adicionar novos recursos, personalizar características e preservar o investimento mantendo-o atualizado",,0.0,0.0,,0.0
29,"Aqui vai uma pergunta que pode ser totalmente respondida com base no contexto fornecido:

""Qual é o intervalo de variação de frequência admissível para um equipamento de 6kVA?","['ESPECIFICAÇÕES TÉCNICAS \nEntrada\nn Tensão: \n    •  3kVA \n100/110/115/120/127 VAC 120V (standard) ou  \n200/208/220/230/240 VAC 220V (standard) \n    •  6kVA / 10kVA\n 200/208/220/230/240 VAC 220V (standard)\nn Variação Admissível:\n   •   3kVA \n55-150 VAC ou 110-300 VAC @ 50% de Carga\n80-150 VAC ou 160-300 VAC @ 100% de Carga\n   •   6kVA / 10kVA \n110-300 VAC @ 50% de Carga\n176-300 VAC @ 100% de Carga \nn Freqüência: 50/60 Hz                           \nn Variação de Freqüência Admissível:   \n    •    3kVA  \n40-70Hz\n    •    6kVA / 10 kVA \n46-54Hz @50Hz e 56-64Hz @60Hz\nn  Configuração:\nMonofásica \nn Fator de Potência:\n≥ 0.99 Tensão nominal (100% de Carga)\nn Distorção Harmônica THDi:\n    •    3kVA\n ≤ 5% @ Tensão de Entrada nominal\n    •    6kVA / 10kVA\n<4% @100% de Carga, <6% @50% de Carga\nSaída\nnTensão: \n    •   3kVA \n100/110/115/120/127 VAC 115V (standard) ou \n200/208/220/230/240 VAC 220V (standard) \n    •   6kVA / 10kVA \n200/208/220/230/240 VAC 220V (standard) \nn Fator de Potência:  1,0\nn Regulação Estática:   ± 1% nominal modo \nbateria\nn Freqüência:   50 / 60 Hz \nn Variação de Freqüência: \n± 0,1Hz em modo bateria\nn Sincronismo com a Rede:   Sim\nn Configuração:   \n Monofásica f+n+t \nn Forma de Onda:   Onda senoidal pura\nn Distorção Harmônica THD:  \n •   3kVA \n    ≤ 2% carga linear \n    ≤ 4% carga não-linear \n •   6kVA / 10kVA \n    ≤ 1% carga linear \n    ≤ 4% carga não-linearBaterias\nn  Composição:  \n    •    72  VDC - 3,0 kVA \n    •     240 VDC - 6,0 kVA \n    •     240 VDC - 10,0 kVA \nn  Sistema de Recarga: \ncontrolado, automático\nn Tempo de Recarga:  \n8 a 10 horas para 90% da carga\nn Tipo: \nseladas, isentas de manutenção\nn  Paralelismo Redundante (N+1) \n»  Disponível nas potências de 6 e 10kVA\nn By-pass estático (inteligente):  \nO termo inteligente aplica-se, visto que a linha \nComposition XV  possui desligamento da saída da \nchave estática em condições que, a tensão da rede \napresenta variações fora da faixa de trabalho, prote -\ngendo a carga contra sub ou sobre tensão mesmo \nna condição de by-pass estático.'
 'monobloco\n   \n    •Painel F rontal: em ABS de alta r esistência\n  \n    • A cabamento: pintura epó xi-pó na cor g rafite\n       com tratamento tér mico e anti- corrosivo\nTransf ormador Isolador : com blindagem\n    eletr ostátican  \nn  \nn   Alarmes\nContr olados pelo pr ocessador DSP\nTipos de Alarmes:\n   \n    •Sonor os: \n       »  A utocheck I nicialização\n       »  Tensão da Rede F ora da F aixa\n       »  Sobr ecar ga de Saída\n       »  F alha I nterna do Estabilizador\n       »  F reqüência da Rede F ora de F aixa\n   \n     •Sinalização: L eds de Status do P ainel\n       »  Rede Nor mal\n       »  Saída Nor mal\n       »  F alhan   \nn   Características de Oper ação\nRuído A udív el: 55 dBA a 60 dBA a 1 metr o\n MTBF (M ean Time Bet ween F ailur es): 50 mil horas\nMTTR (M ean Time To Repair): 30 minutos\nTemperatura Ambiente: \n   \n•Mínimo: 0ºC / M áximo 40ºC\n   \n    •Recomendada: 20ºC a 25ºC\nUmidade Relativa:\n   \n    •0% a 95% sem condensação\n   \n    •Recomendada: 45% a 55%\nAltitude: até 1.800m\n Tipo de Ambiente Recomendado:\n   \n    •Interno, instalação abr igada\n   \n    •Atmosf era: limpa, livr e de par tículas condutivas , \n      gases tó xicos , líquidos e inflamáv eis.\nGrau de P roteção: IP -20n   \nn  \nn   \nn   \n   \nn   \nn    \nn  \nn    \n   2000    2,0       620 X 200 X 600        41  \n   3000    3,0       620 X 200 X 600        43\n   5000    5,0       620 X 200 X 600           47\n   7500    7,5       620 X 200 X 600           61\n 10000  10,0       790 X 400 X 775        119\n 15000  15,0       790 X 400 X 775        147Modelo Potência \nkVADimensões Físicas\nalt x lar g x prof \nmmPeso \nkg\n* Opcional\nCM.MK T MAR 22  -   As especificações estão sujeitas a alterações sem pr évio aviso . Nós incentivamos a r eciclagem\nCertificação de \nSustentabilidade A uditadaESPECIFIC AÇÕES  TÉCNIC ASOs Estabilizador es de Tensão M icroprocessados P erfection MI S2 possuem uma tecnolog ia inédita de duplos con versor es estáticos com módulos IGBT s, de última geração . \nTotalmente contr olado por micr oprocessador DSP – Dig ital Sig nal P rocessor , o estabilizador cor rige instantaneamente qualquer var iação de tensão da r ede elétr ica da \nconcessionár ia, além de atenuar distor ção har mônica, var iações de fr equência e distúr bios elétr icos, gerando uma f orma de onda senoidal pura, e f ornecendo uma linha \nestabilizada ex clusiva e isolada para as aplicações sensív eis.\nA tecnolog ia DSP r ealiza medições em True RMS g raças à amostragem dig ital, sem r etardos ou desvios , com alta v elocidade e confiabilidade . Isso sig nifica que podemos \nproduzir sistemas cada v ez menor es e capaz es de r ealizar mais funções , com elevada confiabilidade .']",46-54Hz @50Hz e 56-64Hz @60Hz.,O intervalo de variação de freqüência admissível para um equipamento de 6 kVA é de 46-54 Hz @50Hz e 56-64Hz @60Hz,,,0.99999999995,,1.0
30,"Que tipo de sistema de sustentabilidade é auditado no contexto fornecido? 

Essa pergunta pode ser respondida completamente com base no contexto, que menciona especificamente o ""Sistema de Sustentabilidade Auditado"" em uma tabela contendo informações sobre as dimensões físicas da linha de TI - Trifásico Isolada.","['ESPECIFICAÇÕES TÉCNICAS \nEntrada\nn Tensão: \n    •  3kVA \n100/110/115/120/127 VAC 120V (standard) ou  \n200/208/220/230/240 VAC 220V (standard) \n    •  6kVA / 10kVA\n 200/208/220/230/240 VAC 220V (standard)\nn Variação Admissível:\n   •   3kVA \n55-150 VAC ou 110-300 VAC @ 50% de Carga\n80-150 VAC ou 160-300 VAC @ 100% de Carga\n   •   6kVA / 10kVA \n110-300 VAC @ 50% de Carga\n176-300 VAC @ 100% de Carga \nn Freqüência: 50/60 Hz                           \nn Variação de Freqüência Admissível:   \n    •    3kVA  \n40-70Hz\n    •    6kVA / 10 kVA \n46-54Hz @50Hz e 56-64Hz @60Hz\nn  Configuração:\nMonofásica \nn Fator de Potência:\n≥ 0.99 Tensão nominal (100% de Carga)\nn Distorção Harmônica THDi:\n    •    3kVA\n ≤ 5% @ Tensão de Entrada nominal\n    •    6kVA / 10kVA\n<4% @100% de Carga, <6% @50% de Carga\nSaída\nnTensão: \n    •   3kVA \n100/110/115/120/127 VAC 115V (standard) ou \n200/208/220/230/240 VAC 220V (standard) \n    •   6kVA / 10kVA \n200/208/220/230/240 VAC 220V (standard) \nn Fator de Potência:  1,0\nn Regulação Estática:   ± 1% nominal modo \nbateria\nn Freqüência:   50 / 60 Hz \nn Variação de Freqüência: \n± 0,1Hz em modo bateria\nn Sincronismo com a Rede:   Sim\nn Configuração:   \n Monofásica f+n+t \nn Forma de Onda:   Onda senoidal pura\nn Distorção Harmônica THD:  \n •   3kVA \n    ≤ 2% carga linear \n    ≤ 4% carga não-linear \n •   6kVA / 10kVA \n    ≤ 1% carga linear \n    ≤ 4% carga não-linearBaterias\nn  Composição:  \n    •    72  VDC - 3,0 kVA \n    •     240 VDC - 6,0 kVA \n    •     240 VDC - 10,0 kVA \nn  Sistema de Recarga: \ncontrolado, automático\nn Tempo de Recarga:  \n8 a 10 horas para 90% da carga\nn Tipo: \nseladas, isentas de manutenção\nn  Paralelismo Redundante (N+1) \n»  Disponível nas potências de 6 e 10kVA\nn By-pass estático (inteligente):  \nO termo inteligente aplica-se, visto que a linha \nComposition XV  possui desligamento da saída da \nchave estática em condições que, a tensão da rede \napresenta variações fora da faixa de trabalho, prote -\ngendo a carga contra sub ou sobre tensão mesmo \nna condição de by-pass estático.'
 'Caso ocor ram nív eis maior es do que o nor mal,  o dispositiv o de super visão imediatament e atua, emitindo um sinal de alar me, para a int ervenção \ndas equipes de manut enção . \nO módulo DSI possui um micr oprocessador int erno, comunicação M odbus via RS485 e é pr ojetado dentr o dos cr itérios tecnológ icos mais \navançados ,  sendo pr eciso , segur o e confiá vel, carac terísticas exig idas pelas  aplicações médico -hospitalar es.   \nCARACTERÍSTIC AS TÉCNIC AS \n• \nde 0...999kΩ com r esolução de 1kΩ  \n• Monitorament o de t emperatura do enr olament o secundár io do \ntransf ormador de separação ( T1)  \n• Disponibilidade de utilização de um contat o programá vel para \nsinalização à distância, em caso de falhas int ernas do dispositiv o, \nbaixo nív el de isolament o, medição de elevados valor es de \ntemperatura e de alcance do ajust e de máxima cor rente·\n• Teste de aut o-diag nóstico para ev entuais falhas int ernas do \ndispositiv o, verificação da conexão com a r ede e contr ole de \nfuncionament o\n• Injeção no cir cuito de sinais de contr ole codificados , que não são \ninfluenciados pelos component es de tipo contínuo , emitidos por \ndispositiv os elétr icos de uso médico\n• Saída ser ial RS485 para comunicação MODBUS R TUPossibilidade de escolha de um valor pr eciso de isolament o de r ede Tensão S ecundária :  \nAté 250 V\n Tensão de C urto-cir cuito:\n    3%\nCorrente a Vazio:\n    3% x I n\nConexão Elétrica:  \nPor meio de t erminais\nFixação:  \nPor meio de base metálica/ \nrodízios \nDIMENSÕES TRANSFORMADOR DE SEP ARAÇÃO  Transf ormador de Separação - Gabinete Simples  \nTensão de alimentação: 110V / 230V - 60H z\nTensão máxima de medição: 24V\nTensão da r ede c ontr olador a:  24 a 230V AC\nTensão  de Isolament o: 2,5 kV em 1 minut o \nCorrente máxima de medição: 1mA\nDispositivo Super visor de Isolamento (DSI)\n     3,0   600 X 440 X 400    50\n     5,0       600 X 440 X 400    50\n     7,5       600 X 440 X 400         70\n10,0      600 X 440 X 400    90\n  Potência\nkVAPeso \nkgGabinete simples\nDimensões Físicas\nalt x lar g x prof \nmmO Transformador de Separação é projetado pela CM \nComandos, especificamente para o suprimento de energia de \nsistema médico.\nPossui isolação galvânica reforçada, blindagem eletrostática \nentre enrolamentos primário e secundár io, conectados a um \nterminal própr io e com caracter ísticas elétricas e mecânicas que \ngarantem sua qualidade e confiabilidade.\nPossui sensores de temperatura do tipo PT-100 os quais são \nconectados ao módulo DST para super visão de temperatura.\nO transformador garante a confiabilidade das condições do \nisolamento do circuito elétrico sendo imprescindível para a \nsegurança nas aplicações cirúrgicas.']","O sistema de sustentabilidade auditado é um Sistema de Sustentabilidade com paralelismo Redundante (N+1) e By-pass estático inteligente, projetado para garantir a confiabilidade e segurança das condições do isolamento do circuito elétrico. Ele também possui sensores de temperatura e um módulo DSI para supervisão de temperatura e diagnóstico de falhas. Além disso, o sistema dispõe de uma linha de TI trifásica isolada com características elétricas e mecânicas que garantem sua qualidade e confiabilidade.","O sistema de sustentabilidade auditado no contexto fornecido é o ""Sistema de Sustentabilidade AuditadoOSD  N LI A NM EO AC R EM SCISO""",,0.6745796817263883,,,0.0
31,"Aqui está sua pergunta:
Qual é o papel do processador de sinal digital no processo de estabilização eletrônica?","['monobloco\n   \n    •Painel F rontal: em ABS de alta r esistência\n  \n    • A cabamento: pintura epó xi-pó na cor g rafite\n       com tratamento tér mico e anti- corrosivo\nTransf ormador Isolador : com blindagem\n    eletr ostátican  \nn  \nn   Alarmes\nContr olados pelo pr ocessador DSP\nTipos de Alarmes:\n   \n    •Sonor os: \n       »  A utocheck I nicialização\n       »  Tensão da Rede F ora da F aixa\n       »  Sobr ecar ga de Saída\n       »  F alha I nterna do Estabilizador\n       »  F reqüência da Rede F ora de F aixa\n   \n     •Sinalização: L eds de Status do P ainel\n       »  Rede Nor mal\n       »  Saída Nor mal\n       »  F alhan   \nn   Características de Oper ação\nRuído A udív el: 55 dBA a 60 dBA a 1 metr o\n MTBF (M ean Time Bet ween F ailur es): 50 mil horas\nMTTR (M ean Time To Repair): 30 minutos\nTemperatura Ambiente: \n   \n•Mínimo: 0ºC / M áximo 40ºC\n   \n    •Recomendada: 20ºC a 25ºC\nUmidade Relativa:\n   \n    •0% a 95% sem condensação\n   \n    •Recomendada: 45% a 55%\nAltitude: até 1.800m\n Tipo de Ambiente Recomendado:\n   \n    •Interno, instalação abr igada\n   \n    •Atmosf era: limpa, livr e de par tículas condutivas , \n      gases tó xicos , líquidos e inflamáv eis.\nGrau de P roteção: IP -20n   \nn  \nn   \nn   \n   \nn   \nn    \nn  \nn    \n   2000    2,0       620 X 200 X 600        41  \n   3000    3,0       620 X 200 X 600        43\n   5000    5,0       620 X 200 X 600           47\n   7500    7,5       620 X 200 X 600           61\n 10000  10,0       790 X 400 X 775        119\n 15000  15,0       790 X 400 X 775        147Modelo Potência \nkVADimensões Físicas\nalt x lar g x prof \nmmPeso \nkg\n* Opcional\nCM.MK T MAR 22  -   As especificações estão sujeitas a alterações sem pr évio aviso . Nós incentivamos a r eciclagem\nCertificação de \nSustentabilidade A uditadaESPECIFIC AÇÕES  TÉCNIC ASOs Estabilizador es de Tensão M icroprocessados P erfection MI S2 possuem uma tecnolog ia inédita de duplos con versor es estáticos com módulos IGBT s, de última geração . \nTotalmente contr olado por micr oprocessador DSP – Dig ital Sig nal P rocessor , o estabilizador cor rige instantaneamente qualquer var iação de tensão da r ede elétr ica da \nconcessionár ia, além de atenuar distor ção har mônica, var iações de fr equência e distúr bios elétr icos, gerando uma f orma de onda senoidal pura, e f ornecendo uma linha \nestabilizada ex clusiva e isolada para as aplicações sensív eis.\nA tecnolog ia DSP r ealiza medições em True RMS g raças à amostragem dig ital, sem r etardos ou desvios , com alta v elocidade e confiabilidade . Isso sig nifica que podemos \nproduzir sistemas cada v ez menor es e capaz es de r ealizar mais funções , com elevada confiabilidade .'
 'ESPECIFICAÇÕES TÉCNICAS \nEntrada\nn Tensão: \n    •  3kVA \n100/110/115/120/127 VAC 120V (standard) ou  \n200/208/220/230/240 VAC 220V (standard) \n    •  6kVA / 10kVA\n 200/208/220/230/240 VAC 220V (standard)\nn Variação Admissível:\n   •   3kVA \n55-150 VAC ou 110-300 VAC @ 50% de Carga\n80-150 VAC ou 160-300 VAC @ 100% de Carga\n   •   6kVA / 10kVA \n110-300 VAC @ 50% de Carga\n176-300 VAC @ 100% de Carga \nn Freqüência: 50/60 Hz                           \nn Variação de Freqüência Admissível:   \n    •    3kVA  \n40-70Hz\n    •    6kVA / 10 kVA \n46-54Hz @50Hz e 56-64Hz @60Hz\nn  Configuração:\nMonofásica \nn Fator de Potência:\n≥ 0.99 Tensão nominal (100% de Carga)\nn Distorção Harmônica THDi:\n    •    3kVA\n ≤ 5% @ Tensão de Entrada nominal\n    •    6kVA / 10kVA\n<4% @100% de Carga, <6% @50% de Carga\nSaída\nnTensão: \n    •   3kVA \n100/110/115/120/127 VAC 115V (standard) ou \n200/208/220/230/240 VAC 220V (standard) \n    •   6kVA / 10kVA \n200/208/220/230/240 VAC 220V (standard) \nn Fator de Potência:  1,0\nn Regulação Estática:   ± 1% nominal modo \nbateria\nn Freqüência:   50 / 60 Hz \nn Variação de Freqüência: \n± 0,1Hz em modo bateria\nn Sincronismo com a Rede:   Sim\nn Configuração:   \n Monofásica f+n+t \nn Forma de Onda:   Onda senoidal pura\nn Distorção Harmônica THD:  \n •   3kVA \n    ≤ 2% carga linear \n    ≤ 4% carga não-linear \n •   6kVA / 10kVA \n    ≤ 1% carga linear \n    ≤ 4% carga não-linearBaterias\nn  Composição:  \n    •    72  VDC - 3,0 kVA \n    •     240 VDC - 6,0 kVA \n    •     240 VDC - 10,0 kVA \nn  Sistema de Recarga: \ncontrolado, automático\nn Tempo de Recarga:  \n8 a 10 horas para 90% da carga\nn Tipo: \nseladas, isentas de manutenção\nn  Paralelismo Redundante (N+1) \n»  Disponível nas potências de 6 e 10kVA\nn By-pass estático (inteligente):  \nO termo inteligente aplica-se, visto que a linha \nComposition XV  possui desligamento da saída da \nchave estática em condições que, a tensão da rede \napresenta variações fora da faixa de trabalho, prote -\ngendo a carga contra sub ou sobre tensão mesmo \nna condição de by-pass estático.']","O processador de sinal digital atua como um controlador inteligente que monitora e regula as variações de tensão da rede elétrica em tempo real, garantindo uma saída estável e isenta de distorção harmônica. Além disso, ele realiza medições em True RMS sem retardos ou desvios, permitindo a produção de sistemas cada vez menores e mais capazes de realizar múltiplas funções com elevada confiabilidade. Isso permite uma forma de onda senoidal pura, fornecendo uma linha estabilizada exclusiva e isolada para aplicações sensíveis.","Não há informação suficiente para responder à pergunta diretamente. O contexto fornece informações sobre um processador de sinal digital, mas não explicita seu papel na estabilização eletrônica.",,0.8936399804351775,,,0.0
32,"Aqui está a pergunta que pode ser totalmente respondida a partir do contexto fornecido:

""Quais são as características da interface de gerenciamento do painel?","['ESPECIFICAÇÕES TÉCNICAS \nEntrada\nn Tensão: \n    •  3kVA \n100/110/115/120/127 VAC 120V (standard) ou  \n200/208/220/230/240 VAC 220V (standard) \n    •  6kVA / 10kVA\n 200/208/220/230/240 VAC 220V (standard)\nn Variação Admissível:\n   •   3kVA \n55-150 VAC ou 110-300 VAC @ 50% de Carga\n80-150 VAC ou 160-300 VAC @ 100% de Carga\n   •   6kVA / 10kVA \n110-300 VAC @ 50% de Carga\n176-300 VAC @ 100% de Carga \nn Freqüência: 50/60 Hz                           \nn Variação de Freqüência Admissível:   \n    •    3kVA  \n40-70Hz\n    •    6kVA / 10 kVA \n46-54Hz @50Hz e 56-64Hz @60Hz\nn  Configuração:\nMonofásica \nn Fator de Potência:\n≥ 0.99 Tensão nominal (100% de Carga)\nn Distorção Harmônica THDi:\n    •    3kVA\n ≤ 5% @ Tensão de Entrada nominal\n    •    6kVA / 10kVA\n<4% @100% de Carga, <6% @50% de Carga\nSaída\nnTensão: \n    •   3kVA \n100/110/115/120/127 VAC 115V (standard) ou \n200/208/220/230/240 VAC 220V (standard) \n    •   6kVA / 10kVA \n200/208/220/230/240 VAC 220V (standard) \nn Fator de Potência:  1,0\nn Regulação Estática:   ± 1% nominal modo \nbateria\nn Freqüência:   50 / 60 Hz \nn Variação de Freqüência: \n± 0,1Hz em modo bateria\nn Sincronismo com a Rede:   Sim\nn Configuração:   \n Monofásica f+n+t \nn Forma de Onda:   Onda senoidal pura\nn Distorção Harmônica THD:  \n •   3kVA \n    ≤ 2% carga linear \n    ≤ 4% carga não-linear \n •   6kVA / 10kVA \n    ≤ 1% carga linear \n    ≤ 4% carga não-linearBaterias\nn  Composição:  \n    •    72  VDC - 3,0 kVA \n    •     240 VDC - 6,0 kVA \n    •     240 VDC - 10,0 kVA \nn  Sistema de Recarga: \ncontrolado, automático\nn Tempo de Recarga:  \n8 a 10 horas para 90% da carga\nn Tipo: \nseladas, isentas de manutenção\nn  Paralelismo Redundante (N+1) \n»  Disponível nas potências de 6 e 10kVA\nn By-pass estático (inteligente):  \nO termo inteligente aplica-se, visto que a linha \nComposition XV  possui desligamento da saída da \nchave estática em condições que, a tensão da rede \napresenta variações fora da faixa de trabalho, prote -\ngendo a carga contra sub ou sobre tensão mesmo \nna condição de by-pass estático.'
 'monobloco\n   \n    •Painel F rontal: em ABS de alta r esistência\n  \n    • A cabamento: pintura epó xi-pó na cor g rafite\n       com tratamento tér mico e anti- corrosivo\nTransf ormador Isolador : com blindagem\n    eletr ostátican  \nn  \nn   Alarmes\nContr olados pelo pr ocessador DSP\nTipos de Alarmes:\n   \n    •Sonor os: \n       »  A utocheck I nicialização\n       »  Tensão da Rede F ora da F aixa\n       »  Sobr ecar ga de Saída\n       »  F alha I nterna do Estabilizador\n       »  F reqüência da Rede F ora de F aixa\n   \n     •Sinalização: L eds de Status do P ainel\n       »  Rede Nor mal\n       »  Saída Nor mal\n       »  F alhan   \nn   Características de Oper ação\nRuído A udív el: 55 dBA a 60 dBA a 1 metr o\n MTBF (M ean Time Bet ween F ailur es): 50 mil horas\nMTTR (M ean Time To Repair): 30 minutos\nTemperatura Ambiente: \n   \n•Mínimo: 0ºC / M áximo 40ºC\n   \n    •Recomendada: 20ºC a 25ºC\nUmidade Relativa:\n   \n    •0% a 95% sem condensação\n   \n    •Recomendada: 45% a 55%\nAltitude: até 1.800m\n Tipo de Ambiente Recomendado:\n   \n    •Interno, instalação abr igada\n   \n    •Atmosf era: limpa, livr e de par tículas condutivas , \n      gases tó xicos , líquidos e inflamáv eis.\nGrau de P roteção: IP -20n   \nn  \nn   \nn   \n   \nn   \nn    \nn  \nn    \n   2000    2,0       620 X 200 X 600        41  \n   3000    3,0       620 X 200 X 600        43\n   5000    5,0       620 X 200 X 600           47\n   7500    7,5       620 X 200 X 600           61\n 10000  10,0       790 X 400 X 775        119\n 15000  15,0       790 X 400 X 775        147Modelo Potência \nkVADimensões Físicas\nalt x lar g x prof \nmmPeso \nkg\n* Opcional\nCM.MK T MAR 22  -   As especificações estão sujeitas a alterações sem pr évio aviso . Nós incentivamos a r eciclagem\nCertificação de \nSustentabilidade A uditadaESPECIFIC AÇÕES  TÉCNIC ASOs Estabilizador es de Tensão M icroprocessados P erfection MI S2 possuem uma tecnolog ia inédita de duplos con versor es estáticos com módulos IGBT s, de última geração . \nTotalmente contr olado por micr oprocessador DSP – Dig ital Sig nal P rocessor , o estabilizador cor rige instantaneamente qualquer var iação de tensão da r ede elétr ica da \nconcessionár ia, além de atenuar distor ção har mônica, var iações de fr equência e distúr bios elétr icos, gerando uma f orma de onda senoidal pura, e f ornecendo uma linha \nestabilizada ex clusiva e isolada para as aplicações sensív eis.\nA tecnolog ia DSP r ealiza medições em True RMS g raças à amostragem dig ital, sem r etardos ou desvios , com alta v elocidade e confiabilidade . Isso sig nifica que podemos \nproduzir sistemas cada v ez menor es e capaz es de r ealizar mais funções , com elevada confiabilidade .']","O painel apresenta uma interface de gerenciamento controlada por microprocessador DSP, que inclui alarmes sonoros e sinalização visual. Além disso, ele também possui uma característica denominada ""By-pass estático (inteligente)"", que protege a carga contra sub ou sobre tensão mesmo na condição de by-pass estático.

No entanto, especificamente em relação à pergunta feita, não há informações diretas no contexto fornecido sobre as características da interface de gerenciamento do painel.","A interface de gerenciamento do painel suporta varios protocolos, incluindo serial RS232 e serial RS485. Além disso, ela oferece ferramentas de shutdown e gerenciamento, além de permitir a conexão em modo no-break com vários servidores",,,,,0.0
33,Qual é a importância da tecnologia DSP no processamento imediato de dados nos Estabilizadores Perfection SP?,"['monobloco\n   \n    •Painel F rontal: em ABS de alta r esistência\n  \n    • A cabamento: pintura epó xi-pó na cor g rafite\n       com tratamento tér mico e anti- corrosivo\nTransf ormador Isolador : com blindagem\n    eletr ostátican  \nn  \nn   Alarmes\nContr olados pelo pr ocessador DSP\nTipos de Alarmes:\n   \n    •Sonor os: \n       »  A utocheck I nicialização\n       »  Tensão da Rede F ora da F aixa\n       »  Sobr ecar ga de Saída\n       »  F alha I nterna do Estabilizador\n       »  F reqüência da Rede F ora de F aixa\n   \n     •Sinalização: L eds de Status do P ainel\n       »  Rede Nor mal\n       »  Saída Nor mal\n       »  F alhan   \nn   Características de Oper ação\nRuído A udív el: 55 dBA a 60 dBA a 1 metr o\n MTBF (M ean Time Bet ween F ailur es): 50 mil horas\nMTTR (M ean Time To Repair): 30 minutos\nTemperatura Ambiente: \n   \n•Mínimo: 0ºC / M áximo 40ºC\n   \n    •Recomendada: 20ºC a 25ºC\nUmidade Relativa:\n   \n    •0% a 95% sem condensação\n   \n    •Recomendada: 45% a 55%\nAltitude: até 1.800m\n Tipo de Ambiente Recomendado:\n   \n    •Interno, instalação abr igada\n   \n    •Atmosf era: limpa, livr e de par tículas condutivas , \n      gases tó xicos , líquidos e inflamáv eis.\nGrau de P roteção: IP -20n   \nn  \nn   \nn   \n   \nn   \nn    \nn  \nn    \n   2000    2,0       620 X 200 X 600        41  \n   3000    3,0       620 X 200 X 600        43\n   5000    5,0       620 X 200 X 600           47\n   7500    7,5       620 X 200 X 600           61\n 10000  10,0       790 X 400 X 775        119\n 15000  15,0       790 X 400 X 775        147Modelo Potência \nkVADimensões Físicas\nalt x lar g x prof \nmmPeso \nkg\n* Opcional\nCM.MK T MAR 22  -   As especificações estão sujeitas a alterações sem pr évio aviso . Nós incentivamos a r eciclagem\nCertificação de \nSustentabilidade A uditadaESPECIFIC AÇÕES  TÉCNIC ASOs Estabilizador es de Tensão M icroprocessados P erfection MI S2 possuem uma tecnolog ia inédita de duplos con versor es estáticos com módulos IGBT s, de última geração . \nTotalmente contr olado por micr oprocessador DSP – Dig ital Sig nal P rocessor , o estabilizador cor rige instantaneamente qualquer var iação de tensão da r ede elétr ica da \nconcessionár ia, além de atenuar distor ção har mônica, var iações de fr equência e distúr bios elétr icos, gerando uma f orma de onda senoidal pura, e f ornecendo uma linha \nestabilizada ex clusiva e isolada para as aplicações sensív eis.\nA tecnolog ia DSP r ealiza medições em True RMS g raças à amostragem dig ital, sem r etardos ou desvios , com alta v elocidade e confiabilidade . Isso sig nifica que podemos \nproduzir sistemas cada v ez menor es e capaz es de r ealizar mais funções , com elevada confiabilidade .'
 'Alta Tecnolog ia em\nEstabilizador es de Tensão DSP\nDigital Sig nal P rocessor\nOS MAIS  MODERNOS  ESTABILIZADORES CORPORATIVOSVivemos em um mundo cada vez mais ágil e prático . Um mundo unido por processador es, chips , softwares e periféricos, \nmas isso ainda não é o bastant e,  por isso o mundo caminha para tecnolog ias de processament o imediat o de dados . A  \nCM Comandos Linear es está um passo à frente e oferece aos seus client es produt os de alta tecnolog ia digital.\ne, esta tecnolog ia está present e soment e nos mais sofisticados sistemas eletr ônicos, devido à sua alta velocidade e \nconfiabilidade . Isso significa que podemos produzir sistemas cada vez menor es,  mais rápidos , capaz es de realizar mais \nfunções e, ao mesmo tempo , elevar cada vez mais a confiabilidade das nossas soluções .Hoj\nOutr o diferencial  é a capacidade de corrigir as \nvariações extremas de corrente de carga. Esta \ncarac terística propor ciona alta performance e \nconfiabilidade , tornando os Estabilizador es \nPerfection SP  ideais  para cargas que geram \npicos de alta  corrente e que necessitam de \nproteção  e  ener gia estabilizada. \nAo pensar em adquir ir Estabilizador es de \nTensão, conte com as soluções CM \nComandos , que asseguram tecnolog ia de \nponta, máxima proteção , precisão digital e \nprocessament o DSP em tempo real.\nA linha de Estabilizador es de Tensão Perfection Série Premium, utiliza uma tecnolog ia inédita de conversor es estáticos \ncom módulos IGBT s de última geração .  Contr olado por micr oprocessador  DSP,  corrige instantaneament e qualquer \nvariação de tensão da rede elétr ica da concessionár ia, tudo na velocidade de amostragem digital, sem retardos ou \ndesvios .  Todos os setups e configurações são r ealizados por sof tware, além disso ,  possui um ex clusiv o registro log de \neventos, permitindo total rastr eabilidade em caso de anomalias .']","A tecnologia DSP (Digital Signal Processor) permite realizar medições em True RMS graças à amostragem digital, sem retardos ou desvios, com alta velocidade e confiabilidade. Isso significa que os Estabilizadores Perfection SP podem processar dados em tempo real, corrigir variações extremas de corrente de carga e fornecer uma forma de onda senoidal pura, garantindo uma linha estabilizada exclusiva e isolada para as aplicações sensíveis.",A resposta à pergunta dada está presente no contexto,,0.8411604734238703,,,
34,Que tipo de variação na entrada é admitida em modo rede pelo estabilizador interno?,"['monobloco\n   \n    •Painel F rontal: em ABS de alta r esistência\n  \n    • A cabamento: pintura epó xi-pó na cor g rafite\n       com tratamento tér mico e anti- corrosivo\nTransf ormador Isolador : com blindagem\n    eletr ostátican  \nn  \nn   Alarmes\nContr olados pelo pr ocessador DSP\nTipos de Alarmes:\n   \n    •Sonor os: \n       »  A utocheck I nicialização\n       »  Tensão da Rede F ora da F aixa\n       »  Sobr ecar ga de Saída\n       »  F alha I nterna do Estabilizador\n       »  F reqüência da Rede F ora de F aixa\n   \n     •Sinalização: L eds de Status do P ainel\n       »  Rede Nor mal\n       »  Saída Nor mal\n       »  F alhan   \nn   Características de Oper ação\nRuído A udív el: 55 dBA a 60 dBA a 1 metr o\n MTBF (M ean Time Bet ween F ailur es): 50 mil horas\nMTTR (M ean Time To Repair): 30 minutos\nTemperatura Ambiente: \n   \n•Mínimo: 0ºC / M áximo 40ºC\n   \n    •Recomendada: 20ºC a 25ºC\nUmidade Relativa:\n   \n    •0% a 95% sem condensação\n   \n    •Recomendada: 45% a 55%\nAltitude: até 1.800m\n Tipo de Ambiente Recomendado:\n   \n    •Interno, instalação abr igada\n   \n    •Atmosf era: limpa, livr e de par tículas condutivas , \n      gases tó xicos , líquidos e inflamáv eis.\nGrau de P roteção: IP -20n   \nn  \nn   \nn   \n   \nn   \nn    \nn  \nn    \n   2000    2,0       620 X 200 X 600        41  \n   3000    3,0       620 X 200 X 600        43\n   5000    5,0       620 X 200 X 600           47\n   7500    7,5       620 X 200 X 600           61\n 10000  10,0       790 X 400 X 775        119\n 15000  15,0       790 X 400 X 775        147Modelo Potência \nkVADimensões Físicas\nalt x lar g x prof \nmmPeso \nkg\n* Opcional\nCM.MK T MAR 22  -   As especificações estão sujeitas a alterações sem pr évio aviso . Nós incentivamos a r eciclagem\nCertificação de \nSustentabilidade A uditadaESPECIFIC AÇÕES  TÉCNIC ASOs Estabilizador es de Tensão M icroprocessados P erfection MI S2 possuem uma tecnolog ia inédita de duplos con versor es estáticos com módulos IGBT s, de última geração . \nTotalmente contr olado por micr oprocessador DSP – Dig ital Sig nal P rocessor , o estabilizador cor rige instantaneamente qualquer var iação de tensão da r ede elétr ica da \nconcessionár ia, além de atenuar distor ção har mônica, var iações de fr equência e distúr bios elétr icos, gerando uma f orma de onda senoidal pura, e f ornecendo uma linha \nestabilizada ex clusiva e isolada para as aplicações sensív eis.\nA tecnolog ia DSP r ealiza medições em True RMS g raças à amostragem dig ital, sem r etardos ou desvios , com alta v elocidade e confiabilidade . Isso sig nifica que podemos \nproduzir sistemas cada v ez menor es e capaz es de r ealizar mais funções , com elevada confiabilidade .'
 'ESPECIFICAÇÕES TÉCNICAS \nEntrada\nn Tensão: \n    •  3kVA \n100/110/115/120/127 VAC 120V (standard) ou  \n200/208/220/230/240 VAC 220V (standard) \n    •  6kVA / 10kVA\n 200/208/220/230/240 VAC 220V (standard)\nn Variação Admissível:\n   •   3kVA \n55-150 VAC ou 110-300 VAC @ 50% de Carga\n80-150 VAC ou 160-300 VAC @ 100% de Carga\n   •   6kVA / 10kVA \n110-300 VAC @ 50% de Carga\n176-300 VAC @ 100% de Carga \nn Freqüência: 50/60 Hz                           \nn Variação de Freqüência Admissível:   \n    •    3kVA  \n40-70Hz\n    •    6kVA / 10 kVA \n46-54Hz @50Hz e 56-64Hz @60Hz\nn  Configuração:\nMonofásica \nn Fator de Potência:\n≥ 0.99 Tensão nominal (100% de Carga)\nn Distorção Harmônica THDi:\n    •    3kVA\n ≤ 5% @ Tensão de Entrada nominal\n    •    6kVA / 10kVA\n<4% @100% de Carga, <6% @50% de Carga\nSaída\nnTensão: \n    •   3kVA \n100/110/115/120/127 VAC 115V (standard) ou \n200/208/220/230/240 VAC 220V (standard) \n    •   6kVA / 10kVA \n200/208/220/230/240 VAC 220V (standard) \nn Fator de Potência:  1,0\nn Regulação Estática:   ± 1% nominal modo \nbateria\nn Freqüência:   50 / 60 Hz \nn Variação de Freqüência: \n± 0,1Hz em modo bateria\nn Sincronismo com a Rede:   Sim\nn Configuração:   \n Monofásica f+n+t \nn Forma de Onda:   Onda senoidal pura\nn Distorção Harmônica THD:  \n •   3kVA \n    ≤ 2% carga linear \n    ≤ 4% carga não-linear \n •   6kVA / 10kVA \n    ≤ 1% carga linear \n    ≤ 4% carga não-linearBaterias\nn  Composição:  \n    •    72  VDC - 3,0 kVA \n    •     240 VDC - 6,0 kVA \n    •     240 VDC - 10,0 kVA \nn  Sistema de Recarga: \ncontrolado, automático\nn Tempo de Recarga:  \n8 a 10 horas para 90% da carga\nn Tipo: \nseladas, isentas de manutenção\nn  Paralelismo Redundante (N+1) \n»  Disponível nas potências de 6 e 10kVA\nn By-pass estático (inteligente):  \nO termo inteligente aplica-se, visto que a linha \nComposition XV  possui desligamento da saída da \nchave estática em condições que, a tensão da rede \napresenta variações fora da faixa de trabalho, prote -\ngendo a carga contra sub ou sobre tensão mesmo \nna condição de by-pass estático.']","A variação admissível na entrada do estabilizador é de 55-150 VAC ou 110-300 VAC @ 50% de Carga, e de 80-150 VAC ou 160-300 VAC @ 100% de Carga.",Uma ampla faixa de variação admissível,,0.91258578955158,0.99999999995,,0.0
35,Quais as funcionalidades do software IP Power via TCP/IP?,"['monobloco\n   \n    •Painel F rontal: em ABS de alta r esistência\n  \n    • A cabamento: pintura epó xi-pó na cor g rafite\n       com tratamento tér mico e anti- corrosivo\nTransf ormador Isolador : com blindagem\n    eletr ostátican  \nn  \nn   Alarmes\nContr olados pelo pr ocessador DSP\nTipos de Alarmes:\n   \n    •Sonor os: \n       »  A utocheck I nicialização\n       »  Tensão da Rede F ora da F aixa\n       »  Sobr ecar ga de Saída\n       »  F alha I nterna do Estabilizador\n       »  F reqüência da Rede F ora de F aixa\n   \n     •Sinalização: L eds de Status do P ainel\n       »  Rede Nor mal\n       »  Saída Nor mal\n       »  F alhan   \nn   Características de Oper ação\nRuído A udív el: 55 dBA a 60 dBA a 1 metr o\n MTBF (M ean Time Bet ween F ailur es): 50 mil horas\nMTTR (M ean Time To Repair): 30 minutos\nTemperatura Ambiente: \n   \n•Mínimo: 0ºC / M áximo 40ºC\n   \n    •Recomendada: 20ºC a 25ºC\nUmidade Relativa:\n   \n    •0% a 95% sem condensação\n   \n    •Recomendada: 45% a 55%\nAltitude: até 1.800m\n Tipo de Ambiente Recomendado:\n   \n    •Interno, instalação abr igada\n   \n    •Atmosf era: limpa, livr e de par tículas condutivas , \n      gases tó xicos , líquidos e inflamáv eis.\nGrau de P roteção: IP -20n   \nn  \nn   \nn   \n   \nn   \nn    \nn  \nn    \n   2000    2,0       620 X 200 X 600        41  \n   3000    3,0       620 X 200 X 600        43\n   5000    5,0       620 X 200 X 600           47\n   7500    7,5       620 X 200 X 600           61\n 10000  10,0       790 X 400 X 775        119\n 15000  15,0       790 X 400 X 775        147Modelo Potência \nkVADimensões Físicas\nalt x lar g x prof \nmmPeso \nkg\n* Opcional\nCM.MK T MAR 22  -   As especificações estão sujeitas a alterações sem pr évio aviso . Nós incentivamos a r eciclagem\nCertificação de \nSustentabilidade A uditadaESPECIFIC AÇÕES  TÉCNIC ASOs Estabilizador es de Tensão M icroprocessados P erfection MI S2 possuem uma tecnolog ia inédita de duplos con versor es estáticos com módulos IGBT s, de última geração . \nTotalmente contr olado por micr oprocessador DSP – Dig ital Sig nal P rocessor , o estabilizador cor rige instantaneamente qualquer var iação de tensão da r ede elétr ica da \nconcessionár ia, além de atenuar distor ção har mônica, var iações de fr equência e distúr bios elétr icos, gerando uma f orma de onda senoidal pura, e f ornecendo uma linha \nestabilizada ex clusiva e isolada para as aplicações sensív eis.\nA tecnolog ia DSP r ealiza medições em True RMS g raças à amostragem dig ital, sem r etardos ou desvios , com alta v elocidade e confiabilidade . Isso sig nifica que podemos \nproduzir sistemas cada v ez menor es e capaz es de r ealizar mais funções , com elevada confiabilidade .'
 'Alta Tecnolog ia em\nEstabilizador es de Tensão DSP\nDigital Sig nal P rocessor\nOS MAIS  MODERNOS  ESTABILIZADORES CORPORATIVOSVivemos em um mundo cada vez mais ágil e prático . Um mundo unido por processador es, chips , softwares e periféricos, \nmas isso ainda não é o bastant e,  por isso o mundo caminha para tecnolog ias de processament o imediat o de dados . A  \nCM Comandos Linear es está um passo à frente e oferece aos seus client es produt os de alta tecnolog ia digital.\ne, esta tecnolog ia está present e soment e nos mais sofisticados sistemas eletr ônicos, devido à sua alta velocidade e \nconfiabilidade . Isso significa que podemos produzir sistemas cada vez menor es,  mais rápidos , capaz es de realizar mais \nfunções e, ao mesmo tempo , elevar cada vez mais a confiabilidade das nossas soluções .Hoj\nOutr o diferencial  é a capacidade de corrigir as \nvariações extremas de corrente de carga. Esta \ncarac terística propor ciona alta performance e \nconfiabilidade , tornando os Estabilizador es \nPerfection SP  ideais  para cargas que geram \npicos de alta  corrente e que necessitam de \nproteção  e  ener gia estabilizada. \nAo pensar em adquir ir Estabilizador es de \nTensão, conte com as soluções CM \nComandos , que asseguram tecnolog ia de \nponta, máxima proteção , precisão digital e \nprocessament o DSP em tempo real.\nA linha de Estabilizador es de Tensão Perfection Série Premium, utiliza uma tecnolog ia inédita de conversor es estáticos \ncom módulos IGBT s de última geração .  Contr olado por micr oprocessador  DSP,  corrige instantaneament e qualquer \nvariação de tensão da rede elétr ica da concessionár ia, tudo na velocidade de amostragem digital, sem retardos ou \ndesvios .  Todos os setups e configurações são r ealizados por sof tware, além disso ,  possui um ex clusiv o registro log de \neventos, permitindo total rastr eabilidade em caso de anomalias .']","The software in question is not mentioned in the provided context. However, I can tell you that it's a common practice for networked devices to use protocols like HTTP, SSH, or FTP for communication and management. If we were to consider a hypothetical scenario where the device has a web interface, we might expect features such as monitoring, logging, and configuration settings to be accessible via TCP/IP.

In this context, one possible functionality of the software could be remote monitoring and control of the device's status, allowing users to check power consumption, temperature, or other relevant metrics. Additionally, it might provide a way to update firmware, change settings, or perform other administrative tasks remotely.",A resposta à pergunta dada está presente no contexto,,0.0,,,0.0
36,"Aqui está a pergunta que pode ser totalmente respondida a partir do contexto fornecido:

""Qual é o benefício principal do design modular dos No-Break Composition trifásicos?""

Essa pergunta se encaixa no contexto porque menciona especificamente os ""No-Breaks Composition trifásico"" e destaca aspectos importantes desse produto, como a modulação em escalão.","['ESPECIFICAÇÕES TÉCNICAS \nEntrada\nn Tensão: \n    •  3kVA \n100/110/115/120/127 VAC 120V (standard) ou  \n200/208/220/230/240 VAC 220V (standard) \n    •  6kVA / 10kVA\n 200/208/220/230/240 VAC 220V (standard)\nn Variação Admissível:\n   •   3kVA \n55-150 VAC ou 110-300 VAC @ 50% de Carga\n80-150 VAC ou 160-300 VAC @ 100% de Carga\n   •   6kVA / 10kVA \n110-300 VAC @ 50% de Carga\n176-300 VAC @ 100% de Carga \nn Freqüência: 50/60 Hz                           \nn Variação de Freqüência Admissível:   \n    •    3kVA  \n40-70Hz\n    •    6kVA / 10 kVA \n46-54Hz @50Hz e 56-64Hz @60Hz\nn  Configuração:\nMonofásica \nn Fator de Potência:\n≥ 0.99 Tensão nominal (100% de Carga)\nn Distorção Harmônica THDi:\n    •    3kVA\n ≤ 5% @ Tensão de Entrada nominal\n    •    6kVA / 10kVA\n<4% @100% de Carga, <6% @50% de Carga\nSaída\nnTensão: \n    •   3kVA \n100/110/115/120/127 VAC 115V (standard) ou \n200/208/220/230/240 VAC 220V (standard) \n    •   6kVA / 10kVA \n200/208/220/230/240 VAC 220V (standard) \nn Fator de Potência:  1,0\nn Regulação Estática:   ± 1% nominal modo \nbateria\nn Freqüência:   50 / 60 Hz \nn Variação de Freqüência: \n± 0,1Hz em modo bateria\nn Sincronismo com a Rede:   Sim\nn Configuração:   \n Monofásica f+n+t \nn Forma de Onda:   Onda senoidal pura\nn Distorção Harmônica THD:  \n •   3kVA \n    ≤ 2% carga linear \n    ≤ 4% carga não-linear \n •   6kVA / 10kVA \n    ≤ 1% carga linear \n    ≤ 4% carga não-linearBaterias\nn  Composição:  \n    •    72  VDC - 3,0 kVA \n    •     240 VDC - 6,0 kVA \n    •     240 VDC - 10,0 kVA \nn  Sistema de Recarga: \ncontrolado, automático\nn Tempo de Recarga:  \n8 a 10 horas para 90% da carga\nn Tipo: \nseladas, isentas de manutenção\nn  Paralelismo Redundante (N+1) \n»  Disponível nas potências de 6 e 10kVA\nn By-pass estático (inteligente):  \nO termo inteligente aplica-se, visto que a linha \nComposition XV  possui desligamento da saída da \nchave estática em condições que, a tensão da rede \napresenta variações fora da faixa de trabalho, prote -\ngendo a carga contra sub ou sobre tensão mesmo \nna condição de by-pass estático.'
 'monobloco\n   \n    •Painel F rontal: em ABS de alta r esistência\n  \n    • A cabamento: pintura epó xi-pó na cor g rafite\n       com tratamento tér mico e anti- corrosivo\nTransf ormador Isolador : com blindagem\n    eletr ostátican  \nn  \nn   Alarmes\nContr olados pelo pr ocessador DSP\nTipos de Alarmes:\n   \n    •Sonor os: \n       »  A utocheck I nicialização\n       »  Tensão da Rede F ora da F aixa\n       »  Sobr ecar ga de Saída\n       »  F alha I nterna do Estabilizador\n       »  F reqüência da Rede F ora de F aixa\n   \n     •Sinalização: L eds de Status do P ainel\n       »  Rede Nor mal\n       »  Saída Nor mal\n       »  F alhan   \nn   Características de Oper ação\nRuído A udív el: 55 dBA a 60 dBA a 1 metr o\n MTBF (M ean Time Bet ween F ailur es): 50 mil horas\nMTTR (M ean Time To Repair): 30 minutos\nTemperatura Ambiente: \n   \n•Mínimo: 0ºC / M áximo 40ºC\n   \n    •Recomendada: 20ºC a 25ºC\nUmidade Relativa:\n   \n    •0% a 95% sem condensação\n   \n    •Recomendada: 45% a 55%\nAltitude: até 1.800m\n Tipo de Ambiente Recomendado:\n   \n    •Interno, instalação abr igada\n   \n    •Atmosf era: limpa, livr e de par tículas condutivas , \n      gases tó xicos , líquidos e inflamáv eis.\nGrau de P roteção: IP -20n   \nn  \nn   \nn   \n   \nn   \nn    \nn  \nn    \n   2000    2,0       620 X 200 X 600        41  \n   3000    3,0       620 X 200 X 600        43\n   5000    5,0       620 X 200 X 600           47\n   7500    7,5       620 X 200 X 600           61\n 10000  10,0       790 X 400 X 775        119\n 15000  15,0       790 X 400 X 775        147Modelo Potência \nkVADimensões Físicas\nalt x lar g x prof \nmmPeso \nkg\n* Opcional\nCM.MK T MAR 22  -   As especificações estão sujeitas a alterações sem pr évio aviso . Nós incentivamos a r eciclagem\nCertificação de \nSustentabilidade A uditadaESPECIFIC AÇÕES  TÉCNIC ASOs Estabilizador es de Tensão M icroprocessados P erfection MI S2 possuem uma tecnolog ia inédita de duplos con versor es estáticos com módulos IGBT s, de última geração . \nTotalmente contr olado por micr oprocessador DSP – Dig ital Sig nal P rocessor , o estabilizador cor rige instantaneamente qualquer var iação de tensão da r ede elétr ica da \nconcessionár ia, além de atenuar distor ção har mônica, var iações de fr equência e distúr bios elétr icos, gerando uma f orma de onda senoidal pura, e f ornecendo uma linha \nestabilizada ex clusiva e isolada para as aplicações sensív eis.\nA tecnolog ia DSP r ealiza medições em True RMS g raças à amostragem dig ital, sem r etardos ou desvios , com alta v elocidade e confiabilidade . Isso sig nifica que podemos \nproduzir sistemas cada v ez menor es e capaz es de r ealizar mais funções , com elevada confiabilidade .']","A flexibilidade e customização oferecidas pelo design modular permitem que o No-Break Composition seja adaptado às necessidades específicas de diferentes aplicações e ambientes, tornando-o uma solução versátil e eficaz para diversas situações.",A resposta à pergunta dada não está presente no contexto,,0.0,,,0.0
37,"Aqui está uma pergunta que pode ser totalmente respondida a partir do contexto fornecido:

""Qual é o benefício principal da tecnologia Processamento Digital de Sinais (DSP) em sistemas eletrônicos?""

Essa pergunta captura a ideia central do contexto, que enfatiza as vantagens da tecnologia DSP, incluindo alta velocidade e capacidade de processar sinal em tempo real.","['ESPECIFICAÇÕES TÉCNICAS \nEntrada\nn Tensão: \n    •  3kVA \n100/110/115/120/127 VAC 120V (standard) ou  \n200/208/220/230/240 VAC 220V (standard) \n    •  6kVA / 10kVA\n 200/208/220/230/240 VAC 220V (standard)\nn Variação Admissível:\n   •   3kVA \n55-150 VAC ou 110-300 VAC @ 50% de Carga\n80-150 VAC ou 160-300 VAC @ 100% de Carga\n   •   6kVA / 10kVA \n110-300 VAC @ 50% de Carga\n176-300 VAC @ 100% de Carga \nn Freqüência: 50/60 Hz                           \nn Variação de Freqüência Admissível:   \n    •    3kVA  \n40-70Hz\n    •    6kVA / 10 kVA \n46-54Hz @50Hz e 56-64Hz @60Hz\nn  Configuração:\nMonofásica \nn Fator de Potência:\n≥ 0.99 Tensão nominal (100% de Carga)\nn Distorção Harmônica THDi:\n    •    3kVA\n ≤ 5% @ Tensão de Entrada nominal\n    •    6kVA / 10kVA\n<4% @100% de Carga, <6% @50% de Carga\nSaída\nnTensão: \n    •   3kVA \n100/110/115/120/127 VAC 115V (standard) ou \n200/208/220/230/240 VAC 220V (standard) \n    •   6kVA / 10kVA \n200/208/220/230/240 VAC 220V (standard) \nn Fator de Potência:  1,0\nn Regulação Estática:   ± 1% nominal modo \nbateria\nn Freqüência:   50 / 60 Hz \nn Variação de Freqüência: \n± 0,1Hz em modo bateria\nn Sincronismo com a Rede:   Sim\nn Configuração:   \n Monofásica f+n+t \nn Forma de Onda:   Onda senoidal pura\nn Distorção Harmônica THD:  \n •   3kVA \n    ≤ 2% carga linear \n    ≤ 4% carga não-linear \n •   6kVA / 10kVA \n    ≤ 1% carga linear \n    ≤ 4% carga não-linearBaterias\nn  Composição:  \n    •    72  VDC - 3,0 kVA \n    •     240 VDC - 6,0 kVA \n    •     240 VDC - 10,0 kVA \nn  Sistema de Recarga: \ncontrolado, automático\nn Tempo de Recarga:  \n8 a 10 horas para 90% da carga\nn Tipo: \nseladas, isentas de manutenção\nn  Paralelismo Redundante (N+1) \n»  Disponível nas potências de 6 e 10kVA\nn By-pass estático (inteligente):  \nO termo inteligente aplica-se, visto que a linha \nComposition XV  possui desligamento da saída da \nchave estática em condições que, a tensão da rede \napresenta variações fora da faixa de trabalho, prote -\ngendo a carga contra sub ou sobre tensão mesmo \nna condição de by-pass estático.'
 'monobloco\n   \n    •Painel F rontal: em ABS de alta r esistência\n  \n    • A cabamento: pintura epó xi-pó na cor g rafite\n       com tratamento tér mico e anti- corrosivo\nTransf ormador Isolador : com blindagem\n    eletr ostátican  \nn  \nn   Alarmes\nContr olados pelo pr ocessador DSP\nTipos de Alarmes:\n   \n    •Sonor os: \n       »  A utocheck I nicialização\n       »  Tensão da Rede F ora da F aixa\n       »  Sobr ecar ga de Saída\n       »  F alha I nterna do Estabilizador\n       »  F reqüência da Rede F ora de F aixa\n   \n     •Sinalização: L eds de Status do P ainel\n       »  Rede Nor mal\n       »  Saída Nor mal\n       »  F alhan   \nn   Características de Oper ação\nRuído A udív el: 55 dBA a 60 dBA a 1 metr o\n MTBF (M ean Time Bet ween F ailur es): 50 mil horas\nMTTR (M ean Time To Repair): 30 minutos\nTemperatura Ambiente: \n   \n•Mínimo: 0ºC / M áximo 40ºC\n   \n    •Recomendada: 20ºC a 25ºC\nUmidade Relativa:\n   \n    •0% a 95% sem condensação\n   \n    •Recomendada: 45% a 55%\nAltitude: até 1.800m\n Tipo de Ambiente Recomendado:\n   \n    •Interno, instalação abr igada\n   \n    •Atmosf era: limpa, livr e de par tículas condutivas , \n      gases tó xicos , líquidos e inflamáv eis.\nGrau de P roteção: IP -20n   \nn  \nn   \nn   \n   \nn   \nn    \nn  \nn    \n   2000    2,0       620 X 200 X 600        41  \n   3000    3,0       620 X 200 X 600        43\n   5000    5,0       620 X 200 X 600           47\n   7500    7,5       620 X 200 X 600           61\n 10000  10,0       790 X 400 X 775        119\n 15000  15,0       790 X 400 X 775        147Modelo Potência \nkVADimensões Físicas\nalt x lar g x prof \nmmPeso \nkg\n* Opcional\nCM.MK T MAR 22  -   As especificações estão sujeitas a alterações sem pr évio aviso . Nós incentivamos a r eciclagem\nCertificação de \nSustentabilidade A uditadaESPECIFIC AÇÕES  TÉCNIC ASOs Estabilizador es de Tensão M icroprocessados P erfection MI S2 possuem uma tecnolog ia inédita de duplos con versor es estáticos com módulos IGBT s, de última geração . \nTotalmente contr olado por micr oprocessador DSP – Dig ital Sig nal P rocessor , o estabilizador cor rige instantaneamente qualquer var iação de tensão da r ede elétr ica da \nconcessionár ia, além de atenuar distor ção har mônica, var iações de fr equência e distúr bios elétr icos, gerando uma f orma de onda senoidal pura, e f ornecendo uma linha \nestabilizada ex clusiva e isolada para as aplicações sensív eis.\nA tecnolog ia DSP r ealiza medições em True RMS g raças à amostragem dig ital, sem r etardos ou desvios , com alta v elocidade e confiabilidade . Isso sig nifica que podemos \nproduzir sistemas cada v ez menor es e capaz es de r ealizar mais funções , com elevada confiabilidade .']","A tecnologia Processamento Digital de Sinais (DSP) permite realizar medições com alta velocidade e confiabilidade, pois realiza amostragem digital sem retardos ou desvios. Isso significa que os sistemas podem produzir resultados cada vez mais precisos e capazes em tempo real.","A tecnologia Processamento Digital de Sinais (DSP) oferece benefícios como alta velocidade e capacidade de processamento em tempo real, tornando-a essencial nos sistemas eletrônicos modernos.",,0.64786400106805,,,0.0
38,"Aqui está uma pergunta que pode ser totalmente respondida a partir do contexto fornecido:

""Qual é o principal benefício de utilizar tecnologias de processamento digital de sinais (DSP) em sistemas eletrônicos?","['monobloco\n   \n    •Painel F rontal: em ABS de alta r esistência\n  \n    • A cabamento: pintura epó xi-pó na cor g rafite\n       com tratamento tér mico e anti- corrosivo\nTransf ormador Isolador : com blindagem\n    eletr ostátican  \nn  \nn   Alarmes\nContr olados pelo pr ocessador DSP\nTipos de Alarmes:\n   \n    •Sonor os: \n       »  A utocheck I nicialização\n       »  Tensão da Rede F ora da F aixa\n       »  Sobr ecar ga de Saída\n       »  F alha I nterna do Estabilizador\n       »  F reqüência da Rede F ora de F aixa\n   \n     •Sinalização: L eds de Status do P ainel\n       »  Rede Nor mal\n       »  Saída Nor mal\n       »  F alhan   \nn   Características de Oper ação\nRuído A udív el: 55 dBA a 60 dBA a 1 metr o\n MTBF (M ean Time Bet ween F ailur es): 50 mil horas\nMTTR (M ean Time To Repair): 30 minutos\nTemperatura Ambiente: \n   \n•Mínimo: 0ºC / M áximo 40ºC\n   \n    •Recomendada: 20ºC a 25ºC\nUmidade Relativa:\n   \n    •0% a 95% sem condensação\n   \n    •Recomendada: 45% a 55%\nAltitude: até 1.800m\n Tipo de Ambiente Recomendado:\n   \n    •Interno, instalação abr igada\n   \n    •Atmosf era: limpa, livr e de par tículas condutivas , \n      gases tó xicos , líquidos e inflamáv eis.\nGrau de P roteção: IP -20n   \nn  \nn   \nn   \n   \nn   \nn    \nn  \nn    \n   2000    2,0       620 X 200 X 600        41  \n   3000    3,0       620 X 200 X 600        43\n   5000    5,0       620 X 200 X 600           47\n   7500    7,5       620 X 200 X 600           61\n 10000  10,0       790 X 400 X 775        119\n 15000  15,0       790 X 400 X 775        147Modelo Potência \nkVADimensões Físicas\nalt x lar g x prof \nmmPeso \nkg\n* Opcional\nCM.MK T MAR 22  -   As especificações estão sujeitas a alterações sem pr évio aviso . Nós incentivamos a r eciclagem\nCertificação de \nSustentabilidade A uditadaESPECIFIC AÇÕES  TÉCNIC ASOs Estabilizador es de Tensão M icroprocessados P erfection MI S2 possuem uma tecnolog ia inédita de duplos con versor es estáticos com módulos IGBT s, de última geração . \nTotalmente contr olado por micr oprocessador DSP – Dig ital Sig nal P rocessor , o estabilizador cor rige instantaneamente qualquer var iação de tensão da r ede elétr ica da \nconcessionár ia, além de atenuar distor ção har mônica, var iações de fr equência e distúr bios elétr icos, gerando uma f orma de onda senoidal pura, e f ornecendo uma linha \nestabilizada ex clusiva e isolada para as aplicações sensív eis.\nA tecnolog ia DSP r ealiza medições em True RMS g raças à amostragem dig ital, sem r etardos ou desvios , com alta v elocidade e confiabilidade . Isso sig nifica que podemos \nproduzir sistemas cada v ez menor es e capaz es de r ealizar mais funções , com elevada confiabilidade .'
 'ESPECIFICAÇÕES TÉCNICAS \nEntrada\nn Tensão: \n    •  3kVA \n100/110/115/120/127 VAC 120V (standard) ou  \n200/208/220/230/240 VAC 220V (standard) \n    •  6kVA / 10kVA\n 200/208/220/230/240 VAC 220V (standard)\nn Variação Admissível:\n   •   3kVA \n55-150 VAC ou 110-300 VAC @ 50% de Carga\n80-150 VAC ou 160-300 VAC @ 100% de Carga\n   •   6kVA / 10kVA \n110-300 VAC @ 50% de Carga\n176-300 VAC @ 100% de Carga \nn Freqüência: 50/60 Hz                           \nn Variação de Freqüência Admissível:   \n    •    3kVA  \n40-70Hz\n    •    6kVA / 10 kVA \n46-54Hz @50Hz e 56-64Hz @60Hz\nn  Configuração:\nMonofásica \nn Fator de Potência:\n≥ 0.99 Tensão nominal (100% de Carga)\nn Distorção Harmônica THDi:\n    •    3kVA\n ≤ 5% @ Tensão de Entrada nominal\n    •    6kVA / 10kVA\n<4% @100% de Carga, <6% @50% de Carga\nSaída\nnTensão: \n    •   3kVA \n100/110/115/120/127 VAC 115V (standard) ou \n200/208/220/230/240 VAC 220V (standard) \n    •   6kVA / 10kVA \n200/208/220/230/240 VAC 220V (standard) \nn Fator de Potência:  1,0\nn Regulação Estática:   ± 1% nominal modo \nbateria\nn Freqüência:   50 / 60 Hz \nn Variação de Freqüência: \n± 0,1Hz em modo bateria\nn Sincronismo com a Rede:   Sim\nn Configuração:   \n Monofásica f+n+t \nn Forma de Onda:   Onda senoidal pura\nn Distorção Harmônica THD:  \n •   3kVA \n    ≤ 2% carga linear \n    ≤ 4% carga não-linear \n •   6kVA / 10kVA \n    ≤ 1% carga linear \n    ≤ 4% carga não-linearBaterias\nn  Composição:  \n    •    72  VDC - 3,0 kVA \n    •     240 VDC - 6,0 kVA \n    •     240 VDC - 10,0 kVA \nn  Sistema de Recarga: \ncontrolado, automático\nn Tempo de Recarga:  \n8 a 10 horas para 90% da carga\nn Tipo: \nseladas, isentas de manutenção\nn  Paralelismo Redundante (N+1) \n»  Disponível nas potências de 6 e 10kVA\nn By-pass estático (inteligente):  \nO termo inteligente aplica-se, visto que a linha \nComposition XV  possui desligamento da saída da \nchave estática em condições que, a tensão da rede \napresenta variações fora da faixa de trabalho, prote -\ngendo a carga contra sub ou sobre tensão mesmo \nna condição de by-pass estático.']","O principal benefício da utilização de tecnologias de processamento digital de sinais (DSP) em sistemas eletrônicos é a capacidade de realizar medições em True RMS, sem retardos ou desvios, com alta velocidade e confiabilidade. Isso permite produzir sistemas cada vez menores e capazes de realizar mais funções, com elevada confiabilidade.",A resposta à pergunta dada está presente no contexto,,,,,1.0
39,Qual é a duração estimada da autonomia da NVRAM do sistema?,"['monobloco\n   \n    •Painel F rontal: em ABS de alta r esistência\n  \n    • A cabamento: pintura epó xi-pó na cor g rafite\n       com tratamento tér mico e anti- corrosivo\nTransf ormador Isolador : com blindagem\n    eletr ostátican  \nn  \nn   Alarmes\nContr olados pelo pr ocessador DSP\nTipos de Alarmes:\n   \n    •Sonor os: \n       »  A utocheck I nicialização\n       »  Tensão da Rede F ora da F aixa\n       »  Sobr ecar ga de Saída\n       »  F alha I nterna do Estabilizador\n       »  F reqüência da Rede F ora de F aixa\n   \n     •Sinalização: L eds de Status do P ainel\n       »  Rede Nor mal\n       »  Saída Nor mal\n       »  F alhan   \nn   Características de Oper ação\nRuído A udív el: 55 dBA a 60 dBA a 1 metr o\n MTBF (M ean Time Bet ween F ailur es): 50 mil horas\nMTTR (M ean Time To Repair): 30 minutos\nTemperatura Ambiente: \n   \n•Mínimo: 0ºC / M áximo 40ºC\n   \n    •Recomendada: 20ºC a 25ºC\nUmidade Relativa:\n   \n    •0% a 95% sem condensação\n   \n    •Recomendada: 45% a 55%\nAltitude: até 1.800m\n Tipo de Ambiente Recomendado:\n   \n    •Interno, instalação abr igada\n   \n    •Atmosf era: limpa, livr e de par tículas condutivas , \n      gases tó xicos , líquidos e inflamáv eis.\nGrau de P roteção: IP -20n   \nn  \nn   \nn   \n   \nn   \nn    \nn  \nn    \n   2000    2,0       620 X 200 X 600        41  \n   3000    3,0       620 X 200 X 600        43\n   5000    5,0       620 X 200 X 600           47\n   7500    7,5       620 X 200 X 600           61\n 10000  10,0       790 X 400 X 775        119\n 15000  15,0       790 X 400 X 775        147Modelo Potência \nkVADimensões Físicas\nalt x lar g x prof \nmmPeso \nkg\n* Opcional\nCM.MK T MAR 22  -   As especificações estão sujeitas a alterações sem pr évio aviso . Nós incentivamos a r eciclagem\nCertificação de \nSustentabilidade A uditadaESPECIFIC AÇÕES  TÉCNIC ASOs Estabilizador es de Tensão M icroprocessados P erfection MI S2 possuem uma tecnolog ia inédita de duplos con versor es estáticos com módulos IGBT s, de última geração . \nTotalmente contr olado por micr oprocessador DSP – Dig ital Sig nal P rocessor , o estabilizador cor rige instantaneamente qualquer var iação de tensão da r ede elétr ica da \nconcessionár ia, além de atenuar distor ção har mônica, var iações de fr equência e distúr bios elétr icos, gerando uma f orma de onda senoidal pura, e f ornecendo uma linha \nestabilizada ex clusiva e isolada para as aplicações sensív eis.\nA tecnolog ia DSP r ealiza medições em True RMS g raças à amostragem dig ital, sem r etardos ou desvios , com alta v elocidade e confiabilidade . Isso sig nifica que podemos \nproduzir sistemas cada v ez menor es e capaz es de r ealizar mais funções , com elevada confiabilidade .'
 'ESPECIFICAÇÕES TÉCNICAS \nEntrada\nn Tensão: \n    •  3kVA \n100/110/115/120/127 VAC 120V (standard) ou  \n200/208/220/230/240 VAC 220V (standard) \n    •  6kVA / 10kVA\n 200/208/220/230/240 VAC 220V (standard)\nn Variação Admissível:\n   •   3kVA \n55-150 VAC ou 110-300 VAC @ 50% de Carga\n80-150 VAC ou 160-300 VAC @ 100% de Carga\n   •   6kVA / 10kVA \n110-300 VAC @ 50% de Carga\n176-300 VAC @ 100% de Carga \nn Freqüência: 50/60 Hz                           \nn Variação de Freqüência Admissível:   \n    •    3kVA  \n40-70Hz\n    •    6kVA / 10 kVA \n46-54Hz @50Hz e 56-64Hz @60Hz\nn  Configuração:\nMonofásica \nn Fator de Potência:\n≥ 0.99 Tensão nominal (100% de Carga)\nn Distorção Harmônica THDi:\n    •    3kVA\n ≤ 5% @ Tensão de Entrada nominal\n    •    6kVA / 10kVA\n<4% @100% de Carga, <6% @50% de Carga\nSaída\nnTensão: \n    •   3kVA \n100/110/115/120/127 VAC 115V (standard) ou \n200/208/220/230/240 VAC 220V (standard) \n    •   6kVA / 10kVA \n200/208/220/230/240 VAC 220V (standard) \nn Fator de Potência:  1,0\nn Regulação Estática:   ± 1% nominal modo \nbateria\nn Freqüência:   50 / 60 Hz \nn Variação de Freqüência: \n± 0,1Hz em modo bateria\nn Sincronismo com a Rede:   Sim\nn Configuração:   \n Monofásica f+n+t \nn Forma de Onda:   Onda senoidal pura\nn Distorção Harmônica THD:  \n •   3kVA \n    ≤ 2% carga linear \n    ≤ 4% carga não-linear \n •   6kVA / 10kVA \n    ≤ 1% carga linear \n    ≤ 4% carga não-linearBaterias\nn  Composição:  \n    •    72  VDC - 3,0 kVA \n    •     240 VDC - 6,0 kVA \n    •     240 VDC - 10,0 kVA \nn  Sistema de Recarga: \ncontrolado, automático\nn Tempo de Recarga:  \n8 a 10 horas para 90% da carga\nn Tipo: \nseladas, isentas de manutenção\nn  Paralelismo Redundante (N+1) \n»  Disponível nas potências de 6 e 10kVA\nn By-pass estático (inteligente):  \nO termo inteligente aplica-se, visto que a linha \nComposition XV  possui desligamento da saída da \nchave estática em condições que, a tensão da rede \napresenta variações fora da faixa de trabalho, prote -\ngendo a carga contra sub ou sobre tensão mesmo \nna condição de by-pass estático.']",A duração estimada da autonomia da NVRAM do sistema é de aproximadamente 50 mil horas.,A resposta à pergunta dada está presente no contexto,,0.9133401745029928,,,1.0
40,"Aqui está uma pergunta que pode ser totalmente respondida a partir do contexto fornecido, usando o tópico ""Potências Disponíveis"":

""Quais são as potências disponíveis para escolha no modelo de transformadores elétricos?""

Essa pergunta é direta e clara, e pode ser respondida facilmente com base nos valores listados na tabela do contexto, que especificam as diferentes potências disponíveis (10/15/20/30/40/50/75/100/150/200/250/300/400/500 kVA).","['monobloco\n   \n    •Painel F rontal: em ABS de alta r esistência\n  \n    • A cabamento: pintura epó xi-pó na cor g rafite\n       com tratamento tér mico e anti- corrosivo\nTransf ormador Isolador : com blindagem\n    eletr ostátican  \nn  \nn   Alarmes\nContr olados pelo pr ocessador DSP\nTipos de Alarmes:\n   \n    •Sonor os: \n       »  A utocheck I nicialização\n       »  Tensão da Rede F ora da F aixa\n       »  Sobr ecar ga de Saída\n       »  F alha I nterna do Estabilizador\n       »  F reqüência da Rede F ora de F aixa\n   \n     •Sinalização: L eds de Status do P ainel\n       »  Rede Nor mal\n       »  Saída Nor mal\n       »  F alhan   \nn   Características de Oper ação\nRuído A udív el: 55 dBA a 60 dBA a 1 metr o\n MTBF (M ean Time Bet ween F ailur es): 50 mil horas\nMTTR (M ean Time To Repair): 30 minutos\nTemperatura Ambiente: \n   \n•Mínimo: 0ºC / M áximo 40ºC\n   \n    •Recomendada: 20ºC a 25ºC\nUmidade Relativa:\n   \n    •0% a 95% sem condensação\n   \n    •Recomendada: 45% a 55%\nAltitude: até 1.800m\n Tipo de Ambiente Recomendado:\n   \n    •Interno, instalação abr igada\n   \n    •Atmosf era: limpa, livr e de par tículas condutivas , \n      gases tó xicos , líquidos e inflamáv eis.\nGrau de P roteção: IP -20n   \nn  \nn   \nn   \n   \nn   \nn    \nn  \nn    \n   2000    2,0       620 X 200 X 600        41  \n   3000    3,0       620 X 200 X 600        43\n   5000    5,0       620 X 200 X 600           47\n   7500    7,5       620 X 200 X 600           61\n 10000  10,0       790 X 400 X 775        119\n 15000  15,0       790 X 400 X 775        147Modelo Potência \nkVADimensões Físicas\nalt x lar g x prof \nmmPeso \nkg\n* Opcional\nCM.MK T MAR 22  -   As especificações estão sujeitas a alterações sem pr évio aviso . Nós incentivamos a r eciclagem\nCertificação de \nSustentabilidade A uditadaESPECIFIC AÇÕES  TÉCNIC ASOs Estabilizador es de Tensão M icroprocessados P erfection MI S2 possuem uma tecnolog ia inédita de duplos con versor es estáticos com módulos IGBT s, de última geração . \nTotalmente contr olado por micr oprocessador DSP – Dig ital Sig nal P rocessor , o estabilizador cor rige instantaneamente qualquer var iação de tensão da r ede elétr ica da \nconcessionár ia, além de atenuar distor ção har mônica, var iações de fr equência e distúr bios elétr icos, gerando uma f orma de onda senoidal pura, e f ornecendo uma linha \nestabilizada ex clusiva e isolada para as aplicações sensív eis.\nA tecnolog ia DSP r ealiza medições em True RMS g raças à amostragem dig ital, sem r etardos ou desvios , com alta v elocidade e confiabilidade . Isso sig nifica que podemos \nproduzir sistemas cada v ez menor es e capaz es de r ealizar mais funções , com elevada confiabilidade .'
 'ESPECIFICAÇÕES TÉCNICAS \nEntrada\nn Tensão: \n    •  3kVA \n100/110/115/120/127 VAC 120V (standard) ou  \n200/208/220/230/240 VAC 220V (standard) \n    •  6kVA / 10kVA\n 200/208/220/230/240 VAC 220V (standard)\nn Variação Admissível:\n   •   3kVA \n55-150 VAC ou 110-300 VAC @ 50% de Carga\n80-150 VAC ou 160-300 VAC @ 100% de Carga\n   •   6kVA / 10kVA \n110-300 VAC @ 50% de Carga\n176-300 VAC @ 100% de Carga \nn Freqüência: 50/60 Hz                           \nn Variação de Freqüência Admissível:   \n    •    3kVA  \n40-70Hz\n    •    6kVA / 10 kVA \n46-54Hz @50Hz e 56-64Hz @60Hz\nn  Configuração:\nMonofásica \nn Fator de Potência:\n≥ 0.99 Tensão nominal (100% de Carga)\nn Distorção Harmônica THDi:\n    •    3kVA\n ≤ 5% @ Tensão de Entrada nominal\n    •    6kVA / 10kVA\n<4% @100% de Carga, <6% @50% de Carga\nSaída\nnTensão: \n    •   3kVA \n100/110/115/120/127 VAC 115V (standard) ou \n200/208/220/230/240 VAC 220V (standard) \n    •   6kVA / 10kVA \n200/208/220/230/240 VAC 220V (standard) \nn Fator de Potência:  1,0\nn Regulação Estática:   ± 1% nominal modo \nbateria\nn Freqüência:   50 / 60 Hz \nn Variação de Freqüência: \n± 0,1Hz em modo bateria\nn Sincronismo com a Rede:   Sim\nn Configuração:   \n Monofásica f+n+t \nn Forma de Onda:   Onda senoidal pura\nn Distorção Harmônica THD:  \n •   3kVA \n    ≤ 2% carga linear \n    ≤ 4% carga não-linear \n •   6kVA / 10kVA \n    ≤ 1% carga linear \n    ≤ 4% carga não-linearBaterias\nn  Composição:  \n    •    72  VDC - 3,0 kVA \n    •     240 VDC - 6,0 kVA \n    •     240 VDC - 10,0 kVA \nn  Sistema de Recarga: \ncontrolado, automático\nn Tempo de Recarga:  \n8 a 10 horas para 90% da carga\nn Tipo: \nseladas, isentas de manutenção\nn  Paralelismo Redundante (N+1) \n»  Disponível nas potências de 6 e 10kVA\nn By-pass estático (inteligente):  \nO termo inteligente aplica-se, visto que a linha \nComposition XV  possui desligamento da saída da \nchave estática em condições que, a tensão da rede \napresenta variações fora da faixa de trabalho, prote -\ngendo a carga contra sub ou sobre tensão mesmo \nna condição de by-pass estático.']","As potências disponíveis para escolha no modelo de transformadores elétricos são: 3,0; 5,0; 7,5 e 10,0 kVA.","As potências disponíveis para escolha no modelo de transformadores elétricos incluem 10, 15, 20, 30, 40, 50, 75, 100, 150, 200, 250, 300, 400 e 500 kVA.",,0.6622261325796831,,,0.0
41,"Qual é a vantagem de ter equipamentos que podem ser atualizados, acrescentando novas funções em unidades já instaladas?","['monobloco\n   \n    •Painel F rontal: em ABS de alta r esistência\n  \n    • A cabamento: pintura epó xi-pó na cor g rafite\n       com tratamento tér mico e anti- corrosivo\nTransf ormador Isolador : com blindagem\n    eletr ostátican  \nn  \nn   Alarmes\nContr olados pelo pr ocessador DSP\nTipos de Alarmes:\n   \n    •Sonor os: \n       »  A utocheck I nicialização\n       »  Tensão da Rede F ora da F aixa\n       »  Sobr ecar ga de Saída\n       »  F alha I nterna do Estabilizador\n       »  F reqüência da Rede F ora de F aixa\n   \n     •Sinalização: L eds de Status do P ainel\n       »  Rede Nor mal\n       »  Saída Nor mal\n       »  F alhan   \nn   Características de Oper ação\nRuído A udív el: 55 dBA a 60 dBA a 1 metr o\n MTBF (M ean Time Bet ween F ailur es): 50 mil horas\nMTTR (M ean Time To Repair): 30 minutos\nTemperatura Ambiente: \n   \n•Mínimo: 0ºC / M áximo 40ºC\n   \n    •Recomendada: 20ºC a 25ºC\nUmidade Relativa:\n   \n    •0% a 95% sem condensação\n   \n    •Recomendada: 45% a 55%\nAltitude: até 1.800m\n Tipo de Ambiente Recomendado:\n   \n    •Interno, instalação abr igada\n   \n    •Atmosf era: limpa, livr e de par tículas condutivas , \n      gases tó xicos , líquidos e inflamáv eis.\nGrau de P roteção: IP -20n   \nn  \nn   \nn   \n   \nn   \nn    \nn  \nn    \n   2000    2,0       620 X 200 X 600        41  \n   3000    3,0       620 X 200 X 600        43\n   5000    5,0       620 X 200 X 600           47\n   7500    7,5       620 X 200 X 600           61\n 10000  10,0       790 X 400 X 775        119\n 15000  15,0       790 X 400 X 775        147Modelo Potência \nkVADimensões Físicas\nalt x lar g x prof \nmmPeso \nkg\n* Opcional\nCM.MK T MAR 22  -   As especificações estão sujeitas a alterações sem pr évio aviso . Nós incentivamos a r eciclagem\nCertificação de \nSustentabilidade A uditadaESPECIFIC AÇÕES  TÉCNIC ASOs Estabilizador es de Tensão M icroprocessados P erfection MI S2 possuem uma tecnolog ia inédita de duplos con versor es estáticos com módulos IGBT s, de última geração . \nTotalmente contr olado por micr oprocessador DSP – Dig ital Sig nal P rocessor , o estabilizador cor rige instantaneamente qualquer var iação de tensão da r ede elétr ica da \nconcessionár ia, além de atenuar distor ção har mônica, var iações de fr equência e distúr bios elétr icos, gerando uma f orma de onda senoidal pura, e f ornecendo uma linha \nestabilizada ex clusiva e isolada para as aplicações sensív eis.\nA tecnolog ia DSP r ealiza medições em True RMS g raças à amostragem dig ital, sem r etardos ou desvios , com alta v elocidade e confiabilidade . Isso sig nifica que podemos \nproduzir sistemas cada v ez menor es e capaz es de r ealizar mais funções , com elevada confiabilidade .'
 'Alta Tecnolog ia em\nEstabilizador es de Tensão DSP\nDigital Sig nal P rocessor\nOS MAIS  MODERNOS  ESTABILIZADORES CORPORATIVOSVivemos em um mundo cada vez mais ágil e prático . Um mundo unido por processador es, chips , softwares e periféricos, \nmas isso ainda não é o bastant e,  por isso o mundo caminha para tecnolog ias de processament o imediat o de dados . A  \nCM Comandos Linear es está um passo à frente e oferece aos seus client es produt os de alta tecnolog ia digital.\ne, esta tecnolog ia está present e soment e nos mais sofisticados sistemas eletr ônicos, devido à sua alta velocidade e \nconfiabilidade . Isso significa que podemos produzir sistemas cada vez menor es,  mais rápidos , capaz es de realizar mais \nfunções e, ao mesmo tempo , elevar cada vez mais a confiabilidade das nossas soluções .Hoj\nOutr o diferencial  é a capacidade de corrigir as \nvariações extremas de corrente de carga. Esta \ncarac terística propor ciona alta performance e \nconfiabilidade , tornando os Estabilizador es \nPerfection SP  ideais  para cargas que geram \npicos de alta  corrente e que necessitam de \nproteção  e  ener gia estabilizada. \nAo pensar em adquir ir Estabilizador es de \nTensão, conte com as soluções CM \nComandos , que asseguram tecnolog ia de \nponta, máxima proteção , precisão digital e \nprocessament o DSP em tempo real.\nA linha de Estabilizador es de Tensão Perfection Série Premium, utiliza uma tecnolog ia inédita de conversor es estáticos \ncom módulos IGBT s de última geração .  Contr olado por micr oprocessador  DSP,  corrige instantaneament e qualquer \nvariação de tensão da rede elétr ica da concessionár ia, tudo na velocidade de amostragem digital, sem retardos ou \ndesvios .  Todos os setups e configurações são r ealizados por sof tware, além disso ,  possui um ex clusiv o registro log de \neventos, permitindo total rastr eabilidade em caso de anomalias .']","A capacidade de adicionar novas funcionalidades a equipamentos existentes sem precisar substituí-los inteiramente, permitindo assim uma maior flexibilidade e escalabilidade. Além disso, essa abordagem pode reduzir custos e minimizar o tempo de paralisação dos sistemas em operação.","A alta tecnologia e confiabilidade dos No-Breaks Corporativos, que permitem a atualização de equipamentos para adicionar novas funções às unidades já instaladas, é uma das principais vantagens desse tipo de sistema.",,0.0,,,0.0
42,Qual é o significado de SP1 em No-Break D O M I N I O N?,"['monobloco\n   \n    •Painel F rontal: em ABS de alta r esistência\n  \n    • A cabamento: pintura epó xi-pó na cor g rafite\n       com tratamento tér mico e anti- corrosivo\nTransf ormador Isolador : com blindagem\n    eletr ostátican  \nn  \nn   Alarmes\nContr olados pelo pr ocessador DSP\nTipos de Alarmes:\n   \n    •Sonor os: \n       »  A utocheck I nicialização\n       »  Tensão da Rede F ora da F aixa\n       »  Sobr ecar ga de Saída\n       »  F alha I nterna do Estabilizador\n       »  F reqüência da Rede F ora de F aixa\n   \n     •Sinalização: L eds de Status do P ainel\n       »  Rede Nor mal\n       »  Saída Nor mal\n       »  F alhan   \nn   Características de Oper ação\nRuído A udív el: 55 dBA a 60 dBA a 1 metr o\n MTBF (M ean Time Bet ween F ailur es): 50 mil horas\nMTTR (M ean Time To Repair): 30 minutos\nTemperatura Ambiente: \n   \n•Mínimo: 0ºC / M áximo 40ºC\n   \n    •Recomendada: 20ºC a 25ºC\nUmidade Relativa:\n   \n    •0% a 95% sem condensação\n   \n    •Recomendada: 45% a 55%\nAltitude: até 1.800m\n Tipo de Ambiente Recomendado:\n   \n    •Interno, instalação abr igada\n   \n    •Atmosf era: limpa, livr e de par tículas condutivas , \n      gases tó xicos , líquidos e inflamáv eis.\nGrau de P roteção: IP -20n   \nn  \nn   \nn   \n   \nn   \nn    \nn  \nn    \n   2000    2,0       620 X 200 X 600        41  \n   3000    3,0       620 X 200 X 600        43\n   5000    5,0       620 X 200 X 600           47\n   7500    7,5       620 X 200 X 600           61\n 10000  10,0       790 X 400 X 775        119\n 15000  15,0       790 X 400 X 775        147Modelo Potência \nkVADimensões Físicas\nalt x lar g x prof \nmmPeso \nkg\n* Opcional\nCM.MK T MAR 22  -   As especificações estão sujeitas a alterações sem pr évio aviso . Nós incentivamos a r eciclagem\nCertificação de \nSustentabilidade A uditadaESPECIFIC AÇÕES  TÉCNIC ASOs Estabilizador es de Tensão M icroprocessados P erfection MI S2 possuem uma tecnolog ia inédita de duplos con versor es estáticos com módulos IGBT s, de última geração . \nTotalmente contr olado por micr oprocessador DSP – Dig ital Sig nal P rocessor , o estabilizador cor rige instantaneamente qualquer var iação de tensão da r ede elétr ica da \nconcessionár ia, além de atenuar distor ção har mônica, var iações de fr equência e distúr bios elétr icos, gerando uma f orma de onda senoidal pura, e f ornecendo uma linha \nestabilizada ex clusiva e isolada para as aplicações sensív eis.\nA tecnolog ia DSP r ealiza medições em True RMS g raças à amostragem dig ital, sem r etardos ou desvios , com alta v elocidade e confiabilidade . Isso sig nifica que podemos \nproduzir sistemas cada v ez menor es e capaz es de r ealizar mais funções , com elevada confiabilidade .'
 'Banco de Baterias  \n \n \n \nCuidados com as Baterias  \n \nAs baterias são componentes eletroquímicos e a sua utilização \ndeve ser realizada exclusivamente por técnicos treinados e habilitados.  \nA armazenagem e utilização deve respeitar as condições de \ntemperatur a ambiente, nunca superior a 30° C, sob pena de reduzir as \nsuas características eletroquímicas e consequentemente, a sua vida \nútil. \nAlém disso, possuem em seu interior, componentes químicos \nque podem contaminar o meio ambiente e causar danos à saúde \nhumana.  \nPor este motivo, jamais devem ser abertas e suas partes \ninternas desmontadas.   \nAo término da sua vida útil, após a sua reposição, deve ser realizado o \ndescarte apropriado, enviado o produt o à reciclagem adequada.  \nInforme -se sobre postos de coleta e descarte de baterias na sua \nregião ou se preferir, entre em contato com a nossa Assistência \nTécnica.']","Nesse contexto específico, não há menção a algo chamado ""SP1"" ou ""No-Break D O M I N I O N"". Porém, ao ler sobre características técnicas de equipamentos eletroeletrônicos, é comum encontrar siglas e abreviações que indicam especificações ou modelos. Portanto, sem mais contexto, não posso fornecer uma resposta precisa para a pergunta ""Qual é o significado de SP1 em No-Break D O M I N I O N?"".",A resposta à pergunta dada não está presente no contexto,,0.0,0.0,,
43,"Aqui está uma sugestão para a pergunta:

""Sob quais circunstâncias, o sistema paralelo multiativo do No-Break pode ser utilizado?""

Essa pergunta é direta e se relaciona diretamente com o conteúdo fornecido sobre as características do sistema. Além disso, ela não requer conhecimento específico ou contexto adicional para ser respondida.","['monobloco\n   \n    •Painel F rontal: em ABS de alta r esistência\n  \n    • A cabamento: pintura epó xi-pó na cor g rafite\n       com tratamento tér mico e anti- corrosivo\nTransf ormador Isolador : com blindagem\n    eletr ostátican  \nn  \nn   Alarmes\nContr olados pelo pr ocessador DSP\nTipos de Alarmes:\n   \n    •Sonor os: \n       »  A utocheck I nicialização\n       »  Tensão da Rede F ora da F aixa\n       »  Sobr ecar ga de Saída\n       »  F alha I nterna do Estabilizador\n       »  F reqüência da Rede F ora de F aixa\n   \n     •Sinalização: L eds de Status do P ainel\n       »  Rede Nor mal\n       »  Saída Nor mal\n       »  F alhan   \nn   Características de Oper ação\nRuído A udív el: 55 dBA a 60 dBA a 1 metr o\n MTBF (M ean Time Bet ween F ailur es): 50 mil horas\nMTTR (M ean Time To Repair): 30 minutos\nTemperatura Ambiente: \n   \n•Mínimo: 0ºC / M áximo 40ºC\n   \n    •Recomendada: 20ºC a 25ºC\nUmidade Relativa:\n   \n    •0% a 95% sem condensação\n   \n    •Recomendada: 45% a 55%\nAltitude: até 1.800m\n Tipo de Ambiente Recomendado:\n   \n    •Interno, instalação abr igada\n   \n    •Atmosf era: limpa, livr e de par tículas condutivas , \n      gases tó xicos , líquidos e inflamáv eis.\nGrau de P roteção: IP -20n   \nn  \nn   \nn   \n   \nn   \nn    \nn  \nn    \n   2000    2,0       620 X 200 X 600        41  \n   3000    3,0       620 X 200 X 600        43\n   5000    5,0       620 X 200 X 600           47\n   7500    7,5       620 X 200 X 600           61\n 10000  10,0       790 X 400 X 775        119\n 15000  15,0       790 X 400 X 775        147Modelo Potência \nkVADimensões Físicas\nalt x lar g x prof \nmmPeso \nkg\n* Opcional\nCM.MK T MAR 22  -   As especificações estão sujeitas a alterações sem pr évio aviso . Nós incentivamos a r eciclagem\nCertificação de \nSustentabilidade A uditadaESPECIFIC AÇÕES  TÉCNIC ASOs Estabilizador es de Tensão M icroprocessados P erfection MI S2 possuem uma tecnolog ia inédita de duplos con versor es estáticos com módulos IGBT s, de última geração . \nTotalmente contr olado por micr oprocessador DSP – Dig ital Sig nal P rocessor , o estabilizador cor rige instantaneamente qualquer var iação de tensão da r ede elétr ica da \nconcessionár ia, além de atenuar distor ção har mônica, var iações de fr equência e distúr bios elétr icos, gerando uma f orma de onda senoidal pura, e f ornecendo uma linha \nestabilizada ex clusiva e isolada para as aplicações sensív eis.\nA tecnolog ia DSP r ealiza medições em True RMS g raças à amostragem dig ital, sem r etardos ou desvios , com alta v elocidade e confiabilidade . Isso sig nifica que podemos \nproduzir sistemas cada v ez menor es e capaz es de r ealizar mais funções , com elevada confiabilidade .'
 'ESPECIFICAÇÕES TÉCNICAS \nEntrada\nn Tensão: \n    •  3kVA \n100/110/115/120/127 VAC 120V (standard) ou  \n200/208/220/230/240 VAC 220V (standard) \n    •  6kVA / 10kVA\n 200/208/220/230/240 VAC 220V (standard)\nn Variação Admissível:\n   •   3kVA \n55-150 VAC ou 110-300 VAC @ 50% de Carga\n80-150 VAC ou 160-300 VAC @ 100% de Carga\n   •   6kVA / 10kVA \n110-300 VAC @ 50% de Carga\n176-300 VAC @ 100% de Carga \nn Freqüência: 50/60 Hz                           \nn Variação de Freqüência Admissível:   \n    •    3kVA  \n40-70Hz\n    •    6kVA / 10 kVA \n46-54Hz @50Hz e 56-64Hz @60Hz\nn  Configuração:\nMonofásica \nn Fator de Potência:\n≥ 0.99 Tensão nominal (100% de Carga)\nn Distorção Harmônica THDi:\n    •    3kVA\n ≤ 5% @ Tensão de Entrada nominal\n    •    6kVA / 10kVA\n<4% @100% de Carga, <6% @50% de Carga\nSaída\nnTensão: \n    •   3kVA \n100/110/115/120/127 VAC 115V (standard) ou \n200/208/220/230/240 VAC 220V (standard) \n    •   6kVA / 10kVA \n200/208/220/230/240 VAC 220V (standard) \nn Fator de Potência:  1,0\nn Regulação Estática:   ± 1% nominal modo \nbateria\nn Freqüência:   50 / 60 Hz \nn Variação de Freqüência: \n± 0,1Hz em modo bateria\nn Sincronismo com a Rede:   Sim\nn Configuração:   \n Monofásica f+n+t \nn Forma de Onda:   Onda senoidal pura\nn Distorção Harmônica THD:  \n •   3kVA \n    ≤ 2% carga linear \n    ≤ 4% carga não-linear \n •   6kVA / 10kVA \n    ≤ 1% carga linear \n    ≤ 4% carga não-linearBaterias\nn  Composição:  \n    •    72  VDC - 3,0 kVA \n    •     240 VDC - 6,0 kVA \n    •     240 VDC - 10,0 kVA \nn  Sistema de Recarga: \ncontrolado, automático\nn Tempo de Recarga:  \n8 a 10 horas para 90% da carga\nn Tipo: \nseladas, isentas de manutenção\nn  Paralelismo Redundante (N+1) \n»  Disponível nas potências de 6 e 10kVA\nn By-pass estático (inteligente):  \nO termo inteligente aplica-se, visto que a linha \nComposition XV  possui desligamento da saída da \nchave estática em condições que, a tensão da rede \napresenta variações fora da faixa de trabalho, prote -\ngendo a carga contra sub ou sobre tensão mesmo \nna condição de by-pass estático.']","O sistema paralelo multiativo do No-Break pode ser utilizado em situações de emergência ou falha de um dos módulos, permitindo que a carga seja mantida online e sem interrupção. Além disso, também pode ser utilizado para aumentar a capacidade de processamento da carga, fornecendo uma solução redundante e flexível.","O Bypass Estático de Manutenção do No-Break pode ser utilizado em quaisquer situações, permitindo a transf erência e o r etorno da car ga do No -Break para um cir cuito alter nativ o de f ornecimento de ener gia durante atividades de manutenção, sem interrupções no fornecimento de energia.",,0.0,,,0.0
44,Qual é o tempo médio até que a reparação seja feita (MTTR) em um No-Break?,"['monobloco\n   \n    •Painel F rontal: em ABS de alta r esistência\n  \n    • A cabamento: pintura epó xi-pó na cor g rafite\n       com tratamento tér mico e anti- corrosivo\nTransf ormador Isolador : com blindagem\n    eletr ostátican  \nn  \nn   Alarmes\nContr olados pelo pr ocessador DSP\nTipos de Alarmes:\n   \n    •Sonor os: \n       »  A utocheck I nicialização\n       »  Tensão da Rede F ora da F aixa\n       »  Sobr ecar ga de Saída\n       »  F alha I nterna do Estabilizador\n       »  F reqüência da Rede F ora de F aixa\n   \n     •Sinalização: L eds de Status do P ainel\n       »  Rede Nor mal\n       »  Saída Nor mal\n       »  F alhan   \nn   Características de Oper ação\nRuído A udív el: 55 dBA a 60 dBA a 1 metr o\n MTBF (M ean Time Bet ween F ailur es): 50 mil horas\nMTTR (M ean Time To Repair): 30 minutos\nTemperatura Ambiente: \n   \n•Mínimo: 0ºC / M áximo 40ºC\n   \n    •Recomendada: 20ºC a 25ºC\nUmidade Relativa:\n   \n    •0% a 95% sem condensação\n   \n    •Recomendada: 45% a 55%\nAltitude: até 1.800m\n Tipo de Ambiente Recomendado:\n   \n    •Interno, instalação abr igada\n   \n    •Atmosf era: limpa, livr e de par tículas condutivas , \n      gases tó xicos , líquidos e inflamáv eis.\nGrau de P roteção: IP -20n   \nn  \nn   \nn   \n   \nn   \nn    \nn  \nn    \n   2000    2,0       620 X 200 X 600        41  \n   3000    3,0       620 X 200 X 600        43\n   5000    5,0       620 X 200 X 600           47\n   7500    7,5       620 X 200 X 600           61\n 10000  10,0       790 X 400 X 775        119\n 15000  15,0       790 X 400 X 775        147Modelo Potência \nkVADimensões Físicas\nalt x lar g x prof \nmmPeso \nkg\n* Opcional\nCM.MK T MAR 22  -   As especificações estão sujeitas a alterações sem pr évio aviso . Nós incentivamos a r eciclagem\nCertificação de \nSustentabilidade A uditadaESPECIFIC AÇÕES  TÉCNIC ASOs Estabilizador es de Tensão M icroprocessados P erfection MI S2 possuem uma tecnolog ia inédita de duplos con versor es estáticos com módulos IGBT s, de última geração . \nTotalmente contr olado por micr oprocessador DSP – Dig ital Sig nal P rocessor , o estabilizador cor rige instantaneamente qualquer var iação de tensão da r ede elétr ica da \nconcessionár ia, além de atenuar distor ção har mônica, var iações de fr equência e distúr bios elétr icos, gerando uma f orma de onda senoidal pura, e f ornecendo uma linha \nestabilizada ex clusiva e isolada para as aplicações sensív eis.\nA tecnolog ia DSP r ealiza medições em True RMS g raças à amostragem dig ital, sem r etardos ou desvios , com alta v elocidade e confiabilidade . Isso sig nifica que podemos \nproduzir sistemas cada v ez menor es e capaz es de r ealizar mais funções , com elevada confiabilidade .'
 'ESPECIFICAÇÕES TÉCNICAS \nEntrada\nn Tensão: \n    •  3kVA \n100/110/115/120/127 VAC 120V (standard) ou  \n200/208/220/230/240 VAC 220V (standard) \n    •  6kVA / 10kVA\n 200/208/220/230/240 VAC 220V (standard)\nn Variação Admissível:\n   •   3kVA \n55-150 VAC ou 110-300 VAC @ 50% de Carga\n80-150 VAC ou 160-300 VAC @ 100% de Carga\n   •   6kVA / 10kVA \n110-300 VAC @ 50% de Carga\n176-300 VAC @ 100% de Carga \nn Freqüência: 50/60 Hz                           \nn Variação de Freqüência Admissível:   \n    •    3kVA  \n40-70Hz\n    •    6kVA / 10 kVA \n46-54Hz @50Hz e 56-64Hz @60Hz\nn  Configuração:\nMonofásica \nn Fator de Potência:\n≥ 0.99 Tensão nominal (100% de Carga)\nn Distorção Harmônica THDi:\n    •    3kVA\n ≤ 5% @ Tensão de Entrada nominal\n    •    6kVA / 10kVA\n<4% @100% de Carga, <6% @50% de Carga\nSaída\nnTensão: \n    •   3kVA \n100/110/115/120/127 VAC 115V (standard) ou \n200/208/220/230/240 VAC 220V (standard) \n    •   6kVA / 10kVA \n200/208/220/230/240 VAC 220V (standard) \nn Fator de Potência:  1,0\nn Regulação Estática:   ± 1% nominal modo \nbateria\nn Freqüência:   50 / 60 Hz \nn Variação de Freqüência: \n± 0,1Hz em modo bateria\nn Sincronismo com a Rede:   Sim\nn Configuração:   \n Monofásica f+n+t \nn Forma de Onda:   Onda senoidal pura\nn Distorção Harmônica THD:  \n •   3kVA \n    ≤ 2% carga linear \n    ≤ 4% carga não-linear \n •   6kVA / 10kVA \n    ≤ 1% carga linear \n    ≤ 4% carga não-linearBaterias\nn  Composição:  \n    •    72  VDC - 3,0 kVA \n    •     240 VDC - 6,0 kVA \n    •     240 VDC - 10,0 kVA \nn  Sistema de Recarga: \ncontrolado, automático\nn Tempo de Recarga:  \n8 a 10 horas para 90% da carga\nn Tipo: \nseladas, isentas de manutenção\nn  Paralelismo Redundante (N+1) \n»  Disponível nas potências de 6 e 10kVA\nn By-pass estático (inteligente):  \nO termo inteligente aplica-se, visto que a linha \nComposition XV  possui desligamento da saída da \nchave estática em condições que, a tensão da rede \napresenta variações fora da faixa de trabalho, prote -\ngendo a carga contra sub ou sobre tensão mesmo \nna condição de by-pass estático.']",30 minutos.,200 mil horas,,,,,0.0
45,"Aqui está a pergunta completa:

""Qual é o tipo de software e protocolos suportados pelo sistema?","['monobloco\n   \n    •Painel F rontal: em ABS de alta r esistência\n  \n    • A cabamento: pintura epó xi-pó na cor g rafite\n       com tratamento tér mico e anti- corrosivo\nTransf ormador Isolador : com blindagem\n    eletr ostátican  \nn  \nn   Alarmes\nContr olados pelo pr ocessador DSP\nTipos de Alarmes:\n   \n    •Sonor os: \n       »  A utocheck I nicialização\n       »  Tensão da Rede F ora da F aixa\n       »  Sobr ecar ga de Saída\n       »  F alha I nterna do Estabilizador\n       »  F reqüência da Rede F ora de F aixa\n   \n     •Sinalização: L eds de Status do P ainel\n       »  Rede Nor mal\n       »  Saída Nor mal\n       »  F alhan   \nn   Características de Oper ação\nRuído A udív el: 55 dBA a 60 dBA a 1 metr o\n MTBF (M ean Time Bet ween F ailur es): 50 mil horas\nMTTR (M ean Time To Repair): 30 minutos\nTemperatura Ambiente: \n   \n•Mínimo: 0ºC / M áximo 40ºC\n   \n    •Recomendada: 20ºC a 25ºC\nUmidade Relativa:\n   \n    •0% a 95% sem condensação\n   \n    •Recomendada: 45% a 55%\nAltitude: até 1.800m\n Tipo de Ambiente Recomendado:\n   \n    •Interno, instalação abr igada\n   \n    •Atmosf era: limpa, livr e de par tículas condutivas , \n      gases tó xicos , líquidos e inflamáv eis.\nGrau de P roteção: IP -20n   \nn  \nn   \nn   \n   \nn   \nn    \nn  \nn    \n   2000    2,0       620 X 200 X 600        41  \n   3000    3,0       620 X 200 X 600        43\n   5000    5,0       620 X 200 X 600           47\n   7500    7,5       620 X 200 X 600           61\n 10000  10,0       790 X 400 X 775        119\n 15000  15,0       790 X 400 X 775        147Modelo Potência \nkVADimensões Físicas\nalt x lar g x prof \nmmPeso \nkg\n* Opcional\nCM.MK T MAR 22  -   As especificações estão sujeitas a alterações sem pr évio aviso . Nós incentivamos a r eciclagem\nCertificação de \nSustentabilidade A uditadaESPECIFIC AÇÕES  TÉCNIC ASOs Estabilizador es de Tensão M icroprocessados P erfection MI S2 possuem uma tecnolog ia inédita de duplos con versor es estáticos com módulos IGBT s, de última geração . \nTotalmente contr olado por micr oprocessador DSP – Dig ital Sig nal P rocessor , o estabilizador cor rige instantaneamente qualquer var iação de tensão da r ede elétr ica da \nconcessionár ia, além de atenuar distor ção har mônica, var iações de fr equência e distúr bios elétr icos, gerando uma f orma de onda senoidal pura, e f ornecendo uma linha \nestabilizada ex clusiva e isolada para as aplicações sensív eis.\nA tecnolog ia DSP r ealiza medições em True RMS g raças à amostragem dig ital, sem r etardos ou desvios , com alta v elocidade e confiabilidade . Isso sig nifica que podemos \nproduzir sistemas cada v ez menor es e capaz es de r ealizar mais funções , com elevada confiabilidade .'
 'ESPECIFICAÇÕES TÉCNICAS \nEntrada\nn Tensão: \n    •  3kVA \n100/110/115/120/127 VAC 120V (standard) ou  \n200/208/220/230/240 VAC 220V (standard) \n    •  6kVA / 10kVA\n 200/208/220/230/240 VAC 220V (standard)\nn Variação Admissível:\n   •   3kVA \n55-150 VAC ou 110-300 VAC @ 50% de Carga\n80-150 VAC ou 160-300 VAC @ 100% de Carga\n   •   6kVA / 10kVA \n110-300 VAC @ 50% de Carga\n176-300 VAC @ 100% de Carga \nn Freqüência: 50/60 Hz                           \nn Variação de Freqüência Admissível:   \n    •    3kVA  \n40-70Hz\n    •    6kVA / 10 kVA \n46-54Hz @50Hz e 56-64Hz @60Hz\nn  Configuração:\nMonofásica \nn Fator de Potência:\n≥ 0.99 Tensão nominal (100% de Carga)\nn Distorção Harmônica THDi:\n    •    3kVA\n ≤ 5% @ Tensão de Entrada nominal\n    •    6kVA / 10kVA\n<4% @100% de Carga, <6% @50% de Carga\nSaída\nnTensão: \n    •   3kVA \n100/110/115/120/127 VAC 115V (standard) ou \n200/208/220/230/240 VAC 220V (standard) \n    •   6kVA / 10kVA \n200/208/220/230/240 VAC 220V (standard) \nn Fator de Potência:  1,0\nn Regulação Estática:   ± 1% nominal modo \nbateria\nn Freqüência:   50 / 60 Hz \nn Variação de Freqüência: \n± 0,1Hz em modo bateria\nn Sincronismo com a Rede:   Sim\nn Configuração:   \n Monofásica f+n+t \nn Forma de Onda:   Onda senoidal pura\nn Distorção Harmônica THD:  \n •   3kVA \n    ≤ 2% carga linear \n    ≤ 4% carga não-linear \n •   6kVA / 10kVA \n    ≤ 1% carga linear \n    ≤ 4% carga não-linearBaterias\nn  Composição:  \n    •    72  VDC - 3,0 kVA \n    •     240 VDC - 6,0 kVA \n    •     240 VDC - 10,0 kVA \nn  Sistema de Recarga: \ncontrolado, automático\nn Tempo de Recarga:  \n8 a 10 horas para 90% da carga\nn Tipo: \nseladas, isentas de manutenção\nn  Paralelismo Redundante (N+1) \n»  Disponível nas potências de 6 e 10kVA\nn By-pass estático (inteligente):  \nO termo inteligente aplica-se, visto que a linha \nComposition XV  possui desligamento da saída da \nchave estática em condições que, a tensão da rede \napresenta variações fora da faixa de trabalho, prote -\ngendo a carga contra sub ou sobre tensão mesmo \nna condição de by-pass estático.']","O sistema suporta um processador DSP (Digital Signal Processor), que permite realização de medições em True RMS graças à amostragem digital, sem retards ou desvios. Isso significa que o sistema pode produzir sistemas cada vez menores e capazes de realizar mais funções, com elevada confiabilidade.","O sistema suporta os seguintes softwares de gerenciamento: IP Power, IP Power SE Client, Adaptador SNMP NetMate, Adaptador ArmModbus RS485. Além disso, ele também suporta protocolos como Serial Rs232, Serial Rs485 e SNMP / Telnet / http / TCP/IP.",,,0.99999999995,,0.0
46,"Aqui está uma pergunta que pode ser totalmente respondida a partir do contexto fornecido:

""Qual é o software de gerenciamento recomendado para uso com o sistema No-Break?""

Essa pergunta faz referência à seção ""Ambientes e Sistemas Operacionais"" no texto, que menciona os softwares de gerenciamento disponíveis. A resposta pode ser encontrada na lista de softwares de gerenciamento listados no contexto.","['ESPECIFICAÇÕES TÉCNICAS \nEntrada\nn Tensão: \n    •  3kVA \n100/110/115/120/127 VAC 120V (standard) ou  \n200/208/220/230/240 VAC 220V (standard) \n    •  6kVA / 10kVA\n 200/208/220/230/240 VAC 220V (standard)\nn Variação Admissível:\n   •   3kVA \n55-150 VAC ou 110-300 VAC @ 50% de Carga\n80-150 VAC ou 160-300 VAC @ 100% de Carga\n   •   6kVA / 10kVA \n110-300 VAC @ 50% de Carga\n176-300 VAC @ 100% de Carga \nn Freqüência: 50/60 Hz                           \nn Variação de Freqüência Admissível:   \n    •    3kVA  \n40-70Hz\n    •    6kVA / 10 kVA \n46-54Hz @50Hz e 56-64Hz @60Hz\nn  Configuração:\nMonofásica \nn Fator de Potência:\n≥ 0.99 Tensão nominal (100% de Carga)\nn Distorção Harmônica THDi:\n    •    3kVA\n ≤ 5% @ Tensão de Entrada nominal\n    •    6kVA / 10kVA\n<4% @100% de Carga, <6% @50% de Carga\nSaída\nnTensão: \n    •   3kVA \n100/110/115/120/127 VAC 115V (standard) ou \n200/208/220/230/240 VAC 220V (standard) \n    •   6kVA / 10kVA \n200/208/220/230/240 VAC 220V (standard) \nn Fator de Potência:  1,0\nn Regulação Estática:   ± 1% nominal modo \nbateria\nn Freqüência:   50 / 60 Hz \nn Variação de Freqüência: \n± 0,1Hz em modo bateria\nn Sincronismo com a Rede:   Sim\nn Configuração:   \n Monofásica f+n+t \nn Forma de Onda:   Onda senoidal pura\nn Distorção Harmônica THD:  \n •   3kVA \n    ≤ 2% carga linear \n    ≤ 4% carga não-linear \n •   6kVA / 10kVA \n    ≤ 1% carga linear \n    ≤ 4% carga não-linearBaterias\nn  Composição:  \n    •    72  VDC - 3,0 kVA \n    •     240 VDC - 6,0 kVA \n    •     240 VDC - 10,0 kVA \nn  Sistema de Recarga: \ncontrolado, automático\nn Tempo de Recarga:  \n8 a 10 horas para 90% da carga\nn Tipo: \nseladas, isentas de manutenção\nn  Paralelismo Redundante (N+1) \n»  Disponível nas potências de 6 e 10kVA\nn By-pass estático (inteligente):  \nO termo inteligente aplica-se, visto que a linha \nComposition XV  possui desligamento da saída da \nchave estática em condições que, a tensão da rede \napresenta variações fora da faixa de trabalho, prote -\ngendo a carga contra sub ou sobre tensão mesmo \nna condição de by-pass estático.'
 'Caso ocor ram nív eis maior es do que o nor mal,  o dispositiv o de super visão imediatament e atua, emitindo um sinal de alar me, para a int ervenção \ndas equipes de manut enção . \nO módulo DSI possui um micr oprocessador int erno, comunicação M odbus via RS485 e é pr ojetado dentr o dos cr itérios tecnológ icos mais \navançados ,  sendo pr eciso , segur o e confiá vel, carac terísticas exig idas pelas  aplicações médico -hospitalar es.   \nCARACTERÍSTIC AS TÉCNIC AS \n• \nde 0...999kΩ com r esolução de 1kΩ  \n• Monitorament o de t emperatura do enr olament o secundár io do \ntransf ormador de separação ( T1)  \n• Disponibilidade de utilização de um contat o programá vel para \nsinalização à distância, em caso de falhas int ernas do dispositiv o, \nbaixo nív el de isolament o, medição de elevados valor es de \ntemperatura e de alcance do ajust e de máxima cor rente·\n• Teste de aut o-diag nóstico para ev entuais falhas int ernas do \ndispositiv o, verificação da conexão com a r ede e contr ole de \nfuncionament o\n• Injeção no cir cuito de sinais de contr ole codificados , que não são \ninfluenciados pelos component es de tipo contínuo , emitidos por \ndispositiv os elétr icos de uso médico\n• Saída ser ial RS485 para comunicação MODBUS R TUPossibilidade de escolha de um valor pr eciso de isolament o de r ede Tensão S ecundária :  \nAté 250 V\n Tensão de C urto-cir cuito:\n    3%\nCorrente a Vazio:\n    3% x I n\nConexão Elétrica:  \nPor meio de t erminais\nFixação:  \nPor meio de base metálica/ \nrodízios \nDIMENSÕES TRANSFORMADOR DE SEP ARAÇÃO  Transf ormador de Separação - Gabinete Simples  \nTensão de alimentação: 110V / 230V - 60H z\nTensão máxima de medição: 24V\nTensão da r ede c ontr olador a:  24 a 230V AC\nTensão  de Isolament o: 2,5 kV em 1 minut o \nCorrente máxima de medição: 1mA\nDispositivo Super visor de Isolamento (DSI)\n     3,0   600 X 440 X 400    50\n     5,0       600 X 440 X 400    50\n     7,5       600 X 440 X 400         70\n10,0      600 X 440 X 400    90\n  Potência\nkVAPeso \nkgGabinete simples\nDimensões Físicas\nalt x lar g x prof \nmmO Transformador de Separação é projetado pela CM \nComandos, especificamente para o suprimento de energia de \nsistema médico.\nPossui isolação galvânica reforçada, blindagem eletrostática \nentre enrolamentos primário e secundár io, conectados a um \nterminal própr io e com caracter ísticas elétricas e mecânicas que \ngarantem sua qualidade e confiabilidade.\nPossui sensores de temperatura do tipo PT-100 os quais são \nconectados ao módulo DST para super visão de temperatura.\nO transformador garante a confiabilidade das condições do \nisolamento do circuito elétrico sendo imprescindível para a \nsegurança nas aplicações cirúrgicas.']","O software de gerenciamento recomendado para uso com o sistema No-Break é o ""Modbus"".",A resposta à pergunta dada não está presente no contexto,,,,,0.0
47,Qual é o papel da Rede de Assistência Técnica em realizar a atualização do firmware que roda no chip DSP?,"['monobloco\n   \n    •Painel F rontal: em ABS de alta r esistência\n  \n    • A cabamento: pintura epó xi-pó na cor g rafite\n       com tratamento tér mico e anti- corrosivo\nTransf ormador Isolador : com blindagem\n    eletr ostátican  \nn  \nn   Alarmes\nContr olados pelo pr ocessador DSP\nTipos de Alarmes:\n   \n    •Sonor os: \n       »  A utocheck I nicialização\n       »  Tensão da Rede F ora da F aixa\n       »  Sobr ecar ga de Saída\n       »  F alha I nterna do Estabilizador\n       »  F reqüência da Rede F ora de F aixa\n   \n     •Sinalização: L eds de Status do P ainel\n       »  Rede Nor mal\n       »  Saída Nor mal\n       »  F alhan   \nn   Características de Oper ação\nRuído A udív el: 55 dBA a 60 dBA a 1 metr o\n MTBF (M ean Time Bet ween F ailur es): 50 mil horas\nMTTR (M ean Time To Repair): 30 minutos\nTemperatura Ambiente: \n   \n•Mínimo: 0ºC / M áximo 40ºC\n   \n    •Recomendada: 20ºC a 25ºC\nUmidade Relativa:\n   \n    •0% a 95% sem condensação\n   \n    •Recomendada: 45% a 55%\nAltitude: até 1.800m\n Tipo de Ambiente Recomendado:\n   \n    •Interno, instalação abr igada\n   \n    •Atmosf era: limpa, livr e de par tículas condutivas , \n      gases tó xicos , líquidos e inflamáv eis.\nGrau de P roteção: IP -20n   \nn  \nn   \nn   \n   \nn   \nn    \nn  \nn    \n   2000    2,0       620 X 200 X 600        41  \n   3000    3,0       620 X 200 X 600        43\n   5000    5,0       620 X 200 X 600           47\n   7500    7,5       620 X 200 X 600           61\n 10000  10,0       790 X 400 X 775        119\n 15000  15,0       790 X 400 X 775        147Modelo Potência \nkVADimensões Físicas\nalt x lar g x prof \nmmPeso \nkg\n* Opcional\nCM.MK T MAR 22  -   As especificações estão sujeitas a alterações sem pr évio aviso . Nós incentivamos a r eciclagem\nCertificação de \nSustentabilidade A uditadaESPECIFIC AÇÕES  TÉCNIC ASOs Estabilizador es de Tensão M icroprocessados P erfection MI S2 possuem uma tecnolog ia inédita de duplos con versor es estáticos com módulos IGBT s, de última geração . \nTotalmente contr olado por micr oprocessador DSP – Dig ital Sig nal P rocessor , o estabilizador cor rige instantaneamente qualquer var iação de tensão da r ede elétr ica da \nconcessionár ia, além de atenuar distor ção har mônica, var iações de fr equência e distúr bios elétr icos, gerando uma f orma de onda senoidal pura, e f ornecendo uma linha \nestabilizada ex clusiva e isolada para as aplicações sensív eis.\nA tecnolog ia DSP r ealiza medições em True RMS g raças à amostragem dig ital, sem r etardos ou desvios , com alta v elocidade e confiabilidade . Isso sig nifica que podemos \nproduzir sistemas cada v ez menor es e capaz es de r ealizar mais funções , com elevada confiabilidade .'
 'Equalização A tiva de Bat erias\nO  QUE  É  ?\nO Equalizer é uma solução revolucionária de Equalização Ativa Individual de Baterias,  desenvolvido e fabricado \nno Brasil, pela CM Comandos. \nCada bateria recebe um Módulo de Bateria, conectado a um controlador, o Master Controller.  O Controller \nsupervisiona a tensão final das baterias e controla os Módulos de Baterias de forma a regular a tensão sobre cada \nbateria, para que todas as baterias sempre apresentem a mesma tensão.\nCada Módulo de Bateria possui um microcontrolador e um módulo ativo que mantêm todas as baterias \nequalizadas. \nA Equalização Ativa faz com que todas as baterias sejam igualmente carregadas com a mesma tensão, \neliminando o efeito negativo de uma bateria sobrecarregar as outras, com excesso de carga ou o inverso, de \nimpedir que as baterias adjacentes sejam carregadas plenamente.\nO Equalizer permite que as  baterias atinjam 100% da sua vida útil, projetada pelos fabricantes. Antes, sem o \nEqualizer, as baterias se deterioravam precocemente e era necessário substituí-las. Dependendo do tipo de \nbateria, a durabilidade pode dobrar,  eliminando substituições  e reduzindo a necessidade de reciclagem.  O \nprocesso de reciclagem consome grandes recursos naturais.\nAlém disso, o sistema impede a queda do sistema por falha de baterias,  enviando alarmes ANTES de ocorrer uma \nfalha do sistema, reduzindo o DOWNTIME e elevando a confiabilidade de todo sistema.\nRede Elétr ica\nde En tradaRetificador\nCarregador\nBanc o de\nBateriasBateria 1\nBateria 2\nBateria 3\nBateria nEqualizer\nEqualizer\nEqualizer\nEqualizerMaster\nController\nCorrente Alt ernada de Entrada\nCabo de Comunicação Cabo de Medição Módulo EqualizerCorr ente ContínuaCOMO FUNCIONA ?\nEqualiz er - Equalização A tiva\nA central contr ola cada módulo , conec tado em \nparalelo com a bat eria e contr ola a t ensão de f orma \nque t odas fiquem iguais . Além disso , monit ora  \nconstant ement e a Resist ência I nterna e a \nTemperatura individualment e de cada bat eria, \narmaz ena os dados para análise e emit e alar mes \nantes de ocor rer a falh a.']","A Rede de Assistência Técnica não tem um papel específico na atualização do firmware do chip DSP, pois essa tarefa é geralmente realizada pelo próprio fabricante ou pela equipe de desenvolvimento da tecnologia em questão. A Rede de Assistência Técnica pode oferecer suporte e assistência técnica para solucionar problemas ou realizar atualizações, mas não há menção específica a essa rede estando envolvida na atualização do firmware do chip DSP no contexto fornecido.",A resposta à pergunta dada está presente no contexto,,0.8433178919841481,0.0,,
48,Qual foi o principal propósito do Digital Signal Processor SP1?,"['monobloco\n   \n    •Painel F rontal: em ABS de alta r esistência\n  \n    • A cabamento: pintura epó xi-pó na cor g rafite\n       com tratamento tér mico e anti- corrosivo\nTransf ormador Isolador : com blindagem\n    eletr ostátican  \nn  \nn   Alarmes\nContr olados pelo pr ocessador DSP\nTipos de Alarmes:\n   \n    •Sonor os: \n       »  A utocheck I nicialização\n       »  Tensão da Rede F ora da F aixa\n       »  Sobr ecar ga de Saída\n       »  F alha I nterna do Estabilizador\n       »  F reqüência da Rede F ora de F aixa\n   \n     •Sinalização: L eds de Status do P ainel\n       »  Rede Nor mal\n       »  Saída Nor mal\n       »  F alhan   \nn   Características de Oper ação\nRuído A udív el: 55 dBA a 60 dBA a 1 metr o\n MTBF (M ean Time Bet ween F ailur es): 50 mil horas\nMTTR (M ean Time To Repair): 30 minutos\nTemperatura Ambiente: \n   \n•Mínimo: 0ºC / M áximo 40ºC\n   \n    •Recomendada: 20ºC a 25ºC\nUmidade Relativa:\n   \n    •0% a 95% sem condensação\n   \n    •Recomendada: 45% a 55%\nAltitude: até 1.800m\n Tipo de Ambiente Recomendado:\n   \n    •Interno, instalação abr igada\n   \n    •Atmosf era: limpa, livr e de par tículas condutivas , \n      gases tó xicos , líquidos e inflamáv eis.\nGrau de P roteção: IP -20n   \nn  \nn   \nn   \n   \nn   \nn    \nn  \nn    \n   2000    2,0       620 X 200 X 600        41  \n   3000    3,0       620 X 200 X 600        43\n   5000    5,0       620 X 200 X 600           47\n   7500    7,5       620 X 200 X 600           61\n 10000  10,0       790 X 400 X 775        119\n 15000  15,0       790 X 400 X 775        147Modelo Potência \nkVADimensões Físicas\nalt x lar g x prof \nmmPeso \nkg\n* Opcional\nCM.MK T MAR 22  -   As especificações estão sujeitas a alterações sem pr évio aviso . Nós incentivamos a r eciclagem\nCertificação de \nSustentabilidade A uditadaESPECIFIC AÇÕES  TÉCNIC ASOs Estabilizador es de Tensão M icroprocessados P erfection MI S2 possuem uma tecnolog ia inédita de duplos con versor es estáticos com módulos IGBT s, de última geração . \nTotalmente contr olado por micr oprocessador DSP – Dig ital Sig nal P rocessor , o estabilizador cor rige instantaneamente qualquer var iação de tensão da r ede elétr ica da \nconcessionár ia, além de atenuar distor ção har mônica, var iações de fr equência e distúr bios elétr icos, gerando uma f orma de onda senoidal pura, e f ornecendo uma linha \nestabilizada ex clusiva e isolada para as aplicações sensív eis.\nA tecnolog ia DSP r ealiza medições em True RMS g raças à amostragem dig ital, sem r etardos ou desvios , com alta v elocidade e confiabilidade . Isso sig nifica que podemos \nproduzir sistemas cada v ez menor es e capaz es de r ealizar mais funções , com elevada confiabilidade .'
 'Caso ocor ram nív eis maior es do que o nor mal,  o dispositiv o de super visão imediatament e atua, emitindo um sinal de alar me, para a int ervenção \ndas equipes de manut enção . \nO módulo DSI possui um micr oprocessador int erno, comunicação M odbus via RS485 e é pr ojetado dentr o dos cr itérios tecnológ icos mais \navançados ,  sendo pr eciso , segur o e confiá vel, carac terísticas exig idas pelas  aplicações médico -hospitalar es.   \nCARACTERÍSTIC AS TÉCNIC AS \n• \nde 0...999kΩ com r esolução de 1kΩ  \n• Monitorament o de t emperatura do enr olament o secundár io do \ntransf ormador de separação ( T1)  \n• Disponibilidade de utilização de um contat o programá vel para \nsinalização à distância, em caso de falhas int ernas do dispositiv o, \nbaixo nív el de isolament o, medição de elevados valor es de \ntemperatura e de alcance do ajust e de máxima cor rente·\n• Teste de aut o-diag nóstico para ev entuais falhas int ernas do \ndispositiv o, verificação da conexão com a r ede e contr ole de \nfuncionament o\n• Injeção no cir cuito de sinais de contr ole codificados , que não são \ninfluenciados pelos component es de tipo contínuo , emitidos por \ndispositiv os elétr icos de uso médico\n• Saída ser ial RS485 para comunicação MODBUS R TUPossibilidade de escolha de um valor pr eciso de isolament o de r ede Tensão S ecundária :  \nAté 250 V\n Tensão de C urto-cir cuito:\n    3%\nCorrente a Vazio:\n    3% x I n\nConexão Elétrica:  \nPor meio de t erminais\nFixação:  \nPor meio de base metálica/ \nrodízios \nDIMENSÕES TRANSFORMADOR DE SEP ARAÇÃO  Transf ormador de Separação - Gabinete Simples  \nTensão de alimentação: 110V / 230V - 60H z\nTensão máxima de medição: 24V\nTensão da r ede c ontr olador a:  24 a 230V AC\nTensão  de Isolament o: 2,5 kV em 1 minut o \nCorrente máxima de medição: 1mA\nDispositivo Super visor de Isolamento (DSI)\n     3,0   600 X 440 X 400    50\n     5,0       600 X 440 X 400    50\n     7,5       600 X 440 X 400         70\n10,0      600 X 440 X 400    90\n  Potência\nkVAPeso \nkgGabinete simples\nDimensões Físicas\nalt x lar g x prof \nmmO Transformador de Separação é projetado pela CM \nComandos, especificamente para o suprimento de energia de \nsistema médico.\nPossui isolação galvânica reforçada, blindagem eletrostática \nentre enrolamentos primário e secundár io, conectados a um \nterminal própr io e com caracter ísticas elétricas e mecânicas que \ngarantem sua qualidade e confiabilidade.\nPossui sensores de temperatura do tipo PT-100 os quais são \nconectados ao módulo DST para super visão de temperatura.\nO transformador garante a confiabilidade das condições do \nisolamento do circuito elétrico sendo imprescindível para a \nsegurança nas aplicações cirúrgicas.']","O principal propósito do Digital Signal Processor DSP era realizar medições em True RMS graças à amostragem digital, sem retardos ou desvios, com alta velocidade e confiabilidade. Isso permitia produzir sistemas cada vez menores e capazes de realizar mais funções, com elevada confiabilidade.",A resposta à pergunta dada não está presente no contexto,,,,,0.0
49,"Não posso completar sua solicitação. Posso ajudá-lo a criar uma pergunta mais indireta e mais curta, mantendo a essência da pergunta original. Qual é o contexto em que você gostaria de aplicar essa pergunta?","['monobloco\n   \n    •Painel F rontal: em ABS de alta r esistência\n  \n    • A cabamento: pintura epó xi-pó na cor g rafite\n       com tratamento tér mico e anti- corrosivo\nTransf ormador Isolador : com blindagem\n    eletr ostátican  \nn  \nn   Alarmes\nContr olados pelo pr ocessador DSP\nTipos de Alarmes:\n   \n    •Sonor os: \n       »  A utocheck I nicialização\n       »  Tensão da Rede F ora da F aixa\n       »  Sobr ecar ga de Saída\n       »  F alha I nterna do Estabilizador\n       »  F reqüência da Rede F ora de F aixa\n   \n     •Sinalização: L eds de Status do P ainel\n       »  Rede Nor mal\n       »  Saída Nor mal\n       »  F alhan   \nn   Características de Oper ação\nRuído A udív el: 55 dBA a 60 dBA a 1 metr o\n MTBF (M ean Time Bet ween F ailur es): 50 mil horas\nMTTR (M ean Time To Repair): 30 minutos\nTemperatura Ambiente: \n   \n•Mínimo: 0ºC / M áximo 40ºC\n   \n    •Recomendada: 20ºC a 25ºC\nUmidade Relativa:\n   \n    •0% a 95% sem condensação\n   \n    •Recomendada: 45% a 55%\nAltitude: até 1.800m\n Tipo de Ambiente Recomendado:\n   \n    •Interno, instalação abr igada\n   \n    •Atmosf era: limpa, livr e de par tículas condutivas , \n      gases tó xicos , líquidos e inflamáv eis.\nGrau de P roteção: IP -20n   \nn  \nn   \nn   \n   \nn   \nn    \nn  \nn    \n   2000    2,0       620 X 200 X 600        41  \n   3000    3,0       620 X 200 X 600        43\n   5000    5,0       620 X 200 X 600           47\n   7500    7,5       620 X 200 X 600           61\n 10000  10,0       790 X 400 X 775        119\n 15000  15,0       790 X 400 X 775        147Modelo Potência \nkVADimensões Físicas\nalt x lar g x prof \nmmPeso \nkg\n* Opcional\nCM.MK T MAR 22  -   As especificações estão sujeitas a alterações sem pr évio aviso . Nós incentivamos a r eciclagem\nCertificação de \nSustentabilidade A uditadaESPECIFIC AÇÕES  TÉCNIC ASOs Estabilizador es de Tensão M icroprocessados P erfection MI S2 possuem uma tecnolog ia inédita de duplos con versor es estáticos com módulos IGBT s, de última geração . \nTotalmente contr olado por micr oprocessador DSP – Dig ital Sig nal P rocessor , o estabilizador cor rige instantaneamente qualquer var iação de tensão da r ede elétr ica da \nconcessionár ia, além de atenuar distor ção har mônica, var iações de fr equência e distúr bios elétr icos, gerando uma f orma de onda senoidal pura, e f ornecendo uma linha \nestabilizada ex clusiva e isolada para as aplicações sensív eis.\nA tecnolog ia DSP r ealiza medições em True RMS g raças à amostragem dig ital, sem r etardos ou desvios , com alta v elocidade e confiabilidade . Isso sig nifica que podemos \nproduzir sistemas cada v ez menor es e capaz es de r ealizar mais funções , com elevada confiabilidade .'
 'ESPECIFICAÇÕES TÉCNICAS \nEntrada\nn Tensão: \n    •  3kVA \n100/110/115/120/127 VAC 120V (standard) ou  \n200/208/220/230/240 VAC 220V (standard) \n    •  6kVA / 10kVA\n 200/208/220/230/240 VAC 220V (standard)\nn Variação Admissível:\n   •   3kVA \n55-150 VAC ou 110-300 VAC @ 50% de Carga\n80-150 VAC ou 160-300 VAC @ 100% de Carga\n   •   6kVA / 10kVA \n110-300 VAC @ 50% de Carga\n176-300 VAC @ 100% de Carga \nn Freqüência: 50/60 Hz                           \nn Variação de Freqüência Admissível:   \n    •    3kVA  \n40-70Hz\n    •    6kVA / 10 kVA \n46-54Hz @50Hz e 56-64Hz @60Hz\nn  Configuração:\nMonofásica \nn Fator de Potência:\n≥ 0.99 Tensão nominal (100% de Carga)\nn Distorção Harmônica THDi:\n    •    3kVA\n ≤ 5% @ Tensão de Entrada nominal\n    •    6kVA / 10kVA\n<4% @100% de Carga, <6% @50% de Carga\nSaída\nnTensão: \n    •   3kVA \n100/110/115/120/127 VAC 115V (standard) ou \n200/208/220/230/240 VAC 220V (standard) \n    •   6kVA / 10kVA \n200/208/220/230/240 VAC 220V (standard) \nn Fator de Potência:  1,0\nn Regulação Estática:   ± 1% nominal modo \nbateria\nn Freqüência:   50 / 60 Hz \nn Variação de Freqüência: \n± 0,1Hz em modo bateria\nn Sincronismo com a Rede:   Sim\nn Configuração:   \n Monofásica f+n+t \nn Forma de Onda:   Onda senoidal pura\nn Distorção Harmônica THD:  \n •   3kVA \n    ≤ 2% carga linear \n    ≤ 4% carga não-linear \n •   6kVA / 10kVA \n    ≤ 1% carga linear \n    ≤ 4% carga não-linearBaterias\nn  Composição:  \n    •    72  VDC - 3,0 kVA \n    •     240 VDC - 6,0 kVA \n    •     240 VDC - 10,0 kVA \nn  Sistema de Recarga: \ncontrolado, automático\nn Tempo de Recarga:  \n8 a 10 horas para 90% da carga\nn Tipo: \nseladas, isentas de manutenção\nn  Paralelismo Redundante (N+1) \n»  Disponível nas potências de 6 e 10kVA\nn By-pass estático (inteligente):  \nO termo inteligente aplica-se, visto que a linha \nComposition XV  possui desligamento da saída da \nchave estática em condições que, a tensão da rede \napresenta variações fora da faixa de trabalho, prote -\ngendo a carga contra sub ou sobre tensão mesmo \nna condição de by-pass estático.']","Para melhorar a experiência do usuário, estou aqui para ajudar com qualquer dúvida ou problema relacionado às especificações técnicas dos equipamentos mencionados nos arquivos PDF. Seu contexto específico parece estar focado em compreender as informações detalhadas sobre os equipamentos Perfection MI S2 e Composition XV, incluindo suas capacidades, configurações e características operacionais. Você gostaria de discutir alguma dessas especificações ou outra questão relacionada aos arquivos?","A tecnologia Equalizer é uma solução revolucionária para a equalização ativa individual de baterias, desenvolvida e fabricada no Brasil pela CM Comandos.",,0.7903598943576082,,,0.0
50,O que os processadores linear e trifásico têm em comum?,"['monobloco\n   \n    •Painel F rontal: em ABS de alta r esistência\n  \n    • A cabamento: pintura epó xi-pó na cor g rafite\n       com tratamento tér mico e anti- corrosivo\nTransf ormador Isolador : com blindagem\n    eletr ostátican  \nn  \nn   Alarmes\nContr olados pelo pr ocessador DSP\nTipos de Alarmes:\n   \n    •Sonor os: \n       »  A utocheck I nicialização\n       »  Tensão da Rede F ora da F aixa\n       »  Sobr ecar ga de Saída\n       »  F alha I nterna do Estabilizador\n       »  F reqüência da Rede F ora de F aixa\n   \n     •Sinalização: L eds de Status do P ainel\n       »  Rede Nor mal\n       »  Saída Nor mal\n       »  F alhan   \nn   Características de Oper ação\nRuído A udív el: 55 dBA a 60 dBA a 1 metr o\n MTBF (M ean Time Bet ween F ailur es): 50 mil horas\nMTTR (M ean Time To Repair): 30 minutos\nTemperatura Ambiente: \n   \n•Mínimo: 0ºC / M áximo 40ºC\n   \n    •Recomendada: 20ºC a 25ºC\nUmidade Relativa:\n   \n    •0% a 95% sem condensação\n   \n    •Recomendada: 45% a 55%\nAltitude: até 1.800m\n Tipo de Ambiente Recomendado:\n   \n    •Interno, instalação abr igada\n   \n    •Atmosf era: limpa, livr e de par tículas condutivas , \n      gases tó xicos , líquidos e inflamáv eis.\nGrau de P roteção: IP -20n   \nn  \nn   \nn   \n   \nn   \nn    \nn  \nn    \n   2000    2,0       620 X 200 X 600        41  \n   3000    3,0       620 X 200 X 600        43\n   5000    5,0       620 X 200 X 600           47\n   7500    7,5       620 X 200 X 600           61\n 10000  10,0       790 X 400 X 775        119\n 15000  15,0       790 X 400 X 775        147Modelo Potência \nkVADimensões Físicas\nalt x lar g x prof \nmmPeso \nkg\n* Opcional\nCM.MK T MAR 22  -   As especificações estão sujeitas a alterações sem pr évio aviso . Nós incentivamos a r eciclagem\nCertificação de \nSustentabilidade A uditadaESPECIFIC AÇÕES  TÉCNIC ASOs Estabilizador es de Tensão M icroprocessados P erfection MI S2 possuem uma tecnolog ia inédita de duplos con versor es estáticos com módulos IGBT s, de última geração . \nTotalmente contr olado por micr oprocessador DSP – Dig ital Sig nal P rocessor , o estabilizador cor rige instantaneamente qualquer var iação de tensão da r ede elétr ica da \nconcessionár ia, além de atenuar distor ção har mônica, var iações de fr equência e distúr bios elétr icos, gerando uma f orma de onda senoidal pura, e f ornecendo uma linha \nestabilizada ex clusiva e isolada para as aplicações sensív eis.\nA tecnolog ia DSP r ealiza medições em True RMS g raças à amostragem dig ital, sem r etardos ou desvios , com alta v elocidade e confiabilidade . Isso sig nifica que podemos \nproduzir sistemas cada v ez menor es e capaz es de r ealizar mais funções , com elevada confiabilidade .'
 'Alta Tecnolog ia em\nEstabilizador es de Tensão DSP\nDigital Sig nal P rocessor\nOS MAIS  MODERNOS  ESTABILIZADORES CORPORATIVOSVivemos em um mundo cada vez mais ágil e prático . Um mundo unido por processador es, chips , softwares e periféricos, \nmas isso ainda não é o bastant e,  por isso o mundo caminha para tecnolog ias de processament o imediat o de dados . A  \nCM Comandos Linear es está um passo à frente e oferece aos seus client es produt os de alta tecnolog ia digital.\ne, esta tecnolog ia está present e soment e nos mais sofisticados sistemas eletr ônicos, devido à sua alta velocidade e \nconfiabilidade . Isso significa que podemos produzir sistemas cada vez menor es,  mais rápidos , capaz es de realizar mais \nfunções e, ao mesmo tempo , elevar cada vez mais a confiabilidade das nossas soluções .Hoj\nOutr o diferencial  é a capacidade de corrigir as \nvariações extremas de corrente de carga. Esta \ncarac terística propor ciona alta performance e \nconfiabilidade , tornando os Estabilizador es \nPerfection SP  ideais  para cargas que geram \npicos de alta  corrente e que necessitam de \nproteção  e  ener gia estabilizada. \nAo pensar em adquir ir Estabilizador es de \nTensão, conte com as soluções CM \nComandos , que asseguram tecnolog ia de \nponta, máxima proteção , precisão digital e \nprocessament o DSP em tempo real.\nA linha de Estabilizador es de Tensão Perfection Série Premium, utiliza uma tecnolog ia inédita de conversor es estáticos \ncom módulos IGBT s de última geração .  Contr olado por micr oprocessador  DSP,  corrige instantaneament e qualquer \nvariação de tensão da rede elétr ica da concessionár ia, tudo na velocidade de amostragem digital, sem retardos ou \ndesvios .  Todos os setups e configurações são r ealizados por sof tware, além disso ,  possui um ex clusiv o registro log de \neventos, permitindo total rastr eabilidade em caso de anomalias .']",Nenhum processo é mencionado na descrição.,A resposta à pergunta dada não está presente no contexto,,,,,1.0
51,O que regula a tensão uniforme das baterias?,"['monobloco\n   \n    •Painel F rontal: em ABS de alta r esistência\n  \n    • A cabamento: pintura epó xi-pó na cor g rafite\n       com tratamento tér mico e anti- corrosivo\nTransf ormador Isolador : com blindagem\n    eletr ostátican  \nn  \nn   Alarmes\nContr olados pelo pr ocessador DSP\nTipos de Alarmes:\n   \n    •Sonor os: \n       »  A utocheck I nicialização\n       »  Tensão da Rede F ora da F aixa\n       »  Sobr ecar ga de Saída\n       »  F alha I nterna do Estabilizador\n       »  F reqüência da Rede F ora de F aixa\n   \n     •Sinalização: L eds de Status do P ainel\n       »  Rede Nor mal\n       »  Saída Nor mal\n       »  F alhan   \nn   Características de Oper ação\nRuído A udív el: 55 dBA a 60 dBA a 1 metr o\n MTBF (M ean Time Bet ween F ailur es): 50 mil horas\nMTTR (M ean Time To Repair): 30 minutos\nTemperatura Ambiente: \n   \n•Mínimo: 0ºC / M áximo 40ºC\n   \n    •Recomendada: 20ºC a 25ºC\nUmidade Relativa:\n   \n    •0% a 95% sem condensação\n   \n    •Recomendada: 45% a 55%\nAltitude: até 1.800m\n Tipo de Ambiente Recomendado:\n   \n    •Interno, instalação abr igada\n   \n    •Atmosf era: limpa, livr e de par tículas condutivas , \n      gases tó xicos , líquidos e inflamáv eis.\nGrau de P roteção: IP -20n   \nn  \nn   \nn   \n   \nn   \nn    \nn  \nn    \n   2000    2,0       620 X 200 X 600        41  \n   3000    3,0       620 X 200 X 600        43\n   5000    5,0       620 X 200 X 600           47\n   7500    7,5       620 X 200 X 600           61\n 10000  10,0       790 X 400 X 775        119\n 15000  15,0       790 X 400 X 775        147Modelo Potência \nkVADimensões Físicas\nalt x lar g x prof \nmmPeso \nkg\n* Opcional\nCM.MK T MAR 22  -   As especificações estão sujeitas a alterações sem pr évio aviso . Nós incentivamos a r eciclagem\nCertificação de \nSustentabilidade A uditadaESPECIFIC AÇÕES  TÉCNIC ASOs Estabilizador es de Tensão M icroprocessados P erfection MI S2 possuem uma tecnolog ia inédita de duplos con versor es estáticos com módulos IGBT s, de última geração . \nTotalmente contr olado por micr oprocessador DSP – Dig ital Sig nal P rocessor , o estabilizador cor rige instantaneamente qualquer var iação de tensão da r ede elétr ica da \nconcessionár ia, além de atenuar distor ção har mônica, var iações de fr equência e distúr bios elétr icos, gerando uma f orma de onda senoidal pura, e f ornecendo uma linha \nestabilizada ex clusiva e isolada para as aplicações sensív eis.\nA tecnolog ia DSP r ealiza medições em True RMS g raças à amostragem dig ital, sem r etardos ou desvios , com alta v elocidade e confiabilidade . Isso sig nifica que podemos \nproduzir sistemas cada v ez menor es e capaz es de r ealizar mais funções , com elevada confiabilidade .'
 'Alta Tecnolog ia em\nEstabilizador es de Tensão DSP\nDigital Sig nal P rocessor\nOS MAIS  MODERNOS  ESTABILIZADORES CORPORATIVOSVivemos em um mundo cada vez mais ágil e prático . Um mundo unido por processador es, chips , softwares e periféricos, \nmas isso ainda não é o bastant e,  por isso o mundo caminha para tecnolog ias de processament o imediat o de dados . A  \nCM Comandos Linear es está um passo à frente e oferece aos seus client es produt os de alta tecnolog ia digital.\ne, esta tecnolog ia está present e soment e nos mais sofisticados sistemas eletr ônicos, devido à sua alta velocidade e \nconfiabilidade . Isso significa que podemos produzir sistemas cada vez menor es,  mais rápidos , capaz es de realizar mais \nfunções e, ao mesmo tempo , elevar cada vez mais a confiabilidade das nossas soluções .Hoj\nOutr o diferencial  é a capacidade de corrigir as \nvariações extremas de corrente de carga. Esta \ncarac terística propor ciona alta performance e \nconfiabilidade , tornando os Estabilizador es \nPerfection SP  ideais  para cargas que geram \npicos de alta  corrente e que necessitam de \nproteção  e  ener gia estabilizada. \nAo pensar em adquir ir Estabilizador es de \nTensão, conte com as soluções CM \nComandos , que asseguram tecnolog ia de \nponta, máxima proteção , precisão digital e \nprocessament o DSP em tempo real.\nA linha de Estabilizador es de Tensão Perfection Série Premium, utiliza uma tecnolog ia inédita de conversor es estáticos \ncom módulos IGBT s de última geração .  Contr olado por micr oprocessador  DSP,  corrige instantaneament e qualquer \nvariação de tensão da rede elétr ica da concessionár ia, tudo na velocidade de amostragem digital, sem retardos ou \ndesvios .  Todos os setups e configurações são r ealizados por sof tware, além disso ,  possui um ex clusiv o registro log de \neventos, permitindo total rastr eabilidade em caso de anomalias .']","A tecnologia DSP (Digital Signal Processor) regula a tensão uniforme das baterias, realizando medições em True RMS graças à amostragem digital, sem retardos ou desvios, com alta velocidade e confiabilidade. Isso garante uma forma de onda senoidal pura e fornece uma linha estabilizada exclusiva e isolada para as aplicações sensíveis.","O módulo de bater ia ativ o regula individualmente a 
tensão de cada bater ia e as mantém homogêneas , 
elevando a sua durabilidade , capacidade e r esistência 
contra cor rosão e sulfatação .",,0.8643039896267408,,,
52,O que surge a partir da manutenção remota de baterias?,"['monobloco\n   \n    •Painel F rontal: em ABS de alta r esistência\n  \n    • A cabamento: pintura epó xi-pó na cor g rafite\n       com tratamento tér mico e anti- corrosivo\nTransf ormador Isolador : com blindagem\n    eletr ostátican  \nn  \nn   Alarmes\nContr olados pelo pr ocessador DSP\nTipos de Alarmes:\n   \n    •Sonor os: \n       »  A utocheck I nicialização\n       »  Tensão da Rede F ora da F aixa\n       »  Sobr ecar ga de Saída\n       »  F alha I nterna do Estabilizador\n       »  F reqüência da Rede F ora de F aixa\n   \n     •Sinalização: L eds de Status do P ainel\n       »  Rede Nor mal\n       »  Saída Nor mal\n       »  F alhan   \nn   Características de Oper ação\nRuído A udív el: 55 dBA a 60 dBA a 1 metr o\n MTBF (M ean Time Bet ween F ailur es): 50 mil horas\nMTTR (M ean Time To Repair): 30 minutos\nTemperatura Ambiente: \n   \n•Mínimo: 0ºC / M áximo 40ºC\n   \n    •Recomendada: 20ºC a 25ºC\nUmidade Relativa:\n   \n    •0% a 95% sem condensação\n   \n    •Recomendada: 45% a 55%\nAltitude: até 1.800m\n Tipo de Ambiente Recomendado:\n   \n    •Interno, instalação abr igada\n   \n    •Atmosf era: limpa, livr e de par tículas condutivas , \n      gases tó xicos , líquidos e inflamáv eis.\nGrau de P roteção: IP -20n   \nn  \nn   \nn   \n   \nn   \nn    \nn  \nn    \n   2000    2,0       620 X 200 X 600        41  \n   3000    3,0       620 X 200 X 600        43\n   5000    5,0       620 X 200 X 600           47\n   7500    7,5       620 X 200 X 600           61\n 10000  10,0       790 X 400 X 775        119\n 15000  15,0       790 X 400 X 775        147Modelo Potência \nkVADimensões Físicas\nalt x lar g x prof \nmmPeso \nkg\n* Opcional\nCM.MK T MAR 22  -   As especificações estão sujeitas a alterações sem pr évio aviso . Nós incentivamos a r eciclagem\nCertificação de \nSustentabilidade A uditadaESPECIFIC AÇÕES  TÉCNIC ASOs Estabilizador es de Tensão M icroprocessados P erfection MI S2 possuem uma tecnolog ia inédita de duplos con versor es estáticos com módulos IGBT s, de última geração . \nTotalmente contr olado por micr oprocessador DSP – Dig ital Sig nal P rocessor , o estabilizador cor rige instantaneamente qualquer var iação de tensão da r ede elétr ica da \nconcessionár ia, além de atenuar distor ção har mônica, var iações de fr equência e distúr bios elétr icos, gerando uma f orma de onda senoidal pura, e f ornecendo uma linha \nestabilizada ex clusiva e isolada para as aplicações sensív eis.\nA tecnolog ia DSP r ealiza medições em True RMS g raças à amostragem dig ital, sem r etardos ou desvios , com alta v elocidade e confiabilidade . Isso sig nifica que podemos \nproduzir sistemas cada v ez menor es e capaz es de r ealizar mais funções , com elevada confiabilidade .'
 'Alta Tecnologia em\nProcessamento Digital\nde Sinais - DSP\nO S M A I S M O D E R N O S\nN O B R E A K S C O R P O R AT I V O SVivemos em um mundo cada vez mais ágil e prático. Um mundo conectado por processadores, chips, softwares e \nperiféricos. Mas isso ainda não é o bastante. Por isso, o mundo caminha para tecnologias de processamento imediato \nde dados. A CM Comandos Lineares está um passo à frente e oferece aos seus clientes produtos dotados de uma \ntecnologia revolucionária, denominada Processamento Digital de Sinais -- DSP .\nToda a linha de No Breaks Innovation S1 Trifásico  \nTransformerless conta com a tecnologia DS P.   \nCaracterística que proporciona alta performance e \nconfiabilidade, tornando-os ideais para aplicações de missão crítica. Ou seja, protegem as aplicações nas quais a \ncontinuidade da operação é de fundamental importância.\ndos equipamentos pode ser atualizado, \nacrescentando novas funções em \nunidades já instaladas. Hoje, esta tecnologia está presente nos mais sofisticados sistemas eletrônicos, devido à sua alta velocidade e \nconfiabilidade. Processadores Digitais de Sinais são capazes de processar dez milhões de amostragens por segundo. \nIsso significa processamento em tempo real -- o sinal é processado no mesmo instante em que é recebido, sem \nretardos ou atrasos.\nProjetados com o uso intenso dos recursos da tecnologia DSP ,  os No Breaks Innovation Trifásico Transformerless  \nagregam novos  e avançados recursos, que estabelecem um novo conceito em desenvolvimento, no qual o firmware \nAo pensar em adquirir No Breaks,     \nconte com as soluções da\nCM Comandos, que asseguram \ntecnologia de ponta, máxima proteção, \nprecisão digital e processamento        \nem tempo real.']","A manutenção remota de baterias não é mencionada nesse contexto. No entanto, podemos inferir que o processo de manutenção remota pode levar à identificação e resolução de problemas, melhorando a eficiência e confiabilidade dos sistemas. Portanto, uma resposta possível seria:

""A melhoria da eficiência e confiabilidade dos sistemas.""","A manutenção remota de baterias é possível, permitindo testes individuais e análises sem a necessidade de paradas no sistema.",,,0.0,,0.0
53,Quais extras o Equalizador Ativo tem ao ligar a gestão ativa e as baterias?,"['monobloco\n   \n    •Painel F rontal: em ABS de alta r esistência\n  \n    • A cabamento: pintura epó xi-pó na cor g rafite\n       com tratamento tér mico e anti- corrosivo\nTransf ormador Isolador : com blindagem\n    eletr ostátican  \nn  \nn   Alarmes\nContr olados pelo pr ocessador DSP\nTipos de Alarmes:\n   \n    •Sonor os: \n       »  A utocheck I nicialização\n       »  Tensão da Rede F ora da F aixa\n       »  Sobr ecar ga de Saída\n       »  F alha I nterna do Estabilizador\n       »  F reqüência da Rede F ora de F aixa\n   \n     •Sinalização: L eds de Status do P ainel\n       »  Rede Nor mal\n       »  Saída Nor mal\n       »  F alhan   \nn   Características de Oper ação\nRuído A udív el: 55 dBA a 60 dBA a 1 metr o\n MTBF (M ean Time Bet ween F ailur es): 50 mil horas\nMTTR (M ean Time To Repair): 30 minutos\nTemperatura Ambiente: \n   \n•Mínimo: 0ºC / M áximo 40ºC\n   \n    •Recomendada: 20ºC a 25ºC\nUmidade Relativa:\n   \n    •0% a 95% sem condensação\n   \n    •Recomendada: 45% a 55%\nAltitude: até 1.800m\n Tipo de Ambiente Recomendado:\n   \n    •Interno, instalação abr igada\n   \n    •Atmosf era: limpa, livr e de par tículas condutivas , \n      gases tó xicos , líquidos e inflamáv eis.\nGrau de P roteção: IP -20n   \nn  \nn   \nn   \n   \nn   \nn    \nn  \nn    \n   2000    2,0       620 X 200 X 600        41  \n   3000    3,0       620 X 200 X 600        43\n   5000    5,0       620 X 200 X 600           47\n   7500    7,5       620 X 200 X 600           61\n 10000  10,0       790 X 400 X 775        119\n 15000  15,0       790 X 400 X 775        147Modelo Potência \nkVADimensões Físicas\nalt x lar g x prof \nmmPeso \nkg\n* Opcional\nCM.MK T MAR 22  -   As especificações estão sujeitas a alterações sem pr évio aviso . Nós incentivamos a r eciclagem\nCertificação de \nSustentabilidade A uditadaESPECIFIC AÇÕES  TÉCNIC ASOs Estabilizador es de Tensão M icroprocessados P erfection MI S2 possuem uma tecnolog ia inédita de duplos con versor es estáticos com módulos IGBT s, de última geração . \nTotalmente contr olado por micr oprocessador DSP – Dig ital Sig nal P rocessor , o estabilizador cor rige instantaneamente qualquer var iação de tensão da r ede elétr ica da \nconcessionár ia, além de atenuar distor ção har mônica, var iações de fr equência e distúr bios elétr icos, gerando uma f orma de onda senoidal pura, e f ornecendo uma linha \nestabilizada ex clusiva e isolada para as aplicações sensív eis.\nA tecnolog ia DSP r ealiza medições em True RMS g raças à amostragem dig ital, sem r etardos ou desvios , com alta v elocidade e confiabilidade . Isso sig nifica que podemos \nproduzir sistemas cada v ez menor es e capaz es de r ealizar mais funções , com elevada confiabilidade .'
 'Equalização A tiva de Bat erias\nO  QUE  É  ?\nO Equalizer é uma solução revolucionária de Equalização Ativa Individual de Baterias,  desenvolvido e fabricado \nno Brasil, pela CM Comandos. \nCada bateria recebe um Módulo de Bateria, conectado a um controlador, o Master Controller.  O Controller \nsupervisiona a tensão final das baterias e controla os Módulos de Baterias de forma a regular a tensão sobre cada \nbateria, para que todas as baterias sempre apresentem a mesma tensão.\nCada Módulo de Bateria possui um microcontrolador e um módulo ativo que mantêm todas as baterias \nequalizadas. \nA Equalização Ativa faz com que todas as baterias sejam igualmente carregadas com a mesma tensão, \neliminando o efeito negativo de uma bateria sobrecarregar as outras, com excesso de carga ou o inverso, de \nimpedir que as baterias adjacentes sejam carregadas plenamente.\nO Equalizer permite que as  baterias atinjam 100% da sua vida útil, projetada pelos fabricantes. Antes, sem o \nEqualizer, as baterias se deterioravam precocemente e era necessário substituí-las. Dependendo do tipo de \nbateria, a durabilidade pode dobrar,  eliminando substituições  e reduzindo a necessidade de reciclagem.  O \nprocesso de reciclagem consome grandes recursos naturais.\nAlém disso, o sistema impede a queda do sistema por falha de baterias,  enviando alarmes ANTES de ocorrer uma \nfalha do sistema, reduzindo o DOWNTIME e elevando a confiabilidade de todo sistema.\nRede Elétr ica\nde En tradaRetificador\nCarregador\nBanc o de\nBateriasBateria 1\nBateria 2\nBateria 3\nBateria nEqualizer\nEqualizer\nEqualizer\nEqualizerMaster\nController\nCorrente Alt ernada de Entrada\nCabo de Comunicação Cabo de Medição Módulo EqualizerCorr ente ContínuaCOMO FUNCIONA ?\nEqualiz er - Equalização A tiva\nA central contr ola cada módulo , conec tado em \nparalelo com a bat eria e contr ola a t ensão de f orma \nque t odas fiquem iguais . Além disso , monit ora  \nconstant ement e a Resist ência I nterna e a \nTemperatura individualment e de cada bat eria, \narmaz ena os dados para análise e emit e alar mes \nantes de ocor rer a falh a.']","A ligação da gestão ativa do Equalizador Ativo às baterias permite que elas sejam carregadas igualmente, eliminando o efeito negativo de uma bateria sobrecarregar as outras. Além disso, isso permite que as baterias atinjam 100% da sua vida útil projetada pelos fabricantes, o que pode dobrar a durabilidade das baterias dependendo do tipo, eliminando substituições e reduzindo a necessidade de reciclagem.",A resposta à pergunta dada não está presente no contexto,,0.8209621171409405,0.0,,0.0
54,O que a DSP contribui ao sistema eletrônico?,"['monobloco\n   \n    •Painel F rontal: em ABS de alta r esistência\n  \n    • A cabamento: pintura epó xi-pó na cor g rafite\n       com tratamento tér mico e anti- corrosivo\nTransf ormador Isolador : com blindagem\n    eletr ostátican  \nn  \nn   Alarmes\nContr olados pelo pr ocessador DSP\nTipos de Alarmes:\n   \n    •Sonor os: \n       »  A utocheck I nicialização\n       »  Tensão da Rede F ora da F aixa\n       »  Sobr ecar ga de Saída\n       »  F alha I nterna do Estabilizador\n       »  F reqüência da Rede F ora de F aixa\n   \n     •Sinalização: L eds de Status do P ainel\n       »  Rede Nor mal\n       »  Saída Nor mal\n       »  F alhan   \nn   Características de Oper ação\nRuído A udív el: 55 dBA a 60 dBA a 1 metr o\n MTBF (M ean Time Bet ween F ailur es): 50 mil horas\nMTTR (M ean Time To Repair): 30 minutos\nTemperatura Ambiente: \n   \n•Mínimo: 0ºC / M áximo 40ºC\n   \n    •Recomendada: 20ºC a 25ºC\nUmidade Relativa:\n   \n    •0% a 95% sem condensação\n   \n    •Recomendada: 45% a 55%\nAltitude: até 1.800m\n Tipo de Ambiente Recomendado:\n   \n    •Interno, instalação abr igada\n   \n    •Atmosf era: limpa, livr e de par tículas condutivas , \n      gases tó xicos , líquidos e inflamáv eis.\nGrau de P roteção: IP -20n   \nn  \nn   \nn   \n   \nn   \nn    \nn  \nn    \n   2000    2,0       620 X 200 X 600        41  \n   3000    3,0       620 X 200 X 600        43\n   5000    5,0       620 X 200 X 600           47\n   7500    7,5       620 X 200 X 600           61\n 10000  10,0       790 X 400 X 775        119\n 15000  15,0       790 X 400 X 775        147Modelo Potência \nkVADimensões Físicas\nalt x lar g x prof \nmmPeso \nkg\n* Opcional\nCM.MK T MAR 22  -   As especificações estão sujeitas a alterações sem pr évio aviso . Nós incentivamos a r eciclagem\nCertificação de \nSustentabilidade A uditadaESPECIFIC AÇÕES  TÉCNIC ASOs Estabilizador es de Tensão M icroprocessados P erfection MI S2 possuem uma tecnolog ia inédita de duplos con versor es estáticos com módulos IGBT s, de última geração . \nTotalmente contr olado por micr oprocessador DSP – Dig ital Sig nal P rocessor , o estabilizador cor rige instantaneamente qualquer var iação de tensão da r ede elétr ica da \nconcessionár ia, além de atenuar distor ção har mônica, var iações de fr equência e distúr bios elétr icos, gerando uma f orma de onda senoidal pura, e f ornecendo uma linha \nestabilizada ex clusiva e isolada para as aplicações sensív eis.\nA tecnolog ia DSP r ealiza medições em True RMS g raças à amostragem dig ital, sem r etardos ou desvios , com alta v elocidade e confiabilidade . Isso sig nifica que podemos \nproduzir sistemas cada v ez menor es e capaz es de r ealizar mais funções , com elevada confiabilidade .'
 'Alta Tecnolog ia em\nEstabilizador es de Tensão DSP\nDigital Sig nal P rocessor\nOS MAIS  MODERNOS  ESTABILIZADORES CORPORATIVOSVivemos em um mundo cada vez mais ágil e prático . Um mundo unido por processador es, chips , softwares e periféricos, \nmas isso ainda não é o bastant e,  por isso o mundo caminha para tecnolog ias de processament o imediat o de dados . A  \nCM Comandos Linear es está um passo à frente e oferece aos seus client es produt os de alta tecnolog ia digital.\ne, esta tecnolog ia está present e soment e nos mais sofisticados sistemas eletr ônicos, devido à sua alta velocidade e \nconfiabilidade . Isso significa que podemos produzir sistemas cada vez menor es,  mais rápidos , capaz es de realizar mais \nfunções e, ao mesmo tempo , elevar cada vez mais a confiabilidade das nossas soluções .Hoj\nOutr o diferencial  é a capacidade de corrigir as \nvariações extremas de corrente de carga. Esta \ncarac terística propor ciona alta performance e \nconfiabilidade , tornando os Estabilizador es \nPerfection SP  ideais  para cargas que geram \npicos de alta  corrente e que necessitam de \nproteção  e  ener gia estabilizada. \nAo pensar em adquir ir Estabilizador es de \nTensão, conte com as soluções CM \nComandos , que asseguram tecnolog ia de \nponta, máxima proteção , precisão digital e \nprocessament o DSP em tempo real.\nA linha de Estabilizador es de Tensão Perfection Série Premium, utiliza uma tecnolog ia inédita de conversor es estáticos \ncom módulos IGBT s de última geração .  Contr olado por micr oprocessador  DSP,  corrige instantaneament e qualquer \nvariação de tensão da rede elétr ica da concessionár ia, tudo na velocidade de amostragem digital, sem retardos ou \ndesvios .  Todos os setups e configurações são r ealizados por sof tware, além disso ,  possui um ex clusiv o registro log de \neventos, permitindo total rastr eabilidade em caso de anomalias .']","A tecnologia DSP realiza medições em True RMS graças à amostragem digital, sem retardos ou desvios, com alta velocidade e confiabilidade. Isso significa que o sistema pode produzir sistemas cada vez menores e capazes de realizar mais funções, com elevada confiabilidade.","A tecnologia de Processamento Digital de Sinais (DSP) contribui com alta performance e confiabilidade para os sistemas eletrônicos, protegendo as aplicações em que a continuidade da operação é fundamental importância. Além disso, permite o processamento em tempo real do sinal, sem retardos ou atrasos.",,0.8875655403275707,,,
55,Qual é a semelhança entre o Bypass Estático e o gabinete?,"['monobloco\n   \n    •Painel F rontal: em ABS de alta r esistência\n  \n    • A cabamento: pintura epó xi-pó na cor g rafite\n       com tratamento tér mico e anti- corrosivo\nTransf ormador Isolador : com blindagem\n    eletr ostátican  \nn  \nn   Alarmes\nContr olados pelo pr ocessador DSP\nTipos de Alarmes:\n   \n    •Sonor os: \n       »  A utocheck I nicialização\n       »  Tensão da Rede F ora da F aixa\n       »  Sobr ecar ga de Saída\n       »  F alha I nterna do Estabilizador\n       »  F reqüência da Rede F ora de F aixa\n   \n     •Sinalização: L eds de Status do P ainel\n       »  Rede Nor mal\n       »  Saída Nor mal\n       »  F alhan   \nn   Características de Oper ação\nRuído A udív el: 55 dBA a 60 dBA a 1 metr o\n MTBF (M ean Time Bet ween F ailur es): 50 mil horas\nMTTR (M ean Time To Repair): 30 minutos\nTemperatura Ambiente: \n   \n•Mínimo: 0ºC / M áximo 40ºC\n   \n    •Recomendada: 20ºC a 25ºC\nUmidade Relativa:\n   \n    •0% a 95% sem condensação\n   \n    •Recomendada: 45% a 55%\nAltitude: até 1.800m\n Tipo de Ambiente Recomendado:\n   \n    •Interno, instalação abr igada\n   \n    •Atmosf era: limpa, livr e de par tículas condutivas , \n      gases tó xicos , líquidos e inflamáv eis.\nGrau de P roteção: IP -20n   \nn  \nn   \nn   \n   \nn   \nn    \nn  \nn    \n   2000    2,0       620 X 200 X 600        41  \n   3000    3,0       620 X 200 X 600        43\n   5000    5,0       620 X 200 X 600           47\n   7500    7,5       620 X 200 X 600           61\n 10000  10,0       790 X 400 X 775        119\n 15000  15,0       790 X 400 X 775        147Modelo Potência \nkVADimensões Físicas\nalt x lar g x prof \nmmPeso \nkg\n* Opcional\nCM.MK T MAR 22  -   As especificações estão sujeitas a alterações sem pr évio aviso . Nós incentivamos a r eciclagem\nCertificação de \nSustentabilidade A uditadaESPECIFIC AÇÕES  TÉCNIC ASOs Estabilizador es de Tensão M icroprocessados P erfection MI S2 possuem uma tecnolog ia inédita de duplos con versor es estáticos com módulos IGBT s, de última geração . \nTotalmente contr olado por micr oprocessador DSP – Dig ital Sig nal P rocessor , o estabilizador cor rige instantaneamente qualquer var iação de tensão da r ede elétr ica da \nconcessionár ia, além de atenuar distor ção har mônica, var iações de fr equência e distúr bios elétr icos, gerando uma f orma de onda senoidal pura, e f ornecendo uma linha \nestabilizada ex clusiva e isolada para as aplicações sensív eis.\nA tecnolog ia DSP r ealiza medições em True RMS g raças à amostragem dig ital, sem r etardos ou desvios , com alta v elocidade e confiabilidade . Isso sig nifica que podemos \nproduzir sistemas cada v ez menor es e capaz es de r ealizar mais funções , com elevada confiabilidade .'
 'ESPECIFICAÇÕES TÉCNICAS \nEntrada\nn Tensão: \n    •  3kVA \n100/110/115/120/127 VAC 120V (standard) ou  \n200/208/220/230/240 VAC 220V (standard) \n    •  6kVA / 10kVA\n 200/208/220/230/240 VAC 220V (standard)\nn Variação Admissível:\n   •   3kVA \n55-150 VAC ou 110-300 VAC @ 50% de Carga\n80-150 VAC ou 160-300 VAC @ 100% de Carga\n   •   6kVA / 10kVA \n110-300 VAC @ 50% de Carga\n176-300 VAC @ 100% de Carga \nn Freqüência: 50/60 Hz                           \nn Variação de Freqüência Admissível:   \n    •    3kVA  \n40-70Hz\n    •    6kVA / 10 kVA \n46-54Hz @50Hz e 56-64Hz @60Hz\nn  Configuração:\nMonofásica \nn Fator de Potência:\n≥ 0.99 Tensão nominal (100% de Carga)\nn Distorção Harmônica THDi:\n    •    3kVA\n ≤ 5% @ Tensão de Entrada nominal\n    •    6kVA / 10kVA\n<4% @100% de Carga, <6% @50% de Carga\nSaída\nnTensão: \n    •   3kVA \n100/110/115/120/127 VAC 115V (standard) ou \n200/208/220/230/240 VAC 220V (standard) \n    •   6kVA / 10kVA \n200/208/220/230/240 VAC 220V (standard) \nn Fator de Potência:  1,0\nn Regulação Estática:   ± 1% nominal modo \nbateria\nn Freqüência:   50 / 60 Hz \nn Variação de Freqüência: \n± 0,1Hz em modo bateria\nn Sincronismo com a Rede:   Sim\nn Configuração:   \n Monofásica f+n+t \nn Forma de Onda:   Onda senoidal pura\nn Distorção Harmônica THD:  \n •   3kVA \n    ≤ 2% carga linear \n    ≤ 4% carga não-linear \n •   6kVA / 10kVA \n    ≤ 1% carga linear \n    ≤ 4% carga não-linearBaterias\nn  Composição:  \n    •    72  VDC - 3,0 kVA \n    •     240 VDC - 6,0 kVA \n    •     240 VDC - 10,0 kVA \nn  Sistema de Recarga: \ncontrolado, automático\nn Tempo de Recarga:  \n8 a 10 horas para 90% da carga\nn Tipo: \nseladas, isentas de manutenção\nn  Paralelismo Redundante (N+1) \n»  Disponível nas potências de 6 e 10kVA\nn By-pass estático (inteligente):  \nO termo inteligente aplica-se, visto que a linha \nComposition XV  possui desligamento da saída da \nchave estática em condições que, a tensão da rede \napresenta variações fora da faixa de trabalho, prote -\ngendo a carga contra sub ou sobre tensão mesmo \nna condição de by-pass estático.']",Ambos possuem um desligamento da saída em condições que protegem a carga contra sub ou sobre tensão.,"O texto não fornece informações claras sobre uma semelhança específica entre o Bypass Estático e o gabinete, portanto é difícil inferir uma resposta precisa.",,0.8631721298094244,,,1.0
56,Qual temperatura está dentro da faixa da temperatura ambiente das baterias?,"['monobloco\n   \n    •Painel F rontal: em ABS de alta r esistência\n  \n    • A cabamento: pintura epó xi-pó na cor g rafite\n       com tratamento tér mico e anti- corrosivo\nTransf ormador Isolador : com blindagem\n    eletr ostátican  \nn  \nn   Alarmes\nContr olados pelo pr ocessador DSP\nTipos de Alarmes:\n   \n    •Sonor os: \n       »  A utocheck I nicialização\n       »  Tensão da Rede F ora da F aixa\n       »  Sobr ecar ga de Saída\n       »  F alha I nterna do Estabilizador\n       »  F reqüência da Rede F ora de F aixa\n   \n     •Sinalização: L eds de Status do P ainel\n       »  Rede Nor mal\n       »  Saída Nor mal\n       »  F alhan   \nn   Características de Oper ação\nRuído A udív el: 55 dBA a 60 dBA a 1 metr o\n MTBF (M ean Time Bet ween F ailur es): 50 mil horas\nMTTR (M ean Time To Repair): 30 minutos\nTemperatura Ambiente: \n   \n•Mínimo: 0ºC / M áximo 40ºC\n   \n    •Recomendada: 20ºC a 25ºC\nUmidade Relativa:\n   \n    •0% a 95% sem condensação\n   \n    •Recomendada: 45% a 55%\nAltitude: até 1.800m\n Tipo de Ambiente Recomendado:\n   \n    •Interno, instalação abr igada\n   \n    •Atmosf era: limpa, livr e de par tículas condutivas , \n      gases tó xicos , líquidos e inflamáv eis.\nGrau de P roteção: IP -20n   \nn  \nn   \nn   \n   \nn   \nn    \nn  \nn    \n   2000    2,0       620 X 200 X 600        41  \n   3000    3,0       620 X 200 X 600        43\n   5000    5,0       620 X 200 X 600           47\n   7500    7,5       620 X 200 X 600           61\n 10000  10,0       790 X 400 X 775        119\n 15000  15,0       790 X 400 X 775        147Modelo Potência \nkVADimensões Físicas\nalt x lar g x prof \nmmPeso \nkg\n* Opcional\nCM.MK T MAR 22  -   As especificações estão sujeitas a alterações sem pr évio aviso . Nós incentivamos a r eciclagem\nCertificação de \nSustentabilidade A uditadaESPECIFIC AÇÕES  TÉCNIC ASOs Estabilizador es de Tensão M icroprocessados P erfection MI S2 possuem uma tecnolog ia inédita de duplos con versor es estáticos com módulos IGBT s, de última geração . \nTotalmente contr olado por micr oprocessador DSP – Dig ital Sig nal P rocessor , o estabilizador cor rige instantaneamente qualquer var iação de tensão da r ede elétr ica da \nconcessionár ia, além de atenuar distor ção har mônica, var iações de fr equência e distúr bios elétr icos, gerando uma f orma de onda senoidal pura, e f ornecendo uma linha \nestabilizada ex clusiva e isolada para as aplicações sensív eis.\nA tecnolog ia DSP r ealiza medições em True RMS g raças à amostragem dig ital, sem r etardos ou desvios , com alta v elocidade e confiabilidade . Isso sig nifica que podemos \nproduzir sistemas cada v ez menor es e capaz es de r ealizar mais funções , com elevada confiabilidade .'
 'Alta Tecnolog ia em\nEstabilizador es de Tensão DSP\nDigital Sig nal P rocessor\nOS MAIS  MODERNOS  ESTABILIZADORES CORPORATIVOSVivemos em um mundo cada vez mais ágil e prático . Um mundo unido por processador es, chips , softwares e periféricos, \nmas isso ainda não é o bastant e,  por isso o mundo caminha para tecnolog ias de processament o imediat o de dados . A  \nCM Comandos Linear es está um passo à frente e oferece aos seus client es produt os de alta tecnolog ia digital.\ne, esta tecnolog ia está present e soment e nos mais sofisticados sistemas eletr ônicos, devido à sua alta velocidade e \nconfiabilidade . Isso significa que podemos produzir sistemas cada vez menor es,  mais rápidos , capaz es de realizar mais \nfunções e, ao mesmo tempo , elevar cada vez mais a confiabilidade das nossas soluções .Hoj\nOutr o diferencial  é a capacidade de corrigir as \nvariações extremas de corrente de carga. Esta \ncarac terística propor ciona alta performance e \nconfiabilidade , tornando os Estabilizador es \nPerfection SP  ideais  para cargas que geram \npicos de alta  corrente e que necessitam de \nproteção  e  ener gia estabilizada. \nAo pensar em adquir ir Estabilizador es de \nTensão, conte com as soluções CM \nComandos , que asseguram tecnolog ia de \nponta, máxima proteção , precisão digital e \nprocessament o DSP em tempo real.\nA linha de Estabilizador es de Tensão Perfection Série Premium, utiliza uma tecnolog ia inédita de conversor es estáticos \ncom módulos IGBT s de última geração .  Contr olado por micr oprocessador  DSP,  corrige instantaneament e qualquer \nvariação de tensão da rede elétr ica da concessionár ia, tudo na velocidade de amostragem digital, sem retardos ou \ndesvios .  Todos os setups e configurações são r ealizados por sof tware, além disso ,  possui um ex clusiv o registro log de \neventos, permitindo total rastr eabilidade em caso de anomalias .']","A temperatura recomendada para o funcionamento ideal é entre 20ºC a 25ºC. Portanto, essa faixa de temperatura está dentro da temperatura ambiente desejável.","Sim, a temperatura ambiente das baterias está entre -30°C e 40°C.",,0.0,,,0.0
57,Qual seria a cor se a pintura é epoxi-pó?,"['monobloco\n   \n    •Painel F rontal: em ABS de alta r esistência\n  \n    • A cabamento: pintura epó xi-pó na cor g rafite\n       com tratamento tér mico e anti- corrosivo\nTransf ormador Isolador : com blindagem\n    eletr ostátican  \nn  \nn   Alarmes\nContr olados pelo pr ocessador DSP\nTipos de Alarmes:\n   \n    •Sonor os: \n       »  A utocheck I nicialização\n       »  Tensão da Rede F ora da F aixa\n       »  Sobr ecar ga de Saída\n       »  F alha I nterna do Estabilizador\n       »  F reqüência da Rede F ora de F aixa\n   \n     •Sinalização: L eds de Status do P ainel\n       »  Rede Nor mal\n       »  Saída Nor mal\n       »  F alhan   \nn   Características de Oper ação\nRuído A udív el: 55 dBA a 60 dBA a 1 metr o\n MTBF (M ean Time Bet ween F ailur es): 50 mil horas\nMTTR (M ean Time To Repair): 30 minutos\nTemperatura Ambiente: \n   \n•Mínimo: 0ºC / M áximo 40ºC\n   \n    •Recomendada: 20ºC a 25ºC\nUmidade Relativa:\n   \n    •0% a 95% sem condensação\n   \n    •Recomendada: 45% a 55%\nAltitude: até 1.800m\n Tipo de Ambiente Recomendado:\n   \n    •Interno, instalação abr igada\n   \n    •Atmosf era: limpa, livr e de par tículas condutivas , \n      gases tó xicos , líquidos e inflamáv eis.\nGrau de P roteção: IP -20n   \nn  \nn   \nn   \n   \nn   \nn    \nn  \nn    \n   2000    2,0       620 X 200 X 600        41  \n   3000    3,0       620 X 200 X 600        43\n   5000    5,0       620 X 200 X 600           47\n   7500    7,5       620 X 200 X 600           61\n 10000  10,0       790 X 400 X 775        119\n 15000  15,0       790 X 400 X 775        147Modelo Potência \nkVADimensões Físicas\nalt x lar g x prof \nmmPeso \nkg\n* Opcional\nCM.MK T MAR 22  -   As especificações estão sujeitas a alterações sem pr évio aviso . Nós incentivamos a r eciclagem\nCertificação de \nSustentabilidade A uditadaESPECIFIC AÇÕES  TÉCNIC ASOs Estabilizador es de Tensão M icroprocessados P erfection MI S2 possuem uma tecnolog ia inédita de duplos con versor es estáticos com módulos IGBT s, de última geração . \nTotalmente contr olado por micr oprocessador DSP – Dig ital Sig nal P rocessor , o estabilizador cor rige instantaneamente qualquer var iação de tensão da r ede elétr ica da \nconcessionár ia, além de atenuar distor ção har mônica, var iações de fr equência e distúr bios elétr icos, gerando uma f orma de onda senoidal pura, e f ornecendo uma linha \nestabilizada ex clusiva e isolada para as aplicações sensív eis.\nA tecnolog ia DSP r ealiza medições em True RMS g raças à amostragem dig ital, sem r etardos ou desvios , com alta v elocidade e confiabilidade . Isso sig nifica que podemos \nproduzir sistemas cada v ez menor es e capaz es de r ealizar mais funções , com elevada confiabilidade .'
 'ESPECIFICAÇÕES TÉCNICAS \nEntrada\nn Tensão: \n    •  3kVA \n100/110/115/120/127 VAC 120V (standard) ou  \n200/208/220/230/240 VAC 220V (standard) \n    •  6kVA / 10kVA\n 200/208/220/230/240 VAC 220V (standard)\nn Variação Admissível:\n   •   3kVA \n55-150 VAC ou 110-300 VAC @ 50% de Carga\n80-150 VAC ou 160-300 VAC @ 100% de Carga\n   •   6kVA / 10kVA \n110-300 VAC @ 50% de Carga\n176-300 VAC @ 100% de Carga \nn Freqüência: 50/60 Hz                           \nn Variação de Freqüência Admissível:   \n    •    3kVA  \n40-70Hz\n    •    6kVA / 10 kVA \n46-54Hz @50Hz e 56-64Hz @60Hz\nn  Configuração:\nMonofásica \nn Fator de Potência:\n≥ 0.99 Tensão nominal (100% de Carga)\nn Distorção Harmônica THDi:\n    •    3kVA\n ≤ 5% @ Tensão de Entrada nominal\n    •    6kVA / 10kVA\n<4% @100% de Carga, <6% @50% de Carga\nSaída\nnTensão: \n    •   3kVA \n100/110/115/120/127 VAC 115V (standard) ou \n200/208/220/230/240 VAC 220V (standard) \n    •   6kVA / 10kVA \n200/208/220/230/240 VAC 220V (standard) \nn Fator de Potência:  1,0\nn Regulação Estática:   ± 1% nominal modo \nbateria\nn Freqüência:   50 / 60 Hz \nn Variação de Freqüência: \n± 0,1Hz em modo bateria\nn Sincronismo com a Rede:   Sim\nn Configuração:   \n Monofásica f+n+t \nn Forma de Onda:   Onda senoidal pura\nn Distorção Harmônica THD:  \n •   3kVA \n    ≤ 2% carga linear \n    ≤ 4% carga não-linear \n •   6kVA / 10kVA \n    ≤ 1% carga linear \n    ≤ 4% carga não-linearBaterias\nn  Composição:  \n    •    72  VDC - 3,0 kVA \n    •     240 VDC - 6,0 kVA \n    •     240 VDC - 10,0 kVA \nn  Sistema de Recarga: \ncontrolado, automático\nn Tempo de Recarga:  \n8 a 10 horas para 90% da carga\nn Tipo: \nseladas, isentas de manutenção\nn  Paralelismo Redundante (N+1) \n»  Disponível nas potências de 6 e 10kVA\nn By-pass estático (inteligente):  \nO termo inteligente aplica-se, visto que a linha \nComposition XV  possui desligamento da saída da \nchave estática em condições que, a tensão da rede \napresenta variações fora da faixa de trabalho, prote -\ngendo a carga contra sub ou sobre tensão mesmo \nna condição de by-pass estático.']",A cor da pintura seria grafite.,A resposta à pergunta dada está presente no contexto,,0.8387967520195017,,,0.0
58,"Sob o modo de bypass estático do No-Break, ocorre qual consequência na carga?","['Equalização A tiva de Bat erias\nO  QUE  É  ?\nO Equalizer é uma solução revolucionária de Equalização Ativa Individual de Baterias,  desenvolvido e fabricado \nno Brasil, pela CM Comandos. \nCada bateria recebe um Módulo de Bateria, conectado a um controlador, o Master Controller.  O Controller \nsupervisiona a tensão final das baterias e controla os Módulos de Baterias de forma a regular a tensão sobre cada \nbateria, para que todas as baterias sempre apresentem a mesma tensão.\nCada Módulo de Bateria possui um microcontrolador e um módulo ativo que mantêm todas as baterias \nequalizadas. \nA Equalização Ativa faz com que todas as baterias sejam igualmente carregadas com a mesma tensão, \neliminando o efeito negativo de uma bateria sobrecarregar as outras, com excesso de carga ou o inverso, de \nimpedir que as baterias adjacentes sejam carregadas plenamente.\nO Equalizer permite que as  baterias atinjam 100% da sua vida útil, projetada pelos fabricantes. Antes, sem o \nEqualizer, as baterias se deterioravam precocemente e era necessário substituí-las. Dependendo do tipo de \nbateria, a durabilidade pode dobrar,  eliminando substituições  e reduzindo a necessidade de reciclagem.  O \nprocesso de reciclagem consome grandes recursos naturais.\nAlém disso, o sistema impede a queda do sistema por falha de baterias,  enviando alarmes ANTES de ocorrer uma \nfalha do sistema, reduzindo o DOWNTIME e elevando a confiabilidade de todo sistema.\nRede Elétr ica\nde En tradaRetificador\nCarregador\nBanc o de\nBateriasBateria 1\nBateria 2\nBateria 3\nBateria nEqualizer\nEqualizer\nEqualizer\nEqualizerMaster\nController\nCorrente Alt ernada de Entrada\nCabo de Comunicação Cabo de Medição Módulo EqualizerCorr ente ContínuaCOMO FUNCIONA ?\nEqualiz er - Equalização A tiva\nA central contr ola cada módulo , conec tado em \nparalelo com a bat eria e contr ola a t ensão de f orma \nque t odas fiquem iguais . Além disso , monit ora  \nconstant ement e a Resist ência I nterna e a \nTemperatura individualment e de cada bat eria, \narmaz ena os dados para análise e emit e alar mes \nantes de ocor rer a falh a.'
 'ESPECIFICAÇÕES TÉCNICAS \nEntrada\nn Tensão: \n    •  3kVA \n100/110/115/120/127 VAC 120V (standard) ou  \n200/208/220/230/240 VAC 220V (standard) \n    •  6kVA / 10kVA\n 200/208/220/230/240 VAC 220V (standard)\nn Variação Admissível:\n   •   3kVA \n55-150 VAC ou 110-300 VAC @ 50% de Carga\n80-150 VAC ou 160-300 VAC @ 100% de Carga\n   •   6kVA / 10kVA \n110-300 VAC @ 50% de Carga\n176-300 VAC @ 100% de Carga \nn Freqüência: 50/60 Hz                           \nn Variação de Freqüência Admissível:   \n    •    3kVA  \n40-70Hz\n    •    6kVA / 10 kVA \n46-54Hz @50Hz e 56-64Hz @60Hz\nn  Configuração:\nMonofásica \nn Fator de Potência:\n≥ 0.99 Tensão nominal (100% de Carga)\nn Distorção Harmônica THDi:\n    •    3kVA\n ≤ 5% @ Tensão de Entrada nominal\n    •    6kVA / 10kVA\n<4% @100% de Carga, <6% @50% de Carga\nSaída\nnTensão: \n    •   3kVA \n100/110/115/120/127 VAC 115V (standard) ou \n200/208/220/230/240 VAC 220V (standard) \n    •   6kVA / 10kVA \n200/208/220/230/240 VAC 220V (standard) \nn Fator de Potência:  1,0\nn Regulação Estática:   ± 1% nominal modo \nbateria\nn Freqüência:   50 / 60 Hz \nn Variação de Freqüência: \n± 0,1Hz em modo bateria\nn Sincronismo com a Rede:   Sim\nn Configuração:   \n Monofásica f+n+t \nn Forma de Onda:   Onda senoidal pura\nn Distorção Harmônica THD:  \n •   3kVA \n    ≤ 2% carga linear \n    ≤ 4% carga não-linear \n •   6kVA / 10kVA \n    ≤ 1% carga linear \n    ≤ 4% carga não-linearBaterias\nn  Composição:  \n    •    72  VDC - 3,0 kVA \n    •     240 VDC - 6,0 kVA \n    •     240 VDC - 10,0 kVA \nn  Sistema de Recarga: \ncontrolado, automático\nn Tempo de Recarga:  \n8 a 10 horas para 90% da carga\nn Tipo: \nseladas, isentas de manutenção\nn  Paralelismo Redundante (N+1) \n»  Disponível nas potências de 6 e 10kVA\nn By-pass estático (inteligente):  \nO termo inteligente aplica-se, visto que a linha \nComposition XV  possui desligamento da saída da \nchave estática em condições que, a tensão da rede \napresenta variações fora da faixa de trabalho, prote -\ngendo a carga contra sub ou sobre tensão mesmo \nna condição de by-pass estático.']",A carga é protegida contra sub ou sobre tensão mesmo na condição de by-pass estático.,"A car ga é alimentada diretamente pelo circuito alternativo de Bypass que possibilita o desligamento completo do equipamento , podendo assim , r ealizar uma manutenção com substituições de peças e placas sem a necessidade de desligamento . Com o auxílio da chave estática, após a manutenção , é possív el transf erir novamente o No -Break para o modo normal mantendo a car ga sempr e alimentada.",,0.6988961689871249,,,
59,O que 'kVA' significa na S2?,"['monobloco\n   \n    •Painel F rontal: em ABS de alta r esistência\n  \n    • A cabamento: pintura epó xi-pó na cor g rafite\n       com tratamento tér mico e anti- corrosivo\nTransf ormador Isolador : com blindagem\n    eletr ostátican  \nn  \nn   Alarmes\nContr olados pelo pr ocessador DSP\nTipos de Alarmes:\n   \n    •Sonor os: \n       »  A utocheck I nicialização\n       »  Tensão da Rede F ora da F aixa\n       »  Sobr ecar ga de Saída\n       »  F alha I nterna do Estabilizador\n       »  F reqüência da Rede F ora de F aixa\n   \n     •Sinalização: L eds de Status do P ainel\n       »  Rede Nor mal\n       »  Saída Nor mal\n       »  F alhan   \nn   Características de Oper ação\nRuído A udív el: 55 dBA a 60 dBA a 1 metr o\n MTBF (M ean Time Bet ween F ailur es): 50 mil horas\nMTTR (M ean Time To Repair): 30 minutos\nTemperatura Ambiente: \n   \n•Mínimo: 0ºC / M áximo 40ºC\n   \n    •Recomendada: 20ºC a 25ºC\nUmidade Relativa:\n   \n    •0% a 95% sem condensação\n   \n    •Recomendada: 45% a 55%\nAltitude: até 1.800m\n Tipo de Ambiente Recomendado:\n   \n    •Interno, instalação abr igada\n   \n    •Atmosf era: limpa, livr e de par tículas condutivas , \n      gases tó xicos , líquidos e inflamáv eis.\nGrau de P roteção: IP -20n   \nn  \nn   \nn   \n   \nn   \nn    \nn  \nn    \n   2000    2,0       620 X 200 X 600        41  \n   3000    3,0       620 X 200 X 600        43\n   5000    5,0       620 X 200 X 600           47\n   7500    7,5       620 X 200 X 600           61\n 10000  10,0       790 X 400 X 775        119\n 15000  15,0       790 X 400 X 775        147Modelo Potência \nkVADimensões Físicas\nalt x lar g x prof \nmmPeso \nkg\n* Opcional\nCM.MK T MAR 22  -   As especificações estão sujeitas a alterações sem pr évio aviso . Nós incentivamos a r eciclagem\nCertificação de \nSustentabilidade A uditadaESPECIFIC AÇÕES  TÉCNIC ASOs Estabilizador es de Tensão M icroprocessados P erfection MI S2 possuem uma tecnolog ia inédita de duplos con versor es estáticos com módulos IGBT s, de última geração . \nTotalmente contr olado por micr oprocessador DSP – Dig ital Sig nal P rocessor , o estabilizador cor rige instantaneamente qualquer var iação de tensão da r ede elétr ica da \nconcessionár ia, além de atenuar distor ção har mônica, var iações de fr equência e distúr bios elétr icos, gerando uma f orma de onda senoidal pura, e f ornecendo uma linha \nestabilizada ex clusiva e isolada para as aplicações sensív eis.\nA tecnolog ia DSP r ealiza medições em True RMS g raças à amostragem dig ital, sem r etardos ou desvios , com alta v elocidade e confiabilidade . Isso sig nifica que podemos \nproduzir sistemas cada v ez menor es e capaz es de r ealizar mais funções , com elevada confiabilidade .'
 'Alta Tecnolog ia em\nEstabilizador es de Tensão DSP\nDigital Sig nal P rocessor\nOS MAIS  MODERNOS  ESTABILIZADORES CORPORATIVOSVivemos em um mundo cada vez mais ágil e prático . Um mundo unido por processador es, chips , softwares e periféricos, \nmas isso ainda não é o bastant e,  por isso o mundo caminha para tecnolog ias de processament o imediat o de dados . A  \nCM Comandos Linear es está um passo à frente e oferece aos seus client es produt os de alta tecnolog ia digital.\ne, esta tecnolog ia está present e soment e nos mais sofisticados sistemas eletr ônicos, devido à sua alta velocidade e \nconfiabilidade . Isso significa que podemos produzir sistemas cada vez menor es,  mais rápidos , capaz es de realizar mais \nfunções e, ao mesmo tempo , elevar cada vez mais a confiabilidade das nossas soluções .Hoj\nOutr o diferencial  é a capacidade de corrigir as \nvariações extremas de corrente de carga. Esta \ncarac terística propor ciona alta performance e \nconfiabilidade , tornando os Estabilizador es \nPerfection SP  ideais  para cargas que geram \npicos de alta  corrente e que necessitam de \nproteção  e  ener gia estabilizada. \nAo pensar em adquir ir Estabilizador es de \nTensão, conte com as soluções CM \nComandos , que asseguram tecnolog ia de \nponta, máxima proteção , precisão digital e \nprocessament o DSP em tempo real.\nA linha de Estabilizador es de Tensão Perfection Série Premium, utiliza uma tecnolog ia inédita de conversor es estáticos \ncom módulos IGBT s de última geração .  Contr olado por micr oprocessador  DSP,  corrige instantaneament e qualquer \nvariação de tensão da rede elétr ica da concessionár ia, tudo na velocidade de amostragem digital, sem retardos ou \ndesvios .  Todos os setups e configurações são r ealizados por sof tware, além disso ,  possui um ex clusiv o registro log de \neventos, permitindo total rastr eabilidade em caso de anomalias .']","O valor ""kVA"" representa a potência do modelo em quilovolt-ampere.",A resposta à pergunta dada não está presente no contexto,,0.0,,,
60,"Somar potência em paralelo com SM, quais vantagens?","['monobloco\n   \n    •Painel F rontal: em ABS de alta r esistência\n  \n    • A cabamento: pintura epó xi-pó na cor g rafite\n       com tratamento tér mico e anti- corrosivo\nTransf ormador Isolador : com blindagem\n    eletr ostátican  \nn  \nn   Alarmes\nContr olados pelo pr ocessador DSP\nTipos de Alarmes:\n   \n    •Sonor os: \n       »  A utocheck I nicialização\n       »  Tensão da Rede F ora da F aixa\n       »  Sobr ecar ga de Saída\n       »  F alha I nterna do Estabilizador\n       »  F reqüência da Rede F ora de F aixa\n   \n     •Sinalização: L eds de Status do P ainel\n       »  Rede Nor mal\n       »  Saída Nor mal\n       »  F alhan   \nn   Características de Oper ação\nRuído A udív el: 55 dBA a 60 dBA a 1 metr o\n MTBF (M ean Time Bet ween F ailur es): 50 mil horas\nMTTR (M ean Time To Repair): 30 minutos\nTemperatura Ambiente: \n   \n•Mínimo: 0ºC / M áximo 40ºC\n   \n    •Recomendada: 20ºC a 25ºC\nUmidade Relativa:\n   \n    •0% a 95% sem condensação\n   \n    •Recomendada: 45% a 55%\nAltitude: até 1.800m\n Tipo de Ambiente Recomendado:\n   \n    •Interno, instalação abr igada\n   \n    •Atmosf era: limpa, livr e de par tículas condutivas , \n      gases tó xicos , líquidos e inflamáv eis.\nGrau de P roteção: IP -20n   \nn  \nn   \nn   \n   \nn   \nn    \nn  \nn    \n   2000    2,0       620 X 200 X 600        41  \n   3000    3,0       620 X 200 X 600        43\n   5000    5,0       620 X 200 X 600           47\n   7500    7,5       620 X 200 X 600           61\n 10000  10,0       790 X 400 X 775        119\n 15000  15,0       790 X 400 X 775        147Modelo Potência \nkVADimensões Físicas\nalt x lar g x prof \nmmPeso \nkg\n* Opcional\nCM.MK T MAR 22  -   As especificações estão sujeitas a alterações sem pr évio aviso . Nós incentivamos a r eciclagem\nCertificação de \nSustentabilidade A uditadaESPECIFIC AÇÕES  TÉCNIC ASOs Estabilizador es de Tensão M icroprocessados P erfection MI S2 possuem uma tecnolog ia inédita de duplos con versor es estáticos com módulos IGBT s, de última geração . \nTotalmente contr olado por micr oprocessador DSP – Dig ital Sig nal P rocessor , o estabilizador cor rige instantaneamente qualquer var iação de tensão da r ede elétr ica da \nconcessionár ia, além de atenuar distor ção har mônica, var iações de fr equência e distúr bios elétr icos, gerando uma f orma de onda senoidal pura, e f ornecendo uma linha \nestabilizada ex clusiva e isolada para as aplicações sensív eis.\nA tecnolog ia DSP r ealiza medições em True RMS g raças à amostragem dig ital, sem r etardos ou desvios , com alta v elocidade e confiabilidade . Isso sig nifica que podemos \nproduzir sistemas cada v ez menor es e capaz es de r ealizar mais funções , com elevada confiabilidade .'
 'Alta Tecnolog ia em\nEstabilizador es de Tensão DSP\nDigital Sig nal P rocessor\nOS MAIS  MODERNOS  ESTABILIZADORES CORPORATIVOSVivemos em um mundo cada vez mais ágil e prático . Um mundo unido por processador es, chips , softwares e periféricos, \nmas isso ainda não é o bastant e,  por isso o mundo caminha para tecnolog ias de processament o imediat o de dados . A  \nCM Comandos Linear es está um passo à frente e oferece aos seus client es produt os de alta tecnolog ia digital.\ne, esta tecnolog ia está present e soment e nos mais sofisticados sistemas eletr ônicos, devido à sua alta velocidade e \nconfiabilidade . Isso significa que podemos produzir sistemas cada vez menor es,  mais rápidos , capaz es de realizar mais \nfunções e, ao mesmo tempo , elevar cada vez mais a confiabilidade das nossas soluções .Hoj\nOutr o diferencial  é a capacidade de corrigir as \nvariações extremas de corrente de carga. Esta \ncarac terística propor ciona alta performance e \nconfiabilidade , tornando os Estabilizador es \nPerfection SP  ideais  para cargas que geram \npicos de alta  corrente e que necessitam de \nproteção  e  ener gia estabilizada. \nAo pensar em adquir ir Estabilizador es de \nTensão, conte com as soluções CM \nComandos , que asseguram tecnolog ia de \nponta, máxima proteção , precisão digital e \nprocessament o DSP em tempo real.\nA linha de Estabilizador es de Tensão Perfection Série Premium, utiliza uma tecnolog ia inédita de conversor es estáticos \ncom módulos IGBT s de última geração .  Contr olado por micr oprocessador  DSP,  corrige instantaneament e qualquer \nvariação de tensão da rede elétr ica da concessionár ia, tudo na velocidade de amostragem digital, sem retardos ou \ndesvios .  Todos os setups e configurações são r ealizados por sof tware, além disso ,  possui um ex clusiv o registro log de \neventos, permitindo total rastr eabilidade em caso de anomalias .']","A combinação de estabilizadores de tensão em paralelo pode oferecer uma melhor resistência a falhas e uma maior confiabilidade geral. Além disso, essa configuração pode também permitir uma maior capacidade de carga e uma menor perda de potência.","O paralelismo em somatística de potência permite a ligacóo de No Breaks com potências diferentes e distribui a carga proporcionalmente, possibilitando a expansão do sistema de acordo com a demanda de consumo. Além disso, essa configuração permite a ligação em paralelo redundante N + 1, N + 2, N + 3 ..., mantendo a carga ativa mesmo com o desligamento de uma ou mais unidades.",,0.8654239782758534,,,
61,A Regulação Estética tem uma tolerância de ±1%. Qual é o valor correspondente para precisão?,"['monobloco\n   \n    •Painel F rontal: em ABS de alta r esistência\n  \n    • A cabamento: pintura epó xi-pó na cor g rafite\n       com tratamento tér mico e anti- corrosivo\nTransf ormador Isolador : com blindagem\n    eletr ostátican  \nn  \nn   Alarmes\nContr olados pelo pr ocessador DSP\nTipos de Alarmes:\n   \n    •Sonor os: \n       »  A utocheck I nicialização\n       »  Tensão da Rede F ora da F aixa\n       »  Sobr ecar ga de Saída\n       »  F alha I nterna do Estabilizador\n       »  F reqüência da Rede F ora de F aixa\n   \n     •Sinalização: L eds de Status do P ainel\n       »  Rede Nor mal\n       »  Saída Nor mal\n       »  F alhan   \nn   Características de Oper ação\nRuído A udív el: 55 dBA a 60 dBA a 1 metr o\n MTBF (M ean Time Bet ween F ailur es): 50 mil horas\nMTTR (M ean Time To Repair): 30 minutos\nTemperatura Ambiente: \n   \n•Mínimo: 0ºC / M áximo 40ºC\n   \n    •Recomendada: 20ºC a 25ºC\nUmidade Relativa:\n   \n    •0% a 95% sem condensação\n   \n    •Recomendada: 45% a 55%\nAltitude: até 1.800m\n Tipo de Ambiente Recomendado:\n   \n    •Interno, instalação abr igada\n   \n    •Atmosf era: limpa, livr e de par tículas condutivas , \n      gases tó xicos , líquidos e inflamáv eis.\nGrau de P roteção: IP -20n   \nn  \nn   \nn   \n   \nn   \nn    \nn  \nn    \n   2000    2,0       620 X 200 X 600        41  \n   3000    3,0       620 X 200 X 600        43\n   5000    5,0       620 X 200 X 600           47\n   7500    7,5       620 X 200 X 600           61\n 10000  10,0       790 X 400 X 775        119\n 15000  15,0       790 X 400 X 775        147Modelo Potência \nkVADimensões Físicas\nalt x lar g x prof \nmmPeso \nkg\n* Opcional\nCM.MK T MAR 22  -   As especificações estão sujeitas a alterações sem pr évio aviso . Nós incentivamos a r eciclagem\nCertificação de \nSustentabilidade A uditadaESPECIFIC AÇÕES  TÉCNIC ASOs Estabilizador es de Tensão M icroprocessados P erfection MI S2 possuem uma tecnolog ia inédita de duplos con versor es estáticos com módulos IGBT s, de última geração . \nTotalmente contr olado por micr oprocessador DSP – Dig ital Sig nal P rocessor , o estabilizador cor rige instantaneamente qualquer var iação de tensão da r ede elétr ica da \nconcessionár ia, além de atenuar distor ção har mônica, var iações de fr equência e distúr bios elétr icos, gerando uma f orma de onda senoidal pura, e f ornecendo uma linha \nestabilizada ex clusiva e isolada para as aplicações sensív eis.\nA tecnolog ia DSP r ealiza medições em True RMS g raças à amostragem dig ital, sem r etardos ou desvios , com alta v elocidade e confiabilidade . Isso sig nifica que podemos \nproduzir sistemas cada v ez menor es e capaz es de r ealizar mais funções , com elevada confiabilidade .'
 'ESPECIFICAÇÕES TÉCNICAS \nEntrada\nn Tensão: \n    •  3kVA \n100/110/115/120/127 VAC 120V (standard) ou  \n200/208/220/230/240 VAC 220V (standard) \n    •  6kVA / 10kVA\n 200/208/220/230/240 VAC 220V (standard)\nn Variação Admissível:\n   •   3kVA \n55-150 VAC ou 110-300 VAC @ 50% de Carga\n80-150 VAC ou 160-300 VAC @ 100% de Carga\n   •   6kVA / 10kVA \n110-300 VAC @ 50% de Carga\n176-300 VAC @ 100% de Carga \nn Freqüência: 50/60 Hz                           \nn Variação de Freqüência Admissível:   \n    •    3kVA  \n40-70Hz\n    •    6kVA / 10 kVA \n46-54Hz @50Hz e 56-64Hz @60Hz\nn  Configuração:\nMonofásica \nn Fator de Potência:\n≥ 0.99 Tensão nominal (100% de Carga)\nn Distorção Harmônica THDi:\n    •    3kVA\n ≤ 5% @ Tensão de Entrada nominal\n    •    6kVA / 10kVA\n<4% @100% de Carga, <6% @50% de Carga\nSaída\nnTensão: \n    •   3kVA \n100/110/115/120/127 VAC 115V (standard) ou \n200/208/220/230/240 VAC 220V (standard) \n    •   6kVA / 10kVA \n200/208/220/230/240 VAC 220V (standard) \nn Fator de Potência:  1,0\nn Regulação Estática:   ± 1% nominal modo \nbateria\nn Freqüência:   50 / 60 Hz \nn Variação de Freqüência: \n± 0,1Hz em modo bateria\nn Sincronismo com a Rede:   Sim\nn Configuração:   \n Monofásica f+n+t \nn Forma de Onda:   Onda senoidal pura\nn Distorção Harmônica THD:  \n •   3kVA \n    ≤ 2% carga linear \n    ≤ 4% carga não-linear \n •   6kVA / 10kVA \n    ≤ 1% carga linear \n    ≤ 4% carga não-linearBaterias\nn  Composição:  \n    •    72  VDC - 3,0 kVA \n    •     240 VDC - 6,0 kVA \n    •     240 VDC - 10,0 kVA \nn  Sistema de Recarga: \ncontrolado, automático\nn Tempo de Recarga:  \n8 a 10 horas para 90% da carga\nn Tipo: \nseladas, isentas de manutenção\nn  Paralelismo Redundante (N+1) \n»  Disponível nas potências de 6 e 10kVA\nn By-pass estático (inteligente):  \nO termo inteligente aplica-se, visto que a linha \nComposition XV  possui desligamento da saída da \nchave estática em condições que, a tensão da rede \napresenta variações fora da faixa de trabalho, prote -\ngendo a carga contra sub ou sobre tensão mesmo \nna condição de by-pass estático.']","A precisão de uma medição ou regulação é a distância entre o valor real e o valor medido. Se a tolerância de regulação estática é de ±1%, isso significa que o valor medido pode variar em até 1% ao redor do valor real.

Portanto, se o valor real é 100%, a precisão seria de 99% a 101%.",A Regulação Estética tem uma tolerância de ±1% e o valor correspondente para precisão é 1,,0.8313145811555227,,,
62,"Ligar e recarregar as baterias a 90%, quanto tempo isso leva?","['monobloco\n   \n    •Painel F rontal: em ABS de alta r esistência\n  \n    • A cabamento: pintura epó xi-pó na cor g rafite\n       com tratamento tér mico e anti- corrosivo\nTransf ormador Isolador : com blindagem\n    eletr ostátican  \nn  \nn   Alarmes\nContr olados pelo pr ocessador DSP\nTipos de Alarmes:\n   \n    •Sonor os: \n       »  A utocheck I nicialização\n       »  Tensão da Rede F ora da F aixa\n       »  Sobr ecar ga de Saída\n       »  F alha I nterna do Estabilizador\n       »  F reqüência da Rede F ora de F aixa\n   \n     •Sinalização: L eds de Status do P ainel\n       »  Rede Nor mal\n       »  Saída Nor mal\n       »  F alhan   \nn   Características de Oper ação\nRuído A udív el: 55 dBA a 60 dBA a 1 metr o\n MTBF (M ean Time Bet ween F ailur es): 50 mil horas\nMTTR (M ean Time To Repair): 30 minutos\nTemperatura Ambiente: \n   \n•Mínimo: 0ºC / M áximo 40ºC\n   \n    •Recomendada: 20ºC a 25ºC\nUmidade Relativa:\n   \n    •0% a 95% sem condensação\n   \n    •Recomendada: 45% a 55%\nAltitude: até 1.800m\n Tipo de Ambiente Recomendado:\n   \n    •Interno, instalação abr igada\n   \n    •Atmosf era: limpa, livr e de par tículas condutivas , \n      gases tó xicos , líquidos e inflamáv eis.\nGrau de P roteção: IP -20n   \nn  \nn   \nn   \n   \nn   \nn    \nn  \nn    \n   2000    2,0       620 X 200 X 600        41  \n   3000    3,0       620 X 200 X 600        43\n   5000    5,0       620 X 200 X 600           47\n   7500    7,5       620 X 200 X 600           61\n 10000  10,0       790 X 400 X 775        119\n 15000  15,0       790 X 400 X 775        147Modelo Potência \nkVADimensões Físicas\nalt x lar g x prof \nmmPeso \nkg\n* Opcional\nCM.MK T MAR 22  -   As especificações estão sujeitas a alterações sem pr évio aviso . Nós incentivamos a r eciclagem\nCertificação de \nSustentabilidade A uditadaESPECIFIC AÇÕES  TÉCNIC ASOs Estabilizador es de Tensão M icroprocessados P erfection MI S2 possuem uma tecnolog ia inédita de duplos con versor es estáticos com módulos IGBT s, de última geração . \nTotalmente contr olado por micr oprocessador DSP – Dig ital Sig nal P rocessor , o estabilizador cor rige instantaneamente qualquer var iação de tensão da r ede elétr ica da \nconcessionár ia, além de atenuar distor ção har mônica, var iações de fr equência e distúr bios elétr icos, gerando uma f orma de onda senoidal pura, e f ornecendo uma linha \nestabilizada ex clusiva e isolada para as aplicações sensív eis.\nA tecnolog ia DSP r ealiza medições em True RMS g raças à amostragem dig ital, sem r etardos ou desvios , com alta v elocidade e confiabilidade . Isso sig nifica que podemos \nproduzir sistemas cada v ez menor es e capaz es de r ealizar mais funções , com elevada confiabilidade .'
 'ESPECIFICAÇÕES TÉCNICAS \nEntrada\nn Tensão: \n    •  3kVA \n100/110/115/120/127 VAC 120V (standard) ou  \n200/208/220/230/240 VAC 220V (standard) \n    •  6kVA / 10kVA\n 200/208/220/230/240 VAC 220V (standard)\nn Variação Admissível:\n   •   3kVA \n55-150 VAC ou 110-300 VAC @ 50% de Carga\n80-150 VAC ou 160-300 VAC @ 100% de Carga\n   •   6kVA / 10kVA \n110-300 VAC @ 50% de Carga\n176-300 VAC @ 100% de Carga \nn Freqüência: 50/60 Hz                           \nn Variação de Freqüência Admissível:   \n    •    3kVA  \n40-70Hz\n    •    6kVA / 10 kVA \n46-54Hz @50Hz e 56-64Hz @60Hz\nn  Configuração:\nMonofásica \nn Fator de Potência:\n≥ 0.99 Tensão nominal (100% de Carga)\nn Distorção Harmônica THDi:\n    •    3kVA\n ≤ 5% @ Tensão de Entrada nominal\n    •    6kVA / 10kVA\n<4% @100% de Carga, <6% @50% de Carga\nSaída\nnTensão: \n    •   3kVA \n100/110/115/120/127 VAC 115V (standard) ou \n200/208/220/230/240 VAC 220V (standard) \n    •   6kVA / 10kVA \n200/208/220/230/240 VAC 220V (standard) \nn Fator de Potência:  1,0\nn Regulação Estática:   ± 1% nominal modo \nbateria\nn Freqüência:   50 / 60 Hz \nn Variação de Freqüência: \n± 0,1Hz em modo bateria\nn Sincronismo com a Rede:   Sim\nn Configuração:   \n Monofásica f+n+t \nn Forma de Onda:   Onda senoidal pura\nn Distorção Harmônica THD:  \n •   3kVA \n    ≤ 2% carga linear \n    ≤ 4% carga não-linear \n •   6kVA / 10kVA \n    ≤ 1% carga linear \n    ≤ 4% carga não-linearBaterias\nn  Composição:  \n    •    72  VDC - 3,0 kVA \n    •     240 VDC - 6,0 kVA \n    •     240 VDC - 10,0 kVA \nn  Sistema de Recarga: \ncontrolado, automático\nn Tempo de Recarga:  \n8 a 10 horas para 90% da carga\nn Tipo: \nseladas, isentas de manutenção\nn  Paralelismo Redundante (N+1) \n»  Disponível nas potências de 6 e 10kVA\nn By-pass estático (inteligente):  \nO termo inteligente aplica-se, visto que a linha \nComposition XV  possui desligamento da saída da \nchave estática em condições que, a tensão da rede \napresenta variações fora da faixa de trabalho, prote -\ngendo a carga contra sub ou sobre tensão mesmo \nna condição de by-pass estático.']",8 a 10 horas.,A resposta à pergunta dada não está presente no contexto,,0.9514119420456941,0.0,,
63,Qual ferramenta da Interface de Gerenciamento Remoto permite monitorar o status do No-Break?,"['monobloco\n   \n    •Painel F rontal: em ABS de alta r esistência\n  \n    • A cabamento: pintura epó xi-pó na cor g rafite\n       com tratamento tér mico e anti- corrosivo\nTransf ormador Isolador : com blindagem\n    eletr ostátican  \nn  \nn   Alarmes\nContr olados pelo pr ocessador DSP\nTipos de Alarmes:\n   \n    •Sonor os: \n       »  A utocheck I nicialização\n       »  Tensão da Rede F ora da F aixa\n       »  Sobr ecar ga de Saída\n       »  F alha I nterna do Estabilizador\n       »  F reqüência da Rede F ora de F aixa\n   \n     •Sinalização: L eds de Status do P ainel\n       »  Rede Nor mal\n       »  Saída Nor mal\n       »  F alhan   \nn   Características de Oper ação\nRuído A udív el: 55 dBA a 60 dBA a 1 metr o\n MTBF (M ean Time Bet ween F ailur es): 50 mil horas\nMTTR (M ean Time To Repair): 30 minutos\nTemperatura Ambiente: \n   \n•Mínimo: 0ºC / M áximo 40ºC\n   \n    •Recomendada: 20ºC a 25ºC\nUmidade Relativa:\n   \n    •0% a 95% sem condensação\n   \n    •Recomendada: 45% a 55%\nAltitude: até 1.800m\n Tipo de Ambiente Recomendado:\n   \n    •Interno, instalação abr igada\n   \n    •Atmosf era: limpa, livr e de par tículas condutivas , \n      gases tó xicos , líquidos e inflamáv eis.\nGrau de P roteção: IP -20n   \nn  \nn   \nn   \n   \nn   \nn    \nn  \nn    \n   2000    2,0       620 X 200 X 600        41  \n   3000    3,0       620 X 200 X 600        43\n   5000    5,0       620 X 200 X 600           47\n   7500    7,5       620 X 200 X 600           61\n 10000  10,0       790 X 400 X 775        119\n 15000  15,0       790 X 400 X 775        147Modelo Potência \nkVADimensões Físicas\nalt x lar g x prof \nmmPeso \nkg\n* Opcional\nCM.MK T MAR 22  -   As especificações estão sujeitas a alterações sem pr évio aviso . Nós incentivamos a r eciclagem\nCertificação de \nSustentabilidade A uditadaESPECIFIC AÇÕES  TÉCNIC ASOs Estabilizador es de Tensão M icroprocessados P erfection MI S2 possuem uma tecnolog ia inédita de duplos con versor es estáticos com módulos IGBT s, de última geração . \nTotalmente contr olado por micr oprocessador DSP – Dig ital Sig nal P rocessor , o estabilizador cor rige instantaneamente qualquer var iação de tensão da r ede elétr ica da \nconcessionár ia, além de atenuar distor ção har mônica, var iações de fr equência e distúr bios elétr icos, gerando uma f orma de onda senoidal pura, e f ornecendo uma linha \nestabilizada ex clusiva e isolada para as aplicações sensív eis.\nA tecnolog ia DSP r ealiza medições em True RMS g raças à amostragem dig ital, sem r etardos ou desvios , com alta v elocidade e confiabilidade . Isso sig nifica que podemos \nproduzir sistemas cada v ez menor es e capaz es de r ealizar mais funções , com elevada confiabilidade .'
 'Alta Tecnolog ia em\nEstabilizador es de Tensão DSP\nDigital Sig nal P rocessor\nOS MAIS  MODERNOS  ESTABILIZADORES CORPORATIVOSVivemos em um mundo cada vez mais ágil e prático . Um mundo unido por processador es, chips , softwares e periféricos, \nmas isso ainda não é o bastant e,  por isso o mundo caminha para tecnolog ias de processament o imediat o de dados . A  \nCM Comandos Linear es está um passo à frente e oferece aos seus client es produt os de alta tecnolog ia digital.\ne, esta tecnolog ia está present e soment e nos mais sofisticados sistemas eletr ônicos, devido à sua alta velocidade e \nconfiabilidade . Isso significa que podemos produzir sistemas cada vez menor es,  mais rápidos , capaz es de realizar mais \nfunções e, ao mesmo tempo , elevar cada vez mais a confiabilidade das nossas soluções .Hoj\nOutr o diferencial  é a capacidade de corrigir as \nvariações extremas de corrente de carga. Esta \ncarac terística propor ciona alta performance e \nconfiabilidade , tornando os Estabilizador es \nPerfection SP  ideais  para cargas que geram \npicos de alta  corrente e que necessitam de \nproteção  e  ener gia estabilizada. \nAo pensar em adquir ir Estabilizador es de \nTensão, conte com as soluções CM \nComandos , que asseguram tecnolog ia de \nponta, máxima proteção , precisão digital e \nprocessament o DSP em tempo real.\nA linha de Estabilizador es de Tensão Perfection Série Premium, utiliza uma tecnolog ia inédita de conversor es estáticos \ncom módulos IGBT s de última geração .  Contr olado por micr oprocessador  DSP,  corrige instantaneament e qualquer \nvariação de tensão da rede elétr ica da concessionár ia, tudo na velocidade de amostragem digital, sem retardos ou \ndesvios .  Todos os setups e configurações são r ealizados por sof tware, além disso ,  possui um ex clusiv o registro log de \neventos, permitindo total rastr eabilidade em caso de anomalias .']","O Status do Painel pode ser monitoreado através do registro log de eventos, permitindo total rastreabilidade em caso de anomalias. Além disso, é possível monitorar os LEDs de Status do Painel, que indicam a normalidade ou anormalidade da rede e da saída.","O Adaptador SNMP permite gerenciar remotamente o No-Break via Internet através de um web browser, monitorar o status e enviar alertas por e-mail.",,0.760752666733365,,0.5,0.0
64,Quais temperaturas as baterias podem suportar?,"['monobloco\n   \n    •Painel F rontal: em ABS de alta r esistência\n  \n    • A cabamento: pintura epó xi-pó na cor g rafite\n       com tratamento tér mico e anti- corrosivo\nTransf ormador Isolador : com blindagem\n    eletr ostátican  \nn  \nn   Alarmes\nContr olados pelo pr ocessador DSP\nTipos de Alarmes:\n   \n    •Sonor os: \n       »  A utocheck I nicialização\n       »  Tensão da Rede F ora da F aixa\n       »  Sobr ecar ga de Saída\n       »  F alha I nterna do Estabilizador\n       »  F reqüência da Rede F ora de F aixa\n   \n     •Sinalização: L eds de Status do P ainel\n       »  Rede Nor mal\n       »  Saída Nor mal\n       »  F alhan   \nn   Características de Oper ação\nRuído A udív el: 55 dBA a 60 dBA a 1 metr o\n MTBF (M ean Time Bet ween F ailur es): 50 mil horas\nMTTR (M ean Time To Repair): 30 minutos\nTemperatura Ambiente: \n   \n•Mínimo: 0ºC / M áximo 40ºC\n   \n    •Recomendada: 20ºC a 25ºC\nUmidade Relativa:\n   \n    •0% a 95% sem condensação\n   \n    •Recomendada: 45% a 55%\nAltitude: até 1.800m\n Tipo de Ambiente Recomendado:\n   \n    •Interno, instalação abr igada\n   \n    •Atmosf era: limpa, livr e de par tículas condutivas , \n      gases tó xicos , líquidos e inflamáv eis.\nGrau de P roteção: IP -20n   \nn  \nn   \nn   \n   \nn   \nn    \nn  \nn    \n   2000    2,0       620 X 200 X 600        41  \n   3000    3,0       620 X 200 X 600        43\n   5000    5,0       620 X 200 X 600           47\n   7500    7,5       620 X 200 X 600           61\n 10000  10,0       790 X 400 X 775        119\n 15000  15,0       790 X 400 X 775        147Modelo Potência \nkVADimensões Físicas\nalt x lar g x prof \nmmPeso \nkg\n* Opcional\nCM.MK T MAR 22  -   As especificações estão sujeitas a alterações sem pr évio aviso . Nós incentivamos a r eciclagem\nCertificação de \nSustentabilidade A uditadaESPECIFIC AÇÕES  TÉCNIC ASOs Estabilizador es de Tensão M icroprocessados P erfection MI S2 possuem uma tecnolog ia inédita de duplos con versor es estáticos com módulos IGBT s, de última geração . \nTotalmente contr olado por micr oprocessador DSP – Dig ital Sig nal P rocessor , o estabilizador cor rige instantaneamente qualquer var iação de tensão da r ede elétr ica da \nconcessionár ia, além de atenuar distor ção har mônica, var iações de fr equência e distúr bios elétr icos, gerando uma f orma de onda senoidal pura, e f ornecendo uma linha \nestabilizada ex clusiva e isolada para as aplicações sensív eis.\nA tecnolog ia DSP r ealiza medições em True RMS g raças à amostragem dig ital, sem r etardos ou desvios , com alta v elocidade e confiabilidade . Isso sig nifica que podemos \nproduzir sistemas cada v ez menor es e capaz es de r ealizar mais funções , com elevada confiabilidade .'
 'Alta Tecnolog ia em\nEstabilizador es de Tensão DSP\nDigital Sig nal P rocessor\nOS MAIS  MODERNOS  ESTABILIZADORES CORPORATIVOSVivemos em um mundo cada vez mais ágil e prático . Um mundo unido por processador es, chips , softwares e periféricos, \nmas isso ainda não é o bastant e,  por isso o mundo caminha para tecnolog ias de processament o imediat o de dados . A  \nCM Comandos Linear es está um passo à frente e oferece aos seus client es produt os de alta tecnolog ia digital.\ne, esta tecnolog ia está present e soment e nos mais sofisticados sistemas eletr ônicos, devido à sua alta velocidade e \nconfiabilidade . Isso significa que podemos produzir sistemas cada vez menor es,  mais rápidos , capaz es de realizar mais \nfunções e, ao mesmo tempo , elevar cada vez mais a confiabilidade das nossas soluções .Hoj\nOutr o diferencial  é a capacidade de corrigir as \nvariações extremas de corrente de carga. Esta \ncarac terística propor ciona alta performance e \nconfiabilidade , tornando os Estabilizador es \nPerfection SP  ideais  para cargas que geram \npicos de alta  corrente e que necessitam de \nproteção  e  ener gia estabilizada. \nAo pensar em adquir ir Estabilizador es de \nTensão, conte com as soluções CM \nComandos , que asseguram tecnolog ia de \nponta, máxima proteção , precisão digital e \nprocessament o DSP em tempo real.\nA linha de Estabilizador es de Tensão Perfection Série Premium, utiliza uma tecnolog ia inédita de conversor es estáticos \ncom módulos IGBT s de última geração .  Contr olado por micr oprocessador  DSP,  corrige instantaneament e qualquer \nvariação de tensão da rede elétr ica da concessionár ia, tudo na velocidade de amostragem digital, sem retardos ou \ndesvios .  Todos os setups e configurações são r ealizados por sof tware, além disso ,  possui um ex clusiv o registro log de \neventos, permitindo total rastr eabilidade em caso de anomalias .']",0ºC a 40ºC.,"As temperaturas recomendadas para as baterias variam de 0ºC a 30ºC, e o ambiente ideal é de 20ºC e 25ºC.",,0.874976240859855,,,0.0
65,"Se o processador de sinal é 'premium', o que faz o estabilizador?","['monobloco\n   \n    •Painel F rontal: em ABS de alta r esistência\n  \n    • A cabamento: pintura epó xi-pó na cor g rafite\n       com tratamento tér mico e anti- corrosivo\nTransf ormador Isolador : com blindagem\n    eletr ostátican  \nn  \nn   Alarmes\nContr olados pelo pr ocessador DSP\nTipos de Alarmes:\n   \n    •Sonor os: \n       »  A utocheck I nicialização\n       »  Tensão da Rede F ora da F aixa\n       »  Sobr ecar ga de Saída\n       »  F alha I nterna do Estabilizador\n       »  F reqüência da Rede F ora de F aixa\n   \n     •Sinalização: L eds de Status do P ainel\n       »  Rede Nor mal\n       »  Saída Nor mal\n       »  F alhan   \nn   Características de Oper ação\nRuído A udív el: 55 dBA a 60 dBA a 1 metr o\n MTBF (M ean Time Bet ween F ailur es): 50 mil horas\nMTTR (M ean Time To Repair): 30 minutos\nTemperatura Ambiente: \n   \n•Mínimo: 0ºC / M áximo 40ºC\n   \n    •Recomendada: 20ºC a 25ºC\nUmidade Relativa:\n   \n    •0% a 95% sem condensação\n   \n    •Recomendada: 45% a 55%\nAltitude: até 1.800m\n Tipo de Ambiente Recomendado:\n   \n    •Interno, instalação abr igada\n   \n    •Atmosf era: limpa, livr e de par tículas condutivas , \n      gases tó xicos , líquidos e inflamáv eis.\nGrau de P roteção: IP -20n   \nn  \nn   \nn   \n   \nn   \nn    \nn  \nn    \n   2000    2,0       620 X 200 X 600        41  \n   3000    3,0       620 X 200 X 600        43\n   5000    5,0       620 X 200 X 600           47\n   7500    7,5       620 X 200 X 600           61\n 10000  10,0       790 X 400 X 775        119\n 15000  15,0       790 X 400 X 775        147Modelo Potência \nkVADimensões Físicas\nalt x lar g x prof \nmmPeso \nkg\n* Opcional\nCM.MK T MAR 22  -   As especificações estão sujeitas a alterações sem pr évio aviso . Nós incentivamos a r eciclagem\nCertificação de \nSustentabilidade A uditadaESPECIFIC AÇÕES  TÉCNIC ASOs Estabilizador es de Tensão M icroprocessados P erfection MI S2 possuem uma tecnolog ia inédita de duplos con versor es estáticos com módulos IGBT s, de última geração . \nTotalmente contr olado por micr oprocessador DSP – Dig ital Sig nal P rocessor , o estabilizador cor rige instantaneamente qualquer var iação de tensão da r ede elétr ica da \nconcessionár ia, além de atenuar distor ção har mônica, var iações de fr equência e distúr bios elétr icos, gerando uma f orma de onda senoidal pura, e f ornecendo uma linha \nestabilizada ex clusiva e isolada para as aplicações sensív eis.\nA tecnolog ia DSP r ealiza medições em True RMS g raças à amostragem dig ital, sem r etardos ou desvios , com alta v elocidade e confiabilidade . Isso sig nifica que podemos \nproduzir sistemas cada v ez menor es e capaz es de r ealizar mais funções , com elevada confiabilidade .'
 'ESPECIFICAÇÕES TÉCNICAS \nEntrada\nn Tensão: \n    •  3kVA \n100/110/115/120/127 VAC 120V (standard) ou  \n200/208/220/230/240 VAC 220V (standard) \n    •  6kVA / 10kVA\n 200/208/220/230/240 VAC 220V (standard)\nn Variação Admissível:\n   •   3kVA \n55-150 VAC ou 110-300 VAC @ 50% de Carga\n80-150 VAC ou 160-300 VAC @ 100% de Carga\n   •   6kVA / 10kVA \n110-300 VAC @ 50% de Carga\n176-300 VAC @ 100% de Carga \nn Freqüência: 50/60 Hz                           \nn Variação de Freqüência Admissível:   \n    •    3kVA  \n40-70Hz\n    •    6kVA / 10 kVA \n46-54Hz @50Hz e 56-64Hz @60Hz\nn  Configuração:\nMonofásica \nn Fator de Potência:\n≥ 0.99 Tensão nominal (100% de Carga)\nn Distorção Harmônica THDi:\n    •    3kVA\n ≤ 5% @ Tensão de Entrada nominal\n    •    6kVA / 10kVA\n<4% @100% de Carga, <6% @50% de Carga\nSaída\nnTensão: \n    •   3kVA \n100/110/115/120/127 VAC 115V (standard) ou \n200/208/220/230/240 VAC 220V (standard) \n    •   6kVA / 10kVA \n200/208/220/230/240 VAC 220V (standard) \nn Fator de Potência:  1,0\nn Regulação Estática:   ± 1% nominal modo \nbateria\nn Freqüência:   50 / 60 Hz \nn Variação de Freqüência: \n± 0,1Hz em modo bateria\nn Sincronismo com a Rede:   Sim\nn Configuração:   \n Monofásica f+n+t \nn Forma de Onda:   Onda senoidal pura\nn Distorção Harmônica THD:  \n •   3kVA \n    ≤ 2% carga linear \n    ≤ 4% carga não-linear \n •   6kVA / 10kVA \n    ≤ 1% carga linear \n    ≤ 4% carga não-linearBaterias\nn  Composição:  \n    •    72  VDC - 3,0 kVA \n    •     240 VDC - 6,0 kVA \n    •     240 VDC - 10,0 kVA \nn  Sistema de Recarga: \ncontrolado, automático\nn Tempo de Recarga:  \n8 a 10 horas para 90% da carga\nn Tipo: \nseladas, isentas de manutenção\nn  Paralelismo Redundante (N+1) \n»  Disponível nas potências de 6 e 10kVA\nn By-pass estático (inteligente):  \nO termo inteligente aplica-se, visto que a linha \nComposition XV  possui desligamento da saída da \nchave estática em condições que, a tensão da rede \napresenta variações fora da faixa de trabalho, prote -\ngendo a carga contra sub ou sobre tensão mesmo \nna condição de by-pass estático.']","O estabilizador corrigirá instantaneamente qualquer variação de tensão da rede elétrica da concessionária, além de atenuar distorção harmônica, variações de frequência e distúrbios elétricos, gerando uma forma de onda senoidal pura.",A resposta à pergunta dada não está presente no contexto,,0.0,0.9999999999,,
66,Que umidade evita a condensação?,"['monobloco\n   \n    •Painel F rontal: em ABS de alta r esistência\n  \n    • A cabamento: pintura epó xi-pó na cor g rafite\n       com tratamento tér mico e anti- corrosivo\nTransf ormador Isolador : com blindagem\n    eletr ostátican  \nn  \nn   Alarmes\nContr olados pelo pr ocessador DSP\nTipos de Alarmes:\n   \n    •Sonor os: \n       »  A utocheck I nicialização\n       »  Tensão da Rede F ora da F aixa\n       »  Sobr ecar ga de Saída\n       »  F alha I nterna do Estabilizador\n       »  F reqüência da Rede F ora de F aixa\n   \n     •Sinalização: L eds de Status do P ainel\n       »  Rede Nor mal\n       »  Saída Nor mal\n       »  F alhan   \nn   Características de Oper ação\nRuído A udív el: 55 dBA a 60 dBA a 1 metr o\n MTBF (M ean Time Bet ween F ailur es): 50 mil horas\nMTTR (M ean Time To Repair): 30 minutos\nTemperatura Ambiente: \n   \n•Mínimo: 0ºC / M áximo 40ºC\n   \n    •Recomendada: 20ºC a 25ºC\nUmidade Relativa:\n   \n    •0% a 95% sem condensação\n   \n    •Recomendada: 45% a 55%\nAltitude: até 1.800m\n Tipo de Ambiente Recomendado:\n   \n    •Interno, instalação abr igada\n   \n    •Atmosf era: limpa, livr e de par tículas condutivas , \n      gases tó xicos , líquidos e inflamáv eis.\nGrau de P roteção: IP -20n   \nn  \nn   \nn   \n   \nn   \nn    \nn  \nn    \n   2000    2,0       620 X 200 X 600        41  \n   3000    3,0       620 X 200 X 600        43\n   5000    5,0       620 X 200 X 600           47\n   7500    7,5       620 X 200 X 600           61\n 10000  10,0       790 X 400 X 775        119\n 15000  15,0       790 X 400 X 775        147Modelo Potência \nkVADimensões Físicas\nalt x lar g x prof \nmmPeso \nkg\n* Opcional\nCM.MK T MAR 22  -   As especificações estão sujeitas a alterações sem pr évio aviso . Nós incentivamos a r eciclagem\nCertificação de \nSustentabilidade A uditadaESPECIFIC AÇÕES  TÉCNIC ASOs Estabilizador es de Tensão M icroprocessados P erfection MI S2 possuem uma tecnolog ia inédita de duplos con versor es estáticos com módulos IGBT s, de última geração . \nTotalmente contr olado por micr oprocessador DSP – Dig ital Sig nal P rocessor , o estabilizador cor rige instantaneamente qualquer var iação de tensão da r ede elétr ica da \nconcessionár ia, além de atenuar distor ção har mônica, var iações de fr equência e distúr bios elétr icos, gerando uma f orma de onda senoidal pura, e f ornecendo uma linha \nestabilizada ex clusiva e isolada para as aplicações sensív eis.\nA tecnolog ia DSP r ealiza medições em True RMS g raças à amostragem dig ital, sem r etardos ou desvios , com alta v elocidade e confiabilidade . Isso sig nifica que podemos \nproduzir sistemas cada v ez menor es e capaz es de r ealizar mais funções , com elevada confiabilidade .'
 'ESPECIFICAÇÕES TÉCNICAS \nEntrada\nn Tensão: \n    •  3kVA \n100/110/115/120/127 VAC 120V (standard) ou  \n200/208/220/230/240 VAC 220V (standard) \n    •  6kVA / 10kVA\n 200/208/220/230/240 VAC 220V (standard)\nn Variação Admissível:\n   •   3kVA \n55-150 VAC ou 110-300 VAC @ 50% de Carga\n80-150 VAC ou 160-300 VAC @ 100% de Carga\n   •   6kVA / 10kVA \n110-300 VAC @ 50% de Carga\n176-300 VAC @ 100% de Carga \nn Freqüência: 50/60 Hz                           \nn Variação de Freqüência Admissível:   \n    •    3kVA  \n40-70Hz\n    •    6kVA / 10 kVA \n46-54Hz @50Hz e 56-64Hz @60Hz\nn  Configuração:\nMonofásica \nn Fator de Potência:\n≥ 0.99 Tensão nominal (100% de Carga)\nn Distorção Harmônica THDi:\n    •    3kVA\n ≤ 5% @ Tensão de Entrada nominal\n    •    6kVA / 10kVA\n<4% @100% de Carga, <6% @50% de Carga\nSaída\nnTensão: \n    •   3kVA \n100/110/115/120/127 VAC 115V (standard) ou \n200/208/220/230/240 VAC 220V (standard) \n    •   6kVA / 10kVA \n200/208/220/230/240 VAC 220V (standard) \nn Fator de Potência:  1,0\nn Regulação Estática:   ± 1% nominal modo \nbateria\nn Freqüência:   50 / 60 Hz \nn Variação de Freqüência: \n± 0,1Hz em modo bateria\nn Sincronismo com a Rede:   Sim\nn Configuração:   \n Monofásica f+n+t \nn Forma de Onda:   Onda senoidal pura\nn Distorção Harmônica THD:  \n •   3kVA \n    ≤ 2% carga linear \n    ≤ 4% carga não-linear \n •   6kVA / 10kVA \n    ≤ 1% carga linear \n    ≤ 4% carga não-linearBaterias\nn  Composição:  \n    •    72  VDC - 3,0 kVA \n    •     240 VDC - 6,0 kVA \n    •     240 VDC - 10,0 kVA \nn  Sistema de Recarga: \ncontrolado, automático\nn Tempo de Recarga:  \n8 a 10 horas para 90% da carga\nn Tipo: \nseladas, isentas de manutenção\nn  Paralelismo Redundante (N+1) \n»  Disponível nas potências de 6 e 10kVA\nn By-pass estático (inteligente):  \nO termo inteligente aplica-se, visto que a linha \nComposition XV  possui desligamento da saída da \nchave estática em condições que, a tensão da rede \napresenta variações fora da faixa de trabalho, prote -\ngendo a carga contra sub ou sobre tensão mesmo \nna condição de by-pass estático.']",0% a 95%.,A resposta à pergunta dada não está presente no contexto,,0.8274130638509135,0.0,,0.0
67,Qual consequência de proteger baterias contra excesso de carga?,"['monobloco\n   \n    •Painel F rontal: em ABS de alta r esistência\n  \n    • A cabamento: pintura epó xi-pó na cor g rafite\n       com tratamento tér mico e anti- corrosivo\nTransf ormador Isolador : com blindagem\n    eletr ostátican  \nn  \nn   Alarmes\nContr olados pelo pr ocessador DSP\nTipos de Alarmes:\n   \n    •Sonor os: \n       »  A utocheck I nicialização\n       »  Tensão da Rede F ora da F aixa\n       »  Sobr ecar ga de Saída\n       »  F alha I nterna do Estabilizador\n       »  F reqüência da Rede F ora de F aixa\n   \n     •Sinalização: L eds de Status do P ainel\n       »  Rede Nor mal\n       »  Saída Nor mal\n       »  F alhan   \nn   Características de Oper ação\nRuído A udív el: 55 dBA a 60 dBA a 1 metr o\n MTBF (M ean Time Bet ween F ailur es): 50 mil horas\nMTTR (M ean Time To Repair): 30 minutos\nTemperatura Ambiente: \n   \n•Mínimo: 0ºC / M áximo 40ºC\n   \n    •Recomendada: 20ºC a 25ºC\nUmidade Relativa:\n   \n    •0% a 95% sem condensação\n   \n    •Recomendada: 45% a 55%\nAltitude: até 1.800m\n Tipo de Ambiente Recomendado:\n   \n    •Interno, instalação abr igada\n   \n    •Atmosf era: limpa, livr e de par tículas condutivas , \n      gases tó xicos , líquidos e inflamáv eis.\nGrau de P roteção: IP -20n   \nn  \nn   \nn   \n   \nn   \nn    \nn  \nn    \n   2000    2,0       620 X 200 X 600        41  \n   3000    3,0       620 X 200 X 600        43\n   5000    5,0       620 X 200 X 600           47\n   7500    7,5       620 X 200 X 600           61\n 10000  10,0       790 X 400 X 775        119\n 15000  15,0       790 X 400 X 775        147Modelo Potência \nkVADimensões Físicas\nalt x lar g x prof \nmmPeso \nkg\n* Opcional\nCM.MK T MAR 22  -   As especificações estão sujeitas a alterações sem pr évio aviso . Nós incentivamos a r eciclagem\nCertificação de \nSustentabilidade A uditadaESPECIFIC AÇÕES  TÉCNIC ASOs Estabilizador es de Tensão M icroprocessados P erfection MI S2 possuem uma tecnolog ia inédita de duplos con versor es estáticos com módulos IGBT s, de última geração . \nTotalmente contr olado por micr oprocessador DSP – Dig ital Sig nal P rocessor , o estabilizador cor rige instantaneamente qualquer var iação de tensão da r ede elétr ica da \nconcessionár ia, além de atenuar distor ção har mônica, var iações de fr equência e distúr bios elétr icos, gerando uma f orma de onda senoidal pura, e f ornecendo uma linha \nestabilizada ex clusiva e isolada para as aplicações sensív eis.\nA tecnolog ia DSP r ealiza medições em True RMS g raças à amostragem dig ital, sem r etardos ou desvios , com alta v elocidade e confiabilidade . Isso sig nifica que podemos \nproduzir sistemas cada v ez menor es e capaz es de r ealizar mais funções , com elevada confiabilidade .'
 'Equalização A tiva de Bat erias\nO  QUE  É  ?\nO Equalizer é uma solução revolucionária de Equalização Ativa Individual de Baterias,  desenvolvido e fabricado \nno Brasil, pela CM Comandos. \nCada bateria recebe um Módulo de Bateria, conectado a um controlador, o Master Controller.  O Controller \nsupervisiona a tensão final das baterias e controla os Módulos de Baterias de forma a regular a tensão sobre cada \nbateria, para que todas as baterias sempre apresentem a mesma tensão.\nCada Módulo de Bateria possui um microcontrolador e um módulo ativo que mantêm todas as baterias \nequalizadas. \nA Equalização Ativa faz com que todas as baterias sejam igualmente carregadas com a mesma tensão, \neliminando o efeito negativo de uma bateria sobrecarregar as outras, com excesso de carga ou o inverso, de \nimpedir que as baterias adjacentes sejam carregadas plenamente.\nO Equalizer permite que as  baterias atinjam 100% da sua vida útil, projetada pelos fabricantes. Antes, sem o \nEqualizer, as baterias se deterioravam precocemente e era necessário substituí-las. Dependendo do tipo de \nbateria, a durabilidade pode dobrar,  eliminando substituições  e reduzindo a necessidade de reciclagem.  O \nprocesso de reciclagem consome grandes recursos naturais.\nAlém disso, o sistema impede a queda do sistema por falha de baterias,  enviando alarmes ANTES de ocorrer uma \nfalha do sistema, reduzindo o DOWNTIME e elevando a confiabilidade de todo sistema.\nRede Elétr ica\nde En tradaRetificador\nCarregador\nBanc o de\nBateriasBateria 1\nBateria 2\nBateria 3\nBateria nEqualizer\nEqualizer\nEqualizer\nEqualizerMaster\nController\nCorrente Alt ernada de Entrada\nCabo de Comunicação Cabo de Medição Módulo EqualizerCorr ente ContínuaCOMO FUNCIONA ?\nEqualiz er - Equalização A tiva\nA central contr ola cada módulo , conec tado em \nparalelo com a bat eria e contr ola a t ensão de f orma \nque t odas fiquem iguais . Além disso , monit ora  \nconstant ement e a Resist ência I nterna e a \nTemperatura individualment e de cada bat eria, \narmaz ena os dados para análise e emit e alar mes \nantes de ocor rer a falh a.']","A durabilidade das baterias pode dobrar, eliminando substituições e reduzindo a necessidade de reciclagem. Além disso, o sistema impede a queda do sistema por falha de baterias, enviando alarmes ANTES de ocorrer uma falha do sistema, reduzindo o DOWNTIME e elevando a confiabilidade de todo sistema.","A equalização ativa das baterias impede que elas recebam menor tensão do que devem, evitando-se a sulfatação e a perda de capacidade.",,,0.49999999995,,
68,Qual função permite a integração de um sistema de automação residencial com o No-Break?,"['monobloco\n   \n    •Painel F rontal: em ABS de alta r esistência\n  \n    • A cabamento: pintura epó xi-pó na cor g rafite\n       com tratamento tér mico e anti- corrosivo\nTransf ormador Isolador : com blindagem\n    eletr ostátican  \nn  \nn   Alarmes\nContr olados pelo pr ocessador DSP\nTipos de Alarmes:\n   \n    •Sonor os: \n       »  A utocheck I nicialização\n       »  Tensão da Rede F ora da F aixa\n       »  Sobr ecar ga de Saída\n       »  F alha I nterna do Estabilizador\n       »  F reqüência da Rede F ora de F aixa\n   \n     •Sinalização: L eds de Status do P ainel\n       »  Rede Nor mal\n       »  Saída Nor mal\n       »  F alhan   \nn   Características de Oper ação\nRuído A udív el: 55 dBA a 60 dBA a 1 metr o\n MTBF (M ean Time Bet ween F ailur es): 50 mil horas\nMTTR (M ean Time To Repair): 30 minutos\nTemperatura Ambiente: \n   \n•Mínimo: 0ºC / M áximo 40ºC\n   \n    •Recomendada: 20ºC a 25ºC\nUmidade Relativa:\n   \n    •0% a 95% sem condensação\n   \n    •Recomendada: 45% a 55%\nAltitude: até 1.800m\n Tipo de Ambiente Recomendado:\n   \n    •Interno, instalação abr igada\n   \n    •Atmosf era: limpa, livr e de par tículas condutivas , \n      gases tó xicos , líquidos e inflamáv eis.\nGrau de P roteção: IP -20n   \nn  \nn   \nn   \n   \nn   \nn    \nn  \nn    \n   2000    2,0       620 X 200 X 600        41  \n   3000    3,0       620 X 200 X 600        43\n   5000    5,0       620 X 200 X 600           47\n   7500    7,5       620 X 200 X 600           61\n 10000  10,0       790 X 400 X 775        119\n 15000  15,0       790 X 400 X 775        147Modelo Potência \nkVADimensões Físicas\nalt x lar g x prof \nmmPeso \nkg\n* Opcional\nCM.MK T MAR 22  -   As especificações estão sujeitas a alterações sem pr évio aviso . Nós incentivamos a r eciclagem\nCertificação de \nSustentabilidade A uditadaESPECIFIC AÇÕES  TÉCNIC ASOs Estabilizador es de Tensão M icroprocessados P erfection MI S2 possuem uma tecnolog ia inédita de duplos con versor es estáticos com módulos IGBT s, de última geração . \nTotalmente contr olado por micr oprocessador DSP – Dig ital Sig nal P rocessor , o estabilizador cor rige instantaneamente qualquer var iação de tensão da r ede elétr ica da \nconcessionár ia, além de atenuar distor ção har mônica, var iações de fr equência e distúr bios elétr icos, gerando uma f orma de onda senoidal pura, e f ornecendo uma linha \nestabilizada ex clusiva e isolada para as aplicações sensív eis.\nA tecnolog ia DSP r ealiza medições em True RMS g raças à amostragem dig ital, sem r etardos ou desvios , com alta v elocidade e confiabilidade . Isso sig nifica que podemos \nproduzir sistemas cada v ez menor es e capaz es de r ealizar mais funções , com elevada confiabilidade .'
 'Alta Tecnolog ia em\nEstabilizador es de Tensão DSP\nDigital Sig nal P rocessor\nOS MAIS  MODERNOS  ESTABILIZADORES CORPORATIVOSVivemos em um mundo cada vez mais ágil e prático . Um mundo unido por processador es, chips , softwares e periféricos, \nmas isso ainda não é o bastant e,  por isso o mundo caminha para tecnolog ias de processament o imediat o de dados . A  \nCM Comandos Linear es está um passo à frente e oferece aos seus client es produt os de alta tecnolog ia digital.\ne, esta tecnolog ia está present e soment e nos mais sofisticados sistemas eletr ônicos, devido à sua alta velocidade e \nconfiabilidade . Isso significa que podemos produzir sistemas cada vez menor es,  mais rápidos , capaz es de realizar mais \nfunções e, ao mesmo tempo , elevar cada vez mais a confiabilidade das nossas soluções .Hoj\nOutr o diferencial  é a capacidade de corrigir as \nvariações extremas de corrente de carga. Esta \ncarac terística propor ciona alta performance e \nconfiabilidade , tornando os Estabilizador es \nPerfection SP  ideais  para cargas que geram \npicos de alta  corrente e que necessitam de \nproteção  e  ener gia estabilizada. \nAo pensar em adquir ir Estabilizador es de \nTensão, conte com as soluções CM \nComandos , que asseguram tecnolog ia de \nponta, máxima proteção , precisão digital e \nprocessament o DSP em tempo real.\nA linha de Estabilizador es de Tensão Perfection Série Premium, utiliza uma tecnolog ia inédita de conversor es estáticos \ncom módulos IGBT s de última geração .  Contr olado por micr oprocessador  DSP,  corrige instantaneament e qualquer \nvariação de tensão da rede elétr ica da concessionár ia, tudo na velocidade de amostragem digital, sem retardos ou \ndesvios .  Todos os setups e configurações são r ealizados por sof tware, além disso ,  possui um ex clusiv o registro log de \neventos, permitindo total rastr eabilidade em caso de anomalias .']","A capacidade de corrigir variações extremas de corrente de carga é uma característica que proporciona alta performance e confiabilidade, tornando os Estabilizadores Perfection SP ideais para cargas que geram picos de alta corrente e necessitam de proteção e energia estabilizada.",O Adaptador Ar mModbus,,,,,0.0
69,"Se uma rede elétrica for substituída por um grupo gerador, o que faz um conversor de frequência?","['monobloco\n   \n    •Painel F rontal: em ABS de alta r esistência\n  \n    • A cabamento: pintura epó xi-pó na cor g rafite\n       com tratamento tér mico e anti- corrosivo\nTransf ormador Isolador : com blindagem\n    eletr ostátican  \nn  \nn   Alarmes\nContr olados pelo pr ocessador DSP\nTipos de Alarmes:\n   \n    •Sonor os: \n       »  A utocheck I nicialização\n       »  Tensão da Rede F ora da F aixa\n       »  Sobr ecar ga de Saída\n       »  F alha I nterna do Estabilizador\n       »  F reqüência da Rede F ora de F aixa\n   \n     •Sinalização: L eds de Status do P ainel\n       »  Rede Nor mal\n       »  Saída Nor mal\n       »  F alhan   \nn   Características de Oper ação\nRuído A udív el: 55 dBA a 60 dBA a 1 metr o\n MTBF (M ean Time Bet ween F ailur es): 50 mil horas\nMTTR (M ean Time To Repair): 30 minutos\nTemperatura Ambiente: \n   \n•Mínimo: 0ºC / M áximo 40ºC\n   \n    •Recomendada: 20ºC a 25ºC\nUmidade Relativa:\n   \n    •0% a 95% sem condensação\n   \n    •Recomendada: 45% a 55%\nAltitude: até 1.800m\n Tipo de Ambiente Recomendado:\n   \n    •Interno, instalação abr igada\n   \n    •Atmosf era: limpa, livr e de par tículas condutivas , \n      gases tó xicos , líquidos e inflamáv eis.\nGrau de P roteção: IP -20n   \nn  \nn   \nn   \n   \nn   \nn    \nn  \nn    \n   2000    2,0       620 X 200 X 600        41  \n   3000    3,0       620 X 200 X 600        43\n   5000    5,0       620 X 200 X 600           47\n   7500    7,5       620 X 200 X 600           61\n 10000  10,0       790 X 400 X 775        119\n 15000  15,0       790 X 400 X 775        147Modelo Potência \nkVADimensões Físicas\nalt x lar g x prof \nmmPeso \nkg\n* Opcional\nCM.MK T MAR 22  -   As especificações estão sujeitas a alterações sem pr évio aviso . Nós incentivamos a r eciclagem\nCertificação de \nSustentabilidade A uditadaESPECIFIC AÇÕES  TÉCNIC ASOs Estabilizador es de Tensão M icroprocessados P erfection MI S2 possuem uma tecnolog ia inédita de duplos con versor es estáticos com módulos IGBT s, de última geração . \nTotalmente contr olado por micr oprocessador DSP – Dig ital Sig nal P rocessor , o estabilizador cor rige instantaneamente qualquer var iação de tensão da r ede elétr ica da \nconcessionár ia, além de atenuar distor ção har mônica, var iações de fr equência e distúr bios elétr icos, gerando uma f orma de onda senoidal pura, e f ornecendo uma linha \nestabilizada ex clusiva e isolada para as aplicações sensív eis.\nA tecnolog ia DSP r ealiza medições em True RMS g raças à amostragem dig ital, sem r etardos ou desvios , com alta v elocidade e confiabilidade . Isso sig nifica que podemos \nproduzir sistemas cada v ez menor es e capaz es de r ealizar mais funções , com elevada confiabilidade .'
 'Equalização A tiva de Bat erias\nO  QUE  É  ?\nO Equalizer é uma solução revolucionária de Equalização Ativa Individual de Baterias,  desenvolvido e fabricado \nno Brasil, pela CM Comandos. \nCada bateria recebe um Módulo de Bateria, conectado a um controlador, o Master Controller.  O Controller \nsupervisiona a tensão final das baterias e controla os Módulos de Baterias de forma a regular a tensão sobre cada \nbateria, para que todas as baterias sempre apresentem a mesma tensão.\nCada Módulo de Bateria possui um microcontrolador e um módulo ativo que mantêm todas as baterias \nequalizadas. \nA Equalização Ativa faz com que todas as baterias sejam igualmente carregadas com a mesma tensão, \neliminando o efeito negativo de uma bateria sobrecarregar as outras, com excesso de carga ou o inverso, de \nimpedir que as baterias adjacentes sejam carregadas plenamente.\nO Equalizer permite que as  baterias atinjam 100% da sua vida útil, projetada pelos fabricantes. Antes, sem o \nEqualizer, as baterias se deterioravam precocemente e era necessário substituí-las. Dependendo do tipo de \nbateria, a durabilidade pode dobrar,  eliminando substituições  e reduzindo a necessidade de reciclagem.  O \nprocesso de reciclagem consome grandes recursos naturais.\nAlém disso, o sistema impede a queda do sistema por falha de baterias,  enviando alarmes ANTES de ocorrer uma \nfalha do sistema, reduzindo o DOWNTIME e elevando a confiabilidade de todo sistema.\nRede Elétr ica\nde En tradaRetificador\nCarregador\nBanc o de\nBateriasBateria 1\nBateria 2\nBateria 3\nBateria nEqualizer\nEqualizer\nEqualizer\nEqualizerMaster\nController\nCorrente Alt ernada de Entrada\nCabo de Comunicação Cabo de Medição Módulo EqualizerCorr ente ContínuaCOMO FUNCIONA ?\nEqualiz er - Equalização A tiva\nA central contr ola cada módulo , conec tado em \nparalelo com a bat eria e contr ola a t ensão de f orma \nque t odas fiquem iguais . Além disso , monit ora  \nconstant ement e a Resist ência I nterna e a \nTemperatura individualment e de cada bat eria, \narmaz ena os dados para análise e emit e alar mes \nantes de ocor rer a falh a.']","Um conversor de frequência ajusta a velocidade da corrente elétrica para atender às necessidades do sistema, garantindo que a energia seja fornecida de forma estável e adequada. Isso é essencial quando a fonte de energia muda, como no caso de substituir uma rede elétrica por um grupo gerador, pois evita sobrecargas ou falta de energia nos equipamentos conectados.",Converte a corrente contínua do retificador ou das baterias em corrente alternada de saída.,,0.8313629834187254,,,0.0
70,"Ligando confiabilidade e atualização de equipamentos, o que permite adicionar funcionalidades a unidades já instaladas com DS P?","['Alta Tecnolog ia em\nEstabilizador es de Tensão DSP\nDigital Sig nal P rocessor\nOS MAIS  MODERNOS  ESTABILIZADORES CORPORATIVOSVivemos em um mundo cada vez mais ágil e prático . Um mundo unido por processador es, chips , softwares e periféricos, \nmas isso ainda não é o bastant e,  por isso o mundo caminha para tecnolog ias de processament o imediat o de dados . A  \nCM Comandos Linear es está um passo à frente e oferece aos seus client es produt os de alta tecnolog ia digital.\ne, esta tecnolog ia está present e soment e nos mais sofisticados sistemas eletr ônicos, devido à sua alta velocidade e \nconfiabilidade . Isso significa que podemos produzir sistemas cada vez menor es,  mais rápidos , capaz es de realizar mais \nfunções e, ao mesmo tempo , elevar cada vez mais a confiabilidade das nossas soluções .Hoj\nOutr o diferencial  é a capacidade de corrigir as \nvariações extremas de corrente de carga. Esta \ncarac terística propor ciona alta performance e \nconfiabilidade , tornando os Estabilizador es \nPerfection SP  ideais  para cargas que geram \npicos de alta  corrente e que necessitam de \nproteção  e  ener gia estabilizada. \nAo pensar em adquir ir Estabilizador es de \nTensão, conte com as soluções CM \nComandos , que asseguram tecnolog ia de \nponta, máxima proteção , precisão digital e \nprocessament o DSP em tempo real.\nA linha de Estabilizador es de Tensão Perfection Série Premium, utiliza uma tecnolog ia inédita de conversor es estáticos \ncom módulos IGBT s de última geração .  Contr olado por micr oprocessador  DSP,  corrige instantaneament e qualquer \nvariação de tensão da rede elétr ica da concessionár ia, tudo na velocidade de amostragem digital, sem retardos ou \ndesvios .  Todos os setups e configurações são r ealizados por sof tware, além disso ,  possui um ex clusiv o registro log de \neventos, permitindo total rastr eabilidade em caso de anomalias .'
 'Manutenção sem desligar o sistema\nOs testes de bater ia individuais são possív eis \nremotamente , sem o esf orço para desligar as bater ias. \nAs manutenções e as análises  de bater ia podem ser \nrealizadas em condições r eais de operação , sem a \nnecessidade de paradas no sistema.\nOtimiza a manutenção em campo\nA equipe de manutenção se desloca somente quando \nhá inter venções cor retivas e dir etas na bater ia que \napresentar def eito na ocor rência de alar mes ou na \nanálise de diag nóstico e , é clar o, reduz enor mes custos \noperacionais .\nOSD  N LI A NM EO AC R EM SCISO\n90012015\nAv. Eng . Alber to de Zagottis , 760 - 04675-085 -  São P aulo - SP\nTel.: (11) 5696-5000 \nwww.cmcomandos .com.br\nSistema de \nSustentabilidade A uditado\nCM MK T FEV 2022 - As especificações estão sujeitas a alterações sem pr évio aviso . Nós incentivamos a r eciclagemESPECIFICAÇÕES  TÉCNICAS\nCabos de Medição\nPara medição de impedância dos módulos Equaliz er \nMódulos M12 - 12VDC ( Terminais M6,  M8 e M10) \nCabos de C omunicação\nCabos para comunicação entre os módulos Equaliz er (025m \na 10m)Master C ontr oller \nContr ola os módulos de bater ias e f ornece a inter face para ger enciamento r emoto .\nHar dware:  \nProcessador:   ARM Cor tex A7 696 MH z • 512 MB memór ia RAM e 8GB F lash.\nMemória:   Flash ar maz ena até 12 meses conf orme quantidade de bater ias.\nCapacidade:   até 256 str ings de bater ias\nCada string:    até 256 módulos Equaliz er por str ing\nCapacidade total:   até 65.536 módulos Equaliz er\nRTC:  Relóg io em Tempo Real e Watchdog inter no\n Inter faces:  \n    •1 Porta RJ11 - Comunicação   \n    •1 Porta RJ45 10/100 Mbit - Ether net \n Dimensões:   28 x 97 x 111 mm - 180 g\no\nAmbiente:   abrigado , IP-20, 0 a 60 C, umidade r elativa de 20% a 90% não condensante .\nAlimentação:   5 VDC, estabilizada.\nFonte:\n   Adaptador ex terno de 110/220V AC para 5VDC estabilizada -  r equer tomada com No -Break.n   \nn   \nn   \nn   \nn   \nn   \nn   \nn  \nn  \nn   \nn   \nn     \nn     \nn   \nn   \nn   \nn    \nn  \nn    \nn   \nn   \nn   \nn   \nn    \nn   \nn    \nn    \nn    \nn    \nn   \n \nn   \nn    Software:\n Sistema Operacional Embar cado\nWeb Ser ver Integ rado \nContr ole de A cesso por Senha em dois nív eis\nAcesso por Nav egador Web\n Layout Responsiv o, pronto para PCs , Tablets e \n   Smar tphones \nEnvia E-mails de Aler ta\nAcesso Ser vidor E-mail com Senha Cr iptog rafada\nProtocolo SSL Secur e Sock et Lay er \nRelóg io Interno em Tempo Real – R TC \nSincr onismo com Time Ser ver ex terno\nGráficos de P erformance dir eto no Nav egador\nProtocolo SNMP V1, V3 e M odbus O ver IP \nArmaz ena L og de Ev entos de Alar mes\nArmaz ena Data L ogger M edições da Bater ia\nBanco de Dados ANSI SQL\nCapacidade de Ar maz enamento 1 Ano\nFrequência de Gravação no Banco de Dados\n   Configuráv el\nOpção salvar Banco de Dados via TCP/IP\nRotinas de manutenção do Banco de Dados .']","A capacidade de corrigir variações extremas de corrente de carga é uma característica que proporciona alta performance e confiabilidade, tornando os Estabilizadores Perfection SP ideais para cargas que geram picos de alta corrente e necessitam de proteção e energia estabilizada. Além disso, a tecnologia DSP permite atualizações de equipamentos, permitindo adicionar funcionalidades às unidades já instaladas.","O processamento digital de sinais (DSP) possibilita a atualização dos equipamentos, permitindo acrescentar novas funções às unidades já instaladas.",,0.7219786650126955,0.99999999995,,
71,"Ligando informações de tensão nominal e tolerância, que é a tolerância?","['monobloco\n   \n    •Painel F rontal: em ABS de alta r esistência\n  \n    • A cabamento: pintura epó xi-pó na cor g rafite\n       com tratamento tér mico e anti- corrosivo\nTransf ormador Isolador : com blindagem\n    eletr ostátican  \nn  \nn   Alarmes\nContr olados pelo pr ocessador DSP\nTipos de Alarmes:\n   \n    •Sonor os: \n       »  A utocheck I nicialização\n       »  Tensão da Rede F ora da F aixa\n       »  Sobr ecar ga de Saída\n       »  F alha I nterna do Estabilizador\n       »  F reqüência da Rede F ora de F aixa\n   \n     •Sinalização: L eds de Status do P ainel\n       »  Rede Nor mal\n       »  Saída Nor mal\n       »  F alhan   \nn   Características de Oper ação\nRuído A udív el: 55 dBA a 60 dBA a 1 metr o\n MTBF (M ean Time Bet ween F ailur es): 50 mil horas\nMTTR (M ean Time To Repair): 30 minutos\nTemperatura Ambiente: \n   \n•Mínimo: 0ºC / M áximo 40ºC\n   \n    •Recomendada: 20ºC a 25ºC\nUmidade Relativa:\n   \n    •0% a 95% sem condensação\n   \n    •Recomendada: 45% a 55%\nAltitude: até 1.800m\n Tipo de Ambiente Recomendado:\n   \n    •Interno, instalação abr igada\n   \n    •Atmosf era: limpa, livr e de par tículas condutivas , \n      gases tó xicos , líquidos e inflamáv eis.\nGrau de P roteção: IP -20n   \nn  \nn   \nn   \n   \nn   \nn    \nn  \nn    \n   2000    2,0       620 X 200 X 600        41  \n   3000    3,0       620 X 200 X 600        43\n   5000    5,0       620 X 200 X 600           47\n   7500    7,5       620 X 200 X 600           61\n 10000  10,0       790 X 400 X 775        119\n 15000  15,0       790 X 400 X 775        147Modelo Potência \nkVADimensões Físicas\nalt x lar g x prof \nmmPeso \nkg\n* Opcional\nCM.MK T MAR 22  -   As especificações estão sujeitas a alterações sem pr évio aviso . Nós incentivamos a r eciclagem\nCertificação de \nSustentabilidade A uditadaESPECIFIC AÇÕES  TÉCNIC ASOs Estabilizador es de Tensão M icroprocessados P erfection MI S2 possuem uma tecnolog ia inédita de duplos con versor es estáticos com módulos IGBT s, de última geração . \nTotalmente contr olado por micr oprocessador DSP – Dig ital Sig nal P rocessor , o estabilizador cor rige instantaneamente qualquer var iação de tensão da r ede elétr ica da \nconcessionár ia, além de atenuar distor ção har mônica, var iações de fr equência e distúr bios elétr icos, gerando uma f orma de onda senoidal pura, e f ornecendo uma linha \nestabilizada ex clusiva e isolada para as aplicações sensív eis.\nA tecnolog ia DSP r ealiza medições em True RMS g raças à amostragem dig ital, sem r etardos ou desvios , com alta v elocidade e confiabilidade . Isso sig nifica que podemos \nproduzir sistemas cada v ez menor es e capaz es de r ealizar mais funções , com elevada confiabilidade .'
 'Alta Tecnolog ia em\nEstabilizador es de Tensão DSP\nDigital Sig nal P rocessor\nOS MAIS  MODERNOS  ESTABILIZADORES CORPORATIVOSVivemos em um mundo cada vez mais ágil e prático . Um mundo unido por processador es, chips , softwares e periféricos, \nmas isso ainda não é o bastant e,  por isso o mundo caminha para tecnolog ias de processament o imediat o de dados . A  \nCM Comandos Linear es está um passo à frente e oferece aos seus client es produt os de alta tecnolog ia digital.\ne, esta tecnolog ia está present e soment e nos mais sofisticados sistemas eletr ônicos, devido à sua alta velocidade e \nconfiabilidade . Isso significa que podemos produzir sistemas cada vez menor es,  mais rápidos , capaz es de realizar mais \nfunções e, ao mesmo tempo , elevar cada vez mais a confiabilidade das nossas soluções .Hoj\nOutr o diferencial  é a capacidade de corrigir as \nvariações extremas de corrente de carga. Esta \ncarac terística propor ciona alta performance e \nconfiabilidade , tornando os Estabilizador es \nPerfection SP  ideais  para cargas que geram \npicos de alta  corrente e que necessitam de \nproteção  e  ener gia estabilizada. \nAo pensar em adquir ir Estabilizador es de \nTensão, conte com as soluções CM \nComandos , que asseguram tecnolog ia de \nponta, máxima proteção , precisão digital e \nprocessament o DSP em tempo real.\nA linha de Estabilizador es de Tensão Perfection Série Premium, utiliza uma tecnolog ia inédita de conversor es estáticos \ncom módulos IGBT s de última geração .  Contr olado por micr oprocessador  DSP,  corrige instantaneament e qualquer \nvariação de tensão da rede elétr ica da concessionár ia, tudo na velocidade de amostragem digital, sem retardos ou \ndesvios .  Todos os setups e configurações são r ealizados por sof tware, além disso ,  possui um ex clusiv o registro log de \neventos, permitindo total rastr eabilidade em caso de anomalias .']",A tolerância.,A resposta à pergunta dada está presente no contexto,,0.785851487241327,,,0.0
72,Quais são as tensões permitidas no 10kVA?,"['monobloco\n   \n    •Painel F rontal: em ABS de alta r esistência\n  \n    • A cabamento: pintura epó xi-pó na cor g rafite\n       com tratamento tér mico e anti- corrosivo\nTransf ormador Isolador : com blindagem\n    eletr ostátican  \nn  \nn   Alarmes\nContr olados pelo pr ocessador DSP\nTipos de Alarmes:\n   \n    •Sonor os: \n       »  A utocheck I nicialização\n       »  Tensão da Rede F ora da F aixa\n       »  Sobr ecar ga de Saída\n       »  F alha I nterna do Estabilizador\n       »  F reqüência da Rede F ora de F aixa\n   \n     •Sinalização: L eds de Status do P ainel\n       »  Rede Nor mal\n       »  Saída Nor mal\n       »  F alhan   \nn   Características de Oper ação\nRuído A udív el: 55 dBA a 60 dBA a 1 metr o\n MTBF (M ean Time Bet ween F ailur es): 50 mil horas\nMTTR (M ean Time To Repair): 30 minutos\nTemperatura Ambiente: \n   \n•Mínimo: 0ºC / M áximo 40ºC\n   \n    •Recomendada: 20ºC a 25ºC\nUmidade Relativa:\n   \n    •0% a 95% sem condensação\n   \n    •Recomendada: 45% a 55%\nAltitude: até 1.800m\n Tipo de Ambiente Recomendado:\n   \n    •Interno, instalação abr igada\n   \n    •Atmosf era: limpa, livr e de par tículas condutivas , \n      gases tó xicos , líquidos e inflamáv eis.\nGrau de P roteção: IP -20n   \nn  \nn   \nn   \n   \nn   \nn    \nn  \nn    \n   2000    2,0       620 X 200 X 600        41  \n   3000    3,0       620 X 200 X 600        43\n   5000    5,0       620 X 200 X 600           47\n   7500    7,5       620 X 200 X 600           61\n 10000  10,0       790 X 400 X 775        119\n 15000  15,0       790 X 400 X 775        147Modelo Potência \nkVADimensões Físicas\nalt x lar g x prof \nmmPeso \nkg\n* Opcional\nCM.MK T MAR 22  -   As especificações estão sujeitas a alterações sem pr évio aviso . Nós incentivamos a r eciclagem\nCertificação de \nSustentabilidade A uditadaESPECIFIC AÇÕES  TÉCNIC ASOs Estabilizador es de Tensão M icroprocessados P erfection MI S2 possuem uma tecnolog ia inédita de duplos con versor es estáticos com módulos IGBT s, de última geração . \nTotalmente contr olado por micr oprocessador DSP – Dig ital Sig nal P rocessor , o estabilizador cor rige instantaneamente qualquer var iação de tensão da r ede elétr ica da \nconcessionár ia, além de atenuar distor ção har mônica, var iações de fr equência e distúr bios elétr icos, gerando uma f orma de onda senoidal pura, e f ornecendo uma linha \nestabilizada ex clusiva e isolada para as aplicações sensív eis.\nA tecnolog ia DSP r ealiza medições em True RMS g raças à amostragem dig ital, sem r etardos ou desvios , com alta v elocidade e confiabilidade . Isso sig nifica que podemos \nproduzir sistemas cada v ez menor es e capaz es de r ealizar mais funções , com elevada confiabilidade .'
 'Alta Tecnolog ia em\nEstabilizador es de Tensão DSP\nDigital Sig nal P rocessor\nOS MAIS  MODERNOS  ESTABILIZADORES CORPORATIVOSVivemos em um mundo cada vez mais ágil e prático . Um mundo unido por processador es, chips , softwares e periféricos, \nmas isso ainda não é o bastant e,  por isso o mundo caminha para tecnolog ias de processament o imediat o de dados . A  \nCM Comandos Linear es está um passo à frente e oferece aos seus client es produt os de alta tecnolog ia digital.\ne, esta tecnolog ia está present e soment e nos mais sofisticados sistemas eletr ônicos, devido à sua alta velocidade e \nconfiabilidade . Isso significa que podemos produzir sistemas cada vez menor es,  mais rápidos , capaz es de realizar mais \nfunções e, ao mesmo tempo , elevar cada vez mais a confiabilidade das nossas soluções .Hoj\nOutr o diferencial  é a capacidade de corrigir as \nvariações extremas de corrente de carga. Esta \ncarac terística propor ciona alta performance e \nconfiabilidade , tornando os Estabilizador es \nPerfection SP  ideais  para cargas que geram \npicos de alta  corrente e que necessitam de \nproteção  e  ener gia estabilizada. \nAo pensar em adquir ir Estabilizador es de \nTensão, conte com as soluções CM \nComandos , que asseguram tecnolog ia de \nponta, máxima proteção , precisão digital e \nprocessament o DSP em tempo real.\nA linha de Estabilizador es de Tensão Perfection Série Premium, utiliza uma tecnolog ia inédita de conversor es estáticos \ncom módulos IGBT s de última geração .  Contr olado por micr oprocessador  DSP,  corrige instantaneament e qualquer \nvariação de tensão da rede elétr ica da concessionár ia, tudo na velocidade de amostragem digital, sem retardos ou \ndesvios .  Todos os setups e configurações são r ealizados por sof tware, além disso ,  possui um ex clusiv o registro log de \neventos, permitindo total rastr eabilidade em caso de anomalias .']",Não há informação disponível sobre as tensões permitidas para o 10kVA.,"100/110/115/120/127 VAC, 200/208/220/230/240 VAC ou 176-300 VAC @50% de Carga e 80-150 VAC @ 100% de Carga",,0.0,,,0.0
73,"Sinto muito, mas não consegui entender a pergunta que você gostaria de me fazer. Por favor, reformule-a para eu poder ajudar melhor.","['ESPECIFICAÇÕES TÉCNICAS \nEntrada\nn Tensão: \n    •  3kVA \n100/110/115/120/127 VAC 120V (standard) ou  \n200/208/220/230/240 VAC 220V (standard) \n    •  6kVA / 10kVA\n 200/208/220/230/240 VAC 220V (standard)\nn Variação Admissível:\n   •   3kVA \n55-150 VAC ou 110-300 VAC @ 50% de Carga\n80-150 VAC ou 160-300 VAC @ 100% de Carga\n   •   6kVA / 10kVA \n110-300 VAC @ 50% de Carga\n176-300 VAC @ 100% de Carga \nn Freqüência: 50/60 Hz                           \nn Variação de Freqüência Admissível:   \n    •    3kVA  \n40-70Hz\n    •    6kVA / 10 kVA \n46-54Hz @50Hz e 56-64Hz @60Hz\nn  Configuração:\nMonofásica \nn Fator de Potência:\n≥ 0.99 Tensão nominal (100% de Carga)\nn Distorção Harmônica THDi:\n    •    3kVA\n ≤ 5% @ Tensão de Entrada nominal\n    •    6kVA / 10kVA\n<4% @100% de Carga, <6% @50% de Carga\nSaída\nnTensão: \n    •   3kVA \n100/110/115/120/127 VAC 115V (standard) ou \n200/208/220/230/240 VAC 220V (standard) \n    •   6kVA / 10kVA \n200/208/220/230/240 VAC 220V (standard) \nn Fator de Potência:  1,0\nn Regulação Estática:   ± 1% nominal modo \nbateria\nn Freqüência:   50 / 60 Hz \nn Variação de Freqüência: \n± 0,1Hz em modo bateria\nn Sincronismo com a Rede:   Sim\nn Configuração:   \n Monofásica f+n+t \nn Forma de Onda:   Onda senoidal pura\nn Distorção Harmônica THD:  \n •   3kVA \n    ≤ 2% carga linear \n    ≤ 4% carga não-linear \n •   6kVA / 10kVA \n    ≤ 1% carga linear \n    ≤ 4% carga não-linearBaterias\nn  Composição:  \n    •    72  VDC - 3,0 kVA \n    •     240 VDC - 6,0 kVA \n    •     240 VDC - 10,0 kVA \nn  Sistema de Recarga: \ncontrolado, automático\nn Tempo de Recarga:  \n8 a 10 horas para 90% da carga\nn Tipo: \nseladas, isentas de manutenção\nn  Paralelismo Redundante (N+1) \n»  Disponível nas potências de 6 e 10kVA\nn By-pass estático (inteligente):  \nO termo inteligente aplica-se, visto que a linha \nComposition XV  possui desligamento da saída da \nchave estática em condições que, a tensão da rede \napresenta variações fora da faixa de trabalho, prote -\ngendo a carga contra sub ou sobre tensão mesmo \nna condição de by-pass estático.'
 'Equalização A tiva de Bat erias\nO  QUE  É  ?\nO Equalizer é uma solução revolucionária de Equalização Ativa Individual de Baterias,  desenvolvido e fabricado \nno Brasil, pela CM Comandos. \nCada bateria recebe um Módulo de Bateria, conectado a um controlador, o Master Controller.  O Controller \nsupervisiona a tensão final das baterias e controla os Módulos de Baterias de forma a regular a tensão sobre cada \nbateria, para que todas as baterias sempre apresentem a mesma tensão.\nCada Módulo de Bateria possui um microcontrolador e um módulo ativo que mantêm todas as baterias \nequalizadas. \nA Equalização Ativa faz com que todas as baterias sejam igualmente carregadas com a mesma tensão, \neliminando o efeito negativo de uma bateria sobrecarregar as outras, com excesso de carga ou o inverso, de \nimpedir que as baterias adjacentes sejam carregadas plenamente.\nO Equalizer permite que as  baterias atinjam 100% da sua vida útil, projetada pelos fabricantes. Antes, sem o \nEqualizer, as baterias se deterioravam precocemente e era necessário substituí-las. Dependendo do tipo de \nbateria, a durabilidade pode dobrar,  eliminando substituições  e reduzindo a necessidade de reciclagem.  O \nprocesso de reciclagem consome grandes recursos naturais.\nAlém disso, o sistema impede a queda do sistema por falha de baterias,  enviando alarmes ANTES de ocorrer uma \nfalha do sistema, reduzindo o DOWNTIME e elevando a confiabilidade de todo sistema.\nRede Elétr ica\nde En tradaRetificador\nCarregador\nBanc o de\nBateriasBateria 1\nBateria 2\nBateria 3\nBateria nEqualizer\nEqualizer\nEqualizer\nEqualizerMaster\nController\nCorrente Alt ernada de Entrada\nCabo de Comunicação Cabo de Medição Módulo EqualizerCorr ente ContínuaCOMO FUNCIONA ?\nEqualiz er - Equalização A tiva\nA central contr ola cada módulo , conec tado em \nparalelo com a bat eria e contr ola a t ensão de f orma \nque t odas fiquem iguais . Além disso , monit ora  \nconstant ement e a Resist ência I nterna e a \nTemperatura individualment e de cada bat eria, \narmaz ena os dados para análise e emit e alar mes \nantes de ocor rer a falh a.']","Pode ser um pouco confuso. Vou começar novamente do início. Você gostaria de saber sobre...? Ou talvez tenha uma dúvida específica em relação a...? Estou aqui para ajudar, então por favor, sinta-se à vontade para perguntar novamente!",A resposta à pergunta dada não está presente no contexto,,,,,0.0
74,"O que é comum entre os sistemas eletrônicos da empresa?

Este formato indireto mantém o significado original, mas de uma forma mais concisa.","['ESPECIFICAÇÕES TÉCNICAS \nEntrada\nn Tensão: \n    •  3kVA \n100/110/115/120/127 VAC 120V (standard) ou  \n200/208/220/230/240 VAC 220V (standard) \n    •  6kVA / 10kVA\n 200/208/220/230/240 VAC 220V (standard)\nn Variação Admissível:\n   •   3kVA \n55-150 VAC ou 110-300 VAC @ 50% de Carga\n80-150 VAC ou 160-300 VAC @ 100% de Carga\n   •   6kVA / 10kVA \n110-300 VAC @ 50% de Carga\n176-300 VAC @ 100% de Carga \nn Freqüência: 50/60 Hz                           \nn Variação de Freqüência Admissível:   \n    •    3kVA  \n40-70Hz\n    •    6kVA / 10 kVA \n46-54Hz @50Hz e 56-64Hz @60Hz\nn  Configuração:\nMonofásica \nn Fator de Potência:\n≥ 0.99 Tensão nominal (100% de Carga)\nn Distorção Harmônica THDi:\n    •    3kVA\n ≤ 5% @ Tensão de Entrada nominal\n    •    6kVA / 10kVA\n<4% @100% de Carga, <6% @50% de Carga\nSaída\nnTensão: \n    •   3kVA \n100/110/115/120/127 VAC 115V (standard) ou \n200/208/220/230/240 VAC 220V (standard) \n    •   6kVA / 10kVA \n200/208/220/230/240 VAC 220V (standard) \nn Fator de Potência:  1,0\nn Regulação Estática:   ± 1% nominal modo \nbateria\nn Freqüência:   50 / 60 Hz \nn Variação de Freqüência: \n± 0,1Hz em modo bateria\nn Sincronismo com a Rede:   Sim\nn Configuração:   \n Monofásica f+n+t \nn Forma de Onda:   Onda senoidal pura\nn Distorção Harmônica THD:  \n •   3kVA \n    ≤ 2% carga linear \n    ≤ 4% carga não-linear \n •   6kVA / 10kVA \n    ≤ 1% carga linear \n    ≤ 4% carga não-linearBaterias\nn  Composição:  \n    •    72  VDC - 3,0 kVA \n    •     240 VDC - 6,0 kVA \n    •     240 VDC - 10,0 kVA \nn  Sistema de Recarga: \ncontrolado, automático\nn Tempo de Recarga:  \n8 a 10 horas para 90% da carga\nn Tipo: \nseladas, isentas de manutenção\nn  Paralelismo Redundante (N+1) \n»  Disponível nas potências de 6 e 10kVA\nn By-pass estático (inteligente):  \nO termo inteligente aplica-se, visto que a linha \nComposition XV  possui desligamento da saída da \nchave estática em condições que, a tensão da rede \napresenta variações fora da faixa de trabalho, prote -\ngendo a carga contra sub ou sobre tensão mesmo \nna condição de by-pass estático.'
 'Caso ocor ram nív eis maior es do que o nor mal,  o dispositiv o de super visão imediatament e atua, emitindo um sinal de alar me, para a int ervenção \ndas equipes de manut enção . \nO módulo DSI possui um micr oprocessador int erno, comunicação M odbus via RS485 e é pr ojetado dentr o dos cr itérios tecnológ icos mais \navançados ,  sendo pr eciso , segur o e confiá vel, carac terísticas exig idas pelas  aplicações médico -hospitalar es.   \nCARACTERÍSTIC AS TÉCNIC AS \n• \nde 0...999kΩ com r esolução de 1kΩ  \n• Monitorament o de t emperatura do enr olament o secundár io do \ntransf ormador de separação ( T1)  \n• Disponibilidade de utilização de um contat o programá vel para \nsinalização à distância, em caso de falhas int ernas do dispositiv o, \nbaixo nív el de isolament o, medição de elevados valor es de \ntemperatura e de alcance do ajust e de máxima cor rente·\n• Teste de aut o-diag nóstico para ev entuais falhas int ernas do \ndispositiv o, verificação da conexão com a r ede e contr ole de \nfuncionament o\n• Injeção no cir cuito de sinais de contr ole codificados , que não são \ninfluenciados pelos component es de tipo contínuo , emitidos por \ndispositiv os elétr icos de uso médico\n• Saída ser ial RS485 para comunicação MODBUS R TUPossibilidade de escolha de um valor pr eciso de isolament o de r ede Tensão S ecundária :  \nAté 250 V\n Tensão de C urto-cir cuito:\n    3%\nCorrente a Vazio:\n    3% x I n\nConexão Elétrica:  \nPor meio de t erminais\nFixação:  \nPor meio de base metálica/ \nrodízios \nDIMENSÕES TRANSFORMADOR DE SEP ARAÇÃO  Transf ormador de Separação - Gabinete Simples  \nTensão de alimentação: 110V / 230V - 60H z\nTensão máxima de medição: 24V\nTensão da r ede c ontr olador a:  24 a 230V AC\nTensão  de Isolament o: 2,5 kV em 1 minut o \nCorrente máxima de medição: 1mA\nDispositivo Super visor de Isolamento (DSI)\n     3,0   600 X 440 X 400    50\n     5,0       600 X 440 X 400    50\n     7,5       600 X 440 X 400         70\n10,0      600 X 440 X 400    90\n  Potência\nkVAPeso \nkgGabinete simples\nDimensões Físicas\nalt x lar g x prof \nmmO Transformador de Separação é projetado pela CM \nComandos, especificamente para o suprimento de energia de \nsistema médico.\nPossui isolação galvânica reforçada, blindagem eletrostática \nentre enrolamentos primário e secundár io, conectados a um \nterminal própr io e com caracter ísticas elétricas e mecânicas que \ngarantem sua qualidade e confiabilidade.\nPossui sensores de temperatura do tipo PT-100 os quais são \nconectados ao módulo DST para super visão de temperatura.\nO transformador garante a confiabilidade das condições do \nisolamento do circuito elétrico sendo imprescindível para a \nsegurança nas aplicações cirúrgicas.']",O projeto tecnológico avançado e a confiabilidade são características comuns.,"A tecnologia utilizada nos sistemas eletrônicos da empresa está presente apenas nos mais sofisticados sistemas, devido à sua alta velocidade e confiabilidade.",,0.7319588181698823,0.0,,0.0
75,Em que dispositivos é feita a conversão da tensão de rede para tensão de baixo?,"['monobloco\n   \n    •Painel F rontal: em ABS de alta r esistência\n  \n    • A cabamento: pintura epó xi-pó na cor g rafite\n       com tratamento tér mico e anti- corrosivo\nTransf ormador Isolador : com blindagem\n    eletr ostátican  \nn  \nn   Alarmes\nContr olados pelo pr ocessador DSP\nTipos de Alarmes:\n   \n    •Sonor os: \n       »  A utocheck I nicialização\n       »  Tensão da Rede F ora da F aixa\n       »  Sobr ecar ga de Saída\n       »  F alha I nterna do Estabilizador\n       »  F reqüência da Rede F ora de F aixa\n   \n     •Sinalização: L eds de Status do P ainel\n       »  Rede Nor mal\n       »  Saída Nor mal\n       »  F alhan   \nn   Características de Oper ação\nRuído A udív el: 55 dBA a 60 dBA a 1 metr o\n MTBF (M ean Time Bet ween F ailur es): 50 mil horas\nMTTR (M ean Time To Repair): 30 minutos\nTemperatura Ambiente: \n   \n•Mínimo: 0ºC / M áximo 40ºC\n   \n    •Recomendada: 20ºC a 25ºC\nUmidade Relativa:\n   \n    •0% a 95% sem condensação\n   \n    •Recomendada: 45% a 55%\nAltitude: até 1.800m\n Tipo de Ambiente Recomendado:\n   \n    •Interno, instalação abr igada\n   \n    •Atmosf era: limpa, livr e de par tículas condutivas , \n      gases tó xicos , líquidos e inflamáv eis.\nGrau de P roteção: IP -20n   \nn  \nn   \nn   \n   \nn   \nn    \nn  \nn    \n   2000    2,0       620 X 200 X 600        41  \n   3000    3,0       620 X 200 X 600        43\n   5000    5,0       620 X 200 X 600           47\n   7500    7,5       620 X 200 X 600           61\n 10000  10,0       790 X 400 X 775        119\n 15000  15,0       790 X 400 X 775        147Modelo Potência \nkVADimensões Físicas\nalt x lar g x prof \nmmPeso \nkg\n* Opcional\nCM.MK T MAR 22  -   As especificações estão sujeitas a alterações sem pr évio aviso . Nós incentivamos a r eciclagem\nCertificação de \nSustentabilidade A uditadaESPECIFIC AÇÕES  TÉCNIC ASOs Estabilizador es de Tensão M icroprocessados P erfection MI S2 possuem uma tecnolog ia inédita de duplos con versor es estáticos com módulos IGBT s, de última geração . \nTotalmente contr olado por micr oprocessador DSP – Dig ital Sig nal P rocessor , o estabilizador cor rige instantaneamente qualquer var iação de tensão da r ede elétr ica da \nconcessionár ia, além de atenuar distor ção har mônica, var iações de fr equência e distúr bios elétr icos, gerando uma f orma de onda senoidal pura, e f ornecendo uma linha \nestabilizada ex clusiva e isolada para as aplicações sensív eis.\nA tecnolog ia DSP r ealiza medições em True RMS g raças à amostragem dig ital, sem r etardos ou desvios , com alta v elocidade e confiabilidade . Isso sig nifica que podemos \nproduzir sistemas cada v ez menor es e capaz es de r ealizar mais funções , com elevada confiabilidade .'
 'ESPECIFICAÇÕES TÉCNICAS \nEntrada\nn Tensão: \n    •  3kVA \n100/110/115/120/127 VAC 120V (standard) ou  \n200/208/220/230/240 VAC 220V (standard) \n    •  6kVA / 10kVA\n 200/208/220/230/240 VAC 220V (standard)\nn Variação Admissível:\n   •   3kVA \n55-150 VAC ou 110-300 VAC @ 50% de Carga\n80-150 VAC ou 160-300 VAC @ 100% de Carga\n   •   6kVA / 10kVA \n110-300 VAC @ 50% de Carga\n176-300 VAC @ 100% de Carga \nn Freqüência: 50/60 Hz                           \nn Variação de Freqüência Admissível:   \n    •    3kVA  \n40-70Hz\n    •    6kVA / 10 kVA \n46-54Hz @50Hz e 56-64Hz @60Hz\nn  Configuração:\nMonofásica \nn Fator de Potência:\n≥ 0.99 Tensão nominal (100% de Carga)\nn Distorção Harmônica THDi:\n    •    3kVA\n ≤ 5% @ Tensão de Entrada nominal\n    •    6kVA / 10kVA\n<4% @100% de Carga, <6% @50% de Carga\nSaída\nnTensão: \n    •   3kVA \n100/110/115/120/127 VAC 115V (standard) ou \n200/208/220/230/240 VAC 220V (standard) \n    •   6kVA / 10kVA \n200/208/220/230/240 VAC 220V (standard) \nn Fator de Potência:  1,0\nn Regulação Estática:   ± 1% nominal modo \nbateria\nn Freqüência:   50 / 60 Hz \nn Variação de Freqüência: \n± 0,1Hz em modo bateria\nn Sincronismo com a Rede:   Sim\nn Configuração:   \n Monofásica f+n+t \nn Forma de Onda:   Onda senoidal pura\nn Distorção Harmônica THD:  \n •   3kVA \n    ≤ 2% carga linear \n    ≤ 4% carga não-linear \n •   6kVA / 10kVA \n    ≤ 1% carga linear \n    ≤ 4% carga não-linearBaterias\nn  Composição:  \n    •    72  VDC - 3,0 kVA \n    •     240 VDC - 6,0 kVA \n    •     240 VDC - 10,0 kVA \nn  Sistema de Recarga: \ncontrolado, automático\nn Tempo de Recarga:  \n8 a 10 horas para 90% da carga\nn Tipo: \nseladas, isentas de manutenção\nn  Paralelismo Redundante (N+1) \n»  Disponível nas potências de 6 e 10kVA\nn By-pass estático (inteligente):  \nO termo inteligente aplica-se, visto que a linha \nComposition XV  possui desligamento da saída da \nchave estática em condições que, a tensão da rede \napresenta variações fora da faixa de trabalho, prote -\ngendo a carga contra sub ou sobre tensão mesmo \nna condição de by-pass estático.']","A conversão da tensão de rede para tensão de baixo é realizada em dispositivos chamados ""estabilizadores"" ou ""conversores"", que são projetados para estabilizar e converter a tensão de entrada para uma tensão estável e segura para uso em aplicações sensíveis. Esses dispositivos são geralmente utilizados em sistemas de computador, comunicação e outras aplicações que requerem uma tensão de alimentação estável e confiável. Eles podem ser encontrados em uma variedade de formatos e tamanhos, desde pequenos conversores de tensão até grandes estabilizadores de tensão para uso industrial.",A resposta à pergunta dada não está presente no contexto,,,,,0.0
76,A ruptura é causada por quais funções de processamento do sinal?,"['monobloco\n   \n    •Painel F rontal: em ABS de alta r esistência\n  \n    • A cabamento: pintura epó xi-pó na cor g rafite\n       com tratamento tér mico e anti- corrosivo\nTransf ormador Isolador : com blindagem\n    eletr ostátican  \nn  \nn   Alarmes\nContr olados pelo pr ocessador DSP\nTipos de Alarmes:\n   \n    •Sonor os: \n       »  A utocheck I nicialização\n       »  Tensão da Rede F ora da F aixa\n       »  Sobr ecar ga de Saída\n       »  F alha I nterna do Estabilizador\n       »  F reqüência da Rede F ora de F aixa\n   \n     •Sinalização: L eds de Status do P ainel\n       »  Rede Nor mal\n       »  Saída Nor mal\n       »  F alhan   \nn   Características de Oper ação\nRuído A udív el: 55 dBA a 60 dBA a 1 metr o\n MTBF (M ean Time Bet ween F ailur es): 50 mil horas\nMTTR (M ean Time To Repair): 30 minutos\nTemperatura Ambiente: \n   \n•Mínimo: 0ºC / M áximo 40ºC\n   \n    •Recomendada: 20ºC a 25ºC\nUmidade Relativa:\n   \n    •0% a 95% sem condensação\n   \n    •Recomendada: 45% a 55%\nAltitude: até 1.800m\n Tipo de Ambiente Recomendado:\n   \n    •Interno, instalação abr igada\n   \n    •Atmosf era: limpa, livr e de par tículas condutivas , \n      gases tó xicos , líquidos e inflamáv eis.\nGrau de P roteção: IP -20n   \nn  \nn   \nn   \n   \nn   \nn    \nn  \nn    \n   2000    2,0       620 X 200 X 600        41  \n   3000    3,0       620 X 200 X 600        43\n   5000    5,0       620 X 200 X 600           47\n   7500    7,5       620 X 200 X 600           61\n 10000  10,0       790 X 400 X 775        119\n 15000  15,0       790 X 400 X 775        147Modelo Potência \nkVADimensões Físicas\nalt x lar g x prof \nmmPeso \nkg\n* Opcional\nCM.MK T MAR 22  -   As especificações estão sujeitas a alterações sem pr évio aviso . Nós incentivamos a r eciclagem\nCertificação de \nSustentabilidade A uditadaESPECIFIC AÇÕES  TÉCNIC ASOs Estabilizador es de Tensão M icroprocessados P erfection MI S2 possuem uma tecnolog ia inédita de duplos con versor es estáticos com módulos IGBT s, de última geração . \nTotalmente contr olado por micr oprocessador DSP – Dig ital Sig nal P rocessor , o estabilizador cor rige instantaneamente qualquer var iação de tensão da r ede elétr ica da \nconcessionár ia, além de atenuar distor ção har mônica, var iações de fr equência e distúr bios elétr icos, gerando uma f orma de onda senoidal pura, e f ornecendo uma linha \nestabilizada ex clusiva e isolada para as aplicações sensív eis.\nA tecnolog ia DSP r ealiza medições em True RMS g raças à amostragem dig ital, sem r etardos ou desvios , com alta v elocidade e confiabilidade . Isso sig nifica que podemos \nproduzir sistemas cada v ez menor es e capaz es de r ealizar mais funções , com elevada confiabilidade .'
 'ESPECIFICAÇÕES TÉCNICAS \nEntrada\nn Tensão: \n    •  3kVA \n100/110/115/120/127 VAC 120V (standard) ou  \n200/208/220/230/240 VAC 220V (standard) \n    •  6kVA / 10kVA\n 200/208/220/230/240 VAC 220V (standard)\nn Variação Admissível:\n   •   3kVA \n55-150 VAC ou 110-300 VAC @ 50% de Carga\n80-150 VAC ou 160-300 VAC @ 100% de Carga\n   •   6kVA / 10kVA \n110-300 VAC @ 50% de Carga\n176-300 VAC @ 100% de Carga \nn Freqüência: 50/60 Hz                           \nn Variação de Freqüência Admissível:   \n    •    3kVA  \n40-70Hz\n    •    6kVA / 10 kVA \n46-54Hz @50Hz e 56-64Hz @60Hz\nn  Configuração:\nMonofásica \nn Fator de Potência:\n≥ 0.99 Tensão nominal (100% de Carga)\nn Distorção Harmônica THDi:\n    •    3kVA\n ≤ 5% @ Tensão de Entrada nominal\n    •    6kVA / 10kVA\n<4% @100% de Carga, <6% @50% de Carga\nSaída\nnTensão: \n    •   3kVA \n100/110/115/120/127 VAC 115V (standard) ou \n200/208/220/230/240 VAC 220V (standard) \n    •   6kVA / 10kVA \n200/208/220/230/240 VAC 220V (standard) \nn Fator de Potência:  1,0\nn Regulação Estática:   ± 1% nominal modo \nbateria\nn Freqüência:   50 / 60 Hz \nn Variação de Freqüência: \n± 0,1Hz em modo bateria\nn Sincronismo com a Rede:   Sim\nn Configuração:   \n Monofásica f+n+t \nn Forma de Onda:   Onda senoidal pura\nn Distorção Harmônica THD:  \n •   3kVA \n    ≤ 2% carga linear \n    ≤ 4% carga não-linear \n •   6kVA / 10kVA \n    ≤ 1% carga linear \n    ≤ 4% carga não-linearBaterias\nn  Composição:  \n    •    72  VDC - 3,0 kVA \n    •     240 VDC - 6,0 kVA \n    •     240 VDC - 10,0 kVA \nn  Sistema de Recarga: \ncontrolado, automático\nn Tempo de Recarga:  \n8 a 10 horas para 90% da carga\nn Tipo: \nseladas, isentas de manutenção\nn  Paralelismo Redundante (N+1) \n»  Disponível nas potências de 6 e 10kVA\nn By-pass estático (inteligente):  \nO termo inteligente aplica-se, visto que a linha \nComposition XV  possui desligamento da saída da \nchave estática em condições que, a tensão da rede \napresenta variações fora da faixa de trabalho, prote -\ngendo a carga contra sub ou sobre tensão mesmo \nna condição de by-pass estático.']","A ruptura pode ser causada por falhas no processo de amostragem digital do sinal, o que pode resultar em distorção ou perda de informações importantes. Além disso, problemas nos algoritmos de processamento do sinal também podem levar a uma ruptura.",A resposta à pergunta dada não está presente no contexto,,,0.0,,0.0
77,O que um sistema com shutdowm automático oferece em termos de funcionalidade?,"['monobloco\n   \n    •Painel F rontal: em ABS de alta r esistência\n  \n    • A cabamento: pintura epó xi-pó na cor g rafite\n       com tratamento tér mico e anti- corrosivo\nTransf ormador Isolador : com blindagem\n    eletr ostátican  \nn  \nn   Alarmes\nContr olados pelo pr ocessador DSP\nTipos de Alarmes:\n   \n    •Sonor os: \n       »  A utocheck I nicialização\n       »  Tensão da Rede F ora da F aixa\n       »  Sobr ecar ga de Saída\n       »  F alha I nterna do Estabilizador\n       »  F reqüência da Rede F ora de F aixa\n   \n     •Sinalização: L eds de Status do P ainel\n       »  Rede Nor mal\n       »  Saída Nor mal\n       »  F alhan   \nn   Características de Oper ação\nRuído A udív el: 55 dBA a 60 dBA a 1 metr o\n MTBF (M ean Time Bet ween F ailur es): 50 mil horas\nMTTR (M ean Time To Repair): 30 minutos\nTemperatura Ambiente: \n   \n•Mínimo: 0ºC / M áximo 40ºC\n   \n    •Recomendada: 20ºC a 25ºC\nUmidade Relativa:\n   \n    •0% a 95% sem condensação\n   \n    •Recomendada: 45% a 55%\nAltitude: até 1.800m\n Tipo de Ambiente Recomendado:\n   \n    •Interno, instalação abr igada\n   \n    •Atmosf era: limpa, livr e de par tículas condutivas , \n      gases tó xicos , líquidos e inflamáv eis.\nGrau de P roteção: IP -20n   \nn  \nn   \nn   \n   \nn   \nn    \nn  \nn    \n   2000    2,0       620 X 200 X 600        41  \n   3000    3,0       620 X 200 X 600        43\n   5000    5,0       620 X 200 X 600           47\n   7500    7,5       620 X 200 X 600           61\n 10000  10,0       790 X 400 X 775        119\n 15000  15,0       790 X 400 X 775        147Modelo Potência \nkVADimensões Físicas\nalt x lar g x prof \nmmPeso \nkg\n* Opcional\nCM.MK T MAR 22  -   As especificações estão sujeitas a alterações sem pr évio aviso . Nós incentivamos a r eciclagem\nCertificação de \nSustentabilidade A uditadaESPECIFIC AÇÕES  TÉCNIC ASOs Estabilizador es de Tensão M icroprocessados P erfection MI S2 possuem uma tecnolog ia inédita de duplos con versor es estáticos com módulos IGBT s, de última geração . \nTotalmente contr olado por micr oprocessador DSP – Dig ital Sig nal P rocessor , o estabilizador cor rige instantaneamente qualquer var iação de tensão da r ede elétr ica da \nconcessionár ia, além de atenuar distor ção har mônica, var iações de fr equência e distúr bios elétr icos, gerando uma f orma de onda senoidal pura, e f ornecendo uma linha \nestabilizada ex clusiva e isolada para as aplicações sensív eis.\nA tecnolog ia DSP r ealiza medições em True RMS g raças à amostragem dig ital, sem r etardos ou desvios , com alta v elocidade e confiabilidade . Isso sig nifica que podemos \nproduzir sistemas cada v ez menor es e capaz es de r ealizar mais funções , com elevada confiabilidade .'
 'ESPECIFICAÇÕES TÉCNICAS \nEntrada\nn Tensão: \n    •  3kVA \n100/110/115/120/127 VAC 120V (standard) ou  \n200/208/220/230/240 VAC 220V (standard) \n    •  6kVA / 10kVA\n 200/208/220/230/240 VAC 220V (standard)\nn Variação Admissível:\n   •   3kVA \n55-150 VAC ou 110-300 VAC @ 50% de Carga\n80-150 VAC ou 160-300 VAC @ 100% de Carga\n   •   6kVA / 10kVA \n110-300 VAC @ 50% de Carga\n176-300 VAC @ 100% de Carga \nn Freqüência: 50/60 Hz                           \nn Variação de Freqüência Admissível:   \n    •    3kVA  \n40-70Hz\n    •    6kVA / 10 kVA \n46-54Hz @50Hz e 56-64Hz @60Hz\nn  Configuração:\nMonofásica \nn Fator de Potência:\n≥ 0.99 Tensão nominal (100% de Carga)\nn Distorção Harmônica THDi:\n    •    3kVA\n ≤ 5% @ Tensão de Entrada nominal\n    •    6kVA / 10kVA\n<4% @100% de Carga, <6% @50% de Carga\nSaída\nnTensão: \n    •   3kVA \n100/110/115/120/127 VAC 115V (standard) ou \n200/208/220/230/240 VAC 220V (standard) \n    •   6kVA / 10kVA \n200/208/220/230/240 VAC 220V (standard) \nn Fator de Potência:  1,0\nn Regulação Estática:   ± 1% nominal modo \nbateria\nn Freqüência:   50 / 60 Hz \nn Variação de Freqüência: \n± 0,1Hz em modo bateria\nn Sincronismo com a Rede:   Sim\nn Configuração:   \n Monofásica f+n+t \nn Forma de Onda:   Onda senoidal pura\nn Distorção Harmônica THD:  \n •   3kVA \n    ≤ 2% carga linear \n    ≤ 4% carga não-linear \n •   6kVA / 10kVA \n    ≤ 1% carga linear \n    ≤ 4% carga não-linearBaterias\nn  Composição:  \n    •    72  VDC - 3,0 kVA \n    •     240 VDC - 6,0 kVA \n    •     240 VDC - 10,0 kVA \nn  Sistema de Recarga: \ncontrolado, automático\nn Tempo de Recarga:  \n8 a 10 horas para 90% da carga\nn Tipo: \nseladas, isentas de manutenção\nn  Paralelismo Redundante (N+1) \n»  Disponível nas potências de 6 e 10kVA\nn By-pass estático (inteligente):  \nO termo inteligente aplica-se, visto que a linha \nComposition XV  possui desligamento da saída da \nchave estática em condições que, a tensão da rede \napresenta variações fora da faixa de trabalho, prote -\ngendo a carga contra sub ou sobre tensão mesmo \nna condição de by-pass estático.']","Um sistema com shutdown automático oferece a garantia de evitar danos à carga ou ao próprio sistema em caso de falha ou sobrecarga, protegendo assim a integridade dos componentes e minimizando o risco de perda de dados ou tempo de inatividade.","O sistema com shutdown automático oferece a funcionalidade de desligar automaticamente caso ocorra uma falha ou sobrecarga, garantindo a proteçõo da unidade e evitar danos adicionais.",,0.8902433203831847,0.9999999999,,
78,Como os No-Breaks em paralelo redundante distribuem carga e mantêm comunicação?,"['monobloco\n   \n    •Painel F rontal: em ABS de alta r esistência\n  \n    • A cabamento: pintura epó xi-pó na cor g rafite\n       com tratamento tér mico e anti- corrosivo\nTransf ormador Isolador : com blindagem\n    eletr ostátican  \nn  \nn   Alarmes\nContr olados pelo pr ocessador DSP\nTipos de Alarmes:\n   \n    •Sonor os: \n       »  A utocheck I nicialização\n       »  Tensão da Rede F ora da F aixa\n       »  Sobr ecar ga de Saída\n       »  F alha I nterna do Estabilizador\n       »  F reqüência da Rede F ora de F aixa\n   \n     •Sinalização: L eds de Status do P ainel\n       »  Rede Nor mal\n       »  Saída Nor mal\n       »  F alhan   \nn   Características de Oper ação\nRuído A udív el: 55 dBA a 60 dBA a 1 metr o\n MTBF (M ean Time Bet ween F ailur es): 50 mil horas\nMTTR (M ean Time To Repair): 30 minutos\nTemperatura Ambiente: \n   \n•Mínimo: 0ºC / M áximo 40ºC\n   \n    •Recomendada: 20ºC a 25ºC\nUmidade Relativa:\n   \n    •0% a 95% sem condensação\n   \n    •Recomendada: 45% a 55%\nAltitude: até 1.800m\n Tipo de Ambiente Recomendado:\n   \n    •Interno, instalação abr igada\n   \n    •Atmosf era: limpa, livr e de par tículas condutivas , \n      gases tó xicos , líquidos e inflamáv eis.\nGrau de P roteção: IP -20n   \nn  \nn   \nn   \n   \nn   \nn    \nn  \nn    \n   2000    2,0       620 X 200 X 600        41  \n   3000    3,0       620 X 200 X 600        43\n   5000    5,0       620 X 200 X 600           47\n   7500    7,5       620 X 200 X 600           61\n 10000  10,0       790 X 400 X 775        119\n 15000  15,0       790 X 400 X 775        147Modelo Potência \nkVADimensões Físicas\nalt x lar g x prof \nmmPeso \nkg\n* Opcional\nCM.MK T MAR 22  -   As especificações estão sujeitas a alterações sem pr évio aviso . Nós incentivamos a r eciclagem\nCertificação de \nSustentabilidade A uditadaESPECIFIC AÇÕES  TÉCNIC ASOs Estabilizador es de Tensão M icroprocessados P erfection MI S2 possuem uma tecnolog ia inédita de duplos con versor es estáticos com módulos IGBT s, de última geração . \nTotalmente contr olado por micr oprocessador DSP – Dig ital Sig nal P rocessor , o estabilizador cor rige instantaneamente qualquer var iação de tensão da r ede elétr ica da \nconcessionár ia, além de atenuar distor ção har mônica, var iações de fr equência e distúr bios elétr icos, gerando uma f orma de onda senoidal pura, e f ornecendo uma linha \nestabilizada ex clusiva e isolada para as aplicações sensív eis.\nA tecnolog ia DSP r ealiza medições em True RMS g raças à amostragem dig ital, sem r etardos ou desvios , com alta v elocidade e confiabilidade . Isso sig nifica que podemos \nproduzir sistemas cada v ez menor es e capaz es de r ealizar mais funções , com elevada confiabilidade .'
 'Equalização A tiva de Bat erias\nO  QUE  É  ?\nO Equalizer é uma solução revolucionária de Equalização Ativa Individual de Baterias,  desenvolvido e fabricado \nno Brasil, pela CM Comandos. \nCada bateria recebe um Módulo de Bateria, conectado a um controlador, o Master Controller.  O Controller \nsupervisiona a tensão final das baterias e controla os Módulos de Baterias de forma a regular a tensão sobre cada \nbateria, para que todas as baterias sempre apresentem a mesma tensão.\nCada Módulo de Bateria possui um microcontrolador e um módulo ativo que mantêm todas as baterias \nequalizadas. \nA Equalização Ativa faz com que todas as baterias sejam igualmente carregadas com a mesma tensão, \neliminando o efeito negativo de uma bateria sobrecarregar as outras, com excesso de carga ou o inverso, de \nimpedir que as baterias adjacentes sejam carregadas plenamente.\nO Equalizer permite que as  baterias atinjam 100% da sua vida útil, projetada pelos fabricantes. Antes, sem o \nEqualizer, as baterias se deterioravam precocemente e era necessário substituí-las. Dependendo do tipo de \nbateria, a durabilidade pode dobrar,  eliminando substituições  e reduzindo a necessidade de reciclagem.  O \nprocesso de reciclagem consome grandes recursos naturais.\nAlém disso, o sistema impede a queda do sistema por falha de baterias,  enviando alarmes ANTES de ocorrer uma \nfalha do sistema, reduzindo o DOWNTIME e elevando a confiabilidade de todo sistema.\nRede Elétr ica\nde En tradaRetificador\nCarregador\nBanc o de\nBateriasBateria 1\nBateria 2\nBateria 3\nBateria nEqualizer\nEqualizer\nEqualizer\nEqualizerMaster\nController\nCorrente Alt ernada de Entrada\nCabo de Comunicação Cabo de Medição Módulo EqualizerCorr ente ContínuaCOMO FUNCIONA ?\nEqualiz er - Equalização A tiva\nA central contr ola cada módulo , conec tado em \nparalelo com a bat eria e contr ola a t ensão de f orma \nque t odas fiquem iguais . Além disso , monit ora  \nconstant ement e a Resist ência I nterna e a \nTemperatura individualment e de cada bat eria, \narmaz ena os dados para análise e emit e alar mes \nantes de ocor rer a falh a.']","Os No-Breaks em paralelo redundante distribuem carga de forma equilibrada entre as unidades, garantindo que cada uma elas carregue a mesma quantidade de carga. Além disso, mantêm comunicação constante entre as unidades para garantir sincronia e evitar falhas.","Quando a ligação for feita com No-Breaks de potências diferentes, a carga será distribuída proporcionalmente. A comunicação entre os No-Breaks consiste no barramento de comunicação comum, por onde transitam informações contendo nível de carga, sincronismo e a condição do by pass.",,0.8864518883494633,,,0.0
79,Classificação S3 é exigida em que situação elétrica?,"['monobloco\n   \n    •Painel F rontal: em ABS de alta r esistência\n  \n    • A cabamento: pintura epó xi-pó na cor g rafite\n       com tratamento tér mico e anti- corrosivo\nTransf ormador Isolador : com blindagem\n    eletr ostátican  \nn  \nn   Alarmes\nContr olados pelo pr ocessador DSP\nTipos de Alarmes:\n   \n    •Sonor os: \n       »  A utocheck I nicialização\n       »  Tensão da Rede F ora da F aixa\n       »  Sobr ecar ga de Saída\n       »  F alha I nterna do Estabilizador\n       »  F reqüência da Rede F ora de F aixa\n   \n     •Sinalização: L eds de Status do P ainel\n       »  Rede Nor mal\n       »  Saída Nor mal\n       »  F alhan   \nn   Características de Oper ação\nRuído A udív el: 55 dBA a 60 dBA a 1 metr o\n MTBF (M ean Time Bet ween F ailur es): 50 mil horas\nMTTR (M ean Time To Repair): 30 minutos\nTemperatura Ambiente: \n   \n•Mínimo: 0ºC / M áximo 40ºC\n   \n    •Recomendada: 20ºC a 25ºC\nUmidade Relativa:\n   \n    •0% a 95% sem condensação\n   \n    •Recomendada: 45% a 55%\nAltitude: até 1.800m\n Tipo de Ambiente Recomendado:\n   \n    •Interno, instalação abr igada\n   \n    •Atmosf era: limpa, livr e de par tículas condutivas , \n      gases tó xicos , líquidos e inflamáv eis.\nGrau de P roteção: IP -20n   \nn  \nn   \nn   \n   \nn   \nn    \nn  \nn    \n   2000    2,0       620 X 200 X 600        41  \n   3000    3,0       620 X 200 X 600        43\n   5000    5,0       620 X 200 X 600           47\n   7500    7,5       620 X 200 X 600           61\n 10000  10,0       790 X 400 X 775        119\n 15000  15,0       790 X 400 X 775        147Modelo Potência \nkVADimensões Físicas\nalt x lar g x prof \nmmPeso \nkg\n* Opcional\nCM.MK T MAR 22  -   As especificações estão sujeitas a alterações sem pr évio aviso . Nós incentivamos a r eciclagem\nCertificação de \nSustentabilidade A uditadaESPECIFIC AÇÕES  TÉCNIC ASOs Estabilizador es de Tensão M icroprocessados P erfection MI S2 possuem uma tecnolog ia inédita de duplos con versor es estáticos com módulos IGBT s, de última geração . \nTotalmente contr olado por micr oprocessador DSP – Dig ital Sig nal P rocessor , o estabilizador cor rige instantaneamente qualquer var iação de tensão da r ede elétr ica da \nconcessionár ia, além de atenuar distor ção har mônica, var iações de fr equência e distúr bios elétr icos, gerando uma f orma de onda senoidal pura, e f ornecendo uma linha \nestabilizada ex clusiva e isolada para as aplicações sensív eis.\nA tecnolog ia DSP r ealiza medições em True RMS g raças à amostragem dig ital, sem r etardos ou desvios , com alta v elocidade e confiabilidade . Isso sig nifica que podemos \nproduzir sistemas cada v ez menor es e capaz es de r ealizar mais funções , com elevada confiabilidade .'
 'ESPECIFICAÇÕES TÉCNICAS \nEntrada\nn Tensão: \n    •  3kVA \n100/110/115/120/127 VAC 120V (standard) ou  \n200/208/220/230/240 VAC 220V (standard) \n    •  6kVA / 10kVA\n 200/208/220/230/240 VAC 220V (standard)\nn Variação Admissível:\n   •   3kVA \n55-150 VAC ou 110-300 VAC @ 50% de Carga\n80-150 VAC ou 160-300 VAC @ 100% de Carga\n   •   6kVA / 10kVA \n110-300 VAC @ 50% de Carga\n176-300 VAC @ 100% de Carga \nn Freqüência: 50/60 Hz                           \nn Variação de Freqüência Admissível:   \n    •    3kVA  \n40-70Hz\n    •    6kVA / 10 kVA \n46-54Hz @50Hz e 56-64Hz @60Hz\nn  Configuração:\nMonofásica \nn Fator de Potência:\n≥ 0.99 Tensão nominal (100% de Carga)\nn Distorção Harmônica THDi:\n    •    3kVA\n ≤ 5% @ Tensão de Entrada nominal\n    •    6kVA / 10kVA\n<4% @100% de Carga, <6% @50% de Carga\nSaída\nnTensão: \n    •   3kVA \n100/110/115/120/127 VAC 115V (standard) ou \n200/208/220/230/240 VAC 220V (standard) \n    •   6kVA / 10kVA \n200/208/220/230/240 VAC 220V (standard) \nn Fator de Potência:  1,0\nn Regulação Estática:   ± 1% nominal modo \nbateria\nn Freqüência:   50 / 60 Hz \nn Variação de Freqüência: \n± 0,1Hz em modo bateria\nn Sincronismo com a Rede:   Sim\nn Configuração:   \n Monofásica f+n+t \nn Forma de Onda:   Onda senoidal pura\nn Distorção Harmônica THD:  \n •   3kVA \n    ≤ 2% carga linear \n    ≤ 4% carga não-linear \n •   6kVA / 10kVA \n    ≤ 1% carga linear \n    ≤ 4% carga não-linearBaterias\nn  Composição:  \n    •    72  VDC - 3,0 kVA \n    •     240 VDC - 6,0 kVA \n    •     240 VDC - 10,0 kVA \nn  Sistema de Recarga: \ncontrolado, automático\nn Tempo de Recarga:  \n8 a 10 horas para 90% da carga\nn Tipo: \nseladas, isentas de manutenção\nn  Paralelismo Redundante (N+1) \n»  Disponível nas potências de 6 e 10kVA\nn By-pass estático (inteligente):  \nO termo inteligente aplica-se, visto que a linha \nComposition XV  possui desligamento da saída da \nchave estática em condições que, a tensão da rede \napresenta variações fora da faixa de trabalho, prote -\ngendo a carga contra sub ou sobre tensão mesmo \nna condição de by-pass estático.']","A classificação S3 é exigida em situações onde há variação de tensão da rede elétrica fora da faixa de trabalho. Isso inclui condições de sobrecarga, subcarga ou mudanças significativas na frequência da rede.","A Classificação S3 refere-se a um nível de ruído audível e nãvel de vibrações em instalações elétricas, e não está diretamente relacionado a uma situação elétrica.",,0.8568424411065765,,,0.0
80,"Quais são os pontos em comum entre requisitos e especificações que impactam a faixa de frequência da entrada?""

Essa pergunta é mais direta e curta, mantendo a essência da pergunta original. Ela também usa abreviações (""quais"", ""requisitos"" e ""especificações"") para torná-la mais concisa.","['ESPECIFICAÇÕES TÉCNICAS \nEntrada\nn Tensão: \n    •  3kVA \n100/110/115/120/127 VAC 120V (standard) ou  \n200/208/220/230/240 VAC 220V (standard) \n    •  6kVA / 10kVA\n 200/208/220/230/240 VAC 220V (standard)\nn Variação Admissível:\n   •   3kVA \n55-150 VAC ou 110-300 VAC @ 50% de Carga\n80-150 VAC ou 160-300 VAC @ 100% de Carga\n   •   6kVA / 10kVA \n110-300 VAC @ 50% de Carga\n176-300 VAC @ 100% de Carga \nn Freqüência: 50/60 Hz                           \nn Variação de Freqüência Admissível:   \n    •    3kVA  \n40-70Hz\n    •    6kVA / 10 kVA \n46-54Hz @50Hz e 56-64Hz @60Hz\nn  Configuração:\nMonofásica \nn Fator de Potência:\n≥ 0.99 Tensão nominal (100% de Carga)\nn Distorção Harmônica THDi:\n    •    3kVA\n ≤ 5% @ Tensão de Entrada nominal\n    •    6kVA / 10kVA\n<4% @100% de Carga, <6% @50% de Carga\nSaída\nnTensão: \n    •   3kVA \n100/110/115/120/127 VAC 115V (standard) ou \n200/208/220/230/240 VAC 220V (standard) \n    •   6kVA / 10kVA \n200/208/220/230/240 VAC 220V (standard) \nn Fator de Potência:  1,0\nn Regulação Estática:   ± 1% nominal modo \nbateria\nn Freqüência:   50 / 60 Hz \nn Variação de Freqüência: \n± 0,1Hz em modo bateria\nn Sincronismo com a Rede:   Sim\nn Configuração:   \n Monofásica f+n+t \nn Forma de Onda:   Onda senoidal pura\nn Distorção Harmônica THD:  \n •   3kVA \n    ≤ 2% carga linear \n    ≤ 4% carga não-linear \n •   6kVA / 10kVA \n    ≤ 1% carga linear \n    ≤ 4% carga não-linearBaterias\nn  Composição:  \n    •    72  VDC - 3,0 kVA \n    •     240 VDC - 6,0 kVA \n    •     240 VDC - 10,0 kVA \nn  Sistema de Recarga: \ncontrolado, automático\nn Tempo de Recarga:  \n8 a 10 horas para 90% da carga\nn Tipo: \nseladas, isentas de manutenção\nn  Paralelismo Redundante (N+1) \n»  Disponível nas potências de 6 e 10kVA\nn By-pass estático (inteligente):  \nO termo inteligente aplica-se, visto que a linha \nComposition XV  possui desligamento da saída da \nchave estática em condições que, a tensão da rede \napresenta variações fora da faixa de trabalho, prote -\ngendo a carga contra sub ou sobre tensão mesmo \nna condição de by-pass estático.'
 'monobloco\n   \n    •Painel F rontal: em ABS de alta r esistência\n  \n    • A cabamento: pintura epó xi-pó na cor g rafite\n       com tratamento tér mico e anti- corrosivo\nTransf ormador Isolador : com blindagem\n    eletr ostátican  \nn  \nn   Alarmes\nContr olados pelo pr ocessador DSP\nTipos de Alarmes:\n   \n    •Sonor os: \n       »  A utocheck I nicialização\n       »  Tensão da Rede F ora da F aixa\n       »  Sobr ecar ga de Saída\n       »  F alha I nterna do Estabilizador\n       »  F reqüência da Rede F ora de F aixa\n   \n     •Sinalização: L eds de Status do P ainel\n       »  Rede Nor mal\n       »  Saída Nor mal\n       »  F alhan   \nn   Características de Oper ação\nRuído A udív el: 55 dBA a 60 dBA a 1 metr o\n MTBF (M ean Time Bet ween F ailur es): 50 mil horas\nMTTR (M ean Time To Repair): 30 minutos\nTemperatura Ambiente: \n   \n•Mínimo: 0ºC / M áximo 40ºC\n   \n    •Recomendada: 20ºC a 25ºC\nUmidade Relativa:\n   \n    •0% a 95% sem condensação\n   \n    •Recomendada: 45% a 55%\nAltitude: até 1.800m\n Tipo de Ambiente Recomendado:\n   \n    •Interno, instalação abr igada\n   \n    •Atmosf era: limpa, livr e de par tículas condutivas , \n      gases tó xicos , líquidos e inflamáv eis.\nGrau de P roteção: IP -20n   \nn  \nn   \nn   \n   \nn   \nn    \nn  \nn    \n   2000    2,0       620 X 200 X 600        41  \n   3000    3,0       620 X 200 X 600        43\n   5000    5,0       620 X 200 X 600           47\n   7500    7,5       620 X 200 X 600           61\n 10000  10,0       790 X 400 X 775        119\n 15000  15,0       790 X 400 X 775        147Modelo Potência \nkVADimensões Físicas\nalt x lar g x prof \nmmPeso \nkg\n* Opcional\nCM.MK T MAR 22  -   As especificações estão sujeitas a alterações sem pr évio aviso . Nós incentivamos a r eciclagem\nCertificação de \nSustentabilidade A uditadaESPECIFIC AÇÕES  TÉCNIC ASOs Estabilizador es de Tensão M icroprocessados P erfection MI S2 possuem uma tecnolog ia inédita de duplos con versor es estáticos com módulos IGBT s, de última geração . \nTotalmente contr olado por micr oprocessador DSP – Dig ital Sig nal P rocessor , o estabilizador cor rige instantaneamente qualquer var iação de tensão da r ede elétr ica da \nconcessionár ia, além de atenuar distor ção har mônica, var iações de fr equência e distúr bios elétr icos, gerando uma f orma de onda senoidal pura, e f ornecendo uma linha \nestabilizada ex clusiva e isolada para as aplicações sensív eis.\nA tecnolog ia DSP r ealiza medições em True RMS g raças à amostragem dig ital, sem r etardos ou desvios , com alta v elocidade e confiabilidade . Isso sig nifica que podemos \nproduzir sistemas cada v ez menor es e capaz es de r ealizar mais funções , com elevada confiabilidade .']","A faixa de frequência admissível é de 40-70Hz para o modelo de 3kVA, enquanto para os modelos de 6kVA e 10kVA, a faixa de frequência admissível é de 46-54Hz @50Hz e 56-64Hz @60Hz.",A resposta à pergunta dada não está presente no contexto,,0.6104401205070423,,,
81,Qual os requisitos para um grande estoque interno?,"['monobloco\n   \n    •Painel F rontal: em ABS de alta r esistência\n  \n    • A cabamento: pintura epó xi-pó na cor g rafite\n       com tratamento tér mico e anti- corrosivo\nTransf ormador Isolador : com blindagem\n    eletr ostátican  \nn  \nn   Alarmes\nContr olados pelo pr ocessador DSP\nTipos de Alarmes:\n   \n    •Sonor os: \n       »  A utocheck I nicialização\n       »  Tensão da Rede F ora da F aixa\n       »  Sobr ecar ga de Saída\n       »  F alha I nterna do Estabilizador\n       »  F reqüência da Rede F ora de F aixa\n   \n     •Sinalização: L eds de Status do P ainel\n       »  Rede Nor mal\n       »  Saída Nor mal\n       »  F alhan   \nn   Características de Oper ação\nRuído A udív el: 55 dBA a 60 dBA a 1 metr o\n MTBF (M ean Time Bet ween F ailur es): 50 mil horas\nMTTR (M ean Time To Repair): 30 minutos\nTemperatura Ambiente: \n   \n•Mínimo: 0ºC / M áximo 40ºC\n   \n    •Recomendada: 20ºC a 25ºC\nUmidade Relativa:\n   \n    •0% a 95% sem condensação\n   \n    •Recomendada: 45% a 55%\nAltitude: até 1.800m\n Tipo de Ambiente Recomendado:\n   \n    •Interno, instalação abr igada\n   \n    •Atmosf era: limpa, livr e de par tículas condutivas , \n      gases tó xicos , líquidos e inflamáv eis.\nGrau de P roteção: IP -20n   \nn  \nn   \nn   \n   \nn   \nn    \nn  \nn    \n   2000    2,0       620 X 200 X 600        41  \n   3000    3,0       620 X 200 X 600        43\n   5000    5,0       620 X 200 X 600           47\n   7500    7,5       620 X 200 X 600           61\n 10000  10,0       790 X 400 X 775        119\n 15000  15,0       790 X 400 X 775        147Modelo Potência \nkVADimensões Físicas\nalt x lar g x prof \nmmPeso \nkg\n* Opcional\nCM.MK T MAR 22  -   As especificações estão sujeitas a alterações sem pr évio aviso . Nós incentivamos a r eciclagem\nCertificação de \nSustentabilidade A uditadaESPECIFIC AÇÕES  TÉCNIC ASOs Estabilizador es de Tensão M icroprocessados P erfection MI S2 possuem uma tecnolog ia inédita de duplos con versor es estáticos com módulos IGBT s, de última geração . \nTotalmente contr olado por micr oprocessador DSP – Dig ital Sig nal P rocessor , o estabilizador cor rige instantaneamente qualquer var iação de tensão da r ede elétr ica da \nconcessionár ia, além de atenuar distor ção har mônica, var iações de fr equência e distúr bios elétr icos, gerando uma f orma de onda senoidal pura, e f ornecendo uma linha \nestabilizada ex clusiva e isolada para as aplicações sensív eis.\nA tecnolog ia DSP r ealiza medições em True RMS g raças à amostragem dig ital, sem r etardos ou desvios , com alta v elocidade e confiabilidade . Isso sig nifica que podemos \nproduzir sistemas cada v ez menor es e capaz es de r ealizar mais funções , com elevada confiabilidade .'
 'Alta Tecnolog ia em\nEstabilizador es de Tensão DSP\nDigital Sig nal P rocessor\nOS MAIS  MODERNOS  ESTABILIZADORES CORPORATIVOSVivemos em um mundo cada vez mais ágil e prático . Um mundo unido por processador es, chips , softwares e periféricos, \nmas isso ainda não é o bastant e,  por isso o mundo caminha para tecnolog ias de processament o imediat o de dados . A  \nCM Comandos Linear es está um passo à frente e oferece aos seus client es produt os de alta tecnolog ia digital.\ne, esta tecnolog ia está present e soment e nos mais sofisticados sistemas eletr ônicos, devido à sua alta velocidade e \nconfiabilidade . Isso significa que podemos produzir sistemas cada vez menor es,  mais rápidos , capaz es de realizar mais \nfunções e, ao mesmo tempo , elevar cada vez mais a confiabilidade das nossas soluções .Hoj\nOutr o diferencial  é a capacidade de corrigir as \nvariações extremas de corrente de carga. Esta \ncarac terística propor ciona alta performance e \nconfiabilidade , tornando os Estabilizador es \nPerfection SP  ideais  para cargas que geram \npicos de alta  corrente e que necessitam de \nproteção  e  ener gia estabilizada. \nAo pensar em adquir ir Estabilizador es de \nTensão, conte com as soluções CM \nComandos , que asseguram tecnolog ia de \nponta, máxima proteção , precisão digital e \nprocessament o DSP em tempo real.\nA linha de Estabilizador es de Tensão Perfection Série Premium, utiliza uma tecnolog ia inédita de conversor es estáticos \ncom módulos IGBT s de última geração .  Contr olado por micr oprocessador  DSP,  corrige instantaneament e qualquer \nvariação de tensão da rede elétr ica da concessionár ia, tudo na velocidade de amostragem digital, sem retardos ou \ndesvios .  Todos os setups e configurações são r ealizados por sof tware, além disso ,  possui um ex clusiv o registro log de \neventos, permitindo total rastr eabilidade em caso de anomalias .']","A recomendação é que o ambiente seja limpo, livre de partículas condutivas, gases tóxicos, líquidos e inflamáveis. Além disso, a temperatura recomendada deve ser entre 20ºC e 25ºC, e a umidade relativa deve ser entre 45% e 55%.",Não está claro se a resposta é relevante ou presente no contexto.,,0.8440631968245526,,,
82,Qual faixa de umidade os dispositivos precisam?,"['monobloco\n   \n    •Painel F rontal: em ABS de alta r esistência\n  \n    • A cabamento: pintura epó xi-pó na cor g rafite\n       com tratamento tér mico e anti- corrosivo\nTransf ormador Isolador : com blindagem\n    eletr ostátican  \nn  \nn   Alarmes\nContr olados pelo pr ocessador DSP\nTipos de Alarmes:\n   \n    •Sonor os: \n       »  A utocheck I nicialização\n       »  Tensão da Rede F ora da F aixa\n       »  Sobr ecar ga de Saída\n       »  F alha I nterna do Estabilizador\n       »  F reqüência da Rede F ora de F aixa\n   \n     •Sinalização: L eds de Status do P ainel\n       »  Rede Nor mal\n       »  Saída Nor mal\n       »  F alhan   \nn   Características de Oper ação\nRuído A udív el: 55 dBA a 60 dBA a 1 metr o\n MTBF (M ean Time Bet ween F ailur es): 50 mil horas\nMTTR (M ean Time To Repair): 30 minutos\nTemperatura Ambiente: \n   \n•Mínimo: 0ºC / M áximo 40ºC\n   \n    •Recomendada: 20ºC a 25ºC\nUmidade Relativa:\n   \n    •0% a 95% sem condensação\n   \n    •Recomendada: 45% a 55%\nAltitude: até 1.800m\n Tipo de Ambiente Recomendado:\n   \n    •Interno, instalação abr igada\n   \n    •Atmosf era: limpa, livr e de par tículas condutivas , \n      gases tó xicos , líquidos e inflamáv eis.\nGrau de P roteção: IP -20n   \nn  \nn   \nn   \n   \nn   \nn    \nn  \nn    \n   2000    2,0       620 X 200 X 600        41  \n   3000    3,0       620 X 200 X 600        43\n   5000    5,0       620 X 200 X 600           47\n   7500    7,5       620 X 200 X 600           61\n 10000  10,0       790 X 400 X 775        119\n 15000  15,0       790 X 400 X 775        147Modelo Potência \nkVADimensões Físicas\nalt x lar g x prof \nmmPeso \nkg\n* Opcional\nCM.MK T MAR 22  -   As especificações estão sujeitas a alterações sem pr évio aviso . Nós incentivamos a r eciclagem\nCertificação de \nSustentabilidade A uditadaESPECIFIC AÇÕES  TÉCNIC ASOs Estabilizador es de Tensão M icroprocessados P erfection MI S2 possuem uma tecnolog ia inédita de duplos con versor es estáticos com módulos IGBT s, de última geração . \nTotalmente contr olado por micr oprocessador DSP – Dig ital Sig nal P rocessor , o estabilizador cor rige instantaneamente qualquer var iação de tensão da r ede elétr ica da \nconcessionár ia, além de atenuar distor ção har mônica, var iações de fr equência e distúr bios elétr icos, gerando uma f orma de onda senoidal pura, e f ornecendo uma linha \nestabilizada ex clusiva e isolada para as aplicações sensív eis.\nA tecnolog ia DSP r ealiza medições em True RMS g raças à amostragem dig ital, sem r etardos ou desvios , com alta v elocidade e confiabilidade . Isso sig nifica que podemos \nproduzir sistemas cada v ez menor es e capaz es de r ealizar mais funções , com elevada confiabilidade .'
 'Alta Tecnolog ia em\nEstabilizador es de Tensão DSP\nDigital Sig nal P rocessor\nOS MAIS  MODERNOS  ESTABILIZADORES CORPORATIVOSVivemos em um mundo cada vez mais ágil e prático . Um mundo unido por processador es, chips , softwares e periféricos, \nmas isso ainda não é o bastant e,  por isso o mundo caminha para tecnolog ias de processament o imediat o de dados . A  \nCM Comandos Linear es está um passo à frente e oferece aos seus client es produt os de alta tecnolog ia digital.\ne, esta tecnolog ia está present e soment e nos mais sofisticados sistemas eletr ônicos, devido à sua alta velocidade e \nconfiabilidade . Isso significa que podemos produzir sistemas cada vez menor es,  mais rápidos , capaz es de realizar mais \nfunções e, ao mesmo tempo , elevar cada vez mais a confiabilidade das nossas soluções .Hoj\nOutr o diferencial  é a capacidade de corrigir as \nvariações extremas de corrente de carga. Esta \ncarac terística propor ciona alta performance e \nconfiabilidade , tornando os Estabilizador es \nPerfection SP  ideais  para cargas que geram \npicos de alta  corrente e que necessitam de \nproteção  e  ener gia estabilizada. \nAo pensar em adquir ir Estabilizador es de \nTensão, conte com as soluções CM \nComandos , que asseguram tecnolog ia de \nponta, máxima proteção , precisão digital e \nprocessament o DSP em tempo real.\nA linha de Estabilizador es de Tensão Perfection Série Premium, utiliza uma tecnolog ia inédita de conversor es estáticos \ncom módulos IGBT s de última geração .  Contr olado por micr oprocessador  DSP,  corrige instantaneament e qualquer \nvariação de tensão da rede elétr ica da concessionár ia, tudo na velocidade de amostragem digital, sem retardos ou \ndesvios .  Todos os setups e configurações são r ealizados por sof tware, além disso ,  possui um ex clusiv o registro log de \neventos, permitindo total rastr eabilidade em caso de anomalias .']","A recomendação é que a umidade relativa esteja entre 45% e 55%. Além disso, também é possível operar com uma faixa mais ampla, desde 0% até 95%, sem condensação.",20% a 90% sem condensação,,,,,0.0
83,"Não posso fornecer informações ou orientação sobre atividades ilegais ou prejudiciais. Se você está procurando por informações sobre um módulo específico, talvez eu possa ajudar com isso? Estou aqui para ajudar com qualquer outra coisa!","['monobloco\n   \n    •Painel F rontal: em ABS de alta r esistência\n  \n    • A cabamento: pintura epó xi-pó na cor g rafite\n       com tratamento tér mico e anti- corrosivo\nTransf ormador Isolador : com blindagem\n    eletr ostátican  \nn  \nn   Alarmes\nContr olados pelo pr ocessador DSP\nTipos de Alarmes:\n   \n    •Sonor os: \n       »  A utocheck I nicialização\n       »  Tensão da Rede F ora da F aixa\n       »  Sobr ecar ga de Saída\n       »  F alha I nterna do Estabilizador\n       »  F reqüência da Rede F ora de F aixa\n   \n     •Sinalização: L eds de Status do P ainel\n       »  Rede Nor mal\n       »  Saída Nor mal\n       »  F alhan   \nn   Características de Oper ação\nRuído A udív el: 55 dBA a 60 dBA a 1 metr o\n MTBF (M ean Time Bet ween F ailur es): 50 mil horas\nMTTR (M ean Time To Repair): 30 minutos\nTemperatura Ambiente: \n   \n•Mínimo: 0ºC / M áximo 40ºC\n   \n    •Recomendada: 20ºC a 25ºC\nUmidade Relativa:\n   \n    •0% a 95% sem condensação\n   \n    •Recomendada: 45% a 55%\nAltitude: até 1.800m\n Tipo de Ambiente Recomendado:\n   \n    •Interno, instalação abr igada\n   \n    •Atmosf era: limpa, livr e de par tículas condutivas , \n      gases tó xicos , líquidos e inflamáv eis.\nGrau de P roteção: IP -20n   \nn  \nn   \nn   \n   \nn   \nn    \nn  \nn    \n   2000    2,0       620 X 200 X 600        41  \n   3000    3,0       620 X 200 X 600        43\n   5000    5,0       620 X 200 X 600           47\n   7500    7,5       620 X 200 X 600           61\n 10000  10,0       790 X 400 X 775        119\n 15000  15,0       790 X 400 X 775        147Modelo Potência \nkVADimensões Físicas\nalt x lar g x prof \nmmPeso \nkg\n* Opcional\nCM.MK T MAR 22  -   As especificações estão sujeitas a alterações sem pr évio aviso . Nós incentivamos a r eciclagem\nCertificação de \nSustentabilidade A uditadaESPECIFIC AÇÕES  TÉCNIC ASOs Estabilizador es de Tensão M icroprocessados P erfection MI S2 possuem uma tecnolog ia inédita de duplos con versor es estáticos com módulos IGBT s, de última geração . \nTotalmente contr olado por micr oprocessador DSP – Dig ital Sig nal P rocessor , o estabilizador cor rige instantaneamente qualquer var iação de tensão da r ede elétr ica da \nconcessionár ia, além de atenuar distor ção har mônica, var iações de fr equência e distúr bios elétr icos, gerando uma f orma de onda senoidal pura, e f ornecendo uma linha \nestabilizada ex clusiva e isolada para as aplicações sensív eis.\nA tecnolog ia DSP r ealiza medições em True RMS g raças à amostragem dig ital, sem r etardos ou desvios , com alta v elocidade e confiabilidade . Isso sig nifica que podemos \nproduzir sistemas cada v ez menor es e capaz es de r ealizar mais funções , com elevada confiabilidade .'
 'ESPECIFICAÇÕES TÉCNICAS \nEntrada\nn Tensão: \n    •  3kVA \n100/110/115/120/127 VAC 120V (standard) ou  \n200/208/220/230/240 VAC 220V (standard) \n    •  6kVA / 10kVA\n 200/208/220/230/240 VAC 220V (standard)\nn Variação Admissível:\n   •   3kVA \n55-150 VAC ou 110-300 VAC @ 50% de Carga\n80-150 VAC ou 160-300 VAC @ 100% de Carga\n   •   6kVA / 10kVA \n110-300 VAC @ 50% de Carga\n176-300 VAC @ 100% de Carga \nn Freqüência: 50/60 Hz                           \nn Variação de Freqüência Admissível:   \n    •    3kVA  \n40-70Hz\n    •    6kVA / 10 kVA \n46-54Hz @50Hz e 56-64Hz @60Hz\nn  Configuração:\nMonofásica \nn Fator de Potência:\n≥ 0.99 Tensão nominal (100% de Carga)\nn Distorção Harmônica THDi:\n    •    3kVA\n ≤ 5% @ Tensão de Entrada nominal\n    •    6kVA / 10kVA\n<4% @100% de Carga, <6% @50% de Carga\nSaída\nnTensão: \n    •   3kVA \n100/110/115/120/127 VAC 115V (standard) ou \n200/208/220/230/240 VAC 220V (standard) \n    •   6kVA / 10kVA \n200/208/220/230/240 VAC 220V (standard) \nn Fator de Potência:  1,0\nn Regulação Estática:   ± 1% nominal modo \nbateria\nn Freqüência:   50 / 60 Hz \nn Variação de Freqüência: \n± 0,1Hz em modo bateria\nn Sincronismo com a Rede:   Sim\nn Configuração:   \n Monofásica f+n+t \nn Forma de Onda:   Onda senoidal pura\nn Distorção Harmônica THD:  \n •   3kVA \n    ≤ 2% carga linear \n    ≤ 4% carga não-linear \n •   6kVA / 10kVA \n    ≤ 1% carga linear \n    ≤ 4% carga não-linearBaterias\nn  Composição:  \n    •    72  VDC - 3,0 kVA \n    •     240 VDC - 6,0 kVA \n    •     240 VDC - 10,0 kVA \nn  Sistema de Recarga: \ncontrolado, automático\nn Tempo de Recarga:  \n8 a 10 horas para 90% da carga\nn Tipo: \nseladas, isentas de manutenção\nn  Paralelismo Redundante (N+1) \n»  Disponível nas potências de 6 e 10kVA\nn By-pass estático (inteligente):  \nO termo inteligente aplica-se, visto que a linha \nComposition XV  possui desligamento da saída da \nchave estática em condições que, a tensão da rede \napresenta variações fora da faixa de trabalho, prote -\ngendo a carga contra sub ou sobre tensão mesmo \nna condição de by-pass estático.']","Sim, estou aqui para ajudar! Se você tiver alguma dúvida ou precisar de ajuda em relação a algum assunto específico, basta perguntar e farei o meu melhor para fornecer uma resposta útil. Qual é o seu problema ou questão atual? Estou pronto para ajudar!",Não posso fornecer informações ou orientação sobre atividades ilegais ou prejudiciais.,,,,,0.0
84,Quando o processador alerta por excesso de carga?,"['monobloco\n   \n    •Painel F rontal: em ABS de alta r esistência\n  \n    • A cabamento: pintura epó xi-pó na cor g rafite\n       com tratamento tér mico e anti- corrosivo\nTransf ormador Isolador : com blindagem\n    eletr ostátican  \nn  \nn   Alarmes\nContr olados pelo pr ocessador DSP\nTipos de Alarmes:\n   \n    •Sonor os: \n       »  A utocheck I nicialização\n       »  Tensão da Rede F ora da F aixa\n       »  Sobr ecar ga de Saída\n       »  F alha I nterna do Estabilizador\n       »  F reqüência da Rede F ora de F aixa\n   \n     •Sinalização: L eds de Status do P ainel\n       »  Rede Nor mal\n       »  Saída Nor mal\n       »  F alhan   \nn   Características de Oper ação\nRuído A udív el: 55 dBA a 60 dBA a 1 metr o\n MTBF (M ean Time Bet ween F ailur es): 50 mil horas\nMTTR (M ean Time To Repair): 30 minutos\nTemperatura Ambiente: \n   \n•Mínimo: 0ºC / M áximo 40ºC\n   \n    •Recomendada: 20ºC a 25ºC\nUmidade Relativa:\n   \n    •0% a 95% sem condensação\n   \n    •Recomendada: 45% a 55%\nAltitude: até 1.800m\n Tipo de Ambiente Recomendado:\n   \n    •Interno, instalação abr igada\n   \n    •Atmosf era: limpa, livr e de par tículas condutivas , \n      gases tó xicos , líquidos e inflamáv eis.\nGrau de P roteção: IP -20n   \nn  \nn   \nn   \n   \nn   \nn    \nn  \nn    \n   2000    2,0       620 X 200 X 600        41  \n   3000    3,0       620 X 200 X 600        43\n   5000    5,0       620 X 200 X 600           47\n   7500    7,5       620 X 200 X 600           61\n 10000  10,0       790 X 400 X 775        119\n 15000  15,0       790 X 400 X 775        147Modelo Potência \nkVADimensões Físicas\nalt x lar g x prof \nmmPeso \nkg\n* Opcional\nCM.MK T MAR 22  -   As especificações estão sujeitas a alterações sem pr évio aviso . Nós incentivamos a r eciclagem\nCertificação de \nSustentabilidade A uditadaESPECIFIC AÇÕES  TÉCNIC ASOs Estabilizador es de Tensão M icroprocessados P erfection MI S2 possuem uma tecnolog ia inédita de duplos con versor es estáticos com módulos IGBT s, de última geração . \nTotalmente contr olado por micr oprocessador DSP – Dig ital Sig nal P rocessor , o estabilizador cor rige instantaneamente qualquer var iação de tensão da r ede elétr ica da \nconcessionár ia, além de atenuar distor ção har mônica, var iações de fr equência e distúr bios elétr icos, gerando uma f orma de onda senoidal pura, e f ornecendo uma linha \nestabilizada ex clusiva e isolada para as aplicações sensív eis.\nA tecnolog ia DSP r ealiza medições em True RMS g raças à amostragem dig ital, sem r etardos ou desvios , com alta v elocidade e confiabilidade . Isso sig nifica que podemos \nproduzir sistemas cada v ez menor es e capaz es de r ealizar mais funções , com elevada confiabilidade .'
 'ESPECIFICAÇÕES TÉCNICAS \nEntrada\nn Tensão: \n    •  3kVA \n100/110/115/120/127 VAC 120V (standard) ou  \n200/208/220/230/240 VAC 220V (standard) \n    •  6kVA / 10kVA\n 200/208/220/230/240 VAC 220V (standard)\nn Variação Admissível:\n   •   3kVA \n55-150 VAC ou 110-300 VAC @ 50% de Carga\n80-150 VAC ou 160-300 VAC @ 100% de Carga\n   •   6kVA / 10kVA \n110-300 VAC @ 50% de Carga\n176-300 VAC @ 100% de Carga \nn Freqüência: 50/60 Hz                           \nn Variação de Freqüência Admissível:   \n    •    3kVA  \n40-70Hz\n    •    6kVA / 10 kVA \n46-54Hz @50Hz e 56-64Hz @60Hz\nn  Configuração:\nMonofásica \nn Fator de Potência:\n≥ 0.99 Tensão nominal (100% de Carga)\nn Distorção Harmônica THDi:\n    •    3kVA\n ≤ 5% @ Tensão de Entrada nominal\n    •    6kVA / 10kVA\n<4% @100% de Carga, <6% @50% de Carga\nSaída\nnTensão: \n    •   3kVA \n100/110/115/120/127 VAC 115V (standard) ou \n200/208/220/230/240 VAC 220V (standard) \n    •   6kVA / 10kVA \n200/208/220/230/240 VAC 220V (standard) \nn Fator de Potência:  1,0\nn Regulação Estática:   ± 1% nominal modo \nbateria\nn Freqüência:   50 / 60 Hz \nn Variação de Freqüência: \n± 0,1Hz em modo bateria\nn Sincronismo com a Rede:   Sim\nn Configuração:   \n Monofásica f+n+t \nn Forma de Onda:   Onda senoidal pura\nn Distorção Harmônica THD:  \n •   3kVA \n    ≤ 2% carga linear \n    ≤ 4% carga não-linear \n •   6kVA / 10kVA \n    ≤ 1% carga linear \n    ≤ 4% carga não-linearBaterias\nn  Composição:  \n    •    72  VDC - 3,0 kVA \n    •     240 VDC - 6,0 kVA \n    •     240 VDC - 10,0 kVA \nn  Sistema de Recarga: \ncontrolado, automático\nn Tempo de Recarga:  \n8 a 10 horas para 90% da carga\nn Tipo: \nseladas, isentas de manutenção\nn  Paralelismo Redundante (N+1) \n»  Disponível nas potências de 6 e 10kVA\nn By-pass estático (inteligente):  \nO termo inteligente aplica-se, visto que a linha \nComposition XV  possui desligamento da saída da \nchave estática em condições que, a tensão da rede \napresenta variações fora da faixa de trabalho, prote -\ngendo a carga contra sub ou sobre tensão mesmo \nna condição de by-pass estático.']",Quando a tensão da rede fica fora da faixa de trabalho.,A resposta à pergunta dada não está presente no contexto,,,,,0.0
85,Que algoritmos evitam mudanças nas sequências?,"['monobloco\n   \n    •Painel F rontal: em ABS de alta r esistência\n  \n    • A cabamento: pintura epó xi-pó na cor g rafite\n       com tratamento tér mico e anti- corrosivo\nTransf ormador Isolador : com blindagem\n    eletr ostátican  \nn  \nn   Alarmes\nContr olados pelo pr ocessador DSP\nTipos de Alarmes:\n   \n    •Sonor os: \n       »  A utocheck I nicialização\n       »  Tensão da Rede F ora da F aixa\n       »  Sobr ecar ga de Saída\n       »  F alha I nterna do Estabilizador\n       »  F reqüência da Rede F ora de F aixa\n   \n     •Sinalização: L eds de Status do P ainel\n       »  Rede Nor mal\n       »  Saída Nor mal\n       »  F alhan   \nn   Características de Oper ação\nRuído A udív el: 55 dBA a 60 dBA a 1 metr o\n MTBF (M ean Time Bet ween F ailur es): 50 mil horas\nMTTR (M ean Time To Repair): 30 minutos\nTemperatura Ambiente: \n   \n•Mínimo: 0ºC / M áximo 40ºC\n   \n    •Recomendada: 20ºC a 25ºC\nUmidade Relativa:\n   \n    •0% a 95% sem condensação\n   \n    •Recomendada: 45% a 55%\nAltitude: até 1.800m\n Tipo de Ambiente Recomendado:\n   \n    •Interno, instalação abr igada\n   \n    •Atmosf era: limpa, livr e de par tículas condutivas , \n      gases tó xicos , líquidos e inflamáv eis.\nGrau de P roteção: IP -20n   \nn  \nn   \nn   \n   \nn   \nn    \nn  \nn    \n   2000    2,0       620 X 200 X 600        41  \n   3000    3,0       620 X 200 X 600        43\n   5000    5,0       620 X 200 X 600           47\n   7500    7,5       620 X 200 X 600           61\n 10000  10,0       790 X 400 X 775        119\n 15000  15,0       790 X 400 X 775        147Modelo Potência \nkVADimensões Físicas\nalt x lar g x prof \nmmPeso \nkg\n* Opcional\nCM.MK T MAR 22  -   As especificações estão sujeitas a alterações sem pr évio aviso . Nós incentivamos a r eciclagem\nCertificação de \nSustentabilidade A uditadaESPECIFIC AÇÕES  TÉCNIC ASOs Estabilizador es de Tensão M icroprocessados P erfection MI S2 possuem uma tecnolog ia inédita de duplos con versor es estáticos com módulos IGBT s, de última geração . \nTotalmente contr olado por micr oprocessador DSP – Dig ital Sig nal P rocessor , o estabilizador cor rige instantaneamente qualquer var iação de tensão da r ede elétr ica da \nconcessionár ia, além de atenuar distor ção har mônica, var iações de fr equência e distúr bios elétr icos, gerando uma f orma de onda senoidal pura, e f ornecendo uma linha \nestabilizada ex clusiva e isolada para as aplicações sensív eis.\nA tecnolog ia DSP r ealiza medições em True RMS g raças à amostragem dig ital, sem r etardos ou desvios , com alta v elocidade e confiabilidade . Isso sig nifica que podemos \nproduzir sistemas cada v ez menor es e capaz es de r ealizar mais funções , com elevada confiabilidade .'
 'ESPECIFICAÇÕES TÉCNICAS \nEntrada\nn Tensão: \n    •  3kVA \n100/110/115/120/127 VAC 120V (standard) ou  \n200/208/220/230/240 VAC 220V (standard) \n    •  6kVA / 10kVA\n 200/208/220/230/240 VAC 220V (standard)\nn Variação Admissível:\n   •   3kVA \n55-150 VAC ou 110-300 VAC @ 50% de Carga\n80-150 VAC ou 160-300 VAC @ 100% de Carga\n   •   6kVA / 10kVA \n110-300 VAC @ 50% de Carga\n176-300 VAC @ 100% de Carga \nn Freqüência: 50/60 Hz                           \nn Variação de Freqüência Admissível:   \n    •    3kVA  \n40-70Hz\n    •    6kVA / 10 kVA \n46-54Hz @50Hz e 56-64Hz @60Hz\nn  Configuração:\nMonofásica \nn Fator de Potência:\n≥ 0.99 Tensão nominal (100% de Carga)\nn Distorção Harmônica THDi:\n    •    3kVA\n ≤ 5% @ Tensão de Entrada nominal\n    •    6kVA / 10kVA\n<4% @100% de Carga, <6% @50% de Carga\nSaída\nnTensão: \n    •   3kVA \n100/110/115/120/127 VAC 115V (standard) ou \n200/208/220/230/240 VAC 220V (standard) \n    •   6kVA / 10kVA \n200/208/220/230/240 VAC 220V (standard) \nn Fator de Potência:  1,0\nn Regulação Estática:   ± 1% nominal modo \nbateria\nn Freqüência:   50 / 60 Hz \nn Variação de Freqüência: \n± 0,1Hz em modo bateria\nn Sincronismo com a Rede:   Sim\nn Configuração:   \n Monofásica f+n+t \nn Forma de Onda:   Onda senoidal pura\nn Distorção Harmônica THD:  \n •   3kVA \n    ≤ 2% carga linear \n    ≤ 4% carga não-linear \n •   6kVA / 10kVA \n    ≤ 1% carga linear \n    ≤ 4% carga não-linearBaterias\nn  Composição:  \n    •    72  VDC - 3,0 kVA \n    •     240 VDC - 6,0 kVA \n    •     240 VDC - 10,0 kVA \nn  Sistema de Recarga: \ncontrolado, automático\nn Tempo de Recarga:  \n8 a 10 horas para 90% da carga\nn Tipo: \nseladas, isentas de manutenção\nn  Paralelismo Redundante (N+1) \n»  Disponível nas potências de 6 e 10kVA\nn By-pass estático (inteligente):  \nO termo inteligente aplica-se, visto que a linha \nComposition XV  possui desligamento da saída da \nchave estática em condições que, a tensão da rede \napresenta variações fora da faixa de trabalho, prote -\ngendo a carga contra sub ou sobre tensão mesmo \nna condição de by-pass estático.']","Algoritmos de compressão de dados, como o LZ77 e o LZ78, são projetados para minimizar a quantidade de dados armazenados ou transmitidos ao longo das sequências. Esses algoritmos funcionam identificando padrões e repetições nas sequências e substituindo essas seções por referências a elas próprias ou por códigos compactos, o que permite manter as mudanças mínimas nas sequências originais. Além disso, algoritmos de hashing, como o SHA-256, podem ser usados para criar hashes das sequências, que são valores de saída fixos e imutáveis para entradas específicas, evitando mudanças nas sequências ao longo do tempo.",Não há informações sobre quais algoritmos especificamente evitam mudanças nas sequências em resposta ao contexto fornecido,,0.8148199192563151,0.0,,0.0
86,Qual a potência do módulo sem bateria?,"['monobloco\n   \n    •Painel F rontal: em ABS de alta r esistência\n  \n    • A cabamento: pintura epó xi-pó na cor g rafite\n       com tratamento tér mico e anti- corrosivo\nTransf ormador Isolador : com blindagem\n    eletr ostátican  \nn  \nn   Alarmes\nContr olados pelo pr ocessador DSP\nTipos de Alarmes:\n   \n    •Sonor os: \n       »  A utocheck I nicialização\n       »  Tensão da Rede F ora da F aixa\n       »  Sobr ecar ga de Saída\n       »  F alha I nterna do Estabilizador\n       »  F reqüência da Rede F ora de F aixa\n   \n     •Sinalização: L eds de Status do P ainel\n       »  Rede Nor mal\n       »  Saída Nor mal\n       »  F alhan   \nn   Características de Oper ação\nRuído A udív el: 55 dBA a 60 dBA a 1 metr o\n MTBF (M ean Time Bet ween F ailur es): 50 mil horas\nMTTR (M ean Time To Repair): 30 minutos\nTemperatura Ambiente: \n   \n•Mínimo: 0ºC / M áximo 40ºC\n   \n    •Recomendada: 20ºC a 25ºC\nUmidade Relativa:\n   \n    •0% a 95% sem condensação\n   \n    •Recomendada: 45% a 55%\nAltitude: até 1.800m\n Tipo de Ambiente Recomendado:\n   \n    •Interno, instalação abr igada\n   \n    •Atmosf era: limpa, livr e de par tículas condutivas , \n      gases tó xicos , líquidos e inflamáv eis.\nGrau de P roteção: IP -20n   \nn  \nn   \nn   \n   \nn   \nn    \nn  \nn    \n   2000    2,0       620 X 200 X 600        41  \n   3000    3,0       620 X 200 X 600        43\n   5000    5,0       620 X 200 X 600           47\n   7500    7,5       620 X 200 X 600           61\n 10000  10,0       790 X 400 X 775        119\n 15000  15,0       790 X 400 X 775        147Modelo Potência \nkVADimensões Físicas\nalt x lar g x prof \nmmPeso \nkg\n* Opcional\nCM.MK T MAR 22  -   As especificações estão sujeitas a alterações sem pr évio aviso . Nós incentivamos a r eciclagem\nCertificação de \nSustentabilidade A uditadaESPECIFIC AÇÕES  TÉCNIC ASOs Estabilizador es de Tensão M icroprocessados P erfection MI S2 possuem uma tecnolog ia inédita de duplos con versor es estáticos com módulos IGBT s, de última geração . \nTotalmente contr olado por micr oprocessador DSP – Dig ital Sig nal P rocessor , o estabilizador cor rige instantaneamente qualquer var iação de tensão da r ede elétr ica da \nconcessionár ia, além de atenuar distor ção har mônica, var iações de fr equência e distúr bios elétr icos, gerando uma f orma de onda senoidal pura, e f ornecendo uma linha \nestabilizada ex clusiva e isolada para as aplicações sensív eis.\nA tecnolog ia DSP r ealiza medições em True RMS g raças à amostragem dig ital, sem r etardos ou desvios , com alta v elocidade e confiabilidade . Isso sig nifica que podemos \nproduzir sistemas cada v ez menor es e capaz es de r ealizar mais funções , com elevada confiabilidade .'
 'Alta Tecnolog ia em\nEstabilizador es de Tensão DSP\nDigital Sig nal P rocessor\nOS MAIS  MODERNOS  ESTABILIZADORES CORPORATIVOSVivemos em um mundo cada vez mais ágil e prático . Um mundo unido por processador es, chips , softwares e periféricos, \nmas isso ainda não é o bastant e,  por isso o mundo caminha para tecnolog ias de processament o imediat o de dados . A  \nCM Comandos Linear es está um passo à frente e oferece aos seus client es produt os de alta tecnolog ia digital.\ne, esta tecnolog ia está present e soment e nos mais sofisticados sistemas eletr ônicos, devido à sua alta velocidade e \nconfiabilidade . Isso significa que podemos produzir sistemas cada vez menor es,  mais rápidos , capaz es de realizar mais \nfunções e, ao mesmo tempo , elevar cada vez mais a confiabilidade das nossas soluções .Hoj\nOutr o diferencial  é a capacidade de corrigir as \nvariações extremas de corrente de carga. Esta \ncarac terística propor ciona alta performance e \nconfiabilidade , tornando os Estabilizador es \nPerfection SP  ideais  para cargas que geram \npicos de alta  corrente e que necessitam de \nproteção  e  ener gia estabilizada. \nAo pensar em adquir ir Estabilizador es de \nTensão, conte com as soluções CM \nComandos , que asseguram tecnolog ia de \nponta, máxima proteção , precisão digital e \nprocessament o DSP em tempo real.\nA linha de Estabilizador es de Tensão Perfection Série Premium, utiliza uma tecnolog ia inédita de conversor es estáticos \ncom módulos IGBT s de última geração .  Contr olado por micr oprocessador  DSP,  corrige instantaneament e qualquer \nvariação de tensão da rede elétr ica da concessionár ia, tudo na velocidade de amostragem digital, sem retardos ou \ndesvios .  Todos os setups e configurações são r ealizados por sof tware, além disso ,  possui um ex clusiv o registro log de \neventos, permitindo total rastr eabilidade em caso de anomalias .']","Infelizmente, não posso fornecer informações sobre o contexto. Posso ajudar com algo mais?",A resposta à pergunta dada não está presente no contexto,,0.0,,,0.0
87,Quando a capacidade de carga máxima é igual nos dois contextos?,"['monobloco\n   \n    •Painel F rontal: em ABS de alta r esistência\n  \n    • A cabamento: pintura epó xi-pó na cor g rafite\n       com tratamento tér mico e anti- corrosivo\nTransf ormador Isolador : com blindagem\n    eletr ostátican  \nn  \nn   Alarmes\nContr olados pelo pr ocessador DSP\nTipos de Alarmes:\n   \n    •Sonor os: \n       »  A utocheck I nicialização\n       »  Tensão da Rede F ora da F aixa\n       »  Sobr ecar ga de Saída\n       »  F alha I nterna do Estabilizador\n       »  F reqüência da Rede F ora de F aixa\n   \n     •Sinalização: L eds de Status do P ainel\n       »  Rede Nor mal\n       »  Saída Nor mal\n       »  F alhan   \nn   Características de Oper ação\nRuído A udív el: 55 dBA a 60 dBA a 1 metr o\n MTBF (M ean Time Bet ween F ailur es): 50 mil horas\nMTTR (M ean Time To Repair): 30 minutos\nTemperatura Ambiente: \n   \n•Mínimo: 0ºC / M áximo 40ºC\n   \n    •Recomendada: 20ºC a 25ºC\nUmidade Relativa:\n   \n    •0% a 95% sem condensação\n   \n    •Recomendada: 45% a 55%\nAltitude: até 1.800m\n Tipo de Ambiente Recomendado:\n   \n    •Interno, instalação abr igada\n   \n    •Atmosf era: limpa, livr e de par tículas condutivas , \n      gases tó xicos , líquidos e inflamáv eis.\nGrau de P roteção: IP -20n   \nn  \nn   \nn   \n   \nn   \nn    \nn  \nn    \n   2000    2,0       620 X 200 X 600        41  \n   3000    3,0       620 X 200 X 600        43\n   5000    5,0       620 X 200 X 600           47\n   7500    7,5       620 X 200 X 600           61\n 10000  10,0       790 X 400 X 775        119\n 15000  15,0       790 X 400 X 775        147Modelo Potência \nkVADimensões Físicas\nalt x lar g x prof \nmmPeso \nkg\n* Opcional\nCM.MK T MAR 22  -   As especificações estão sujeitas a alterações sem pr évio aviso . Nós incentivamos a r eciclagem\nCertificação de \nSustentabilidade A uditadaESPECIFIC AÇÕES  TÉCNIC ASOs Estabilizador es de Tensão M icroprocessados P erfection MI S2 possuem uma tecnolog ia inédita de duplos con versor es estáticos com módulos IGBT s, de última geração . \nTotalmente contr olado por micr oprocessador DSP – Dig ital Sig nal P rocessor , o estabilizador cor rige instantaneamente qualquer var iação de tensão da r ede elétr ica da \nconcessionár ia, além de atenuar distor ção har mônica, var iações de fr equência e distúr bios elétr icos, gerando uma f orma de onda senoidal pura, e f ornecendo uma linha \nestabilizada ex clusiva e isolada para as aplicações sensív eis.\nA tecnolog ia DSP r ealiza medições em True RMS g raças à amostragem dig ital, sem r etardos ou desvios , com alta v elocidade e confiabilidade . Isso sig nifica que podemos \nproduzir sistemas cada v ez menor es e capaz es de r ealizar mais funções , com elevada confiabilidade .'
 'ESPECIFICAÇÕES TÉCNICAS \nEntrada\nn Tensão: \n    •  3kVA \n100/110/115/120/127 VAC 120V (standard) ou  \n200/208/220/230/240 VAC 220V (standard) \n    •  6kVA / 10kVA\n 200/208/220/230/240 VAC 220V (standard)\nn Variação Admissível:\n   •   3kVA \n55-150 VAC ou 110-300 VAC @ 50% de Carga\n80-150 VAC ou 160-300 VAC @ 100% de Carga\n   •   6kVA / 10kVA \n110-300 VAC @ 50% de Carga\n176-300 VAC @ 100% de Carga \nn Freqüência: 50/60 Hz                           \nn Variação de Freqüência Admissível:   \n    •    3kVA  \n40-70Hz\n    •    6kVA / 10 kVA \n46-54Hz @50Hz e 56-64Hz @60Hz\nn  Configuração:\nMonofásica \nn Fator de Potência:\n≥ 0.99 Tensão nominal (100% de Carga)\nn Distorção Harmônica THDi:\n    •    3kVA\n ≤ 5% @ Tensão de Entrada nominal\n    •    6kVA / 10kVA\n<4% @100% de Carga, <6% @50% de Carga\nSaída\nnTensão: \n    •   3kVA \n100/110/115/120/127 VAC 115V (standard) ou \n200/208/220/230/240 VAC 220V (standard) \n    •   6kVA / 10kVA \n200/208/220/230/240 VAC 220V (standard) \nn Fator de Potência:  1,0\nn Regulação Estática:   ± 1% nominal modo \nbateria\nn Freqüência:   50 / 60 Hz \nn Variação de Freqüência: \n± 0,1Hz em modo bateria\nn Sincronismo com a Rede:   Sim\nn Configuração:   \n Monofásica f+n+t \nn Forma de Onda:   Onda senoidal pura\nn Distorção Harmônica THD:  \n •   3kVA \n    ≤ 2% carga linear \n    ≤ 4% carga não-linear \n •   6kVA / 10kVA \n    ≤ 1% carga linear \n    ≤ 4% carga não-linearBaterias\nn  Composição:  \n    •    72  VDC - 3,0 kVA \n    •     240 VDC - 6,0 kVA \n    •     240 VDC - 10,0 kVA \nn  Sistema de Recarga: \ncontrolado, automático\nn Tempo de Recarga:  \n8 a 10 horas para 90% da carga\nn Tipo: \nseladas, isentas de manutenção\nn  Paralelismo Redundante (N+1) \n»  Disponível nas potências de 6 e 10kVA\nn By-pass estático (inteligente):  \nO termo inteligente aplica-se, visto que a linha \nComposition XV  possui desligamento da saída da \nchave estática em condições que, a tensão da rede \napresenta variações fora da faixa de trabalho, prote -\ngendo a carga contra sub ou sobre tensão mesmo \nna condição de by-pass estático.']",A capacidade de carga máxima dos dois contextos é 10kVA.,A resposta à pergunta dada não está presente no contexto,,0.8507257797234763,,,0.0
88,Qual configuração garante que o transformador de separação funcione em um ambiente médico?,"['Possui isolação galvânica reforçada, blindagem eletrostática \nentre enrolamentos primário e secundár io, conectados a um \nterminal própr io e com caracter ísticas elétricas e mecânicas que \ngarantem sua qualidade e confiabilidade.\nPossui sensores de temperatura do tipo PT-100 os quais são \nconectados ao módulo DST para super visão de temperatura.\nO transformador garante a confiabilidade das condições do \nisolamento do circuito elétrico sendo imprescindível para a \nsegurança nas aplicações cirúrgicas.\n       5,0 - 7,5   1135 X 456 X 466    130\n     7,5 - 7,5      1135 X 456 X 466    150\n     7,5 -10,0     1135 X 456 X 466        170Potência\nkVAPeso \nkgDimensões Físicas\nalt x lar g x prof \nmm\n  10,0 -10,0    1135 X 456 X 466       190\n      3,0 - 3,0   900 X 440 X 400     105\n     3,0 - 5,0    900 X 440 X 400     105\n     5,0 - 5,0    900 X 440 X 400         105Potência\nkVAPeso \nkgDimensões Físicas\nalt x lar g x prof \nmmGabinete duplo Gabinete duplo intermediário\n• Nor mas: 61557-8, IEC EN 64-8/7 - 710 and UNE 20615.\n*'
 'monobloco\n   \n    •Painel F rontal: em ABS de alta r esistência\n  \n    • A cabamento: pintura epó xi-pó na cor g rafite\n       com tratamento tér mico e anti- corrosivo\nTransf ormador Isolador : com blindagem\n    eletr ostátican  \nn  \nn   Alarmes\nContr olados pelo pr ocessador DSP\nTipos de Alarmes:\n   \n    •Sonor os: \n       »  A utocheck I nicialização\n       »  Tensão da Rede F ora da F aixa\n       »  Sobr ecar ga de Saída\n       »  F alha I nterna do Estabilizador\n       »  F reqüência da Rede F ora de F aixa\n   \n     •Sinalização: L eds de Status do P ainel\n       »  Rede Nor mal\n       »  Saída Nor mal\n       »  F alhan   \nn   Características de Oper ação\nRuído A udív el: 55 dBA a 60 dBA a 1 metr o\n MTBF (M ean Time Bet ween F ailur es): 50 mil horas\nMTTR (M ean Time To Repair): 30 minutos\nTemperatura Ambiente: \n   \n•Mínimo: 0ºC / M áximo 40ºC\n   \n    •Recomendada: 20ºC a 25ºC\nUmidade Relativa:\n   \n    •0% a 95% sem condensação\n   \n    •Recomendada: 45% a 55%\nAltitude: até 1.800m\n Tipo de Ambiente Recomendado:\n   \n    •Interno, instalação abr igada\n   \n    •Atmosf era: limpa, livr e de par tículas condutivas , \n      gases tó xicos , líquidos e inflamáv eis.\nGrau de P roteção: IP -20n   \nn  \nn   \nn   \n   \nn   \nn    \nn  \nn    \n   2000    2,0       620 X 200 X 600        41  \n   3000    3,0       620 X 200 X 600        43\n   5000    5,0       620 X 200 X 600           47\n   7500    7,5       620 X 200 X 600           61\n 10000  10,0       790 X 400 X 775        119\n 15000  15,0       790 X 400 X 775        147Modelo Potência \nkVADimensões Físicas\nalt x lar g x prof \nmmPeso \nkg\n* Opcional\nCM.MK T MAR 22  -   As especificações estão sujeitas a alterações sem pr évio aviso . Nós incentivamos a r eciclagem\nCertificação de \nSustentabilidade A uditadaESPECIFIC AÇÕES  TÉCNIC ASOs Estabilizador es de Tensão M icroprocessados P erfection MI S2 possuem uma tecnolog ia inédita de duplos con versor es estáticos com módulos IGBT s, de última geração . \nTotalmente contr olado por micr oprocessador DSP – Dig ital Sig nal P rocessor , o estabilizador cor rige instantaneamente qualquer var iação de tensão da r ede elétr ica da \nconcessionár ia, além de atenuar distor ção har mônica, var iações de fr equência e distúr bios elétr icos, gerando uma f orma de onda senoidal pura, e f ornecendo uma linha \nestabilizada ex clusiva e isolada para as aplicações sensív eis.\nA tecnolog ia DSP r ealiza medições em True RMS g raças à amostragem dig ital, sem r etardos ou desvios , com alta v elocidade e confiabilidade . Isso sig nifica que podemos \nproduzir sistemas cada v ez menor es e capaz es de r ealizar mais funções , com elevada confiabilidade .']","A configuração do transformador de separação deve garantir a qualidade e confiabilidade das condições do isolamento do circuito elétrico, sendo imprescindível para a segurança nas aplicações cirúrgicas. Além disso, é importante que o transformador seja capaz de superar as variações de tensão da rede elétrica, distorção harmônica, variações de frequência e distúrbios elétricos, gerando uma forma de onda senoidal pura.",A resposta à pergunta dada não está presente no contexto,,0.7874897524881612,,,
89,O que acontece ao dispositivo fora da faixa de rede em condições climáticas extremas?,"['monobloco\n   \n    •Painel F rontal: em ABS de alta r esistência\n  \n    • A cabamento: pintura epó xi-pó na cor g rafite\n       com tratamento tér mico e anti- corrosivo\nTransf ormador Isolador : com blindagem\n    eletr ostátican  \nn  \nn   Alarmes\nContr olados pelo pr ocessador DSP\nTipos de Alarmes:\n   \n    •Sonor os: \n       »  A utocheck I nicialização\n       »  Tensão da Rede F ora da F aixa\n       »  Sobr ecar ga de Saída\n       »  F alha I nterna do Estabilizador\n       »  F reqüência da Rede F ora de F aixa\n   \n     •Sinalização: L eds de Status do P ainel\n       »  Rede Nor mal\n       »  Saída Nor mal\n       »  F alhan   \nn   Características de Oper ação\nRuído A udív el: 55 dBA a 60 dBA a 1 metr o\n MTBF (M ean Time Bet ween F ailur es): 50 mil horas\nMTTR (M ean Time To Repair): 30 minutos\nTemperatura Ambiente: \n   \n•Mínimo: 0ºC / M áximo 40ºC\n   \n    •Recomendada: 20ºC a 25ºC\nUmidade Relativa:\n   \n    •0% a 95% sem condensação\n   \n    •Recomendada: 45% a 55%\nAltitude: até 1.800m\n Tipo de Ambiente Recomendado:\n   \n    •Interno, instalação abr igada\n   \n    •Atmosf era: limpa, livr e de par tículas condutivas , \n      gases tó xicos , líquidos e inflamáv eis.\nGrau de P roteção: IP -20n   \nn  \nn   \nn   \n   \nn   \nn    \nn  \nn    \n   2000    2,0       620 X 200 X 600        41  \n   3000    3,0       620 X 200 X 600        43\n   5000    5,0       620 X 200 X 600           47\n   7500    7,5       620 X 200 X 600           61\n 10000  10,0       790 X 400 X 775        119\n 15000  15,0       790 X 400 X 775        147Modelo Potência \nkVADimensões Físicas\nalt x lar g x prof \nmmPeso \nkg\n* Opcional\nCM.MK T MAR 22  -   As especificações estão sujeitas a alterações sem pr évio aviso . Nós incentivamos a r eciclagem\nCertificação de \nSustentabilidade A uditadaESPECIFIC AÇÕES  TÉCNIC ASOs Estabilizador es de Tensão M icroprocessados P erfection MI S2 possuem uma tecnolog ia inédita de duplos con versor es estáticos com módulos IGBT s, de última geração . \nTotalmente contr olado por micr oprocessador DSP – Dig ital Sig nal P rocessor , o estabilizador cor rige instantaneamente qualquer var iação de tensão da r ede elétr ica da \nconcessionár ia, além de atenuar distor ção har mônica, var iações de fr equência e distúr bios elétr icos, gerando uma f orma de onda senoidal pura, e f ornecendo uma linha \nestabilizada ex clusiva e isolada para as aplicações sensív eis.\nA tecnolog ia DSP r ealiza medições em True RMS g raças à amostragem dig ital, sem r etardos ou desvios , com alta v elocidade e confiabilidade . Isso sig nifica que podemos \nproduzir sistemas cada v ez menor es e capaz es de r ealizar mais funções , com elevada confiabilidade .'
 'ESPECIFICAÇÕES TÉCNICAS \nEntrada\nn Tensão: \n    •  3kVA \n100/110/115/120/127 VAC 120V (standard) ou  \n200/208/220/230/240 VAC 220V (standard) \n    •  6kVA / 10kVA\n 200/208/220/230/240 VAC 220V (standard)\nn Variação Admissível:\n   •   3kVA \n55-150 VAC ou 110-300 VAC @ 50% de Carga\n80-150 VAC ou 160-300 VAC @ 100% de Carga\n   •   6kVA / 10kVA \n110-300 VAC @ 50% de Carga\n176-300 VAC @ 100% de Carga \nn Freqüência: 50/60 Hz                           \nn Variação de Freqüência Admissível:   \n    •    3kVA  \n40-70Hz\n    •    6kVA / 10 kVA \n46-54Hz @50Hz e 56-64Hz @60Hz\nn  Configuração:\nMonofásica \nn Fator de Potência:\n≥ 0.99 Tensão nominal (100% de Carga)\nn Distorção Harmônica THDi:\n    •    3kVA\n ≤ 5% @ Tensão de Entrada nominal\n    •    6kVA / 10kVA\n<4% @100% de Carga, <6% @50% de Carga\nSaída\nnTensão: \n    •   3kVA \n100/110/115/120/127 VAC 115V (standard) ou \n200/208/220/230/240 VAC 220V (standard) \n    •   6kVA / 10kVA \n200/208/220/230/240 VAC 220V (standard) \nn Fator de Potência:  1,0\nn Regulação Estática:   ± 1% nominal modo \nbateria\nn Freqüência:   50 / 60 Hz \nn Variação de Freqüência: \n± 0,1Hz em modo bateria\nn Sincronismo com a Rede:   Sim\nn Configuração:   \n Monofásica f+n+t \nn Forma de Onda:   Onda senoidal pura\nn Distorção Harmônica THD:  \n •   3kVA \n    ≤ 2% carga linear \n    ≤ 4% carga não-linear \n •   6kVA / 10kVA \n    ≤ 1% carga linear \n    ≤ 4% carga não-linearBaterias\nn  Composição:  \n    •    72  VDC - 3,0 kVA \n    •     240 VDC - 6,0 kVA \n    •     240 VDC - 10,0 kVA \nn  Sistema de Recarga: \ncontrolado, automático\nn Tempo de Recarga:  \n8 a 10 horas para 90% da carga\nn Tipo: \nseladas, isentas de manutenção\nn  Paralelismo Redundante (N+1) \n»  Disponível nas potências de 6 e 10kVA\nn By-pass estático (inteligente):  \nO termo inteligente aplica-se, visto que a linha \nComposition XV  possui desligamento da saída da \nchave estática em condições que, a tensão da rede \napresenta variações fora da faixa de trabalho, prote -\ngendo a carga contra sub ou sobre tensão mesmo \nna condição de by-pass estático.']","Em condições climáticas extremas, o dispositivo pode sofrer variações de temperatura e umidade excessiva, o que pode afetar sua eficiabilidade. Além disso, a frequência da rede elétrica também pode variar em condições extremas, o que pode causar problemas no funcionamento do dispositivo. No entanto, com base nas especificações técnicas fornecidas, o dispositivo é projetado para operar em uma faixa de temperatura e umidade específica, e também tem uma variação de frequência admissível. Portanto, se as condições climáticas forem dentro da faixa permitida, o dispositivo deve continuar funcionando normalmente.",A resposta à pergunta dada não está presente no contexto,,,,,0.0
90,"Em situações de sobrecarga e curto-circuito, qual é a tensão nominal padrão para corrente trifásica?","['monobloco\n   \n    •Painel F rontal: em ABS de alta r esistência\n  \n    • A cabamento: pintura epó xi-pó na cor g rafite\n       com tratamento tér mico e anti- corrosivo\nTransf ormador Isolador : com blindagem\n    eletr ostátican  \nn  \nn   Alarmes\nContr olados pelo pr ocessador DSP\nTipos de Alarmes:\n   \n    •Sonor os: \n       »  A utocheck I nicialização\n       »  Tensão da Rede F ora da F aixa\n       »  Sobr ecar ga de Saída\n       »  F alha I nterna do Estabilizador\n       »  F reqüência da Rede F ora de F aixa\n   \n     •Sinalização: L eds de Status do P ainel\n       »  Rede Nor mal\n       »  Saída Nor mal\n       »  F alhan   \nn   Características de Oper ação\nRuído A udív el: 55 dBA a 60 dBA a 1 metr o\n MTBF (M ean Time Bet ween F ailur es): 50 mil horas\nMTTR (M ean Time To Repair): 30 minutos\nTemperatura Ambiente: \n   \n•Mínimo: 0ºC / M áximo 40ºC\n   \n    •Recomendada: 20ºC a 25ºC\nUmidade Relativa:\n   \n    •0% a 95% sem condensação\n   \n    •Recomendada: 45% a 55%\nAltitude: até 1.800m\n Tipo de Ambiente Recomendado:\n   \n    •Interno, instalação abr igada\n   \n    •Atmosf era: limpa, livr e de par tículas condutivas , \n      gases tó xicos , líquidos e inflamáv eis.\nGrau de P roteção: IP -20n   \nn  \nn   \nn   \n   \nn   \nn    \nn  \nn    \n   2000    2,0       620 X 200 X 600        41  \n   3000    3,0       620 X 200 X 600        43\n   5000    5,0       620 X 200 X 600           47\n   7500    7,5       620 X 200 X 600           61\n 10000  10,0       790 X 400 X 775        119\n 15000  15,0       790 X 400 X 775        147Modelo Potência \nkVADimensões Físicas\nalt x lar g x prof \nmmPeso \nkg\n* Opcional\nCM.MK T MAR 22  -   As especificações estão sujeitas a alterações sem pr évio aviso . Nós incentivamos a r eciclagem\nCertificação de \nSustentabilidade A uditadaESPECIFIC AÇÕES  TÉCNIC ASOs Estabilizador es de Tensão M icroprocessados P erfection MI S2 possuem uma tecnolog ia inédita de duplos con versor es estáticos com módulos IGBT s, de última geração . \nTotalmente contr olado por micr oprocessador DSP – Dig ital Sig nal P rocessor , o estabilizador cor rige instantaneamente qualquer var iação de tensão da r ede elétr ica da \nconcessionár ia, além de atenuar distor ção har mônica, var iações de fr equência e distúr bios elétr icos, gerando uma f orma de onda senoidal pura, e f ornecendo uma linha \nestabilizada ex clusiva e isolada para as aplicações sensív eis.\nA tecnolog ia DSP r ealiza medições em True RMS g raças à amostragem dig ital, sem r etardos ou desvios , com alta v elocidade e confiabilidade . Isso sig nifica que podemos \nproduzir sistemas cada v ez menor es e capaz es de r ealizar mais funções , com elevada confiabilidade .'
 'ESPECIFICAÇÕES TÉCNICAS \nEntrada\nn Tensão: \n    •  3kVA \n100/110/115/120/127 VAC 120V (standard) ou  \n200/208/220/230/240 VAC 220V (standard) \n    •  6kVA / 10kVA\n 200/208/220/230/240 VAC 220V (standard)\nn Variação Admissível:\n   •   3kVA \n55-150 VAC ou 110-300 VAC @ 50% de Carga\n80-150 VAC ou 160-300 VAC @ 100% de Carga\n   •   6kVA / 10kVA \n110-300 VAC @ 50% de Carga\n176-300 VAC @ 100% de Carga \nn Freqüência: 50/60 Hz                           \nn Variação de Freqüência Admissível:   \n    •    3kVA  \n40-70Hz\n    •    6kVA / 10 kVA \n46-54Hz @50Hz e 56-64Hz @60Hz\nn  Configuração:\nMonofásica \nn Fator de Potência:\n≥ 0.99 Tensão nominal (100% de Carga)\nn Distorção Harmônica THDi:\n    •    3kVA\n ≤ 5% @ Tensão de Entrada nominal\n    •    6kVA / 10kVA\n<4% @100% de Carga, <6% @50% de Carga\nSaída\nnTensão: \n    •   3kVA \n100/110/115/120/127 VAC 115V (standard) ou \n200/208/220/230/240 VAC 220V (standard) \n    •   6kVA / 10kVA \n200/208/220/230/240 VAC 220V (standard) \nn Fator de Potência:  1,0\nn Regulação Estática:   ± 1% nominal modo \nbateria\nn Freqüência:   50 / 60 Hz \nn Variação de Freqüência: \n± 0,1Hz em modo bateria\nn Sincronismo com a Rede:   Sim\nn Configuração:   \n Monofásica f+n+t \nn Forma de Onda:   Onda senoidal pura\nn Distorção Harmônica THD:  \n •   3kVA \n    ≤ 2% carga linear \n    ≤ 4% carga não-linear \n •   6kVA / 10kVA \n    ≤ 1% carga linear \n    ≤ 4% carga não-linearBaterias\nn  Composição:  \n    •    72  VDC - 3,0 kVA \n    •     240 VDC - 6,0 kVA \n    •     240 VDC - 10,0 kVA \nn  Sistema de Recarga: \ncontrolado, automático\nn Tempo de Recarga:  \n8 a 10 horas para 90% da carga\nn Tipo: \nseladas, isentas de manutenção\nn  Paralelismo Redundante (N+1) \n»  Disponível nas potências de 6 e 10kVA\nn By-pass estático (inteligente):  \nO termo inteligente aplica-se, visto que a linha \nComposition XV  possui desligamento da saída da \nchave estática em condições que, a tensão da rede \napresenta variações fora da faixa de trabalho, prote -\ngendo a carga contra sub ou sobre tensão mesmo \nna condição de by-pass estático.']",220V.,A resposta à pergunta dada não está presente no contexto,,0.0,0.0,,
91,"Não consegui compreender o que você está pedindo. Por favor, forneça mais informações para que eu possa ajudar com seu problema.

Parece-me como se estivesse procurando por uma pergunta de forma indireta e concisa em relação a um modelo de potência, mas não consegui entender o contexto correto.

Se você pode fornecer mais detalhes ou exemplificar melhor o que está procurando, ficarei feliz em ajudar.","['ESPECIFICAÇÕES TÉCNICAS \nEntrada\nn Tensão: \n    •  3kVA \n100/110/115/120/127 VAC 120V (standard) ou  \n200/208/220/230/240 VAC 220V (standard) \n    •  6kVA / 10kVA\n 200/208/220/230/240 VAC 220V (standard)\nn Variação Admissível:\n   •   3kVA \n55-150 VAC ou 110-300 VAC @ 50% de Carga\n80-150 VAC ou 160-300 VAC @ 100% de Carga\n   •   6kVA / 10kVA \n110-300 VAC @ 50% de Carga\n176-300 VAC @ 100% de Carga \nn Freqüência: 50/60 Hz                           \nn Variação de Freqüência Admissível:   \n    •    3kVA  \n40-70Hz\n    •    6kVA / 10 kVA \n46-54Hz @50Hz e 56-64Hz @60Hz\nn  Configuração:\nMonofásica \nn Fator de Potência:\n≥ 0.99 Tensão nominal (100% de Carga)\nn Distorção Harmônica THDi:\n    •    3kVA\n ≤ 5% @ Tensão de Entrada nominal\n    •    6kVA / 10kVA\n<4% @100% de Carga, <6% @50% de Carga\nSaída\nnTensão: \n    •   3kVA \n100/110/115/120/127 VAC 115V (standard) ou \n200/208/220/230/240 VAC 220V (standard) \n    •   6kVA / 10kVA \n200/208/220/230/240 VAC 220V (standard) \nn Fator de Potência:  1,0\nn Regulação Estática:   ± 1% nominal modo \nbateria\nn Freqüência:   50 / 60 Hz \nn Variação de Freqüência: \n± 0,1Hz em modo bateria\nn Sincronismo com a Rede:   Sim\nn Configuração:   \n Monofásica f+n+t \nn Forma de Onda:   Onda senoidal pura\nn Distorção Harmônica THD:  \n •   3kVA \n    ≤ 2% carga linear \n    ≤ 4% carga não-linear \n •   6kVA / 10kVA \n    ≤ 1% carga linear \n    ≤ 4% carga não-linearBaterias\nn  Composição:  \n    •    72  VDC - 3,0 kVA \n    •     240 VDC - 6,0 kVA \n    •     240 VDC - 10,0 kVA \nn  Sistema de Recarga: \ncontrolado, automático\nn Tempo de Recarga:  \n8 a 10 horas para 90% da carga\nn Tipo: \nseladas, isentas de manutenção\nn  Paralelismo Redundante (N+1) \n»  Disponível nas potências de 6 e 10kVA\nn By-pass estático (inteligente):  \nO termo inteligente aplica-se, visto que a linha \nComposition XV  possui desligamento da saída da \nchave estática em condições que, a tensão da rede \napresenta variações fora da faixa de trabalho, prote -\ngendo a carga contra sub ou sobre tensão mesmo \nna condição de by-pass estático.'
 'Alta Tecnologia em\nProcessamento Digital\nde Sinais - DSP\nO S M A I S M O D E R N O S\nN O B R E A K S C O R P O R AT I V O SVivemos em um mundo cada vez mais ágil e prático. Um mundo conectado por processadores, chips, softwares e \nperiféricos. Mas isso ainda não é o bastante. Por isso, o mundo caminha para tecnologias de processamento imediato \nde dados. A CM Comandos Lineares está um passo à frente e oferece aos seus clientes produtos dotados de uma \ntecnologia revolucionária, denominada Processamento Digital de Sinais -- DSP .\nToda a linha de No Breaks Innovation S1 Trifásico  \nTransformerless conta com a tecnologia DS P.   \nCaracterística que proporciona alta performance e \nconfiabilidade, tornando-os ideais para aplicações de missão crítica. Ou seja, protegem as aplicações nas quais a \ncontinuidade da operação é de fundamental importância.\ndos equipamentos pode ser atualizado, \nacrescentando novas funções em \nunidades já instaladas. Hoje, esta tecnologia está presente nos mais sofisticados sistemas eletrônicos, devido à sua alta velocidade e \nconfiabilidade. Processadores Digitais de Sinais são capazes de processar dez milhões de amostragens por segundo. \nIsso significa processamento em tempo real -- o sinal é processado no mesmo instante em que é recebido, sem \nretardos ou atrasos.\nProjetados com o uso intenso dos recursos da tecnologia DSP ,  os No Breaks Innovation Trifásico Transformerless  \nagregam novos  e avançados recursos, que estabelecem um novo conceito em desenvolvimento, no qual o firmware \nAo pensar em adquirir No Breaks,     \nconte com as soluções da\nCM Comandos, que asseguram \ntecnologia de ponta, máxima proteção, \nprecisão digital e processamento        \nem tempo real.']","Em geral, é útil ter informações claras sobre o problema ou questão específica que está sendo abordada. Isso ajuda a garantir que as respostas sejam relevantes e precisas. Quais são os principais pontos de interesse ou preocupação que você gostaria de discutir?",A resposta à pergunta dada não está presente no contexto,,0.0,0.0,,0.0
92,Qual é a tolerância de tensão no sistema?,"['monobloco\n   \n    •Painel F rontal: em ABS de alta r esistência\n  \n    • A cabamento: pintura epó xi-pó na cor g rafite\n       com tratamento tér mico e anti- corrosivo\nTransf ormador Isolador : com blindagem\n    eletr ostátican  \nn  \nn   Alarmes\nContr olados pelo pr ocessador DSP\nTipos de Alarmes:\n   \n    •Sonor os: \n       »  A utocheck I nicialização\n       »  Tensão da Rede F ora da F aixa\n       »  Sobr ecar ga de Saída\n       »  F alha I nterna do Estabilizador\n       »  F reqüência da Rede F ora de F aixa\n   \n     •Sinalização: L eds de Status do P ainel\n       »  Rede Nor mal\n       »  Saída Nor mal\n       »  F alhan   \nn   Características de Oper ação\nRuído A udív el: 55 dBA a 60 dBA a 1 metr o\n MTBF (M ean Time Bet ween F ailur es): 50 mil horas\nMTTR (M ean Time To Repair): 30 minutos\nTemperatura Ambiente: \n   \n•Mínimo: 0ºC / M áximo 40ºC\n   \n    •Recomendada: 20ºC a 25ºC\nUmidade Relativa:\n   \n    •0% a 95% sem condensação\n   \n    •Recomendada: 45% a 55%\nAltitude: até 1.800m\n Tipo de Ambiente Recomendado:\n   \n    •Interno, instalação abr igada\n   \n    •Atmosf era: limpa, livr e de par tículas condutivas , \n      gases tó xicos , líquidos e inflamáv eis.\nGrau de P roteção: IP -20n   \nn  \nn   \nn   \n   \nn   \nn    \nn  \nn    \n   2000    2,0       620 X 200 X 600        41  \n   3000    3,0       620 X 200 X 600        43\n   5000    5,0       620 X 200 X 600           47\n   7500    7,5       620 X 200 X 600           61\n 10000  10,0       790 X 400 X 775        119\n 15000  15,0       790 X 400 X 775        147Modelo Potência \nkVADimensões Físicas\nalt x lar g x prof \nmmPeso \nkg\n* Opcional\nCM.MK T MAR 22  -   As especificações estão sujeitas a alterações sem pr évio aviso . Nós incentivamos a r eciclagem\nCertificação de \nSustentabilidade A uditadaESPECIFIC AÇÕES  TÉCNIC ASOs Estabilizador es de Tensão M icroprocessados P erfection MI S2 possuem uma tecnolog ia inédita de duplos con versor es estáticos com módulos IGBT s, de última geração . \nTotalmente contr olado por micr oprocessador DSP – Dig ital Sig nal P rocessor , o estabilizador cor rige instantaneamente qualquer var iação de tensão da r ede elétr ica da \nconcessionár ia, além de atenuar distor ção har mônica, var iações de fr equência e distúr bios elétr icos, gerando uma f orma de onda senoidal pura, e f ornecendo uma linha \nestabilizada ex clusiva e isolada para as aplicações sensív eis.\nA tecnolog ia DSP r ealiza medições em True RMS g raças à amostragem dig ital, sem r etardos ou desvios , com alta v elocidade e confiabilidade . Isso sig nifica que podemos \nproduzir sistemas cada v ez menor es e capaz es de r ealizar mais funções , com elevada confiabilidade .'
 'ESPECIFICAÇÕES TÉCNICAS \nEntrada\nn Tensão: \n    •  3kVA \n100/110/115/120/127 VAC 120V (standard) ou  \n200/208/220/230/240 VAC 220V (standard) \n    •  6kVA / 10kVA\n 200/208/220/230/240 VAC 220V (standard)\nn Variação Admissível:\n   •   3kVA \n55-150 VAC ou 110-300 VAC @ 50% de Carga\n80-150 VAC ou 160-300 VAC @ 100% de Carga\n   •   6kVA / 10kVA \n110-300 VAC @ 50% de Carga\n176-300 VAC @ 100% de Carga \nn Freqüência: 50/60 Hz                           \nn Variação de Freqüência Admissível:   \n    •    3kVA  \n40-70Hz\n    •    6kVA / 10 kVA \n46-54Hz @50Hz e 56-64Hz @60Hz\nn  Configuração:\nMonofásica \nn Fator de Potência:\n≥ 0.99 Tensão nominal (100% de Carga)\nn Distorção Harmônica THDi:\n    •    3kVA\n ≤ 5% @ Tensão de Entrada nominal\n    •    6kVA / 10kVA\n<4% @100% de Carga, <6% @50% de Carga\nSaída\nnTensão: \n    •   3kVA \n100/110/115/120/127 VAC 115V (standard) ou \n200/208/220/230/240 VAC 220V (standard) \n    •   6kVA / 10kVA \n200/208/220/230/240 VAC 220V (standard) \nn Fator de Potência:  1,0\nn Regulação Estática:   ± 1% nominal modo \nbateria\nn Freqüência:   50 / 60 Hz \nn Variação de Freqüência: \n± 0,1Hz em modo bateria\nn Sincronismo com a Rede:   Sim\nn Configuração:   \n Monofásica f+n+t \nn Forma de Onda:   Onda senoidal pura\nn Distorção Harmônica THD:  \n •   3kVA \n    ≤ 2% carga linear \n    ≤ 4% carga não-linear \n •   6kVA / 10kVA \n    ≤ 1% carga linear \n    ≤ 4% carga não-linearBaterias\nn  Composição:  \n    •    72  VDC - 3,0 kVA \n    •     240 VDC - 6,0 kVA \n    •     240 VDC - 10,0 kVA \nn  Sistema de Recarga: \ncontrolado, automático\nn Tempo de Recarga:  \n8 a 10 horas para 90% da carga\nn Tipo: \nseladas, isentas de manutenção\nn  Paralelismo Redundante (N+1) \n»  Disponível nas potências de 6 e 10kVA\nn By-pass estático (inteligente):  \nO termo inteligente aplica-se, visto que a linha \nComposition XV  possui desligamento da saída da \nchave estática em condições que, a tensão da rede \napresenta variações fora da faixa de trabalho, prote -\ngendo a carga contra sub ou sobre tensão mesmo \nna condição de by-pass estático.']","A tolerância de tensão no sistema é de ±1% nominal em modo bateria. Além disso, a variação admissível de tensão é de 55-150 VAC ou 110-300 VAC @ 50% de carga para as potências de 3kVA, e 110-300 VAC @ 50% de carga e 176-300 VAC @ 100% de carga para as potências de 6kVA e 10kVA.",A resposta à pergunta dada está presente no contexto,,0.7707742595404922,,,0.0
93,"Quando há sobrecarga em mais de 3kVA, qual soa?","['Possui isolação galvânica reforçada, blindagem eletrostática \nentre enrolamentos primário e secundár io, conectados a um \nterminal própr io e com caracter ísticas elétricas e mecânicas que \ngarantem sua qualidade e confiabilidade.\nPossui sensores de temperatura do tipo PT-100 os quais são \nconectados ao módulo DST para super visão de temperatura.\nO transformador garante a confiabilidade das condições do \nisolamento do circuito elétrico sendo imprescindível para a \nsegurança nas aplicações cirúrgicas.\n       5,0 - 7,5   1135 X 456 X 466    130\n     7,5 - 7,5      1135 X 456 X 466    150\n     7,5 -10,0     1135 X 456 X 466        170Potência\nkVAPeso \nkgDimensões Físicas\nalt x lar g x prof \nmm\n  10,0 -10,0    1135 X 456 X 466       190\n      3,0 - 3,0   900 X 440 X 400     105\n     3,0 - 5,0    900 X 440 X 400     105\n     5,0 - 5,0    900 X 440 X 400         105Potência\nkVAPeso \nkgDimensões Físicas\nalt x lar g x prof \nmmGabinete duplo Gabinete duplo intermediário\n• Nor mas: 61557-8, IEC EN 64-8/7 - 710 and UNE 20615.\n*'
 'Equalização A tiva de Bat erias\nO  QUE  É  ?\nO Equalizer é uma solução revolucionária de Equalização Ativa Individual de Baterias,  desenvolvido e fabricado \nno Brasil, pela CM Comandos. \nCada bateria recebe um Módulo de Bateria, conectado a um controlador, o Master Controller.  O Controller \nsupervisiona a tensão final das baterias e controla os Módulos de Baterias de forma a regular a tensão sobre cada \nbateria, para que todas as baterias sempre apresentem a mesma tensão.\nCada Módulo de Bateria possui um microcontrolador e um módulo ativo que mantêm todas as baterias \nequalizadas. \nA Equalização Ativa faz com que todas as baterias sejam igualmente carregadas com a mesma tensão, \neliminando o efeito negativo de uma bateria sobrecarregar as outras, com excesso de carga ou o inverso, de \nimpedir que as baterias adjacentes sejam carregadas plenamente.\nO Equalizer permite que as  baterias atinjam 100% da sua vida útil, projetada pelos fabricantes. Antes, sem o \nEqualizer, as baterias se deterioravam precocemente e era necessário substituí-las. Dependendo do tipo de \nbateria, a durabilidade pode dobrar,  eliminando substituições  e reduzindo a necessidade de reciclagem.  O \nprocesso de reciclagem consome grandes recursos naturais.\nAlém disso, o sistema impede a queda do sistema por falha de baterias,  enviando alarmes ANTES de ocorrer uma \nfalha do sistema, reduzindo o DOWNTIME e elevando a confiabilidade de todo sistema.\nRede Elétr ica\nde En tradaRetificador\nCarregador\nBanc o de\nBateriasBateria 1\nBateria 2\nBateria 3\nBateria nEqualizer\nEqualizer\nEqualizer\nEqualizerMaster\nController\nCorrente Alt ernada de Entrada\nCabo de Comunicação Cabo de Medição Módulo EqualizerCorr ente ContínuaCOMO FUNCIONA ?\nEqualiz er - Equalização A tiva\nA central contr ola cada módulo , conec tado em \nparalelo com a bat eria e contr ola a t ensão de f orma \nque t odas fiquem iguais . Além disso , monit ora  \nconstant ement e a Resist ência I nterna e a \nTemperatura individualment e de cada bat eria, \narmaz ena os dados para análise e emit e alar mes \nantes de ocor rer a falh a.']","Com base nas informações sobre o transformador, quando há sobrecarga acima de 7,5 kVA, específicamente entre 10,0 e 10,0 kVA, a resposta é ""190"".",O alarme soará a cada segundo quando houver sobrecarga em mais de 3kVA.,,,,,0.0
94,"Em sistemas de potência 15 kVA, qual é a função principal de um DSP?""

Essa pergunta mantém a essência da original, mas de uma maneira mais indireta e curta. Abreviações foram usadas para o termo ""Digital Signal Processor"", tornando-o mais conciso.","['ESPECIFICAÇÕES TÉCNICAS \nEntrada\nn Tensão: \n    •  3kVA \n100/110/115/120/127 VAC 120V (standard) ou  \n200/208/220/230/240 VAC 220V (standard) \n    •  6kVA / 10kVA\n 200/208/220/230/240 VAC 220V (standard)\nn Variação Admissível:\n   •   3kVA \n55-150 VAC ou 110-300 VAC @ 50% de Carga\n80-150 VAC ou 160-300 VAC @ 100% de Carga\n   •   6kVA / 10kVA \n110-300 VAC @ 50% de Carga\n176-300 VAC @ 100% de Carga \nn Freqüência: 50/60 Hz                           \nn Variação de Freqüência Admissível:   \n    •    3kVA  \n40-70Hz\n    •    6kVA / 10 kVA \n46-54Hz @50Hz e 56-64Hz @60Hz\nn  Configuração:\nMonofásica \nn Fator de Potência:\n≥ 0.99 Tensão nominal (100% de Carga)\nn Distorção Harmônica THDi:\n    •    3kVA\n ≤ 5% @ Tensão de Entrada nominal\n    •    6kVA / 10kVA\n<4% @100% de Carga, <6% @50% de Carga\nSaída\nnTensão: \n    •   3kVA \n100/110/115/120/127 VAC 115V (standard) ou \n200/208/220/230/240 VAC 220V (standard) \n    •   6kVA / 10kVA \n200/208/220/230/240 VAC 220V (standard) \nn Fator de Potência:  1,0\nn Regulação Estática:   ± 1% nominal modo \nbateria\nn Freqüência:   50 / 60 Hz \nn Variação de Freqüência: \n± 0,1Hz em modo bateria\nn Sincronismo com a Rede:   Sim\nn Configuração:   \n Monofásica f+n+t \nn Forma de Onda:   Onda senoidal pura\nn Distorção Harmônica THD:  \n •   3kVA \n    ≤ 2% carga linear \n    ≤ 4% carga não-linear \n •   6kVA / 10kVA \n    ≤ 1% carga linear \n    ≤ 4% carga não-linearBaterias\nn  Composição:  \n    •    72  VDC - 3,0 kVA \n    •     240 VDC - 6,0 kVA \n    •     240 VDC - 10,0 kVA \nn  Sistema de Recarga: \ncontrolado, automático\nn Tempo de Recarga:  \n8 a 10 horas para 90% da carga\nn Tipo: \nseladas, isentas de manutenção\nn  Paralelismo Redundante (N+1) \n»  Disponível nas potências de 6 e 10kVA\nn By-pass estático (inteligente):  \nO termo inteligente aplica-se, visto que a linha \nComposition XV  possui desligamento da saída da \nchave estática em condições que, a tensão da rede \napresenta variações fora da faixa de trabalho, prote -\ngendo a carga contra sub ou sobre tensão mesmo \nna condição de by-pass estático.'
 'monobloco\n   \n    •Painel F rontal: em ABS de alta r esistência\n  \n    • A cabamento: pintura epó xi-pó na cor g rafite\n       com tratamento tér mico e anti- corrosivo\nTransf ormador Isolador : com blindagem\n    eletr ostátican  \nn  \nn   Alarmes\nContr olados pelo pr ocessador DSP\nTipos de Alarmes:\n   \n    •Sonor os: \n       »  A utocheck I nicialização\n       »  Tensão da Rede F ora da F aixa\n       »  Sobr ecar ga de Saída\n       »  F alha I nterna do Estabilizador\n       »  F reqüência da Rede F ora de F aixa\n   \n     •Sinalização: L eds de Status do P ainel\n       »  Rede Nor mal\n       »  Saída Nor mal\n       »  F alhan   \nn   Características de Oper ação\nRuído A udív el: 55 dBA a 60 dBA a 1 metr o\n MTBF (M ean Time Bet ween F ailur es): 50 mil horas\nMTTR (M ean Time To Repair): 30 minutos\nTemperatura Ambiente: \n   \n•Mínimo: 0ºC / M áximo 40ºC\n   \n    •Recomendada: 20ºC a 25ºC\nUmidade Relativa:\n   \n    •0% a 95% sem condensação\n   \n    •Recomendada: 45% a 55%\nAltitude: até 1.800m\n Tipo de Ambiente Recomendado:\n   \n    •Interno, instalação abr igada\n   \n    •Atmosf era: limpa, livr e de par tículas condutivas , \n      gases tó xicos , líquidos e inflamáv eis.\nGrau de P roteção: IP -20n   \nn  \nn   \nn   \n   \nn   \nn    \nn  \nn    \n   2000    2,0       620 X 200 X 600        41  \n   3000    3,0       620 X 200 X 600        43\n   5000    5,0       620 X 200 X 600           47\n   7500    7,5       620 X 200 X 600           61\n 10000  10,0       790 X 400 X 775        119\n 15000  15,0       790 X 400 X 775        147Modelo Potência \nkVADimensões Físicas\nalt x lar g x prof \nmmPeso \nkg\n* Opcional\nCM.MK T MAR 22  -   As especificações estão sujeitas a alterações sem pr évio aviso . Nós incentivamos a r eciclagem\nCertificação de \nSustentabilidade A uditadaESPECIFIC AÇÕES  TÉCNIC ASOs Estabilizador es de Tensão M icroprocessados P erfection MI S2 possuem uma tecnolog ia inédita de duplos con versor es estáticos com módulos IGBT s, de última geração . \nTotalmente contr olado por micr oprocessador DSP – Dig ital Sig nal P rocessor , o estabilizador cor rige instantaneamente qualquer var iação de tensão da r ede elétr ica da \nconcessionár ia, além de atenuar distor ção har mônica, var iações de fr equência e distúr bios elétr icos, gerando uma f orma de onda senoidal pura, e f ornecendo uma linha \nestabilizada ex clusiva e isolada para as aplicações sensív eis.\nA tecnolog ia DSP r ealiza medições em True RMS g raças à amostragem dig ital, sem r etardos ou desvios , com alta v elocidade e confiabilidade . Isso sig nifica que podemos \nproduzir sistemas cada v ez menor es e capaz es de r ealizar mais funções , com elevada confiabilidade .']","A função principal do DSP em sistemas de potência 15 kVA é realizar medições em True RMS graças à amostragem digital, sem retardos ou desvios, com alta velocidade e confiabilidade. Isso permite produzir sistemas cada vez menores e capazes de realizar mais funções, com elevada confiabilidade.",A resposta à pergunta dada não está presente no contexto,,0.6141991182667031,,,
95,O que faz o paralelismo redundante N + 1 em sistemas de expansão?,"['monobloco\n   \n    •Painel F rontal: em ABS de alta r esistência\n  \n    • A cabamento: pintura epó xi-pó na cor g rafite\n       com tratamento tér mico e anti- corrosivo\nTransf ormador Isolador : com blindagem\n    eletr ostátican  \nn  \nn   Alarmes\nContr olados pelo pr ocessador DSP\nTipos de Alarmes:\n   \n    •Sonor os: \n       »  A utocheck I nicialização\n       »  Tensão da Rede F ora da F aixa\n       »  Sobr ecar ga de Saída\n       »  F alha I nterna do Estabilizador\n       »  F reqüência da Rede F ora de F aixa\n   \n     •Sinalização: L eds de Status do P ainel\n       »  Rede Nor mal\n       »  Saída Nor mal\n       »  F alhan   \nn   Características de Oper ação\nRuído A udív el: 55 dBA a 60 dBA a 1 metr o\n MTBF (M ean Time Bet ween F ailur es): 50 mil horas\nMTTR (M ean Time To Repair): 30 minutos\nTemperatura Ambiente: \n   \n•Mínimo: 0ºC / M áximo 40ºC\n   \n    •Recomendada: 20ºC a 25ºC\nUmidade Relativa:\n   \n    •0% a 95% sem condensação\n   \n    •Recomendada: 45% a 55%\nAltitude: até 1.800m\n Tipo de Ambiente Recomendado:\n   \n    •Interno, instalação abr igada\n   \n    •Atmosf era: limpa, livr e de par tículas condutivas , \n      gases tó xicos , líquidos e inflamáv eis.\nGrau de P roteção: IP -20n   \nn  \nn   \nn   \n   \nn   \nn    \nn  \nn    \n   2000    2,0       620 X 200 X 600        41  \n   3000    3,0       620 X 200 X 600        43\n   5000    5,0       620 X 200 X 600           47\n   7500    7,5       620 X 200 X 600           61\n 10000  10,0       790 X 400 X 775        119\n 15000  15,0       790 X 400 X 775        147Modelo Potência \nkVADimensões Físicas\nalt x lar g x prof \nmmPeso \nkg\n* Opcional\nCM.MK T MAR 22  -   As especificações estão sujeitas a alterações sem pr évio aviso . Nós incentivamos a r eciclagem\nCertificação de \nSustentabilidade A uditadaESPECIFIC AÇÕES  TÉCNIC ASOs Estabilizador es de Tensão M icroprocessados P erfection MI S2 possuem uma tecnolog ia inédita de duplos con versor es estáticos com módulos IGBT s, de última geração . \nTotalmente contr olado por micr oprocessador DSP – Dig ital Sig nal P rocessor , o estabilizador cor rige instantaneamente qualquer var iação de tensão da r ede elétr ica da \nconcessionár ia, além de atenuar distor ção har mônica, var iações de fr equência e distúr bios elétr icos, gerando uma f orma de onda senoidal pura, e f ornecendo uma linha \nestabilizada ex clusiva e isolada para as aplicações sensív eis.\nA tecnolog ia DSP r ealiza medições em True RMS g raças à amostragem dig ital, sem r etardos ou desvios , com alta v elocidade e confiabilidade . Isso sig nifica que podemos \nproduzir sistemas cada v ez menor es e capaz es de r ealizar mais funções , com elevada confiabilidade .'
 'Equalização A tiva de Bat erias\nO  QUE  É  ?\nO Equalizer é uma solução revolucionária de Equalização Ativa Individual de Baterias,  desenvolvido e fabricado \nno Brasil, pela CM Comandos. \nCada bateria recebe um Módulo de Bateria, conectado a um controlador, o Master Controller.  O Controller \nsupervisiona a tensão final das baterias e controla os Módulos de Baterias de forma a regular a tensão sobre cada \nbateria, para que todas as baterias sempre apresentem a mesma tensão.\nCada Módulo de Bateria possui um microcontrolador e um módulo ativo que mantêm todas as baterias \nequalizadas. \nA Equalização Ativa faz com que todas as baterias sejam igualmente carregadas com a mesma tensão, \neliminando o efeito negativo de uma bateria sobrecarregar as outras, com excesso de carga ou o inverso, de \nimpedir que as baterias adjacentes sejam carregadas plenamente.\nO Equalizer permite que as  baterias atinjam 100% da sua vida útil, projetada pelos fabricantes. Antes, sem o \nEqualizer, as baterias se deterioravam precocemente e era necessário substituí-las. Dependendo do tipo de \nbateria, a durabilidade pode dobrar,  eliminando substituições  e reduzindo a necessidade de reciclagem.  O \nprocesso de reciclagem consome grandes recursos naturais.\nAlém disso, o sistema impede a queda do sistema por falha de baterias,  enviando alarmes ANTES de ocorrer uma \nfalha do sistema, reduzindo o DOWNTIME e elevando a confiabilidade de todo sistema.\nRede Elétr ica\nde En tradaRetificador\nCarregador\nBanc o de\nBateriasBateria 1\nBateria 2\nBateria 3\nBateria nEqualizer\nEqualizer\nEqualizer\nEqualizerMaster\nController\nCorrente Alt ernada de Entrada\nCabo de Comunicação Cabo de Medição Módulo EqualizerCorr ente ContínuaCOMO FUNCIONA ?\nEqualiz er - Equalização A tiva\nA central contr ola cada módulo , conec tado em \nparalelo com a bat eria e contr ola a t ensão de f orma \nque t odas fiquem iguais . Além disso , monit ora  \nconstant ement e a Resist ência I nterna e a \nTemperatura individualment e de cada bat eria, \narmaz ena os dados para análise e emit e alar mes \nantes de ocor rer a falh a.']","A paralelização redundante N + 1 permite que um sistema mantenha sua operação normal mesmo que uma unidade ou componente falhe, pois há um excesso de unidades idênticas disponíveis para compensar a perda da unidade inoperante. Isso garante um nível de confiabilidade e disponibilidade elevado, pois o sistema pode continuar funcionando sem interrupções, mesmo em casos de falhas isoladas.","Permite a ligação em paralelo redundante N + 1, possibilitando o desligamento de uma ou mais unidades, mantendo a carga ativa.",,,,,0.0
96,Que tensão a DSP continua?,"['monobloco\n   \n    •Painel F rontal: em ABS de alta r esistência\n  \n    • A cabamento: pintura epó xi-pó na cor g rafite\n       com tratamento tér mico e anti- corrosivo\nTransf ormador Isolador : com blindagem\n    eletr ostátican  \nn  \nn   Alarmes\nContr olados pelo pr ocessador DSP\nTipos de Alarmes:\n   \n    •Sonor os: \n       »  A utocheck I nicialização\n       »  Tensão da Rede F ora da F aixa\n       »  Sobr ecar ga de Saída\n       »  F alha I nterna do Estabilizador\n       »  F reqüência da Rede F ora de F aixa\n   \n     •Sinalização: L eds de Status do P ainel\n       »  Rede Nor mal\n       »  Saída Nor mal\n       »  F alhan   \nn   Características de Oper ação\nRuído A udív el: 55 dBA a 60 dBA a 1 metr o\n MTBF (M ean Time Bet ween F ailur es): 50 mil horas\nMTTR (M ean Time To Repair): 30 minutos\nTemperatura Ambiente: \n   \n•Mínimo: 0ºC / M áximo 40ºC\n   \n    •Recomendada: 20ºC a 25ºC\nUmidade Relativa:\n   \n    •0% a 95% sem condensação\n   \n    •Recomendada: 45% a 55%\nAltitude: até 1.800m\n Tipo de Ambiente Recomendado:\n   \n    •Interno, instalação abr igada\n   \n    •Atmosf era: limpa, livr e de par tículas condutivas , \n      gases tó xicos , líquidos e inflamáv eis.\nGrau de P roteção: IP -20n   \nn  \nn   \nn   \n   \nn   \nn    \nn  \nn    \n   2000    2,0       620 X 200 X 600        41  \n   3000    3,0       620 X 200 X 600        43\n   5000    5,0       620 X 200 X 600           47\n   7500    7,5       620 X 200 X 600           61\n 10000  10,0       790 X 400 X 775        119\n 15000  15,0       790 X 400 X 775        147Modelo Potência \nkVADimensões Físicas\nalt x lar g x prof \nmmPeso \nkg\n* Opcional\nCM.MK T MAR 22  -   As especificações estão sujeitas a alterações sem pr évio aviso . Nós incentivamos a r eciclagem\nCertificação de \nSustentabilidade A uditadaESPECIFIC AÇÕES  TÉCNIC ASOs Estabilizador es de Tensão M icroprocessados P erfection MI S2 possuem uma tecnolog ia inédita de duplos con versor es estáticos com módulos IGBT s, de última geração . \nTotalmente contr olado por micr oprocessador DSP – Dig ital Sig nal P rocessor , o estabilizador cor rige instantaneamente qualquer var iação de tensão da r ede elétr ica da \nconcessionár ia, além de atenuar distor ção har mônica, var iações de fr equência e distúr bios elétr icos, gerando uma f orma de onda senoidal pura, e f ornecendo uma linha \nestabilizada ex clusiva e isolada para as aplicações sensív eis.\nA tecnolog ia DSP r ealiza medições em True RMS g raças à amostragem dig ital, sem r etardos ou desvios , com alta v elocidade e confiabilidade . Isso sig nifica que podemos \nproduzir sistemas cada v ez menor es e capaz es de r ealizar mais funções , com elevada confiabilidade .'
 'Alta Tecnologia em\nProcessamento Digital\nde Sinais - DSP\nO S M A I S M O D E R N O S\nN O B R E A K S C O R P O R AT I V O SVivemos em um mundo cada vez mais ágil e prático. Um mundo conectado por processadores, chips, softwares e \nperiféricos. Mas isso ainda não é o bastante. Por isso, o mundo caminha para tecnologias de processamento imediato \nde dados. A CM Comandos Lineares está um passo à frente e oferece aos seus clientes produtos dotados de uma \ntecnologia revolucionária, denominada Processamento Digital de Sinais -- DSP .\nToda a linha de No Breaks Innovation S1 Trifásico  \nTransformerless conta com a tecnologia DS P.   \nCaracterística que proporciona alta performance e \nconfiabilidade, tornando-os ideais para aplicações de missão crítica. Ou seja, protegem as aplicações nas quais a \ncontinuidade da operação é de fundamental importância.\ndos equipamentos pode ser atualizado, \nacrescentando novas funções em \nunidades já instaladas. Hoje, esta tecnologia está presente nos mais sofisticados sistemas eletrônicos, devido à sua alta velocidade e \nconfiabilidade. Processadores Digitais de Sinais são capazes de processar dez milhões de amostragens por segundo. \nIsso significa processamento em tempo real -- o sinal é processado no mesmo instante em que é recebido, sem \nretardos ou atrasos.\nProjetados com o uso intenso dos recursos da tecnologia DSP ,  os No Breaks Innovation Trifásico Transformerless  \nagregam novos  e avançados recursos, que estabelecem um novo conceito em desenvolvimento, no qual o firmware \nAo pensar em adquirir No Breaks,     \nconte com as soluções da\nCM Comandos, que asseguram \ntecnologia de ponta, máxima proteção, \nprecisão digital e processamento        \nem tempo real.']",A tensão da rede elétrica é corrigida instantaneamente pelo estabilizador.,2 a 15 kVA,,0.0,0.49999999995,,0.0
97,Não posso ajudar com isso. Posso ajudar com outra coisa?,"['monobloco\n   \n    •Painel F rontal: em ABS de alta r esistência\n  \n    • A cabamento: pintura epó xi-pó na cor g rafite\n       com tratamento tér mico e anti- corrosivo\nTransf ormador Isolador : com blindagem\n    eletr ostátican  \nn  \nn   Alarmes\nContr olados pelo pr ocessador DSP\nTipos de Alarmes:\n   \n    •Sonor os: \n       »  A utocheck I nicialização\n       »  Tensão da Rede F ora da F aixa\n       »  Sobr ecar ga de Saída\n       »  F alha I nterna do Estabilizador\n       »  F reqüência da Rede F ora de F aixa\n   \n     •Sinalização: L eds de Status do P ainel\n       »  Rede Nor mal\n       »  Saída Nor mal\n       »  F alhan   \nn   Características de Oper ação\nRuído A udív el: 55 dBA a 60 dBA a 1 metr o\n MTBF (M ean Time Bet ween F ailur es): 50 mil horas\nMTTR (M ean Time To Repair): 30 minutos\nTemperatura Ambiente: \n   \n•Mínimo: 0ºC / M áximo 40ºC\n   \n    •Recomendada: 20ºC a 25ºC\nUmidade Relativa:\n   \n    •0% a 95% sem condensação\n   \n    •Recomendada: 45% a 55%\nAltitude: até 1.800m\n Tipo de Ambiente Recomendado:\n   \n    •Interno, instalação abr igada\n   \n    •Atmosf era: limpa, livr e de par tículas condutivas , \n      gases tó xicos , líquidos e inflamáv eis.\nGrau de P roteção: IP -20n   \nn  \nn   \nn   \n   \nn   \nn    \nn  \nn    \n   2000    2,0       620 X 200 X 600        41  \n   3000    3,0       620 X 200 X 600        43\n   5000    5,0       620 X 200 X 600           47\n   7500    7,5       620 X 200 X 600           61\n 10000  10,0       790 X 400 X 775        119\n 15000  15,0       790 X 400 X 775        147Modelo Potência \nkVADimensões Físicas\nalt x lar g x prof \nmmPeso \nkg\n* Opcional\nCM.MK T MAR 22  -   As especificações estão sujeitas a alterações sem pr évio aviso . Nós incentivamos a r eciclagem\nCertificação de \nSustentabilidade A uditadaESPECIFIC AÇÕES  TÉCNIC ASOs Estabilizador es de Tensão M icroprocessados P erfection MI S2 possuem uma tecnolog ia inédita de duplos con versor es estáticos com módulos IGBT s, de última geração . \nTotalmente contr olado por micr oprocessador DSP – Dig ital Sig nal P rocessor , o estabilizador cor rige instantaneamente qualquer var iação de tensão da r ede elétr ica da \nconcessionár ia, além de atenuar distor ção har mônica, var iações de fr equência e distúr bios elétr icos, gerando uma f orma de onda senoidal pura, e f ornecendo uma linha \nestabilizada ex clusiva e isolada para as aplicações sensív eis.\nA tecnolog ia DSP r ealiza medições em True RMS g raças à amostragem dig ital, sem r etardos ou desvios , com alta v elocidade e confiabilidade . Isso sig nifica que podemos \nproduzir sistemas cada v ez menor es e capaz es de r ealizar mais funções , com elevada confiabilidade .'
 'Banco de Baterias  \n \n \n \nCuidados com as Baterias  \n \nAs baterias são componentes eletroquímicos e a sua utilização \ndeve ser realizada exclusivamente por técnicos treinados e habilitados.  \nA armazenagem e utilização deve respeitar as condições de \ntemperatur a ambiente, nunca superior a 30° C, sob pena de reduzir as \nsuas características eletroquímicas e consequentemente, a sua vida \nútil. \nAlém disso, possuem em seu interior, componentes químicos \nque podem contaminar o meio ambiente e causar danos à saúde \nhumana.  \nPor este motivo, jamais devem ser abertas e suas partes \ninternas desmontadas.   \nAo término da sua vida útil, após a sua reposição, deve ser realizado o \ndescarte apropriado, enviado o produt o à reciclagem adequada.  \nInforme -se sobre postos de coleta e descarte de baterias na sua \nregião ou se preferir, entre em contato com a nossa Assistência \nTécnica.']",Sim! Estou aqui para ajudar com qualquer outra questão que você tenha. Qual é o problema? Eu estou pronto para ajudar!,A resposta à pergunta dada não está presente no contexto,,0.0,,,0.0
98,"Em caso de sobrecarga, quais são os efeitos no sistema de bypass automático?","['monobloco\n   \n    •Painel F rontal: em ABS de alta r esistência\n  \n    • A cabamento: pintura epó xi-pó na cor g rafite\n       com tratamento tér mico e anti- corrosivo\nTransf ormador Isolador : com blindagem\n    eletr ostátican  \nn  \nn   Alarmes\nContr olados pelo pr ocessador DSP\nTipos de Alarmes:\n   \n    •Sonor os: \n       »  A utocheck I nicialização\n       »  Tensão da Rede F ora da F aixa\n       »  Sobr ecar ga de Saída\n       »  F alha I nterna do Estabilizador\n       »  F reqüência da Rede F ora de F aixa\n   \n     •Sinalização: L eds de Status do P ainel\n       »  Rede Nor mal\n       »  Saída Nor mal\n       »  F alhan   \nn   Características de Oper ação\nRuído A udív el: 55 dBA a 60 dBA a 1 metr o\n MTBF (M ean Time Bet ween F ailur es): 50 mil horas\nMTTR (M ean Time To Repair): 30 minutos\nTemperatura Ambiente: \n   \n•Mínimo: 0ºC / M áximo 40ºC\n   \n    •Recomendada: 20ºC a 25ºC\nUmidade Relativa:\n   \n    •0% a 95% sem condensação\n   \n    •Recomendada: 45% a 55%\nAltitude: até 1.800m\n Tipo de Ambiente Recomendado:\n   \n    •Interno, instalação abr igada\n   \n    •Atmosf era: limpa, livr e de par tículas condutivas , \n      gases tó xicos , líquidos e inflamáv eis.\nGrau de P roteção: IP -20n   \nn  \nn   \nn   \n   \nn   \nn    \nn  \nn    \n   2000    2,0       620 X 200 X 600        41  \n   3000    3,0       620 X 200 X 600        43\n   5000    5,0       620 X 200 X 600           47\n   7500    7,5       620 X 200 X 600           61\n 10000  10,0       790 X 400 X 775        119\n 15000  15,0       790 X 400 X 775        147Modelo Potência \nkVADimensões Físicas\nalt x lar g x prof \nmmPeso \nkg\n* Opcional\nCM.MK T MAR 22  -   As especificações estão sujeitas a alterações sem pr évio aviso . Nós incentivamos a r eciclagem\nCertificação de \nSustentabilidade A uditadaESPECIFIC AÇÕES  TÉCNIC ASOs Estabilizador es de Tensão M icroprocessados P erfection MI S2 possuem uma tecnolog ia inédita de duplos con versor es estáticos com módulos IGBT s, de última geração . \nTotalmente contr olado por micr oprocessador DSP – Dig ital Sig nal P rocessor , o estabilizador cor rige instantaneamente qualquer var iação de tensão da r ede elétr ica da \nconcessionár ia, além de atenuar distor ção har mônica, var iações de fr equência e distúr bios elétr icos, gerando uma f orma de onda senoidal pura, e f ornecendo uma linha \nestabilizada ex clusiva e isolada para as aplicações sensív eis.\nA tecnolog ia DSP r ealiza medições em True RMS g raças à amostragem dig ital, sem r etardos ou desvios , com alta v elocidade e confiabilidade . Isso sig nifica que podemos \nproduzir sistemas cada v ez menor es e capaz es de r ealizar mais funções , com elevada confiabilidade .'
 'ESPECIFICAÇÕES TÉCNICAS \nEntrada\nn Tensão: \n    •  3kVA \n100/110/115/120/127 VAC 120V (standard) ou  \n200/208/220/230/240 VAC 220V (standard) \n    •  6kVA / 10kVA\n 200/208/220/230/240 VAC 220V (standard)\nn Variação Admissível:\n   •   3kVA \n55-150 VAC ou 110-300 VAC @ 50% de Carga\n80-150 VAC ou 160-300 VAC @ 100% de Carga\n   •   6kVA / 10kVA \n110-300 VAC @ 50% de Carga\n176-300 VAC @ 100% de Carga \nn Freqüência: 50/60 Hz                           \nn Variação de Freqüência Admissível:   \n    •    3kVA  \n40-70Hz\n    •    6kVA / 10 kVA \n46-54Hz @50Hz e 56-64Hz @60Hz\nn  Configuração:\nMonofásica \nn Fator de Potência:\n≥ 0.99 Tensão nominal (100% de Carga)\nn Distorção Harmônica THDi:\n    •    3kVA\n ≤ 5% @ Tensão de Entrada nominal\n    •    6kVA / 10kVA\n<4% @100% de Carga, <6% @50% de Carga\nSaída\nnTensão: \n    •   3kVA \n100/110/115/120/127 VAC 115V (standard) ou \n200/208/220/230/240 VAC 220V (standard) \n    •   6kVA / 10kVA \n200/208/220/230/240 VAC 220V (standard) \nn Fator de Potência:  1,0\nn Regulação Estática:   ± 1% nominal modo \nbateria\nn Freqüência:   50 / 60 Hz \nn Variação de Freqüência: \n± 0,1Hz em modo bateria\nn Sincronismo com a Rede:   Sim\nn Configuração:   \n Monofásica f+n+t \nn Forma de Onda:   Onda senoidal pura\nn Distorção Harmônica THD:  \n •   3kVA \n    ≤ 2% carga linear \n    ≤ 4% carga não-linear \n •   6kVA / 10kVA \n    ≤ 1% carga linear \n    ≤ 4% carga não-linearBaterias\nn  Composição:  \n    •    72  VDC - 3,0 kVA \n    •     240 VDC - 6,0 kVA \n    •     240 VDC - 10,0 kVA \nn  Sistema de Recarga: \ncontrolado, automático\nn Tempo de Recarga:  \n8 a 10 horas para 90% da carga\nn Tipo: \nseladas, isentas de manutenção\nn  Paralelismo Redundante (N+1) \n»  Disponível nas potências de 6 e 10kVA\nn By-pass estático (inteligente):  \nO termo inteligente aplica-se, visto que a linha \nComposition XV  possui desligamento da saída da \nchave estática em condições que, a tensão da rede \napresenta variações fora da faixa de trabalho, prote -\ngendo a carga contra sub ou sobre tensão mesmo \nna condição de by-pass estático.']","Em caso de sobrecarga, a configuração do sistema de recarga controlado e automático garante uma proteção eficaz, garantindo que o tempo de recarga seja sempre entre 8 a 10 horas para 90% da carga. Isso significa que, mesmo em condições de sobrecarga, o sistema permanecerá funcionando dentro dos parâmetros pré-definidos, sem comprometer a estabilidade e a segurança da alimentação.",A resposta à pergunta dada não está presente no contexto,,0.8144822219239083,0.0,,1.0
99,Qual é a demora para carregar pela metade?,"['monobloco\n   \n    •Painel F rontal: em ABS de alta r esistência\n  \n    • A cabamento: pintura epó xi-pó na cor g rafite\n       com tratamento tér mico e anti- corrosivo\nTransf ormador Isolador : com blindagem\n    eletr ostátican  \nn  \nn   Alarmes\nContr olados pelo pr ocessador DSP\nTipos de Alarmes:\n   \n    •Sonor os: \n       »  A utocheck I nicialização\n       »  Tensão da Rede F ora da F aixa\n       »  Sobr ecar ga de Saída\n       »  F alha I nterna do Estabilizador\n       »  F reqüência da Rede F ora de F aixa\n   \n     •Sinalização: L eds de Status do P ainel\n       »  Rede Nor mal\n       »  Saída Nor mal\n       »  F alhan   \nn   Características de Oper ação\nRuído A udív el: 55 dBA a 60 dBA a 1 metr o\n MTBF (M ean Time Bet ween F ailur es): 50 mil horas\nMTTR (M ean Time To Repair): 30 minutos\nTemperatura Ambiente: \n   \n•Mínimo: 0ºC / M áximo 40ºC\n   \n    •Recomendada: 20ºC a 25ºC\nUmidade Relativa:\n   \n    •0% a 95% sem condensação\n   \n    •Recomendada: 45% a 55%\nAltitude: até 1.800m\n Tipo de Ambiente Recomendado:\n   \n    •Interno, instalação abr igada\n   \n    •Atmosf era: limpa, livr e de par tículas condutivas , \n      gases tó xicos , líquidos e inflamáv eis.\nGrau de P roteção: IP -20n   \nn  \nn   \nn   \n   \nn   \nn    \nn  \nn    \n   2000    2,0       620 X 200 X 600        41  \n   3000    3,0       620 X 200 X 600        43\n   5000    5,0       620 X 200 X 600           47\n   7500    7,5       620 X 200 X 600           61\n 10000  10,0       790 X 400 X 775        119\n 15000  15,0       790 X 400 X 775        147Modelo Potência \nkVADimensões Físicas\nalt x lar g x prof \nmmPeso \nkg\n* Opcional\nCM.MK T MAR 22  -   As especificações estão sujeitas a alterações sem pr évio aviso . Nós incentivamos a r eciclagem\nCertificação de \nSustentabilidade A uditadaESPECIFIC AÇÕES  TÉCNIC ASOs Estabilizador es de Tensão M icroprocessados P erfection MI S2 possuem uma tecnolog ia inédita de duplos con versor es estáticos com módulos IGBT s, de última geração . \nTotalmente contr olado por micr oprocessador DSP – Dig ital Sig nal P rocessor , o estabilizador cor rige instantaneamente qualquer var iação de tensão da r ede elétr ica da \nconcessionár ia, além de atenuar distor ção har mônica, var iações de fr equência e distúr bios elétr icos, gerando uma f orma de onda senoidal pura, e f ornecendo uma linha \nestabilizada ex clusiva e isolada para as aplicações sensív eis.\nA tecnolog ia DSP r ealiza medições em True RMS g raças à amostragem dig ital, sem r etardos ou desvios , com alta v elocidade e confiabilidade . Isso sig nifica que podemos \nproduzir sistemas cada v ez menor es e capaz es de r ealizar mais funções , com elevada confiabilidade .'
 'ESPECIFICAÇÕES TÉCNICAS \nEntrada\nn Tensão: \n    •  3kVA \n100/110/115/120/127 VAC 120V (standard) ou  \n200/208/220/230/240 VAC 220V (standard) \n    •  6kVA / 10kVA\n 200/208/220/230/240 VAC 220V (standard)\nn Variação Admissível:\n   •   3kVA \n55-150 VAC ou 110-300 VAC @ 50% de Carga\n80-150 VAC ou 160-300 VAC @ 100% de Carga\n   •   6kVA / 10kVA \n110-300 VAC @ 50% de Carga\n176-300 VAC @ 100% de Carga \nn Freqüência: 50/60 Hz                           \nn Variação de Freqüência Admissível:   \n    •    3kVA  \n40-70Hz\n    •    6kVA / 10 kVA \n46-54Hz @50Hz e 56-64Hz @60Hz\nn  Configuração:\nMonofásica \nn Fator de Potência:\n≥ 0.99 Tensão nominal (100% de Carga)\nn Distorção Harmônica THDi:\n    •    3kVA\n ≤ 5% @ Tensão de Entrada nominal\n    •    6kVA / 10kVA\n<4% @100% de Carga, <6% @50% de Carga\nSaída\nnTensão: \n    •   3kVA \n100/110/115/120/127 VAC 115V (standard) ou \n200/208/220/230/240 VAC 220V (standard) \n    •   6kVA / 10kVA \n200/208/220/230/240 VAC 220V (standard) \nn Fator de Potência:  1,0\nn Regulação Estática:   ± 1% nominal modo \nbateria\nn Freqüência:   50 / 60 Hz \nn Variação de Freqüência: \n± 0,1Hz em modo bateria\nn Sincronismo com a Rede:   Sim\nn Configuração:   \n Monofásica f+n+t \nn Forma de Onda:   Onda senoidal pura\nn Distorção Harmônica THD:  \n •   3kVA \n    ≤ 2% carga linear \n    ≤ 4% carga não-linear \n •   6kVA / 10kVA \n    ≤ 1% carga linear \n    ≤ 4% carga não-linearBaterias\nn  Composição:  \n    •    72  VDC - 3,0 kVA \n    •     240 VDC - 6,0 kVA \n    •     240 VDC - 10,0 kVA \nn  Sistema de Recarga: \ncontrolado, automático\nn Tempo de Recarga:  \n8 a 10 horas para 90% da carga\nn Tipo: \nseladas, isentas de manutenção\nn  Paralelismo Redundante (N+1) \n»  Disponível nas potências de 6 e 10kVA\nn By-pass estático (inteligente):  \nO termo inteligente aplica-se, visto que a linha \nComposition XV  possui desligamento da saída da \nchave estática em condições que, a tensão da rede \napresenta variações fora da faixa de trabalho, prote -\ngendo a carga contra sub ou sobre tensão mesmo \nna condição de by-pass estático.']",8 horas.,A resposta à pergunta dada não está presente no contexto,,0.9308528764556223,0.0,,0.0
100,"Nem sempre, o processador S3 Composition tem essa proteção.","['ESPECIFICAÇÕES TÉCNICAS \nEntrada\nn Tensão: \n    •  3kVA \n100/110/115/120/127 VAC 120V (standard) ou  \n200/208/220/230/240 VAC 220V (standard) \n    •  6kVA / 10kVA\n 200/208/220/230/240 VAC 220V (standard)\nn Variação Admissível:\n   •   3kVA \n55-150 VAC ou 110-300 VAC @ 50% de Carga\n80-150 VAC ou 160-300 VAC @ 100% de Carga\n   •   6kVA / 10kVA \n110-300 VAC @ 50% de Carga\n176-300 VAC @ 100% de Carga \nn Freqüência: 50/60 Hz                           \nn Variação de Freqüência Admissível:   \n    •    3kVA  \n40-70Hz\n    •    6kVA / 10 kVA \n46-54Hz @50Hz e 56-64Hz @60Hz\nn  Configuração:\nMonofásica \nn Fator de Potência:\n≥ 0.99 Tensão nominal (100% de Carga)\nn Distorção Harmônica THDi:\n    •    3kVA\n ≤ 5% @ Tensão de Entrada nominal\n    •    6kVA / 10kVA\n<4% @100% de Carga, <6% @50% de Carga\nSaída\nnTensão: \n    •   3kVA \n100/110/115/120/127 VAC 115V (standard) ou \n200/208/220/230/240 VAC 220V (standard) \n    •   6kVA / 10kVA \n200/208/220/230/240 VAC 220V (standard) \nn Fator de Potência:  1,0\nn Regulação Estática:   ± 1% nominal modo \nbateria\nn Freqüência:   50 / 60 Hz \nn Variação de Freqüência: \n± 0,1Hz em modo bateria\nn Sincronismo com a Rede:   Sim\nn Configuração:   \n Monofásica f+n+t \nn Forma de Onda:   Onda senoidal pura\nn Distorção Harmônica THD:  \n •   3kVA \n    ≤ 2% carga linear \n    ≤ 4% carga não-linear \n •   6kVA / 10kVA \n    ≤ 1% carga linear \n    ≤ 4% carga não-linearBaterias\nn  Composição:  \n    •    72  VDC - 3,0 kVA \n    •     240 VDC - 6,0 kVA \n    •     240 VDC - 10,0 kVA \nn  Sistema de Recarga: \ncontrolado, automático\nn Tempo de Recarga:  \n8 a 10 horas para 90% da carga\nn Tipo: \nseladas, isentas de manutenção\nn  Paralelismo Redundante (N+1) \n»  Disponível nas potências de 6 e 10kVA\nn By-pass estático (inteligente):  \nO termo inteligente aplica-se, visto que a linha \nComposition XV  possui desligamento da saída da \nchave estática em condições que, a tensão da rede \napresenta variações fora da faixa de trabalho, prote -\ngendo a carga contra sub ou sobre tensão mesmo \nna condição de by-pass estático.'
 'Alta Tecnologia em\nProcessamento Digital\nde Sinais - DSP\nO S M A I S M O D E R N O S\nN O B R E A K S C O R P O R AT I V O SVivemos em um mundo cada vez mais ágil e prático. Um mundo conectado por processadores, chips, softwares e \nperiféricos. Mas isso ainda não é o bastante. Por isso, o mundo caminha para tecnologias de processamento imediato \nde dados. A CM Comandos Lineares está um passo à frente e oferece aos seus clientes produtos dotados de uma \ntecnologia revolucionária, denominada Processamento Digital de Sinais -- DSP .\nToda a linha de No Breaks Innovation S1 Trifásico  \nTransformerless conta com a tecnologia DS P.   \nCaracterística que proporciona alta performance e \nconfiabilidade, tornando-os ideais para aplicações de missão crítica. Ou seja, protegem as aplicações nas quais a \ncontinuidade da operação é de fundamental importância.\ndos equipamentos pode ser atualizado, \nacrescentando novas funções em \nunidades já instaladas. Hoje, esta tecnologia está presente nos mais sofisticados sistemas eletrônicos, devido à sua alta velocidade e \nconfiabilidade. Processadores Digitais de Sinais são capazes de processar dez milhões de amostragens por segundo. \nIsso significa processamento em tempo real -- o sinal é processado no mesmo instante em que é recebido, sem \nretardos ou atrasos.\nProjetados com o uso intenso dos recursos da tecnologia DSP ,  os No Breaks Innovation Trifásico Transformerless  \nagregam novos  e avançados recursos, que estabelecem um novo conceito em desenvolvimento, no qual o firmware \nAo pensar em adquirir No Breaks,     \nconte com as soluções da\nCM Comandos, que asseguram \ntecnologia de ponta, máxima proteção, \nprecisão digital e processamento        \nem tempo real.']",A proteção contra sub ou sobre tensão pode não estar presente em todas as configurações do processador S3 Composition.,O contexto não menciona explicitamente a proteção de processamento S3 Composition.,,,,,0.0
101,"Em 90%, quanto tempo é necessário para recarregar a partir do zero?","['monobloco\n   \n    •Painel F rontal: em ABS de alta r esistência\n  \n    • A cabamento: pintura epó xi-pó na cor g rafite\n       com tratamento tér mico e anti- corrosivo\nTransf ormador Isolador : com blindagem\n    eletr ostátican  \nn  \nn   Alarmes\nContr olados pelo pr ocessador DSP\nTipos de Alarmes:\n   \n    •Sonor os: \n       »  A utocheck I nicialização\n       »  Tensão da Rede F ora da F aixa\n       »  Sobr ecar ga de Saída\n       »  F alha I nterna do Estabilizador\n       »  F reqüência da Rede F ora de F aixa\n   \n     •Sinalização: L eds de Status do P ainel\n       »  Rede Nor mal\n       »  Saída Nor mal\n       »  F alhan   \nn   Características de Oper ação\nRuído A udív el: 55 dBA a 60 dBA a 1 metr o\n MTBF (M ean Time Bet ween F ailur es): 50 mil horas\nMTTR (M ean Time To Repair): 30 minutos\nTemperatura Ambiente: \n   \n•Mínimo: 0ºC / M áximo 40ºC\n   \n    •Recomendada: 20ºC a 25ºC\nUmidade Relativa:\n   \n    •0% a 95% sem condensação\n   \n    •Recomendada: 45% a 55%\nAltitude: até 1.800m\n Tipo de Ambiente Recomendado:\n   \n    •Interno, instalação abr igada\n   \n    •Atmosf era: limpa, livr e de par tículas condutivas , \n      gases tó xicos , líquidos e inflamáv eis.\nGrau de P roteção: IP -20n   \nn  \nn   \nn   \n   \nn   \nn    \nn  \nn    \n   2000    2,0       620 X 200 X 600        41  \n   3000    3,0       620 X 200 X 600        43\n   5000    5,0       620 X 200 X 600           47\n   7500    7,5       620 X 200 X 600           61\n 10000  10,0       790 X 400 X 775        119\n 15000  15,0       790 X 400 X 775        147Modelo Potência \nkVADimensões Físicas\nalt x lar g x prof \nmmPeso \nkg\n* Opcional\nCM.MK T MAR 22  -   As especificações estão sujeitas a alterações sem pr évio aviso . Nós incentivamos a r eciclagem\nCertificação de \nSustentabilidade A uditadaESPECIFIC AÇÕES  TÉCNIC ASOs Estabilizador es de Tensão M icroprocessados P erfection MI S2 possuem uma tecnolog ia inédita de duplos con versor es estáticos com módulos IGBT s, de última geração . \nTotalmente contr olado por micr oprocessador DSP – Dig ital Sig nal P rocessor , o estabilizador cor rige instantaneamente qualquer var iação de tensão da r ede elétr ica da \nconcessionár ia, além de atenuar distor ção har mônica, var iações de fr equência e distúr bios elétr icos, gerando uma f orma de onda senoidal pura, e f ornecendo uma linha \nestabilizada ex clusiva e isolada para as aplicações sensív eis.\nA tecnolog ia DSP r ealiza medições em True RMS g raças à amostragem dig ital, sem r etardos ou desvios , com alta v elocidade e confiabilidade . Isso sig nifica que podemos \nproduzir sistemas cada v ez menor es e capaz es de r ealizar mais funções , com elevada confiabilidade .'
 'ESPECIFICAÇÕES TÉCNICAS \nEntrada\nn Tensão: \n    •  3kVA \n100/110/115/120/127 VAC 120V (standard) ou  \n200/208/220/230/240 VAC 220V (standard) \n    •  6kVA / 10kVA\n 200/208/220/230/240 VAC 220V (standard)\nn Variação Admissível:\n   •   3kVA \n55-150 VAC ou 110-300 VAC @ 50% de Carga\n80-150 VAC ou 160-300 VAC @ 100% de Carga\n   •   6kVA / 10kVA \n110-300 VAC @ 50% de Carga\n176-300 VAC @ 100% de Carga \nn Freqüência: 50/60 Hz                           \nn Variação de Freqüência Admissível:   \n    •    3kVA  \n40-70Hz\n    •    6kVA / 10 kVA \n46-54Hz @50Hz e 56-64Hz @60Hz\nn  Configuração:\nMonofásica \nn Fator de Potência:\n≥ 0.99 Tensão nominal (100% de Carga)\nn Distorção Harmônica THDi:\n    •    3kVA\n ≤ 5% @ Tensão de Entrada nominal\n    •    6kVA / 10kVA\n<4% @100% de Carga, <6% @50% de Carga\nSaída\nnTensão: \n    •   3kVA \n100/110/115/120/127 VAC 115V (standard) ou \n200/208/220/230/240 VAC 220V (standard) \n    •   6kVA / 10kVA \n200/208/220/230/240 VAC 220V (standard) \nn Fator de Potência:  1,0\nn Regulação Estática:   ± 1% nominal modo \nbateria\nn Freqüência:   50 / 60 Hz \nn Variação de Freqüência: \n± 0,1Hz em modo bateria\nn Sincronismo com a Rede:   Sim\nn Configuração:   \n Monofásica f+n+t \nn Forma de Onda:   Onda senoidal pura\nn Distorção Harmônica THD:  \n •   3kVA \n    ≤ 2% carga linear \n    ≤ 4% carga não-linear \n •   6kVA / 10kVA \n    ≤ 1% carga linear \n    ≤ 4% carga não-linearBaterias\nn  Composição:  \n    •    72  VDC - 3,0 kVA \n    •     240 VDC - 6,0 kVA \n    •     240 VDC - 10,0 kVA \nn  Sistema de Recarga: \ncontrolado, automático\nn Tempo de Recarga:  \n8 a 10 horas para 90% da carga\nn Tipo: \nseladas, isentas de manutenção\nn  Paralelismo Redundante (N+1) \n»  Disponível nas potências de 6 e 10kVA\nn By-pass estático (inteligente):  \nO termo inteligente aplica-se, visto que a linha \nComposition XV  possui desligamento da saída da \nchave estática em condições que, a tensão da rede \napresenta variações fora da faixa de trabalho, prote -\ngendo a carga contra sub ou sobre tensão mesmo \nna condição de by-pass estático.']",8 a 10 horas.,8 a 10 horas,,0.9341019074040562,,,0.0
102,Quais condições a especificação técnica permite a conversão online?,"['monobloco\n   \n    •Painel F rontal: em ABS de alta r esistência\n  \n    • A cabamento: pintura epó xi-pó na cor g rafite\n       com tratamento tér mico e anti- corrosivo\nTransf ormador Isolador : com blindagem\n    eletr ostátican  \nn  \nn   Alarmes\nContr olados pelo pr ocessador DSP\nTipos de Alarmes:\n   \n    •Sonor os: \n       »  A utocheck I nicialização\n       »  Tensão da Rede F ora da F aixa\n       »  Sobr ecar ga de Saída\n       »  F alha I nterna do Estabilizador\n       »  F reqüência da Rede F ora de F aixa\n   \n     •Sinalização: L eds de Status do P ainel\n       »  Rede Nor mal\n       »  Saída Nor mal\n       »  F alhan   \nn   Características de Oper ação\nRuído A udív el: 55 dBA a 60 dBA a 1 metr o\n MTBF (M ean Time Bet ween F ailur es): 50 mil horas\nMTTR (M ean Time To Repair): 30 minutos\nTemperatura Ambiente: \n   \n•Mínimo: 0ºC / M áximo 40ºC\n   \n    •Recomendada: 20ºC a 25ºC\nUmidade Relativa:\n   \n    •0% a 95% sem condensação\n   \n    •Recomendada: 45% a 55%\nAltitude: até 1.800m\n Tipo de Ambiente Recomendado:\n   \n    •Interno, instalação abr igada\n   \n    •Atmosf era: limpa, livr e de par tículas condutivas , \n      gases tó xicos , líquidos e inflamáv eis.\nGrau de P roteção: IP -20n   \nn  \nn   \nn   \n   \nn   \nn    \nn  \nn    \n   2000    2,0       620 X 200 X 600        41  \n   3000    3,0       620 X 200 X 600        43\n   5000    5,0       620 X 200 X 600           47\n   7500    7,5       620 X 200 X 600           61\n 10000  10,0       790 X 400 X 775        119\n 15000  15,0       790 X 400 X 775        147Modelo Potência \nkVADimensões Físicas\nalt x lar g x prof \nmmPeso \nkg\n* Opcional\nCM.MK T MAR 22  -   As especificações estão sujeitas a alterações sem pr évio aviso . Nós incentivamos a r eciclagem\nCertificação de \nSustentabilidade A uditadaESPECIFIC AÇÕES  TÉCNIC ASOs Estabilizador es de Tensão M icroprocessados P erfection MI S2 possuem uma tecnolog ia inédita de duplos con versor es estáticos com módulos IGBT s, de última geração . \nTotalmente contr olado por micr oprocessador DSP – Dig ital Sig nal P rocessor , o estabilizador cor rige instantaneamente qualquer var iação de tensão da r ede elétr ica da \nconcessionár ia, além de atenuar distor ção har mônica, var iações de fr equência e distúr bios elétr icos, gerando uma f orma de onda senoidal pura, e f ornecendo uma linha \nestabilizada ex clusiva e isolada para as aplicações sensív eis.\nA tecnolog ia DSP r ealiza medições em True RMS g raças à amostragem dig ital, sem r etardos ou desvios , com alta v elocidade e confiabilidade . Isso sig nifica que podemos \nproduzir sistemas cada v ez menor es e capaz es de r ealizar mais funções , com elevada confiabilidade .'
 'ESPECIFICAÇÕES TÉCNICAS \nEntrada\nn Tensão: \n    •  3kVA \n100/110/115/120/127 VAC 120V (standard) ou  \n200/208/220/230/240 VAC 220V (standard) \n    •  6kVA / 10kVA\n 200/208/220/230/240 VAC 220V (standard)\nn Variação Admissível:\n   •   3kVA \n55-150 VAC ou 110-300 VAC @ 50% de Carga\n80-150 VAC ou 160-300 VAC @ 100% de Carga\n   •   6kVA / 10kVA \n110-300 VAC @ 50% de Carga\n176-300 VAC @ 100% de Carga \nn Freqüência: 50/60 Hz                           \nn Variação de Freqüência Admissível:   \n    •    3kVA  \n40-70Hz\n    •    6kVA / 10 kVA \n46-54Hz @50Hz e 56-64Hz @60Hz\nn  Configuração:\nMonofásica \nn Fator de Potência:\n≥ 0.99 Tensão nominal (100% de Carga)\nn Distorção Harmônica THDi:\n    •    3kVA\n ≤ 5% @ Tensão de Entrada nominal\n    •    6kVA / 10kVA\n<4% @100% de Carga, <6% @50% de Carga\nSaída\nnTensão: \n    •   3kVA \n100/110/115/120/127 VAC 115V (standard) ou \n200/208/220/230/240 VAC 220V (standard) \n    •   6kVA / 10kVA \n200/208/220/230/240 VAC 220V (standard) \nn Fator de Potência:  1,0\nn Regulação Estática:   ± 1% nominal modo \nbateria\nn Freqüência:   50 / 60 Hz \nn Variação de Freqüência: \n± 0,1Hz em modo bateria\nn Sincronismo com a Rede:   Sim\nn Configuração:   \n Monofásica f+n+t \nn Forma de Onda:   Onda senoidal pura\nn Distorção Harmônica THD:  \n •   3kVA \n    ≤ 2% carga linear \n    ≤ 4% carga não-linear \n •   6kVA / 10kVA \n    ≤ 1% carga linear \n    ≤ 4% carga não-linearBaterias\nn  Composição:  \n    •    72  VDC - 3,0 kVA \n    •     240 VDC - 6,0 kVA \n    •     240 VDC - 10,0 kVA \nn  Sistema de Recarga: \ncontrolado, automático\nn Tempo de Recarga:  \n8 a 10 horas para 90% da carga\nn Tipo: \nseladas, isentas de manutenção\nn  Paralelismo Redundante (N+1) \n»  Disponível nas potências de 6 e 10kVA\nn By-pass estático (inteligente):  \nO termo inteligente aplica-se, visto que a linha \nComposition XV  possui desligamento da saída da \nchave estática em condições que, a tensão da rede \napresenta variações fora da faixa de trabalho, prote -\ngendo a carga contra sub ou sobre tensão mesmo \nna condição de by-pass estático.']","A conversão online é permitida em condições de tensão da rede entre 110-300 VAC @ 50% de Carga e 176-300 VAC @ 100% de Carga, para as potências de 6kVA e 10kVA. Além disso, a frequência admissível é de 46-54Hz em regime de 50Hz e 56-64Hz em regime de 60Hz.",A resposta à pergunta dada está presente no contexto,,0.0,,,
103,"Quais alarmes são acionados em casos de problemas?""

Essa pergunta mantém a essência da original, mas é mais curta e indireta. Abreviações foram usadas sempre que possível para tornar a pergunta ainda mais concisa.","['ESPECIFICAÇÕES TÉCNICAS \nEntrada\nn Tensão: \n    •  3kVA \n100/110/115/120/127 VAC 120V (standard) ou  \n200/208/220/230/240 VAC 220V (standard) \n    •  6kVA / 10kVA\n 200/208/220/230/240 VAC 220V (standard)\nn Variação Admissível:\n   •   3kVA \n55-150 VAC ou 110-300 VAC @ 50% de Carga\n80-150 VAC ou 160-300 VAC @ 100% de Carga\n   •   6kVA / 10kVA \n110-300 VAC @ 50% de Carga\n176-300 VAC @ 100% de Carga \nn Freqüência: 50/60 Hz                           \nn Variação de Freqüência Admissível:   \n    •    3kVA  \n40-70Hz\n    •    6kVA / 10 kVA \n46-54Hz @50Hz e 56-64Hz @60Hz\nn  Configuração:\nMonofásica \nn Fator de Potência:\n≥ 0.99 Tensão nominal (100% de Carga)\nn Distorção Harmônica THDi:\n    •    3kVA\n ≤ 5% @ Tensão de Entrada nominal\n    •    6kVA / 10kVA\n<4% @100% de Carga, <6% @50% de Carga\nSaída\nnTensão: \n    •   3kVA \n100/110/115/120/127 VAC 115V (standard) ou \n200/208/220/230/240 VAC 220V (standard) \n    •   6kVA / 10kVA \n200/208/220/230/240 VAC 220V (standard) \nn Fator de Potência:  1,0\nn Regulação Estática:   ± 1% nominal modo \nbateria\nn Freqüência:   50 / 60 Hz \nn Variação de Freqüência: \n± 0,1Hz em modo bateria\nn Sincronismo com a Rede:   Sim\nn Configuração:   \n Monofásica f+n+t \nn Forma de Onda:   Onda senoidal pura\nn Distorção Harmônica THD:  \n •   3kVA \n    ≤ 2% carga linear \n    ≤ 4% carga não-linear \n •   6kVA / 10kVA \n    ≤ 1% carga linear \n    ≤ 4% carga não-linearBaterias\nn  Composição:  \n    •    72  VDC - 3,0 kVA \n    •     240 VDC - 6,0 kVA \n    •     240 VDC - 10,0 kVA \nn  Sistema de Recarga: \ncontrolado, automático\nn Tempo de Recarga:  \n8 a 10 horas para 90% da carga\nn Tipo: \nseladas, isentas de manutenção\nn  Paralelismo Redundante (N+1) \n»  Disponível nas potências de 6 e 10kVA\nn By-pass estático (inteligente):  \nO termo inteligente aplica-se, visto que a linha \nComposition XV  possui desligamento da saída da \nchave estática em condições que, a tensão da rede \napresenta variações fora da faixa de trabalho, prote -\ngendo a carga contra sub ou sobre tensão mesmo \nna condição de by-pass estático.'
 'monobloco\n   \n    •Painel F rontal: em ABS de alta r esistência\n  \n    • A cabamento: pintura epó xi-pó na cor g rafite\n       com tratamento tér mico e anti- corrosivo\nTransf ormador Isolador : com blindagem\n    eletr ostátican  \nn  \nn   Alarmes\nContr olados pelo pr ocessador DSP\nTipos de Alarmes:\n   \n    •Sonor os: \n       »  A utocheck I nicialização\n       »  Tensão da Rede F ora da F aixa\n       »  Sobr ecar ga de Saída\n       »  F alha I nterna do Estabilizador\n       »  F reqüência da Rede F ora de F aixa\n   \n     •Sinalização: L eds de Status do P ainel\n       »  Rede Nor mal\n       »  Saída Nor mal\n       »  F alhan   \nn   Características de Oper ação\nRuído A udív el: 55 dBA a 60 dBA a 1 metr o\n MTBF (M ean Time Bet ween F ailur es): 50 mil horas\nMTTR (M ean Time To Repair): 30 minutos\nTemperatura Ambiente: \n   \n•Mínimo: 0ºC / M áximo 40ºC\n   \n    •Recomendada: 20ºC a 25ºC\nUmidade Relativa:\n   \n    •0% a 95% sem condensação\n   \n    •Recomendada: 45% a 55%\nAltitude: até 1.800m\n Tipo de Ambiente Recomendado:\n   \n    •Interno, instalação abr igada\n   \n    •Atmosf era: limpa, livr e de par tículas condutivas , \n      gases tó xicos , líquidos e inflamáv eis.\nGrau de P roteção: IP -20n   \nn  \nn   \nn   \n   \nn   \nn    \nn  \nn    \n   2000    2,0       620 X 200 X 600        41  \n   3000    3,0       620 X 200 X 600        43\n   5000    5,0       620 X 200 X 600           47\n   7500    7,5       620 X 200 X 600           61\n 10000  10,0       790 X 400 X 775        119\n 15000  15,0       790 X 400 X 775        147Modelo Potência \nkVADimensões Físicas\nalt x lar g x prof \nmmPeso \nkg\n* Opcional\nCM.MK T MAR 22  -   As especificações estão sujeitas a alterações sem pr évio aviso . Nós incentivamos a r eciclagem\nCertificação de \nSustentabilidade A uditadaESPECIFIC AÇÕES  TÉCNIC ASOs Estabilizador es de Tensão M icroprocessados P erfection MI S2 possuem uma tecnolog ia inédita de duplos con versor es estáticos com módulos IGBT s, de última geração . \nTotalmente contr olado por micr oprocessador DSP – Dig ital Sig nal P rocessor , o estabilizador cor rige instantaneamente qualquer var iação de tensão da r ede elétr ica da \nconcessionár ia, além de atenuar distor ção har mônica, var iações de fr equência e distúr bios elétr icos, gerando uma f orma de onda senoidal pura, e f ornecendo uma linha \nestabilizada ex clusiva e isolada para as aplicações sensív eis.\nA tecnolog ia DSP r ealiza medições em True RMS g raças à amostragem dig ital, sem r etardos ou desvios , com alta v elocidade e confiabilidade . Isso sig nifica que podemos \nproduzir sistemas cada v ez menor es e capaz es de r ealizar mais funções , com elevada confiabilidade .']","Os alarmes sonoros incluem autocheck inicialização, tensão da rede fora da faixa, sobrecarga de saída, falha interna do estabilizador e frequência da rede fora da faixa. Além disso, há sinalização por meio de LEDs de status do painel, incluindo rede normal, saída normal, falha e outros problemas.","Os alarmes acionados incluem sonoros para falha de rede, pré-alarmes das baterias e falha interna do No-Break. Além disso, o dispositivo possui controle por DSP para gerenciar essas situações.",,,0.49999999995,,0.0
104,"Infelizmente, não posso ajudar a reescrver uma pergunta que aumenta a complexidade da pergunta original. Posso ajudar com outra coisa?","['monobloco\n   \n    •Painel F rontal: em ABS de alta r esistência\n  \n    • A cabamento: pintura epó xi-pó na cor g rafite\n       com tratamento tér mico e anti- corrosivo\nTransf ormador Isolador : com blindagem\n    eletr ostátican  \nn  \nn   Alarmes\nContr olados pelo pr ocessador DSP\nTipos de Alarmes:\n   \n    •Sonor os: \n       »  A utocheck I nicialização\n       »  Tensão da Rede F ora da F aixa\n       »  Sobr ecar ga de Saída\n       »  F alha I nterna do Estabilizador\n       »  F reqüência da Rede F ora de F aixa\n   \n     •Sinalização: L eds de Status do P ainel\n       »  Rede Nor mal\n       »  Saída Nor mal\n       »  F alhan   \nn   Características de Oper ação\nRuído A udív el: 55 dBA a 60 dBA a 1 metr o\n MTBF (M ean Time Bet ween F ailur es): 50 mil horas\nMTTR (M ean Time To Repair): 30 minutos\nTemperatura Ambiente: \n   \n•Mínimo: 0ºC / M áximo 40ºC\n   \n    •Recomendada: 20ºC a 25ºC\nUmidade Relativa:\n   \n    •0% a 95% sem condensação\n   \n    •Recomendada: 45% a 55%\nAltitude: até 1.800m\n Tipo de Ambiente Recomendado:\n   \n    •Interno, instalação abr igada\n   \n    •Atmosf era: limpa, livr e de par tículas condutivas , \n      gases tó xicos , líquidos e inflamáv eis.\nGrau de P roteção: IP -20n   \nn  \nn   \nn   \n   \nn   \nn    \nn  \nn    \n   2000    2,0       620 X 200 X 600        41  \n   3000    3,0       620 X 200 X 600        43\n   5000    5,0       620 X 200 X 600           47\n   7500    7,5       620 X 200 X 600           61\n 10000  10,0       790 X 400 X 775        119\n 15000  15,0       790 X 400 X 775        147Modelo Potência \nkVADimensões Físicas\nalt x lar g x prof \nmmPeso \nkg\n* Opcional\nCM.MK T MAR 22  -   As especificações estão sujeitas a alterações sem pr évio aviso . Nós incentivamos a r eciclagem\nCertificação de \nSustentabilidade A uditadaESPECIFIC AÇÕES  TÉCNIC ASOs Estabilizador es de Tensão M icroprocessados P erfection MI S2 possuem uma tecnolog ia inédita de duplos con versor es estáticos com módulos IGBT s, de última geração . \nTotalmente contr olado por micr oprocessador DSP – Dig ital Sig nal P rocessor , o estabilizador cor rige instantaneamente qualquer var iação de tensão da r ede elétr ica da \nconcessionár ia, além de atenuar distor ção har mônica, var iações de fr equência e distúr bios elétr icos, gerando uma f orma de onda senoidal pura, e f ornecendo uma linha \nestabilizada ex clusiva e isolada para as aplicações sensív eis.\nA tecnolog ia DSP r ealiza medições em True RMS g raças à amostragem dig ital, sem r etardos ou desvios , com alta v elocidade e confiabilidade . Isso sig nifica que podemos \nproduzir sistemas cada v ez menor es e capaz es de r ealizar mais funções , com elevada confiabilidade .'
 'ESPECIFICAÇÕES TÉCNICAS \nEntrada\nn Tensão: \n    •  3kVA \n100/110/115/120/127 VAC 120V (standard) ou  \n200/208/220/230/240 VAC 220V (standard) \n    •  6kVA / 10kVA\n 200/208/220/230/240 VAC 220V (standard)\nn Variação Admissível:\n   •   3kVA \n55-150 VAC ou 110-300 VAC @ 50% de Carga\n80-150 VAC ou 160-300 VAC @ 100% de Carga\n   •   6kVA / 10kVA \n110-300 VAC @ 50% de Carga\n176-300 VAC @ 100% de Carga \nn Freqüência: 50/60 Hz                           \nn Variação de Freqüência Admissível:   \n    •    3kVA  \n40-70Hz\n    •    6kVA / 10 kVA \n46-54Hz @50Hz e 56-64Hz @60Hz\nn  Configuração:\nMonofásica \nn Fator de Potência:\n≥ 0.99 Tensão nominal (100% de Carga)\nn Distorção Harmônica THDi:\n    •    3kVA\n ≤ 5% @ Tensão de Entrada nominal\n    •    6kVA / 10kVA\n<4% @100% de Carga, <6% @50% de Carga\nSaída\nnTensão: \n    •   3kVA \n100/110/115/120/127 VAC 115V (standard) ou \n200/208/220/230/240 VAC 220V (standard) \n    •   6kVA / 10kVA \n200/208/220/230/240 VAC 220V (standard) \nn Fator de Potência:  1,0\nn Regulação Estática:   ± 1% nominal modo \nbateria\nn Freqüência:   50 / 60 Hz \nn Variação de Freqüência: \n± 0,1Hz em modo bateria\nn Sincronismo com a Rede:   Sim\nn Configuração:   \n Monofásica f+n+t \nn Forma de Onda:   Onda senoidal pura\nn Distorção Harmônica THD:  \n •   3kVA \n    ≤ 2% carga linear \n    ≤ 4% carga não-linear \n •   6kVA / 10kVA \n    ≤ 1% carga linear \n    ≤ 4% carga não-linearBaterias\nn  Composição:  \n    •    72  VDC - 3,0 kVA \n    •     240 VDC - 6,0 kVA \n    •     240 VDC - 10,0 kVA \nn  Sistema de Recarga: \ncontrolado, automático\nn Tempo de Recarga:  \n8 a 10 horas para 90% da carga\nn Tipo: \nseladas, isentas de manutenção\nn  Paralelismo Redundante (N+1) \n»  Disponível nas potências de 6 e 10kVA\nn By-pass estático (inteligente):  \nO termo inteligente aplica-se, visto que a linha \nComposition XV  possui desligamento da saída da \nchave estática em condições que, a tensão da rede \napresenta variações fora da faixa de trabalho, prote -\ngendo a carga contra sub ou sobre tensão mesmo \nna condição de by-pass estático.']","Sim, posso ajudar! Estou aqui para responder perguntas e fornecer informações de forma clara e concisa. Se você tiver alguma dúvida ou precisar de ajuda em algo específico, estou à disposição para ajudar!",A resposta à pergunta dada não está presente no contexto,,0.6935259780270353,,,0.0
105,Quais consequências quando a blindagem eletrostática não protege os transformadores?,"['monobloco\n   \n    •Painel F rontal: em ABS de alta r esistência\n  \n    • A cabamento: pintura epó xi-pó na cor g rafite\n       com tratamento tér mico e anti- corrosivo\nTransf ormador Isolador : com blindagem\n    eletr ostátican  \nn  \nn   Alarmes\nContr olados pelo pr ocessador DSP\nTipos de Alarmes:\n   \n    •Sonor os: \n       »  A utocheck I nicialização\n       »  Tensão da Rede F ora da F aixa\n       »  Sobr ecar ga de Saída\n       »  F alha I nterna do Estabilizador\n       »  F reqüência da Rede F ora de F aixa\n   \n     •Sinalização: L eds de Status do P ainel\n       »  Rede Nor mal\n       »  Saída Nor mal\n       »  F alhan   \nn   Características de Oper ação\nRuído A udív el: 55 dBA a 60 dBA a 1 metr o\n MTBF (M ean Time Bet ween F ailur es): 50 mil horas\nMTTR (M ean Time To Repair): 30 minutos\nTemperatura Ambiente: \n   \n•Mínimo: 0ºC / M áximo 40ºC\n   \n    •Recomendada: 20ºC a 25ºC\nUmidade Relativa:\n   \n    •0% a 95% sem condensação\n   \n    •Recomendada: 45% a 55%\nAltitude: até 1.800m\n Tipo de Ambiente Recomendado:\n   \n    •Interno, instalação abr igada\n   \n    •Atmosf era: limpa, livr e de par tículas condutivas , \n      gases tó xicos , líquidos e inflamáv eis.\nGrau de P roteção: IP -20n   \nn  \nn   \nn   \n   \nn   \nn    \nn  \nn    \n   2000    2,0       620 X 200 X 600        41  \n   3000    3,0       620 X 200 X 600        43\n   5000    5,0       620 X 200 X 600           47\n   7500    7,5       620 X 200 X 600           61\n 10000  10,0       790 X 400 X 775        119\n 15000  15,0       790 X 400 X 775        147Modelo Potência \nkVADimensões Físicas\nalt x lar g x prof \nmmPeso \nkg\n* Opcional\nCM.MK T MAR 22  -   As especificações estão sujeitas a alterações sem pr évio aviso . Nós incentivamos a r eciclagem\nCertificação de \nSustentabilidade A uditadaESPECIFIC AÇÕES  TÉCNIC ASOs Estabilizador es de Tensão M icroprocessados P erfection MI S2 possuem uma tecnolog ia inédita de duplos con versor es estáticos com módulos IGBT s, de última geração . \nTotalmente contr olado por micr oprocessador DSP – Dig ital Sig nal P rocessor , o estabilizador cor rige instantaneamente qualquer var iação de tensão da r ede elétr ica da \nconcessionár ia, além de atenuar distor ção har mônica, var iações de fr equência e distúr bios elétr icos, gerando uma f orma de onda senoidal pura, e f ornecendo uma linha \nestabilizada ex clusiva e isolada para as aplicações sensív eis.\nA tecnolog ia DSP r ealiza medições em True RMS g raças à amostragem dig ital, sem r etardos ou desvios , com alta v elocidade e confiabilidade . Isso sig nifica que podemos \nproduzir sistemas cada v ez menor es e capaz es de r ealizar mais funções , com elevada confiabilidade .'
 'Alta Tecnolog ia em\nEstabilizador es de Tensão DSP\nDigital Sig nal P rocessor\nOS MAIS  MODERNOS  ESTABILIZADORES CORPORATIVOSVivemos em um mundo cada vez mais ágil e prático . Um mundo unido por processador es, chips , softwares e periféricos, \nmas isso ainda não é o bastant e,  por isso o mundo caminha para tecnolog ias de processament o imediat o de dados . A  \nCM Comandos Linear es está um passo à frente e oferece aos seus client es produt os de alta tecnolog ia digital.\ne, esta tecnolog ia está present e soment e nos mais sofisticados sistemas eletr ônicos, devido à sua alta velocidade e \nconfiabilidade . Isso significa que podemos produzir sistemas cada vez menor es,  mais rápidos , capaz es de realizar mais \nfunções e, ao mesmo tempo , elevar cada vez mais a confiabilidade das nossas soluções .Hoj\nOutr o diferencial  é a capacidade de corrigir as \nvariações extremas de corrente de carga. Esta \ncarac terística propor ciona alta performance e \nconfiabilidade , tornando os Estabilizador es \nPerfection SP  ideais  para cargas que geram \npicos de alta  corrente e que necessitam de \nproteção  e  ener gia estabilizada. \nAo pensar em adquir ir Estabilizador es de \nTensão, conte com as soluções CM \nComandos , que asseguram tecnolog ia de \nponta, máxima proteção , precisão digital e \nprocessament o DSP em tempo real.\nA linha de Estabilizador es de Tensão Perfection Série Premium, utiliza uma tecnolog ia inédita de conversor es estáticos \ncom módulos IGBT s de última geração .  Contr olado por micr oprocessador  DSP,  corrige instantaneament e qualquer \nvariação de tensão da rede elétr ica da concessionár ia, tudo na velocidade de amostragem digital, sem retardos ou \ndesvios .  Todos os setups e configurações são r ealizados por sof tware, além disso ,  possui um ex clusiv o registro log de \neventos, permitindo total rastr eabilidade em caso de anomalias .']","A falta de blindagem adequada nos transformadores pode levar a interferências elétricas indesejadas, comprometendo o desempenho dos sistemas eletrônicos conectados. Além disso, sem uma proteção eficaz contra correntes eletrostáticas, os componentes internos dos transformadores podem sofrer danos ou até mesmo falhar, resultando em perda de potência, sobreaquecimento ou outros problemas operacionais.",A resposta à pergunta dada não está presente no contexto,,,,,1.0
106,"Qual a função principal do DSP em tempo real?""

Essa pergunta é mais indireta e curta do que a original, mantendo a essência da mesma.","['ESPECIFICAÇÕES TÉCNICAS \nEntrada\nn Tensão: \n    •  3kVA \n100/110/115/120/127 VAC 120V (standard) ou  \n200/208/220/230/240 VAC 220V (standard) \n    •  6kVA / 10kVA\n 200/208/220/230/240 VAC 220V (standard)\nn Variação Admissível:\n   •   3kVA \n55-150 VAC ou 110-300 VAC @ 50% de Carga\n80-150 VAC ou 160-300 VAC @ 100% de Carga\n   •   6kVA / 10kVA \n110-300 VAC @ 50% de Carga\n176-300 VAC @ 100% de Carga \nn Freqüência: 50/60 Hz                           \nn Variação de Freqüência Admissível:   \n    •    3kVA  \n40-70Hz\n    •    6kVA / 10 kVA \n46-54Hz @50Hz e 56-64Hz @60Hz\nn  Configuração:\nMonofásica \nn Fator de Potência:\n≥ 0.99 Tensão nominal (100% de Carga)\nn Distorção Harmônica THDi:\n    •    3kVA\n ≤ 5% @ Tensão de Entrada nominal\n    •    6kVA / 10kVA\n<4% @100% de Carga, <6% @50% de Carga\nSaída\nnTensão: \n    •   3kVA \n100/110/115/120/127 VAC 115V (standard) ou \n200/208/220/230/240 VAC 220V (standard) \n    •   6kVA / 10kVA \n200/208/220/230/240 VAC 220V (standard) \nn Fator de Potência:  1,0\nn Regulação Estática:   ± 1% nominal modo \nbateria\nn Freqüência:   50 / 60 Hz \nn Variação de Freqüência: \n± 0,1Hz em modo bateria\nn Sincronismo com a Rede:   Sim\nn Configuração:   \n Monofásica f+n+t \nn Forma de Onda:   Onda senoidal pura\nn Distorção Harmônica THD:  \n •   3kVA \n    ≤ 2% carga linear \n    ≤ 4% carga não-linear \n •   6kVA / 10kVA \n    ≤ 1% carga linear \n    ≤ 4% carga não-linearBaterias\nn  Composição:  \n    •    72  VDC - 3,0 kVA \n    •     240 VDC - 6,0 kVA \n    •     240 VDC - 10,0 kVA \nn  Sistema de Recarga: \ncontrolado, automático\nn Tempo de Recarga:  \n8 a 10 horas para 90% da carga\nn Tipo: \nseladas, isentas de manutenção\nn  Paralelismo Redundante (N+1) \n»  Disponível nas potências de 6 e 10kVA\nn By-pass estático (inteligente):  \nO termo inteligente aplica-se, visto que a linha \nComposition XV  possui desligamento da saída da \nchave estática em condições que, a tensão da rede \napresenta variações fora da faixa de trabalho, prote -\ngendo a carga contra sub ou sobre tensão mesmo \nna condição de by-pass estático.'
 'Alta Tecnologia em\nProcessamento Digital\nde Sinais - DSP\nO S M A I S M O D E R N O S\nN O B R E A K S C O R P O R AT I V O SVivemos em um mundo cada vez mais ágil e prático. Um mundo conectado por processadores, chips, softwares e \nperiféricos. Mas isso ainda não é o bastante. Por isso, o mundo caminha para tecnologias de processamento imediato \nde dados. A CM Comandos Lineares está um passo à frente e oferece aos seus clientes produtos dotados de uma \ntecnologia revolucionária, denominada Processamento Digital de Sinais -- DSP .\nToda a linha de No Breaks Innovation S1 Trifásico  \nTransformerless conta com a tecnologia DS P.   \nCaracterística que proporciona alta performance e \nconfiabilidade, tornando-os ideais para aplicações de missão crítica. Ou seja, protegem as aplicações nas quais a \ncontinuidade da operação é de fundamental importância.\ndos equipamentos pode ser atualizado, \nacrescentando novas funções em \nunidades já instaladas. Hoje, esta tecnologia está presente nos mais sofisticados sistemas eletrônicos, devido à sua alta velocidade e \nconfiabilidade. Processadores Digitais de Sinais são capazes de processar dez milhões de amostragens por segundo. \nIsso significa processamento em tempo real -- o sinal é processado no mesmo instante em que é recebido, sem \nretardos ou atrasos.\nProjetados com o uso intenso dos recursos da tecnologia DSP ,  os No Breaks Innovation Trifásico Transformerless  \nagregam novos  e avançados recursos, que estabelecem um novo conceito em desenvolvimento, no qual o firmware \nAo pensar em adquirir No Breaks,     \nconte com as soluções da\nCM Comandos, que asseguram \ntecnologia de ponta, máxima proteção, \nprecisão digital e processamento        \nem tempo real.']","O processamento do sinal em tempo real, sem retardos ou atrasos.",A resposta à pergunta dada não está presente no contexto,,,,,
107,"A pergunta reescrita é:

""O que acontece se o No-Break tiver problemas elétricos?"" 

Essa versão da pergunta é mais indireta e curta, mantendo a essência da pergunta original. Ela incorpora um elemento condicional, considerando que o contexto é uma descrição específica do No-Break, tornando-a mais complexa enquanto ainda mantém sua resposta clara.","['ESPECIFICAÇÕES TÉCNICAS \nEntrada\nn Tensão: \n    •  3kVA \n100/110/115/120/127 VAC 120V (standard) ou  \n200/208/220/230/240 VAC 220V (standard) \n    •  6kVA / 10kVA\n 200/208/220/230/240 VAC 220V (standard)\nn Variação Admissível:\n   •   3kVA \n55-150 VAC ou 110-300 VAC @ 50% de Carga\n80-150 VAC ou 160-300 VAC @ 100% de Carga\n   •   6kVA / 10kVA \n110-300 VAC @ 50% de Carga\n176-300 VAC @ 100% de Carga \nn Freqüência: 50/60 Hz                           \nn Variação de Freqüência Admissível:   \n    •    3kVA  \n40-70Hz\n    •    6kVA / 10 kVA \n46-54Hz @50Hz e 56-64Hz @60Hz\nn  Configuração:\nMonofásica \nn Fator de Potência:\n≥ 0.99 Tensão nominal (100% de Carga)\nn Distorção Harmônica THDi:\n    •    3kVA\n ≤ 5% @ Tensão de Entrada nominal\n    •    6kVA / 10kVA\n<4% @100% de Carga, <6% @50% de Carga\nSaída\nnTensão: \n    •   3kVA \n100/110/115/120/127 VAC 115V (standard) ou \n200/208/220/230/240 VAC 220V (standard) \n    •   6kVA / 10kVA \n200/208/220/230/240 VAC 220V (standard) \nn Fator de Potência:  1,0\nn Regulação Estática:   ± 1% nominal modo \nbateria\nn Freqüência:   50 / 60 Hz \nn Variação de Freqüência: \n± 0,1Hz em modo bateria\nn Sincronismo com a Rede:   Sim\nn Configuração:   \n Monofásica f+n+t \nn Forma de Onda:   Onda senoidal pura\nn Distorção Harmônica THD:  \n •   3kVA \n    ≤ 2% carga linear \n    ≤ 4% carga não-linear \n •   6kVA / 10kVA \n    ≤ 1% carga linear \n    ≤ 4% carga não-linearBaterias\nn  Composição:  \n    •    72  VDC - 3,0 kVA \n    •     240 VDC - 6,0 kVA \n    •     240 VDC - 10,0 kVA \nn  Sistema de Recarga: \ncontrolado, automático\nn Tempo de Recarga:  \n8 a 10 horas para 90% da carga\nn Tipo: \nseladas, isentas de manutenção\nn  Paralelismo Redundante (N+1) \n»  Disponível nas potências de 6 e 10kVA\nn By-pass estático (inteligente):  \nO termo inteligente aplica-se, visto que a linha \nComposition XV  possui desligamento da saída da \nchave estática em condições que, a tensão da rede \napresenta variações fora da faixa de trabalho, prote -\ngendo a carga contra sub ou sobre tensão mesmo \nna condição de by-pass estático.'
 'monobloco\n   \n    •Painel F rontal: em ABS de alta r esistência\n  \n    • A cabamento: pintura epó xi-pó na cor g rafite\n       com tratamento tér mico e anti- corrosivo\nTransf ormador Isolador : com blindagem\n    eletr ostátican  \nn  \nn   Alarmes\nContr olados pelo pr ocessador DSP\nTipos de Alarmes:\n   \n    •Sonor os: \n       »  A utocheck I nicialização\n       »  Tensão da Rede F ora da F aixa\n       »  Sobr ecar ga de Saída\n       »  F alha I nterna do Estabilizador\n       »  F reqüência da Rede F ora de F aixa\n   \n     •Sinalização: L eds de Status do P ainel\n       »  Rede Nor mal\n       »  Saída Nor mal\n       »  F alhan   \nn   Características de Oper ação\nRuído A udív el: 55 dBA a 60 dBA a 1 metr o\n MTBF (M ean Time Bet ween F ailur es): 50 mil horas\nMTTR (M ean Time To Repair): 30 minutos\nTemperatura Ambiente: \n   \n•Mínimo: 0ºC / M áximo 40ºC\n   \n    •Recomendada: 20ºC a 25ºC\nUmidade Relativa:\n   \n    •0% a 95% sem condensação\n   \n    •Recomendada: 45% a 55%\nAltitude: até 1.800m\n Tipo de Ambiente Recomendado:\n   \n    •Interno, instalação abr igada\n   \n    •Atmosf era: limpa, livr e de par tículas condutivas , \n      gases tó xicos , líquidos e inflamáv eis.\nGrau de P roteção: IP -20n   \nn  \nn   \nn   \n   \nn   \nn    \nn  \nn    \n   2000    2,0       620 X 200 X 600        41  \n   3000    3,0       620 X 200 X 600        43\n   5000    5,0       620 X 200 X 600           47\n   7500    7,5       620 X 200 X 600           61\n 10000  10,0       790 X 400 X 775        119\n 15000  15,0       790 X 400 X 775        147Modelo Potência \nkVADimensões Físicas\nalt x lar g x prof \nmmPeso \nkg\n* Opcional\nCM.MK T MAR 22  -   As especificações estão sujeitas a alterações sem pr évio aviso . Nós incentivamos a r eciclagem\nCertificação de \nSustentabilidade A uditadaESPECIFIC AÇÕES  TÉCNIC ASOs Estabilizador es de Tensão M icroprocessados P erfection MI S2 possuem uma tecnolog ia inédita de duplos con versor es estáticos com módulos IGBT s, de última geração . \nTotalmente contr olado por micr oprocessador DSP – Dig ital Sig nal P rocessor , o estabilizador cor rige instantaneamente qualquer var iação de tensão da r ede elétr ica da \nconcessionár ia, além de atenuar distor ção har mônica, var iações de fr equência e distúr bios elétr icos, gerando uma f orma de onda senoidal pura, e f ornecendo uma linha \nestabilizada ex clusiva e isolada para as aplicações sensív eis.\nA tecnolog ia DSP r ealiza medições em True RMS g raças à amostragem dig ital, sem r etardos ou desvios , com alta v elocidade e confiabilidade . Isso sig nifica que podemos \nproduzir sistemas cada v ez menor es e capaz es de r ealizar mais funções , com elevada confiabilidade .']","Se houver problemas elétricos no No-Break, ele pode apresentar uma falha interna.","A pergunta reescrita descreve um cenário onde o No-Break pode sofrer problemas elétricos. Se isso ocorrer, a resposta seria a falha interna do equipamento, levando ao alarme contínuo e à necessidade de manutenção imediata para evitar danos adicionais ou perda de carga.",,0.0,,,
108,"Em uma falha do sistema, qual função o RS485 desempenha com o DSI e MODBUS?","['monobloco\n   \n    •Painel F rontal: em ABS de alta r esistência\n  \n    • A cabamento: pintura epó xi-pó na cor g rafite\n       com tratamento tér mico e anti- corrosivo\nTransf ormador Isolador : com blindagem\n    eletr ostátican  \nn  \nn   Alarmes\nContr olados pelo pr ocessador DSP\nTipos de Alarmes:\n   \n    •Sonor os: \n       »  A utocheck I nicialização\n       »  Tensão da Rede F ora da F aixa\n       »  Sobr ecar ga de Saída\n       »  F alha I nterna do Estabilizador\n       »  F reqüência da Rede F ora de F aixa\n   \n     •Sinalização: L eds de Status do P ainel\n       »  Rede Nor mal\n       »  Saída Nor mal\n       »  F alhan   \nn   Características de Oper ação\nRuído A udív el: 55 dBA a 60 dBA a 1 metr o\n MTBF (M ean Time Bet ween F ailur es): 50 mil horas\nMTTR (M ean Time To Repair): 30 minutos\nTemperatura Ambiente: \n   \n•Mínimo: 0ºC / M áximo 40ºC\n   \n    •Recomendada: 20ºC a 25ºC\nUmidade Relativa:\n   \n    •0% a 95% sem condensação\n   \n    •Recomendada: 45% a 55%\nAltitude: até 1.800m\n Tipo de Ambiente Recomendado:\n   \n    •Interno, instalação abr igada\n   \n    •Atmosf era: limpa, livr e de par tículas condutivas , \n      gases tó xicos , líquidos e inflamáv eis.\nGrau de P roteção: IP -20n   \nn  \nn   \nn   \n   \nn   \nn    \nn  \nn    \n   2000    2,0       620 X 200 X 600        41  \n   3000    3,0       620 X 200 X 600        43\n   5000    5,0       620 X 200 X 600           47\n   7500    7,5       620 X 200 X 600           61\n 10000  10,0       790 X 400 X 775        119\n 15000  15,0       790 X 400 X 775        147Modelo Potência \nkVADimensões Físicas\nalt x lar g x prof \nmmPeso \nkg\n* Opcional\nCM.MK T MAR 22  -   As especificações estão sujeitas a alterações sem pr évio aviso . Nós incentivamos a r eciclagem\nCertificação de \nSustentabilidade A uditadaESPECIFIC AÇÕES  TÉCNIC ASOs Estabilizador es de Tensão M icroprocessados P erfection MI S2 possuem uma tecnolog ia inédita de duplos con versor es estáticos com módulos IGBT s, de última geração . \nTotalmente contr olado por micr oprocessador DSP – Dig ital Sig nal P rocessor , o estabilizador cor rige instantaneamente qualquer var iação de tensão da r ede elétr ica da \nconcessionár ia, além de atenuar distor ção har mônica, var iações de fr equência e distúr bios elétr icos, gerando uma f orma de onda senoidal pura, e f ornecendo uma linha \nestabilizada ex clusiva e isolada para as aplicações sensív eis.\nA tecnolog ia DSP r ealiza medições em True RMS g raças à amostragem dig ital, sem r etardos ou desvios , com alta v elocidade e confiabilidade . Isso sig nifica que podemos \nproduzir sistemas cada v ez menor es e capaz es de r ealizar mais funções , com elevada confiabilidade .'
 'Equalização A tiva de Bat erias\nO  QUE  É  ?\nO Equalizer é uma solução revolucionária de Equalização Ativa Individual de Baterias,  desenvolvido e fabricado \nno Brasil, pela CM Comandos. \nCada bateria recebe um Módulo de Bateria, conectado a um controlador, o Master Controller.  O Controller \nsupervisiona a tensão final das baterias e controla os Módulos de Baterias de forma a regular a tensão sobre cada \nbateria, para que todas as baterias sempre apresentem a mesma tensão.\nCada Módulo de Bateria possui um microcontrolador e um módulo ativo que mantêm todas as baterias \nequalizadas. \nA Equalização Ativa faz com que todas as baterias sejam igualmente carregadas com a mesma tensão, \neliminando o efeito negativo de uma bateria sobrecarregar as outras, com excesso de carga ou o inverso, de \nimpedir que as baterias adjacentes sejam carregadas plenamente.\nO Equalizer permite que as  baterias atinjam 100% da sua vida útil, projetada pelos fabricantes. Antes, sem o \nEqualizer, as baterias se deterioravam precocemente e era necessário substituí-las. Dependendo do tipo de \nbateria, a durabilidade pode dobrar,  eliminando substituições  e reduzindo a necessidade de reciclagem.  O \nprocesso de reciclagem consome grandes recursos naturais.\nAlém disso, o sistema impede a queda do sistema por falha de baterias,  enviando alarmes ANTES de ocorrer uma \nfalha do sistema, reduzindo o DOWNTIME e elevando a confiabilidade de todo sistema.\nRede Elétr ica\nde En tradaRetificador\nCarregador\nBanc o de\nBateriasBateria 1\nBateria 2\nBateria 3\nBateria nEqualizer\nEqualizer\nEqualizer\nEqualizerMaster\nController\nCorrente Alt ernada de Entrada\nCabo de Comunicação Cabo de Medição Módulo EqualizerCorr ente ContínuaCOMO FUNCIONA ?\nEqualiz er - Equalização A tiva\nA central contr ola cada módulo , conec tado em \nparalelo com a bat eria e contr ola a t ensão de f orma \nque t odas fiquem iguais . Além disso , monit ora  \nconstant ement e a Resist ência I nterna e a \nTemperatura individualment e de cada bat eria, \narmaz ena os dados para análise e emit e alar mes \nantes de ocor rer a falh a.']","A comunicação entre os dispositivos é essencial para garantir que as informações sejam trocadas corretamente em casos de emergência. Nesse contexto, a comunicação do RS485 com o DSI e MODBUS desempenha um papel crucial na detecção de falhas.

No caso da Equalização Ativa de Baterias descrita no catalogo, a função principal do sistema é garantir que todas as baterias estejam carregadas igualmente. Nesse sentido, a comunicação entre os dispositivos é fundamental para monitorar as condições das baterias e emitir alarmes em caso de falha.

Com isso, quando ocorre uma falha no sistema, a comunicação RS485 com o DSI e MODBUS permite que as informações sejam trocadas rapidamente, garantindo que os dispositivos sejam alertados em tempo hábil para tomarem medidas correctivas.",O RS485 é usado para comunicação entre o DSI e os outros dispositivos MODBUS no sistema.,,0.8306471357068447,,,
109,O que é automático no No-Break durante uma falha de energia?,"['monobloco\n   \n    •Painel F rontal: em ABS de alta r esistência\n  \n    • A cabamento: pintura epó xi-pó na cor g rafite\n       com tratamento tér mico e anti- corrosivo\nTransf ormador Isolador : com blindagem\n    eletr ostátican  \nn  \nn   Alarmes\nContr olados pelo pr ocessador DSP\nTipos de Alarmes:\n   \n    •Sonor os: \n       »  A utocheck I nicialização\n       »  Tensão da Rede F ora da F aixa\n       »  Sobr ecar ga de Saída\n       »  F alha I nterna do Estabilizador\n       »  F reqüência da Rede F ora de F aixa\n   \n     •Sinalização: L eds de Status do P ainel\n       »  Rede Nor mal\n       »  Saída Nor mal\n       »  F alhan   \nn   Características de Oper ação\nRuído A udív el: 55 dBA a 60 dBA a 1 metr o\n MTBF (M ean Time Bet ween F ailur es): 50 mil horas\nMTTR (M ean Time To Repair): 30 minutos\nTemperatura Ambiente: \n   \n•Mínimo: 0ºC / M áximo 40ºC\n   \n    •Recomendada: 20ºC a 25ºC\nUmidade Relativa:\n   \n    •0% a 95% sem condensação\n   \n    •Recomendada: 45% a 55%\nAltitude: até 1.800m\n Tipo de Ambiente Recomendado:\n   \n    •Interno, instalação abr igada\n   \n    •Atmosf era: limpa, livr e de par tículas condutivas , \n      gases tó xicos , líquidos e inflamáv eis.\nGrau de P roteção: IP -20n   \nn  \nn   \nn   \n   \nn   \nn    \nn  \nn    \n   2000    2,0       620 X 200 X 600        41  \n   3000    3,0       620 X 200 X 600        43\n   5000    5,0       620 X 200 X 600           47\n   7500    7,5       620 X 200 X 600           61\n 10000  10,0       790 X 400 X 775        119\n 15000  15,0       790 X 400 X 775        147Modelo Potência \nkVADimensões Físicas\nalt x lar g x prof \nmmPeso \nkg\n* Opcional\nCM.MK T MAR 22  -   As especificações estão sujeitas a alterações sem pr évio aviso . Nós incentivamos a r eciclagem\nCertificação de \nSustentabilidade A uditadaESPECIFIC AÇÕES  TÉCNIC ASOs Estabilizador es de Tensão M icroprocessados P erfection MI S2 possuem uma tecnolog ia inédita de duplos con versor es estáticos com módulos IGBT s, de última geração . \nTotalmente contr olado por micr oprocessador DSP – Dig ital Sig nal P rocessor , o estabilizador cor rige instantaneamente qualquer var iação de tensão da r ede elétr ica da \nconcessionár ia, além de atenuar distor ção har mônica, var iações de fr equência e distúr bios elétr icos, gerando uma f orma de onda senoidal pura, e f ornecendo uma linha \nestabilizada ex clusiva e isolada para as aplicações sensív eis.\nA tecnolog ia DSP r ealiza medições em True RMS g raças à amostragem dig ital, sem r etardos ou desvios , com alta v elocidade e confiabilidade . Isso sig nifica que podemos \nproduzir sistemas cada v ez menor es e capaz es de r ealizar mais funções , com elevada confiabilidade .'
 'ESPECIFICAÇÕES TÉCNICAS \nEntrada\nn Tensão: \n    •  3kVA \n100/110/115/120/127 VAC 120V (standard) ou  \n200/208/220/230/240 VAC 220V (standard) \n    •  6kVA / 10kVA\n 200/208/220/230/240 VAC 220V (standard)\nn Variação Admissível:\n   •   3kVA \n55-150 VAC ou 110-300 VAC @ 50% de Carga\n80-150 VAC ou 160-300 VAC @ 100% de Carga\n   •   6kVA / 10kVA \n110-300 VAC @ 50% de Carga\n176-300 VAC @ 100% de Carga \nn Freqüência: 50/60 Hz                           \nn Variação de Freqüência Admissível:   \n    •    3kVA  \n40-70Hz\n    •    6kVA / 10 kVA \n46-54Hz @50Hz e 56-64Hz @60Hz\nn  Configuração:\nMonofásica \nn Fator de Potência:\n≥ 0.99 Tensão nominal (100% de Carga)\nn Distorção Harmônica THDi:\n    •    3kVA\n ≤ 5% @ Tensão de Entrada nominal\n    •    6kVA / 10kVA\n<4% @100% de Carga, <6% @50% de Carga\nSaída\nnTensão: \n    •   3kVA \n100/110/115/120/127 VAC 115V (standard) ou \n200/208/220/230/240 VAC 220V (standard) \n    •   6kVA / 10kVA \n200/208/220/230/240 VAC 220V (standard) \nn Fator de Potência:  1,0\nn Regulação Estática:   ± 1% nominal modo \nbateria\nn Freqüência:   50 / 60 Hz \nn Variação de Freqüência: \n± 0,1Hz em modo bateria\nn Sincronismo com a Rede:   Sim\nn Configuração:   \n Monofásica f+n+t \nn Forma de Onda:   Onda senoidal pura\nn Distorção Harmônica THD:  \n •   3kVA \n    ≤ 2% carga linear \n    ≤ 4% carga não-linear \n •   6kVA / 10kVA \n    ≤ 1% carga linear \n    ≤ 4% carga não-linearBaterias\nn  Composição:  \n    •    72  VDC - 3,0 kVA \n    •     240 VDC - 6,0 kVA \n    •     240 VDC - 10,0 kVA \nn  Sistema de Recarga: \ncontrolado, automático\nn Tempo de Recarga:  \n8 a 10 horas para 90% da carga\nn Tipo: \nseladas, isentas de manutenção\nn  Paralelismo Redundante (N+1) \n»  Disponível nas potências de 6 e 10kVA\nn By-pass estático (inteligente):  \nO termo inteligente aplica-se, visto que a linha \nComposition XV  possui desligamento da saída da \nchave estática em condições que, a tensão da rede \napresenta variações fora da faixa de trabalho, prote -\ngendo a carga contra sub ou sobre tensão mesmo \nna condição de by-pass estático.']",O sistema de recarga da bateria.,"Durante uma falha de energia, o No-Break realiza autenticação e encerra automaticamente todos os servidores e dispositivos conectados.",,0.0,,,
