,user_input,retrieved_contexts,response,reference,context_precision,context_recall,context_entity_recall,noise_sensitivity_relevant,answer_relevancy,faithfulness,factual_correctness,semantic_similarity,non_llm_string_similarity,rouge_score,string_present,exact_match,harmfulness,maliciousness,coherence,correctness,conciseness
0,Como se comparam os sistemas de No-Break em confiabilidade e eficiência?,"['S I S T E M A PA R A L E L O M U LT I AT I V O ( E X C L U S I V O C M C O M A N D O S )\nA CM Comandos Lineares desenvolveu um sistema inovador e pioneiro no mundo de paralelismo entre No Breaks. O sistema Paralelo \nMulti Ativo permite a expansão do sistema, de acordo com sua demanda de consumo, podendo paralelar quantas unidades forem \nnecessárias para atender sua demanda, elevando a capacidade do sistema e a confiabilidade de sua aplicação.\nP O S S I B I L I D A D E D E S O M A T Ó R I A D E  P O T Ê N C I A S\nPermite a ligação para somatória de potência, utilizando dois ou mais No \nBreaks para atingir a demanda da carga total.\nQuando utilizado para somatória de potência, possibilita a ligação de \nNo Breaks com potências diferentes. Quando a ligação for feita com No \nBreaks de potências diferentes, a carga será distribuída \nproporcionalmente. Permite a ligação em paralelo redundante N + 1,  N + 2, N + 3 … N+X,  \npossibilitando o desligamento de uma ou mais unidades mantendo a \ncarga ativa.L I G A Ç Ã O E M P A R A L E L O R E D U N D A N T E\nA comunicação entre os No Breaks consiste no barramento de \ncomunicação comum, por onde transitam informações contendo \nnível de carga, sincronismo e a condição do by pass.C O M U N I C A Ç Ã O E N T R E O S N O B R E A K STodos os No Breaks são autônomos, operam de forma \nindependente no sistema e possuem controle individual.N Ã O E X I S T E N O B R E A K M E S T R E O U E S C R A V OPodem ser paraleladas quantas unidades forem necessárias, \npossibilitando expansão do sistema, de acordo com a demanda de \nconsumo.Q U A N T I D A D E I L I M I T A D A P A R A P A R A L E L I S M O\nM A N U T E N Ç Ã O D O N O B R E A K\nPermite a inserção ou retirada de um No Break no sistema, sem a \nnecessidade de parada.Rede Elétrica\nde Entrada\nSaídaNo Break 1\n Potência de \n30 kVANo Break 2\nPotência de \n10 kVANo Break 3\nPotência de \n20 kVA\nCarga fornecida pelo sistema = 150 kVANo Break 4\nPotência de \n30 kVANo Break 5\nPotência de \n20 kVANo Break 6\nPotência de \n40 kVA\nINTERFACES DE \nGERENCIAMENTO   \nREMOTO\nSão compostas por diversas ferramentas. O \nAdaptador SNMP NetMate permite\ngerenciar remotamente o No Break via a \nInternet através de um web browser,\nmonitorar o status e enviar alertas por e-mail. \nO software IP Power é uma ferramenta de \ngerenciamento  Windows Application e a \nversão Client é específica para  automatizar o \nshutdown de servidores, podendo desligar \nautomática e simultaneamente vários\ns e r v i d o r e s  e  e s t a ç õ e s .\nO Adaptador ArmModbus permite integrar \no  N o  B r e a k ,  v i a  u m a  p o r t a\nRS485, a Sistemas de Automação Predial.', 'SISTEMA PARALELO MULTI ATIVO (EXCLUSIVO CM COMANDOS)\nA CM Comandos Lineares desenvolveu um sistema inovador e pioneiro no mundo de paralelismo entre no-breaks. O sistema \nParalelo Multi Ativo permite a expansão do sistema, de acordo com sua demanda de consumo, podendo paralelar quantas \nunidades forem necessárias para atender sua demanda, elevando a capacidade do sistema e a confiabilidade de sua aplicação.\nPOSSIBILIDADE DE SOMATÓRIA DE  POTÊNCIAS\nPermite a ligação para somatória de potência, utilizando dois ou mais \nNo-Breaks para atingir a demanda da carga total.\nQuando utilizado para somatória de potência, possibilita a ligação de \nNo-Breaks com potências diferentes. Quando a ligação for feita com \nNo-Breaks de potências diferentes, a carga será distribuída \nproporcionalmente. Permite a ligação em paralelo redundante N + 1,  N + 2, N + 3 … N+X,  \npossibilitando o desligamento de uma ou mais unidades, mantendo a \ncarga ativa.\nA comunicação entre os No-Breaks consiste no barramento de \ncomunicação comum, por onde transitam informações \ncontendo nível de carga, sincronismo e a condição do by pass.COMUNICAÇÃO ENTRE OS NO-BREAKSTodos os No-Breaks são autônomos, operam de forma \nindependente no sistema e possuem controle individual.NÃO EXISTE NO-BREAK MESTRE OU ESCRAVOPodem ser paraleladas quantas unidades forem necessárias, \npossibilitando expansão do sistema, de acordo com a demanda \nde consumo.QUANTIDADE ILIMITADA PARA PARALELISMO\nPARALELISMO DO BANCO DE BATERIAS\nPermite paralelismo dos bancos de baterias (quando forem de \nmesma tensão nominal).MANUTENÇÃO DO NO-BREAK\nPermite a inserção ou retirada de um No-Break no sistema, sem a \nnecessidade de parada.INTERFACES  DE  SHUTDOWN  E GERENCIAMENTO  REMOTO\nRede Elétric a\nde Entr ada\nSaídaNo-break 1\n Potência \nde 60 kV ANo-break 2\nPotência de \n100 kV ANo-break 3\nPotência de \n20 kV A\nCarga fornecida pelo sistema = 410 kV ANo-break 4\nPotência de \n30 kV ANo-break 5\nPotência de \n80 kV ANo-break 6\nPotência de \n120 kV ARede L ocal Ether netA   Inter face de Ger enciamento \n     \nC  Inter face Shutdown \n     Client \n     LANB  Inter face Shutdown \n     D   Inter face de Ger enciamento Remoto \n  \nE  Adaptador SNMP\n     \nF  Client Shutdown\nG Estação Remota\n    Sof tware com \n    conexão à I nter netMultisser vidor es\nMultiplataf ormas\nMulti-S.O .Porta M icroprocessada DB9\nPorta Contato Seco DB9\nRede Ethernet RJ45']","Os sistemas de No-Break apresentados oferecem alta confiabilidade e eficiência através de um design que permite a expansão conforme a demanda de consumo. A possibilidade de paralelismo entre múltiplas unidades garante que a carga seja distribuída proporcionalmente, mesmo quando se utilizam No-Breaks de potências diferentes. Além disso, a comunicação entre os No-Breaks é feita por um barramento comum, permitindo monitoramento contínuo do nível de carga e condições operacionais. A manutenção é facilitada, pois é possível inserir ou retirar unidades sem interromper o funcionamento do sistema, o que contribui para a eficiência operacional.","Os sistemas de No-Break se comparam em confiabilidade e eficiência, destacando-se pela alta confiabilidade e pela capacidade de operar em ambientes críticos, com características como tecnologia hotswap, controle DSP e gerenciamento avançado de baterias.",0.9999999999,0.0,0.0,0.6363636363636364,0.7621972065712862,0.8333333333333334,0.14,0.8169126627247918,0.29082426127527217,0.1643835616438356,0.0,0.0,1,1,1,1,1
1,"Como inovações tecnológicas como uso de processadores de sinal digital e sistemas de bypass estático se comparam entre diferentes modelos de No-Breaks e suas aplicaçãos em ambientes críticos, conforme descrito nos relatórios?","['Alta Tecnologia em\nProcessamento Digital\nde Sinais - DSP\nO S M A I S M O D E R N O S\nN O B R E A K S C O R P O R AT I V O SVivemos em um mundo cada vez mais ágil e prático. Um mundo conectado por processadores, chips, softwares e \nperiféricos. Mas isso ainda não é o bastante. Por isso, o mundo caminha para tecnologias de processamento imediato \nde dados. A CM Comandos Lineares está um passo à frente e oferece aos seus clientes produtos dotados de uma \ntecnologia revolucionária, denominada Processamento Digital de Sinais -- DSP .\nToda a linha de No Breaks Innovation S1 Trifásico  \nTransformerless conta com a tecnologia DS P.   \nCaracterística que proporciona alta performance e \nconfiabilidade, tornando-os ideais para aplicações de missão crítica. Ou seja, protegem as aplicações nas quais a \ncontinuidade da operação é de fundamental importância.\ndos equipamentos pode ser atualizado, \nacrescentando novas funções em \nunidades já instaladas. Hoje, esta tecnologia está presente nos mais sofisticados sistemas eletrônicos, devido à sua alta velocidade e \nconfiabilidade. Processadores Digitais de Sinais são capazes de processar dez milhões de amostragens por segundo. \nIsso significa processamento em tempo real -- o sinal é processado no mesmo instante em que é recebido, sem \nretardos ou atrasos.\nProjetados com o uso intenso dos recursos da tecnologia DSP ,  os No Breaks Innovation Trifásico Transformerless  \nagregam novos  e avançados recursos, que estabelecem um novo conceito em desenvolvimento, no qual o firmware \nAo pensar em adquirir No Breaks,     \nconte com as soluções da\nCM Comandos, que asseguram \ntecnologia de ponta, máxima proteção, \nprecisão digital e processamento        \nem tempo real.', 'Alta Tecnolog ia em\nProcessament o Dig ital\nde Sinais - DSP\nOS MAIS MODERNOS\nNO-BREAKS CORPORATIVOSVivemos em um mundo cada v ez mais ág il e prático . Um mundo conec tado por pr ocessador es, chips , softwares e \nperiféricos. Mas isso ainda não é o bastant e. Por isso , o mundo caminha para t ecnolog ias de pr ocessament o imediat o \nde dados . A CM C omandos Linear es está um passo à fr ente e of erece aos seus client es pr odut os dotados de uma \ntecnolog ia revolucionár ia, denominada P rocessament o Dig ital de Sinais - - DSP .\nToda a linha de No -Breaks  \nconta com a t ecnolog ia DSP .  Carac terística que \npropor ciona alta per formance e confiabilidade , Conception Multi Ativ o \npara aplicações de missão cr ítica. Ou seja, pr otegem as aplicações nas quais a continuidade da operação é de \nfundamental impor tância.\nequipament os pode ser atualizado , \nacrescentando novas funções em \nunidades já instaladas . Hoje , esta t ecnolog ia está pr esent e nos mais sofisticados sist emas eletr ônicos , devido à sua alta v elocidade e \nconfiabilidade . Processador es Dig itais de Sinais são capaz es de pr ocessar dez milhões de amostragens por segundo . \nIsso sig nifica pr ocessament o em t empo r eal -- o sinal é pr ocessado no mesmo instant e em que é r ecebido , sem \nretardos ou atrasos .\nProjetados com o uso int enso dos r ecursos da t ecnolog ia DSP ,  os No -Breaks C onception Multi Ativ o  ag regam nov os  \ne avançados r ecursos , que estabelecem um nov o conceit o em desen volviment o, no qual o fir mware dos \nAdquir indo No -Breaks , cont e com as \nsoluções da CM C omandos , que \nasseguram t ecnolog ia de ponta, \nmáxima pr oteção , precisão dig ital e \nprocessament o em t empo r eal.  Modelo 300kV A']","As inovações tecnológicas, como o uso de processadores de sinal digital (DSP), são fundamentais para a alta performance e confiabilidade dos No-Breaks, especialmente em aplicações de missão crítica. Ambos os modelos mencionados, No Breaks Innovation S1 Trifásico Transformerless e Conception Multi Ativo, incorporam a tecnologia DSP, permitindo processamento em tempo real, onde os sinais são processados instantaneamente, sem atrasos.

Esses sistemas são projetados para proteger aplicações onde a continuidade da operação é crucial, garantindo que os equipamentos possam ser atualizados com novas funções, aumentando sua versatilidade e eficiência. A capacidade de processar até dez milhões de amostragens por segundo destaca a velocidade e confiabilidade dos processadores digitais, tornando-os ideais para ambientes que exigem alta disponibilidade e segurança.

Embora ambos os modelos compartilhem características avançadas, a escolha entre eles pode depender de requisitos específicos do ambiente crítico em que serão utilizados, como a necessidade de recursos adicionais ou a configuração trifásica.","Inovações tecnológicas como o uso de processadores de sinal digital e sistemas de bypass estático em No-Breaks, como os modelos da CM Comandos, oferecem alta confiabilidade e eficiência em ambientes críticos, permitindo manutenção sem interrupção do fornecimento de energia.",0.99999999995,0.0,0.0,0.3076923076923077,0.6958136772752422,0.6923076923076923,0.5,0.7893459727226623,0.2142857142857143,0.23636363636363636,0.0,0.0,0,0,1,1,1
2,"Como as diferentes tecnologias de fornecimento de energia, como No-Breaks com Processador Digital de Sinais, sistemas de Equalização Ativa de Baterias e soluções modulares trifásicas, se comparam em termos de confiabilidade, escalabilidade e suporte técnico, conforme descrito nos relatórios?","['No-Break Composition XI\nTrifásico Modular  25 kW  30 kW  50 kW\nOs No-Breaks Composition trifásico são modulares, on line de dupla conversão e possuem rack na largura padrão informática, integrando-se \nao seu data center.  Cada módulo possui a tecnologia hotswap, que permite a substituição sem a necessidade de  paralisar todo o sistema. \nPossuem também alta conﬁ  abilidade e são disponíveis em diversos modelos e capacidades, permitindo  sua expansão escalonada confor-\nme suas necessidades.\nCARACTERÍSTICAS PRINCIPAIS \n• Topologia Online de Dupla Conversão\n• Controle DSP - Processador Digital de Sinais\n• Retiﬁ  cador e Inversor a IGBT\n• Alto Fator de Potência de Entrada (Power Factor Correction)\n• Bypass estático, automático e manual*\n• Gerenciamento Avançado de Baterias\n• Fácil Manutenção - Módulos Hot Swap\n• Set de Baterias Conﬁ  gurável (conforme modelo e capacidades)\n• Design Modular Rack Padrão informática\n• Escalável e Modular\n• Ampla Faixa de Tensão Admissível de Entrada\n• Compatível com Grupo Gerador\n• Software de Gerenciamento Remoto RS232*\n• Slot Adaptador SNMP , Contato Seco e Modbus*\n• Paralelismo Redundante dos RacksDISPLAY LCD CENTRAL DE ATÉ 10,4’’  \nTOUCH SCREEN E DISPLAY\nINDIVIDUAL POR MÓDULO RACK NO-BREAK MODULAR COM BYPASS*', 'S I S T E M A PA R A L E L O M U LT I AT I V O ( E X C L U S I V O C M C O M A N D O S )\nA CM Comandos Lineares desenvolveu um sistema inovador e pioneiro no mundo de paralelismo entre No Breaks. O sistema Paralelo \nMulti Ativo permite a expansão do sistema, de acordo com sua demanda de consumo, podendo paralelar quantas unidades forem \nnecessárias para atender sua demanda, elevando a capacidade do sistema e a confiabilidade de sua aplicação.\nP O S S I B I L I D A D E D E S O M A T Ó R I A D E  P O T Ê N C I A S\nPermite a ligação para somatória de potência, utilizando dois ou mais No \nBreaks para atingir a demanda da carga total.\nQuando utilizado para somatória de potência, possibilita a ligação de \nNo Breaks com potências diferentes. Quando a ligação for feita com No \nBreaks de potências diferentes, a carga será distribuída \nproporcionalmente. Permite a ligação em paralelo redundante N + 1,  N + 2, N + 3 … N+X,  \npossibilitando o desligamento de uma ou mais unidades mantendo a \ncarga ativa.L I G A Ç Ã O E M P A R A L E L O R E D U N D A N T E\nA comunicação entre os No Breaks consiste no barramento de \ncomunicação comum, por onde transitam informações contendo \nnível de carga, sincronismo e a condição do by pass.C O M U N I C A Ç Ã O E N T R E O S N O B R E A K STodos os No Breaks são autônomos, operam de forma \nindependente no sistema e possuem controle individual.N Ã O E X I S T E N O B R E A K M E S T R E O U E S C R A V OPodem ser paraleladas quantas unidades forem necessárias, \npossibilitando expansão do sistema, de acordo com a demanda de \nconsumo.Q U A N T I D A D E I L I M I T A D A P A R A P A R A L E L I S M O\nM A N U T E N Ç Ã O D O N O B R E A K\nPermite a inserção ou retirada de um No Break no sistema, sem a \nnecessidade de parada.Rede Elétrica\nde Entrada\nSaídaNo Break 1\n Potência de \n30 kVANo Break 2\nPotência de \n10 kVANo Break 3\nPotência de \n20 kVA\nCarga fornecida pelo sistema = 150 kVANo Break 4\nPotência de \n30 kVANo Break 5\nPotência de \n20 kVANo Break 6\nPotência de \n40 kVA\nINTERFACES DE \nGERENCIAMENTO   \nREMOTO\nSão compostas por diversas ferramentas. O \nAdaptador SNMP NetMate permite\ngerenciar remotamente o No Break via a \nInternet através de um web browser,\nmonitorar o status e enviar alertas por e-mail. \nO software IP Power é uma ferramenta de \ngerenciamento  Windows Application e a \nversão Client é específica para  automatizar o \nshutdown de servidores, podendo desligar \nautomática e simultaneamente vários\ns e r v i d o r e s  e  e s t a ç õ e s .\nO Adaptador ArmModbus permite integrar \no  N o  B r e a k ,  v i a  u m a  p o r t a\nRS485, a Sistemas de Automação Predial.']","As tecnologias de fornecimento de energia, como No-Breaks com Processador Digital de Sinais, sistemas de Equalização Ativa de Baterias e soluções modulares trifásicas, apresentam características distintas em termos de confiabilidade, escalabilidade e suporte técnico.

Os No-Breaks com Processador Digital de Sinais oferecem alta confiabilidade devido ao controle avançado e à capacidade de gerenciar eficientemente a energia. A tecnologia hotswap permite a substituição de módulos sem interromper o sistema, aumentando a confiabilidade operacional.

As soluções modulares trifásicas são escaláveis, permitindo a expansão conforme a demanda. Isso é facilitado pela possibilidade de adicionar módulos adicionais, mantendo a operação contínua e a carga ativa, mesmo durante a manutenção.

Em relação ao suporte técnico, as interfaces de gerenciamento remoto, como o Adaptador SNMP e o software de gerenciamento, proporcionam monitoramento e controle eficazes, permitindo que os usuários gerenciem o sistema de forma proativa e recebam alertas em tempo real.

Assim, cada tecnologia tem suas vantagens específicas, com foco em confiabilidade, escalabilidade e suporte técnico, adaptando-se às necessidades dos usuários e das aplicações.","As diferentes tecnologias de fornecimento de energia, como No-Breaks com Processador Digital de Sinais, sistemas de Equalização Ativa de Baterias e soluções modulares trifásicas, se comparam em termos de confiabilidade, escalabilidade e suporte técnico, destacando a alta confiabilidade dos No-Breaks modulares, a escalabilidade das soluções e o suporte técnico de excelência oferecido pela CM Comandos.",0.9999999999,0.5,0.1999999996,0.29411764705882354,0.6258505145161614,0.4375,0.52,0.9128765625531807,0.2895377128953771,0.3657587548638132,0.0,0.0,1,1,1,1,1
3,"Como as diferentes abordagens de monitoramento e alertas em sistemas de No-Break, como a tecnologia DSP, a equalização ativa de baterias e a supervisão de falhas de isolação, se comparam em termos de confiabilidade e eficiência em ambientes críticos, conforme descrito nos relatórios?","['TECNOLOGIA  EQUALIZER\nEqualização A tiva Individual das Ba terias\n O módulo de bater ia ativ o regula individualmente a \ntensão de cada bater ia e as mantém homogêneas , \nelevando a sua durabilidade , capacidade e r esistência \ncontra cor rosão e sulfatação .\nEvita e pr otege c ontr a Ex cesso de C arga\nAtrav és da Equalização Ativa as bater ias são pr oteg idas \nindividualmente contra o ex cesso de car ga, pr evenindo -\nas contra exalação de gases , secagem do eletr ólito \ninter no e do aquecimento inter no em ex cesso .\nEvita e pr otege c ontr a Falta de C arga\nA Equalização Ativa individual das bater ias impede que \nas mesmas r ecebam menor tensão que dev eriam, \nevitando -se a sulfatação e a per da de capacidade .\nIndicador de P roblemas da Ba teria\nAtrav és da medição da Tensão , Impedância e \nTemperatura, o sistema monitora os pr oblemas típicos \ndas bater ias, tais como sulfatação , cor rosão , per da de \ngases , secagem do eletr ólito e aquecimento inter no.Elimina a Sulfa tação das Ba terias\nO pr oblema decor re dos car regador es e r etificador es de \nbater ias, que r egulam a tensão de flutuação ou \nequalização na tensão final das bater ias e não garantem \nque em algumas  bater ias elas r ecebam maior tensão e , \nem outras , menor tensão . Atrav és da Equalização Ativa, \nmantêm-se todas as bater ias com tensão equilibrada.\nProteção c ontr a contaminação de ba terias\nAtrav és da Equalização Ativa individual de cada bater ia, \nevitam-se danos de uma bater ia a outras bater ias \npróximas , o ef eito de contaminação , ou seja, uma bater ia \nruim danifica as boas .\nOtimização da capacidade das ba terias\nGraças à Equalização Ativa, o Equaliz er garante a plena \nrecar ga e a máxima otimização da bater ia.\nAler ta par a substituir ba terias\nAtrav és da análise da cur va de impedância, pode -se \nidentificar a tendência, já na fase inicial de instalação , se \nalguma bater ia está deter iorada ou simplesmente mais \nfraca do que as outras . Quanto antes ef etuar este \ndiag nóstico , melhor será para o r estante da vida útil das \ndemais bater ias.Alarmes de ba teria\nAtrav és do monitoramento dos parâmetr os-chav e das \nbater ias e medições de limites pr eestabelecidos , o \nsistema en via avisos de alar mes automaticamente aos \nadministrador es do sistema.\nManutenção à distância \nO Equaliz er melhora a qualidade do ser viço, fornecendo \nmonitoramento r emoto atrav és da I nternet, VPN ou \noutra r ede, para faz er download de dados em tempo \nreal e acesso ao histór ico da bater ia para análise . \nManutenção sem desligar o sistema\nOs testes de bater ia individuais são possív eis \nremotamente , sem o esf orço para desligar as bater ias. \nAs manutenções e as análises  de bater ia podem ser \nrealizadas em condições r eais de operação , sem a \nnecessidade de paradas no sistema.\nOtimiza a manutenção em campo\nA equipe de manutenção se desloca somente quando \nhá inter venções cor retivas e dir etas na bater ia que \napresentar def eito na ocor rência de alar mes ou na \nanálise de diag nóstico e , é clar o, reduz enor mes custos \noperacionais .', 'n  Rendimento: 95% \nBaterias\nn  Tensão de Linha:\n• 380/400/415V : ± 240 Vdc (40 baterias)   \n• 200/208/220V : ± 120 Vdc (20 baterias)   \nn  Sistema de Recarga: controlado, automático\nn  Tempo de Recarga:  8 a 10 horas para 90% da \ncarga\nn Tipo: seladas, isentas de manutenção\nBy-pass estático \nn  Acionamento: automático controlado pelo \nDSP\nn  Tempo de Transferência: 0 ms (nulo)\nn   Retransferência ao Modo Normal:  \nautomática\nBy-pass estático de Manutenção\nPermite manutenção do No-Break sem \ndesligar a carga\nn  Acionamento:  manual através de disjuntor\nn  Reposição ao modo normal: sem interrupção\nProteções Elétricas\nn  Sub e Sobre Tensão de Entrada e Saída \nn  Sub e Sobre Tensão DC e Bateria \nn  Sobrecarga e Curto-circuito\nn  Mínima descarga de bateria\nn  Sobre temperatura \nMedições\nn  True RMS \nn  Potência de saída em kVA\nn  Potência de saída em kW\nn  Fator de Potência de saídan  Tensão de Saída\nn  Frequência de Saída \nn  Tensão de Bateria\nn  Corrente de Bateria*\nn  Fator de Potência de Entrada*\nn  Tensão de Entrada\nn  Corrente de Entrada*\nn  Frequência de Entrada\nAlarmes\nControlados pelo processador DSP\nn Tipos de Alarmes:\n• Sonoros:\n       »  Falta de Rede - 1 toque a cada 4 segundos\n       »  Pré-alarme das Baterias: 1 toque por segundo\n       »  Falha Interna do No-Break: alarme contínuo\n• Mensagens de alerta:\n       »  Display de Cristal líquido\n       »  Display em LCD\n       »  Mensagem por e-mail, celular ou pop-up:\n       - Operação Normal\n       - Falha de Rede \n       - Pré-alarme de Baterias\n       - Bypass Estático ativo\n       - Bypass Manual ativo\n       - Sobrecarga de Saída\n       - Falha Interna\nLog de Eventos\nn  Registros Armazenados:\n    •    5 mil registros em memória interna\n    •    Indicação de data, hora e ocorrência \n    •    Medições  \n    •    Status de operação e alarmes do painel \nCaracterísticas de operação\nn Ruído Audível: 55 dBA a 60 dBA a 1 metro\nn MTBF (Mean Time Between Failures): 250 mil horas   \nn MTTR (Mean Time To Repair): 30 minutos\nn Temperatura ambiente:\n   • No-Break: 20ºC a 40ºC \n   • Baterias: 0ºC a 30ºC\n   • Recomendada: 20ºC a 25ºC\nn Umidade Relativa:\n  • 0% a 95% sem condensação\n  • Recomendada: 45% a 55%\nn Atitude: até 1.000m\nn Tipo de Ambiente Recomendado:\n  • Interno, instalação abrigada\n  • Atmosfera: limpa, livre de partículas condutivas, \ngases tóxicos, líquidos e inﬂ  amáveis.']","A tecnologia DSP em sistemas de No-Break oferece um controle preciso e automatizado, permitindo a medição de diversos parâmetros elétricos e a emissão de alarmes sonoros e mensagens de alerta em tempo real. Isso garante uma resposta rápida a falhas, aumentando a confiabilidade do sistema.

Por outro lado, a equalização ativa de baterias proporciona um monitoramento individualizado, regulando a tensão de cada bateria e prevenindo problemas como sulfatação e corrosão. Essa abordagem não apenas otimiza a capacidade das baterias, mas também permite a identificação precoce de falhas, contribuindo para a eficiência e durabilidade do sistema.

A supervisão de falhas de isolação, embora não detalhada nos relatórios, geralmente complementa essas tecnologias, garantindo que qualquer problema de segurança seja detectado rapidamente, o que é crucial em ambientes críticos.

Em resumo, a combinação dessas abordagens resulta em um sistema mais confiável e eficiente, capaz de operar de forma contínua e segura em condições exigentes.","As diferentes abordagens de monitoramento e alertas em sistemas de No-Break, como a tecnologia DSP, a equalização ativa de baterias e a supervisão de falhas de isolação, se comparam em termos de confiabilidade e eficiência em ambientes críticos, destacando a alta confiabilidade dos No-Breaks com tecnologia DSP e a importância da equalização ativa para maximizar a vida útil das baterias.",0.49999999995,0.0,0.12499999984374999,0.3125,0.6849504036182683,0.5625,0.27,0.8671811329004917,0.25193798449612403,0.23045267489711932,0.0,0.0,1,1,1,1,1
4,Como as caracteristicas fisicas e mecanicas dos No-Breaks se comparam entre fabricantes?,"['OSD  L NI A NM EA OR C EM SCISO\n90012015\nA EMPRESACom mais de 38 anos de atuação, a CM Comandos é hoje \numa das maiores fabricantes de No-Breaks da América Latina. \nAlém disso, é líder absoluta em soluções para o mercado corporativo. \nCertificada pela norma ISO-9001:2015 a CM Comandos ressalta o seu compromisso \ncom a preservação do meio ambiente, a excelência dos seus produtos e a total \nsatisfação dos seus clientes.\nAPLICAÇÕES Os No -Breaks da CM C omandos Linear es são indicados para \naplicações de missão cr ítica, nas mais var iadas cor porações ,  \noferecendo por teção contra distúr bios de ener gia elétr ica, tais como cor tes, micr o cor tes, \nruídos , dist orção har mônica, picos , transient es, sub e sobr e tensão e var iações de fr equência.\nSUPORTE\nTÉCNICOAo escolher a mar ca CM C omandos Linear es, você conta com o \nmelhor  supor te técnico de pr é e pós- venda da empr esa que se \nconsolidou ao longo dest es 38 anos como líder de mer cado .\nInstrumentação de ponta, pr ofissionais altament e qualificados , com cober tura \nnacional e disponibilidade de at endiment o 24 horas , sete dias da semana, call \ncent er e pr ocessos cer tificados ,  asseguram a ex celência dos nossos ser viços de \nsupor te.BENEFÍCIOSOs equipament os da CM C omandos operam com maior pr ecisão , \nagregam maior númer o de funções e são os mais segur os. \nCarac terísticas que geram alta confiabilidade e pr odutividade nas mais var iadas aplicações , \nminimizam falhas e , consequent ement e, cust os de manut enção . Em r esumo ,                               \nser um client e da CM C omandos sig nifica t er o r etorno do capital in vestido e garantias            \nque só uma empr esa com amplo supor te técnico pode of erecer .Inovação, qualidade, tecnologia\ne confiabilidade. Marcas das\nsoluções CM Comandos Lineares\nOSD  L NI A NM EA OR C EM SCISO\n90012015', 'S I S T E M A PA R A L E L O M U LT I AT I V O ( E X C L U S I V O C M C O M A N D O S )\nA CM Comandos Lineares desenvolveu um sistema inovador e pioneiro no mundo de paralelismo entre No Breaks. O sistema Paralelo \nMulti Ativo permite a expansão do sistema, de acordo com sua demanda de consumo, podendo paralelar quantas unidades forem \nnecessárias para atender sua demanda, elevando a capacidade do sistema e a confiabilidade de sua aplicação.\nP O S S I B I L I D A D E D E S O M A T Ó R I A D E  P O T Ê N C I A S\nPermite a ligação para somatória de potência, utilizando dois ou mais No \nBreaks para atingir a demanda da carga total.\nQuando utilizado para somatória de potência, possibilita a ligação de \nNo Breaks com potências diferentes. Quando a ligação for feita com No \nBreaks de potências diferentes, a carga será distribuída \nproporcionalmente. Permite a ligação em paralelo redundante N + 1,  N + 2, N + 3 … N+X,  \npossibilitando o desligamento de uma ou mais unidades mantendo a \ncarga ativa.L I G A Ç Ã O E M P A R A L E L O R E D U N D A N T E\nA comunicação entre os No Breaks consiste no barramento de \ncomunicação comum, por onde transitam informações contendo \nnível de carga, sincronismo e a condição do by pass.C O M U N I C A Ç Ã O E N T R E O S N O B R E A K STodos os No Breaks são autônomos, operam de forma \nindependente no sistema e possuem controle individual.N Ã O E X I S T E N O B R E A K M E S T R E O U E S C R A V OPodem ser paraleladas quantas unidades forem necessárias, \npossibilitando expansão do sistema, de acordo com a demanda de \nconsumo.Q U A N T I D A D E I L I M I T A D A P A R A P A R A L E L I S M O\nM A N U T E N Ç Ã O D O N O B R E A K\nPermite a inserção ou retirada de um No Break no sistema, sem a \nnecessidade de parada.Rede Elétrica\nde Entrada\nSaídaNo Break 1\n Potência de \n30 kVANo Break 2\nPotência de \n10 kVANo Break 3\nPotência de \n20 kVA\nCarga fornecida pelo sistema = 150 kVANo Break 4\nPotência de \n30 kVANo Break 5\nPotência de \n20 kVANo Break 6\nPotência de \n40 kVA\nINTERFACES DE \nGERENCIAMENTO   \nREMOTO\nSão compostas por diversas ferramentas. O \nAdaptador SNMP NetMate permite\ngerenciar remotamente o No Break via a \nInternet através de um web browser,\nmonitorar o status e enviar alertas por e-mail. \nO software IP Power é uma ferramenta de \ngerenciamento  Windows Application e a \nversão Client é específica para  automatizar o \nshutdown de servidores, podendo desligar \nautomática e simultaneamente vários\ns e r v i d o r e s  e  e s t a ç õ e s .\nO Adaptador ArmModbus permite integrar \no  N o  B r e a k ,  v i a  u m a  p o r t a\nRS485, a Sistemas de Automação Predial.']","Não há informações específicas sobre as características físicas e mecânicas dos No-Breaks em comparação entre diferentes fabricantes. O foco está nas soluções e benefícios oferecidos pela CM Comandos, como a confiabilidade, a precisão e a capacidade de operar em diversas aplicações críticas. Para uma comparação detalhada, seria necessário consultar as especificações de produtos de outros fabricantes.","As características físicas e mecânicas dos No-Breaks variam entre fabricantes, com a CM Comandos se destacando pela inovação, qualidade e confiabilidade de seus produtos, que incluem tecnologia de Processamento Digital de Sinais (DSP) e sistemas modulares.",0.99999999995,0.5,0.3999999992,0.6,0.0,0.4,0.4,0.8638122490703583,0.3796526054590571,0.3539823008849558,0.0,0.0,1,1,1,0,0
5,Como as tecnologias de No-Breaks e baterias se comparam em confiabilidade?,"['Equaliz erActive Batt ery Mangement\nBENEFÍCIOS\nEstende a vida útil das baterias\nO sistema de Equalização Ativa mantém as baterias em condições \nideais, maximizando a sua vida útil. Reduz a necessidade de troca das \nbaterias e reduz o custo.\nRedução de Custo de Propriedade\nProlonga a vida útil das baterias, reduz o período de trocas e \nautomatiza a manutenção, reduzindo enormes custos com \nintervenções manuais.\nEcológico e Sustentável\nNa era da sustentabilidade, reduzir o consumo de baterias significa \nusar menos recursos e gerar menos descartes no meio ambiente.Análise da Vida Útil da Bateria\nAnalisa a curva de carga e descarga de um banco de baterias e \nacompanhe a evolução da vida útil, algo que é impraticável fazer \nmanualmente.Minimiza o Downtime por falha da bateria\nO prejuízo decorrente de uma queda do sistema por falha de bateria \ngera um valor incalculável para a sua operação.CARACTERÍSTICAS  \nPRINCIPAIS\nEqualização Ativa Individual do Banco de Baterias\nEleva a vida útil e a confiabilidade das baterias. \nPermite que as baterias atinjam a máxima vida útil de operação.\nAutomatização da Manutenção das Baterias\nO sistema mantém as baterias em condições ideais automaticamente. \nA análise e o diagnóstico são realizados à distância, individualmente e \nsem precisar desligar o sistema.\nMonitoramento em Tempo Real das Baterias\nMonitora a condição das baterias em tempo real à distância,  de \nforma eficiente e reduzindo o elevado custo com intervenções \nmanuais.Medição da Impedância da Bateria\nA Impedância interna é o parâmetro real da condição da bateria. \nAlém disso, mede a tensão e temperatura individual de cada bateria e \ngrava na memória.Previne contra quedas do sistema por defeito nas baterias\nO sistema monitora constantemente as baterias individualmente e \nenvia alarmes antes de ocorrer um problema.\nCONFIGURAÇÃO DO BANCO DE BATERIAS\nAPLICAÇÕES\nn   \nn   \n Banc os de Ba terias:\n• Sist emas No -Breaks\n• Retificador es de Telecomunicações\n• Ener gia Solar e Eólica\n• Compatív el com t odas as mar cas \nde equipament os, independent e \ndo fabr icant e.\nTipos :\n• Seladas Reguladas por Válvula VRLA\n• Estacionár ias\n• 12VDC e 2VDC', 'n  Rendimento: 95% \nBaterias\nn  Tensão de Linha:\n• 380/400/415V : ± 240 Vdc (40 baterias)   \n• 200/208/220V : ± 120 Vdc (20 baterias)   \nn  Sistema de Recarga: controlado, automático\nn  Tempo de Recarga:  8 a 10 horas para 90% da \ncarga\nn Tipo: seladas, isentas de manutenção\nBy-pass estático \nn  Acionamento: automático controlado pelo \nDSP\nn  Tempo de Transferência: 0 ms (nulo)\nn   Retransferência ao Modo Normal:  \nautomática\nBy-pass estático de Manutenção\nPermite manutenção do No-Break sem \ndesligar a carga\nn  Acionamento:  manual através de disjuntor\nn  Reposição ao modo normal: sem interrupção\nProteções Elétricas\nn  Sub e Sobre Tensão de Entrada e Saída \nn  Sub e Sobre Tensão DC e Bateria \nn  Sobrecarga e Curto-circuito\nn  Mínima descarga de bateria\nn  Sobre temperatura \nMedições\nn  True RMS \nn  Potência de saída em kVA\nn  Potência de saída em kW\nn  Fator de Potência de saídan  Tensão de Saída\nn  Frequência de Saída \nn  Tensão de Bateria\nn  Corrente de Bateria*\nn  Fator de Potência de Entrada*\nn  Tensão de Entrada\nn  Corrente de Entrada*\nn  Frequência de Entrada\nAlarmes\nControlados pelo processador DSP\nn Tipos de Alarmes:\n• Sonoros:\n       »  Falta de Rede - 1 toque a cada 4 segundos\n       »  Pré-alarme das Baterias: 1 toque por segundo\n       »  Falha Interna do No-Break: alarme contínuo\n• Mensagens de alerta:\n       »  Display de Cristal líquido\n       »  Display em LCD\n       »  Mensagem por e-mail, celular ou pop-up:\n       - Operação Normal\n       - Falha de Rede \n       - Pré-alarme de Baterias\n       - Bypass Estático ativo\n       - Bypass Manual ativo\n       - Sobrecarga de Saída\n       - Falha Interna\nLog de Eventos\nn  Registros Armazenados:\n    •    5 mil registros em memória interna\n    •    Indicação de data, hora e ocorrência \n    •    Medições  \n    •    Status de operação e alarmes do painel \nCaracterísticas de operação\nn Ruído Audível: 55 dBA a 60 dBA a 1 metro\nn MTBF (Mean Time Between Failures): 250 mil horas   \nn MTTR (Mean Time To Repair): 30 minutos\nn Temperatura ambiente:\n   • No-Break: 20ºC a 40ºC \n   • Baterias: 0ºC a 30ºC\n   • Recomendada: 20ºC a 25ºC\nn Umidade Relativa:\n  • 0% a 95% sem condensação\n  • Recomendada: 45% a 55%\nn Atitude: até 1.000m\nn Tipo de Ambiente Recomendado:\n  • Interno, instalação abrigada\n  • Atmosfera: limpa, livre de partículas condutivas, \ngases tóxicos, líquidos e inﬂ  amáveis.']","As tecnologias de No-Breaks e baterias se destacam em confiabilidade por meio de características específicas. Os No-Breaks, com acionamento automático e tempo de transferência nulo, garantem continuidade na operação sem interrupções. Além disso, possuem proteções elétricas contra sub e sobrecargas, curto-circuitos e temperaturas extremas, aumentando a segurança do sistema.

Por outro lado, as baterias, especialmente com sistemas de equalização ativa, são monitoradas em tempo real, permitindo a análise da condição individual de cada bateria. Isso previne falhas e minimiza o downtime, contribuindo para a confiabilidade geral do sistema. A combinação dessas tecnologias resulta em um desempenho robusto e eficiente, assegurando a operação contínua e segura dos equipamentos.","As tecnologias de No-Breaks são projetadas para alta confiabilidade, com características como modularidade, tecnologia hotswap e gerenciamento avançado de baterias, enquanto as baterias são otimizadas para maximizar sua vida útil e reduzir custos de manutenção.",0.9999999999,0.5,0.0,0.6470588235294118,0.838296547279303,0.7647058823529411,0.1,0.8366685586280986,0.2541720154043645,0.20238095238095238,0.0,0.0,1,1,1,1,1
6,comparação tecnologias No-Break confiabilidade eficiência ambientes críticos,"['TECNOLOGIA  ON  LINE  COM  BYPASS\nESTÁTICO  DE  MANUTENÇÃO\nCARACTERÍSTICAS  PRINCIPAIS\nTecnologia Avançada \nDSP  (Digital Signal Processor)\nMedições em True RMS com Precisão de \nMultímetros\nBypass Estático de Manutenção\nSoftware de Gerenciamento Remoto Real-Time \nSistema Paralelo Multi Ativo (Exclusivo CM)Permite funções avançadas e exclusivas em \ntempo real.\nPermite que sejam rastreados para análise.\nSão ideais para a medição de cargas não lineares.\nAdicionam proteção e elevam a confiabilidade da \ncarga sensível.\nVia TCP/IP,  com proteção de senhas para acesso \nremoto, shutdown.\nPodem ser paraleladas quantas unidades forem \nnecessárias, possibilitando expansão do sistema, \nde acordo com a demanda de consumo.Memória Interna para Registro de EventosDisplay TFT 4,3"" Touch Screen\n(Item de Série)\nPossibilidade de Upgrade do Firmware do \nDSP \nAcionamentos Monitorados pelo  DSP\nControle Inteligente da Velocidade dos \nCoolersModerna tela com comandos por toque, que \npermite acesso ao No-Break pela internet.\nGarante a utilização e preservação do \ninvestimento.\nAs manobras são registradas e gravadas no \nlog de eventos.\nProlongam a vida útil dos equipamentos \ne reduzem os intervalos de manutenção. Saída Rede Elétric a\nde En trada\nCorrente Alt ernada de Entrada\nCorrente ContínuaCorrente Alternada de Saída\nCorrente Alternada B ypass Estático  Corr ente Alternada B ypass Estático \nde Manutenção Bypass Estático de Manutenção\nPermite a transf erência e o r etorno da car ga do No -Break \npara um cir cuito alter nativ o de f ornecimento de ener gia, \npara atividades de manutenção . Em quaisquer situações , \no fornecimento de ener gia é contínuo , sem \ninter rupções .\nRetificador\nConverte a ener gia da \nrede elétr ica da \nconcessionár ia ou do \ngrupo gerador em \ncorrente contínua, \ncorrigindo ou \neliminando distúr bios   \nda entrada do sistema.Inversor\nConverte a cor rente contínua do \nretificador ou das bater ias em cor rente \nalter nada de saída, com f orma de onda \nBanco de Baterias\nArmaz ena ener gia reser va para alimentar o No -Break \ndurante um per íodo pr edeter minado , denominado Bypass Estático\nSistema de pr oteção \nque, em caso de \nproblemas , transf ere \nautomaticamente a \ncarga para um \ncircuito alter nativ o, \nsem inter rupção no \nfornecimento de \nener gia. Rede Pr esente\nFalha de R ede\nBypass Estátic o\nBypass Estátic o de\n Manutenç ãoNo-Break C onception M ulti A tivo\nTrifásico\nINTERFACES DE \nGERENCIAMENTO   \nREMOTO\nSão compostas por div ersas \nferramentas . O A daptador SNMP \nNetM ate per mite ger enciar \nremotament e o No -Break via a I nternet \natravés de um w eb br owser , monit orar \no status e en viar aler tas por e -mail . \nO sof tware IP P ower é uma f erramenta \nde ger enciament o  Windows \nApplication e a v ersão Client é \nespecífica para  aut omatizar o \nshut down de ser vidor es, podendo \ndesligar aut omática e simultaneament e \nvários ser vidor es e estações . \nO Adaptador Ar mModbus per mite \nintegrar o No -Break, via uma por ta \nRS485, a Sist emas de A utomação \nPredial .DISPLAY TFT 4,3 ‘’ \nTOUCH SCREEN\nCOMANDO POR TOQUE', 'SISTEMA PARALELO MULTI ATIVO (EXCLUSIVO CM COMANDOS)\nA CM Comandos Lineares desenvolveu um sistema inovador e pioneiro no mundo de paralelismo entre no-breaks. O sistema \nParalelo Multi Ativo permite a expansão do sistema, de acordo com sua demanda de consumo, podendo paralelar quantas \nunidades forem necessárias para atender sua demanda, elevando a capacidade do sistema e a confiabilidade de sua aplicação.\nPOSSIBILIDADE DE SOMATÓRIA DE  POTÊNCIAS\nPermite a ligação para somatória de potência, utilizando dois ou mais \nNo-Breaks para atingir a demanda da carga total.\nQuando utilizado para somatória de potência, possibilita a ligação de \nNo-Breaks com potências diferentes. Quando a ligação for feita com \nNo-Breaks de potências diferentes, a carga será distribuída \nproporcionalmente. Permite a ligação em paralelo redundante N + 1,  N + 2, N + 3 … N+X,  \npossibilitando o desligamento de uma ou mais unidades, mantendo a \ncarga ativa.\nA comunicação entre os No-Breaks consiste no barramento de \ncomunicação comum, por onde transitam informações \ncontendo nível de carga, sincronismo e a condição do by pass.COMUNICAÇÃO ENTRE OS NO-BREAKSTodos os No-Breaks são autônomos, operam de forma \nindependente no sistema e possuem controle individual.NÃO EXISTE NO-BREAK MESTRE OU ESCRAVOPodem ser paraleladas quantas unidades forem necessárias, \npossibilitando expansão do sistema, de acordo com a demanda \nde consumo.QUANTIDADE ILIMITADA PARA PARALELISMO\nPARALELISMO DO BANCO DE BATERIAS\nPermite paralelismo dos bancos de baterias (quando forem de \nmesma tensão nominal).MANUTENÇÃO DO NO-BREAK\nPermite a inserção ou retirada de um No-Break no sistema, sem a \nnecessidade de parada.INTERFACES  DE  SHUTDOWN  E GERENCIAMENTO  REMOTO\nRede Elétric a\nde Entr ada\nSaídaNo-break 1\n Potência \nde 60 kV ANo-break 2\nPotência de \n100 kV ANo-break 3\nPotência de \n20 kV A\nCarga fornecida pelo sistema = 410 kV ANo-break 4\nPotência de \n30 kV ANo-break 5\nPotência de \n80 kV ANo-break 6\nPotência de \n120 kV ARede L ocal Ether netA   Inter face de Ger enciamento \n     \nC  Inter face Shutdown \n     Client \n     LANB  Inter face Shutdown \n     D   Inter face de Ger enciamento Remoto \n  \nE  Adaptador SNMP\n     \nF  Client Shutdown\nG Estação Remota\n    Sof tware com \n    conexão à I nter netMultisser vidor es\nMultiplataf ormas\nMulti-S.O .Porta M icroprocessada DB9\nPorta Contato Seco DB9\nRede Ethernet RJ45']","A tecnologia de No-Break com Bypass Estático de Manutenção oferece alta confiabilidade e eficiência, especialmente em ambientes críticos. Com recursos como medições em True RMS e um sistema de proteção que garante a transferência automática da carga para um circuito alternativo, o fornecimento de energia permanece contínuo, mesmo durante manutenções. 

Além disso, a possibilidade de paralelismo entre múltiplas unidades permite a expansão do sistema conforme a demanda, aumentando a capacidade e a confiabilidade. O sistema também é projetado para lidar com cargas não lineares, o que é crucial em ambientes onde a qualidade da energia é essencial. 

A interface de gerenciamento remoto e a memória interna para registro de eventos contribuem para um monitoramento eficaz, permitindo que as manobras sejam registradas e analisadas, o que é vital para a manutenção e operação em ambientes críticos.","Os No-Breaks Composition trifásico oferecem alta confiabilidade e eficiência, sendo projetados para ambientes críticos como data centers e hospitais, com características como tecnologia hotswap, controle DSP e gerenciamento avançado de baterias.",0.9999999999,0.5,0.0,0.0,0.5894102733792106,0.8125,0.0,0.761371720004436,0.2055555555555556,0.15957446808510636,0.0,0.0,1,1,1,1,1
7,"Como as abordagens de isolamento e aterramento em sistemas de No-Breaks, como os modelos Transformerless e Multi Ativo Trifásico, se comparam em termos de segurança e confiabilidade, conforme descrito nos relatórios sobre tecnologia DSP e supervisão de falhas de isolação?","['DominionSP1\nCARACTERÍSTIC AS  PRINCIP AIS\nTecnologia A vançada DSP  (Digital Signal P rocessor)\nMemória Int erna par a Registr o de E ventos\nMedições em True RMS c om P recisão de Multímetr os\nCorreção do F ator de P otência de E ntr ada0.99*\nAcionament os Monit orados pelo P rocessador DSPPermite funções a vançadas e ex clusivas em t empo r eal.\nPermite que sejam rastr eados para análise .\nSão ideais para a medição de car gas não linear es.\nAtua como filtr o para as car gas não -linear es.\nAs manobras são r egistradas e g ravadas no log de ev entos.TECNOL OGIA  ON-LINE  C OM  BYP ASS  ESTÁTIC O  DE  MANUTENÇÃO\nCorr ente Alternada de Entrada\nCorr ente ContínuaCorr ente Alternada de Saída\nCorr ente Alternada B ypass Estático  Corr ente Alternada B ypass Manual de Manutenção  Saída Rede Elétric a\nde Entr adaRede P resente\nFalha de Rede\nBypass Estátic o\nBypass Manual de\n ManutençãoBypass Manual de Manutenção\nNeste modo de operação , a car ga é alimentada dir etamente pelo cir cuito \nalter nativ o de B ypass que possibilita o desligamento completo do \nequipamento , podendo assim, r ealizar uma manutenção com substituições de \npeças e placas sem a necessidade de desligamento . Com o auxílio da chav e \nestática, após a manutenção , é possív el transf erir novamente o No -Break para \no modo nor mal mantendo a car ga sempr e alimentada.\nRetificador\nConverte a ener gia da r ede elétr ica \nda concessionár ia ou do g rupo \ngerador em cor rente contínua, \ncorrigindo ou eliminando \ndistúr bios da entrada do sistema.\nBanco de Baterias\nArmaz ena ener gia reser va para alimentar o No -Break durante \num per íodo pr é-deter minado , denominado como tempo de \nautonomia do No -Break.Inversor\nConverte a cor rente contínua do r etificador ou das \nbater ias em cor rente alter nada de saída, com f orma de \nonda senoidal pura, livr e de distúr bios .Transf ormador Isolador\nIsola a tensão de saída, garantindo assim uma \nmelhor qualidade de ener gia, filtrando possív eis \nruídos ex ternos mesmo operando em modo B ypass . Bypass Estático\nSistema de pr oteção que , \nem caso de falha, transf ere \nautomaticamente a car ga \npara a linha de B ypass \nsem inter rupções na saída \ne opera em sincr onismo \nde fase . \nPossibilidade de Upgr ade do F irmwar e do DSP\nAjust es da Tensão por Sof twar e\nBypass Estátic o e Bypass M anual de M anut enção\nGerenciament o Remot o Real-Time Via Int ernet*\nCompatív el com Todos os Grupos G erador esGarant e a atualização e pr eser vação do in vestiment o.\nAsseguram elevada pr ecisão e confiabilidade .\nAdicionam pr oteção e elevam a confiabilidade da car ga sensív el.\nVia TCP/IP e fir ewalls com pr oteção de senhas para acesso r emot o.\nPrecisão e t otal pr oteção para operação com g rupos gerador es.', 'Alta Tecnologia em\nProcessamento Digital\nde Sinais - DSP\nO S M A I S M O D E R N O S\nN O B R E A K S C O R P O R AT I V O SVivemos em um mundo cada vez mais ágil e prático. Um mundo conectado por processadores, chips, softwares e \nperiféricos. Mas isso ainda não é o bastante. Por isso, o mundo caminha para tecnologias de processamento imediato \nde dados. A CM Comandos Lineares está um passo à frente e oferece aos seus clientes produtos dotados de uma \ntecnologia revolucionária, denominada Processamento Digital de Sinais -- DSP .\nToda a linha de No Breaks Innovation S1 Trifásico  \nTransformerless conta com a tecnologia DS P.   \nCaracterística que proporciona alta performance e \nconfiabilidade, tornando-os ideais para aplicações de missão crítica. Ou seja, protegem as aplicações nas quais a \ncontinuidade da operação é de fundamental importância.\ndos equipamentos pode ser atualizado, \nacrescentando novas funções em \nunidades já instaladas. Hoje, esta tecnologia está presente nos mais sofisticados sistemas eletrônicos, devido à sua alta velocidade e \nconfiabilidade. Processadores Digitais de Sinais são capazes de processar dez milhões de amostragens por segundo. \nIsso significa processamento em tempo real -- o sinal é processado no mesmo instante em que é recebido, sem \nretardos ou atrasos.\nProjetados com o uso intenso dos recursos da tecnologia DSP ,  os No Breaks Innovation Trifásico Transformerless  \nagregam novos  e avançados recursos, que estabelecem um novo conceito em desenvolvimento, no qual o firmware \nAo pensar em adquirir No Breaks,     \nconte com as soluções da\nCM Comandos, que asseguram \ntecnologia de ponta, máxima proteção, \nprecisão digital e processamento        \nem tempo real.']","As abordagens de isolamento e aterramento em sistemas de No-Breaks, como os modelos Transformerless e Multi Ativo Trifásico, são projetadas para garantir segurança e confiabilidade. O modelo Transformerless utiliza tecnologia DSP, que proporciona alta performance e confiabilidade, ideal para aplicações críticas. Essa tecnologia permite um processamento em tempo real, o que contribui para a supervisão eficaz de falhas de isolação.

Por outro lado, os sistemas Multi Ativo Trifásico também focam na proteção e confiabilidade, utilizando métodos de isolamento que garantem a qualidade da energia e a segurança dos equipamentos conectados. Ambos os modelos asseguram que a continuidade da operação não seja comprometida, mesmo em situações de falha, através de sistemas de bypass que transferem automaticamente a carga sem interrupções.

Em resumo, tanto os modelos Transformerless quanto os Multi Ativo Trifásico oferecem abordagens robustas de isolamento e aterramento, com ênfase na segurança e confiabilidade, suportadas por tecnologias avançadas de monitoramento e processamento digital.","As abordagens de isolamento e aterramento em sistemas de No-Breaks, como os modelos Transformerless e Multi Ativo Trifásico, se comparam em termos de segurança e confiabilidade, destacando a inovação do modelo S1 e suas características de comando linear e operação trifásica, além da supervisão de falhas de isolação que aumenta a segurança ao evitar interrupções no fornecimento de energia elétrica.",0.99999999995,0.0,0.14285714265306124,0.2,0.7582849823593402,0.36,0.29,0.9064694988945614,0.3003663003663004,0.3414634146341463,0.0,0.0,1,1,1,1,1
8,"Como as diferent abordagens de interface do usuario em sistemas de No-Break, como uso de Processadores de Sinal Digital, tecnologia hotswap e gerenciamento remoto, se comparam em termos de confiabilidade e eficiencia em ambientes criticos, conforme descrito nos relatorios?","['Alta Tecnolog ia em\nProcessament o Dig ital\nde Sinais - DSP\nOS MAIS MODERNOS\nNO-BREAKS CORPORATIVOSVivemos em um mundo cada v ez mais ág il e prático . Um mundo conec tado por pr ocessador es, chips , softwares e \nperiféricos. Mas isso ainda não é o bastant e. Por isso , o mundo caminha para t ecnolog ias de pr ocessament o imediat o \nde dados . A CM C omandos Linear es está um passo à fr ente e of erece aos seus client es pr odut os dotados de uma \ntecnolog ia revolucionár ia, denominada P rocessament o Dig ital de Sinais - - DSP .\nToda a linha de No -Breaks  \nconta com a t ecnolog ia DSP .  Carac terística que \npropor ciona alta per formance e confiabilidade , Conception Multi Ativ o \npara aplicações de missão cr ítica. Ou seja, pr otegem as aplicações nas quais a continuidade da operação é de \nfundamental impor tância.\nequipament os pode ser atualizado , \nacrescentando novas funções em \nunidades já instaladas . Hoje , esta t ecnolog ia está pr esent e nos mais sofisticados sist emas eletr ônicos , devido à sua alta v elocidade e \nconfiabilidade . Processador es Dig itais de Sinais são capaz es de pr ocessar dez milhões de amostragens por segundo . \nIsso sig nifica pr ocessament o em t empo r eal -- o sinal é pr ocessado no mesmo instant e em que é r ecebido , sem \nretardos ou atrasos .\nProjetados com o uso int enso dos r ecursos da t ecnolog ia DSP ,  os No -Breaks C onception Multi Ativ o  ag regam nov os  \ne avançados r ecursos , que estabelecem um nov o conceit o em desen volviment o, no qual o fir mware dos \nAdquir indo No -Breaks , cont e com as \nsoluções da CM C omandos , que \nasseguram t ecnolog ia de ponta, \nmáxima pr oteção , precisão dig ital e \nprocessament o em t empo r eal.  Modelo 300kV A', 'Alta Tecnologia em\nProcessamento Digital de Sinais - DSP\nHoje esta tecnologia está presente nos mais soﬁ  sticados sistemas eletrônicos devido a sua alta velocidade e conﬁ  abil-\ndade. Processadores Digitais de Sinais são capazes de processar dez milhões de amostragens por segundo. Isso signiﬁ  -\nca processamento em tempo real - o sinal é processado no mesmo instante em que é recebido, sem retardos ou atrasos.Vivemos  em um mundo cada vez mais ágil e prático. Um mundo conectado por processadores, chips, softwares e periféricos.  Mas \nainda não é o bastante, por isso, o mundo caminha para tecnologias de processamento imediato de dados. A CM Comandos está \num passo à frente e oferece aos seus clientes produtos dotados de uma tecnologia revolucionária, denominada Processamento \nDigital de Sinais - DSP .\nToda linha de No-Breaks Composition conta com a tecno-\nlogia DSP . Característica que proporciona alta performa-\nce e conﬁ  abilidade, tornando-os ideais para aplicações de \nmissão crítica. Ou seja, protegem as aplicações nas quais a  \ncontinuidade da operação é de fundamental importância. \nProjetados com o uso intenso dos recursos da tecnologia\nDSP , os No-Breaks Composition agregam novos e avançados \nrecursos que estabelecem um novo conceito em desenvolvi-\nmento, no qual o ﬁ  rmware dos equipamentos pode ser atuali-\nzado acrescentando novas funções em  unidades já instaladas.\nAo pensar em adquirir No-Breaks, conte com as soluções da \nCM Comandos, que asseguram tecnologia de ponta, máxima \nproteção, precisão digital e processamento em tempo real.OS MAIS MODERNOS NO-BREAKS CORPORATIVOS']","As abordagens de interface do usuário em sistemas de No-Break, como o uso de Processadores de Sinal Digital (DSP), são projetadas para oferecer alta confiabilidade e eficiência em ambientes críticos. A tecnologia DSP permite o processamento em tempo real, garantindo que os sinais sejam processados instantaneamente, sem atrasos, o que é crucial para aplicações onde a continuidade da operação é fundamental.

Além disso, a possibilidade de atualização do firmware em unidades já instaladas, característica dos sistemas, contribui para a confiabilidade, pois permite a adição de novas funções sem a necessidade de substituir o equipamento. Isso assegura que os sistemas permaneçam atualizados e eficientes ao longo do tempo.

Embora a tecnologia hotswap e o gerenciamento remoto não sejam especificamente mencionados, a integração de recursos avançados e a capacidade de adaptação dos sistemas de No-Break indicam um foco em maximizar a eficiência e a confiabilidade, especialmente em situações críticas onde a proteção e a continuidade são essenciais.","As diferentes abordagens de interface do usuário em sistemas de No-Break, como o uso de Processadores de Sinal Digital, tecnologia hotswap e gerenciamento remoto, se comparam em termos de confiabilidade e eficiência em ambientes críticos, destacando a alta confiabilidade e a capacidade de manutenção sem interrupção do sistema.",0.99999999995,0.0,0.1111111109876543,0.0,0.6989663617873519,0.625,0.25,0.8805655561650657,0.2538022813688213,0.31304347826086953,0.0,0.0,0,1,1,1,1
9,"Como as diferentes abordagens de eficiência energética, como sistemas Transformerless, Digital Signal Processor e No-Breaks modulares, se comparam em termos de confiabilidade e desempenho em ambientes críticos, conforme descrito nos relatórios?","['Alta Tecnologia em\nProcessamento Digital\nde Sinais - DSP\nO S M A I S M O D E R N O S\nN O B R E A K S C O R P O R AT I V O SVivemos em um mundo cada vez mais ágil e prático. Um mundo conectado por processadores, chips, softwares e \nperiféricos. Mas isso ainda não é o bastante. Por isso, o mundo caminha para tecnologias de processamento imediato \nde dados. A CM Comandos Lineares está um passo à frente e oferece aos seus clientes produtos dotados de uma \ntecnologia revolucionária, denominada Processamento Digital de Sinais -- DSP .\nToda a linha de No Breaks Innovation S1 Trifásico  \nTransformerless conta com a tecnologia DS P.   \nCaracterística que proporciona alta performance e \nconfiabilidade, tornando-os ideais para aplicações de missão crítica. Ou seja, protegem as aplicações nas quais a \ncontinuidade da operação é de fundamental importância.\ndos equipamentos pode ser atualizado, \nacrescentando novas funções em \nunidades já instaladas. Hoje, esta tecnologia está presente nos mais sofisticados sistemas eletrônicos, devido à sua alta velocidade e \nconfiabilidade. Processadores Digitais de Sinais são capazes de processar dez milhões de amostragens por segundo. \nIsso significa processamento em tempo real -- o sinal é processado no mesmo instante em que é recebido, sem \nretardos ou atrasos.\nProjetados com o uso intenso dos recursos da tecnologia DSP ,  os No Breaks Innovation Trifásico Transformerless  \nagregam novos  e avançados recursos, que estabelecem um novo conceito em desenvolvimento, no qual o firmware \nAo pensar em adquirir No Breaks,     \nconte com as soluções da\nCM Comandos, que asseguram \ntecnologia de ponta, máxima proteção, \nprecisão digital e processamento        \nem tempo real.', 'Alta Tecnolog ia em\nProcessament o Dig ital\nde Sinais - DSP\nOS MAIS MODERNOS\nNO-BREAKS CORPORATIVOSVivemos em um mundo cada v ez mais ág il e prático . Um mundo conec tado por pr ocessador es, chips , softwares e \nperiféricos. Mas isso ainda não é o bastant e. Por isso , o mundo caminha para t ecnolog ias de pr ocessament o imediat o \nde dados . A CM C omandos Linear es está um passo à fr ente e of erece aos seus client es pr odut os dotados de uma \ntecnolog ia revolucionár ia, denominada P rocessament o Dig ital de Sinais - - DSP .\nToda a linha de No -Breaks  \nconta com a t ecnolog ia DSP .  Carac terística que \npropor ciona alta per formance e confiabilidade , Conception Multi Ativ o \npara aplicações de missão cr ítica. Ou seja, pr otegem as aplicações nas quais a continuidade da operação é de \nfundamental impor tância.\nequipament os pode ser atualizado , \nacrescentando novas funções em \nunidades já instaladas . Hoje , esta t ecnolog ia está pr esent e nos mais sofisticados sist emas eletr ônicos , devido à sua alta v elocidade e \nconfiabilidade . Processador es Dig itais de Sinais são capaz es de pr ocessar dez milhões de amostragens por segundo . \nIsso sig nifica pr ocessament o em t empo r eal -- o sinal é pr ocessado no mesmo instant e em que é r ecebido , sem \nretardos ou atrasos .\nProjetados com o uso int enso dos r ecursos da t ecnolog ia DSP ,  os No -Breaks C onception Multi Ativ o  ag regam nov os  \ne avançados r ecursos , que estabelecem um nov o conceit o em desen volviment o, no qual o fir mware dos \nAdquir indo No -Breaks , cont e com as \nsoluções da CM C omandos , que \nasseguram t ecnolog ia de ponta, \nmáxima pr oteção , precisão dig ital e \nprocessament o em t empo r eal.  Modelo 300kV A']","As abordagens de eficiência energética, como sistemas Transformerless e Digital Signal Processor (DSP), são projetadas para oferecer alta performance e confiabilidade, especialmente em ambientes críticos. Os sistemas Transformerless, por exemplo, eliminam a necessidade de transformadores, resultando em um design mais compacto e eficiente. Já a tecnologia DSP permite o processamento de sinais em tempo real, com capacidade de realizar dez milhões de amostragens por segundo, o que garante que os sinais sejam processados instantaneamente, sem atrasos.

No que diz respeito aos No-Breaks modulares, eles também incorporam a tecnologia DSP, proporcionando proteção e continuidade operacional em aplicações de missão crítica. A possibilidade de atualizar o firmware em unidades já instaladas agrega valor, permitindo a adição de novas funções e melhorias ao longo do tempo.

Em resumo, tanto os sistemas Transformerless quanto os que utilizam DSP e No-Breaks modulares são projetados para maximizar a confiabilidade e o desempenho, tornando-os ideais para ambientes onde a continuidade da operação é essencial.","As diferentes abordagens de eficiência energética, como sistemas Transformerless, Digital Signal Processor e No-Breaks modulares, se comparam em termos de confiabilidade e desempenho em ambientes críticos, destacando a alta confiabilidade dos No-Breaks modulares, que são projetados para integração em data centers e oferecem tecnologia hotswap, além de controle DSP e gerenciamento avançado de baterias.",0.49999999995,0.0,0.09090909082644627,0.0,0.7291370604324885,0.45,0.42,0.8871365273495477,0.2642019837691614,0.24576271186440676,0.0,0.0,0,1,1,1,1
10,comparação abordagens manutenção suporte técnico contratos redução degradação manutenção preventiva,"['Vantagens do C ontrat o de M anut enção \nAtravés do contrat o de manut enção , técnicos e gest ores de manut enção podem r eduzir a deg radação dos seus equipament os, prolongando \no tempo de vida útil e evitando int ervenções cor retivas , que geram cust os elevados e t êm impac tos negativ os.\nn   Supor te técnico por t elefone, durant e 24hs/dia\nn   Minimizar os r iscos e pr ejuíz os de t er um equipament o parado\nn   Prioridade no at endiment o no caso de uma parada \nn Redução da necessidade de manut enção cor retivas em at é 80% e \nconsequent e  redução de cust os\nn  Serviços de cor retivas , quando  inclusos no contrat o \nn Redução de cust o: equipament os com manut enção pr eventiva \nadequada sofr em menos desgast es e, por tanto \ntem sua vida útil ampliada. \nAv. Eng . Alber to de Zagottis , 760 - 04675-085 -  São P aulo - SP\nTel.: (11) 5696-5033 \nwww.cmcomandos .com.br\nSistema de \nSustentabilidade A uditadoIdentifique Nossa E quipe \nUniforme P adrão \nCamisa azul   Calça azul   Crachá  \nPedro\nSuporte Técnico0000000000001Nome:\nRG:\nSetor:João P edro \nMatrícula:\n1111 25.613.810-2\nAssistência Técnica\n1.Uso... \nJOÃO PEDRO \nSuporte Técnico Supor te Técnico\nCall C enter int egrado ao sist ema de gestão ERP\nTécnicos Treinados e Qualificados\nEquipados com I nstrumentação de P onta\nAnalisador de Har mônicos\nAtendiment o 24 horas - 7 dias da semana via C ontrat os\nde M anut enção P reditiva, P reventiva e C orretiva\n  Supor te Pleno de P ré e P ós-V enda\nAmpla cober tura em t odo o paísn   \nn  \nn  \nn  \nn  \nn\nn  \nCM MK T SET 2021  -   As especificações estão sujeitas a alterações sem pr évio aviso . Nós incentivamos a r eciclagem\nAtendiment o em t odo\n o Território Nacional\ncom filiais e r epresentant es nas pr incipais \ncidades e capitais , otimizando o t empo , \ncusto e buscando a ex celência\n na pr estação de ser viços\nEscaneie e saiba mais sobr e o\n contrat o de manut enção \nOSD  N LI A NM EO AC R EMSCISO\n90012015 OSD  N LI A NM EO AC R EMSC', 'Manut enção e \nSupor te Técnico  \nNo-Breaks , Estabilizador es \ne demais S oluções  \n Serviços C O N T R A T O S  D E  M A N U T E N Ç Ã O']","A abordagem de manutenção através de contratos de manutenção preventiva oferece várias vantagens em comparação com outras formas de suporte técnico. A manutenção preventiva é projetada para reduzir a degradação dos equipamentos, prolongando sua vida útil e minimizando a necessidade de intervenções corretivas, que podem ser custosas e impactar negativamente a operação.

Os contratos de manutenção preventiva incluem suporte técnico disponível 24 horas por dia, o que ajuda a minimizar os riscos de paradas inesperadas. Além disso, esses contratos podem resultar em uma redução de até 80% na necessidade de manutenção corretiva, levando a uma diminuição significativa nos custos operacionais.

Outra vantagem é a prioridade no atendimento em caso de paradas, garantindo que os problemas sejam resolvidos rapidamente. Equipamentos que recebem manutenção preventiva adequada tendem a sofrer menos desgastes, o que também contribui para a redução de custos e a ampliação da vida útil dos ativos.","A comparação entre abordagens de manutenção e suporte técnico destaca que contratos de manutenção reduzem a degradação dos equipamentos e a necessidade de manutenções corretivas, resultando em economia e prolongando a vida útil dos equipamentos.",0.9999999999,1.0,0.0,0.625,0.717275071054685,0.625,0.5,0.8182901883128942,0.2064451158106747,0.262135922330097,0.0,0.0,1,1,1,1,1
11,"Como as abordagens sobre suporte técnico e manutenção preventiva se comparam em diferentes relatórios, considerando aspectos como a redução da degradação dos equipamentos, a importância de contratos de manutenção e a disponibilidade de suporte técnico 24 horas?","['Vantagens do C ontrat o de M anut enção \nAtravés do contrat o de manut enção , técnicos e gest ores de manut enção podem r eduzir a deg radação dos seus equipament os, prolongando \no tempo de vida útil e evitando int ervenções cor retivas , que geram cust os elevados e t êm impac tos negativ os.\nn   Supor te técnico por t elefone, durant e 24hs/dia\nn   Minimizar os r iscos e pr ejuíz os de t er um equipament o parado\nn   Prioridade no at endiment o no caso de uma parada \nn Redução da necessidade de manut enção cor retivas em at é 80% e \nconsequent e  redução de cust os\nn  Serviços de cor retivas , quando  inclusos no contrat o \nn Redução de cust o: equipament os com manut enção pr eventiva \nadequada sofr em menos desgast es e, por tanto \ntem sua vida útil ampliada. \nAv. Eng . Alber to de Zagottis , 760 - 04675-085 -  São P aulo - SP\nTel.: (11) 5696-5033 \nwww.cmcomandos .com.br\nSistema de \nSustentabilidade A uditadoIdentifique Nossa E quipe \nUniforme P adrão \nCamisa azul   Calça azul   Crachá  \nPedro\nSuporte Técnico0000000000001Nome:\nRG:\nSetor:João P edro \nMatrícula:\n1111 25.613.810-2\nAssistência Técnica\n1.Uso... \nJOÃO PEDRO \nSuporte Técnico Supor te Técnico\nCall C enter int egrado ao sist ema de gestão ERP\nTécnicos Treinados e Qualificados\nEquipados com I nstrumentação de P onta\nAnalisador de Har mônicos\nAtendiment o 24 horas - 7 dias da semana via C ontrat os\nde M anut enção P reditiva, P reventiva e C orretiva\n  Supor te Pleno de P ré e P ós-V enda\nAmpla cober tura em t odo o paísn   \nn  \nn  \nn  \nn  \nn\nn  \nCM MK T SET 2021  -   As especificações estão sujeitas a alterações sem pr évio aviso . Nós incentivamos a r eciclagem\nAtendiment o em t odo\n o Território Nacional\ncom filiais e r epresentant es nas pr incipais \ncidades e capitais , otimizando o t empo , \ncusto e buscando a ex celência\n na pr estação de ser viços\nEscaneie e saiba mais sobr e o\n contrat o de manut enção \nOSD  N LI A NM EO AC R EMSCISO\n90012015 OSD  N LI A NM EO AC R EMSC', 'TECNOLOGIA  EQUALIZER\nEqualização A tiva Individual das Ba terias\n O módulo de bater ia ativ o regula individualmente a \ntensão de cada bater ia e as mantém homogêneas , \nelevando a sua durabilidade , capacidade e r esistência \ncontra cor rosão e sulfatação .\nEvita e pr otege c ontr a Ex cesso de C arga\nAtrav és da Equalização Ativa as bater ias são pr oteg idas \nindividualmente contra o ex cesso de car ga, pr evenindo -\nas contra exalação de gases , secagem do eletr ólito \ninter no e do aquecimento inter no em ex cesso .\nEvita e pr otege c ontr a Falta de C arga\nA Equalização Ativa individual das bater ias impede que \nas mesmas r ecebam menor tensão que dev eriam, \nevitando -se a sulfatação e a per da de capacidade .\nIndicador de P roblemas da Ba teria\nAtrav és da medição da Tensão , Impedância e \nTemperatura, o sistema monitora os pr oblemas típicos \ndas bater ias, tais como sulfatação , cor rosão , per da de \ngases , secagem do eletr ólito e aquecimento inter no.Elimina a Sulfa tação das Ba terias\nO pr oblema decor re dos car regador es e r etificador es de \nbater ias, que r egulam a tensão de flutuação ou \nequalização na tensão final das bater ias e não garantem \nque em algumas  bater ias elas r ecebam maior tensão e , \nem outras , menor tensão . Atrav és da Equalização Ativa, \nmantêm-se todas as bater ias com tensão equilibrada.\nProteção c ontr a contaminação de ba terias\nAtrav és da Equalização Ativa individual de cada bater ia, \nevitam-se danos de uma bater ia a outras bater ias \npróximas , o ef eito de contaminação , ou seja, uma bater ia \nruim danifica as boas .\nOtimização da capacidade das ba terias\nGraças à Equalização Ativa, o Equaliz er garante a plena \nrecar ga e a máxima otimização da bater ia.\nAler ta par a substituir ba terias\nAtrav és da análise da cur va de impedância, pode -se \nidentificar a tendência, já na fase inicial de instalação , se \nalguma bater ia está deter iorada ou simplesmente mais \nfraca do que as outras . Quanto antes ef etuar este \ndiag nóstico , melhor será para o r estante da vida útil das \ndemais bater ias.Alarmes de ba teria\nAtrav és do monitoramento dos parâmetr os-chav e das \nbater ias e medições de limites pr eestabelecidos , o \nsistema en via avisos de alar mes automaticamente aos \nadministrador es do sistema.\nManutenção à distância \nO Equaliz er melhora a qualidade do ser viço, fornecendo \nmonitoramento r emoto atrav és da I nternet, VPN ou \noutra r ede, para faz er download de dados em tempo \nreal e acesso ao histór ico da bater ia para análise . \nManutenção sem desligar o sistema\nOs testes de bater ia individuais são possív eis \nremotamente , sem o esf orço para desligar as bater ias. \nAs manutenções e as análises  de bater ia podem ser \nrealizadas em condições r eais de operação , sem a \nnecessidade de paradas no sistema.\nOtimiza a manutenção em campo\nA equipe de manutenção se desloca somente quando \nhá inter venções cor retivas e dir etas na bater ia que \napresentar def eito na ocor rência de alar mes ou na \nanálise de diag nóstico e , é clar o, reduz enor mes custos \noperacionais .']","As abordagens sobre suporte técnico e manutenção preventiva destacam a importância de contratos de manutenção para prolongar a vida útil dos equipamentos e minimizar a degradação. A manutenção preventiva é eficaz na redução da necessidade de intervenções corretivas, podendo diminuir esses custos em até 80%. Além disso, a disponibilidade de suporte técnico 24 horas é um aspecto crucial, pois permite que problemas sejam resolvidos rapidamente, evitando paradas prolongadas e prejuízos associados. A combinação de manutenção preventiva com suporte técnico contínuo resulta em uma gestão mais eficiente dos equipamentos, garantindo sua operação otimizada e reduzindo riscos de falhas.","As abordagens sobre suporte técnico e manutenção preventiva se comparam em diferentes relatórios ao destacar a redução da degradação dos equipamentos, a importância de contratos de manutenção e a disponibilidade de suporte técnico 24 horas, evidenciando que o contrato de manutenção prolonga a vida útil dos equipamentos e minimiza custos com intervenções corretivas.",0.9999999999,1.0,0.0,0.08333333333333333,0.7619132653873929,1.0,0.24,0.9114766766285385,0.3786549707602339,0.39999999999999997,0.0,0.0,1,0,1,1,1
12,De que maneira as abordagens sobre gestao de energia e os benefcios dos contratos de manutencao se comparam?,"['TECNOLOGIA ON LINE COM BYPASS ESTÁTICO DE MANUTENÇÃO\nINTERFACE DE GERENCIAMENTO REMOTO\nAs Interfaces de Gerenciamento Remoto são compostas por diversas ferramentas, sendo elas: \n•  O Adaptador SNMP que permite gerenciar remotamente o No-Break via Internet através de um web browser,  monitorar o status \ne enviar alertas por e-mail. \n• O software, uma ferramenta de gerenciamento Windows Application e a versão Client é especíﬁ  ca para automatizar o shutdown \nde servidores, podendo desligar automática e simultaneamente vários servidores e estações. \n• O Adaptador Modbus permite integrar o No-Break, via uma porta RS485, a Sistemas de Automação Predial.\nBypass Estático\nSistema de proteção que, em caso de \nproblemas, transfere automaticamente \na carga para um circuito alternativo, sem \ninterrupção no fornecimento de energia.Bypass Estático de Manutenção\nPermite a transferência e o retorno da carga do No-Break para um circuito \nalternativo de fornecimento de energia, para atividades de manutenção. \nEm quaisquer situações, o fornecimento de energia é contínuo, sem \ninterrupções.\nBanco de Baterias\nArmazena energia reserva para alimentar o No-Break \ndurante um período predeterminado, denominado como \ntempo de autonomia do No-Break.Retificador\nConverte a energia da\nrede elétrica da concessionária\n ou do grupo gerador em\ncorrente contínua, corrigindo \nou eliminando distúrbios\nda entrada do sistema.\nCorrente alternada de entradaCorrente contínua Corrente alternada de saída\nCorrente alternada Bypass estáticoCorrente alternada Bypass estático\nde manutenção\nInversor\nConverte a corrente contínua do \nretiﬁ  cador ou das baterias em corrente \nalternada de saída, com forma de onda \nsenoidal pura, livre de distúrbios.\nRetificador\nConverte a energia da\nrede elétrica da concessionária\n ou do grupo gerador em\nInversor\nConverte a corrente contínua do \nretiﬁ  cador ou das baterias em corrente \nalternada de saída, com forma de onda', 'Manut enção e \nSupor te Técnico  \nNo-Breaks , Estabilizador es \ne demais S oluções  \n Serviços C O N T R A T O S  D E  M A N U T E N Ç Ã O']","As abordagens sobre gestão de energia focam em garantir a continuidade do fornecimento de energia e a proteção dos equipamentos, utilizando tecnologias como adaptadores SNMP e Modbus, além de sistemas de bypass estático. Esses sistemas permitem a transferência automática da carga para circuitos alternativos, assegurando que não haja interrupções no fornecimento de energia, mesmo durante manutenções.

Por outro lado, os contratos de manutenção oferecem suporte técnico para No-Breaks e estabilizadores, garantindo que esses sistemas funcionem de maneira eficiente e confiável. A manutenção regular pode prevenir falhas e prolongar a vida útil dos equipamentos, complementando as soluções de gestão de energia ao assegurar que os sistemas estejam sempre operacionais e prontos para responder a qualquer situação de emergência.

Em resumo, enquanto a gestão de energia se concentra na operação contínua e na proteção contra falhas, os contratos de manutenção garantem que os equipamentos estejam em condições ideais para desempenhar essas funções. Ambas as abordagens são complementares e essenciais para a eficiência e segurança dos sistemas de energia.","As abordagens sobre gestão de energia e os benefícios dos contratos de manutenção se comparam na medida em que ambos visam otimizar o desempenho e a durabilidade dos equipamentos, com os contratos de manutenção oferecendo vantagens como a redução da degradação dos equipamentos e a economia em manutenções corretivas.",0.0,0.0,0.0,0.0,0.881799467369516,0.36363636363636365,0.41,0.8164868437698637,0.22251082251082255,0.216,0.0,0.0,1,0,1,1,1
13,"De que maneira as estratégias de redução de custos relacionadas à manutenção e suporte técnico se comparam em diferentes relatórios, considerando aspectos como contratos de manutenção, redução da degradação dos equipamentos e a eficácia da manutenção preventiva adequada?","['Vantagens do C ontrat o de M anut enção \nAtravés do contrat o de manut enção , técnicos e gest ores de manut enção podem r eduzir a deg radação dos seus equipament os, prolongando \no tempo de vida útil e evitando int ervenções cor retivas , que geram cust os elevados e t êm impac tos negativ os.\nn   Supor te técnico por t elefone, durant e 24hs/dia\nn   Minimizar os r iscos e pr ejuíz os de t er um equipament o parado\nn   Prioridade no at endiment o no caso de uma parada \nn Redução da necessidade de manut enção cor retivas em at é 80% e \nconsequent e  redução de cust os\nn  Serviços de cor retivas , quando  inclusos no contrat o \nn Redução de cust o: equipament os com manut enção pr eventiva \nadequada sofr em menos desgast es e, por tanto \ntem sua vida útil ampliada. \nAv. Eng . Alber to de Zagottis , 760 - 04675-085 -  São P aulo - SP\nTel.: (11) 5696-5033 \nwww.cmcomandos .com.br\nSistema de \nSustentabilidade A uditadoIdentifique Nossa E quipe \nUniforme P adrão \nCamisa azul   Calça azul   Crachá  \nPedro\nSuporte Técnico0000000000001Nome:\nRG:\nSetor:João P edro \nMatrícula:\n1111 25.613.810-2\nAssistência Técnica\n1.Uso... \nJOÃO PEDRO \nSuporte Técnico Supor te Técnico\nCall C enter int egrado ao sist ema de gestão ERP\nTécnicos Treinados e Qualificados\nEquipados com I nstrumentação de P onta\nAnalisador de Har mônicos\nAtendiment o 24 horas - 7 dias da semana via C ontrat os\nde M anut enção P reditiva, P reventiva e C orretiva\n  Supor te Pleno de P ré e P ós-V enda\nAmpla cober tura em t odo o paísn   \nn  \nn  \nn  \nn  \nn\nn  \nCM MK T SET 2021  -   As especificações estão sujeitas a alterações sem pr évio aviso . Nós incentivamos a r eciclagem\nAtendiment o em t odo\n o Território Nacional\ncom filiais e r epresentant es nas pr incipais \ncidades e capitais , otimizando o t empo , \ncusto e buscando a ex celência\n na pr estação de ser viços\nEscaneie e saiba mais sobr e o\n contrat o de manut enção \nOSD  N LI A NM EO AC R EMSCISO\n90012015 OSD  N LI A NM EO AC R EMSC', 'TECNOLOGIA  EQUALIZER\nEqualização A tiva Individual das Ba terias\n O módulo de bater ia ativ o regula individualmente a \ntensão de cada bater ia e as mantém homogêneas , \nelevando a sua durabilidade , capacidade e r esistência \ncontra cor rosão e sulfatação .\nEvita e pr otege c ontr a Ex cesso de C arga\nAtrav és da Equalização Ativa as bater ias são pr oteg idas \nindividualmente contra o ex cesso de car ga, pr evenindo -\nas contra exalação de gases , secagem do eletr ólito \ninter no e do aquecimento inter no em ex cesso .\nEvita e pr otege c ontr a Falta de C arga\nA Equalização Ativa individual das bater ias impede que \nas mesmas r ecebam menor tensão que dev eriam, \nevitando -se a sulfatação e a per da de capacidade .\nIndicador de P roblemas da Ba teria\nAtrav és da medição da Tensão , Impedância e \nTemperatura, o sistema monitora os pr oblemas típicos \ndas bater ias, tais como sulfatação , cor rosão , per da de \ngases , secagem do eletr ólito e aquecimento inter no.Elimina a Sulfa tação das Ba terias\nO pr oblema decor re dos car regador es e r etificador es de \nbater ias, que r egulam a tensão de flutuação ou \nequalização na tensão final das bater ias e não garantem \nque em algumas  bater ias elas r ecebam maior tensão e , \nem outras , menor tensão . Atrav és da Equalização Ativa, \nmantêm-se todas as bater ias com tensão equilibrada.\nProteção c ontr a contaminação de ba terias\nAtrav és da Equalização Ativa individual de cada bater ia, \nevitam-se danos de uma bater ia a outras bater ias \npróximas , o ef eito de contaminação , ou seja, uma bater ia \nruim danifica as boas .\nOtimização da capacidade das ba terias\nGraças à Equalização Ativa, o Equaliz er garante a plena \nrecar ga e a máxima otimização da bater ia.\nAler ta par a substituir ba terias\nAtrav és da análise da cur va de impedância, pode -se \nidentificar a tendência, já na fase inicial de instalação , se \nalguma bater ia está deter iorada ou simplesmente mais \nfraca do que as outras . Quanto antes ef etuar este \ndiag nóstico , melhor será para o r estante da vida útil das \ndemais bater ias.Alarmes de ba teria\nAtrav és do monitoramento dos parâmetr os-chav e das \nbater ias e medições de limites pr eestabelecidos , o \nsistema en via avisos de alar mes automaticamente aos \nadministrador es do sistema.\nManutenção à distância \nO Equaliz er melhora a qualidade do ser viço, fornecendo \nmonitoramento r emoto atrav és da I nternet, VPN ou \noutra r ede, para faz er download de dados em tempo \nreal e acesso ao histór ico da bater ia para análise . \nManutenção sem desligar o sistema\nOs testes de bater ia individuais são possív eis \nremotamente , sem o esf orço para desligar as bater ias. \nAs manutenções e as análises  de bater ia podem ser \nrealizadas em condições r eais de operação , sem a \nnecessidade de paradas no sistema.\nOtimiza a manutenção em campo\nA equipe de manutenção se desloca somente quando \nhá inter venções cor retivas e dir etas na bater ia que \napresentar def eito na ocor rência de alar mes ou na \nanálise de diag nóstico e , é clar o, reduz enor mes custos \noperacionais .']","As estratégias de redução de custos relacionadas à manutenção e suporte técnico destacam-se pela implementação de contratos de manutenção que visam prolongar a vida útil dos equipamentos e minimizar a necessidade de intervenções corretivas. A manutenção preventiva adequada é fundamental, pois reduz a degradação dos equipamentos em até 80%, resultando em custos significativamente menores. Além disso, a prioridade no atendimento em caso de paradas e o suporte técnico disponível 24 horas contribuem para a minimização de riscos e prejuízos associados à inatividade dos equipamentos. A combinação dessas abordagens não apenas otimiza os custos operacionais, mas também assegura um desempenho mais eficiente e duradouro dos sistemas em uso.","As estratégias de redução de custos relacionadas à manutenção e suporte técnico se comparam em diferentes relatórios ao destacar a importância dos contratos de manutenção, que reduzem a degradação dos equipamentos e aumentam a eficácia da manutenção preventiva, resultando em economia significativa.",0.9999999999,1.0,0.0,0.3333333333333333,0.8474621555491227,0.6666666666666666,0.29,0.8793491732937146,0.322972972972973,0.35838150289017334,0.0,0.0,1,1,1,1,1
14,"De que maneira as abordagens sobre manutençã e suport tecnico em diferent relatorios se comparam, especilamente em relacao a contratos de manutençã, reduçã da degradação dos equipamentus e suport tecnico 24 horas?","['Vantagens do C ontrat o de M anut enção \nAtravés do contrat o de manut enção , técnicos e gest ores de manut enção podem r eduzir a deg radação dos seus equipament os, prolongando \no tempo de vida útil e evitando int ervenções cor retivas , que geram cust os elevados e t êm impac tos negativ os.\nn   Supor te técnico por t elefone, durant e 24hs/dia\nn   Minimizar os r iscos e pr ejuíz os de t er um equipament o parado\nn   Prioridade no at endiment o no caso de uma parada \nn Redução da necessidade de manut enção cor retivas em at é 80% e \nconsequent e  redução de cust os\nn  Serviços de cor retivas , quando  inclusos no contrat o \nn Redução de cust o: equipament os com manut enção pr eventiva \nadequada sofr em menos desgast es e, por tanto \ntem sua vida útil ampliada. \nAv. Eng . Alber to de Zagottis , 760 - 04675-085 -  São P aulo - SP\nTel.: (11) 5696-5033 \nwww.cmcomandos .com.br\nSistema de \nSustentabilidade A uditadoIdentifique Nossa E quipe \nUniforme P adrão \nCamisa azul   Calça azul   Crachá  \nPedro\nSuporte Técnico0000000000001Nome:\nRG:\nSetor:João P edro \nMatrícula:\n1111 25.613.810-2\nAssistência Técnica\n1.Uso... \nJOÃO PEDRO \nSuporte Técnico Supor te Técnico\nCall C enter int egrado ao sist ema de gestão ERP\nTécnicos Treinados e Qualificados\nEquipados com I nstrumentação de P onta\nAnalisador de Har mônicos\nAtendiment o 24 horas - 7 dias da semana via C ontrat os\nde M anut enção P reditiva, P reventiva e C orretiva\n  Supor te Pleno de P ré e P ós-V enda\nAmpla cober tura em t odo o paísn   \nn  \nn  \nn  \nn  \nn\nn  \nCM MK T SET 2021  -   As especificações estão sujeitas a alterações sem pr évio aviso . Nós incentivamos a r eciclagem\nAtendiment o em t odo\n o Território Nacional\ncom filiais e r epresentant es nas pr incipais \ncidades e capitais , otimizando o t empo , \ncusto e buscando a ex celência\n na pr estação de ser viços\nEscaneie e saiba mais sobr e o\n contrat o de manut enção \nOSD  N LI A NM EO AC R EMSCISO\n90012015 OSD  N LI A NM EO AC R EMSC', 'Manut enção e \nSupor te Técnico  \nNo-Breaks , Estabilizador es \ne demais S oluções  \n Serviços C O N T R A T O S  D E  M A N U T E N Ç Ã O']","As abordagens sobre manutenção e suporte técnico em diferentes relatórios destacam a importância dos contratos de manutenção para a redução da degradação dos equipamentos e a disponibilidade de suporte técnico 24 horas. Os contratos de manutenção são apresentados como uma solução eficaz para prolongar a vida útil dos equipamentos, minimizando a necessidade de intervenções corretivas e, consequentemente, reduzindo custos. Além disso, o suporte técnico disponível 24 horas por dia é enfatizado como um recurso valioso para garantir a operação contínua dos equipamentos, oferecendo assistência imediata em caso de paradas. Essa combinação de manutenção preventiva e suporte técnico constante contribui para a eficiência operacional e a mitigação de riscos associados à inatividade dos equipamentos.","As abordagens sobre manutenção e suporte técnico se comparam ao destacar a importância dos contratos de manutenção, que reduzem a degradação dos equipamentos e oferecem suporte técnico 24 horas, minimizando riscos de paradas e garantindo prioridade no atendimento.",0.99999999995,1.0,0.0,0.2727272727272727,0.718100462738733,0.45454545454545453,0.4,0.9003430155390146,0.2966207759699625,0.3595505617977528,0.0,0.0,1,1,1,1,1
15,Como abordagens manutenção suporte técnico relatórios se comparam contratos manutenção redução degradação equipamentos eficácia manutenção preventiva?,"['Vantagens do C ontrat o de M anut enção \nAtravés do contrat o de manut enção , técnicos e gest ores de manut enção podem r eduzir a deg radação dos seus equipament os, prolongando \no tempo de vida útil e evitando int ervenções cor retivas , que geram cust os elevados e t êm impac tos negativ os.\nn   Supor te técnico por t elefone, durant e 24hs/dia\nn   Minimizar os r iscos e pr ejuíz os de t er um equipament o parado\nn   Prioridade no at endiment o no caso de uma parada \nn Redução da necessidade de manut enção cor retivas em at é 80% e \nconsequent e  redução de cust os\nn  Serviços de cor retivas , quando  inclusos no contrat o \nn Redução de cust o: equipament os com manut enção pr eventiva \nadequada sofr em menos desgast es e, por tanto \ntem sua vida útil ampliada. \nAv. Eng . Alber to de Zagottis , 760 - 04675-085 -  São P aulo - SP\nTel.: (11) 5696-5033 \nwww.cmcomandos .com.br\nSistema de \nSustentabilidade A uditadoIdentifique Nossa E quipe \nUniforme P adrão \nCamisa azul   Calça azul   Crachá  \nPedro\nSuporte Técnico0000000000001Nome:\nRG:\nSetor:João P edro \nMatrícula:\n1111 25.613.810-2\nAssistência Técnica\n1.Uso... \nJOÃO PEDRO \nSuporte Técnico Supor te Técnico\nCall C enter int egrado ao sist ema de gestão ERP\nTécnicos Treinados e Qualificados\nEquipados com I nstrumentação de P onta\nAnalisador de Har mônicos\nAtendiment o 24 horas - 7 dias da semana via C ontrat os\nde M anut enção P reditiva, P reventiva e C orretiva\n  Supor te Pleno de P ré e P ós-V enda\nAmpla cober tura em t odo o paísn   \nn  \nn  \nn  \nn  \nn\nn  \nCM MK T SET 2021  -   As especificações estão sujeitas a alterações sem pr évio aviso . Nós incentivamos a r eciclagem\nAtendiment o em t odo\n o Território Nacional\ncom filiais e r epresentant es nas pr incipais \ncidades e capitais , otimizando o t empo , \ncusto e buscando a ex celência\n na pr estação de ser viços\nEscaneie e saiba mais sobr e o\n contrat o de manut enção \nOSD  N LI A NM EO AC R EMSCISO\n90012015 OSD  N LI A NM EO AC R EMSC', 'Manut enção e \nSupor te Técnico  \nNo-Breaks , Estabilizador es \ne demais S oluções  \n Serviços C O N T R A T O S  D E  M A N U T E N Ç Ã O']","As abordagens de manutenção e suporte técnico, especialmente em contratos de manutenção, focam na redução da degradação dos equipamentos e na eficácia da manutenção preventiva. Através de suporte técnico disponível 24 horas por dia e a implementação de manutenção preventiva, é possível minimizar os riscos de paradas e reduzir a necessidade de intervenções corretivas em até 80%. Isso não apenas prolonga a vida útil dos equipamentos, mas também resulta em uma significativa redução de custos, uma vez que equipamentos bem mantidos sofrem menos desgastes. Além disso, a prioridade no atendimento em caso de paradas e a cobertura nacional garantem um serviço eficiente e eficaz.","As abordagens de manutenção e suporte técnico, especialmente através de contratos de manutenção, se comparam positivamente à manutenção preventiva, pois reduzem a degradação dos equipamentos e aumentam a eficácia da manutenção, podendo diminuir a necessidade de manutenções corretivas em até 80%.",0.9999999999,1.0,0.0,0.5384615384615384,0.7402510223184168,0.6153846153846154,0.15,0.86632772240072,0.34513274336283184,0.38596491228070173,0.0,0.0,1,0,1,1,1
16,Como se comparam as abordagens de manutenção e suporte técnico?,"['Vantagens do C ontrat o de M anut enção \nAtravés do contrat o de manut enção , técnicos e gest ores de manut enção podem r eduzir a deg radação dos seus equipament os, prolongando \no tempo de vida útil e evitando int ervenções cor retivas , que geram cust os elevados e t êm impac tos negativ os.\nn   Supor te técnico por t elefone, durant e 24hs/dia\nn   Minimizar os r iscos e pr ejuíz os de t er um equipament o parado\nn   Prioridade no at endiment o no caso de uma parada \nn Redução da necessidade de manut enção cor retivas em at é 80% e \nconsequent e  redução de cust os\nn  Serviços de cor retivas , quando  inclusos no contrat o \nn Redução de cust o: equipament os com manut enção pr eventiva \nadequada sofr em menos desgast es e, por tanto \ntem sua vida útil ampliada. \nAv. Eng . Alber to de Zagottis , 760 - 04675-085 -  São P aulo - SP\nTel.: (11) 5696-5033 \nwww.cmcomandos .com.br\nSistema de \nSustentabilidade A uditadoIdentifique Nossa E quipe \nUniforme P adrão \nCamisa azul   Calça azul   Crachá  \nPedro\nSuporte Técnico0000000000001Nome:\nRG:\nSetor:João P edro \nMatrícula:\n1111 25.613.810-2\nAssistência Técnica\n1.Uso... \nJOÃO PEDRO \nSuporte Técnico Supor te Técnico\nCall C enter int egrado ao sist ema de gestão ERP\nTécnicos Treinados e Qualificados\nEquipados com I nstrumentação de P onta\nAnalisador de Har mônicos\nAtendiment o 24 horas - 7 dias da semana via C ontrat os\nde M anut enção P reditiva, P reventiva e C orretiva\n  Supor te Pleno de P ré e P ós-V enda\nAmpla cober tura em t odo o paísn   \nn  \nn  \nn  \nn  \nn\nn  \nCM MK T SET 2021  -   As especificações estão sujeitas a alterações sem pr évio aviso . Nós incentivamos a r eciclagem\nAtendiment o em t odo\n o Território Nacional\ncom filiais e r epresentant es nas pr incipais \ncidades e capitais , otimizando o t empo , \ncusto e buscando a ex celência\n na pr estação de ser viços\nEscaneie e saiba mais sobr e o\n contrat o de manut enção \nOSD  N LI A NM EO AC R EMSCISO\n90012015 OSD  N LI A NM EO AC R EMSC', 'TECNOLOGIA  EQUALIZER\nEqualização A tiva Individual das Ba terias\n O módulo de bater ia ativ o regula individualmente a \ntensão de cada bater ia e as mantém homogêneas , \nelevando a sua durabilidade , capacidade e r esistência \ncontra cor rosão e sulfatação .\nEvita e pr otege c ontr a Ex cesso de C arga\nAtrav és da Equalização Ativa as bater ias são pr oteg idas \nindividualmente contra o ex cesso de car ga, pr evenindo -\nas contra exalação de gases , secagem do eletr ólito \ninter no e do aquecimento inter no em ex cesso .\nEvita e pr otege c ontr a Falta de C arga\nA Equalização Ativa individual das bater ias impede que \nas mesmas r ecebam menor tensão que dev eriam, \nevitando -se a sulfatação e a per da de capacidade .\nIndicador de P roblemas da Ba teria\nAtrav és da medição da Tensão , Impedância e \nTemperatura, o sistema monitora os pr oblemas típicos \ndas bater ias, tais como sulfatação , cor rosão , per da de \ngases , secagem do eletr ólito e aquecimento inter no.Elimina a Sulfa tação das Ba terias\nO pr oblema decor re dos car regador es e r etificador es de \nbater ias, que r egulam a tensão de flutuação ou \nequalização na tensão final das bater ias e não garantem \nque em algumas  bater ias elas r ecebam maior tensão e , \nem outras , menor tensão . Atrav és da Equalização Ativa, \nmantêm-se todas as bater ias com tensão equilibrada.\nProteção c ontr a contaminação de ba terias\nAtrav és da Equalização Ativa individual de cada bater ia, \nevitam-se danos de uma bater ia a outras bater ias \npróximas , o ef eito de contaminação , ou seja, uma bater ia \nruim danifica as boas .\nOtimização da capacidade das ba terias\nGraças à Equalização Ativa, o Equaliz er garante a plena \nrecar ga e a máxima otimização da bater ia.\nAler ta par a substituir ba terias\nAtrav és da análise da cur va de impedância, pode -se \nidentificar a tendência, já na fase inicial de instalação , se \nalguma bater ia está deter iorada ou simplesmente mais \nfraca do que as outras . Quanto antes ef etuar este \ndiag nóstico , melhor será para o r estante da vida útil das \ndemais bater ias.Alarmes de ba teria\nAtrav és do monitoramento dos parâmetr os-chav e das \nbater ias e medições de limites pr eestabelecidos , o \nsistema en via avisos de alar mes automaticamente aos \nadministrador es do sistema.\nManutenção à distância \nO Equaliz er melhora a qualidade do ser viço, fornecendo \nmonitoramento r emoto atrav és da I nternet, VPN ou \noutra r ede, para faz er download de dados em tempo \nreal e acesso ao histór ico da bater ia para análise . \nManutenção sem desligar o sistema\nOs testes de bater ia individuais são possív eis \nremotamente , sem o esf orço para desligar as bater ias. \nAs manutenções e as análises  de bater ia podem ser \nrealizadas em condições r eais de operação , sem a \nnecessidade de paradas no sistema.\nOtimiza a manutenção em campo\nA equipe de manutenção se desloca somente quando \nhá inter venções cor retivas e dir etas na bater ia que \napresentar def eito na ocor rência de alar mes ou na \nanálise de diag nóstico e , é clar o, reduz enor mes custos \noperacionais .']","As abordagens de manutenção e suporte técnico se diferenciam principalmente em seus focos e métodos de operação. A manutenção, especialmente a preventiva e preditiva, visa reduzir a degradação dos equipamentos, prolongar sua vida útil e minimizar a necessidade de intervenções corretivas, resultando em uma redução significativa de custos. Por outro lado, o suporte técnico oferece assistência contínua, como atendimento 24 horas por dia, para resolver problemas que possam surgir, garantindo que os equipamentos permaneçam operacionais e evitando paradas.

Além disso, a manutenção pode incluir serviços corretivos quando estão inclusos em um contrato, enquanto o suporte técnico pode envolver a utilização de tecnologias avançadas, como monitoramento remoto e diagnósticos em tempo real, para otimizar a operação e a manutenção dos sistemas. Ambas as abordagens são complementares, com a manutenção focando na prevenção e o suporte técnico garantindo a resolução rápida de problemas.","As abordagens de manutenção e suporte técnico se comparam pela importância dos contratos de manutenção, que oferecem vantagens como a redução da degradação dos equipamentos, prolongando sua vida útil e evitando custos elevados com intervenções corretivas.",0.9999999999,1.0,0.0,0.2777777777777778,0.8854386621691734,0.6111111111111112,0.17,0.8600944801403037,0.2152284263959391,0.2358490566037736,0.0,0.0,1,0,1,1,1
17,"De que maneira as abordagens sobre manutenção e suporte técnico em diferentes relatórios se comparam, especialmente no que diz respeito a contratos de manutenção, redução da degradação dos equipamentos e suporte técnico 24 horas?","['Vantagens do C ontrat o de M anut enção \nAtravés do contrat o de manut enção , técnicos e gest ores de manut enção podem r eduzir a deg radação dos seus equipament os, prolongando \no tempo de vida útil e evitando int ervenções cor retivas , que geram cust os elevados e t êm impac tos negativ os.\nn   Supor te técnico por t elefone, durant e 24hs/dia\nn   Minimizar os r iscos e pr ejuíz os de t er um equipament o parado\nn   Prioridade no at endiment o no caso de uma parada \nn Redução da necessidade de manut enção cor retivas em at é 80% e \nconsequent e  redução de cust os\nn  Serviços de cor retivas , quando  inclusos no contrat o \nn Redução de cust o: equipament os com manut enção pr eventiva \nadequada sofr em menos desgast es e, por tanto \ntem sua vida útil ampliada. \nAv. Eng . Alber to de Zagottis , 760 - 04675-085 -  São P aulo - SP\nTel.: (11) 5696-5033 \nwww.cmcomandos .com.br\nSistema de \nSustentabilidade A uditadoIdentifique Nossa E quipe \nUniforme P adrão \nCamisa azul   Calça azul   Crachá  \nPedro\nSuporte Técnico0000000000001Nome:\nRG:\nSetor:João P edro \nMatrícula:\n1111 25.613.810-2\nAssistência Técnica\n1.Uso... \nJOÃO PEDRO \nSuporte Técnico Supor te Técnico\nCall C enter int egrado ao sist ema de gestão ERP\nTécnicos Treinados e Qualificados\nEquipados com I nstrumentação de P onta\nAnalisador de Har mônicos\nAtendiment o 24 horas - 7 dias da semana via C ontrat os\nde M anut enção P reditiva, P reventiva e C orretiva\n  Supor te Pleno de P ré e P ós-V enda\nAmpla cober tura em t odo o paísn   \nn  \nn  \nn  \nn  \nn\nn  \nCM MK T SET 2021  -   As especificações estão sujeitas a alterações sem pr évio aviso . Nós incentivamos a r eciclagem\nAtendiment o em t odo\n o Território Nacional\ncom filiais e r epresentant es nas pr incipais \ncidades e capitais , otimizando o t empo , \ncusto e buscando a ex celência\n na pr estação de ser viços\nEscaneie e saiba mais sobr e o\n contrat o de manut enção \nOSD  N LI A NM EO AC R EMSCISO\n90012015 OSD  N LI A NM EO AC R EMSC', 'Manut enção e \nSupor te Técnico  \nNo-Breaks , Estabilizador es \ne demais S oluções  \n Serviços C O N T R A T O S  D E  M A N U T E N Ç Ã O']","As abordagens sobre manutenção e suporte técnico destacam a importância dos contratos de manutenção para a redução da degradação dos equipamentos e a oferta de suporte técnico contínuo. Os contratos de manutenção são apresentados como uma solução eficaz para prolongar a vida útil dos equipamentos, minimizando a necessidade de intervenções corretivas, que podem ser custosas. Além disso, o suporte técnico é garantido 24 horas por dia, permitindo uma resposta rápida em caso de paradas, o que ajuda a evitar prejuízos associados à inatividade dos equipamentos. Essa combinação de manutenção preventiva e suporte técnico integral contribui para a eficiência operacional e a redução de custos a longo prazo.","As abordagens sobre manutenção e suporte técnico se comparam ao destacar a importância de contratos de manutenção, que reduzem a degradação dos equipamentos, prolongam sua vida útil e oferecem suporte técnico 24 horas, minimizando riscos de paradas e garantindo prioridade no atendimento.",0.99999999995,1.0,0.0,0.2727272727272727,0.7342694989944399,0.8181818181818182,0.67,0.9235908061795803,0.3286118980169972,0.3563218390804597,0.0,0.0,1,1,1,1,1
18,Como as abordagens de manutenção e suporte técnico se comparam em relação a contratos e suporte 24 horas?,"['Vantagens do C ontrat o de M anut enção \nAtravés do contrat o de manut enção , técnicos e gest ores de manut enção podem r eduzir a deg radação dos seus equipament os, prolongando \no tempo de vida útil e evitando int ervenções cor retivas , que geram cust os elevados e t êm impac tos negativ os.\nn   Supor te técnico por t elefone, durant e 24hs/dia\nn   Minimizar os r iscos e pr ejuíz os de t er um equipament o parado\nn   Prioridade no at endiment o no caso de uma parada \nn Redução da necessidade de manut enção cor retivas em at é 80% e \nconsequent e  redução de cust os\nn  Serviços de cor retivas , quando  inclusos no contrat o \nn Redução de cust o: equipament os com manut enção pr eventiva \nadequada sofr em menos desgast es e, por tanto \ntem sua vida útil ampliada. \nAv. Eng . Alber to de Zagottis , 760 - 04675-085 -  São P aulo - SP\nTel.: (11) 5696-5033 \nwww.cmcomandos .com.br\nSistema de \nSustentabilidade A uditadoIdentifique Nossa E quipe \nUniforme P adrão \nCamisa azul   Calça azul   Crachá  \nPedro\nSuporte Técnico0000000000001Nome:\nRG:\nSetor:João P edro \nMatrícula:\n1111 25.613.810-2\nAssistência Técnica\n1.Uso... \nJOÃO PEDRO \nSuporte Técnico Supor te Técnico\nCall C enter int egrado ao sist ema de gestão ERP\nTécnicos Treinados e Qualificados\nEquipados com I nstrumentação de P onta\nAnalisador de Har mônicos\nAtendiment o 24 horas - 7 dias da semana via C ontrat os\nde M anut enção P reditiva, P reventiva e C orretiva\n  Supor te Pleno de P ré e P ós-V enda\nAmpla cober tura em t odo o paísn   \nn  \nn  \nn  \nn  \nn\nn  \nCM MK T SET 2021  -   As especificações estão sujeitas a alterações sem pr évio aviso . Nós incentivamos a r eciclagem\nAtendiment o em t odo\n o Território Nacional\ncom filiais e r epresentant es nas pr incipais \ncidades e capitais , otimizando o t empo , \ncusto e buscando a ex celência\n na pr estação de ser viços\nEscaneie e saiba mais sobr e o\n contrat o de manut enção \nOSD  N LI A NM EO AC R EMSCISO\n90012015 OSD  N LI A NM EO AC R EMSC', 'Manut enção e \nSupor te Técnico  \nNo-Breaks , Estabilizador es \ne demais S oluções  \n Serviços C O N T R A T O S  D E  M A N U T E N Ç Ã O']","As abordagens de manutenção e suporte técnico, especialmente em contratos, oferecem suporte contínuo, com atendimento disponível 24 horas por dia. Isso minimiza os riscos de equipamentos parados e prioriza o atendimento em caso de paradas. Além disso, a manutenção preventiva, que é frequentemente incluída nos contratos, pode reduzir a necessidade de intervenções corretivas em até 80%, resultando em custos menores e prolongando a vida útil dos equipamentos. O suporte técnico é realizado por profissionais treinados e qualificados, garantindo um serviço eficiente e eficaz.","As abordagens de manutenção e suporte técnico se comparam em relação a contratos e suporte 24 horas, onde o contrato de manutenção oferece vantagens como redução da degradação dos equipamentos, suporte técnico 24 horas, minimização de riscos de paradas e prioridade no atendimento.",0.9999999999,1.0,0.0,0.8,0.8321246305233013,0.9,0.4,0.8906001371579536,0.3350694444444444,0.3661971830985915,0.0,0.0,1,1,1,1,1
19,Como se comparam as abordagens de manutenção em relatórios?,"['• Analisa as curvas de carga e d escarga  das baterias, \nremotamente e s em desligar o s istema.\n• Identifica e e nvia alarmes da  bateria com defeito antes de \ncomprometer o s istema.\n• A m anutenção torna-se proativa, pois a intervenção é d ireta \nna bateria defeituosa, na ocorrência de alarmes. \n• Dashboard com duas opções de visualização, vertical e \nhorizontal.\n• Layout Responsivo, pronto para PCs, Tablets e S martphones. ANÁLISE  DA  VIDA ÚTIL CONFORME NORMA  IEEE  1188  E  1491 \n• Analisa o ciclo de vida útil das bat erias conf orme a Nor ma IEEE 1188: P ráticas r ecomendadas para manut enção , testes e substituição \nde bat erias e IEEE 1491: Guia para seleção e uso de equipament os de monit orament o de bat erias. \n• Determina a data z ero a par tir da instalação das bat erias e r egistra per iodicament e a ev olução do ciclo de vida útil das bat erias.\n• Relat ório do Ciclo de Vida com parâmetr os configurá veis.\nGERENCIAMENTO WEB \n• Medições de Impedância, Tensão e Temperatura individuais de \ncada bateria.\n• Indicadores de Status Normal, Falha e P ré-Alarme configuráveis.\n•Gráficos de Descarga com filtros dinâmicos.\n• Envio de e-mails em caso de alarmes.\n• Data Logger armazenado em Banco de Dados ANSI SQL.\n• Frequência de gravação configurável.\n• Controle de Acesso por senha em três níveis.\n• Protocolos SNMP V1 e V3 e M odbus Over IP.', 'Vantagens do C ontrat o de M anut enção \nAtravés do contrat o de manut enção , técnicos e gest ores de manut enção podem r eduzir a deg radação dos seus equipament os, prolongando \no tempo de vida útil e evitando int ervenções cor retivas , que geram cust os elevados e t êm impac tos negativ os.\nn   Supor te técnico por t elefone, durant e 24hs/dia\nn   Minimizar os r iscos e pr ejuíz os de t er um equipament o parado\nn   Prioridade no at endiment o no caso de uma parada \nn Redução da necessidade de manut enção cor retivas em at é 80% e \nconsequent e  redução de cust os\nn  Serviços de cor retivas , quando  inclusos no contrat o \nn Redução de cust o: equipament os com manut enção pr eventiva \nadequada sofr em menos desgast es e, por tanto \ntem sua vida útil ampliada. \nAv. Eng . Alber to de Zagottis , 760 - 04675-085 -  São P aulo - SP\nTel.: (11) 5696-5033 \nwww.cmcomandos .com.br\nSistema de \nSustentabilidade A uditadoIdentifique Nossa E quipe \nUniforme P adrão \nCamisa azul   Calça azul   Crachá  \nPedro\nSuporte Técnico0000000000001Nome:\nRG:\nSetor:João P edro \nMatrícula:\n1111 25.613.810-2\nAssistência Técnica\n1.Uso... \nJOÃO PEDRO \nSuporte Técnico Supor te Técnico\nCall C enter int egrado ao sist ema de gestão ERP\nTécnicos Treinados e Qualificados\nEquipados com I nstrumentação de P onta\nAnalisador de Har mônicos\nAtendiment o 24 horas - 7 dias da semana via C ontrat os\nde M anut enção P reditiva, P reventiva e C orretiva\n  Supor te Pleno de P ré e P ós-V enda\nAmpla cober tura em t odo o paísn   \nn  \nn  \nn  \nn  \nn\nn  \nCM MK T SET 2021  -   As especificações estão sujeitas a alterações sem pr évio aviso . Nós incentivamos a r eciclagem\nAtendiment o em t odo\n o Território Nacional\ncom filiais e r epresentant es nas pr incipais \ncidades e capitais , otimizando o t empo , \ncusto e buscando a ex celência\n na pr estação de ser viços\nEscaneie e saiba mais sobr e o\n contrat o de manut enção \nOSD  N LI A NM EO AC R EMSCISO\n90012015 OSD  N LI A NM EO AC R EMSC']","As abordagens de manutenção em relatórios podem ser comparadas em termos de proatividade e reatividade. A manutenção proativa, como a que é promovida por um sistema de monitoramento de baterias, permite a identificação e o envio de alarmes para baterias com defeito antes que comprometam o sistema, resultando em intervenções diretas e planejadas. Isso é complementado por análises do ciclo de vida útil das baterias, conforme normas específicas, e relatórios configuráveis que ajudam a monitorar a evolução do estado das baterias.

Por outro lado, a manutenção corretiva, frequentemente abordada em contratos de manutenção, foca na redução de intervenções corretivas e na minimização de custos associados a paradas inesperadas. Essa abordagem prioriza o suporte técnico contínuo e a manutenção preventiva, visando prolongar a vida útil dos equipamentos e reduzir a degradação.

Em resumo, enquanto a manutenção proativa se concentra na prevenção e monitoramento contínuo, a manutenção corretiva busca minimizar os impactos de falhas e reduzir custos através de intervenções planejadas.","As abordagens de manutenção em relatórios se comparam pela importância dos contratos de manutenção, que oferecem vantagens como a redução da degradação dos equipamentos e a minimização de custos com intervenções corretivas.",0.49999999995,1.0,0.0,0.35,0.808184353387391,0.65,0.0,0.7800631285772246,0.18508287292817682,0.22522522522522523,0.0,0.0,1,1,1,1,1
20,Como os aspectos de manutençã e suporte técnico se comparam em eficácia e custo?,"['Vantagens do C ontrat o de M anut enção \nAtravés do contrat o de manut enção , técnicos e gest ores de manut enção podem r eduzir a deg radação dos seus equipament os, prolongando \no tempo de vida útil e evitando int ervenções cor retivas , que geram cust os elevados e t êm impac tos negativ os.\nn   Supor te técnico por t elefone, durant e 24hs/dia\nn   Minimizar os r iscos e pr ejuíz os de t er um equipament o parado\nn   Prioridade no at endiment o no caso de uma parada \nn Redução da necessidade de manut enção cor retivas em at é 80% e \nconsequent e  redução de cust os\nn  Serviços de cor retivas , quando  inclusos no contrat o \nn Redução de cust o: equipament os com manut enção pr eventiva \nadequada sofr em menos desgast es e, por tanto \ntem sua vida útil ampliada. \nAv. Eng . Alber to de Zagottis , 760 - 04675-085 -  São P aulo - SP\nTel.: (11) 5696-5033 \nwww.cmcomandos .com.br\nSistema de \nSustentabilidade A uditadoIdentifique Nossa E quipe \nUniforme P adrão \nCamisa azul   Calça azul   Crachá  \nPedro\nSuporte Técnico0000000000001Nome:\nRG:\nSetor:João P edro \nMatrícula:\n1111 25.613.810-2\nAssistência Técnica\n1.Uso... \nJOÃO PEDRO \nSuporte Técnico Supor te Técnico\nCall C enter int egrado ao sist ema de gestão ERP\nTécnicos Treinados e Qualificados\nEquipados com I nstrumentação de P onta\nAnalisador de Har mônicos\nAtendiment o 24 horas - 7 dias da semana via C ontrat os\nde M anut enção P reditiva, P reventiva e C orretiva\n  Supor te Pleno de P ré e P ós-V enda\nAmpla cober tura em t odo o paísn   \nn  \nn  \nn  \nn  \nn\nn  \nCM MK T SET 2021  -   As especificações estão sujeitas a alterações sem pr évio aviso . Nós incentivamos a r eciclagem\nAtendiment o em t odo\n o Território Nacional\ncom filiais e r epresentant es nas pr incipais \ncidades e capitais , otimizando o t empo , \ncusto e buscando a ex celência\n na pr estação de ser viços\nEscaneie e saiba mais sobr e o\n contrat o de manut enção \nOSD  N LI A NM EO AC R EMSCISO\n90012015 OSD  N LI A NM EO AC R EMSC', 'TECNOLOGIA  EQUALIZER\nEqualização A tiva Individual das Ba terias\n O módulo de bater ia ativ o regula individualmente a \ntensão de cada bater ia e as mantém homogêneas , \nelevando a sua durabilidade , capacidade e r esistência \ncontra cor rosão e sulfatação .\nEvita e pr otege c ontr a Ex cesso de C arga\nAtrav és da Equalização Ativa as bater ias são pr oteg idas \nindividualmente contra o ex cesso de car ga, pr evenindo -\nas contra exalação de gases , secagem do eletr ólito \ninter no e do aquecimento inter no em ex cesso .\nEvita e pr otege c ontr a Falta de C arga\nA Equalização Ativa individual das bater ias impede que \nas mesmas r ecebam menor tensão que dev eriam, \nevitando -se a sulfatação e a per da de capacidade .\nIndicador de P roblemas da Ba teria\nAtrav és da medição da Tensão , Impedância e \nTemperatura, o sistema monitora os pr oblemas típicos \ndas bater ias, tais como sulfatação , cor rosão , per da de \ngases , secagem do eletr ólito e aquecimento inter no.Elimina a Sulfa tação das Ba terias\nO pr oblema decor re dos car regador es e r etificador es de \nbater ias, que r egulam a tensão de flutuação ou \nequalização na tensão final das bater ias e não garantem \nque em algumas  bater ias elas r ecebam maior tensão e , \nem outras , menor tensão . Atrav és da Equalização Ativa, \nmantêm-se todas as bater ias com tensão equilibrada.\nProteção c ontr a contaminação de ba terias\nAtrav és da Equalização Ativa individual de cada bater ia, \nevitam-se danos de uma bater ia a outras bater ias \npróximas , o ef eito de contaminação , ou seja, uma bater ia \nruim danifica as boas .\nOtimização da capacidade das ba terias\nGraças à Equalização Ativa, o Equaliz er garante a plena \nrecar ga e a máxima otimização da bater ia.\nAler ta par a substituir ba terias\nAtrav és da análise da cur va de impedância, pode -se \nidentificar a tendência, já na fase inicial de instalação , se \nalguma bater ia está deter iorada ou simplesmente mais \nfraca do que as outras . Quanto antes ef etuar este \ndiag nóstico , melhor será para o r estante da vida útil das \ndemais bater ias.Alarmes de ba teria\nAtrav és do monitoramento dos parâmetr os-chav e das \nbater ias e medições de limites pr eestabelecidos , o \nsistema en via avisos de alar mes automaticamente aos \nadministrador es do sistema.\nManutenção à distância \nO Equaliz er melhora a qualidade do ser viço, fornecendo \nmonitoramento r emoto atrav és da I nternet, VPN ou \noutra r ede, para faz er download de dados em tempo \nreal e acesso ao histór ico da bater ia para análise . \nManutenção sem desligar o sistema\nOs testes de bater ia individuais são possív eis \nremotamente , sem o esf orço para desligar as bater ias. \nAs manutenções e as análises  de bater ia podem ser \nrealizadas em condições r eais de operação , sem a \nnecessidade de paradas no sistema.\nOtimiza a manutenção em campo\nA equipe de manutenção se desloca somente quando \nhá inter venções cor retivas e dir etas na bater ia que \napresentar def eito na ocor rência de alar mes ou na \nanálise de diag nóstico e , é clar o, reduz enor mes custos \noperacionais .']","Os aspectos de manutenção e suporte técnico são projetados para maximizar a eficiência e reduzir custos. A manutenção preventiva, por exemplo, pode reduzir a necessidade de intervenções corretivas em até 80%, o que resulta em uma diminuição significativa dos custos operacionais. Além disso, o suporte técnico disponível 24 horas por dia minimiza o tempo de inatividade dos equipamentos, priorizando o atendimento em caso de paradas. Isso não apenas protege os ativos, mas também otimiza a operação, garantindo que os técnicos qualificados estejam prontos para resolver problemas rapidamente. A combinação de manutenção adequada e suporte técnico eficaz contribui para a longevidade dos equipamentos e a redução de despesas imprevistas.","Os aspectos de manutenção e suporte técnico se comparam em eficácia e custo, pois o contrato de manutenção reduz a degradação dos equipamentos, prolonga sua vida útil e evita custos elevados com intervenções corretivas, além de oferecer suporte técnico 24 horas e minimizar riscos de paradas.",0.99999999995,1.0,0.0,0.36363636363636365,0.8383137045426629,0.45454545454545453,0.36,0.8831724025561964,0.29483695652173914,0.28888888888888886,0.0,0.0,1,0,1,1,1
21,"De que maneira as abordagens sobre manutençã e suport tecnico em diferent relatorios se comparam, especilamente em relacao a contratos de manutençã, reduçã da degradaçã dos equipamentus e a eficacía da manutençã preventiva adequad?","['Vantagens do C ontrat o de M anut enção \nAtravés do contrat o de manut enção , técnicos e gest ores de manut enção podem r eduzir a deg radação dos seus equipament os, prolongando \no tempo de vida útil e evitando int ervenções cor retivas , que geram cust os elevados e t êm impac tos negativ os.\nn   Supor te técnico por t elefone, durant e 24hs/dia\nn   Minimizar os r iscos e pr ejuíz os de t er um equipament o parado\nn   Prioridade no at endiment o no caso de uma parada \nn Redução da necessidade de manut enção cor retivas em at é 80% e \nconsequent e  redução de cust os\nn  Serviços de cor retivas , quando  inclusos no contrat o \nn Redução de cust o: equipament os com manut enção pr eventiva \nadequada sofr em menos desgast es e, por tanto \ntem sua vida útil ampliada. \nAv. Eng . Alber to de Zagottis , 760 - 04675-085 -  São P aulo - SP\nTel.: (11) 5696-5033 \nwww.cmcomandos .com.br\nSistema de \nSustentabilidade A uditadoIdentifique Nossa E quipe \nUniforme P adrão \nCamisa azul   Calça azul   Crachá  \nPedro\nSuporte Técnico0000000000001Nome:\nRG:\nSetor:João P edro \nMatrícula:\n1111 25.613.810-2\nAssistência Técnica\n1.Uso... \nJOÃO PEDRO \nSuporte Técnico Supor te Técnico\nCall C enter int egrado ao sist ema de gestão ERP\nTécnicos Treinados e Qualificados\nEquipados com I nstrumentação de P onta\nAnalisador de Har mônicos\nAtendiment o 24 horas - 7 dias da semana via C ontrat os\nde M anut enção P reditiva, P reventiva e C orretiva\n  Supor te Pleno de P ré e P ós-V enda\nAmpla cober tura em t odo o paísn   \nn  \nn  \nn  \nn  \nn\nn  \nCM MK T SET 2021  -   As especificações estão sujeitas a alterações sem pr évio aviso . Nós incentivamos a r eciclagem\nAtendiment o em t odo\n o Território Nacional\ncom filiais e r epresentant es nas pr incipais \ncidades e capitais , otimizando o t empo , \ncusto e buscando a ex celência\n na pr estação de ser viços\nEscaneie e saiba mais sobr e o\n contrat o de manut enção \nOSD  N LI A NM EO AC R EMSCISO\n90012015 OSD  N LI A NM EO AC R EMSC', 'Manut enção e \nSupor te Técnico  \nNo-Breaks , Estabilizador es \ne demais S oluções  \n Serviços C O N T R A T O S  D E  M A N U T E N Ç Ã O']","As abordagens sobre manutenção e suporte técnico em diferentes relatórios destacam a importância dos contratos de manutenção como uma estratégia eficaz para reduzir a degradação dos equipamentos. A manutenção preventiva adequada é enfatizada como um meio de prolongar a vida útil dos equipamentos, minimizando a necessidade de intervenções corretivas, que podem ser custosas e impactar negativamente a operação. Além disso, a prioridade no atendimento e o suporte técnico disponível 24 horas por dia são mencionados como benefícios significativos, contribuindo para a eficiência e a continuidade das operações. A redução de custos associada à manutenção preventiva é um ponto central, com a possibilidade de diminuir a necessidade de manutenção corretiva em até 80%.","As abordagens sobre manutenção e suporte técnico se comparam ao destacar a importância dos contratos de manutenção, que reduzem a degradação dos equipamentos e aumentam a eficácia da manutenção preventiva, podendo reduzir a necessidade de manutenções corretivas em até 80%.",0.9999999999,1.0,0.0,0.5,0.6547316345368004,0.8,0.4,0.8986145222689397,0.31853785900783294,0.3954802259887006,0.0,0.0,1,1,1,1,1
22,"De que maneira as abordagens sobre manutençao e suporte tecniq em diferent relatorios se comparam, espeçialmente no que diz respeito a contratos de manutençao, reduçao da degradaçao dos equipamentus e suporte tecniq 24 horas?","['Vantagens do C ontrat o de M anut enção \nAtravés do contrat o de manut enção , técnicos e gest ores de manut enção podem r eduzir a deg radação dos seus equipament os, prolongando \no tempo de vida útil e evitando int ervenções cor retivas , que geram cust os elevados e t êm impac tos negativ os.\nn   Supor te técnico por t elefone, durant e 24hs/dia\nn   Minimizar os r iscos e pr ejuíz os de t er um equipament o parado\nn   Prioridade no at endiment o no caso de uma parada \nn Redução da necessidade de manut enção cor retivas em at é 80% e \nconsequent e  redução de cust os\nn  Serviços de cor retivas , quando  inclusos no contrat o \nn Redução de cust o: equipament os com manut enção pr eventiva \nadequada sofr em menos desgast es e, por tanto \ntem sua vida útil ampliada. \nAv. Eng . Alber to de Zagottis , 760 - 04675-085 -  São P aulo - SP\nTel.: (11) 5696-5033 \nwww.cmcomandos .com.br\nSistema de \nSustentabilidade A uditadoIdentifique Nossa E quipe \nUniforme P adrão \nCamisa azul   Calça azul   Crachá  \nPedro\nSuporte Técnico0000000000001Nome:\nRG:\nSetor:João P edro \nMatrícula:\n1111 25.613.810-2\nAssistência Técnica\n1.Uso... \nJOÃO PEDRO \nSuporte Técnico Supor te Técnico\nCall C enter int egrado ao sist ema de gestão ERP\nTécnicos Treinados e Qualificados\nEquipados com I nstrumentação de P onta\nAnalisador de Har mônicos\nAtendiment o 24 horas - 7 dias da semana via C ontrat os\nde M anut enção P reditiva, P reventiva e C orretiva\n  Supor te Pleno de P ré e P ós-V enda\nAmpla cober tura em t odo o paísn   \nn  \nn  \nn  \nn  \nn\nn  \nCM MK T SET 2021  -   As especificações estão sujeitas a alterações sem pr évio aviso . Nós incentivamos a r eciclagem\nAtendiment o em t odo\n o Território Nacional\ncom filiais e r epresentant es nas pr incipais \ncidades e capitais , otimizando o t empo , \ncusto e buscando a ex celência\n na pr estação de ser viços\nEscaneie e saiba mais sobr e o\n contrat o de manut enção \nOSD  N LI A NM EO AC R EMSCISO\n90012015 OSD  N LI A NM EO AC R EMSC', 'Manut enção e \nSupor te Técnico  \nNo-Breaks , Estabilizador es \ne demais S oluções  \n Serviços C O N T R A T O S  D E  M A N U T E N Ç Ã O']","As abordagens sobre manutenção e suporte técnico em diferentes relatórios destacam a importância dos contratos de manutenção para a redução da degradação dos equipamentos e a disponibilidade de suporte técnico 24 horas. Os contratos de manutenção são apresentados como uma solução eficaz para prolongar a vida útil dos equipamentos, minimizando a necessidade de intervenções corretivas e, consequentemente, reduzindo custos. Além disso, o suporte técnico é garantido 24 horas por dia, permitindo que os usuários tenham assistência contínua, o que é crucial para evitar paradas e prejuízos associados. Essa combinação de manutenção preventiva e suporte técnico integral é fundamental para otimizar o desempenho dos equipamentos e garantir a eficiência operacional.","As abordagens sobre manutenção e suporte técnico se comparam ao oferecer contratos que reduzem a degradação dos equipamentos, proporcionam suporte técnico 24 horas e minimizam riscos de paradas, garantindo prioridade no atendimento.",0.99999999995,1.0,0.0,0.2727272727272727,0.7303452704638781,0.5833333333333334,0.46,0.8611129970029419,0.2621231979030144,0.2682926829268293,0.0,0.0,1,1,1,1,1
23,"De que maneira as abordagens sobre manutençao e suporte tecniq em diferent relatorios se comparam, espeçialmente no que diz respeito a contratos de manutençao, reduçao da degradaçao dos equipamentus e suporte tecniq 24 horas?","['Vantagens do C ontrat o de M anut enção \nAtravés do contrat o de manut enção , técnicos e gest ores de manut enção podem r eduzir a deg radação dos seus equipament os, prolongando \no tempo de vida útil e evitando int ervenções cor retivas , que geram cust os elevados e t êm impac tos negativ os.\nn   Supor te técnico por t elefone, durant e 24hs/dia\nn   Minimizar os r iscos e pr ejuíz os de t er um equipament o parado\nn   Prioridade no at endiment o no caso de uma parada \nn Redução da necessidade de manut enção cor retivas em at é 80% e \nconsequent e  redução de cust os\nn  Serviços de cor retivas , quando  inclusos no contrat o \nn Redução de cust o: equipament os com manut enção pr eventiva \nadequada sofr em menos desgast es e, por tanto \ntem sua vida útil ampliada. \nAv. Eng . Alber to de Zagottis , 760 - 04675-085 -  São P aulo - SP\nTel.: (11) 5696-5033 \nwww.cmcomandos .com.br\nSistema de \nSustentabilidade A uditadoIdentifique Nossa E quipe \nUniforme P adrão \nCamisa azul   Calça azul   Crachá  \nPedro\nSuporte Técnico0000000000001Nome:\nRG:\nSetor:João P edro \nMatrícula:\n1111 25.613.810-2\nAssistência Técnica\n1.Uso... \nJOÃO PEDRO \nSuporte Técnico Supor te Técnico\nCall C enter int egrado ao sist ema de gestão ERP\nTécnicos Treinados e Qualificados\nEquipados com I nstrumentação de P onta\nAnalisador de Har mônicos\nAtendiment o 24 horas - 7 dias da semana via C ontrat os\nde M anut enção P reditiva, P reventiva e C orretiva\n  Supor te Pleno de P ré e P ós-V enda\nAmpla cober tura em t odo o paísn   \nn  \nn  \nn  \nn  \nn\nn  \nCM MK T SET 2021  -   As especificações estão sujeitas a alterações sem pr évio aviso . Nós incentivamos a r eciclagem\nAtendiment o em t odo\n o Território Nacional\ncom filiais e r epresentant es nas pr incipais \ncidades e capitais , otimizando o t empo , \ncusto e buscando a ex celência\n na pr estação de ser viços\nEscaneie e saiba mais sobr e o\n contrat o de manut enção \nOSD  N LI A NM EO AC R EMSCISO\n90012015 OSD  N LI A NM EO AC R EMSC', 'Manut enção e \nSupor te Técnico  \nNo-Breaks , Estabilizador es \ne demais S oluções  \n Serviços C O N T R A T O S  D E  M A N U T E N Ç Ã O']","As abordagens sobre manutenção e suporte técnico em diferentes relatórios destacam a importância dos contratos de manutenção para a redução da degradação dos equipamentos e a disponibilidade de suporte técnico 24 horas. Os contratos de manutenção são apresentados como uma solução eficaz para prolongar a vida útil dos equipamentos, minimizando a necessidade de intervenções corretivas e, consequentemente, reduzindo custos. Além disso, o suporte técnico é garantido 24 horas por dia, proporcionando assistência contínua e priorização no atendimento em caso de paradas, o que é crucial para evitar prejuízos associados à inatividade dos equipamentos. Essa combinação de manutenção preventiva e suporte técnico abrangente é fundamental para otimizar a operação e a eficiência dos sistemas.","As abordagens sobre manutenção e suporte técnico se comparam ao oferecer contratos que reduzem a degradação dos equipamentos, prolongam sua vida útil e garantem suporte técnico 24 horas, minimizando riscos de paradas e custos elevados com intervenções corretivas.",0.99999999995,1.0,0.0,0.15384615384615385,0.6928596017182677,0.6153846153846154,0.67,0.8940145767259373,0.28807106598984766,0.2971428571428571,0.0,0.0,1,1,1,1,1
24,vantagens equipamentos CM Comandos precisão confiabilidade,"['Inovação, qualidade, tecnologia\ne confiabilidade. Marcas das\nsoluções CM Comandos Lineares\nCom mais de 40 anos de atuação, a CM Comandos é hoje uma das \nmaiores fabricantes de No-Breaks da América Latina. Além disso, é líder\nabsoluta em soluções para o mercado corporativo. Certiﬁ  cada pela norma ISO-900:2015, a CM Comandos \nressalta o seu compromisso com a excelência dos seus produtos e a total satisfação dos seus clientes.A EMPRESA\nOs  No-Breaks  da  CM  Comandos  são  indicados  para aplicações de  \nmissão crítica, nas mais variadas corporações, oferecendo proteção \ncontra distúrbios de energia elétrica, tais como: cortes, micro-cortes, ruídos, distorção harmônica, picos, \ntransientes, sub e sobretensão e variação de frequência.APLICAÇÕES\nOs equipamentos da CM Comandos operam com maior precisão, agre-\ngam maior número de funções e são mais seguros. Características\nque geram alta conﬁ  abilidade e produtividade nas mais variadas aplicações, minimizam falhas e,\nconsequentemente, custos de manutenção. Em resumo, ser um cliente CM Comandos signiﬁ  ca ter o \nretorno do capital investido e garantias que só uma empresa com amplo suporte técnico pode oferecer.BENEFÍCIOS\nAo escolher a marca CM Comandos Lineares você conta com o melhor supor-\nte técnico de pré e pós-venda da empresa que se consolidou ao longo  des-\ntes 40 anos como líder de mercado. Instrumentação de ponta, proﬁ  ssionais\naltamente qualiﬁ  cados, disponibilidade de atendimento 24 horas, sete dias da semana, call \ncenter e processos certiﬁ  cados que asseguram a excelência dos nossos serviços de suporte.SUPORTE\nTÉCNICO', 'OSD  L NI A NM EA OR C EM SCISO\n90012015\nInovação , qualidade , tecnolo gia\ne confiabilidade . Marcas das\nsoluções CM C omandos Linear es\nCom mais de 40 anos de atuação , a CM Comandos é hoje uma das \nmaior es fabricant es de No-Breaks da Amér ica Latina. Além disso , é líder\nabsoluta em soluções para o mercado corporativ o. Certificada pela norma ISO-900:2015, a CM Comandos \nressalta o seu compr omisso com a excelência dos seus produt os e a total satisfação dos seus client es.A EMPRESA\nOs    No-Breaks   da   CM     Comandos  são  indicados   para    aplicações \nde  missã o crítica, nas mais variadas corporações , oferecendo proteção \ncontra distúr bios de ener gia elétr ica, tais como: cortes, micr o-cortes, ruídos , distorção harmônica, picos , \ntransient es, sub e sobr etensão e var iação de fr equência.APLICAÇÕES\nOs equipament os da CM Comandos operam com maior precisão , agre-\ngam maior númer o de funções e são mais segur os. Carac terísticas\nque geram alta confiabilidade e produtividade nas mais variadas aplicações , minimizam falhas e,\nconsequent ement e, cust os de manut enção . Em resumo , ser um client e CM Comandos significa ter o \nretorno do capital investido e garantias que só uma empr esa com amplo supor te técnico pode oferecer .BENEFÍCIOS\nAo escolher a marca CM Comandos Linear es você conta com o melhor supor -\nte técnico de pré e pós- venda da empr esa que se consolidou ao longo  des-\ntes 40 anos como líder de mercado . Instrumentação de ponta, profissionais\naltament e qualificados , disponibilidade de atendiment o 24 horas , sete dias da semana, call \ncent er e processos certificados que asseguram a excelência dos nossos serviços de supor te.SUPORTE\nTÉCNIC O']","Os equipamentos da CM Comandos oferecem alta precisão e confiabilidade, características que geram produtividade nas mais variadas aplicações. Eles minimizam falhas e, consequentemente, reduzem os custos de manutenção, proporcionando um retorno do capital investido. Além disso, a empresa destaca seu compromisso com a excelência e a satisfação total dos clientes.","As vantagens dos equipamentos da CM Comandos incluem maior precisão, confiabilidade e produtividade, minimizando falhas e custos de manutenção.",0.99999999995,1.0,0.9999999900000002,0.5,0.7538192143631915,1.0,0.71,0.8949678123032664,0.2672176308539945,0.358974358974359,0.0,0.0,1,0,1,1,1
25,Quais sã as vantagens de utilizr a ligacão de No Braks com potências diferntes para a somatóri de potênci?,"['SISTEMA PARALELO MULTI ATIVO (EXCLUSIVO CM COMANDOS)\nA CM Comandos Lineares desenvolveu um sistema inovador e pioneiro no mundo de paralelismo entre no-breaks. O sistema \nParalelo Multi Ativo permite a expansão do sistema, de acordo com sua demanda de consumo, podendo paralelar quantas \nunidades forem necessárias para atender sua demanda, elevando a capacidade do sistema e a confiabilidade de sua aplicação.\nPOSSIBILIDADE DE SOMATÓRIA DE  POTÊNCIAS\nPermite a ligação para somatória de potência, utilizando dois ou mais \nNo-Breaks para atingir a demanda da carga total.\nQuando utilizado para somatória de potência, possibilita a ligação de \nNo-Breaks com potências diferentes. Quando a ligação for feita com \nNo-Breaks de potências diferentes, a carga será distribuída \nproporcionalmente. Permite a ligação em paralelo redundante N + 1,  N + 2, N + 3 … N+X,  \npossibilitando o desligamento de uma ou mais unidades, mantendo a \ncarga ativa.\nA comunicação entre os No-Breaks consiste no barramento de \ncomunicação comum, por onde transitam informações \ncontendo nível de carga, sincronismo e a condição do by pass.COMUNICAÇÃO ENTRE OS NO-BREAKSTodos os No-Breaks são autônomos, operam de forma \nindependente no sistema e possuem controle individual.NÃO EXISTE NO-BREAK MESTRE OU ESCRAVOPodem ser paraleladas quantas unidades forem necessárias, \npossibilitando expansão do sistema, de acordo com a demanda \nde consumo.QUANTIDADE ILIMITADA PARA PARALELISMO\nPARALELISMO DO BANCO DE BATERIAS\nPermite paralelismo dos bancos de baterias (quando forem de \nmesma tensão nominal).MANUTENÇÃO DO NO-BREAK\nPermite a inserção ou retirada de um No-Break no sistema, sem a \nnecessidade de parada.INTERFACES  DE  SHUTDOWN  E GERENCIAMENTO  REMOTO\nRede Elétric a\nde Entr ada\nSaídaNo-break 1\n Potência \nde 60 kV ANo-break 2\nPotência de \n100 kV ANo-break 3\nPotência de \n20 kV A\nCarga fornecida pelo sistema = 410 kV ANo-break 4\nPotência de \n30 kV ANo-break 5\nPotência de \n80 kV ANo-break 6\nPotência de \n120 kV ARede L ocal Ether netA   Inter face de Ger enciamento \n     \nC  Inter face Shutdown \n     Client \n     LANB  Inter face Shutdown \n     D   Inter face de Ger enciamento Remoto \n  \nE  Adaptador SNMP\n     \nF  Client Shutdown\nG Estação Remota\n    Sof tware com \n    conexão à I nter netMultisser vidor es\nMultiplataf ormas\nMulti-S.O .Porta M icroprocessada DB9\nPorta Contato Seco DB9\nRede Ethernet RJ45', 'S I S T E M A PA R A L E L O M U LT I AT I V O ( E X C L U S I V O C M C O M A N D O S )\nA CM Comandos Lineares desenvolveu um sistema inovador e pioneiro no mundo de paralelismo entre No Breaks. O sistema Paralelo \nMulti Ativo permite a expansão do sistema, de acordo com sua demanda de consumo, podendo paralelar quantas unidades forem \nnecessárias para atender sua demanda, elevando a capacidade do sistema e a confiabilidade de sua aplicação.\nP O S S I B I L I D A D E D E S O M A T Ó R I A D E  P O T Ê N C I A S\nPermite a ligação para somatória de potência, utilizando dois ou mais No \nBreaks para atingir a demanda da carga total.\nQuando utilizado para somatória de potência, possibilita a ligação de \nNo Breaks com potências diferentes. Quando a ligação for feita com No \nBreaks de potências diferentes, a carga será distribuída \nproporcionalmente. Permite a ligação em paralelo redundante N + 1,  N + 2, N + 3 … N+X,  \npossibilitando o desligamento de uma ou mais unidades mantendo a \ncarga ativa.L I G A Ç Ã O E M P A R A L E L O R E D U N D A N T E\nA comunicação entre os No Breaks consiste no barramento de \ncomunicação comum, por onde transitam informações contendo \nnível de carga, sincronismo e a condição do by pass.C O M U N I C A Ç Ã O E N T R E O S N O B R E A K STodos os No Breaks são autônomos, operam de forma \nindependente no sistema e possuem controle individual.N Ã O E X I S T E N O B R E A K M E S T R E O U E S C R A V OPodem ser paraleladas quantas unidades forem necessárias, \npossibilitando expansão do sistema, de acordo com a demanda de \nconsumo.Q U A N T I D A D E I L I M I T A D A P A R A P A R A L E L I S M O\nM A N U T E N Ç Ã O D O N O B R E A K\nPermite a inserção ou retirada de um No Break no sistema, sem a \nnecessidade de parada.Rede Elétrica\nde Entrada\nSaídaNo Break 1\n Potência de \n30 kVANo Break 2\nPotência de \n10 kVANo Break 3\nPotência de \n20 kVA\nCarga fornecida pelo sistema = 150 kVANo Break 4\nPotência de \n30 kVANo Break 5\nPotência de \n20 kVANo Break 6\nPotência de \n40 kVA\nINTERFACES DE \nGERENCIAMENTO   \nREMOTO\nSão compostas por diversas ferramentas. O \nAdaptador SNMP NetMate permite\ngerenciar remotamente o No Break via a \nInternet através de um web browser,\nmonitorar o status e enviar alertas por e-mail. \nO software IP Power é uma ferramenta de \ngerenciamento  Windows Application e a \nversão Client é específica para  automatizar o \nshutdown de servidores, podendo desligar \nautomática e simultaneamente vários\ns e r v i d o r e s  e  e s t a ç õ e s .\nO Adaptador ArmModbus permite integrar \no  N o  B r e a k ,  v i a  u m a  p o r t a\nRS485, a Sistemas de Automação Predial.']","As vantagens de utilizar a ligação de No-Breaks com potências diferentes para a somatória de potência incluem a possibilidade de atingir a demanda total da carga de forma eficiente, permitindo que a carga seja distribuída proporcionalmente entre os No-Breaks. Além disso, essa configuração possibilita a ligação em paralelo redundante, como N + 1, N + 2, N + 3, etc., o que permite o desligamento de uma ou mais unidades sem comprometer a carga ativa. Isso aumenta a confiabilidade do sistema e proporciona flexibilidade na expansão de acordo com a demanda de consumo.",As vantagens de utilizar a ligação de No Breaks com potências diferentes para a somatória de potência incluem a possibilidade de atingir a demanda da carga total e a distribuição proporcional da carga entre os No Breaks conectados.,0.99999999995,1.0,0.0,0.5,0.8021865529165226,0.5,0.5,0.9092108301409207,0.38204225352112675,0.5,0.0,0.0,1,1,1,1,1
26,Quais são os benefícios da tecnologia DSP em relação à alta performance e confiabilidade dos no-breaks corporativos?,"['Alta Tecnologia em\nProcessamento Digital de Sinais - DSP\nHoje esta tecnologia está presente nos mais soﬁ  sticados sistemas eletrônicos devido a sua alta velocidade e conﬁ  abil-\ndade. Processadores Digitais de Sinais são capazes de processar dez milhões de amostragens por segundo. Isso signiﬁ  -\nca processamento em tempo real - o sinal é processado no mesmo instante em que é recebido, sem retardos ou atrasos.Vivemos  em um mundo cada vez mais ágil e prático. Um mundo conectado por processadores, chips, softwares e periféricos.  Mas \nainda não é o bastante, por isso, o mundo caminha para tecnologias de processamento imediato de dados. A CM Comandos está \num passo à frente e oferece aos seus clientes produtos dotados de uma tecnologia revolucionária, denominada Processamento \nDigital de Sinais - DSP .\nToda linha de No-Breaks Composition conta com a tecno-\nlogia DSP . Característica que proporciona alta performa-\nce e conﬁ  abilidade, tornando-os ideais para aplicações de \nmissão crítica. Ou seja, protegem as aplicações nas quais a  \ncontinuidade da operação é de fundamental importância. \nProjetados com o uso intenso dos recursos da tecnologia\nDSP , os No-Breaks Composition agregam novos e avançados \nrecursos que estabelecem um novo conceito em desenvolvi-\nmento, no qual o ﬁ  rmware dos equipamentos pode ser atuali-\nzado acrescentando novas funções em  unidades já instaladas.\nAo pensar em adquirir No-Breaks, conte com as soluções da \nCM Comandos, que asseguram tecnologia de ponta, máxima \nproteção, precisão digital e processamento em tempo real.OS MAIS MODERNOS NO-BREAKS CORPORATIVOS', 'Alta Tecnologia em\nProcessamento Digital\nde Sinais - DSP\nO S M A I S M O D E R N O S\nN O B R E A K S C O R P O R AT I V O SVivemos em um mundo cada vez mais ágil e prático. Um mundo conectado por processadores, chips, softwares e \nperiféricos. Mas isso ainda não é o bastante. Por isso, o mundo caminha para tecnologias de processamento imediato \nde dados. A CM Comandos Lineares está um passo à frente e oferece aos seus clientes produtos dotados de uma \ntecnologia revolucionária, denominada Processamento Digital de Sinais -- DSP .\nToda a linha de No Breaks Innovation S1 Trifásico  \nTransformerless conta com a tecnologia DS P.   \nCaracterística que proporciona alta performance e \nconfiabilidade, tornando-os ideais para aplicações de missão crítica. Ou seja, protegem as aplicações nas quais a \ncontinuidade da operação é de fundamental importância.\ndos equipamentos pode ser atualizado, \nacrescentando novas funções em \nunidades já instaladas. Hoje, esta tecnologia está presente nos mais sofisticados sistemas eletrônicos, devido à sua alta velocidade e \nconfiabilidade. Processadores Digitais de Sinais são capazes de processar dez milhões de amostragens por segundo. \nIsso significa processamento em tempo real -- o sinal é processado no mesmo instante em que é recebido, sem \nretardos ou atrasos.\nProjetados com o uso intenso dos recursos da tecnologia DSP ,  os No Breaks Innovation Trifásico Transformerless  \nagregam novos  e avançados recursos, que estabelecem um novo conceito em desenvolvimento, no qual o firmware \nAo pensar em adquirir No Breaks,     \nconte com as soluções da\nCM Comandos, que asseguram \ntecnologia de ponta, máxima proteção, \nprecisão digital e processamento        \nem tempo real.']","A tecnologia DSP proporciona alta performance e confiabilidade nos no-breaks corporativos ao permitir processamento em tempo real, onde o sinal é processado instantaneamente, sem retardos ou atrasos. Isso é crucial para aplicações de missão crítica, garantindo a continuidade da operação. Além disso, os no-breaks equipados com DSP podem ter seu firmware atualizado, permitindo a adição de novas funções em unidades já instaladas, o que agrega valor e flexibilidade ao equipamento.",Os benefícios da tecnologia DSP em relação à alta performance e confiabilidade dos no-breaks corporativos incluem a capacidade de proporcionar alta performance e confiabilidade.,0.99999999995,1.0,0.249999999375,0.6666666666666666,0.9138370294372339,0.8333333333333334,0.22,0.9074137658952739,0.24740124740124736,0.2330097087378641,0.0,0.0,1,1,1,1,1
27,Quais são as dimensões físicas e a potência dos modelos mencionados nas certificações técnicas?,"['• Grau de Proteção: IP-20\nCaracterísticas Físicas e Mecânicas \nn Dimensões Compactas\nn Display LCD - cristal líquido retro-iluminado\nn Estrutura do Gabinete:\n  • Rack: metálico\n  • Acabamento: pintura epóxi-pó na cor graﬁ  te\ncom tratamento térmico e anti-corrosivo\n  • Ventilação: forçada, com controle digital de\nvelocidade pelo DSP  \n  • Porta de Comunicação:\n    » Serial RS232C IsoladaInterfaces de Gerenciamento\nn Mono e multi-usuário, client-server e\nmultiservidores \nn Ferramentas de Shutdown e Gerenciamento\nn  Protocolos:\n    • Serial Rs232\n    • Serial Rs485*\n    • Modbus*\n    • SNMP / Telnet / http / TCP/IP*\nn Softwares de Gerenciamento*\n    • Adaptador SNMP* V1, V2, V3.\nn Ambientes e Sistemas Operacionais\n   • Windows 10  \n   • Linux\n(Marcas dos respectivos fabricantes)\nCM MKT  JAN 24 - *As especiﬁ  cações  técnicas estão sujeitas a alterações sem aviso prévio e conforme necessidades de projetos customizados.                 Nós incentivamos a reciclagem.\nCM MKT  JAN 24 - *As especiﬁ  cações  técnicas estão sujeitas a alterações sem aviso prévio e conforme necessidades de projetos customizados.                 Nós incentivamos a reciclagem.\nAv. Eng. Alberto de Zagottis , 760 - 04675-085 - São Paulo - SP\nTel.:(11) 5696-5000\nwww.cmcomandos.com.brSistema de \nSustentabilidade AuditadaModelo Peso\n (sem baterias)\nkg Dimensões Físicas \nlarg x alt x prof \nmm Potência \nkVA\n 25000      25,0         436 x 85 x 677           18Módulo No-Break 25 kW - 380/400/415V\nModelo Peso\n (sem baterias)\nkg Dimensões Físicas \nlarg x alt x prof \nmm Potência \nkVA\n 150000   150,0       482 x 931 x 916        150Gabinete para Módulo 25kW - 380/400/415V\nModelo Peso\n (sem baterias)\nkg Dimensões Físicas \nlarg x alt x prof \nmm Potência \nkVA\n 50000      50,0        510 x 178 x 700         45Módulo No-Break 50 kW - 380/400/415V\nModelo Peso\n (sem baterias)\nkg Dimensões Físicas \nlarg x alt x prof \nmm Potência \nkVA\n 100000   100,0      600 x 1150 x 980      120Gabinete para Módulo 50kW - 380/400/415V\n 200000   200,0      650 x 1600 x 960      170\n 300000   300,0      650 x 2000 x 970      220\n 500000   500,0    1300 x 2000 x 1100    450Modelo Peso\n (sem baterias)\nkg Dimensões Físicas \nlarg x alt x prof \nmm Potência \nkVA\n 30000      30,0        510 x 178 x 700         45Módulo No-Break 30 kW - 200/208/220V\nModelo Peso\n (sem baterias)\nkg Dimensões Físicas \nlarg x alt x prof \nmm Potência \nkVA\n  60000    100,0      600 x 1150 x 980      120Gabinete para Módulo 30 kW - 200/208/220V\n 120000   120,0      650 x 1600 x 960      170\n 180000   180,0      650 x 2000 x 970      220\n 300000   300,0    1300 x 2000 x 1100    450DIMENSÕES FÍSICAS', '000m\nTipo de Ambiente Recomendado:\n• Interno, instalação abrigada\n• Atmosfera: limpa, livre de partículas condutivas, \ngases tóxicos, líquidos e inflamáveis.\nGrau de Proteção: IP-20 Umidade Relativa:\n• 0% a 95% sem condensação\n• Recomendada: 45% a 55%Potência\nkVAModelo Tensão\nVDimensões Físicas\nalt x larg x prof \nmmPeso (sem \nbateria)\nkgModelos sem  baterias   \n10000     10,0   680 X 415 X 835      80  220/ 380       \n15000     15,0 680 X 415 X 835      80 220/380       \n20000    20,0     830 X 415 X 940      95 220           \n20000    20,0     680 X 415 X 835      80 380\n30000    30,0     830 X 415 X 940      95     220/380\n40000     40,0   830 X 415 X 940      95  380   10000     10,0       680 X 415 X 835     178 380      \n15000     15,0         680 X 415 X 835     196 380      \n20000    20,0     680 X 415 X 835     196            380Modelo Tensão\nVPotência\nkVADimensões Físicas\nalt x larg x prof \nmmPeso (com \nbateria)\nkgModelos com baterias internas 10000     10,0       680 X 415 X 835     138 220          \n15000     15,0         680 X 415 X 835     196 220       \n20000    20,0     830 X 415 X 940     196 220       \n30000      30,0     830 X 415 X 940     253           220      Modelo Tensão\nVPotência\nkVADimensões Físicas\nalt x larg x prof \nmmPeso (com \nbateria)\nkgModelos com baterias internas']","As dimensões físicas e a potência dos modelos mencionados nas certificações técnicas são as seguintes:

1. Módulo No-Break 25 kW - 380/400/415V
   - Dimensões: 436 x 85 x 677 mm
   - Potência: 25 kVA

2. Módulo No-Break 50 kW - 380/400/415V
   - Dimensões: 510 x 178 x 700 mm
   - Potência: 50 kVA

3. Módulo No-Break 30 kW - 200/208/220V
   - Dimensões: 510 x 178 x 700 mm
   - Potência: 30 kVA

4. Gabinete para Módulo 25 kW - 380/400/415V
   - Dimensões: 482 x 931 x 916 mm
   - Potência: 150 kVA

5. Gabinete para Módulo 50 kW - 380/400/415V
   - Dimensões: 600 x 1150 x 980 mm
   - Potência: 100 kVA

6. Gabinete para Módulo 30 kW - 200/208/220V
   - Dimensões: 600 x 1150 x 980 mm
   - Potência: 100 kVA

7. Módulo No-Break 20 kW - 220V
   - Dimensões: 830 x 415 x 940 mm
   - Potência: 20 kVA

8. Módulo No-Break 40 kW - 380V
   - Dimensões: 830 x 415 x 940 mm
   - Potência: 40 kVA

9. Módulo No-Break 10 kW - 220V
   - Dimensões: 680 x 415 x 835 mm
   - Potência: 10 kVA

10. Módulo No-Break 15 kW - 220V
    - Dimensões: 680 x 415 x 835 mm
    - Potência: 15 kVA

Essas informações incluem tanto as dimensões físicas em milímetros quanto a potência em kVA.","As dimensões físicas e a potência dos modelos mencionados nas certificações técnicas variam conforme o modelo, com dimensões que vão de 900 x 480 x 980 mm a 2010 x 2050 x 1000 mm e potências que vão de 5,0 kVA a 300,0 kVA.",0.9999999999,0.0,0.0,0.0,0.6222248679666272,1.0,0.15,0.7449580082467357,0.16466552315608918,0.20846905537459282,0.0,0.0,1,1,1,1,1
28,De que maneira os equipamentos da CM Comandos minimizam falhas e quais são os benefícios disso para os clientes?,"['Inovação, qualidade, tecnologia\ne confiabilidade. Marcas das\nsoluções CM Comandos Lineares\nCom mais de 40 anos de atuação, a CM Comandos é hoje uma das \nmaiores fabricantes de No-Breaks da América Latina. Além disso, é líder\nabsoluta em soluções para o mercado corporativo. Certiﬁ  cada pela norma ISO-900:2015, a CM Comandos \nressalta o seu compromisso com a excelência dos seus produtos e a total satisfação dos seus clientes.A EMPRESA\nOs  No-Breaks  da  CM  Comandos  são  indicados  para aplicações de  \nmissão crítica, nas mais variadas corporações, oferecendo proteção \ncontra distúrbios de energia elétrica, tais como: cortes, micro-cortes, ruídos, distorção harmônica, picos, \ntransientes, sub e sobretensão e variação de frequência.APLICAÇÕES\nOs equipamentos da CM Comandos operam com maior precisão, agre-\ngam maior número de funções e são mais seguros. Características\nque geram alta conﬁ  abilidade e produtividade nas mais variadas aplicações, minimizam falhas e,\nconsequentemente, custos de manutenção. Em resumo, ser um cliente CM Comandos signiﬁ  ca ter o \nretorno do capital investido e garantias que só uma empresa com amplo suporte técnico pode oferecer.BENEFÍCIOS\nAo escolher a marca CM Comandos Lineares você conta com o melhor supor-\nte técnico de pré e pós-venda da empresa que se consolidou ao longo  des-\ntes 40 anos como líder de mercado. Instrumentação de ponta, proﬁ  ssionais\naltamente qualiﬁ  cados, disponibilidade de atendimento 24 horas, sete dias da semana, call \ncenter e processos certiﬁ  cados que asseguram a excelência dos nossos serviços de suporte.SUPORTE\nTÉCNICO', 'OSD  L NI A NM EA OR C EM SCISO\n90012015\nInovação , qualidade , tecnolo gia\ne confiabilidade . Marcas das\nsoluções CM C omandos Linear es\nCom mais de 40 anos de atuação , a CM Comandos é hoje uma das \nmaior es fabricant es de No-Breaks da Amér ica Latina. Além disso , é líder\nabsoluta em soluções para o mercado corporativ o. Certificada pela norma ISO-900:2015, a CM Comandos \nressalta o seu compr omisso com a excelência dos seus produt os e a total satisfação dos seus client es.A EMPRESA\nOs    No-Breaks   da   CM     Comandos  são  indicados  para aplicações \nde  missã o crítica, nas mais variadas corporações , oferecendo proteção \ncontra distúr bios de ener gia elétr ica, tais como: cortes, micr o-cortes, ruídos , distorção harmônica, picos , \ntransient es, sub e sobr etensão e var iação de fr equência.APLICAÇÕES\nOs equipament os da CM Comandos operam com maior precisão , agre-\ngam maior númer o de funções e são mais segur os. Carac terísticas\nque geram alta confiabilidade e produtividade nas mais variadas aplicações , minimizam falhas e,\nconsequent ement e, cust os de manut enção . Em resumo , ser um client e CM Comandos significa ter o \nretorno do capital investido e garantias que só uma empr esa com amplo supor te técnico pode oferecer .BENEFÍCIOS\nAo escolher a marca CM Comandos Linear es você conta com o melhor supor -\nte técnico de pré e pós- venda da empr esa que se consolidou ao longo  des-\ntes 40 anos como líder de mercado . Instrumentação de ponta, profissionais\naltament e qualificados , disponibilidade de atendiment o 24 horas , sete dias da semana, call \ncent er e processos certificados que asseguram a excelência dos nossos serviços de supor te.SUPORTE\nTÉCNIC O']","Os equipamentos da CM Comandos operam com maior precisão e agregam um maior número de funções, o que resulta em alta confiabilidade e produtividade nas diversas aplicações. Essa confiabilidade minimiza falhas, o que, por sua vez, reduz os custos de manutenção. Para os clientes, isso significa um retorno do capital investido e garantias que apenas uma empresa com amplo suporte técnico pode oferecer.","Os equipamentos da CM Comandos minimizam falhas operando com maior precisão e agregando um maior número de funções, o que resulta em alta confiabilidade e produtividade, além de reduzir custos de manutenção para os clientes.",0.99999999995,1.0,0.9999999900000002,0.3333333333333333,0.7965579885587747,1.0,0.77,0.9488173817897219,0.43391521197007477,0.5871559633027522,0.0,0.0,1,1,1,1,1
29,Quais são os principais fatores que contribuíram para a CM Comandos se tornar líder em soluções corporativas?,"['Inovação, qualidade, tecnologia\ne confiabilidade. Marcas das\nsoluções CM Comandos Lineares\nCom mais de 40 anos de atuação, a CM Comandos é hoje uma das \nmaiores fabricantes de No-Breaks da América Latina. Além disso, é líder\nabsoluta em soluções para o mercado corporativo. Certiﬁ  cada pela norma ISO-900:2015, a CM Comandos \nressalta o seu compromisso com a excelência dos seus produtos e a total satisfação dos seus clientes.A EMPRESA\nOs  No-Breaks  da  CM  Comandos  são  indicados  para aplicações de  \nmissão crítica, nas mais variadas corporações, oferecendo proteção \ncontra distúrbios de energia elétrica, tais como: cortes, micro-cortes, ruídos, distorção harmônica, picos, \ntransientes, sub e sobretensão e variação de frequência.APLICAÇÕES\nOs equipamentos da CM Comandos operam com maior precisão, agre-\ngam maior número de funções e são mais seguros. Características\nque geram alta conﬁ  abilidade e produtividade nas mais variadas aplicações, minimizam falhas e,\nconsequentemente, custos de manutenção. Em resumo, ser um cliente CM Comandos signiﬁ  ca ter o \nretorno do capital investido e garantias que só uma empresa com amplo suporte técnico pode oferecer.BENEFÍCIOS\nAo escolher a marca CM Comandos Lineares você conta com o melhor supor-\nte técnico de pré e pós-venda da empresa que se consolidou ao longo  des-\ntes 40 anos como líder de mercado. Instrumentação de ponta, proﬁ  ssionais\naltamente qualiﬁ  cados, disponibilidade de atendimento 24 horas, sete dias da semana, call \ncenter e processos certiﬁ  cados que asseguram a excelência dos nossos serviços de suporte.SUPORTE\nTÉCNICO', 'A E M P R E S ACom mais de 35 anos de atuação, a CM Comandos é hoje \numa das maiores fabricantes de No-Breaks da América \nLatina. \nAlém disso, é líder absoluta em soluções para o mercado corporativo. Certificada pela \nnorma ISO-9001:2015, a CM Comandos ressalta o seu compromisso com a excelência \ndos seus produtos e a total satisfação dos seus clientes.Inovação, qualidade, tecnologia\ne confiabilidade. Marcas das\nsoluções CM Comandos Lineares\nA P L I C A Ç Õ E SOs No Breaks  da CM Comandos Lineares são indicados para aplicações \nde missão crítica, nas mais variadas corporações, oferecendo proteção \ncontra distúrbios de energia elétrica, tais como: cortes, micro cortes, ruídos, distorção harmônica, \npicos, transientes, sub e sobre tensão e variações de frequência.\nS U P O R T E\nT É C N I C OAo  escolher  a marca  CM Comandos  Lineares  você  conta com o melhor \nsuporte  técnico  de pré e pós-venda da empresa que se consolidou ao longo \ndestes 36  anos como  líder  de  mercado.\nInstrumentação de ponta, profissionais altamente qualificados, com cobertura nacional e \ndisponibilidade de atendimento 24 horas, sete dias por semana, call center e processos certificados \nque asseguram a excelência dos  nossos serviços  de  suporte.B E N E F Í C I O SOs equipamentos da CM Comandos operam com maior precisão, \nagregam maior número de funções e são os mais seguros. \nCaracterísticas que geram alta confiabilidade e produtividade nas mais variadas aplicações, \nminimizam falhas e, consequentemente,  custos de manutenção. Em resumo,  ser um cliente da \nCM Comandos significa ter o retorno do capital investido e garantias que  só uma empresa com \namplo suporte técnico pode oferecer.\nCM COMANDOS LINEARES\nOSD L NI A NM EA OR CEM SCISO\n9001\n2015']","Os principais fatores que contribuíram para a CM Comandos se tornar líder em soluções corporativas incluem mais de 40 anos de experiência no mercado, a certificação pela norma ISO-9001:2015, o compromisso com a excelência dos produtos, e a oferta de suporte técnico de alta qualidade, tanto no pré quanto no pós-venda. Além disso, a empresa se destaca pela inovação, qualidade, tecnologia e confiabilidade de seus No-Breaks, que são projetados para aplicações de missão crítica, garantindo proteção contra diversos distúrbios de energia elétrica. A combinação dessas características resulta em alta confiabilidade e produtividade, minimizando falhas e custos de manutenção para os clientes.","Os principais fatores que contribuíram para a CM Comandos se tornar líder em soluções corporativas incluem mais de 38 anos de atuação, certificação pela norma ISO-9001:2015, compromisso com a preservação do meio ambiente, excelência dos produtos e total satisfação dos clientes.",0.99999999995,0.5,0.49999999875,0.8571428571428571,0.9933542940779577,1.0,0.29,0.8448137971612171,0.3710144927536232,0.4545454545454546,0.0,0.0,0,1,1,1,1
30,Quais são as ferramentas e protocolos utilizados no gerenciamento de No-Break?,"['S I S T E M A PA R A L E L O M U LT I AT I V O ( E X C L U S I V O C M C O M A N D O S )\nA CM Comandos Lineares desenvolveu um sistema inovador e pioneiro no mundo de paralelismo entre No Breaks. O sistema Paralelo \nMulti Ativo permite a expansão do sistema, de acordo com sua demanda de consumo, podendo paralelar quantas unidades forem \nnecessárias para atender sua demanda, elevando a capacidade do sistema e a confiabilidade de sua aplicação.\nP O S S I B I L I D A D E D E S O M A T Ó R I A D E  P O T Ê N C I A S\nPermite a ligação para somatória de potência, utilizando dois ou mais No \nBreaks para atingir a demanda da carga total.\nQuando utilizado para somatória de potência, possibilita a ligação de \nNo Breaks com potências diferentes. Quando a ligação for feita com No \nBreaks de potências diferentes, a carga será distribuída \nproporcionalmente. Permite a ligação em paralelo redundante N + 1,  N + 2, N + 3 … N+X,  \npossibilitando o desligamento de uma ou mais unidades mantendo a \ncarga ativa.L I G A Ç Ã O E M P A R A L E L O R E D U N D A N T E\nA comunicação entre os No Breaks consiste no barramento de \ncomunicação comum, por onde transitam informações contendo \nnível de carga, sincronismo e a condição do by pass.C O M U N I C A Ç Ã O E N T R E O S N O B R E A K STodos os No Breaks são autônomos, operam de forma \nindependente no sistema e possuem controle individual.N Ã O E X I S T E N O B R E A K M E S T R E O U E S C R A V OPodem ser paraleladas quantas unidades forem necessárias, \npossibilitando expansão do sistema, de acordo com a demanda de \nconsumo.Q U A N T I D A D E I L I M I T A D A P A R A P A R A L E L I S M O\nM A N U T E N Ç Ã O D O N O B R E A K\nPermite a inserção ou retirada de um No Break no sistema, sem a \nnecessidade de parada.Rede Elétrica\nde Entrada\nSaídaNo Break 1\n Potência de \n30 kVANo Break 2\nPotência de \n10 kVANo Break 3\nPotência de \n20 kVA\nCarga fornecida pelo sistema = 150 kVANo Break 4\nPotência de \n30 kVANo Break 5\nPotência de \n20 kVANo Break 6\nPotência de \n40 kVA\nINTERFACES DE \nGERENCIAMENTO   \nREMOTO\nSão compostas por diversas ferramentas. O \nAdaptador SNMP NetMate permite\ngerenciar remotamente o No Break via a \nInternet através de um web browser,\nmonitorar o status e enviar alertas por e-mail. \nO software IP Power é uma ferramenta de \ngerenciamento  Windows Application e a \nversão Client é específica para  automatizar o \nshutdown de servidores, podendo desligar \nautomática e simultaneamente vários\ns e r v i d o r e s  e  e s t a ç õ e s .\nO Adaptador ArmModbus permite integrar \no  N o  B r e a k ,  v i a  u m a  p o r t a\nRS485, a Sistemas de Automação Predial.', 'SISTEMA PARALELO MULTI ATIVO (EXCLUSIVO CM COMANDOS)\nA CM Comandos Lineares desenvolveu um sistema inovador e pioneiro no mundo de paralelismo entre no-breaks. O sistema \nParalelo Multi Ativo permite a expansão do sistema, de acordo com sua demanda de consumo, podendo paralelar quantas \nunidades forem necessárias para atender sua demanda, elevando a capacidade do sistema e a confiabilidade de sua aplicação.\nPOSSIBILIDADE DE SOMATÓRIA DE  POTÊNCIAS\nPermite a ligação para somatória de potência, utilizando dois ou mais \nNo-Breaks para atingir a demanda da carga total.\nQuando utilizado para somatória de potência, possibilita a ligação de \nNo-Breaks com potências diferentes. Quando a ligação for feita com \nNo-Breaks de potências diferentes, a carga será distribuída \nproporcionalmente. Permite a ligação em paralelo redundante N + 1,  N + 2, N + 3 … N+X,  \npossibilitando o desligamento de uma ou mais unidades, mantendo a \ncarga ativa.\nA comunicação entre os No-Breaks consiste no barramento de \ncomunicação comum, por onde transitam informações \ncontendo nível de carga, sincronismo e a condição do by pass.COMUNICAÇÃO ENTRE OS NO-BREAKSTodos os No-Breaks são autônomos, operam de forma \nindependente no sistema e possuem controle individual.NÃO EXISTE NO-BREAK MESTRE OU ESCRAVOPodem ser paraleladas quantas unidades forem necessárias, \npossibilitando expansão do sistema, de acordo com a demanda \nde consumo.QUANTIDADE ILIMITADA PARA PARALELISMO\nPARALELISMO DO BANCO DE BATERIAS\nPermite paralelismo dos bancos de baterias (quando forem de \nmesma tensão nominal).MANUTENÇÃO DO NO-BREAK\nPermite a inserção ou retirada de um No-Break no sistema, sem a \nnecessidade de parada.INTERFACES  DE  SHUTDOWN  E GERENCIAMENTO  REMOTO\nRede Elétric a\nde Entr ada\nSaídaNo-break 1\n Potência \nde 60 kV ANo-break 2\nPotência de \n100 kV ANo-break 3\nPotência de \n20 kV A\nCarga fornecida pelo sistema = 410 kV ANo-break 4\nPotência de \n30 kV ANo-break 5\nPotência de \n80 kV ANo-break 6\nPotência de \n120 kV ARede L ocal Ether netA   Inter face de Ger enciamento \n     \nC  Inter face Shutdown \n     Client \n     LANB  Inter face Shutdown \n     D   Inter face de Ger enciamento Remoto \n  \nE  Adaptador SNMP\n     \nF  Client Shutdown\nG Estação Remota\n    Sof tware com \n    conexão à I nter netMultisser vidor es\nMultiplataf ormas\nMulti-S.O .Porta M icroprocessada DB9\nPorta Contato Seco DB9\nRede Ethernet RJ45']","As ferramentas e protocolos utilizados no gerenciamento de No-Break incluem o Adaptador SNMP NetMate, que permite gerenciar remotamente o No-Break via Internet através de um web browser, monitorando o status e enviando alertas por e-mail. O software IP Power é uma ferramenta de gerenciamento para Windows, específica para automatizar o shutdown de servidores, permitindo desligar automática e simultaneamente vários servidores e estações. Além disso, o Adaptador ArmModbus permite integrar o No-Break a Sistemas de Automação Predial via uma porta RS485.","As ferramentas e protocolos utilizados no gerenciamento de No-Break incluem: ferramentas de shutdown e gerenciamento, protocolos como Serial RS232, Serial RS485, SNMP, Telnet, http e TCP/IP, além de softwares como IP Power e IP Power SE, e adaptadores como SNMP NetMate e ArmModbus RS485.",0.99999999995,0.3333333333333333,0.0,0.6363636363636364,0.9943442802167949,0.8181818181818182,0.0,0.8941440196148627,0.3393501805054152,0.32116788321167883,0.0,0.0,1,1,1,1,1
31,Quais são as características que tornam a CM Comandos líder em soluções para o mercado corporativo?,"['Inovação, qualidade, tecnologia\ne confiabilidade. Marcas das\nsoluções CM Comandos Lineares\nCom mais de 40 anos de atuação, a CM Comandos é hoje uma das \nmaiores fabricantes de No-Breaks da América Latina. Além disso, é líder\nabsoluta em soluções para o mercado corporativo. Certiﬁ  cada pela norma ISO-900:2015, a CM Comandos \nressalta o seu compromisso com a excelência dos seus produtos e a total satisfação dos seus clientes.A EMPRESA\nOs  No-Breaks  da  CM  Comandos  são  indicados  para aplicações de  \nmissão crítica, nas mais variadas corporações, oferecendo proteção \ncontra distúrbios de energia elétrica, tais como: cortes, micro-cortes, ruídos, distorção harmônica, picos, \ntransientes, sub e sobretensão e variação de frequência.APLICAÇÕES\nOs equipamentos da CM Comandos operam com maior precisão, agre-\ngam maior número de funções e são mais seguros. Características\nque geram alta conﬁ  abilidade e produtividade nas mais variadas aplicações, minimizam falhas e,\nconsequentemente, custos de manutenção. Em resumo, ser um cliente CM Comandos signiﬁ  ca ter o \nretorno do capital investido e garantias que só uma empresa com amplo suporte técnico pode oferecer.BENEFÍCIOS\nAo escolher a marca CM Comandos Lineares você conta com o melhor supor-\nte técnico de pré e pós-venda da empresa que se consolidou ao longo  des-\ntes 40 anos como líder de mercado. Instrumentação de ponta, proﬁ  ssionais\naltamente qualiﬁ  cados, disponibilidade de atendimento 24 horas, sete dias da semana, call \ncenter e processos certiﬁ  cados que asseguram a excelência dos nossos serviços de suporte.SUPORTE\nTÉCNICO', 'A E M P R E S ACom mais de 35 anos de atuação, a CM Comandos é hoje \numa das maiores fabricantes de No-Breaks da América \nLatina. \nAlém disso, é líder absoluta em soluções para o mercado corporativo. Certificada pela \nnorma ISO-9001:2015, a CM Comandos ressalta o seu compromisso com a excelência \ndos seus produtos e a total satisfação dos seus clientes.Inovação, qualidade, tecnologia\ne confiabilidade. Marcas das\nsoluções CM Comandos Lineares\nA P L I C A Ç Õ E SOs No Breaks  da CM Comandos Lineares são indicados para aplicações \nde missão crítica, nas mais variadas corporações, oferecendo proteção \ncontra distúrbios de energia elétrica, tais como: cortes, micro cortes, ruídos, distorção harmônica, \npicos, transientes, sub e sobre tensão e variações de frequência.\nS U P O R T E\nT É C N I C OAo  escolher  a marca  CM Comandos  Lineares  você  conta com o melhor \nsuporte  técnico  de pré e pós-venda da empresa que se consolidou ao longo \ndestes 36  anos como  líder  de  mercado.\nInstrumentação de ponta, profissionais altamente qualificados, com cobertura nacional e \ndisponibilidade de atendimento 24 horas, sete dias por semana, call center e processos certificados \nque asseguram a excelência dos  nossos serviços  de  suporte.B E N E F Í C I O SOs equipamentos da CM Comandos operam com maior precisão, \nagregam maior número de funções e são os mais seguros. \nCaracterísticas que geram alta confiabilidade e produtividade nas mais variadas aplicações, \nminimizam falhas e, consequentemente,  custos de manutenção. Em resumo,  ser um cliente da \nCM Comandos significa ter o retorno do capital investido e garantias que  só uma empresa com \namplo suporte técnico pode oferecer.\nCM COMANDOS LINEARES\nOSD L NI A NM EA OR CEM SCISO\n9001\n2015']","A CM Comandos se destaca como líder em soluções para o mercado corporativo devido a várias características. A empresa possui mais de 40 anos de experiência no setor, é certificada pela norma ISO-9001:2015, o que demonstra seu compromisso com a excelência e a satisfação do cliente. Seus No-Breaks são projetados para aplicações de missão crítica, oferecendo proteção contra diversos distúrbios de energia elétrica. Além disso, os equipamentos operam com alta precisão, agregam múltiplas funções e são considerados seguros, resultando em alta confiabilidade e produtividade. A empresa também oferece um suporte técnico de pré e pós-venda de alta qualidade, com profissionais qualificados e atendimento disponível 24 horas por dia, sete dias por semana. Essas características contribuem para minimizar falhas e custos de manutenção, garantindo um bom retorno sobre o capital investido.","As características que tornam a CM Comandos líder em soluções para o mercado corporativo incluem inovação, qualidade, tecnologia e confiabilidade, além de ser certificada pela norma ISO-9001:2015, destacando seu compromisso com a excelência dos produtos e a total satisfação dos clientes.",0.99999999995,1.0,0.6666666659259258,0.7368421052631579,0.9271198544848787,0.8421052631578947,0.27,0.7784637131648204,0.21404303510758782,0.28846153846153844,0.0,0.0,1,1,1,1,1
32,Qual é a função do Display de Cristal Líquido nas mensagens de alerta do No-Break?,"['DISPOSITIV O ANUNCIADOR\nO\nenfermarias de plantão ou salas de médicos ,  e per mitem a imediata sinalização visual e audív el da ocor rência de alar mes . \nPodem ser instalados at é 4  Dispositiv os Anunciador es em vár ios locais ao mesmo t empo e não necessitam de alimentação auxiliar . s alar mes det ectados pelo Dispositiv o DSI / DST / DSC são en viados ao Dispositiv o Anunciador , instalados em locais estrat égicos tais como  \nCARACTERÍSTIC AS  \nPara sinalização dos alar mes a distância, de acor do com a Nor ma NBR 13534:\n• Led v erde: equipament o ligado ·  \n• Led v ermelho: sobr ecar ga\n• Led amar elo: sinalização de falha\n• Botão silenciar : para desligar o alar me acústico sobr e o quadr o de sinalização à\n   distância, ativado quando f or ultrapassado o nív el de int ervenção\n• Botão de t este: para v erificar per iodicament e a eficiência do  dispositiv o como  \n   recomendado pela Nor ma\n• Tipo de Alar me: Sonor o\nO dispositiv o Gerador de Sinais BT4000 é um dispositiv o de localização de falha  \nde isolação individual , per mitindo identificar em qual leit o ocor reu a falha, por \nexemplo .  \nO Gerador de Sinal injeta um sinal inf erior a 1mA, suficient e para que seja \ndetectada a falha de isolação e atua em conjunt o com os Dispositiv o \nLocalizador de F alha I ndividual e o Dispositiv o DSI / DST / DSC , conf orme as \nespecificações  exig idas pela nor ma IEC 61557.DISPOSITIV O GER ADOR DE SINAL 1mA - B T4000  \nESPECIFIC AÇÃO MECÂNIC A  \n·\npadrão DIN. Ideal para painel modular 18mm. O cupa o espaço de um disjunt or tr ipolar \nDISPOSITIV O LOCALIZADOR DE F ALHA - B T0074 e B T0078\nINTERF ACE HOMEM-MÁQUINA (IHM)\nO displa y / painel de contr ole IHM possibilita a visualização dos parâmetr os pr é-\nestabelecidos de isolament o, temperatura e cor rente em t empo r eal e é ideal para \nmonit orar instalações de múltiplos Sist emas IT .\nPRINCIP AIS C ARACTERÍSTIC AS Inter face Homem Máquina (IHM)• \n•  Medidor es textos móv eis\n•  Manuseio de Alar meTela g ráfica t ouch scr een 7,0”  • Proteção por P assw ord  \n• Ether net e P orta USB\nDispositivo AnunciadorDispositivo  Gerador de Sinal 1mA - BT4000\nO dispositiv o localizador de falhas BT0074 com 4 circuitos \nlocalizador es) e (BT0078 com 8 localizador es) tem por finalidade a \nlocalização de falha de isolação em um sistema de aterrament o IT \nMédico , de acor do com as carac terísticas exig idas pela norma \nIEC61557. O dispositivo é dotado de toróides que foram \nespecialmente projetados para a detecção de baixíssimas \ncorrentes na ordem de 0,5 mA e placa eletr ônica que sinaliza e \nemit e um sinal digital que pode ser conec tado , por exemplo , a um \nCLP.\nDispositivo L ocalizador de falha BT 0074\nDispositivo L ocalizador de falha BT 0078', 'Bypass Estátic o\nAcionamento:  automático , contr olado pelo DSP\nTempo de Transf erência:  0ms (nulo)\nRetr ansf erência ao Modo Normal:  automática \nBypass Manual de Manutenção\nAcionamento:  manual , atrav és de disjuntorn   \nn   \nn   \nn   \nn   \nn   Permite manutenção do No -Break, sem desligar a\n   car ga\nReposição ao Modo Normal:  sem inter rupção\nAlarmes\nContr olados pelo pr ocessador DSP\nTipos de Alarmes:\n    •Sonor os:\n       »  F alta de Rede: 1 toque por segundo  \n       »  P ré-alar me das Bater ias: 2 toques por segundo  \n       »  F alha I nterna do No -Break\n    \n    •Mensagens de Aler ta:\n       »  Display de Cr istal Líquido\n       »  Sof tware IP P ower via TCP/IP*\n       »  M ensagem por e -mail*:\n           -  Operação Nor mal\n           -  F alha de Rede\n           -  P ré-alar me de Bater ias\n           -  B ypass Estático \n           -  B ypass M anual \n           -  Sobr ecar ga de Saída\n           -  F alha I nterna n   \nn   \n   Log de E ventos\nRegistr os Armaz enados:\n    •Reg istro em memór ia EEPR OM\n    \n    •Indicação de data, hora e ocor rência\n    \n    •Medições\n    \n    •Status de operação e alar mes do painel\n   \n    •Status chav es inter nasn   \n   \nProteção Elétricas\nSub e Sobr etensão de Entrada e Saída\nSub e Sobr etensão DC e Bater ia\nSobr ecar ga e C urto-Circuito\nMínima Descar ga de Bater ian     \nn     \nn     \nn     \nMedições\nTrue RMS\nPotência de Saída em kV A\n Potência de Saída em kW\nFator de P otência de Saída\nTensão de Saída\nCorrente de Saída\nFrequência de Saída\nTensão de Bater ia\nTensão de Entrada\nFrequência de Entradan   \nn   \nn  \nn   \nn   \nn   \nn   \nn   \nn   \nn   Características Físicas e Mecânicas\nDimensões Compac tas \n Display : LCD - cr istal líquido r etroiluminado\nEstrutura do G abinete: \n    •Rack: metálico \n    \n    •Painel F rontal: em ABS de alta r esistência \n    \n    •Tampas laterais e super ior removív eis \n    \n    •Acabamento: pintura epó xi-pó na cor g rafite\n       com tratamento tér mico e anticor rosivo \n Movimentação: por r odízios autossustentáv eis \nRodízios com travas*\nTransf ormador Isolador (blindagem eletr ostática*)\nPorta de Comunicação\n    \n    •Serial RS232C Isolada F ull Duplex -DB9 F êmea\n   \n    •Contato Seco DB9 F êmea\nInter faces de G erenciamento\n Mono e multiusuár io, cliente -server e multi-ser ver\nVários ser vidor es em um único No -Break\nFerramentas de Shutdown e Ger enciamento\nProtocolos:\n   \n    •Ser ial RS232 \n    \n    •Serial RS485*\n    \n    •SNMP / Telnet / http / TCP/IP*\nSoftwares de Ger enciamento*\n   \n    •IP P ower e IP P ower SE\n    \n    •Adaptador SNMP NetM ate \n    \n    •Adaptador Ar mModbus RS485\nAmbientes e Sistemas Operacionais\n   \n    •W indows 8 / 10 / 2010 \n    \n    •Linux * \n       (Mar cas dos r espec tivos fabricantes)n   \nn  \nn   \nn   \nn    \nn    \nn     \nn  \nn   \nn   \nn   \nn   \nn       \n    5000       5,00      X 280 X 647         97\n    7500       7,']","O Display de Cristal Líquido é utilizado para apresentar mensagens de alerta relacionadas ao funcionamento do No-Break, permitindo que o usuário visualize informações sobre o status de operação, falhas e pré-alarmes das baterias, entre outros eventos.","A função do Display de Cristal Líquido nas mensagens de alerta do No-Break é exibir informações sobre o estado do equipamento, como falhas internas e condições de operação.",0.49999999995,1.0,0.4999999975,0.4,0.8567093004543009,0.8,0.57,0.9032822437800503,0.3904382470119522,0.5135135135135135,0.0,0.0,1,0,1,1,1
33,Qual eh a funcao da interfase mencionada no contexto do Shutdown?,"['REGISTRO PERMANENTE\nDE E VENT OSCORREÇÃO DO  F ATOR DE*POTÊNCIA\nO DSP ar maz ena os ev entos em sua memór ia EEPR OM. \nFunciona como uma “caixa-pr eta”, sendo possív el rastr ear os \nvalor es das medições e a posição das cha ves int ernas, \ndenunciando ev entuais er ros de operação .Conhecido pela sigla PFC - P ower Factor Correction, est e \nsistema per mite que o F ator de P otência de Entrada do \nNo-Break seja 0.99 - cor rigindo os ef eitos das car gas não \nlinear es e har mônicas conec tadas na saída do No -Break.-INTERF ACES DE GERENCIAMENT O\nREMO TO\nSão compostas por div ersas f erramentas . O A daptador SNMP NetM ate \npermite ger enciar r emotament e o No -Break via a I nternet atra vés de \num w eb br owser , monit orar o status e en viar aler tas por e -mail . \nO sof tware IP P ower é uma f erramenta de ger enciament o  Windows \nApplication e a v ersão Client é específica para  aut omatizar o shut down \nde ser vidor es, podendo desligar aut omática e simultaneament e vár ios \nservidor es e estações . \nO Adaptador Ar mModbus per mite int egrar o No -Break, via um\nRS485, a Sist emas de A utomação P redial atra vés do pr otocolo M odbus .a por ta INTERF ACES  DE  SHUTDO WN  \nE GERENCIAMENT O  REMO TO\nPorta M icroprocessada DB9A   Inter face de Ger enciamento Remoto \n  \nB   Adaptador SNMP\n     \nMultisser vidor es\nMultiplataf ormas\nMulti-S.O .C   Client Shutdown\nD  Estação Remota\n     Sof tware com \n     conexão à I nter net\nRede Ethernet RJ45', 'SISTEMA PARALELO MULTI ATIVO (EXCLUSIVO CM COMANDOS)\nA CM Comandos Lineares desenvolveu um sistema inovador e pioneiro no mundo de paralelismo entre no-breaks. O sistema \nParalelo Multi Ativo permite a expansão do sistema, de acordo com sua demanda de consumo, podendo paralelar quantas \nunidades forem necessárias para atender sua demanda, elevando a capacidade do sistema e a confiabilidade de sua aplicação.\nPOSSIBILIDADE DE SOMATÓRIA DE  POTÊNCIAS\nPermite a ligação para somatória de potência, utilizando dois ou mais \nNo-Breaks para atingir a demanda da carga total.\nQuando utilizado para somatória de potência, possibilita a ligação de \nNo-Breaks com potências diferentes. Quando a ligação for feita com \nNo-Breaks de potências diferentes, a carga será distribuída \nproporcionalmente. Permite a ligação em paralelo redundante N + 1,  N + 2, N + 3 … N+X,  \npossibilitando o desligamento de uma ou mais unidades, mantendo a \ncarga ativa.\nA comunicação entre os No-Breaks consiste no barramento de \ncomunicação comum, por onde transitam informações \ncontendo nível de carga, sincronismo e a condição do by pass.COMUNICAÇÃO ENTRE OS NO-BREAKSTodos os No-Breaks são autônomos, operam de forma \nindependente no sistema e possuem controle individual.NÃO EXISTE NO-BREAK MESTRE OU ESCRAVOPodem ser paraleladas quantas unidades forem necessárias, \npossibilitando expansão do sistema, de acordo com a demanda \nde consumo.QUANTIDADE ILIMITADA PARA PARALELISMO\nPARALELISMO DO BANCO DE BATERIAS\nPermite paralelismo dos bancos de baterias (quando forem de \nmesma tensão nominal).MANUTENÇÃO DO NO-BREAK\nPermite a inserção ou retirada de um No-Break no sistema, sem a \nnecessidade de parada.INTERFACES  DE  SHUTDOWN  E GERENCIAMENTO  REMOTO\nRede Elétric a\nde Entr ada\nSaídaNo-break 1\n Potência \nde 60 kV ANo-break 2\nPotência de \n100 kV ANo-break 3\nPotência de \n20 kV A\nCarga fornecida pelo sistema = 410 kV ANo-break 4\nPotência de \n30 kV ANo-break 5\nPotência de \n80 kV ANo-break 6\nPotência de \n120 kV ARede L ocal Ether netA   Inter face de Ger enciamento \n     \nC  Inter face Shutdown \n     Client \n     LANB  Inter face Shutdown \n     D   Inter face de Ger enciamento Remoto \n  \nE  Adaptador SNMP\n     \nF  Client Shutdown\nG Estação Remota\n    Sof tware com \n    conexão à I nter netMultisser vidor es\nMultiplataf ormas\nMulti-S.O .Porta M icroprocessada DB9\nPorta Contato Seco DB9\nRede Ethernet RJ45']","A interface mencionada no contexto do Shutdown permite a automação do desligamento de servidores, possibilitando que vários servidores e estações sejam desligados automática e simultaneamente. Essa funcionalidade é parte de um sistema de gerenciamento remoto que facilita o controle e a supervisão das operações do No-Break.",A função da interface mencionada no contexto do Shutdown não está claramente definida no texto fornecido.,0.99999999995,1.0,0.0,1.0,0.8712054312231773,1.0,0.0,0.6503369098922162,0.23765432098765427,0.2571428571428571,0.0,0.0,1,1,1,1,1
34,Qual é a função principal de um retificador na conversão de energia elétrica?,"['TECNOLOGIA ON LINE COM BYPASS ESTÁTICO DE MANUTENÇÃO\nINTERFACE DE GERENCIAMENTO REMOTO\nAs Interfaces de Gerenciamento Remoto são compostas por diversas ferramentas, sendo elas: \n•  O Adaptador SNMP que permite gerenciar remotamente o No-Break via Internet através de um web browser,  monitorar o status \ne enviar alertas por e-mail. \n• O software, uma ferramenta de gerenciamento Windows Application e a versão Client é especíﬁ  ca para automatizar o shutdown \nde servidores, podendo desligar automática e simultaneamente vários servidores e estações. \n• O Adaptador Modbus permite integrar o No-Break, via uma porta RS485, a Sistemas de Automação Predial.\nBypass Estático\nSistema de proteção que, em caso de \nproblemas, transfere automaticamente \na carga para um circuito alternativo, sem \ninterrupção no fornecimento de energia.Bypass Estático de Manutenção\nPermite a transferência e o retorno da carga do No-Break para um circuito \nalternativo de fornecimento de energia, para atividades de manutenção. \nEm quaisquer situações, o fornecimento de energia é contínuo, sem \ninterrupções.\nBanco de Baterias\nArmazena energia reserva para alimentar o No-Break \ndurante um período predeterminado, denominado como \ntempo de autonomia do No-Break.Retificador\nConverte a energia da\nrede elétrica da concessionária\n ou do grupo gerador em\ncorrente contínua, corrigindo \nou eliminando distúrbios\nda entrada do sistema.\nCorrente alternada de entradaCorrente contínua Corrente alternada de saída\nCorrente alternada Bypass estáticoCorrente alternada Bypass estático\nde manutenção\nInversor\nConverte a corrente contínua do \nretiﬁ  cador ou das baterias em corrente \nalternada de saída, com forma de onda \nsenoidal pura, livre de distúrbios.\nRetificador\nConverte a energia da\nrede elétrica da concessionária\n ou do grupo gerador em\nInversor\nConverte a corrente contínua do \nretiﬁ  cador ou das baterias em corrente \nalternada de saída, com forma de onda', 'ESPECIFICAÇÕES TÉCNICAS \nTecnologia \nn Online -Dupla conversão\nn Forma de Onda: Senoidal pura \nn Retificador - Inversor - Banco de Baterias \nn Bypass Estático \nn Controle Digital Microprocessador DSP\nn Inversor a Módulo IGBT de Alta Frequência\nn Upgrade de firmware\nn Com transformador isolador e blindagem \neletrostática\nEntrada\nn Tensão: \n    •  110 ou 220 V - Bivolt Automático \nn Variação Admissível:\n    • ± 15% da tensão nominal\nn Freqüência: 50 ou 60 Hz                           \nn Variação de Freqüência Admissível:  \n    • 40-70Hz\nn  Configuração:\n• Monofásica: F+N+T\n• Bifásica: F+F+T\nn Fator de Potência:\n   • 0.99*\nSaída\nnTensão: \n• 110 \nn Potências Disponíveis:  \n• 1,25 kVA 0,9 Kw \nn Regulação Estática:   ± 1% \nn Freqüência:   50 ou 60 Hz \nn Variação de Freqüência: \n• 0,5% em modo bateria\nn Configuração:   \n Monofásica f+n+t \nn Forma de Onda:   Senoidal \nn Distorção Harmônica THD:  \n •   Menor igual a 2% para carga linear\n •   Menor igual a 4% para carga não linear\nn Fator de Crista: 3:1 \nn Capacidade de Sobrecarga: 130% durante 30 \nsegundos \nn Rendimento: Até 96% em modo ECOBaterias\nn  Tensão de Linha: 41 VDC ±1% / 54,8 VDC ±1%\nn  Sistema de Recarga:  Controlado,']","A função principal de um retificador na conversão de energia elétrica é converter a energia da rede elétrica da concessionária ou do grupo gerador em corrente contínua, corrigindo ou eliminando distúrbios da entrada do sistema.","A função principal de um retificador na conversão de energia elétrica é converter a energia da rede elétrica em corrente contínua, corrigindo ou eliminando distúrbios da entrada do sistema.",0.9999999999,1.0,0.1999999996,0.5,0.9999999999999996,0.75,1.0,0.9734600025956806,0.8325991189427313,0.9066666666666667,0.0,0.0,1,0,1,1,1
35,Quais as vantagens dos equipamentos da CM Comandos em termos de precisao e confiabilidade?,"['Inovação, qualidade, tecnologia\ne confiabilidade. Marcas das\nsoluções CM Comandos Lineares\nCom mais de 40 anos de atuação, a CM Comandos é hoje uma das \nmaiores fabricantes de No-Breaks da América Latina. Além disso, é líder\nabsoluta em soluções para o mercado corporativo. Certiﬁ  cada pela norma ISO-900:2015, a CM Comandos \nressalta o seu compromisso com a excelência dos seus produtos e a total satisfação dos seus clientes.A EMPRESA\nOs  No-Breaks  da  CM  Comandos  são  indicados  para aplicações de  \nmissão crítica, nas mais variadas corporações, oferecendo proteção \ncontra distúrbios de energia elétrica, tais como: cortes, micro-cortes, ruídos, distorção harmônica, picos, \ntransientes, sub e sobretensão e variação de frequência.APLICAÇÕES\nOs equipamentos da CM Comandos operam com maior precisão, agre-\ngam maior número de funções e são mais seguros. Características\nque geram alta conﬁ  abilidade e produtividade nas mais variadas aplicações, minimizam falhas e,\nconsequentemente, custos de manutenção. Em resumo, ser um cliente CM Comandos signiﬁ  ca ter o \nretorno do capital investido e garantias que só uma empresa com amplo suporte técnico pode oferecer.BENEFÍCIOS\nAo escolher a marca CM Comandos Lineares você conta com o melhor supor-\nte técnico de pré e pós-venda da empresa que se consolidou ao longo  des-\ntes 40 anos como líder de mercado. Instrumentação de ponta, proﬁ  ssionais\naltamente qualiﬁ  cados, disponibilidade de atendimento 24 horas, sete dias da semana, call \ncenter e processos certiﬁ  cados que asseguram a excelência dos nossos serviços de suporte.SUPORTE\nTÉCNICO', 'OSD  L NI A NM EA OR C EM SCISO\n90012015\nInovação , qualidade , tecnolo gia\ne confiabilidade . Marcas das\nsoluções CM C omandos Linear es\nCom mais de 40 anos de atuação , a CM Comandos é hoje uma das \nmaior es fabricant es de No-Breaks da Amér ica Latina. Além disso , é líder\nabsoluta em soluções para o mercado corporativ o. Certificada pela norma ISO-900:2015, a CM Comandos \nressalta o seu compr omisso com a excelência dos seus produt os e a total satisfação dos seus client es.A EMPRESA\nOs    No-Breaks   da   CM     Comandos  são  indicados   para    aplicações \nde  missã o crítica, nas mais variadas corporações , oferecendo proteção \ncontra distúr bios de ener gia elétr ica, tais como: cortes, micr o-cortes, ruídos , distorção harmônica, picos , \ntransient es, sub e sobr etensão e var iação de fr equência.APLICAÇÕES\nOs equipament os da CM Comandos operam com maior precisão , agre-\ngam maior númer o de funções e são mais segur os. Carac terísticas\nque geram alta confiabilidade e produtividade nas mais variadas aplicações , minimizam falhas e,\nconsequent ement e, cust os de manut enção . Em resumo , ser um client e CM Comandos significa ter o \nretorno do capital investido e garantias que só uma empr esa com amplo supor te técnico pode oferecer .BENEFÍCIOS\nAo escolher a marca CM Comandos Linear es você conta com o melhor supor -\nte técnico de pré e pós- venda da empr esa que se consolidou ao longo  des-\ntes 40 anos como líder de mercado . Instrumentação de ponta, profissionais\naltament e qualificados , disponibilidade de atendiment o 24 horas , sete dias da semana, call \ncent er e processos certificados que asseguram a excelência dos nossos serviços de supor te.SUPORTE\nTÉCNIC O']","Os equipamentos da CM Comandos operam com maior precisão e agregam um maior número de funções, o que resulta em alta confiabilidade e produtividade nas diversas aplicações. Essas características ajudam a minimizar falhas e, consequentemente, reduzem os custos de manutenção. Além disso, a empresa oferece garantias que só um suporte técnico amplo pode proporcionar, assegurando um retorno do capital investido.","Os equipamentos da CM Comandos operam com maior precisão e confiabilidade, minimizando falhas e custos de manutenção.",0.99999999995,1.0,0.9999999900000002,0.6666666666666666,0.8865366688081,1.0,0.57,0.9246388799159906,0.2707317073170732,0.41379310344827586,0.0,0.0,1,0,1,1,1
36,Quais são os principais softwares de gerenciamento mencionados no texto e quais ambientes e sistemas operacionais eles suportam?,"['000m\nn  Tipo de Ambiente Recomendado:\n    •    Interno, instalação abrigada\n    •    Atmosfera: limpa, livre de partículas conduti -\nvas, gases tóxicos, líquidos e inflamáveis.\nn  Grau de Proteção: IP-20\nInterface de Gerenciamento\nn Mono e multiusuário, cliente-server e multi -\n-server\nn  Vários servidores em um único No-Break\nn  Ferramentas de Shutdown e Gerenciamento\nn  Protocolos:\n    •    Serial RS232\n    •    Serial RS485*  \n    •    SNMP/Telnet/http/TCP/IP*\nn  Softwares de Gerenciamento*\n    •    View Power\n    •    View Power Pro \n    •    SNMP Web Manager \nn  Ambientes e Sistemas Operacionais: \n    •    Windows 8/ 10 / 2010  \n    •    View Power Pro \n    •    Linux*\n(Marcas dos respectivos fabricantes)\n*Opcional\nCM MKT AGO 24 - As especificações estão sujeitas a alterações sem prévio aviso.                   Nós incentivamos a reciclagem.\nAv. Eng. Alberto de Zagottis , 760 - 04675-085 - São Paulo - SP\nTel.:(11) 5696-5000\nwww.cmcomandos.com.brSistema de \nSustentabilidade Auditada  Modelo Peso (com \nbaterias)\nkg Dimensões Físicas \nalt x larg x prof \nmm Potência \nkVA\n1250         1,25         421 x 190 x 318       15,3          \n2000          2,0           421 x 190 x 319       15,3', 'S I S T E M A PA R A L E L O M U LT I AT I V O ( E X C L U S I V O C M C O M A N D O S )\nA CM Comandos Lineares desenvolveu um sistema inovador e pioneiro no mundo de paralelismo entre No Breaks. O sistema Paralelo \nMulti Ativo permite a expansão do sistema, de acordo com sua demanda de consumo, podendo paralelar quantas unidades forem \nnecessárias para atender sua demanda, elevando a capacidade do sistema e a confiabilidade de sua aplicação.\nP O S S I B I L I D A D E D E S O M A T Ó R I A D E  P O T Ê N C I A S\nPermite a ligação para somatória de potência, utilizando dois ou mais No \nBreaks para atingir a demanda da carga total.\nQuando utilizado para somatória de potência, possibilita a ligação de \nNo Breaks com potências diferentes. Quando a ligação for feita com No \nBreaks de potências diferentes, a carga será distribuída \nproporcionalmente. Permite a ligação em paralelo redundante N + 1,  N + 2, N + 3 … N+X,  \npossibilitando o desligamento de uma ou mais unidades mantendo a \ncarga ativa.L I G A Ç Ã O E M P A R A L E L O R E D U N D A N T E\nA comunicação entre os No Breaks consiste no barramento de \ncomunicação comum, por onde transitam informações contendo \nnível de carga, sincronismo e a condição do by pass.C O M U N I C A Ç Ã O E N T R E O S N O B R E A K STodos os No Breaks são autônomos, operam de forma \nindependente no sistema e possuem controle individual.N Ã O E X I S T E N O B R E A K M E S T R E O U E S C R A V OPodem ser paraleladas quantas unidades forem necessárias, \npossibilitando expansão do sistema, de acordo com a demanda de \nconsumo.Q U A N T I D A D E I L I M I T A D A P A R A P A R A L E L I S M O\nM A N U T E N Ç Ã O D O N O B R E A K\nPermite a inserção ou retirada de um No Break no sistema, sem a \nnecessidade de parada.Rede Elétrica\nde Entrada\nSaídaNo Break 1\n Potência de \n30 kVANo Break 2\nPotência de \n10 kVANo Break 3\nPotência de \n20 kVA\nCarga fornecida pelo sistema = 150 kVANo Break 4\nPotência de \n30 kVANo Break 5\nPotência de \n20 kVANo Break 6\nPotência de \n40 kVA\nINTERFACES DE \nGERENCIAMENTO   \nREMOTO\nSão compostas por diversas ferramentas. O \nAdaptador SNMP NetMate permite\ngerenciar remotamente o No Break via a \nInternet através de um web browser,\nmonitorar o status e enviar alertas por e-mail. \nO software IP Power é uma ferramenta de \ngerenciamento  Windows Application e a \nversão Client é específica para  automatizar o \nshutdown de servidores, podendo desligar \nautomática e simultaneamente vários\ns e r v i d o r e s  e  e s t a ç õ e s .\nO Adaptador ArmModbus permite integrar \no  N o  B r e a k ,  v i a  u m a  p o r t a\nRS485, a Sistemas de Automação Predial.']","Os principais softwares de gerenciamento mencionados são:

1. View Power
2. View Power Pro
3. SNMP Web Manager

Esses softwares suportam os seguintes ambientes e sistemas operacionais:

- Windows 8
- Windows 10
- Windows 2010
- Linux (opcional)","Os principais softwares de gerenciamento mencionados no texto são: IP Power, IP Power SE, Adaptador SNMP NetMate e Adaptador ArmModbus RS485. Eles suportam os ambientes e sistemas operacionais Windows 8, Windows 10, e Linux.",0.0,0.5,0.7142857132653061,1.0,0.8690308507820528,1.0,0.5,0.84085647880681,0.5491803278688525,0.619718309859155,0.0,0.0,1,1,1,0,1
37,"Qual é a importância do fator de potência de 0,7 na configuração do sistema elétrico mencionado?","['ESPECIFICAÇÕES TÉCNICAS \nEntrada\nn Tensão: \n    •  3kVA \n100/110/115/120/127 VAC 120V (standard) ou  \n200/208/220/230/240 VAC 220V (standard) \n    •  6kVA / 10kVA\n 200/208/220/230/240 VAC 220V (standard)\nn Variação Admissível:\n   •   3kVA \n55-150 VAC ou 110-300 VAC @ 50% de Carga\n80-150 VAC ou 160-300 VAC @ 100% de Carga\n   •   6kVA / 10kVA \n110-300 VAC @ 50% de Carga\n176-300 VAC @ 100% de Carga \nn Freqüência: 50/60 Hz                           \nn Variação de Freqüência Admissível:   \n    •    3kVA  \n40-70Hz\n    •    6kVA / 10 kVA \n46-54Hz @50Hz e 56-64Hz @60Hz\nn  Configuração:\nMonofásica \nn Fator de Potência:\n≥ 0.99 Tensão nominal (100% de Carga)\nn Distorção Harmônica THDi:\n    •    3kVA\n ≤ 5% @ Tensão de Entrada nominal\n    •    6kVA / 10kVA\n<4% @100% de Carga, <6% @50% de Carga\nSaída\nnTensão: \n    •   3kVA \n100/110/115/120/127 VAC 115V (standard) ou \n200/208/220/230/240 VAC 220V (standard) \n    •   6kVA / 10kVA \n200/208/220/230/240 VAC 220V (standard) \nn Fator de Potência:  1,0\nn Regulação Estática:   ± 1% nominal modo \nbateria\nn Freqüência:   50 / 60 Hz \nn Variação de Freqüência: \n± 0,1Hz em modo bateria\nn Sincronismo com a Rede:   Sim\nn Configuração:   \n Monofásica f+n+t \nn Forma de Onda:   Onda senoidal pura\nn Distorção Harmônica THD:  \n •   3kVA \n    ≤ 2% carga linear \n    ≤ 4% carga não-linear \n •   6kVA / 10kVA \n    ≤ 1% carga linear \n    ≤ 4% carga não-linearBaterias\nn  Composição:  \n    •    72  VDC - 3,0 kVA \n    •     240 VDC - 6,0 kVA \n    •     240 VDC - 10,0 kVA \nn  Sistema de Recarga: \ncontrolado, automático\nn Tempo de Recarga:  \n8 a 10 horas para 90% da carga\nn Tipo: \nseladas, isentas de manutenção\nn  Paralelismo Redundante (N+1) \n»  Disponível nas potências de 6 e 10kVA\nn By-pass estático (inteligente):  \nO termo inteligente aplica-se, visto que a linha \nComposition XV  possui desligamento da saída da \nchave estática em condições que, a tensão da rede \napresenta variações fora da faixa de trabalho, prote -\ngendo a carga contra sub ou sobre tensão mesmo \nna condição de by-pass estático.', 'ESPECIFICAÇÕES TÉCNICAS \nEntrada\nn Tensão: \n• 380/400/415V\n• 200/208/220V\nn Variação Admissível:\n± 25% da tensão nominal\nn Freqüência: 50/60 Hz                           \nn Variação de Freqüência Admissível:  ± 8%\nnCon/f_i  guração: 3F + N + T\nn Fator de Potência: 0,99\nSaída\nn Tensão: \n• 380/400/415V\n• 200/208/220V\nn Potências Disponíveis:\n• 380/400/415V - 25 e 50 kW Modular\n• 200/208/220V- 30 kW Modular\nnRegulação Estática:  ± 1% nominal \nnFreqüência:  50 / 60 Hz \nnVariação de Freqüência:  0,10%\nnCon/f_i  guração:  3F + N + T \nn  Forma de Onda:  senoidal\nn  Distorção Harmônica THD:  ≤ 1% carga linear \nn Fator de Crista:   3:1 \nn  Capacidade de Sobrecarga: \n• 110% por 1 hora; 125% por 10 minutos; \n• 150% por 1min; 150% por 200 ms.']","O fator de potência de 0,7 não é mencionado nas especificações técnicas fornecidas. No entanto, é importante entender que um fator de potência inferior a 1, como 0,7, indica que uma parte da energia elétrica está sendo desperdiçada, resultando em eficiência reduzida. Em sistemas elétricos, um fator de potência mais alto é desejável, pois significa que a energia está sendo utilizada de forma mais eficaz. Isso pode impactar a capacidade do sistema, a necessidade de dimensionamento de equipamentos e a qualidade da energia fornecida. Portanto, um fator de potência de 0,7 pode levar a penalidades em tarifas de energia e a necessidade de correção para melhorar a eficiência do sistema.","O fator de potência de 0,7 é importante na configuração do sistema elétrico mencionado, pois indica a eficiência com que a energia elétrica é utilizada, afetando a capacidade de carga e a qualidade da energia fornecida.",0.0,0.0,0.0,0.0,0.7975378026919676,0.1,0.84,0.8925803061907733,0.25764192139737996,0.3170731707317073,0.0,0.0,1,0,1,1,1
38,Quais são as implicações de as especificações estarem sujeitas a alterações em projetos customizados dentro do Sistema de Sustentabilidade Auditada?,"['Av. Eng . Alber to de Zagottis , 760 - 04675-085 -  São P aulo - SP\nTel.: (11) 5696-5000\nwww.cmcomandos .com.brOSD  N LI A NM EO AC R EM SCISO\n90012015\nSistema de \nSustentabilidade A uditado\nMEDIDAS DE PRO TEÇÃO VITAIS P ARA INST ALAÇÕES ELÉTRIC AS HOSPIT ALARES \nO Transf ormador de Separação possui alta isolação galvânica e gera um \ncircuito elétr ico isolado com sist ema de at errament o IT. \nEste cir cuito ex clusiv o  é monit orado pelo DSI.  Na ocor rência de qualquer \nfalha de isolação das car gas sensív eis alimentadas , o DSI imediatament e \naciona um alar me  para  a equipe de manut enção .       Sist ema IT \nSistema IT c om IHM e L ocalizador de F alhas Exemplos de Diagr amas de Aplicações  \n Imagens Ilus trativas\n Imagens Ilus trativas\nCM MK T  JAN 24 - *As especificações  técnicas estão sujeitas a alterações sem aviso pr évio e conf orme necessidades de pr ojetos customizados .                 Nós incentivamos a r eciclagem.', 'CM COMANDOS LINEARES\nOSDN LI A NM EO AC REM SCISO\n9001\n2015\nSistema de \nSustentabilidade AuditadaAv. Eng. Alberto de Zagottis, 760 - 04675-085 - São Paulo - SP\nTel.: (11) 5696-5000 - Fax: (11) 5696-5055\nwww.cmcomandos.com.brOSD L NI A NM EA OR CEM SCISO\n9001\n2015']","As especificações estarem sujeitas a alterações em projetos customizados dentro do Sistema de Sustentabilidade Auditada indicam que os detalhes técnicos podem ser ajustados conforme as necessidades específicas de cada projeto. Isso permite flexibilidade e adaptação às exigências dos clientes ou às condições do ambiente, mas também implica que os usuários devem estar cientes de que as informações podem mudar e que é importante verificar as especificações atualizadas antes da implementação. Além disso, essa prática pode garantir que as soluções oferecidas sejam sempre as mais adequadas e eficientes para cada situação particular.",As implicações de as especificações estarem sujeitas a alterações em projetos customizados dentro do Sistema de Sustentabilidade Auditada incluem a necessidade de adaptação contínua e a possibilidade de ajustes nos processos e requisitos dos projetos.,0.9999999999,0.0,0.0,0.0,0.0,0.5,0.67,0.8874023516460345,0.31072555205047314,0.3150684931506849,0.0,0.0,1,1,1,1,1
39,Quais são as consequências de não respeitar as condições de temperatura ambiente para a utilização das baterias?,"['Banco de Baterias  \n \n \n \nCuidados com as Baterias  \n \nAs baterias são componentes eletroquímicos e a sua utilização \ndeve ser realizada exclusivamente por técnicos treinados e habilitados.  \nA armazenagem e utilização deve respeitar as condições de \ntemperatur a ambiente, nunca superior a 30° C, sob pena de reduzir as \nsuas características eletroquímicas e consequentemente, a sua vida \nútil. \nAlém disso, possuem em seu interior, componentes químicos \nque podem contaminar o meio ambiente e causar danos à saúde \nhumana.  \nPor este motivo, jamais devem ser abertas e suas partes \ninternas desmontadas.   \nAo término da sua vida útil, após a sua reposição, deve ser realizado o \ndescarte apropriado, enviado o produt o à reciclagem adequada.  \nInforme -se sobre postos de coleta e descarte de baterias na sua \nregião ou se preferir, entre em contato com a nossa Assistência \nTécnica.', 'Equaliz erActive Batt ery Mangement\nBENEFÍCIOS\nEstende a vida útil das baterias\nO sistema de Equalização Ativa mantém as baterias em condições \nideais, maximizando a sua vida útil. Reduz a necessidade de troca das \nbaterias e reduz o custo.\nRedução de Custo de Propriedade\nProlonga a vida útil das baterias, reduz o período de trocas e \nautomatiza a manutenção, reduzindo enormes custos com \nintervenções manuais.\nEcológico e Sustentável\nNa era da sustentabilidade, reduzir o consumo de baterias significa \nusar menos recursos e gerar menos descartes no meio ambiente.Análise da Vida Útil da Bateria\nAnalisa a curva de carga e descarga de um banco de baterias e \nacompanhe a evolução da vida útil, algo que é impraticável fazer \nmanualmente.Minimiza o Downtime por falha da bateria\nO prejuízo decorrente de uma queda do sistema por falha de bateria \ngera um valor incalculável para a sua operação.CARACTERÍSTICAS  \nPRINCIPAIS\nEqualização Ativa Individual do Banco de Baterias\nEleva a vida útil e a confiabilidade das baterias. \nPermite que as baterias atinjam a máxima vida útil de operação.\nAutomatização da Manutenção das Baterias\nO sistema mantém as baterias em condições ideais automaticamente. \nA análise e o diagnóstico são realizados à distância, individualmente e \nsem precisar desligar o sistema.\nMonitoramento em Tempo Real das Baterias\nMonitora a condição das baterias em tempo real à distância,  de \nforma eficiente e reduzindo o elevado custo com intervenções \nmanuais.Medição da Impedância da Bateria\nA Impedância interna é o parâmetro real da condição da bateria. \nAlém disso, mede a tensão e temperatura individual de cada bateria e \ngrava na memória.Previne contra quedas do sistema por defeito nas baterias\nO sistema monitora constantemente as baterias individualmente e \nenvia alarmes antes de ocorrer um problema.\nCONFIGURAÇÃO DO BANCO DE BATERIAS\nAPLICAÇÕES\nn   \nn   \n Banc os de Ba terias:\n• Sist emas No -Breaks\n• Retificador es de Telecomunicações\n• Ener gia Solar e Eólica\n• Compatív el com t odas as mar cas \nde equipament os, independent e \ndo fabr icant e.\nTipos :\n• Seladas Reguladas por Válvula VRLA\n• Estacionár ias\n• 12VDC e 2VDC']","Não respeitar as condições de temperatura ambiente para a utilização das baterias pode resultar na redução das características eletroquímicas das baterias, o que, por sua vez, compromete a sua vida útil.","As consequências de não respeitar as condições de temperatura ambiente para a utilização das baterias incluem a redução das características eletroquímicas e, consequentemente, a diminuição da sua vida útil.",0.9999999999,1.0,0.0,0.0,0.9311913427014481,1.0,1.0,0.9371489437201816,0.6553398058252426,0.7027027027027027,0.0,0.0,0,0,1,1,1
40,Quais são os principais aspectos a serem considerados na configuração do banco de baterias?,"['Banco de Baterias  \n \n \n \nCuidados com as Baterias  \n \nAs baterias são componentes eletroquímicos e a sua utilização \ndeve ser realizada exclusivamente por técnicos treinados e habilitados.  \nA armazenagem e utilização deve respeitar as condições de \ntemperatur a ambiente, nunca superior a 30° C, sob pena de reduzir as \nsuas características eletroquímicas e consequentemente, a sua vida \nútil. \nAlém disso, possuem em seu interior, componentes químicos \nque podem contaminar o meio ambiente e causar danos à saúde \nhumana.  \nPor este motivo, jamais devem ser abertas e suas partes \ninternas desmontadas.   \nAo término da sua vida útil, após a sua reposição, deve ser realizado o \ndescarte apropriado, enviado o produt o à reciclagem adequada.  \nInforme -se sobre postos de coleta e descarte de baterias na sua \nregião ou se preferir, entre em contato com a nossa Assistência \nTécnica.', 'Equaliz erActive Batt ery Mangement\nBENEFÍCIOS\nEstende a vida útil das baterias\nO sistema de Equalização Ativa mantém as baterias em condições \nideais, maximizando a sua vida útil. Reduz a necessidade de troca das \nbaterias e reduz o custo.\nRedução de Custo de Propriedade\nProlonga a vida útil das baterias, reduz o período de trocas e \nautomatiza a manutenção, reduzindo enormes custos com \nintervenções manuais.\nEcológico e Sustentável\nNa era da sustentabilidade, reduzir o consumo de baterias significa \nusar menos recursos e gerar menos descartes no meio ambiente.Análise da Vida Útil da Bateria\nAnalisa a curva de carga e descarga de um banco de baterias e \nacompanhe a evolução da vida útil, algo que é impraticável fazer \nmanualmente.Minimiza o Downtime por falha da bateria\nO prejuízo decorrente de uma queda do sistema por falha de bateria \ngera um valor incalculável para a sua operação.CARACTERÍSTICAS  \nPRINCIPAIS\nEqualização Ativa Individual do Banco de Baterias\nEleva a vida útil e a confiabilidade das baterias. \nPermite que as baterias atinjam a máxima vida útil de operação.\nAutomatização da Manutenção das Baterias\nO sistema mantém as baterias em condições ideais automaticamente. \nA análise e o diagnóstico são realizados à distância, individualmente e \nsem precisar desligar o sistema.\nMonitoramento em Tempo Real das Baterias\nMonitora a condição das baterias em tempo real à distância,  de \nforma eficiente e reduzindo o elevado custo com intervenções \nmanuais.Medição da Impedância da Bateria\nA Impedância interna é o parâmetro real da condição da bateria. \nAlém disso, mede a tensão e temperatura individual de cada bateria e \ngrava na memória.Previne contra quedas do sistema por defeito nas baterias\nO sistema monitora constantemente as baterias individualmente e \nenvia alarmes antes de ocorrer um problema.\nCONFIGURAÇÃO DO BANCO DE BATERIAS\nAPLICAÇÕES\nn   \nn   \n Banc os de Ba terias:\n• Sist emas No -Breaks\n• Retificador es de Telecomunicações\n• Ener gia Solar e Eólica\n• Compatív el com t odas as mar cas \nde equipament os, independent e \ndo fabr icant e.\nTipos :\n• Seladas Reguladas por Válvula VRLA\n• Estacionár ias\n• 12VDC e 2VDC']","Na configuração do banco de baterias, é importante considerar os seguintes aspectos:

1. **Tipo de Baterias**: Escolher entre baterias seladas reguladas por válvula (VRLA), estacionárias, e as tensões adequadas, como 12VDC e 2VDC.

2. **Aplicações**: Definir o uso do banco de baterias, que pode incluir sistemas no-break, retificadores de telecomunicações, e aplicações em energia solar e eólica.

3. **Compatibilidade**: Garantir que o sistema seja compatível com todas as marcas de equipamentos, independentemente do fabricante.

4. **Manutenção e Monitoramento**: Implementar um sistema que permita a automação da manutenção e o monitoramento em tempo real das condições das baterias, para maximizar a vida útil e prevenir falhas.

5. **Condições Ambientais**: Respeitar as condições de temperatura ambiente, que não devem ultrapassar 30°C, para preservar as características eletroquímicas das baterias.

Esses aspectos são fundamentais para garantir a eficiência e a durabilidade do banco de baterias.","Os principais aspectos a serem considerados na configuração do banco de baterias incluem a capacidade, a tensão, a química das baterias, o balanceamento, a segurança e a manutenção.",0.49999999995,0.0,0.0,0.0,0.9763836430371642,0.6923076923076923,0.36,0.8119853794708078,0.15109343936381714,0.17435897435897435,0.0,0.0,0,1,1,1,1
41,Quais são as consequências de uma sobrecarga em sistemas de proteção elétrica?,"['ESPECIFICAÇÕES TÉCNICAS \nEntrada\nn Tensão: \n    •  3kVA \n100/110/115/120/127 VAC 120V (standard) ou  \n200/208/220/230/240 VAC 220V (standard) \n    •  6kVA / 10kVA\n 200/208/220/230/240 VAC 220V (standard)\nn Variação Admissível:\n   •   3kVA \n55-150 VAC ou 110-300 VAC @ 50% de Carga\n80-150 VAC ou 160-300 VAC @ 100% de Carga\n   •   6kVA / 10kVA \n110-300 VAC @ 50% de Carga\n176-300 VAC @ 100% de Carga \nn Freqüência: 50/60 Hz                           \nn Variação de Freqüência Admissível:   \n    •    3kVA  \n40-70Hz\n    •    6kVA / 10 kVA \n46-54Hz @50Hz e 56-64Hz @60Hz\nn  Configuração:\nMonofásica \nn Fator de Potência:\n≥ 0.99 Tensão nominal (100% de Carga)\nn Distorção Harmônica THDi:\n    •    3kVA\n ≤ 5% @ Tensão de Entrada nominal\n    •    6kVA / 10kVA\n<4% @100% de Carga, <6% @50% de Carga\nSaída\nnTensão: \n    •   3kVA \n100/110/115/120/127 VAC 115V (standard) ou \n200/208/220/230/240 VAC 220V (standard) \n    •   6kVA / 10kVA \n200/208/220/230/240 VAC 220V (standard) \nn Fator de Potência:  1,0\nn Regulação Estática:   ± 1% nominal modo \nbateria\nn Freqüência:   50 / 60 Hz \nn Variação de Freqüência: \n± 0,1Hz em modo bateria\nn Sincronismo com a Rede:   Sim\nn Configuração:   \n Monofásica f+n+t \nn Forma de Onda:   Onda senoidal pura\nn Distorção Harmônica THD:  \n •   3kVA \n    ≤ 2% carga linear \n    ≤ 4% carga não-linear \n •   6kVA / 10kVA \n    ≤ 1% carga linear \n    ≤ 4% carga não-linearBaterias\nn  Composição:  \n    •    72  VDC - 3,0 kVA \n    •     240 VDC - 6,0 kVA \n    •     240 VDC - 10,0 kVA \nn  Sistema de Recarga: \ncontrolado, automático\nn Tempo de Recarga:  \n8 a 10 horas para 90% da carga\nn Tipo: \nseladas, isentas de manutenção\nn  Paralelismo Redundante (N+1) \n»  Disponível nas potências de 6 e 10kVA\nn By-pass estático (inteligente):  \nO termo inteligente aplica-se, visto que a linha \nComposition XV  possui desligamento da saída da \nchave estática em condições que, a tensão da rede \napresenta variações fora da faixa de trabalho, prote -\ngendo a carga contra sub ou sobre tensão mesmo \nna condição de by-pass estático.', 'Medidas de P roteção \nVitais para I nstalações \nElétr icas Hospitalar es\nFUNCIONAMENTO Sistema de Aterrament o IT Médico \nO Sistema IT Médico é um sistema de super visão de falhas de isolação nas instalações elétr icas aplicado em \nconfiguração de aterrament o tipo IT, conf orme previsão da norma NBR 13534:2008 da Anvisa. \nEsta norma visa garantir a manut enção dos equipament os de sustentação à vida, mesmo em caso de \nprimeira falha de isolação elétr ica nos Estabeleciment os Assistenciais a Saúde (EAS). \nA utilização desta proteção é compulsór ia nos ambient es hospitalar es do Grupo 2, nos quais se enquadram \nas Salas Cirúr gicas, UTIs , UTIs Neonatais e Salas de Hemodinâmica. \nA utilização do Sistema IT Médico aumenta a segurança \npara o pacient e e para o corpo clínico ,  pois a interrupção \nno forneciment o de ener gia elétr ica em caso de uma falta é evitada, pois mesmo em um caso de curto- \ncircuito fase t erra, por ex emplo , um equipament o eletr omédico pode ser usado para auxiliar ou substituir , \ntemporar iament e ou permanent ement e  funções vitais de um pacient e. \nAlém disso , ocor re uma redução nas correntes de fuga circulando pelo condut or de proteção , o que diminui \na tensão de contat o e consequent ement e a intensidade de um choque elétr ico acidental .\nO Sistema possui Dispositiv o Super visor de Isolament o (DSI), Dispositiv o Super visor de Temperatura (DST ) e \nDispositiv o Super visor de Corrente (DSC ) que mede a resist ência entre os condut ores de alimentação e o \ncondut or de proteção , sinalizando sonora e visualment e quando essa resist ência decr esce para 50 KΩ. \nCOMPOSIÇ ÃO BÁSIC A  Quadr o de Ener gia Elétrica  - Sistema IT Médico \nO sistema é compost o por: \n• Transf ormador de Separação \n• Dispositiv o Super visor de Isolament o (DSI) \n  Super visor de Temperatura (DST )\n  Super visor de Corrente (DSC ) \n• Dispositiv o Anunciador \n• Montagem em Rack\nOpcionais: \n• Gerador de Sinal BT-4000\n• Localizador Individual de Falha BT-0074/ BT 0078\n• Interface Homem-M áquina (IHM)']","As consequências de uma sobrecarga em sistemas de proteção elétrica podem incluir a interrupção do fornecimento de energia elétrica, o que pode afetar o funcionamento de equipamentos essenciais, especialmente em ambientes críticos como hospitais. Além disso, uma sobrecarga pode levar ao aumento da temperatura nos condutores, resultando em danos aos equipamentos e riscos de incêndio. Em sistemas projetados para garantir a segurança, como o Sistema IT Médico, a proteção contra sobrecargas é crucial para manter a operação contínua e segura dos dispositivos médicos, evitando falhas que poderiam comprometer a vida dos pacientes.","As consequências de uma sobrecarga em sistemas de proteção elétrica podem incluir danos aos equipamentos, falhas no sistema e riscos de incêndio.",0.0,0.0,0.0,0.0,0.9999999999999992,0.2222222222222222,0.0,0.8417466074236537,0.22187004754358164,0.35114503816793885,0.0,0.0,1,0,1,1,1
42,Qual a importância da calça azul no uniforme da equipe?,"['Vantagens do C ontrat o de M anut enção \nAtravés do contrat o de manut enção , técnicos e gest ores de manut enção podem r eduzir a deg radação dos seus equipament os, prolongando \no tempo de vida útil e evitando int ervenções cor retivas , que geram cust os elevados e t êm impac tos negativ os.\nn   Supor te técnico por t elefone, durant e 24hs/dia\nn   Minimizar os r iscos e pr ejuíz os de t er um equipament o parado\nn   Prioridade no at endiment o no caso de uma parada \nn Redução da necessidade de manut enção cor retivas em at é 80% e \nconsequent e  redução de cust os\nn  Serviços de cor retivas , quando  inclusos no contrat o \nn Redução de cust o: equipament os com manut enção pr eventiva \nadequada sofr em menos desgast es e, por tanto \ntem sua vida útil ampliada. \nAv. Eng . Alber to de Zagottis , 760 - 04675-085 -  São P aulo - SP\nTel.: (11) 5696-5033 \nwww.cmcomandos .com.br\nSistema de \nSustentabilidade A uditadoIdentifique Nossa E quipe \nUniforme P adrão \nCamisa azul   Calça azul   Crachá  \nPedro\nSuporte Técnico0000000000001Nome:\nRG:\nSetor:João P edro \nMatrícula:\n1111 25.613.810-2\nAssistência Técnica\n1.Uso... \nJOÃO PEDRO \nSuporte Técnico Supor te Técnico\nCall C enter int egrado ao sist ema de gestão ERP\nTécnicos Treinados e Qualificados\nEquipados com I nstrumentação de P onta\nAnalisador de Har mônicos\nAtendiment o 24 horas - 7 dias da semana via C ontrat os\nde M anut enção P reditiva, P reventiva e C orretiva\n  Supor te Pleno de P ré e P ós-V enda\nAmpla cober tura em t odo o paísn   \nn  \nn  \nn  \nn  \nn\nn  \nCM MK T SET 2021  -   As especificações estão sujeitas a alterações sem pr évio aviso . Nós incentivamos a r eciclagem\nAtendiment o em t odo\n o Território Nacional\ncom filiais e r epresentant es nas pr incipais \ncidades e capitais , otimizando o t empo , \ncusto e buscando a ex celência\n na pr estação de ser viços\nEscaneie e saiba mais sobr e o\n contrat o de manut enção \nOSD  N LI A NM EO AC R EMSCISO\n90012015 OSD  N LI A NM EO AC R EMSC', 'Medidas de P roteção \nVitais para I nstalações \nElétr icas Hospitalar es\nFUNCIONAMENTO Sistema de Aterrament o IT Médico \nO Sistema IT Médico é um sistema de super visão de falhas de isolação nas instalações elétr icas aplicado em \nconfiguração de aterrament o tipo IT, conf orme previsão da norma NBR 13534:2008 da Anvisa. \nEsta norma visa garantir a manut enção dos equipament os de sustentação à vida, mesmo em caso de \nprimeira falha de isolação elétr ica nos Estabeleciment os Assistenciais a Saúde (EAS). \nA utilização desta proteção é compulsór ia nos ambient es hospitalar es do Grupo 2, nos quais se enquadram \nas Salas Cirúr gicas, UTIs , UTIs Neonatais e Salas de Hemodinâmica. \nA utilização do Sistema IT Médico aumenta a segurança \npara o pacient e e para o corpo clínico ,  pois a interrupção \nno forneciment o de ener gia elétr ica em caso de uma falta é evitada, pois mesmo em um caso de curto- \ncircuito fase t erra, por ex emplo , um equipament o eletr omédico pode ser usado para auxiliar ou substituir , \ntemporar iament e ou permanent ement e  funções vitais de um pacient e. \nAlém disso , ocor re uma redução nas correntes de fuga circulando pelo condut or de proteção , o que diminui \na tensão de contat o e consequent ement e a intensidade de um choque elétr ico acidental .\nO Sistema possui Dispositiv o Super visor de Isolament o (DSI), Dispositiv o Super visor de Temperatura (DST ) e \nDispositiv o Super visor de Corrente (DSC ) que mede a resist ência entre os condut ores de alimentação e o \ncondut or de proteção , sinalizando sonora e visualment e quando essa resist ência decr esce para 50 KΩ. \nCOMPOSIÇ ÃO BÁSIC A  Quadr o de Ener gia Elétrica  - Sistema IT Médico \nO sistema é compost o por: \n• Transf ormador de Separação \n• Dispositiv o Super visor de Isolament o (DSI) \n  Super visor de Temperatura (DST )\n  Super visor de Corrente (DSC ) \n• Dispositiv o Anunciador \n• Montagem em Rack\nOpcionais: \n• Gerador de Sinal BT-4000\n• Localizador Individual de Falha BT-0074/ BT 0078\n• Interface Homem-M áquina (IHM)']","A calça azul no uniforme da equipe é parte do padrão de vestimenta que contribui para a identificação e profissionalismo dos membros da equipe, além de promover uma imagem coesa e organizada.","A calça azul é parte do uniforme padrão da equipe, que inclui também a camisa azul e o crachá, indicando a identidade e a organização da equipe.",0.9999999999,1.0,0.0,0.0,0.9961536150887199,0.2,0.4,0.884635979712397,0.38743455497382195,0.4307692307692308,0.0,0.0,0,0,1,1,1
43,características aplicações sistemas elétricos 30 kV ANo,"['Possui isolação galvânica reforçada, blindagem eletrostática \nentre enrolamentos primário e secundár io, conectados a um \nterminal própr io e com caracter ísticas elétricas e mecânicas que \ngarantem sua qualidade e confiabilidade.\nPossui sensores de temperatura do tipo PT-100 os quais são \nconectados ao módulo DST para super visão de temperatura.\nO transformador garante a confiabilidade das condições do \nisolamento do circuito elétrico sendo imprescindível para a \nsegurança nas aplicações cirúrgicas.\n       5,0 - 7,5   1135 X 456 X 466    130\n     7,5 - 7,5      1135 X 456 X 466    150\n     7,5 -10,0     1135 X 456 X 466        170Potência\nkVAPeso \nkgDimensões Físicas\nalt x lar g x prof \nmm\n  10,0 -10,0    1135 X 456 X 466       190\n      3,0 - 3,0   900 X 440 X 400     105\n     3,0 - 5,0    900 X 440 X 400     105\n     5,0 - 5,0    900 X 440 X 400         105Potência\nkVAPeso \nkgDimensões Físicas\nalt x lar g x prof \nmmGabinete duplo Gabinete duplo intermediário\n• Nor mas: 61557-8, IEC EN 64-8/7 - 710 and UNE 20615.\n*', 'Classe de Isolação:  \nF (150°C )\n Elev ação de Temper atur a:\nF (80°C )\nRuído audív el:\n    40 dB @ 1 metr o\nFreqüência :  \n60 H z  (Standar d)  \n50 H z  (Opcional)\nPotência Monofásica\nAté 10,0 kV A \nTensão P rimária\nAté 1000 VTRANSFORMADOR DE SEP ARAÇÃO CARACTERÍSTIC AS TÉCNIC AS \nO transf ormador de Separação é fabr icado de acor do com as nor mas \nIEC 61558-2-15 e NBR 13534.\nDISPOSITIV O SUPER VISOR DE ISOLAMENT O (DSI)  O DSI é o módulo de comando central do sist ema e r ealiza o monit orament o continuo do isolament o da r ede elétr ica ex clusiva, atra vés da injeção \nde sinais entr e a linha de alimentação do dispositiv o e o at errament o. \nO sinal injetado é compost o por component es ôhmicos adequados para um nív el máximo de dispersão t otal,  estabelecidos pela nor ma. \nCaso ocor ram nív eis maior es do que o nor mal,  o dispositiv o de super visão imediatament e atua, emitindo um sinal de alar me, para a int ervenção \ndas equipes de manut enção . \nO módulo DSI possui um micr oprocessador int erno, comunicação M odbus via RS485 e é pr ojetado dentr o dos cr itérios tecnológ icos mais \navançados ,  sendo pr eciso , segur o e confiá vel, carac terísticas exig idas pelas  aplicações médico -hospitalar es.']","As características dos sistemas elétricos até 30 kVA incluem a presença de isolamento galvânico reforçado, blindagem eletrostática entre os enrolamentos primário e secundário, e sensores de temperatura do tipo PT-100 para supervisão de temperatura. Esses sistemas são projetados para garantir a confiabilidade do isolamento do circuito elétrico, sendo essenciais para a segurança em aplicações cirúrgicas. Além disso, os transformadores utilizados são fabricados de acordo com normas específicas, como IEC 61558-2-15 e NBR 13534, e possuem um dispositivo de supervisão de isolamento que monitora continuamente a rede elétrica, emitindo alarmes em caso de anomalias.",As características e aplicações de sistemas elétricos de 30 kV ANo incluem a capacidade de operar com potência de 30 kV.,0.0,0.0,0.0,0.0,0.7289912829596105,1.0,0.0,0.6768053857005141,0.14887218045112782,0.17142857142857143,0.0,0.0,1,1,1,1,1
