,question,contexts,answer,ground_truth,answer_relevancy,answer_correctness,answer_similarity,context_precision,context_recall,context_utilization,context_entity_recall,noise_sensitivity_irrelevant,noise_sensitivity_relevant,faithfulness
0,Quais são as vantagens de contar com suporte técnico 24 horas da CM Comandos?,"['Alta Tecnologia em\nProcessamento Digital\nde Sinais - DSP\nO S M A I S M O D E R N O S\nN O B R E A K S C O R P O R AT I V O SVivemos em um mundo cada vez mais ágil e prático. Um mundo conectado por processadores, chips, softwares e \nperiféricos. Mas isso ainda não é o bastante. Por isso, o mundo caminha para tecnologias de processamento imediato \nde dados. A CM Comandos Lineares está um passo à frente e oferece aos seus clientes produtos dotados de uma \ntecnologia revolucionária, denominada Processamento Digital de Sinais -- DSP .\nToda a linha de No Breaks Innovation S1 Trifásico  \nTransformerless conta com a tecnologia DS P.   \nCaracterística que proporciona alta performance e \nconfiabilidade, tornando-os ideais para aplicações de missão crítica. Ou seja, protegem as aplicações nas quais a \ncontinuidade da operação é de fundamental importância.\ndos equipamentos pode ser atualizado, \nacrescentando novas funções em \nunidades já instaladas. Hoje, esta tecnologia está presente nos mais sofisticados sistemas eletrônicos, devido à sua alta velocidade e \nconfiabilidade. Processadores Digitais de Sinais são capazes de processar dez milhões de amostragens por segundo. \nIsso significa processamento em tempo real -- o sinal é processado no mesmo instante em que é recebido, sem \nretardos ou atrasos.\nProjetados com o uso intenso dos recursos da tecnologia DSP ,  os No Breaks Innovation Trifásico Transformerless  \nagregam novos  e avançados recursos, que estabelecem um novo conceito em desenvolvimento, no qual o firmware \nAo pensar em adquirir No Breaks,     \nconte com as soluções da\nCM Comandos, que asseguram \ntecnologia de ponta, máxima proteção, \nprecisão digital e processamento        \nem tempo real.'
 'Alarmes\nn Controlados pelo processador \nn Alarmes Sonoros:\n•   3kVA \n       »  Falta de Rede - um toque a cada 5 segundos\n       »  Bateria Baixa - um toque a cada 2 segundos\n       »  Sobrecarga - soando a cada segundo \n•   6kVA / 10kVA \n       »  Falta de Rede - um toque a cada 4 segundos\n       »  Bateria Baixa - soando a cada segundo\n       »  Sobrecarga - soando duas vezes a cada segundo\n       »  Falha - toque contínuo\nCaracterísticas Físicas e Mecânicas\nn  Dimensões Compactas \nn  Gabinete Metálico\n    •    Rack padrão 19 Pol 2U e em Torre \n    •    Painel Frontal em ABS \n    •    Acabamento pintura epóxi-pó na cor preta\n    •    Tratamento térmico e anti-corrosivo\nn  Conexões Elétricas:\n    •   Entrada: Cordão de Força com Plug (apenas       \n3 kVA) \n    •   Saída: 5 Tomadas 2 Pinos + Terra \nn Ventilação forçada\nn  Porta de Comunicação: \n    •   Serial RS232 - DB9 Fêmea\n    •   Slot SNMP Opcional Sinalização:    \n     •   Display LCD \n       » Status de Operação\n       » Nível Carga \n       » Nível Bateria\n       » Tensão de Entrada\n       » Tensão de Saída\n       » Tempo de Descarga \n       » Falha \nProteções Elétricas:\nn  Sobrecarga\nn  Descarga Bateria baixa\nn  Sobrecarga de Bateria\nCaracterísticas de Operação\nn Ruído Audível:  inferior a 55 dBA @ 1 metro\nn  MTBF (Mean Time Between Failures): 30 mil \nhoras\nn  MTTR (Mean Time To Repair):  60 minutos\nn Temperatura Ambiente: \n    •    Baterias: 0ºC a 30ºC\n    •    No-Break: 0ºC a 40ºC \n    •    Recomendada: 20ºC e 25ºC\nn  Umidade Relativa:\n    •    20% a 90% sem condensação\n    •    Recomendada: 45% a 55%\nn  Altitude: até 1.000m\nn  Tipo de Ambiente Recomendado:\n    •    Interno, instalação abrigada\n    •    Atmosfera: limpa, livre de partículas condu -\ntivas, gases tóxicos, líquidos e inflamáveis.\nn  Grau de Proteção: IP-20\nAv. Eng. Alberto de Zagottis , 760 - 04675-085 - São Paulo - SP\nTel.:(11) 5696-5000\nwww.cmcomandos.com.brSistema de \nSustentabilidade Auditada  Modelo Peso (sem \nbaterias)\nkg Dimensões Físicas \nalt x larg x prof \nmm Potência \nkVA\n3000         3,0          88 x 438 x 630           30Modelo com baterias internas\nModelo Peso (sem \nbaterias)\nkg Dimensões Físicas \nalt x larg x prof \nmm Potência \nkVA\n3000        3,0         88 x 438 x 630             12Modelo sem baterias internas\n6000        6,0         88 x 438 x 630             17\n10000     10,0        88 x 438 x 630             20\nModelo Peso (sem \nbaterias)\nkg Dimensões Físicas \nalt x larg x prof \nmm Potência \nkVA\n6000        6,0       130 x 440 x 600             59Banco de Baterias \n10000     10,0      130 x 440 x 600             67\nCM MKT  JAN 24 - *As especificações  técnicas estão sujeitas a alterações sem aviso prévio e conforme necessidades de projetos customizados.']","Com o suporte técnico 24 horas da CM Comandos, pode ter garantia de que problemas técnicos sejam resolvidos rapidamente e eficazmente, minimizando interrupções em suas operações críticas. Além disso, um suporte contínuo garante que os equipamentos estejam funcionando a pleno potencial e mantenham sua confiabilidade, evitando danos ou perda de dados.","As vantagens de contar com suporte técnico 24 horas da CM Comandos incluem a disponibilidade de atendimento contínuo, garantindo que os clientes tenham acesso a assistência sempre que necessário. Isso é parte do compromisso da empresa em oferecer um suporte técnico de alta qualidade, consolidado ao longo de 40 anos como líder de mercado.",0.5687073467173298,0.5330020510132972,0.9320082040531886,0.99999999995,1.0,0.99999999995,0.1999999996,,,1.0
1,Qual é a função do software IP Power em relação ao gerenciamento de servidores?,"['Equalização A tiva de Bat erias\nO  QUE  É  ?\nO Equalizer é uma solução revolucionária de Equalização Ativa Individual de Baterias,  desenvolvido e fabricado \nno Brasil, pela CM Comandos. \nCada bateria recebe um Módulo de Bateria, conectado a um controlador, o Master Controller.  O Controller \nsupervisiona a tensão final das baterias e controla os Módulos de Baterias de forma a regular a tensão sobre cada \nbateria, para que todas as baterias sempre apresentem a mesma tensão.\nCada Módulo de Bateria possui um microcontrolador e um módulo ativo que mantêm todas as baterias \nequalizadas. \nA Equalização Ativa faz com que todas as baterias sejam igualmente carregadas com a mesma tensão, \neliminando o efeito negativo de uma bateria sobrecarregar as outras, com excesso de carga ou o inverso, de \nimpedir que as baterias adjacentes sejam carregadas plenamente.\nO Equalizer permite que as  baterias atinjam 100% da sua vida útil, projetada pelos fabricantes. Antes, sem o \nEqualizer, as baterias se deterioravam precocemente e era necessário substituí-las. Dependendo do tipo de \nbateria, a durabilidade pode dobrar,  eliminando substituições  e reduzindo a necessidade de reciclagem.  O \nprocesso de reciclagem consome grandes recursos naturais.\nAlém disso, o sistema impede a queda do sistema por falha de baterias,  enviando alarmes ANTES de ocorrer uma \nfalha do sistema, reduzindo o DOWNTIME e elevando a confiabilidade de todo sistema.\nRede Elétr ica\nde En tradaRetificador\nCarregador\nBanc o de\nBateriasBateria 1\nBateria 2\nBateria 3\nBateria nEqualizer\nEqualizer\nEqualizer\nEqualizerMaster\nController\nCorrente Alt ernada de Entrada\nCabo de Comunicação Cabo de Medição Módulo EqualizerCorr ente ContínuaCOMO FUNCIONA ?\nEqualiz er - Equalização A tiva\nA central contr ola cada módulo , conec tado em \nparalelo com a bat eria e contr ola a t ensão de f orma \nque t odas fiquem iguais . Além disso , monit ora  \nconstant ement e a Resist ência I nterna e a \nTemperatura individualment e de cada bat eria, \narmaz ena os dados para análise e emit e alar mes \nantes de ocor rer a falh a.'
 'S I S T E M A PA R A L E L O M U LT I AT I V O ( E X C L U S I V O C M C O M A N D O S )\nA CM Comandos Lineares desenvolveu um sistema inovador e pioneiro no mundo de paralelismo entre No Breaks. O sistema Paralelo \nMulti Ativo permite a expansão do sistema, de acordo com sua demanda de consumo, podendo paralelar quantas unidades forem \nnecessárias para atender sua demanda, elevando a capacidade do sistema e a confiabilidade de sua aplicação.\nP O S S I B I L I D A D E D E S O M A T Ó R I A D E  P O T Ê N C I A S\nPermite a ligação para somatória de potência, utilizando dois ou mais No \nBreaks para atingir a demanda da carga total.\nQuando utilizado para somatória de potência, possibilita a ligação de \nNo Breaks com potências diferentes. Quando a ligação for feita com No \nBreaks de potências diferentes, a carga será distribuída \nproporcionalmente. Permite a ligação em paralelo redundante N + 1,  N + 2, N + 3 … N+X,  \npossibilitando o desligamento de uma ou mais unidades mantendo a \ncarga ativa.L I G A Ç Ã O E M P A R A L E L O R E D U N D A N T E\nA comunicação entre os No Breaks consiste no barramento de \ncomunicação comum, por onde transitam informações contendo \nnível de carga, sincronismo e a condição do by pass.C O M U N I C A Ç Ã O E N T R E O S N O B R E A K STodos os No Breaks são autônomos, operam de forma \nindependente no sistema e possuem controle individual.N Ã O E X I S T E N O B R E A K M E S T R E O U E S C R A V OPodem ser paraleladas quantas unidades forem necessárias, \npossibilitando expansão do sistema, de acordo com a demanda de \nconsumo.Q U A N T I D A D E I L I M I T A D A P A R A P A R A L E L I S M O\nM A N U T E N Ç Ã O D O N O B R E A K\nPermite a inserção ou retirada de um No Break no sistema, sem a \nnecessidade de parada.Rede Elétrica\nde Entrada\nSaídaNo Break 1\n Potência de \n30 kVANo Break 2\nPotência de \n10 kVANo Break 3\nPotência de \n20 kVA\nCarga fornecida pelo sistema = 150 kVANo Break 4\nPotência de \n30 kVANo Break 5\nPotência de \n20 kVANo Break 6\nPotência de \n40 kVA\nINTERFACES DE \nGERENCIAMENTO   \nREMOTO\nSão compostas por diversas ferramentas. O \nAdaptador SNMP NetMate permite\ngerenciar remotamente o No Break via a \nInternet através de um web browser,\nmonitorar o status e enviar alertas por e-mail. \nO software IP Power é uma ferramenta de \ngerenciamento  Windows Application e a \nversão Client é específica para  automatizar o \nshutdown de servidores, podendo desligar \nautomática e simultaneamente vários\ns e r v i d o r e s  e  e s t a ç õ e s .\nO Adaptador ArmModbus permite integrar \no  N o  B r e a k ,  v i a  u m a  p o r t a\nRS485, a Sistemas de Automação Predial.']","O software IP Power é uma ferramenta de gerenciamento que permite automatizar o shutdown (desligar) de vários servidores simultaneamente. Além disso, ele também pode ser usado para desligar os servidores automaticamente e enviar notificações por e-mail.","O software IP Power é uma ferramenta de gerenciamento que automatiza o desligamento de servidores, podendo desligar automática e simultaneamente vários servidores e estações.",0.8643969296259906,0.6089183617449948,0.9356734469799792,0.49999999995,,0.99999999995,0.4999999975,,,0.4166666666666667
2,Qual é a importância da comunicação entre os No Breaks no sistema Paralelo Multi Ativo?,"['S I S T E M A PA R A L E L O M U LT I AT I V O ( E X C L U S I V O C M C O M A N D O S )\nA CM Comandos Lineares desenvolveu um sistema inovador e pioneiro no mundo de paralelismo entre No Breaks. O sistema Paralelo \nMulti Ativo permite a expansão do sistema, de acordo com sua demanda de consumo, podendo paralelar quantas unidades forem \nnecessárias para atender sua demanda, elevando a capacidade do sistema e a confiabilidade de sua aplicação.\nP O S S I B I L I D A D E D E S O M A T Ó R I A D E  P O T Ê N C I A S\nPermite a ligação para somatória de potência, utilizando dois ou mais No \nBreaks para atingir a demanda da carga total.\nQuando utilizado para somatória de potência, possibilita a ligação de \nNo Breaks com potências diferentes. Quando a ligação for feita com No \nBreaks de potências diferentes, a carga será distribuída \nproporcionalmente. Permite a ligação em paralelo redundante N + 1,  N + 2, N + 3 … N+X,  \npossibilitando o desligamento de uma ou mais unidades mantendo a \ncarga ativa.L I G A Ç Ã O E M P A R A L E L O R E D U N D A N T E\nA comunicação entre os No Breaks consiste no barramento de \ncomunicação comum, por onde transitam informações contendo \nnível de carga, sincronismo e a condição do by pass.C O M U N I C A Ç Ã O E N T R E O S N O B R E A K STodos os No Breaks são autônomos, operam de forma \nindependente no sistema e possuem controle individual.N Ã O E X I S T E N O B R E A K M E S T R E O U E S C R A V OPodem ser paraleladas quantas unidades forem necessárias, \npossibilitando expansão do sistema, de acordo com a demanda de \nconsumo.Q U A N T I D A D E I L I M I T A D A P A R A P A R A L E L I S M O\nM A N U T E N Ç Ã O D O N O B R E A K\nPermite a inserção ou retirada de um No Break no sistema, sem a \nnecessidade de parada.Rede Elétrica\nde Entrada\nSaídaNo Break 1\n Potência de \n30 kVANo Break 2\nPotência de \n10 kVANo Break 3\nPotência de \n20 kVA\nCarga fornecida pelo sistema = 150 kVANo Break 4\nPotência de \n30 kVANo Break 5\nPotência de \n20 kVANo Break 6\nPotência de \n40 kVA\nINTERFACES DE \nGERENCIAMENTO   \nREMOTO\nSão compostas por diversas ferramentas. O \nAdaptador SNMP NetMate permite\ngerenciar remotamente o No Break via a \nInternet através de um web browser,\nmonitorar o status e enviar alertas por e-mail. \nO software IP Power é uma ferramenta de \ngerenciamento  Windows Application e a \nversão Client é específica para  automatizar o \nshutdown de servidores, podendo desligar \nautomática e simultaneamente vários\ns e r v i d o r e s  e  e s t a ç õ e s .\nO Adaptador ArmModbus permite integrar \no  N o  B r e a k ,  v i a  u m a  p o r t a\nRS485, a Sistemas de Automação Predial.'
 'Equalização A tiva de Bat erias\nO  QUE  É  ?\nO Equalizer é uma solução revolucionária de Equalização Ativa Individual de Baterias,  desenvolvido e fabricado \nno Brasil, pela CM Comandos. \nCada bateria recebe um Módulo de Bateria, conectado a um controlador, o Master Controller.  O Controller \nsupervisiona a tensão final das baterias e controla os Módulos de Baterias de forma a regular a tensão sobre cada \nbateria, para que todas as baterias sempre apresentem a mesma tensão.\nCada Módulo de Bateria possui um microcontrolador e um módulo ativo que mantêm todas as baterias \nequalizadas. \nA Equalização Ativa faz com que todas as baterias sejam igualmente carregadas com a mesma tensão, \neliminando o efeito negativo de uma bateria sobrecarregar as outras, com excesso de carga ou o inverso, de \nimpedir que as baterias adjacentes sejam carregadas plenamente.\nO Equalizer permite que as  baterias atinjam 100% da sua vida útil, projetada pelos fabricantes. Antes, sem o \nEqualizer, as baterias se deterioravam precocemente e era necessário substituí-las. Dependendo do tipo de \nbateria, a durabilidade pode dobrar,  eliminando substituições  e reduzindo a necessidade de reciclagem.  O \nprocesso de reciclagem consome grandes recursos naturais.\nAlém disso, o sistema impede a queda do sistema por falha de baterias,  enviando alarmes ANTES de ocorrer uma \nfalha do sistema, reduzindo o DOWNTIME e elevando a confiabilidade de todo sistema.\nRede Elétr ica\nde En tradaRetificador\nCarregador\nBanc o de\nBateriasBateria 1\nBateria 2\nBateria 3\nBateria nEqualizer\nEqualizer\nEqualizer\nEqualizerMaster\nController\nCorrente Alt ernada de Entrada\nCabo de Comunicação Cabo de Medição Módulo EqualizerCorr ente ContínuaCOMO FUNCIONA ?\nEqualiz er - Equalização A tiva\nA central contr ola cada módulo , conec tado em \nparalelo com a bat eria e contr ola a t ensão de f orma \nque t odas fiquem iguais . Além disso , monit ora  \nconstant ement e a Resist ência I nterna e a \nTemperatura individualment e de cada bat eria, \narmaz ena os dados para análise e emit e alar mes \nantes de ocor rer a falh a.']","A comunicação entre os No Breaks é fundamental para garantir a sincronia e estabilidade do sistema Paralelo Multi Ativo, permitindo que as unidades trabalhem em harmonia e que a carga seja distribuída de forma eficiente. Além disso, essa comunicação permite que o sistema detecte qualquer falha ou anomalia e tome medidas correctivas para evitar interrupções no fornecimento de energia.","A comunicação entre os No Breaks no sistema Paralelo Multi Ativo é importante porque consiste no barramento de comunicação comum, onde transitam informações sobre nível de carga, sincronismo e a condição do by pass. Isso permite que todos os No Breaks operem de forma coordenada e eficiente, garantindo a confiabilidade do sistema.",0.7547068428960094,0.7358106150227901,0.9432424600911604,,1.0,0.99999999995,0.16666666638888888,,,1.0
3,Qual é a função da corrente contínua no processo de conversão de energia elétrica?,"['Equalização A tiva de Bat erias\nO  QUE  É  ?\nO Equalizer é uma solução revolucionária de Equalização Ativa Individual de Baterias,  desenvolvido e fabricado \nno Brasil, pela CM Comandos. \nCada bateria recebe um Módulo de Bateria, conectado a um controlador, o Master Controller.  O Controller \nsupervisiona a tensão final das baterias e controla os Módulos de Baterias de forma a regular a tensão sobre cada \nbateria, para que todas as baterias sempre apresentem a mesma tensão.\nCada Módulo de Bateria possui um microcontrolador e um módulo ativo que mantêm todas as baterias \nequalizadas. \nA Equalização Ativa faz com que todas as baterias sejam igualmente carregadas com a mesma tensão, \neliminando o efeito negativo de uma bateria sobrecarregar as outras, com excesso de carga ou o inverso, de \nimpedir que as baterias adjacentes sejam carregadas plenamente.\nO Equalizer permite que as  baterias atinjam 100% da sua vida útil, projetada pelos fabricantes. Antes, sem o \nEqualizer, as baterias se deterioravam precocemente e era necessário substituí-las. Dependendo do tipo de \nbateria, a durabilidade pode dobrar,  eliminando substituições  e reduzindo a necessidade de reciclagem.  O \nprocesso de reciclagem consome grandes recursos naturais.\nAlém disso, o sistema impede a queda do sistema por falha de baterias,  enviando alarmes ANTES de ocorrer uma \nfalha do sistema, reduzindo o DOWNTIME e elevando a confiabilidade de todo sistema.\nRede Elétr ica\nde En tradaRetificador\nCarregador\nBanc o de\nBateriasBateria 1\nBateria 2\nBateria 3\nBateria nEqualizer\nEqualizer\nEqualizer\nEqualizerMaster\nController\nCorrente Alt ernada de Entrada\nCabo de Comunicação Cabo de Medição Módulo EqualizerCorr ente ContínuaCOMO FUNCIONA ?\nEqualiz er - Equalização A tiva\nA central contr ola cada módulo , conec tado em \nparalelo com a bat eria e contr ola a t ensão de f orma \nque t odas fiquem iguais . Além disso , monit ora  \nconstant ement e a Resist ência I nterna e a \nTemperatura individualment e de cada bat eria, \narmaz ena os dados para análise e emit e alar mes \nantes de ocor rer a falh a.'
 'Caso ocor ram nív eis maior es do que o nor mal,  o dispositiv o de super visão imediatament e atua, emitindo um sinal de alar me, para a int ervenção \ndas equipes de manut enção . \nO módulo DSI possui um micr oprocessador int erno, comunicação M odbus via RS485 e é pr ojetado dentr o dos cr itérios tecnológ icos mais \navançados ,  sendo pr eciso , segur o e confiá vel, carac terísticas exig idas pelas  aplicações médico -hospitalar es.   \nCARACTERÍSTIC AS TÉCNIC AS \n• \nde 0...999kΩ com r esolução de 1kΩ  \n• Monitorament o de t emperatura do enr olament o secundár io do \ntransf ormador de separação ( T1)  \n• Disponibilidade de utilização de um contat o programá vel para \nsinalização à distância, em caso de falhas int ernas do dispositiv o, \nbaixo nív el de isolament o, medição de elevados valor es de \ntemperatura e de alcance do ajust e de máxima cor rente·\n• Teste de aut o-diag nóstico para ev entuais falhas int ernas do \ndispositiv o, verificação da conexão com a r ede e contr ole de \nfuncionament o\n• Injeção no cir cuito de sinais de contr ole codificados , que não são \ninfluenciados pelos component es de tipo contínuo , emitidos por \ndispositiv os elétr icos de uso médico\n• Saída ser ial RS485 para comunicação MODBUS R TUPossibilidade de escolha de um valor pr eciso de isolament o de r ede Tensão S ecundária :  \nAté 250 V\n Tensão de C urto-cir cuito:\n    3%\nCorrente a Vazio:\n    3% x I n\nConexão Elétrica:  \nPor meio de t erminais\nFixação:  \nPor meio de base metálica/ \nrodízios \nDIMENSÕES TRANSFORMADOR DE SEP ARAÇÃO  Transf ormador de Separação - Gabinete Simples  \nTensão de alimentação: 110V / 230V - 60H z\nTensão máxima de medição: 24V\nTensão da r ede c ontr olador a:  24 a 230V AC\nTensão  de Isolament o: 2,5 kV em 1 minut o \nCorrente máxima de medição: 1mA\nDispositivo Super visor de Isolamento (DSI)\n     3,0   600 X 440 X 400    50\n     5,0       600 X 440 X 400    50\n     7,5       600 X 440 X 400         70\n10,0      600 X 440 X 400    90\n  Potência\nkVAPeso \nkgGabinete simples\nDimensões Físicas\nalt x lar g x prof \nmmO Transformador de Separação é projetado pela CM \nComandos, especificamente para o suprimento de energia de \nsistema médico.\nPossui isolação galvânica reforçada, blindagem eletrostática \nentre enrolamentos primário e secundár io, conectados a um \nterminal própr io e com caracter ísticas elétricas e mecânicas que \ngarantem sua qualidade e confiabilidade.\nPossui sensores de temperatura do tipo PT-100 os quais são \nconectados ao módulo DST para super visão de temperatura.\nO transformador garante a confiabilidade das condições do \nisolamento do circuito elétrico sendo imprescindível para a \nsegurança nas aplicações cirúrgicas.']","A corrente contínua desempenha um papel fundamental na conversão de energia elétrica. Ela é essencial para garantir que a energia seja transferida de forma eficiente e segura entre as etapas do sistema, permitindo uma conexão estável e constante.",A resposta à pergunta dada não está presente no contexto,0.6725222655202397,,0.2692786867134132,0.0,1.0,0.99999999995,0.0,,,0.14285714285714285
4,Qual é a função do Adaptador SNMP no gerenciamento remoto do No-Break?,"['S I S T E M A PA R A L E L O M U LT I AT I V O ( E X C L U S I V O C M C O M A N D O S )\nA CM Comandos Lineares desenvolveu um sistema inovador e pioneiro no mundo de paralelismo entre No Breaks. O sistema Paralelo \nMulti Ativo permite a expansão do sistema, de acordo com sua demanda de consumo, podendo paralelar quantas unidades forem \nnecessárias para atender sua demanda, elevando a capacidade do sistema e a confiabilidade de sua aplicação.\nP O S S I B I L I D A D E D E S O M A T Ó R I A D E  P O T Ê N C I A S\nPermite a ligação para somatória de potência, utilizando dois ou mais No \nBreaks para atingir a demanda da carga total.\nQuando utilizado para somatória de potência, possibilita a ligação de \nNo Breaks com potências diferentes. Quando a ligação for feita com No \nBreaks de potências diferentes, a carga será distribuída \nproporcionalmente. Permite a ligação em paralelo redundante N + 1,  N + 2, N + 3 … N+X,  \npossibilitando o desligamento de uma ou mais unidades mantendo a \ncarga ativa.L I G A Ç Ã O E M P A R A L E L O R E D U N D A N T E\nA comunicação entre os No Breaks consiste no barramento de \ncomunicação comum, por onde transitam informações contendo \nnível de carga, sincronismo e a condição do by pass.C O M U N I C A Ç Ã O E N T R E O S N O B R E A K STodos os No Breaks são autônomos, operam de forma \nindependente no sistema e possuem controle individual.N Ã O E X I S T E N O B R E A K M E S T R E O U E S C R A V OPodem ser paraleladas quantas unidades forem necessárias, \npossibilitando expansão do sistema, de acordo com a demanda de \nconsumo.Q U A N T I D A D E I L I M I T A D A P A R A P A R A L E L I S M O\nM A N U T E N Ç Ã O D O N O B R E A K\nPermite a inserção ou retirada de um No Break no sistema, sem a \nnecessidade de parada.Rede Elétrica\nde Entrada\nSaídaNo Break 1\n Potência de \n30 kVANo Break 2\nPotência de \n10 kVANo Break 3\nPotência de \n20 kVA\nCarga fornecida pelo sistema = 150 kVANo Break 4\nPotência de \n30 kVANo Break 5\nPotência de \n20 kVANo Break 6\nPotência de \n40 kVA\nINTERFACES DE \nGERENCIAMENTO   \nREMOTO\nSão compostas por diversas ferramentas. O \nAdaptador SNMP NetMate permite\ngerenciar remotamente o No Break via a \nInternet através de um web browser,\nmonitorar o status e enviar alertas por e-mail. \nO software IP Power é uma ferramenta de \ngerenciamento  Windows Application e a \nversão Client é específica para  automatizar o \nshutdown de servidores, podendo desligar \nautomática e simultaneamente vários\ns e r v i d o r e s  e  e s t a ç õ e s .\nO Adaptador ArmModbus permite integrar \no  N o  B r e a k ,  v i a  u m a  p o r t a\nRS485, a Sistemas de Automação Predial.'
 'monobloco\n   \n    •Painel F rontal: em ABS de alta r esistência\n  \n    • A cabamento: pintura epó xi-pó na cor g rafite\n       com tratamento tér mico e anti- corrosivo\nTransf ormador Isolador : com blindagem\n    eletr ostátican  \nn  \nn   Alarmes\nContr olados pelo pr ocessador DSP\nTipos de Alarmes:\n   \n    •Sonor os: \n       »  A utocheck I nicialização\n       »  Tensão da Rede F ora da F aixa\n       »  Sobr ecar ga de Saída\n       »  F alha I nterna do Estabilizador\n       »  F reqüência da Rede F ora de F aixa\n   \n     •Sinalização: L eds de Status do P ainel\n       »  Rede Nor mal\n       »  Saída Nor mal\n       »  F alhan   \nn   Características de Oper ação\nRuído A udív el: 55 dBA a 60 dBA a 1 metr o\n MTBF (M ean Time Bet ween F ailur es): 50 mil horas\nMTTR (M ean Time To Repair): 30 minutos\nTemperatura Ambiente: \n   \n•Mínimo: 0ºC / M áximo 40ºC\n   \n    •Recomendada: 20ºC a 25ºC\nUmidade Relativa:\n   \n    •0% a 95% sem condensação\n   \n    •Recomendada: 45% a 55%\nAltitude: até 1.800m\n Tipo de Ambiente Recomendado:\n   \n    •Interno, instalação abr igada\n   \n    •Atmosf era: limpa, livr e de par tículas condutivas , \n      gases tó xicos , líquidos e inflamáv eis.\nGrau de P roteção: IP -20n   \nn  \nn   \nn   \n   \nn   \nn    \nn  \nn    \n   2000    2,0       620 X 200 X 600        41  \n   3000    3,0       620 X 200 X 600        43\n   5000    5,0       620 X 200 X 600           47\n   7500    7,5       620 X 200 X 600           61\n 10000  10,0       790 X 400 X 775        119\n 15000  15,0       790 X 400 X 775        147Modelo Potência \nkVADimensões Físicas\nalt x lar g x prof \nmmPeso \nkg\n* Opcional\nCM.MK T MAR 22  -   As especificações estão sujeitas a alterações sem pr évio aviso . Nós incentivamos a r eciclagem\nCertificação de \nSustentabilidade A uditadaESPECIFIC AÇÕES  TÉCNIC ASOs Estabilizador es de Tensão M icroprocessados P erfection MI S2 possuem uma tecnolog ia inédita de duplos con versor es estáticos com módulos IGBT s, de última geração . \nTotalmente contr olado por micr oprocessador DSP – Dig ital Sig nal P rocessor , o estabilizador cor rige instantaneamente qualquer var iação de tensão da r ede elétr ica da \nconcessionár ia, além de atenuar distor ção har mônica, var iações de fr equência e distúr bios elétr icos, gerando uma f orma de onda senoidal pura, e f ornecendo uma linha \nestabilizada ex clusiva e isolada para as aplicações sensív eis.\nA tecnolog ia DSP r ealiza medições em True RMS g raças à amostragem dig ital, sem r etardos ou desvios , com alta v elocidade e confiabilidade . Isso sig nifica que podemos \nproduzir sistemas cada v ez menor es e capaz es de r ealizar mais funções , com elevada confiabilidade .']","O Adaptador SNMP (Simple Network Management Protocol) permite gerenciar remotamente o No Break via a Internet através de um web browser, monitorar o status e enviar alertas por e-mail.","O Adaptador SNMP permite gerenciar remotamente o No-Break via a Internet através de um web browser, monitorar o status e enviar alertas por e-mail.",0.6785041506306922,0.5482557152968812,0.9930228611875245,0.99999999995,0.5,0.9999999999,0.0,,,1.0
5,Qual é a função da corrente contínua no processo de conversão de energia elétrica?,"['Equalização A tiva de Bat erias\nO  QUE  É  ?\nO Equalizer é uma solução revolucionária de Equalização Ativa Individual de Baterias,  desenvolvido e fabricado \nno Brasil, pela CM Comandos. \nCada bateria recebe um Módulo de Bateria, conectado a um controlador, o Master Controller.  O Controller \nsupervisiona a tensão final das baterias e controla os Módulos de Baterias de forma a regular a tensão sobre cada \nbateria, para que todas as baterias sempre apresentem a mesma tensão.\nCada Módulo de Bateria possui um microcontrolador e um módulo ativo que mantêm todas as baterias \nequalizadas. \nA Equalização Ativa faz com que todas as baterias sejam igualmente carregadas com a mesma tensão, \neliminando o efeito negativo de uma bateria sobrecarregar as outras, com excesso de carga ou o inverso, de \nimpedir que as baterias adjacentes sejam carregadas plenamente.\nO Equalizer permite que as  baterias atinjam 100% da sua vida útil, projetada pelos fabricantes. Antes, sem o \nEqualizer, as baterias se deterioravam precocemente e era necessário substituí-las. Dependendo do tipo de \nbateria, a durabilidade pode dobrar,  eliminando substituições  e reduzindo a necessidade de reciclagem.  O \nprocesso de reciclagem consome grandes recursos naturais.\nAlém disso, o sistema impede a queda do sistema por falha de baterias,  enviando alarmes ANTES de ocorrer uma \nfalha do sistema, reduzindo o DOWNTIME e elevando a confiabilidade de todo sistema.\nRede Elétr ica\nde En tradaRetificador\nCarregador\nBanc o de\nBateriasBateria 1\nBateria 2\nBateria 3\nBateria nEqualizer\nEqualizer\nEqualizer\nEqualizerMaster\nController\nCorrente Alt ernada de Entrada\nCabo de Comunicação Cabo de Medição Módulo EqualizerCorr ente ContínuaCOMO FUNCIONA ?\nEqualiz er - Equalização A tiva\nA central contr ola cada módulo , conec tado em \nparalelo com a bat eria e contr ola a t ensão de f orma \nque t odas fiquem iguais . Além disso , monit ora  \nconstant ement e a Resist ência I nterna e a \nTemperatura individualment e de cada bat eria, \narmaz ena os dados para análise e emit e alar mes \nantes de ocor rer a falh a.'
 'Caso ocor ram nív eis maior es do que o nor mal,  o dispositiv o de super visão imediatament e atua, emitindo um sinal de alar me, para a int ervenção \ndas equipes de manut enção . \nO módulo DSI possui um micr oprocessador int erno, comunicação M odbus via RS485 e é pr ojetado dentr o dos cr itérios tecnológ icos mais \navançados ,  sendo pr eciso , segur o e confiá vel, carac terísticas exig idas pelas  aplicações médico -hospitalar es.   \nCARACTERÍSTIC AS TÉCNIC AS \n• \nde 0...999kΩ com r esolução de 1kΩ  \n• Monitorament o de t emperatura do enr olament o secundár io do \ntransf ormador de separação ( T1)  \n• Disponibilidade de utilização de um contat o programá vel para \nsinalização à distância, em caso de falhas int ernas do dispositiv o, \nbaixo nív el de isolament o, medição de elevados valor es de \ntemperatura e de alcance do ajust e de máxima cor rente·\n• Teste de aut o-diag nóstico para ev entuais falhas int ernas do \ndispositiv o, verificação da conexão com a r ede e contr ole de \nfuncionament o\n• Injeção no cir cuito de sinais de contr ole codificados , que não são \ninfluenciados pelos component es de tipo contínuo , emitidos por \ndispositiv os elétr icos de uso médico\n• Saída ser ial RS485 para comunicação MODBUS R TUPossibilidade de escolha de um valor pr eciso de isolament o de r ede Tensão S ecundária :  \nAté 250 V\n Tensão de C urto-cir cuito:\n    3%\nCorrente a Vazio:\n    3% x I n\nConexão Elétrica:  \nPor meio de t erminais\nFixação:  \nPor meio de base metálica/ \nrodízios \nDIMENSÕES TRANSFORMADOR DE SEP ARAÇÃO  Transf ormador de Separação - Gabinete Simples  \nTensão de alimentação: 110V / 230V - 60H z\nTensão máxima de medição: 24V\nTensão da r ede c ontr olador a:  24 a 230V AC\nTensão  de Isolament o: 2,5 kV em 1 minut o \nCorrente máxima de medição: 1mA\nDispositivo Super visor de Isolamento (DSI)\n     3,0   600 X 440 X 400    50\n     5,0       600 X 440 X 400    50\n     7,5       600 X 440 X 400         70\n10,0      600 X 440 X 400    90\n  Potência\nkVAPeso \nkgGabinete simples\nDimensões Físicas\nalt x lar g x prof \nmmO Transformador de Separação é projetado pela CM \nComandos, especificamente para o suprimento de energia de \nsistema médico.\nPossui isolação galvânica reforçada, blindagem eletrostática \nentre enrolamentos primário e secundár io, conectados a um \nterminal própr io e com caracter ísticas elétricas e mecânicas que \ngarantem sua qualidade e confiabilidade.\nPossui sensores de temperatura do tipo PT-100 os quais são \nconectados ao módulo DST para super visão de temperatura.\nO transformador garante a confiabilidade das condições do \nisolamento do circuito elétrico sendo imprescindível para a \nsegurança nas aplicações cirúrgicas.']","A corrente contínua desempenha um papel fundamental na conversão de energia elétrica. Ela permite que o fluxo elétrico seja mantido constante e estável, garantindo uma transmissão eficiente da energia. A corrente contínua ajuda a reduzir a perda de energia durante a conversão, além de permitir que o sistema seja mais estável e confiável.",A resposta à pergunta dada não está presente no contexto,0.6725222655202397,0.35896855745106665,0.23587422980426642,0.0,1.0,0.99999999995,0.0,,,
6,Qual é a faixa de umidade relativa recomendada para o funcionamento do equipamento?,"['Equalização A tiva de Bat erias\nO  QUE  É  ?\nO Equalizer é uma solução revolucionária de Equalização Ativa Individual de Baterias,  desenvolvido e fabricado \nno Brasil, pela CM Comandos. \nCada bateria recebe um Módulo de Bateria, conectado a um controlador, o Master Controller.  O Controller \nsupervisiona a tensão final das baterias e controla os Módulos de Baterias de forma a regular a tensão sobre cada \nbateria, para que todas as baterias sempre apresentem a mesma tensão.\nCada Módulo de Bateria possui um microcontrolador e um módulo ativo que mantêm todas as baterias \nequalizadas. \nA Equalização Ativa faz com que todas as baterias sejam igualmente carregadas com a mesma tensão, \neliminando o efeito negativo de uma bateria sobrecarregar as outras, com excesso de carga ou o inverso, de \nimpedir que as baterias adjacentes sejam carregadas plenamente.\nO Equalizer permite que as  baterias atinjam 100% da sua vida útil, projetada pelos fabricantes. Antes, sem o \nEqualizer, as baterias se deterioravam precocemente e era necessário substituí-las. Dependendo do tipo de \nbateria, a durabilidade pode dobrar,  eliminando substituições  e reduzindo a necessidade de reciclagem.  O \nprocesso de reciclagem consome grandes recursos naturais.\nAlém disso, o sistema impede a queda do sistema por falha de baterias,  enviando alarmes ANTES de ocorrer uma \nfalha do sistema, reduzindo o DOWNTIME e elevando a confiabilidade de todo sistema.\nRede Elétr ica\nde En tradaRetificador\nCarregador\nBanc o de\nBateriasBateria 1\nBateria 2\nBateria 3\nBateria nEqualizer\nEqualizer\nEqualizer\nEqualizerMaster\nController\nCorrente Alt ernada de Entrada\nCabo de Comunicação Cabo de Medição Módulo EqualizerCorr ente ContínuaCOMO FUNCIONA ?\nEqualiz er - Equalização A tiva\nA central contr ola cada módulo , conec tado em \nparalelo com a bat eria e contr ola a t ensão de f orma \nque t odas fiquem iguais . Além disso , monit ora  \nconstant ement e a Resist ência I nterna e a \nTemperatura individualment e de cada bat eria, \narmaz ena os dados para análise e emit e alar mes \nantes de ocor rer a falh a.'
 'Caso ocor ram nív eis maior es do que o nor mal,  o dispositiv o de super visão imediatament e atua, emitindo um sinal de alar me, para a int ervenção \ndas equipes de manut enção . \nO módulo DSI possui um micr oprocessador int erno, comunicação M odbus via RS485 e é pr ojetado dentr o dos cr itérios tecnológ icos mais \navançados ,  sendo pr eciso , segur o e confiá vel, carac terísticas exig idas pelas  aplicações médico -hospitalar es.   \nCARACTERÍSTIC AS TÉCNIC AS \n• \nde 0...999kΩ com r esolução de 1kΩ  \n• Monitorament o de t emperatura do enr olament o secundár io do \ntransf ormador de separação ( T1)  \n• Disponibilidade de utilização de um contat o programá vel para \nsinalização à distância, em caso de falhas int ernas do dispositiv o, \nbaixo nív el de isolament o, medição de elevados valor es de \ntemperatura e de alcance do ajust e de máxima cor rente·\n• Teste de aut o-diag nóstico para ev entuais falhas int ernas do \ndispositiv o, verificação da conexão com a r ede e contr ole de \nfuncionament o\n• Injeção no cir cuito de sinais de contr ole codificados , que não são \ninfluenciados pelos component es de tipo contínuo , emitidos por \ndispositiv os elétr icos de uso médico\n• Saída ser ial RS485 para comunicação MODBUS R TUPossibilidade de escolha de um valor pr eciso de isolament o de r ede Tensão S ecundária :  \nAté 250 V\n Tensão de C urto-cir cuito:\n    3%\nCorrente a Vazio:\n    3% x I n\nConexão Elétrica:  \nPor meio de t erminais\nFixação:  \nPor meio de base metálica/ \nrodízios \nDIMENSÕES TRANSFORMADOR DE SEP ARAÇÃO  Transf ormador de Separação - Gabinete Simples  \nTensão de alimentação: 110V / 230V - 60H z\nTensão máxima de medição: 24V\nTensão da r ede c ontr olador a:  24 a 230V AC\nTensão  de Isolament o: 2,5 kV em 1 minut o \nCorrente máxima de medição: 1mA\nDispositivo Super visor de Isolamento (DSI)\n     3,0   600 X 440 X 400    50\n     5,0       600 X 440 X 400    50\n     7,5       600 X 440 X 400         70\n10,0      600 X 440 X 400    90\n  Potência\nkVAPeso \nkgGabinete simples\nDimensões Físicas\nalt x lar g x prof \nmmO Transformador de Separação é projetado pela CM \nComandos, especificamente para o suprimento de energia de \nsistema médico.\nPossui isolação galvânica reforçada, blindagem eletrostática \nentre enrolamentos primário e secundár io, conectados a um \nterminal própr io e com caracter ísticas elétricas e mecânicas que \ngarantem sua qualidade e confiabilidade.\nPossui sensores de temperatura do tipo PT-100 os quais são \nconectados ao módulo DST para super visão de temperatura.\nO transformador garante a confiabilidade das condições do \nisolamento do circuito elétrico sendo imprescindível para a \nsegurança nas aplicações cirúrgicas.']","Não há uma faixa de unidade relativa específica mencionada no contexto fornecido. No entanto, é possível inferir que as condições ambientais são importantes para o funcionamento do equipamento, pois há referências a ""tensão de curto-círcuito"" e ""corrente a vazio"" com valores percentuais (3%). Isso sugere que as condições ambientais podem afetar o desempenho do equipamento.",A faixa de umidade relativa recomendada para o funcionamento do equipamento é de 45% a 55%.,0.8002836643850558,0.6716165290869625,0.6864661163478497,0.99999999995,0.0,0.49999999995,0.0,,,
7,Qual é a função do Bypass Estático em um sistema de proteção elétrica?,"['Equalização A tiva de Bat erias\nO  QUE  É  ?\nO Equalizer é uma solução revolucionária de Equalização Ativa Individual de Baterias,  desenvolvido e fabricado \nno Brasil, pela CM Comandos. \nCada bateria recebe um Módulo de Bateria, conectado a um controlador, o Master Controller.  O Controller \nsupervisiona a tensão final das baterias e controla os Módulos de Baterias de forma a regular a tensão sobre cada \nbateria, para que todas as baterias sempre apresentem a mesma tensão.\nCada Módulo de Bateria possui um microcontrolador e um módulo ativo que mantêm todas as baterias \nequalizadas. \nA Equalização Ativa faz com que todas as baterias sejam igualmente carregadas com a mesma tensão, \neliminando o efeito negativo de uma bateria sobrecarregar as outras, com excesso de carga ou o inverso, de \nimpedir que as baterias adjacentes sejam carregadas plenamente.\nO Equalizer permite que as  baterias atinjam 100% da sua vida útil, projetada pelos fabricantes. Antes, sem o \nEqualizer, as baterias se deterioravam precocemente e era necessário substituí-las. Dependendo do tipo de \nbateria, a durabilidade pode dobrar,  eliminando substituições  e reduzindo a necessidade de reciclagem.  O \nprocesso de reciclagem consome grandes recursos naturais.\nAlém disso, o sistema impede a queda do sistema por falha de baterias,  enviando alarmes ANTES de ocorrer uma \nfalha do sistema, reduzindo o DOWNTIME e elevando a confiabilidade de todo sistema.\nRede Elétr ica\nde En tradaRetificador\nCarregador\nBanc o de\nBateriasBateria 1\nBateria 2\nBateria 3\nBateria nEqualizer\nEqualizer\nEqualizer\nEqualizerMaster\nController\nCorrente Alt ernada de Entrada\nCabo de Comunicação Cabo de Medição Módulo EqualizerCorr ente ContínuaCOMO FUNCIONA ?\nEqualiz er - Equalização A tiva\nA central contr ola cada módulo , conec tado em \nparalelo com a bat eria e contr ola a t ensão de f orma \nque t odas fiquem iguais . Além disso , monit ora  \nconstant ement e a Resist ência I nterna e a \nTemperatura individualment e de cada bat eria, \narmaz ena os dados para análise e emit e alar mes \nantes de ocor rer a falh a.'
 'Caso ocor ram nív eis maior es do que o nor mal,  o dispositiv o de super visão imediatament e atua, emitindo um sinal de alar me, para a int ervenção \ndas equipes de manut enção . \nO módulo DSI possui um micr oprocessador int erno, comunicação M odbus via RS485 e é pr ojetado dentr o dos cr itérios tecnológ icos mais \navançados ,  sendo pr eciso , segur o e confiá vel, carac terísticas exig idas pelas  aplicações médico -hospitalar es.   \nCARACTERÍSTIC AS TÉCNIC AS \n• \nde 0...999kΩ com r esolução de 1kΩ  \n• Monitorament o de t emperatura do enr olament o secundár io do \ntransf ormador de separação ( T1)  \n• Disponibilidade de utilização de um contat o programá vel para \nsinalização à distância, em caso de falhas int ernas do dispositiv o, \nbaixo nív el de isolament o, medição de elevados valor es de \ntemperatura e de alcance do ajust e de máxima cor rente·\n• Teste de aut o-diag nóstico para ev entuais falhas int ernas do \ndispositiv o, verificação da conexão com a r ede e contr ole de \nfuncionament o\n• Injeção no cir cuito de sinais de contr ole codificados , que não são \ninfluenciados pelos component es de tipo contínuo , emitidos por \ndispositiv os elétr icos de uso médico\n• Saída ser ial RS485 para comunicação MODBUS R TUPossibilidade de escolha de um valor pr eciso de isolament o de r ede Tensão S ecundária :  \nAté 250 V\n Tensão de C urto-cir cuito:\n    3%\nCorrente a Vazio:\n    3% x I n\nConexão Elétrica:  \nPor meio de t erminais\nFixação:  \nPor meio de base metálica/ \nrodízios \nDIMENSÕES TRANSFORMADOR DE SEP ARAÇÃO  Transf ormador de Separação - Gabinete Simples  \nTensão de alimentação: 110V / 230V - 60H z\nTensão máxima de medição: 24V\nTensão da r ede c ontr olador a:  24 a 230V AC\nTensão  de Isolament o: 2,5 kV em 1 minut o \nCorrente máxima de medição: 1mA\nDispositivo Super visor de Isolamento (DSI)\n     3,0   600 X 440 X 400    50\n     5,0       600 X 440 X 400    50\n     7,5       600 X 440 X 400         70\n10,0      600 X 440 X 400    90\n  Potência\nkVAPeso \nkgGabinete simples\nDimensões Físicas\nalt x lar g x prof \nmmO Transformador de Separação é projetado pela CM \nComandos, especificamente para o suprimento de energia de \nsistema médico.\nPossui isolação galvânica reforçada, blindagem eletrostática \nentre enrolamentos primário e secundár io, conectados a um \nterminal própr io e com caracter ísticas elétricas e mecânicas que \ngarantem sua qualidade e confiabilidade.\nPossui sensores de temperatura do tipo PT-100 os quais são \nconectados ao módulo DST para super visão de temperatura.\nO transformador garante a confiabilidade das condições do \nisolamento do circuito elétrico sendo imprescindível para a \nsegurança nas aplicações cirúrgicas.']","Não há informações sobre o ""Bypass Estático"" no contexto fornecido. O texto descreve sistemas de proteção elétrica, transformadores de separação e dispositivos de supervisão de isolamento, mas não menciona um componente chamado ""Bypass Estático"".","O Bypass Estático é um sistema de proteção que, em caso de problemas, transfere automaticamente a carga para um circuito alternativo, sem interrupção no fornecimento de energia.",0.0,0.4654165405576941,0.6616661622307762,0.99999999995,1.0,0.0,0.0,,,0.5
8,Qual é a faixa de temperatura ambiente recomendada para o funcionamento do No-Break?,"['Equalização A tiva de Bat erias\nO  QUE  É  ?\nO Equalizer é uma solução revolucionária de Equalização Ativa Individual de Baterias,  desenvolvido e fabricado \nno Brasil, pela CM Comandos. \nCada bateria recebe um Módulo de Bateria, conectado a um controlador, o Master Controller.  O Controller \nsupervisiona a tensão final das baterias e controla os Módulos de Baterias de forma a regular a tensão sobre cada \nbateria, para que todas as baterias sempre apresentem a mesma tensão.\nCada Módulo de Bateria possui um microcontrolador e um módulo ativo que mantêm todas as baterias \nequalizadas. \nA Equalização Ativa faz com que todas as baterias sejam igualmente carregadas com a mesma tensão, \neliminando o efeito negativo de uma bateria sobrecarregar as outras, com excesso de carga ou o inverso, de \nimpedir que as baterias adjacentes sejam carregadas plenamente.\nO Equalizer permite que as  baterias atinjam 100% da sua vida útil, projetada pelos fabricantes. Antes, sem o \nEqualizer, as baterias se deterioravam precocemente e era necessário substituí-las. Dependendo do tipo de \nbateria, a durabilidade pode dobrar,  eliminando substituições  e reduzindo a necessidade de reciclagem.  O \nprocesso de reciclagem consome grandes recursos naturais.\nAlém disso, o sistema impede a queda do sistema por falha de baterias,  enviando alarmes ANTES de ocorrer uma \nfalha do sistema, reduzindo o DOWNTIME e elevando a confiabilidade de todo sistema.\nRede Elétr ica\nde En tradaRetificador\nCarregador\nBanc o de\nBateriasBateria 1\nBateria 2\nBateria 3\nBateria nEqualizer\nEqualizer\nEqualizer\nEqualizerMaster\nController\nCorrente Alt ernada de Entrada\nCabo de Comunicação Cabo de Medição Módulo EqualizerCorr ente ContínuaCOMO FUNCIONA ?\nEqualiz er - Equalização A tiva\nA central contr ola cada módulo , conec tado em \nparalelo com a bat eria e contr ola a t ensão de f orma \nque t odas fiquem iguais . Além disso , monit ora  \nconstant ement e a Resist ência I nterna e a \nTemperatura individualment e de cada bat eria, \narmaz ena os dados para análise e emit e alar mes \nantes de ocor rer a falh a.'
 'Caso ocor ram nív eis maior es do que o nor mal,  o dispositiv o de super visão imediatament e atua, emitindo um sinal de alar me, para a int ervenção \ndas equipes de manut enção . \nO módulo DSI possui um micr oprocessador int erno, comunicação M odbus via RS485 e é pr ojetado dentr o dos cr itérios tecnológ icos mais \navançados ,  sendo pr eciso , segur o e confiá vel, carac terísticas exig idas pelas  aplicações médico -hospitalar es.   \nCARACTERÍSTIC AS TÉCNIC AS \n• \nde 0...999kΩ com r esolução de 1kΩ  \n• Monitorament o de t emperatura do enr olament o secundár io do \ntransf ormador de separação ( T1)  \n• Disponibilidade de utilização de um contat o programá vel para \nsinalização à distância, em caso de falhas int ernas do dispositiv o, \nbaixo nív el de isolament o, medição de elevados valor es de \ntemperatura e de alcance do ajust e de máxima cor rente·\n• Teste de aut o-diag nóstico para ev entuais falhas int ernas do \ndispositiv o, verificação da conexão com a r ede e contr ole de \nfuncionament o\n• Injeção no cir cuito de sinais de contr ole codificados , que não são \ninfluenciados pelos component es de tipo contínuo , emitidos por \ndispositiv os elétr icos de uso médico\n• Saída ser ial RS485 para comunicação MODBUS R TUPossibilidade de escolha de um valor pr eciso de isolament o de r ede Tensão S ecundária :  \nAté 250 V\n Tensão de C urto-cir cuito:\n    3%\nCorrente a Vazio:\n    3% x I n\nConexão Elétrica:  \nPor meio de t erminais\nFixação:  \nPor meio de base metálica/ \nrodízios \nDIMENSÕES TRANSFORMADOR DE SEP ARAÇÃO  Transf ormador de Separação - Gabinete Simples  \nTensão de alimentação: 110V / 230V - 60H z\nTensão máxima de medição: 24V\nTensão da r ede c ontr olador a:  24 a 230V AC\nTensão  de Isolament o: 2,5 kV em 1 minut o \nCorrente máxima de medição: 1mA\nDispositivo Super visor de Isolamento (DSI)\n     3,0   600 X 440 X 400    50\n     5,0       600 X 440 X 400    50\n     7,5       600 X 440 X 400         70\n10,0      600 X 440 X 400    90\n  Potência\nkVAPeso \nkgGabinete simples\nDimensões Físicas\nalt x lar g x prof \nmmO Transformador de Separação é projetado pela CM \nComandos, especificamente para o suprimento de energia de \nsistema médico.\nPossui isolação galvânica reforçada, blindagem eletrostática \nentre enrolamentos primário e secundár io, conectados a um \nterminal própr io e com caracter ísticas elétricas e mecânicas que \ngarantem sua qualidade e confiabilidade.\nPossui sensores de temperatura do tipo PT-100 os quais são \nconectados ao módulo DST para super visão de temperatura.\nO transformador garante a confiabilidade das condições do \nisolamento do circuito elétrico sendo imprescindível para a \nsegurança nas aplicações cirúrgicas.']","Não há informações sobre o ""No-Break"" no contexto fornecido. O texto parece referir-se a dispositivos como Dispositivo Super visor de Isolamento (DSI), Transformador de Separação e outros equipamentos médicos, mas não especifica nada sobre um dispositivo chamado ""No-Break"".",A faixa de temperatura ambiente recomendada para o funcionamento do No-Break é de 20ºC a 25ºC.,0.0,0.923357318274219,0.6934292730968756,0.99999999995,0.0,0.0,0.0,,,1.0
9,Qual é a função do registro permanente no sistema DSP?,"['S I S T E M A PA R A L E L O M U LT I AT I V O ( E X C L U S I V O C M C O M A N D O S )\nA CM Comandos Lineares desenvolveu um sistema inovador e pioneiro no mundo de paralelismo entre No Breaks. O sistema Paralelo \nMulti Ativo permite a expansão do sistema, de acordo com sua demanda de consumo, podendo paralelar quantas unidades forem \nnecessárias para atender sua demanda, elevando a capacidade do sistema e a confiabilidade de sua aplicação.\nP O S S I B I L I D A D E D E S O M A T Ó R I A D E  P O T Ê N C I A S\nPermite a ligação para somatória de potência, utilizando dois ou mais No \nBreaks para atingir a demanda da carga total.\nQuando utilizado para somatória de potência, possibilita a ligação de \nNo Breaks com potências diferentes. Quando a ligação for feita com No \nBreaks de potências diferentes, a carga será distribuída \nproporcionalmente. Permite a ligação em paralelo redundante N + 1,  N + 2, N + 3 … N+X,  \npossibilitando o desligamento de uma ou mais unidades mantendo a \ncarga ativa.L I G A Ç Ã O E M P A R A L E L O R E D U N D A N T E\nA comunicação entre os No Breaks consiste no barramento de \ncomunicação comum, por onde transitam informações contendo \nnível de carga, sincronismo e a condição do by pass.C O M U N I C A Ç Ã O E N T R E O S N O B R E A K STodos os No Breaks são autônomos, operam de forma \nindependente no sistema e possuem controle individual.N Ã O E X I S T E N O B R E A K M E S T R E O U E S C R A V OPodem ser paraleladas quantas unidades forem necessárias, \npossibilitando expansão do sistema, de acordo com a demanda de \nconsumo.Q U A N T I D A D E I L I M I T A D A P A R A P A R A L E L I S M O\nM A N U T E N Ç Ã O D O N O B R E A K\nPermite a inserção ou retirada de um No Break no sistema, sem a \nnecessidade de parada.Rede Elétrica\nde Entrada\nSaídaNo Break 1\n Potência de \n30 kVANo Break 2\nPotência de \n10 kVANo Break 3\nPotência de \n20 kVA\nCarga fornecida pelo sistema = 150 kVANo Break 4\nPotência de \n30 kVANo Break 5\nPotência de \n20 kVANo Break 6\nPotência de \n40 kVA\nINTERFACES DE \nGERENCIAMENTO   \nREMOTO\nSão compostas por diversas ferramentas. O \nAdaptador SNMP NetMate permite\ngerenciar remotamente o No Break via a \nInternet através de um web browser,\nmonitorar o status e enviar alertas por e-mail. \nO software IP Power é uma ferramenta de \ngerenciamento  Windows Application e a \nversão Client é específica para  automatizar o \nshutdown de servidores, podendo desligar \nautomática e simultaneamente vários\ns e r v i d o r e s  e  e s t a ç õ e s .\nO Adaptador ArmModbus permite integrar \no  N o  B r e a k ,  v i a  u m a  p o r t a\nRS485, a Sistemas de Automação Predial.'
 'monobloco\n   \n    •Painel F rontal: em ABS de alta r esistência\n  \n    • A cabamento: pintura epó xi-pó na cor g rafite\n       com tratamento tér mico e anti- corrosivo\nTransf ormador Isolador : com blindagem\n    eletr ostátican  \nn  \nn   Alarmes\nContr olados pelo pr ocessador DSP\nTipos de Alarmes:\n   \n    •Sonor os: \n       »  A utocheck I nicialização\n       »  Tensão da Rede F ora da F aixa\n       »  Sobr ecar ga de Saída\n       »  F alha I nterna do Estabilizador\n       »  F reqüência da Rede F ora de F aixa\n   \n     •Sinalização: L eds de Status do P ainel\n       »  Rede Nor mal\n       »  Saída Nor mal\n       »  F alhan   \nn   Características de Oper ação\nRuído A udív el: 55 dBA a 60 dBA a 1 metr o\n MTBF (M ean Time Bet ween F ailur es): 50 mil horas\nMTTR (M ean Time To Repair): 30 minutos\nTemperatura Ambiente: \n   \n•Mínimo: 0ºC / M áximo 40ºC\n   \n    •Recomendada: 20ºC a 25ºC\nUmidade Relativa:\n   \n    •0% a 95% sem condensação\n   \n    •Recomendada: 45% a 55%\nAltitude: até 1.800m\n Tipo de Ambiente Recomendado:\n   \n    •Interno, instalação abr igada\n   \n    •Atmosf era: limpa, livr e de par tículas condutivas , \n      gases tó xicos , líquidos e inflamáv eis.\nGrau de P roteção: IP -20n   \nn  \nn   \nn   \n   \nn   \nn    \nn  \nn    \n   2000    2,0       620 X 200 X 600        41  \n   3000    3,0       620 X 200 X 600        43\n   5000    5,0       620 X 200 X 600           47\n   7500    7,5       620 X 200 X 600           61\n 10000  10,0       790 X 400 X 775        119\n 15000  15,0       790 X 400 X 775        147Modelo Potência \nkVADimensões Físicas\nalt x lar g x prof \nmmPeso \nkg\n* Opcional\nCM.MK T MAR 22  -   As especificações estão sujeitas a alterações sem pr évio aviso . Nós incentivamos a r eciclagem\nCertificação de \nSustentabilidade A uditadaESPECIFIC AÇÕES  TÉCNIC ASOs Estabilizador es de Tensão M icroprocessados P erfection MI S2 possuem uma tecnolog ia inédita de duplos con versor es estáticos com módulos IGBT s, de última geração . \nTotalmente contr olado por micr oprocessador DSP – Dig ital Sig nal P rocessor , o estabilizador cor rige instantaneamente qualquer var iação de tensão da r ede elétr ica da \nconcessionár ia, além de atenuar distor ção har mônica, var iações de fr equência e distúr bios elétr icos, gerando uma f orma de onda senoidal pura, e f ornecendo uma linha \nestabilizada ex clusiva e isolada para as aplicações sensív eis.\nA tecnolog ia DSP r ealiza medições em True RMS g raças à amostragem dig ital, sem r etardos ou desvios , com alta v elocidade e confiabilidade . Isso sig nifica que podemos \nproduzir sistemas cada v ez menor es e capaz es de r ealizar mais funções , com elevada confiabilidade .']","Desculpe, mas não há informações suficientes no contexto para determinar a função do registro permanente no sistema DSP.","O registro permanente no sistema DSP armazena os eventos em sua memória EEPR OM, funcionando como uma ""caixa-preta"", permitindo rastrear os valores das medições e a posição das chaves internas, denunciando eventuais erros de operação.",0.7778321636892344,0.4904906846296324,0.7619627385185296,0.99999999995,,0.0,0.0,,,0.5
10,Qual é a importância da comunicação Modbus via RS485 no módulo DSI do transformador de separação?,"['monobloco\n   \n    •Painel F rontal: em ABS de alta r esistência\n  \n    • A cabamento: pintura epó xi-pó na cor g rafite\n       com tratamento tér mico e anti- corrosivo\nTransf ormador Isolador : com blindagem\n    eletr ostátican  \nn  \nn   Alarmes\nContr olados pelo pr ocessador DSP\nTipos de Alarmes:\n   \n    •Sonor os: \n       »  A utocheck I nicialização\n       »  Tensão da Rede F ora da F aixa\n       »  Sobr ecar ga de Saída\n       »  F alha I nterna do Estabilizador\n       »  F reqüência da Rede F ora de F aixa\n   \n     •Sinalização: L eds de Status do P ainel\n       »  Rede Nor mal\n       »  Saída Nor mal\n       »  F alhan   \nn   Características de Oper ação\nRuído A udív el: 55 dBA a 60 dBA a 1 metr o\n MTBF (M ean Time Bet ween F ailur es): 50 mil horas\nMTTR (M ean Time To Repair): 30 minutos\nTemperatura Ambiente: \n   \n•Mínimo: 0ºC / M áximo 40ºC\n   \n    •Recomendada: 20ºC a 25ºC\nUmidade Relativa:\n   \n    •0% a 95% sem condensação\n   \n    •Recomendada: 45% a 55%\nAltitude: até 1.800m\n Tipo de Ambiente Recomendado:\n   \n    •Interno, instalação abr igada\n   \n    •Atmosf era: limpa, livr e de par tículas condutivas , \n      gases tó xicos , líquidos e inflamáv eis.\nGrau de P roteção: IP -20n   \nn  \nn   \nn   \n   \nn   \nn    \nn  \nn    \n   2000    2,0       620 X 200 X 600        41  \n   3000    3,0       620 X 200 X 600        43\n   5000    5,0       620 X 200 X 600           47\n   7500    7,5       620 X 200 X 600           61\n 10000  10,0       790 X 400 X 775        119\n 15000  15,0       790 X 400 X 775        147Modelo Potência \nkVADimensões Físicas\nalt x lar g x prof \nmmPeso \nkg\n* Opcional\nCM.MK T MAR 22  -   As especificações estão sujeitas a alterações sem pr évio aviso . Nós incentivamos a r eciclagem\nCertificação de \nSustentabilidade A uditadaESPECIFIC AÇÕES  TÉCNIC ASOs Estabilizador es de Tensão M icroprocessados P erfection MI S2 possuem uma tecnolog ia inédita de duplos con versor es estáticos com módulos IGBT s, de última geração . \nTotalmente contr olado por micr oprocessador DSP – Dig ital Sig nal P rocessor , o estabilizador cor rige instantaneamente qualquer var iação de tensão da r ede elétr ica da \nconcessionár ia, além de atenuar distor ção har mônica, var iações de fr equência e distúr bios elétr icos, gerando uma f orma de onda senoidal pura, e f ornecendo uma linha \nestabilizada ex clusiva e isolada para as aplicações sensív eis.\nA tecnolog ia DSP r ealiza medições em True RMS g raças à amostragem dig ital, sem r etardos ou desvios , com alta v elocidade e confiabilidade . Isso sig nifica que podemos \nproduzir sistemas cada v ez menor es e capaz es de r ealizar mais funções , com elevada confiabilidade .'
 'Caso ocor ram nív eis maior es do que o nor mal,  o dispositiv o de super visão imediatament e atua, emitindo um sinal de alar me, para a int ervenção \ndas equipes de manut enção . \nO módulo DSI possui um micr oprocessador int erno, comunicação M odbus via RS485 e é pr ojetado dentr o dos cr itérios tecnológ icos mais \navançados ,  sendo pr eciso , segur o e confiá vel, carac terísticas exig idas pelas  aplicações médico -hospitalar es.   \nCARACTERÍSTIC AS TÉCNIC AS \n• \nde 0...999kΩ com r esolução de 1kΩ  \n• Monitorament o de t emperatura do enr olament o secundár io do \ntransf ormador de separação ( T1)  \n• Disponibilidade de utilização de um contat o programá vel para \nsinalização à distância, em caso de falhas int ernas do dispositiv o, \nbaixo nív el de isolament o, medição de elevados valor es de \ntemperatura e de alcance do ajust e de máxima cor rente·\n• Teste de aut o-diag nóstico para ev entuais falhas int ernas do \ndispositiv o, verificação da conexão com a r ede e contr ole de \nfuncionament o\n• Injeção no cir cuito de sinais de contr ole codificados , que não são \ninfluenciados pelos component es de tipo contínuo , emitidos por \ndispositiv os elétr icos de uso médico\n• Saída ser ial RS485 para comunicação MODBUS R TUPossibilidade de escolha de um valor pr eciso de isolament o de r ede Tensão S ecundária :  \nAté 250 V\n Tensão de C urto-cir cuito:\n    3%\nCorrente a Vazio:\n    3% x I n\nConexão Elétrica:  \nPor meio de t erminais\nFixação:  \nPor meio de base metálica/ \nrodízios \nDIMENSÕES TRANSFORMADOR DE SEP ARAÇÃO  Transf ormador de Separação - Gabinete Simples  \nTensão de alimentação: 110V / 230V - 60H z\nTensão máxima de medição: 24V\nTensão da r ede c ontr olador a:  24 a 230V AC\nTensão  de Isolament o: 2,5 kV em 1 minut o \nCorrente máxima de medição: 1mA\nDispositivo Super visor de Isolamento (DSI)\n     3,0   600 X 440 X 400    50\n     5,0       600 X 440 X 400    50\n     7,5       600 X 440 X 400         70\n10,0      600 X 440 X 400    90\n  Potência\nkVAPeso \nkgGabinete simples\nDimensões Físicas\nalt x lar g x prof \nmmO Transformador de Separação é projetado pela CM \nComandos, especificamente para o suprimento de energia de \nsistema médico.\nPossui isolação galvânica reforçada, blindagem eletrostática \nentre enrolamentos primário e secundár io, conectados a um \nterminal própr io e com caracter ísticas elétricas e mecânicas que \ngarantem sua qualidade e confiabilidade.\nPossui sensores de temperatura do tipo PT-100 os quais são \nconectados ao módulo DST para super visão de temperatura.\nO transformador garante a confiabilidade das condições do \nisolamento do circuito elétrico sendo imprescindível para a \nsegurança nas aplicações cirúrgicas.']","A comunicação Modbus via RS485 no módulo DSI permite uma conectividade segura e confiável com outros dispositivos, além de facilitar a manutenção e supervisão do sistema. Além disso, essa comunicação também permite a comunicação em distância, o que é útil em situações de falha interna do dispositivo.",A importância da comunicação Modbus via RS485 no módulo DSI do transformador de separação não está presente no contexto.,0.7823413723323219,0.4650564102408568,0.8602256409634272,0.0,,0.99999999995,0.0,,,
11,Qual é a temperatura ambiente máxima recomendada para a armazenagem e utilização de baterias?,"['Caso ocor ram nív eis maior es do que o nor mal,  o dispositiv o de super visão imediatament e atua, emitindo um sinal de alar me, para a int ervenção \ndas equipes de manut enção . \nO módulo DSI possui um micr oprocessador int erno, comunicação M odbus via RS485 e é pr ojetado dentr o dos cr itérios tecnológ icos mais \navançados ,  sendo pr eciso , segur o e confiá vel, carac terísticas exig idas pelas  aplicações médico -hospitalar es.   \nCARACTERÍSTIC AS TÉCNIC AS \n• \nde 0...999kΩ com r esolução de 1kΩ  \n• Monitorament o de t emperatura do enr olament o secundár io do \ntransf ormador de separação ( T1)  \n• Disponibilidade de utilização de um contat o programá vel para \nsinalização à distância, em caso de falhas int ernas do dispositiv o, \nbaixo nív el de isolament o, medição de elevados valor es de \ntemperatura e de alcance do ajust e de máxima cor rente·\n• Teste de aut o-diag nóstico para ev entuais falhas int ernas do \ndispositiv o, verificação da conexão com a r ede e contr ole de \nfuncionament o\n• Injeção no cir cuito de sinais de contr ole codificados , que não são \ninfluenciados pelos component es de tipo contínuo , emitidos por \ndispositiv os elétr icos de uso médico\n• Saída ser ial RS485 para comunicação MODBUS R TUPossibilidade de escolha de um valor pr eciso de isolament o de r ede Tensão S ecundária :  \nAté 250 V\n Tensão de C urto-cir cuito:\n    3%\nCorrente a Vazio:\n    3% x I n\nConexão Elétrica:  \nPor meio de t erminais\nFixação:  \nPor meio de base metálica/ \nrodízios \nDIMENSÕES TRANSFORMADOR DE SEP ARAÇÃO  Transf ormador de Separação - Gabinete Simples  \nTensão de alimentação: 110V / 230V - 60H z\nTensão máxima de medição: 24V\nTensão da r ede c ontr olador a:  24 a 230V AC\nTensão  de Isolament o: 2,5 kV em 1 minut o \nCorrente máxima de medição: 1mA\nDispositivo Super visor de Isolamento (DSI)\n     3,0   600 X 440 X 400    50\n     5,0       600 X 440 X 400    50\n     7,5       600 X 440 X 400         70\n10,0      600 X 440 X 400    90\n  Potência\nkVAPeso \nkgGabinete simples\nDimensões Físicas\nalt x lar g x prof \nmmO Transformador de Separação é projetado pela CM \nComandos, especificamente para o suprimento de energia de \nsistema médico.\nPossui isolação galvânica reforçada, blindagem eletrostática \nentre enrolamentos primário e secundár io, conectados a um \nterminal própr io e com caracter ísticas elétricas e mecânicas que \ngarantem sua qualidade e confiabilidade.\nPossui sensores de temperatura do tipo PT-100 os quais são \nconectados ao módulo DST para super visão de temperatura.\nO transformador garante a confiabilidade das condições do \nisolamento do circuito elétrico sendo imprescindível para a \nsegurança nas aplicações cirúrgicas.'
 'Equalização A tiva de Bat erias\nO  QUE  É  ?\nO Equalizer é uma solução revolucionária de Equalização Ativa Individual de Baterias,  desenvolvido e fabricado \nno Brasil, pela CM Comandos. \nCada bateria recebe um Módulo de Bateria, conectado a um controlador, o Master Controller.  O Controller \nsupervisiona a tensão final das baterias e controla os Módulos de Baterias de forma a regular a tensão sobre cada \nbateria, para que todas as baterias sempre apresentem a mesma tensão.\nCada Módulo de Bateria possui um microcontrolador e um módulo ativo que mantêm todas as baterias \nequalizadas. \nA Equalização Ativa faz com que todas as baterias sejam igualmente carregadas com a mesma tensão, \neliminando o efeito negativo de uma bateria sobrecarregar as outras, com excesso de carga ou o inverso, de \nimpedir que as baterias adjacentes sejam carregadas plenamente.\nO Equalizer permite que as  baterias atinjam 100% da sua vida útil, projetada pelos fabricantes. Antes, sem o \nEqualizer, as baterias se deterioravam precocemente e era necessário substituí-las. Dependendo do tipo de \nbateria, a durabilidade pode dobrar,  eliminando substituições  e reduzindo a necessidade de reciclagem.  O \nprocesso de reciclagem consome grandes recursos naturais.\nAlém disso, o sistema impede a queda do sistema por falha de baterias,  enviando alarmes ANTES de ocorrer uma \nfalha do sistema, reduzindo o DOWNTIME e elevando a confiabilidade de todo sistema.\nRede Elétr ica\nde En tradaRetificador\nCarregador\nBanc o de\nBateriasBateria 1\nBateria 2\nBateria 3\nBateria nEqualizer\nEqualizer\nEqualizer\nEqualizerMaster\nController\nCorrente Alt ernada de Entrada\nCabo de Comunicação Cabo de Medição Módulo EqualizerCorr ente ContínuaCOMO FUNCIONA ?\nEqualiz er - Equalização A tiva\nA central contr ola cada módulo , conec tado em \nparalelo com a bat eria e contr ola a t ensão de f orma \nque t odas fiquem iguais . Além disso , monit ora  \nconstant ement e a Resist ência I nterna e a \nTemperatura individualment e de cada bat eria, \narmaz ena os dados para análise e emit e alar mes \nantes de ocor rer a falh a.']",Até 30°C.,A temperatura ambiente máxima recomendada para a armazenagem e utilização de baterias é de 30°C.,0.6570571960691342,0.5448164619237318,0.6792658476949271,0.99999999995,0.0,,0.0,,,0.3333333333333333
12,Quais cuidados devem ser tomados ao utilizar e descartar baterias de um banco de baterias?,"['Nós incentivamos a reciclagem.'
 'Av. Eng . Alber to de Zagottis , 760 - 04675-085 -  São P aulo - SP\nTel.: (11) 5696-5000\nwww.cmcomandos .com.brOSD  N LI A NM EO AC R EM SCISO\n90012015\nSistema de \nSustentabilidade A uditado\nMEDIDAS DE PRO TEÇÃO VITAIS P ARA INST ALAÇÕES ELÉTRIC AS HOSPIT ALARES \nO Transf ormador de Separação possui alta isolação galvânica e gera um \ncircuito elétr ico isolado com sist ema de at errament o IT. \nEste cir cuito ex clusiv o  é monit orado pelo DSI.  Na ocor rência de qualquer \nfalha de isolação das car gas sensív eis alimentadas , o DSI imediatament e \naciona um alar me  para  a equipe de manut enção .       Sist ema IT \nSistema IT c om IHM e L ocalizador de F alhas Exemplos de Diagr amas de Aplicações  \n Imagens Ilus trativas\n Imagens Ilus trativas\nCM MK T  JAN 24 - *As especificações  técnicas estão sujeitas a alterações sem aviso pr évio e conf orme necessidades de pr ojetos customizados .                 Nós incentivamos a r eciclagem.']","Ao utilizar e descartar baterias de um banco de baterias, é importante adotar cuidados especiais para garantir a segurança ambiental e humana. Isso inclui:

Manter as baterias afastadas de incêndios e chamas, pois elas podem ser altamente inflamatórias.

Evitar a mistura de diferentes tipos de baterias, pois isso pode causar reações químicas perigosas.

Armazenar as baterias em locais secos e ventilados para evitar a acumulação de água.

Evitar perfurar ou cortar as baterias, pois isso pode liberar gases tóxicos.

Descartar as baterias de forma segura, procurando por locais autorizados de reciclagem de baterias ou centros de coleta de resíduos elétricos.

Além disso, é recomendável consultar o manual do fabricante ou as diretrizes de descarte fornecidas pelo provedor para obter orientações específicas sobre a maneira correta de lidar com as baterias.","Os cuidados ao utilizar baterias incluem que sua utilização deve ser realizada exclusivamente por técnicos treinados e habilitados, e a armazenagem deve respeitar condições de temperatura ambiente, nunca superior a 30°C, para não reduzir suas características eletroquímicas e vida útil. Além disso, as baterias não devem ser abertas ou desmontadas, pois possuem componentes químicos que podem contaminar o meio ambiente e causar danos à saúde humana. Ao término da vida útil, as baterias devem ser descartadas de forma apropriada, enviadas para reciclagem adequada, e é recomendado informar-se sobre postos de coleta e descarte na região ou entrar em contato com a Assistência Técnica.",0.9324707883737425,0.45739509778031495,0.8295803911212598,0.9999999999,1.0,0.49999999995,0.0,0.0,,
13,Qual é a função dos conversores a IGBTs no estabilizador Perfection SP?,"['monobloco\n   \n    •Painel F rontal: em ABS de alta r esistência\n  \n    • A cabamento: pintura epó xi-pó na cor g rafite\n       com tratamento tér mico e anti- corrosivo\nTransf ormador Isolador : com blindagem\n    eletr ostátican  \nn  \nn   Alarmes\nContr olados pelo pr ocessador DSP\nTipos de Alarmes:\n   \n    •Sonor os: \n       »  A utocheck I nicialização\n       »  Tensão da Rede F ora da F aixa\n       »  Sobr ecar ga de Saída\n       »  F alha I nterna do Estabilizador\n       »  F reqüência da Rede F ora de F aixa\n   \n     •Sinalização: L eds de Status do P ainel\n       »  Rede Nor mal\n       »  Saída Nor mal\n       »  F alhan   \nn   Características de Oper ação\nRuído A udív el: 55 dBA a 60 dBA a 1 metr o\n MTBF (M ean Time Bet ween F ailur es): 50 mil horas\nMTTR (M ean Time To Repair): 30 minutos\nTemperatura Ambiente: \n   \n•Mínimo: 0ºC / M áximo 40ºC\n   \n    •Recomendada: 20ºC a 25ºC\nUmidade Relativa:\n   \n    •0% a 95% sem condensação\n   \n    •Recomendada: 45% a 55%\nAltitude: até 1.800m\n Tipo de Ambiente Recomendado:\n   \n    •Interno, instalação abr igada\n   \n    •Atmosf era: limpa, livr e de par tículas condutivas , \n      gases tó xicos , líquidos e inflamáv eis.\nGrau de P roteção: IP -20n   \nn  \nn   \nn   \n   \nn   \nn    \nn  \nn    \n   2000    2,0       620 X 200 X 600        41  \n   3000    3,0       620 X 200 X 600        43\n   5000    5,0       620 X 200 X 600           47\n   7500    7,5       620 X 200 X 600           61\n 10000  10,0       790 X 400 X 775        119\n 15000  15,0       790 X 400 X 775        147Modelo Potência \nkVADimensões Físicas\nalt x lar g x prof \nmmPeso \nkg\n* Opcional\nCM.MK T MAR 22  -   As especificações estão sujeitas a alterações sem pr évio aviso . Nós incentivamos a r eciclagem\nCertificação de \nSustentabilidade A uditadaESPECIFIC AÇÕES  TÉCNIC ASOs Estabilizador es de Tensão M icroprocessados P erfection MI S2 possuem uma tecnolog ia inédita de duplos con versor es estáticos com módulos IGBT s, de última geração . \nTotalmente contr olado por micr oprocessador DSP – Dig ital Sig nal P rocessor , o estabilizador cor rige instantaneamente qualquer var iação de tensão da r ede elétr ica da \nconcessionár ia, além de atenuar distor ção har mônica, var iações de fr equência e distúr bios elétr icos, gerando uma f orma de onda senoidal pura, e f ornecendo uma linha \nestabilizada ex clusiva e isolada para as aplicações sensív eis.\nA tecnolog ia DSP r ealiza medições em True RMS g raças à amostragem dig ital, sem r etardos ou desvios , com alta v elocidade e confiabilidade . Isso sig nifica que podemos \nproduzir sistemas cada v ez menor es e capaz es de r ealizar mais funções , com elevada confiabilidade .'
 'S I S T E M A PA R A L E L O M U LT I AT I V O ( E X C L U S I V O C M C O M A N D O S )\nA CM Comandos Lineares desenvolveu um sistema inovador e pioneiro no mundo de paralelismo entre No Breaks. O sistema Paralelo \nMulti Ativo permite a expansão do sistema, de acordo com sua demanda de consumo, podendo paralelar quantas unidades forem \nnecessárias para atender sua demanda, elevando a capacidade do sistema e a confiabilidade de sua aplicação.\nP O S S I B I L I D A D E D E S O M A T Ó R I A D E  P O T Ê N C I A S\nPermite a ligação para somatória de potência, utilizando dois ou mais No \nBreaks para atingir a demanda da carga total.\nQuando utilizado para somatória de potência, possibilita a ligação de \nNo Breaks com potências diferentes. Quando a ligação for feita com No \nBreaks de potências diferentes, a carga será distribuída \nproporcionalmente. Permite a ligação em paralelo redundante N + 1,  N + 2, N + 3 … N+X,  \npossibilitando o desligamento de uma ou mais unidades mantendo a \ncarga ativa.L I G A Ç Ã O E M P A R A L E L O R E D U N D A N T E\nA comunicação entre os No Breaks consiste no barramento de \ncomunicação comum, por onde transitam informações contendo \nnível de carga, sincronismo e a condição do by pass.C O M U N I C A Ç Ã O E N T R E O S N O B R E A K STodos os No Breaks são autônomos, operam de forma \nindependente no sistema e possuem controle individual.N Ã O E X I S T E N O B R E A K M E S T R E O U E S C R A V OPodem ser paraleladas quantas unidades forem necessárias, \npossibilitando expansão do sistema, de acordo com a demanda de \nconsumo.Q U A N T I D A D E I L I M I T A D A P A R A P A R A L E L I S M O\nM A N U T E N Ç Ã O D O N O B R E A K\nPermite a inserção ou retirada de um No Break no sistema, sem a \nnecessidade de parada.Rede Elétrica\nde Entrada\nSaídaNo Break 1\n Potência de \n30 kVANo Break 2\nPotência de \n10 kVANo Break 3\nPotência de \n20 kVA\nCarga fornecida pelo sistema = 150 kVANo Break 4\nPotência de \n30 kVANo Break 5\nPotência de \n20 kVANo Break 6\nPotência de \n40 kVA\nINTERFACES DE \nGERENCIAMENTO   \nREMOTO\nSão compostas por diversas ferramentas. O \nAdaptador SNMP NetMate permite\ngerenciar remotamente o No Break via a \nInternet através de um web browser,\nmonitorar o status e enviar alertas por e-mail. \nO software IP Power é uma ferramenta de \ngerenciamento  Windows Application e a \nversão Client é específica para  automatizar o \nshutdown de servidores, podendo desligar \nautomática e simultaneamente vários\ns e r v i d o r e s  e  e s t a ç õ e s .\nO Adaptador ArmModbus permite integrar \no  N o  B r e a k ,  v i a  u m a  p o r t a\nRS485, a Sistemas de Automação Predial.']","A tecnologia de duplos conversores estáticos com módulos IGBTs é inédita e permite o estabilizador corrigir instantaneamente qualquer variação de tensão da rede elétrica da concessionária, além de atenuar distorção harmônica, variações de frequência e distúrbios elétricos.","Os conversores a IGBTs no estabilizador Perfection SP têm a função de corrigir as variações de tensão, gerando a forma de onda necessária para essa correção. O resultado é uma precisão de saída de ±1%, sem a utilização de taps ou degraus de tensão, além de proporcionar elevado rendimento elétrico e alta capacidade de corrente, sendo indicado para aplicações exigentes com altos degraus de carga e picos de corrente.",0.8039528165658675,0.4805774876991865,0.9223099507967459,0.99999999995,,0.99999999995,0.0,0.0,,1.0
14,Qual é a faixa de temperatura ambiente recomendada para o funcionamento do No-Break?,"['Equalização A tiva de Bat erias\nO  QUE  É  ?\nO Equalizer é uma solução revolucionária de Equalização Ativa Individual de Baterias,  desenvolvido e fabricado \nno Brasil, pela CM Comandos. \nCada bateria recebe um Módulo de Bateria, conectado a um controlador, o Master Controller.  O Controller \nsupervisiona a tensão final das baterias e controla os Módulos de Baterias de forma a regular a tensão sobre cada \nbateria, para que todas as baterias sempre apresentem a mesma tensão.\nCada Módulo de Bateria possui um microcontrolador e um módulo ativo que mantêm todas as baterias \nequalizadas. \nA Equalização Ativa faz com que todas as baterias sejam igualmente carregadas com a mesma tensão, \neliminando o efeito negativo de uma bateria sobrecarregar as outras, com excesso de carga ou o inverso, de \nimpedir que as baterias adjacentes sejam carregadas plenamente.\nO Equalizer permite que as  baterias atinjam 100% da sua vida útil, projetada pelos fabricantes. Antes, sem o \nEqualizer, as baterias se deterioravam precocemente e era necessário substituí-las. Dependendo do tipo de \nbateria, a durabilidade pode dobrar,  eliminando substituições  e reduzindo a necessidade de reciclagem.  O \nprocesso de reciclagem consome grandes recursos naturais.\nAlém disso, o sistema impede a queda do sistema por falha de baterias,  enviando alarmes ANTES de ocorrer uma \nfalha do sistema, reduzindo o DOWNTIME e elevando a confiabilidade de todo sistema.\nRede Elétr ica\nde En tradaRetificador\nCarregador\nBanc o de\nBateriasBateria 1\nBateria 2\nBateria 3\nBateria nEqualizer\nEqualizer\nEqualizer\nEqualizerMaster\nController\nCorrente Alt ernada de Entrada\nCabo de Comunicação Cabo de Medição Módulo EqualizerCorr ente ContínuaCOMO FUNCIONA ?\nEqualiz er - Equalização A tiva\nA central contr ola cada módulo , conec tado em \nparalelo com a bat eria e contr ola a t ensão de f orma \nque t odas fiquem iguais . Além disso , monit ora  \nconstant ement e a Resist ência I nterna e a \nTemperatura individualment e de cada bat eria, \narmaz ena os dados para análise e emit e alar mes \nantes de ocor rer a falh a.'
 'Caso ocor ram nív eis maior es do que o nor mal,  o dispositiv o de super visão imediatament e atua, emitindo um sinal de alar me, para a int ervenção \ndas equipes de manut enção . \nO módulo DSI possui um micr oprocessador int erno, comunicação M odbus via RS485 e é pr ojetado dentr o dos cr itérios tecnológ icos mais \navançados ,  sendo pr eciso , segur o e confiá vel, carac terísticas exig idas pelas  aplicações médico -hospitalar es.   \nCARACTERÍSTIC AS TÉCNIC AS \n• \nde 0...999kΩ com r esolução de 1kΩ  \n• Monitorament o de t emperatura do enr olament o secundár io do \ntransf ormador de separação ( T1)  \n• Disponibilidade de utilização de um contat o programá vel para \nsinalização à distância, em caso de falhas int ernas do dispositiv o, \nbaixo nív el de isolament o, medição de elevados valor es de \ntemperatura e de alcance do ajust e de máxima cor rente·\n• Teste de aut o-diag nóstico para ev entuais falhas int ernas do \ndispositiv o, verificação da conexão com a r ede e contr ole de \nfuncionament o\n• Injeção no cir cuito de sinais de contr ole codificados , que não são \ninfluenciados pelos component es de tipo contínuo , emitidos por \ndispositiv os elétr icos de uso médico\n• Saída ser ial RS485 para comunicação MODBUS R TUPossibilidade de escolha de um valor pr eciso de isolament o de r ede Tensão S ecundária :  \nAté 250 V\n Tensão de C urto-cir cuito:\n    3%\nCorrente a Vazio:\n    3% x I n\nConexão Elétrica:  \nPor meio de t erminais\nFixação:  \nPor meio de base metálica/ \nrodízios \nDIMENSÕES TRANSFORMADOR DE SEP ARAÇÃO  Transf ormador de Separação - Gabinete Simples  \nTensão de alimentação: 110V / 230V - 60H z\nTensão máxima de medição: 24V\nTensão da r ede c ontr olador a:  24 a 230V AC\nTensão  de Isolament o: 2,5 kV em 1 minut o \nCorrente máxima de medição: 1mA\nDispositivo Super visor de Isolamento (DSI)\n     3,0   600 X 440 X 400    50\n     5,0       600 X 440 X 400    50\n     7,5       600 X 440 X 400         70\n10,0      600 X 440 X 400    90\n  Potência\nkVAPeso \nkgGabinete simples\nDimensões Físicas\nalt x lar g x prof \nmmO Transformador de Separação é projetado pela CM \nComandos, especificamente para o suprimento de energia de \nsistema médico.\nPossui isolação galvânica reforçada, blindagem eletrostática \nentre enrolamentos primário e secundár io, conectados a um \nterminal própr io e com caracter ísticas elétricas e mecânicas que \ngarantem sua qualidade e confiabilidade.\nPossui sensores de temperatura do tipo PT-100 os quais são \nconectados ao módulo DST para super visão de temperatura.\nO transformador garante a confiabilidade das condições do \nisolamento do circuito elétrico sendo imprescindível para a \nsegurança nas aplicações cirúrgicas.']",A faixa de temperatura ambiente recomendada para o funcionamento do No-Break não está especificamente mencionada na informação fornecida.,A faixa de temperatura ambiente recomendada para o funcionamento do No-Break é de 20°C a 25°C.,0.8314933658969142,0.9417181498726733,0.7668725994906933,,1.0,0.0,0.0,,,0.0
15,Qual é a faixa de temperatura ambiente recomendada para o funcionamento do No-Break?,"['Equalização A tiva de Bat erias\nO  QUE  É  ?\nO Equalizer é uma solução revolucionária de Equalização Ativa Individual de Baterias,  desenvolvido e fabricado \nno Brasil, pela CM Comandos. \nCada bateria recebe um Módulo de Bateria, conectado a um controlador, o Master Controller.  O Controller \nsupervisiona a tensão final das baterias e controla os Módulos de Baterias de forma a regular a tensão sobre cada \nbateria, para que todas as baterias sempre apresentem a mesma tensão.\nCada Módulo de Bateria possui um microcontrolador e um módulo ativo que mantêm todas as baterias \nequalizadas. \nA Equalização Ativa faz com que todas as baterias sejam igualmente carregadas com a mesma tensão, \neliminando o efeito negativo de uma bateria sobrecarregar as outras, com excesso de carga ou o inverso, de \nimpedir que as baterias adjacentes sejam carregadas plenamente.\nO Equalizer permite que as  baterias atinjam 100% da sua vida útil, projetada pelos fabricantes. Antes, sem o \nEqualizer, as baterias se deterioravam precocemente e era necessário substituí-las. Dependendo do tipo de \nbateria, a durabilidade pode dobrar,  eliminando substituições  e reduzindo a necessidade de reciclagem.  O \nprocesso de reciclagem consome grandes recursos naturais.\nAlém disso, o sistema impede a queda do sistema por falha de baterias,  enviando alarmes ANTES de ocorrer uma \nfalha do sistema, reduzindo o DOWNTIME e elevando a confiabilidade de todo sistema.\nRede Elétr ica\nde En tradaRetificador\nCarregador\nBanc o de\nBateriasBateria 1\nBateria 2\nBateria 3\nBateria nEqualizer\nEqualizer\nEqualizer\nEqualizerMaster\nController\nCorrente Alt ernada de Entrada\nCabo de Comunicação Cabo de Medição Módulo EqualizerCorr ente ContínuaCOMO FUNCIONA ?\nEqualiz er - Equalização A tiva\nA central contr ola cada módulo , conec tado em \nparalelo com a bat eria e contr ola a t ensão de f orma \nque t odas fiquem iguais . Além disso , monit ora  \nconstant ement e a Resist ência I nterna e a \nTemperatura individualment e de cada bat eria, \narmaz ena os dados para análise e emit e alar mes \nantes de ocor rer a falh a.'
 'Caso ocor ram nív eis maior es do que o nor mal,  o dispositiv o de super visão imediatament e atua, emitindo um sinal de alar me, para a int ervenção \ndas equipes de manut enção . \nO módulo DSI possui um micr oprocessador int erno, comunicação M odbus via RS485 e é pr ojetado dentr o dos cr itérios tecnológ icos mais \navançados ,  sendo pr eciso , segur o e confiá vel, carac terísticas exig idas pelas  aplicações médico -hospitalar es.   \nCARACTERÍSTIC AS TÉCNIC AS \n• \nde 0...999kΩ com r esolução de 1kΩ  \n• Monitorament o de t emperatura do enr olament o secundár io do \ntransf ormador de separação ( T1)  \n• Disponibilidade de utilização de um contat o programá vel para \nsinalização à distância, em caso de falhas int ernas do dispositiv o, \nbaixo nív el de isolament o, medição de elevados valor es de \ntemperatura e de alcance do ajust e de máxima cor rente·\n• Teste de aut o-diag nóstico para ev entuais falhas int ernas do \ndispositiv o, verificação da conexão com a r ede e contr ole de \nfuncionament o\n• Injeção no cir cuito de sinais de contr ole codificados , que não são \ninfluenciados pelos component es de tipo contínuo , emitidos por \ndispositiv os elétr icos de uso médico\n• Saída ser ial RS485 para comunicação MODBUS R TUPossibilidade de escolha de um valor pr eciso de isolament o de r ede Tensão S ecundária :  \nAté 250 V\n Tensão de C urto-cir cuito:\n    3%\nCorrente a Vazio:\n    3% x I n\nConexão Elétrica:  \nPor meio de t erminais\nFixação:  \nPor meio de base metálica/ \nrodízios \nDIMENSÕES TRANSFORMADOR DE SEP ARAÇÃO  Transf ormador de Separação - Gabinete Simples  \nTensão de alimentação: 110V / 230V - 60H z\nTensão máxima de medição: 24V\nTensão da r ede c ontr olador a:  24 a 230V AC\nTensão  de Isolament o: 2,5 kV em 1 minut o \nCorrente máxima de medição: 1mA\nDispositivo Super visor de Isolamento (DSI)\n     3,0   600 X 440 X 400    50\n     5,0       600 X 440 X 400    50\n     7,5       600 X 440 X 400         70\n10,0      600 X 440 X 400    90\n  Potência\nkVAPeso \nkgGabinete simples\nDimensões Físicas\nalt x lar g x prof \nmmO Transformador de Separação é projetado pela CM \nComandos, especificamente para o suprimento de energia de \nsistema médico.\nPossui isolação galvânica reforçada, blindagem eletrostática \nentre enrolamentos primário e secundár io, conectados a um \nterminal própr io e com caracter ísticas elétricas e mecânicas que \ngarantem sua qualidade e confiabilidade.\nPossui sensores de temperatura do tipo PT-100 os quais são \nconectados ao módulo DST para super visão de temperatura.\nO transformador garante a confiabilidade das condições do \nisolamento do circuito elétrico sendo imprescindível para a \nsegurança nas aplicações cirúrgicas.']",Não há informações disponíveis sobre a faixa de temperatura ambiente recomendada para o funcionamento do dispositivo em questão.,A faixa de temperatura ambiente recomendada para o funcionamento do No-Break é de 20°C a 25°C.,0.7834241239762849,0.7033326531796662,0.8133306127186648,0.99999999995,1.0,0.0,0.0,,,
16,Quais são as vantagens do suporte técnico 24 horas oferecido pela CM Comandos?,"['Alta Tecnologia em\nProcessamento Digital\nde Sinais - DSP\nO S M A I S M O D E R N O S\nN O B R E A K S C O R P O R AT I V O SVivemos em um mundo cada vez mais ágil e prático. Um mundo conectado por processadores, chips, softwares e \nperiféricos. Mas isso ainda não é o bastante. Por isso, o mundo caminha para tecnologias de processamento imediato \nde dados. A CM Comandos Lineares está um passo à frente e oferece aos seus clientes produtos dotados de uma \ntecnologia revolucionária, denominada Processamento Digital de Sinais -- DSP .\nToda a linha de No Breaks Innovation S1 Trifásico  \nTransformerless conta com a tecnologia DS P.   \nCaracterística que proporciona alta performance e \nconfiabilidade, tornando-os ideais para aplicações de missão crítica. Ou seja, protegem as aplicações nas quais a \ncontinuidade da operação é de fundamental importância.\ndos equipamentos pode ser atualizado, \nacrescentando novas funções em \nunidades já instaladas. Hoje, esta tecnologia está presente nos mais sofisticados sistemas eletrônicos, devido à sua alta velocidade e \nconfiabilidade. Processadores Digitais de Sinais são capazes de processar dez milhões de amostragens por segundo. \nIsso significa processamento em tempo real -- o sinal é processado no mesmo instante em que é recebido, sem \nretardos ou atrasos.\nProjetados com o uso intenso dos recursos da tecnologia DSP ,  os No Breaks Innovation Trifásico Transformerless  \nagregam novos  e avançados recursos, que estabelecem um novo conceito em desenvolvimento, no qual o firmware \nAo pensar em adquirir No Breaks,     \nconte com as soluções da\nCM Comandos, que asseguram \ntecnologia de ponta, máxima proteção, \nprecisão digital e processamento        \nem tempo real.'
 'Caso ocor ram nív eis maior es do que o nor mal,  o dispositiv o de super visão imediatament e atua, emitindo um sinal de alar me, para a int ervenção \ndas equipes de manut enção . \nO módulo DSI possui um micr oprocessador int erno, comunicação M odbus via RS485 e é pr ojetado dentr o dos cr itérios tecnológ icos mais \navançados ,  sendo pr eciso , segur o e confiá vel, carac terísticas exig idas pelas  aplicações médico -hospitalar es.   \nCARACTERÍSTIC AS TÉCNIC AS \n• \nde 0...999kΩ com r esolução de 1kΩ  \n• Monitorament o de t emperatura do enr olament o secundár io do \ntransf ormador de separação ( T1)  \n• Disponibilidade de utilização de um contat o programá vel para \nsinalização à distância, em caso de falhas int ernas do dispositiv o, \nbaixo nív el de isolament o, medição de elevados valor es de \ntemperatura e de alcance do ajust e de máxima cor rente·\n• Teste de aut o-diag nóstico para ev entuais falhas int ernas do \ndispositiv o, verificação da conexão com a r ede e contr ole de \nfuncionament o\n• Injeção no cir cuito de sinais de contr ole codificados , que não são \ninfluenciados pelos component es de tipo contínuo , emitidos por \ndispositiv os elétr icos de uso médico\n• Saída ser ial RS485 para comunicação MODBUS R TUPossibilidade de escolha de um valor pr eciso de isolament o de r ede Tensão S ecundária :  \nAté 250 V\n Tensão de C urto-cir cuito:\n    3%\nCorrente a Vazio:\n    3% x I n\nConexão Elétrica:  \nPor meio de t erminais\nFixação:  \nPor meio de base metálica/ \nrodízios \nDIMENSÕES TRANSFORMADOR DE SEP ARAÇÃO  Transf ormador de Separação - Gabinete Simples  \nTensão de alimentação: 110V / 230V - 60H z\nTensão máxima de medição: 24V\nTensão da r ede c ontr olador a:  24 a 230V AC\nTensão  de Isolament o: 2,5 kV em 1 minut o \nCorrente máxima de medição: 1mA\nDispositivo Super visor de Isolamento (DSI)\n     3,0   600 X 440 X 400    50\n     5,0       600 X 440 X 400    50\n     7,5       600 X 440 X 400         70\n10,0      600 X 440 X 400    90\n  Potência\nkVAPeso \nkgGabinete simples\nDimensões Físicas\nalt x lar g x prof \nmmO Transformador de Separação é projetado pela CM \nComandos, especificamente para o suprimento de energia de \nsistema médico.\nPossui isolação galvânica reforçada, blindagem eletrostática \nentre enrolamentos primário e secundár io, conectados a um \nterminal própr io e com caracter ísticas elétricas e mecânicas que \ngarantem sua qualidade e confiabilidade.\nPossui sensores de temperatura do tipo PT-100 os quais são \nconectados ao módulo DST para super visão de temperatura.\nO transformador garante a confiabilidade das condições do \nisolamento do circuito elétrico sendo imprescindível para a \nsegurança nas aplicações cirúrgicas.']","O suporte técnico 24 horas oferecido pela CM Comandos proporciona uma abordagem proativa e completa para resolver problemas ou questões que possam surgir com os produtos de tecnologia de processamento digital de sinais. Isso inclui:

- Resposta rápida a incidentes, garantindo minimizar interrupções no funcionamento dos sistemas.
- Acesso contínuo a especialistas qualificados que podem oferecer soluções personalizadas e eficazes para problemas específicos.
- Abordagem holística da assistência técnica, considerando não apenas o hardware, mas também as configurações de software e processos de operação, garantindo uma abordagem integral e otimizada do tempo de resposta.
- A capacidade de atualizar firmware e software em tempo real, mantendo os produtos sempre seguros e funcionando com a última tecnologia disponível.","O suporte técnico 24 horas oferecido pela CM Comandos garante atendimento contínuo, com profissionais altamente qualificados e cobertura nacional, assegurando a excelência dos serviços prestados. Isso proporciona maior confiabilidade e minimiza falhas, resultando em custos de manutenção reduzidos.",0.8852232011128117,0.37880541673543366,0.8485550002750679,0.9999999999,0.6666666666666666,0.99999999995,0.9999999900000002,,,
17,Como a redução de custo de propriedade é alcançada através do sistema de Equalização Ativa?,"['monobloco\n   \n    •Painel F rontal: em ABS de alta r esistência\n  \n    • A cabamento: pintura epó xi-pó na cor g rafite\n       com tratamento tér mico e anti- corrosivo\nTransf ormador Isolador : com blindagem\n    eletr ostátican  \nn  \nn   Alarmes\nContr olados pelo pr ocessador DSP\nTipos de Alarmes:\n   \n    •Sonor os: \n       »  A utocheck I nicialização\n       »  Tensão da Rede F ora da F aixa\n       »  Sobr ecar ga de Saída\n       »  F alha I nterna do Estabilizador\n       »  F reqüência da Rede F ora de F aixa\n   \n     •Sinalização: L eds de Status do P ainel\n       »  Rede Nor mal\n       »  Saída Nor mal\n       »  F alhan   \nn   Características de Oper ação\nRuído A udív el: 55 dBA a 60 dBA a 1 metr o\n MTBF (M ean Time Bet ween F ailur es): 50 mil horas\nMTTR (M ean Time To Repair): 30 minutos\nTemperatura Ambiente: \n   \n•Mínimo: 0ºC / M áximo 40ºC\n   \n    •Recomendada: 20ºC a 25ºC\nUmidade Relativa:\n   \n    •0% a 95% sem condensação\n   \n    •Recomendada: 45% a 55%\nAltitude: até 1.800m\n Tipo de Ambiente Recomendado:\n   \n    •Interno, instalação abr igada\n   \n    •Atmosf era: limpa, livr e de par tículas condutivas , \n      gases tó xicos , líquidos e inflamáv eis.\nGrau de P roteção: IP -20n   \nn  \nn   \nn   \n   \nn   \nn    \nn  \nn    \n   2000    2,0       620 X 200 X 600        41  \n   3000    3,0       620 X 200 X 600        43\n   5000    5,0       620 X 200 X 600           47\n   7500    7,5       620 X 200 X 600           61\n 10000  10,0       790 X 400 X 775        119\n 15000  15,0       790 X 400 X 775        147Modelo Potência \nkVADimensões Físicas\nalt x lar g x prof \nmmPeso \nkg\n* Opcional\nCM.MK T MAR 22  -   As especificações estão sujeitas a alterações sem pr évio aviso . Nós incentivamos a r eciclagem\nCertificação de \nSustentabilidade A uditadaESPECIFIC AÇÕES  TÉCNIC ASOs Estabilizador es de Tensão M icroprocessados P erfection MI S2 possuem uma tecnolog ia inédita de duplos con versor es estáticos com módulos IGBT s, de última geração . \nTotalmente contr olado por micr oprocessador DSP – Dig ital Sig nal P rocessor , o estabilizador cor rige instantaneamente qualquer var iação de tensão da r ede elétr ica da \nconcessionár ia, além de atenuar distor ção har mônica, var iações de fr equência e distúr bios elétr icos, gerando uma f orma de onda senoidal pura, e f ornecendo uma linha \nestabilizada ex clusiva e isolada para as aplicações sensív eis.\nA tecnolog ia DSP r ealiza medições em True RMS g raças à amostragem dig ital, sem r etardos ou desvios , com alta v elocidade e confiabilidade . Isso sig nifica que podemos \nproduzir sistemas cada v ez menor es e capaz es de r ealizar mais funções , com elevada confiabilidade .'
 'Equalização A tiva de Bat erias\nO  QUE  É  ?\nO Equalizer é uma solução revolucionária de Equalização Ativa Individual de Baterias,  desenvolvido e fabricado \nno Brasil, pela CM Comandos. \nCada bateria recebe um Módulo de Bateria, conectado a um controlador, o Master Controller.  O Controller \nsupervisiona a tensão final das baterias e controla os Módulos de Baterias de forma a regular a tensão sobre cada \nbateria, para que todas as baterias sempre apresentem a mesma tensão.\nCada Módulo de Bateria possui um microcontrolador e um módulo ativo que mantêm todas as baterias \nequalizadas. \nA Equalização Ativa faz com que todas as baterias sejam igualmente carregadas com a mesma tensão, \neliminando o efeito negativo de uma bateria sobrecarregar as outras, com excesso de carga ou o inverso, de \nimpedir que as baterias adjacentes sejam carregadas plenamente.\nO Equalizer permite que as  baterias atinjam 100% da sua vida útil, projetada pelos fabricantes. Antes, sem o \nEqualizer, as baterias se deterioravam precocemente e era necessário substituí-las. Dependendo do tipo de \nbateria, a durabilidade pode dobrar,  eliminando substituições  e reduzindo a necessidade de reciclagem.  O \nprocesso de reciclagem consome grandes recursos naturais.\nAlém disso, o sistema impede a queda do sistema por falha de baterias,  enviando alarmes ANTES de ocorrer uma \nfalha do sistema, reduzindo o DOWNTIME e elevando a confiabilidade de todo sistema.\nRede Elétr ica\nde En tradaRetificador\nCarregador\nBanc o de\nBateriasBateria 1\nBateria 2\nBateria 3\nBateria nEqualizer\nEqualizer\nEqualizer\nEqualizerMaster\nController\nCorrente Alt ernada de Entrada\nCabo de Comunicação Cabo de Medição Módulo EqualizerCorr ente ContínuaCOMO FUNCIONA ?\nEqualiz er - Equalização A tiva\nA central contr ola cada módulo , conec tado em \nparalelo com a bat eria e contr ola a t ensão de f orma \nque t odas fiquem iguais . Além disso , monit ora  \nconstant ement e a Resist ência I nterna e a \nTemperatura individualment e de cada bat eria, \narmaz ena os dados para análise e emit e alar mes \nantes de ocor rer a falh a.']","A redução de custos de propriedade pode ser alcançada através do sistema de Equalização Ativa, principalmente pela eliminação da necessidade de substituição prematura das baterias. Com a igualização ativa, as baterias podem atingir sua vida útil projetada pelo fabricante, o que significa que elas não precisam ser substituídas tão frequentemente. Isso pode resultar em economias significativas em termos de manutenção e substituição de peças. Além disso, a redução da necessidade de reciclagem também contribui para a diminuição dos custos, pois a reciclagem é um processo caro e consumidor de recursos naturais.","A redução de custo de propriedade é alcançada através do sistema de Equalização Ativa, que prolonga a vida útil das baterias, reduz o período de trocas e automatiza a manutenção, diminuindo assim os custos com intervenções manuais.",0.7869281563534255,0.6053545863131936,0.9214183452527743,0.99999999995,1.0,0.99999999995,0.0,,,0.2727272727272727
18,Qual é a função do monitoramento contínuo do isolamento no sistema elétrico?,"['Equalização A tiva de Bat erias\nO  QUE  É  ?\nO Equalizer é uma solução revolucionária de Equalização Ativa Individual de Baterias,  desenvolvido e fabricado \nno Brasil, pela CM Comandos. \nCada bateria recebe um Módulo de Bateria, conectado a um controlador, o Master Controller.  O Controller \nsupervisiona a tensão final das baterias e controla os Módulos de Baterias de forma a regular a tensão sobre cada \nbateria, para que todas as baterias sempre apresentem a mesma tensão.\nCada Módulo de Bateria possui um microcontrolador e um módulo ativo que mantêm todas as baterias \nequalizadas. \nA Equalização Ativa faz com que todas as baterias sejam igualmente carregadas com a mesma tensão, \neliminando o efeito negativo de uma bateria sobrecarregar as outras, com excesso de carga ou o inverso, de \nimpedir que as baterias adjacentes sejam carregadas plenamente.\nO Equalizer permite que as  baterias atinjam 100% da sua vida útil, projetada pelos fabricantes. Antes, sem o \nEqualizer, as baterias se deterioravam precocemente e era necessário substituí-las. Dependendo do tipo de \nbateria, a durabilidade pode dobrar,  eliminando substituições  e reduzindo a necessidade de reciclagem.  O \nprocesso de reciclagem consome grandes recursos naturais.\nAlém disso, o sistema impede a queda do sistema por falha de baterias,  enviando alarmes ANTES de ocorrer uma \nfalha do sistema, reduzindo o DOWNTIME e elevando a confiabilidade de todo sistema.\nRede Elétr ica\nde En tradaRetificador\nCarregador\nBanc o de\nBateriasBateria 1\nBateria 2\nBateria 3\nBateria nEqualizer\nEqualizer\nEqualizer\nEqualizerMaster\nController\nCorrente Alt ernada de Entrada\nCabo de Comunicação Cabo de Medição Módulo EqualizerCorr ente ContínuaCOMO FUNCIONA ?\nEqualiz er - Equalização A tiva\nA central contr ola cada módulo , conec tado em \nparalelo com a bat eria e contr ola a t ensão de f orma \nque t odas fiquem iguais . Além disso , monit ora  \nconstant ement e a Resist ência I nterna e a \nTemperatura individualment e de cada bat eria, \narmaz ena os dados para análise e emit e alar mes \nantes de ocor rer a falh a.'
 'Caso ocor ram nív eis maior es do que o nor mal,  o dispositiv o de super visão imediatament e atua, emitindo um sinal de alar me, para a int ervenção \ndas equipes de manut enção . \nO módulo DSI possui um micr oprocessador int erno, comunicação M odbus via RS485 e é pr ojetado dentr o dos cr itérios tecnológ icos mais \navançados ,  sendo pr eciso , segur o e confiá vel, carac terísticas exig idas pelas  aplicações médico -hospitalar es.   \nCARACTERÍSTIC AS TÉCNIC AS \n• \nde 0...999kΩ com r esolução de 1kΩ  \n• Monitorament o de t emperatura do enr olament o secundár io do \ntransf ormador de separação ( T1)  \n• Disponibilidade de utilização de um contat o programá vel para \nsinalização à distância, em caso de falhas int ernas do dispositiv o, \nbaixo nív el de isolament o, medição de elevados valor es de \ntemperatura e de alcance do ajust e de máxima cor rente·\n• Teste de aut o-diag nóstico para ev entuais falhas int ernas do \ndispositiv o, verificação da conexão com a r ede e contr ole de \nfuncionament o\n• Injeção no cir cuito de sinais de contr ole codificados , que não são \ninfluenciados pelos component es de tipo contínuo , emitidos por \ndispositiv os elétr icos de uso médico\n• Saída ser ial RS485 para comunicação MODBUS R TUPossibilidade de escolha de um valor pr eciso de isolament o de r ede Tensão S ecundária :  \nAté 250 V\n Tensão de C urto-cir cuito:\n    3%\nCorrente a Vazio:\n    3% x I n\nConexão Elétrica:  \nPor meio de t erminais\nFixação:  \nPor meio de base metálica/ \nrodízios \nDIMENSÕES TRANSFORMADOR DE SEP ARAÇÃO  Transf ormador de Separação - Gabinete Simples  \nTensão de alimentação: 110V / 230V - 60H z\nTensão máxima de medição: 24V\nTensão da r ede c ontr olador a:  24 a 230V AC\nTensão  de Isolament o: 2,5 kV em 1 minut o \nCorrente máxima de medição: 1mA\nDispositivo Super visor de Isolamento (DSI)\n     3,0   600 X 440 X 400    50\n     5,0       600 X 440 X 400    50\n     7,5       600 X 440 X 400         70\n10,0      600 X 440 X 400    90\n  Potência\nkVAPeso \nkgGabinete simples\nDimensões Físicas\nalt x lar g x prof \nmmO Transformador de Separação é projetado pela CM \nComandos, especificamente para o suprimento de energia de \nsistema médico.\nPossui isolação galvânica reforçada, blindagem eletrostática \nentre enrolamentos primário e secundár io, conectados a um \nterminal própr io e com caracter ísticas elétricas e mecânicas que \ngarantem sua qualidade e confiabilidade.\nPossui sensores de temperatura do tipo PT-100 os quais são \nconectados ao módulo DST para super visão de temperatura.\nO transformador garante a confiabilidade das condições do \nisolamento do circuito elétrico sendo imprescindível para a \nsegurança nas aplicações cirúrgicas.']","O monitoramento contínuo do isolamento é uma medida crucial para garantir a segurança e confiabilidade do sistema elétrico. Ele ajuda a detectar qualquer anomalia ou falha no isolamento, permitindo que o sistema seja interrompido imediatamente em caso de perigo, evitando assim danos à saúde humana e equipamentos.","A função do monitoramento contínuo do isolamento no sistema elétrico é realizar a supervisão do isolamento da rede elétrica exclusiva, através da injeção de sinais entre a linha de alimentação do dispositivo e o aterramento. Caso ocorram níveis maiores do que o normal, o dispositivo de supervisão atua imediatamente, emitindo um sinal de alarme para a intervenção das equipes de manutenção.",0.7893876448206174,0.5272252848356727,0.9089011393426905,0.99999999995,1.0,0.99999999995,0.0,,,0.5
19,Qual é a importância do gerenciamento remoto em tempo real via internet para a confiabilidade do sistema?,"['Equalização A tiva de Bat erias\nO  QUE  É  ?\nO Equalizer é uma solução revolucionária de Equalização Ativa Individual de Baterias,  desenvolvido e fabricado \nno Brasil, pela CM Comandos. \nCada bateria recebe um Módulo de Bateria, conectado a um controlador, o Master Controller.  O Controller \nsupervisiona a tensão final das baterias e controla os Módulos de Baterias de forma a regular a tensão sobre cada \nbateria, para que todas as baterias sempre apresentem a mesma tensão.\nCada Módulo de Bateria possui um microcontrolador e um módulo ativo que mantêm todas as baterias \nequalizadas. \nA Equalização Ativa faz com que todas as baterias sejam igualmente carregadas com a mesma tensão, \neliminando o efeito negativo de uma bateria sobrecarregar as outras, com excesso de carga ou o inverso, de \nimpedir que as baterias adjacentes sejam carregadas plenamente.\nO Equalizer permite que as  baterias atinjam 100% da sua vida útil, projetada pelos fabricantes. Antes, sem o \nEqualizer, as baterias se deterioravam precocemente e era necessário substituí-las. Dependendo do tipo de \nbateria, a durabilidade pode dobrar,  eliminando substituições  e reduzindo a necessidade de reciclagem.  O \nprocesso de reciclagem consome grandes recursos naturais.\nAlém disso, o sistema impede a queda do sistema por falha de baterias,  enviando alarmes ANTES de ocorrer uma \nfalha do sistema, reduzindo o DOWNTIME e elevando a confiabilidade de todo sistema.\nRede Elétr ica\nde En tradaRetificador\nCarregador\nBanc o de\nBateriasBateria 1\nBateria 2\nBateria 3\nBateria nEqualizer\nEqualizer\nEqualizer\nEqualizerMaster\nController\nCorrente Alt ernada de Entrada\nCabo de Comunicação Cabo de Medição Módulo EqualizerCorr ente ContínuaCOMO FUNCIONA ?\nEqualiz er - Equalização A tiva\nA central contr ola cada módulo , conec tado em \nparalelo com a bat eria e contr ola a t ensão de f orma \nque t odas fiquem iguais . Além disso , monit ora  \nconstant ement e a Resist ência I nterna e a \nTemperatura individualment e de cada bat eria, \narmaz ena os dados para análise e emit e alar mes \nantes de ocor rer a falh a.'
 'Caso ocor ram nív eis maior es do que o nor mal,  o dispositiv o de super visão imediatament e atua, emitindo um sinal de alar me, para a int ervenção \ndas equipes de manut enção . \nO módulo DSI possui um micr oprocessador int erno, comunicação M odbus via RS485 e é pr ojetado dentr o dos cr itérios tecnológ icos mais \navançados ,  sendo pr eciso , segur o e confiá vel, carac terísticas exig idas pelas  aplicações médico -hospitalar es.   \nCARACTERÍSTIC AS TÉCNIC AS \n• \nde 0...999kΩ com r esolução de 1kΩ  \n• Monitorament o de t emperatura do enr olament o secundár io do \ntransf ormador de separação ( T1)  \n• Disponibilidade de utilização de um contat o programá vel para \nsinalização à distância, em caso de falhas int ernas do dispositiv o, \nbaixo nív el de isolament o, medição de elevados valor es de \ntemperatura e de alcance do ajust e de máxima cor rente·\n• Teste de aut o-diag nóstico para ev entuais falhas int ernas do \ndispositiv o, verificação da conexão com a r ede e contr ole de \nfuncionament o\n• Injeção no cir cuito de sinais de contr ole codificados , que não são \ninfluenciados pelos component es de tipo contínuo , emitidos por \ndispositiv os elétr icos de uso médico\n• Saída ser ial RS485 para comunicação MODBUS R TUPossibilidade de escolha de um valor pr eciso de isolament o de r ede Tensão S ecundária :  \nAté 250 V\n Tensão de C urto-cir cuito:\n    3%\nCorrente a Vazio:\n    3% x I n\nConexão Elétrica:  \nPor meio de t erminais\nFixação:  \nPor meio de base metálica/ \nrodízios \nDIMENSÕES TRANSFORMADOR DE SEP ARAÇÃO  Transf ormador de Separação - Gabinete Simples  \nTensão de alimentação: 110V / 230V - 60H z\nTensão máxima de medição: 24V\nTensão da r ede c ontr olador a:  24 a 230V AC\nTensão  de Isolament o: 2,5 kV em 1 minut o \nCorrente máxima de medição: 1mA\nDispositivo Super visor de Isolamento (DSI)\n     3,0   600 X 440 X 400    50\n     5,0       600 X 440 X 400    50\n     7,5       600 X 440 X 400         70\n10,0      600 X 440 X 400    90\n  Potência\nkVAPeso \nkgGabinete simples\nDimensões Físicas\nalt x lar g x prof \nmmO Transformador de Separação é projetado pela CM \nComandos, especificamente para o suprimento de energia de \nsistema médico.\nPossui isolação galvânica reforçada, blindagem eletrostática \nentre enrolamentos primário e secundár io, conectados a um \nterminal própr io e com caracter ísticas elétricas e mecânicas que \ngarantem sua qualidade e confiabilidade.\nPossui sensores de temperatura do tipo PT-100 os quais são \nconectados ao módulo DST para super visão de temperatura.\nO transformador garante a confiabilidade das condições do \nisolamento do circuito elétrico sendo imprescindível para a \nsegurança nas aplicações cirúrgicas.']","O gerenciamento remoto em tempo real via internet é crucial para a confiabilidade do sistema, pois permite que as equipes de manutenção sejam notificadas imediatamente de qualquer falha ou anomalia no sistema, evitando assim interrupções e danos aos pacientes. Além disso, isso também garante que os sistemas possam ser atualizados e corrigidos remotamente, reduzindo a necessidade de visitas físicas e minimizando o tempo de inatividade do sistema.","O gerenciamento remoto em tempo real via internet é importante para a confiabilidade do sistema porque assegura elevada precisão e confiabilidade, além de adicionar proteção e elevar a confiabilidade da carga sensível.",0.6914982335344462,0.9849943981011402,0.9399775924045609,0.9999999999,,0.99999999995,0.0,,,0.0
20,Qual é a importância do layout responsivo para o acesso em diferentes dispositivos?,"['Equalização A tiva de Bat erias\nO  QUE  É  ?\nO Equalizer é uma solução revolucionária de Equalização Ativa Individual de Baterias,  desenvolvido e fabricado \nno Brasil, pela CM Comandos. \nCada bateria recebe um Módulo de Bateria, conectado a um controlador, o Master Controller.  O Controller \nsupervisiona a tensão final das baterias e controla os Módulos de Baterias de forma a regular a tensão sobre cada \nbateria, para que todas as baterias sempre apresentem a mesma tensão.\nCada Módulo de Bateria possui um microcontrolador e um módulo ativo que mantêm todas as baterias \nequalizadas. \nA Equalização Ativa faz com que todas as baterias sejam igualmente carregadas com a mesma tensão, \neliminando o efeito negativo de uma bateria sobrecarregar as outras, com excesso de carga ou o inverso, de \nimpedir que as baterias adjacentes sejam carregadas plenamente.\nO Equalizer permite que as  baterias atinjam 100% da sua vida útil, projetada pelos fabricantes. Antes, sem o \nEqualizer, as baterias se deterioravam precocemente e era necessário substituí-las. Dependendo do tipo de \nbateria, a durabilidade pode dobrar,  eliminando substituições  e reduzindo a necessidade de reciclagem.  O \nprocesso de reciclagem consome grandes recursos naturais.\nAlém disso, o sistema impede a queda do sistema por falha de baterias,  enviando alarmes ANTES de ocorrer uma \nfalha do sistema, reduzindo o DOWNTIME e elevando a confiabilidade de todo sistema.\nRede Elétr ica\nde En tradaRetificador\nCarregador\nBanc o de\nBateriasBateria 1\nBateria 2\nBateria 3\nBateria nEqualizer\nEqualizer\nEqualizer\nEqualizerMaster\nController\nCorrente Alt ernada de Entrada\nCabo de Comunicação Cabo de Medição Módulo EqualizerCorr ente ContínuaCOMO FUNCIONA ?\nEqualiz er - Equalização A tiva\nA central contr ola cada módulo , conec tado em \nparalelo com a bat eria e contr ola a t ensão de f orma \nque t odas fiquem iguais . Além disso , monit ora  \nconstant ement e a Resist ência I nterna e a \nTemperatura individualment e de cada bat eria, \narmaz ena os dados para análise e emit e alar mes \nantes de ocor rer a falh a.'
 'Caso ocor ram nív eis maior es do que o nor mal,  o dispositiv o de super visão imediatament e atua, emitindo um sinal de alar me, para a int ervenção \ndas equipes de manut enção . \nO módulo DSI possui um micr oprocessador int erno, comunicação M odbus via RS485 e é pr ojetado dentr o dos cr itérios tecnológ icos mais \navançados ,  sendo pr eciso , segur o e confiá vel, carac terísticas exig idas pelas  aplicações médico -hospitalar es.   \nCARACTERÍSTIC AS TÉCNIC AS \n• \nde 0...999kΩ com r esolução de 1kΩ  \n• Monitorament o de t emperatura do enr olament o secundár io do \ntransf ormador de separação ( T1)  \n• Disponibilidade de utilização de um contat o programá vel para \nsinalização à distância, em caso de falhas int ernas do dispositiv o, \nbaixo nív el de isolament o, medição de elevados valor es de \ntemperatura e de alcance do ajust e de máxima cor rente·\n• Teste de aut o-diag nóstico para ev entuais falhas int ernas do \ndispositiv o, verificação da conexão com a r ede e contr ole de \nfuncionament o\n• Injeção no cir cuito de sinais de contr ole codificados , que não são \ninfluenciados pelos component es de tipo contínuo , emitidos por \ndispositiv os elétr icos de uso médico\n• Saída ser ial RS485 para comunicação MODBUS R TUPossibilidade de escolha de um valor pr eciso de isolament o de r ede Tensão S ecundária :  \nAté 250 V\n Tensão de C urto-cir cuito:\n    3%\nCorrente a Vazio:\n    3% x I n\nConexão Elétrica:  \nPor meio de t erminais\nFixação:  \nPor meio de base metálica/ \nrodízios \nDIMENSÕES TRANSFORMADOR DE SEP ARAÇÃO  Transf ormador de Separação - Gabinete Simples  \nTensão de alimentação: 110V / 230V - 60H z\nTensão máxima de medição: 24V\nTensão da r ede c ontr olador a:  24 a 230V AC\nTensão  de Isolament o: 2,5 kV em 1 minut o \nCorrente máxima de medição: 1mA\nDispositivo Super visor de Isolamento (DSI)\n     3,0   600 X 440 X 400    50\n     5,0       600 X 440 X 400    50\n     7,5       600 X 440 X 400         70\n10,0      600 X 440 X 400    90\n  Potência\nkVAPeso \nkgGabinete simples\nDimensões Físicas\nalt x lar g x prof \nmmO Transformador de Separação é projetado pela CM \nComandos, especificamente para o suprimento de energia de \nsistema médico.\nPossui isolação galvânica reforçada, blindagem eletrostática \nentre enrolamentos primário e secundár io, conectados a um \nterminal própr io e com caracter ísticas elétricas e mecânicas que \ngarantem sua qualidade e confiabilidade.\nPossui sensores de temperatura do tipo PT-100 os quais são \nconectados ao módulo DST para super visão de temperatura.\nO transformador garante a confiabilidade das condições do \nisolamento do circuito elétrico sendo imprescindível para a \nsegurança nas aplicações cirúrgicas.']","A importância do layout responsivo para o acesso em diferentes dispositivos é garantir uma experiência de usuário coesa e intuitiva em qualquer dispositivo ou plataforma, seja ele um computador, tablet, smartphone ou outros. Isso permite que os usuários acessem e interajam com conteúdo de maneira natural e eficiente, independentemente da resolução do tela ou do tamanho do dispositivo. Além disso, o layout responsivo ajuda a garantir uma boa visibilidade e legibilidade do texto, tornando-o mais fácil para os usuários navegar e encontrar informações.",A resposta à pergunta dada não está presente no contexto,0.6866568041009302,0.35930316382369515,0.23721265529478047,0.0,,0.0,0.0,,,
21,Como o controle remoto otimiza a manutenção das baterias?,"['Equalização A tiva de Bat erias\nO  QUE  É  ?\nO Equalizer é uma solução revolucionária de Equalização Ativa Individual de Baterias,  desenvolvido e fabricado \nno Brasil, pela CM Comandos. \nCada bateria recebe um Módulo de Bateria, conectado a um controlador, o Master Controller.  O Controller \nsupervisiona a tensão final das baterias e controla os Módulos de Baterias de forma a regular a tensão sobre cada \nbateria, para que todas as baterias sempre apresentem a mesma tensão.\nCada Módulo de Bateria possui um microcontrolador e um módulo ativo que mantêm todas as baterias \nequalizadas. \nA Equalização Ativa faz com que todas as baterias sejam igualmente carregadas com a mesma tensão, \neliminando o efeito negativo de uma bateria sobrecarregar as outras, com excesso de carga ou o inverso, de \nimpedir que as baterias adjacentes sejam carregadas plenamente.\nO Equalizer permite que as  baterias atinjam 100% da sua vida útil, projetada pelos fabricantes. Antes, sem o \nEqualizer, as baterias se deterioravam precocemente e era necessário substituí-las. Dependendo do tipo de \nbateria, a durabilidade pode dobrar,  eliminando substituições  e reduzindo a necessidade de reciclagem.  O \nprocesso de reciclagem consome grandes recursos naturais.\nAlém disso, o sistema impede a queda do sistema por falha de baterias,  enviando alarmes ANTES de ocorrer uma \nfalha do sistema, reduzindo o DOWNTIME e elevando a confiabilidade de todo sistema.\nRede Elétr ica\nde En tradaRetificador\nCarregador\nBanc o de\nBateriasBateria 1\nBateria 2\nBateria 3\nBateria nEqualizer\nEqualizer\nEqualizer\nEqualizerMaster\nController\nCorrente Alt ernada de Entrada\nCabo de Comunicação Cabo de Medição Módulo EqualizerCorr ente ContínuaCOMO FUNCIONA ?\nEqualiz er - Equalização A tiva\nA central contr ola cada módulo , conec tado em \nparalelo com a bat eria e contr ola a t ensão de f orma \nque t odas fiquem iguais . Além disso , monit ora  \nconstant ement e a Resist ência I nterna e a \nTemperatura individualment e de cada bat eria, \narmaz ena os dados para análise e emit e alar mes \nantes de ocor rer a falh a.'
 'monobloco\n   \n    •Painel F rontal: em ABS de alta r esistência\n  \n    • A cabamento: pintura epó xi-pó na cor g rafite\n       com tratamento tér mico e anti- corrosivo\nTransf ormador Isolador : com blindagem\n    eletr ostátican  \nn  \nn   Alarmes\nContr olados pelo pr ocessador DSP\nTipos de Alarmes:\n   \n    •Sonor os: \n       »  A utocheck I nicialização\n       »  Tensão da Rede F ora da F aixa\n       »  Sobr ecar ga de Saída\n       »  F alha I nterna do Estabilizador\n       »  F reqüência da Rede F ora de F aixa\n   \n     •Sinalização: L eds de Status do P ainel\n       »  Rede Nor mal\n       »  Saída Nor mal\n       »  F alhan   \nn   Características de Oper ação\nRuído A udív el: 55 dBA a 60 dBA a 1 metr o\n MTBF (M ean Time Bet ween F ailur es): 50 mil horas\nMTTR (M ean Time To Repair): 30 minutos\nTemperatura Ambiente: \n   \n•Mínimo: 0ºC / M áximo 40ºC\n   \n    •Recomendada: 20ºC a 25ºC\nUmidade Relativa:\n   \n    •0% a 95% sem condensação\n   \n    •Recomendada: 45% a 55%\nAltitude: até 1.800m\n Tipo de Ambiente Recomendado:\n   \n    •Interno, instalação abr igada\n   \n    •Atmosf era: limpa, livr e de par tículas condutivas , \n      gases tó xicos , líquidos e inflamáv eis.\nGrau de P roteção: IP -20n   \nn  \nn   \nn   \n   \nn   \nn    \nn  \nn    \n   2000    2,0       620 X 200 X 600        41  \n   3000    3,0       620 X 200 X 600        43\n   5000    5,0       620 X 200 X 600           47\n   7500    7,5       620 X 200 X 600           61\n 10000  10,0       790 X 400 X 775        119\n 15000  15,0       790 X 400 X 775        147Modelo Potência \nkVADimensões Físicas\nalt x lar g x prof \nmmPeso \nkg\n* Opcional\nCM.MK T MAR 22  -   As especificações estão sujeitas a alterações sem pr évio aviso . Nós incentivamos a r eciclagem\nCertificação de \nSustentabilidade A uditadaESPECIFIC AÇÕES  TÉCNIC ASOs Estabilizador es de Tensão M icroprocessados P erfection MI S2 possuem uma tecnolog ia inédita de duplos con versor es estáticos com módulos IGBT s, de última geração . \nTotalmente contr olado por micr oprocessador DSP – Dig ital Sig nal P rocessor , o estabilizador cor rige instantaneamente qualquer var iação de tensão da r ede elétr ica da \nconcessionár ia, além de atenuar distor ção har mônica, var iações de fr equência e distúr bios elétr icos, gerando uma f orma de onda senoidal pura, e f ornecendo uma linha \nestabilizada ex clusiva e isolada para as aplicações sensív eis.\nA tecnolog ia DSP r ealiza medições em True RMS g raças à amostragem dig ital, sem r etardos ou desvios , com alta v elocidade e confiabilidade . Isso sig nifica que podemos \nproduzir sistemas cada v ez menor es e capaz es de r ealizar mais funções , com elevada confiabilidade .']","O controle remoto ajuda a monitorar a condição das baterias de forma contínua e precisa, permitindo que os operadores tomem medidas preventivas para evitar danos adicionais. Além disso, o sistema de controle remoto fornece alertas em caso de falhas ou problemas com as baterias, permitindo que os operadores intervenham rapidamente para minimizar a perda de tempo e reduzir o impacto negativo sobre o sistema.","O controle remoto otimiza a manutenção das baterias permitindo que os testes sejam realizados remotamente, sem a necessidade de desligar as baterias. Isso possibilita a realização de manutenções e análises em condições reais de operação, reduzindo a necessidade de paradas no sistema e permitindo que a equipe de manutenção se desloque apenas quando há intervenções corretivas necessárias, o que resulta em uma redução significativa dos custos operacionais.",0.8138775110907782,0.9805913567202736,0.9223654268810946,0.99999999995,0.0,0.9999999999,0.0,,,0.4
22,Qual é a importância da Equalização Ativa na durabilidade e capacidade das baterias?,"['monobloco\n   \n    •Painel F rontal: em ABS de alta r esistência\n  \n    • A cabamento: pintura epó xi-pó na cor g rafite\n       com tratamento tér mico e anti- corrosivo\nTransf ormador Isolador : com blindagem\n    eletr ostátican  \nn  \nn   Alarmes\nContr olados pelo pr ocessador DSP\nTipos de Alarmes:\n   \n    •Sonor os: \n       »  A utocheck I nicialização\n       »  Tensão da Rede F ora da F aixa\n       »  Sobr ecar ga de Saída\n       »  F alha I nterna do Estabilizador\n       »  F reqüência da Rede F ora de F aixa\n   \n     •Sinalização: L eds de Status do P ainel\n       »  Rede Nor mal\n       »  Saída Nor mal\n       »  F alhan   \nn   Características de Oper ação\nRuído A udív el: 55 dBA a 60 dBA a 1 metr o\n MTBF (M ean Time Bet ween F ailur es): 50 mil horas\nMTTR (M ean Time To Repair): 30 minutos\nTemperatura Ambiente: \n   \n•Mínimo: 0ºC / M áximo 40ºC\n   \n    •Recomendada: 20ºC a 25ºC\nUmidade Relativa:\n   \n    •0% a 95% sem condensação\n   \n    •Recomendada: 45% a 55%\nAltitude: até 1.800m\n Tipo de Ambiente Recomendado:\n   \n    •Interno, instalação abr igada\n   \n    •Atmosf era: limpa, livr e de par tículas condutivas , \n      gases tó xicos , líquidos e inflamáv eis.\nGrau de P roteção: IP -20n   \nn  \nn   \nn   \n   \nn   \nn    \nn  \nn    \n   2000    2,0       620 X 200 X 600        41  \n   3000    3,0       620 X 200 X 600        43\n   5000    5,0       620 X 200 X 600           47\n   7500    7,5       620 X 200 X 600           61\n 10000  10,0       790 X 400 X 775        119\n 15000  15,0       790 X 400 X 775        147Modelo Potência \nkVADimensões Físicas\nalt x lar g x prof \nmmPeso \nkg\n* Opcional\nCM.MK T MAR 22  -   As especificações estão sujeitas a alterações sem pr évio aviso . Nós incentivamos a r eciclagem\nCertificação de \nSustentabilidade A uditadaESPECIFIC AÇÕES  TÉCNIC ASOs Estabilizador es de Tensão M icroprocessados P erfection MI S2 possuem uma tecnolog ia inédita de duplos con versor es estáticos com módulos IGBT s, de última geração . \nTotalmente contr olado por micr oprocessador DSP – Dig ital Sig nal P rocessor , o estabilizador cor rige instantaneamente qualquer var iação de tensão da r ede elétr ica da \nconcessionár ia, além de atenuar distor ção har mônica, var iações de fr equência e distúr bios elétr icos, gerando uma f orma de onda senoidal pura, e f ornecendo uma linha \nestabilizada ex clusiva e isolada para as aplicações sensív eis.\nA tecnolog ia DSP r ealiza medições em True RMS g raças à amostragem dig ital, sem r etardos ou desvios , com alta v elocidade e confiabilidade . Isso sig nifica que podemos \nproduzir sistemas cada v ez menor es e capaz es de r ealizar mais funções , com elevada confiabilidade .'
 'Equalização A tiva de Bat erias\nO  QUE  É  ?\nO Equalizer é uma solução revolucionária de Equalização Ativa Individual de Baterias,  desenvolvido e fabricado \nno Brasil, pela CM Comandos. \nCada bateria recebe um Módulo de Bateria, conectado a um controlador, o Master Controller.  O Controller \nsupervisiona a tensão final das baterias e controla os Módulos de Baterias de forma a regular a tensão sobre cada \nbateria, para que todas as baterias sempre apresentem a mesma tensão.\nCada Módulo de Bateria possui um microcontrolador e um módulo ativo que mantêm todas as baterias \nequalizadas. \nA Equalização Ativa faz com que todas as baterias sejam igualmente carregadas com a mesma tensão, \neliminando o efeito negativo de uma bateria sobrecarregar as outras, com excesso de carga ou o inverso, de \nimpedir que as baterias adjacentes sejam carregadas plenamente.\nO Equalizer permite que as  baterias atinjam 100% da sua vida útil, projetada pelos fabricantes. Antes, sem o \nEqualizer, as baterias se deterioravam precocemente e era necessário substituí-las. Dependendo do tipo de \nbateria, a durabilidade pode dobrar,  eliminando substituições  e reduzindo a necessidade de reciclagem.  O \nprocesso de reciclagem consome grandes recursos naturais.\nAlém disso, o sistema impede a queda do sistema por falha de baterias,  enviando alarmes ANTES de ocorrer uma \nfalha do sistema, reduzindo o DOWNTIME e elevando a confiabilidade de todo sistema.\nRede Elétr ica\nde En tradaRetificador\nCarregador\nBanc o de\nBateriasBateria 1\nBateria 2\nBateria 3\nBateria nEqualizer\nEqualizer\nEqualizer\nEqualizerMaster\nController\nCorrente Alt ernada de Entrada\nCabo de Comunicação Cabo de Medição Módulo EqualizerCorr ente ContínuaCOMO FUNCIONA ?\nEqualiz er - Equalização A tiva\nA central contr ola cada módulo , conec tado em \nparalelo com a bat eria e contr ola a t ensão de f orma \nque t odas fiquem iguais . Além disso , monit ora  \nconstant ement e a Resist ência I nterna e a \nTemperatura individualment e de cada bat eria, \narmaz ena os dados para análise e emit e alar mes \nantes de ocor rer a falh a.']","A Equalização Ativa permite que todas as baterias sejam igualmente carregadas com a mesma tensão, eliminando o efeito negativo de uma bateria sobrecarregar as outras. Isso ajuda a prolongar a vida útil das baterias, pois reduz a sobrecarga e sobretensão que podem causar danos irreversíveis. Além disso, a Equalização Ativa também impede que as baterias se deteriorem de forma prematura, o que pode ocorrer sem o sistema. Com isso, as baterias podem atingir 100% da sua vida útil projetada pelos fabricantes, reduzindo a necessidade de substituições e reciclagem.","A Equalização Ativa é importante para a durabilidade e capacidade das baterias porque regula individualmente a tensão de cada bateria, mantendo-as homogêneas e elevando sua durabilidade, capacidade e resistência contra corrosão e sulfatação.",0.839663731106031,,0.9263602011646398,0.49999999995,1.0,0.99999999995,0.0,,,0.16666666666666666
23,Quais são as características que proporcionam alta performance e confiabilidade nos No-Breaks da linha Conception Multi Ativo?,"['Alta Tecnologia em\nProcessamento Digital\nde Sinais - DSP\nO S M A I S M O D E R N O S\nN O B R E A K S C O R P O R AT I V O SVivemos em um mundo cada vez mais ágil e prático. Um mundo conectado por processadores, chips, softwares e \nperiféricos. Mas isso ainda não é o bastante. Por isso, o mundo caminha para tecnologias de processamento imediato \nde dados. A CM Comandos Lineares está um passo à frente e oferece aos seus clientes produtos dotados de uma \ntecnologia revolucionária, denominada Processamento Digital de Sinais -- DSP .\nToda a linha de No Breaks Innovation S1 Trifásico  \nTransformerless conta com a tecnologia DS P.   \nCaracterística que proporciona alta performance e \nconfiabilidade, tornando-os ideais para aplicações de missão crítica. Ou seja, protegem as aplicações nas quais a \ncontinuidade da operação é de fundamental importância.\ndos equipamentos pode ser atualizado, \nacrescentando novas funções em \nunidades já instaladas. Hoje, esta tecnologia está presente nos mais sofisticados sistemas eletrônicos, devido à sua alta velocidade e \nconfiabilidade. Processadores Digitais de Sinais são capazes de processar dez milhões de amostragens por segundo. \nIsso significa processamento em tempo real -- o sinal é processado no mesmo instante em que é recebido, sem \nretardos ou atrasos.\nProjetados com o uso intenso dos recursos da tecnologia DSP ,  os No Breaks Innovation Trifásico Transformerless  \nagregam novos  e avançados recursos, que estabelecem um novo conceito em desenvolvimento, no qual o firmware \nAo pensar em adquirir No Breaks,     \nconte com as soluções da\nCM Comandos, que asseguram \ntecnologia de ponta, máxima proteção, \nprecisão digital e processamento        \nem tempo real.'
 'Caso ocor ram nív eis maior es do que o nor mal,  o dispositiv o de super visão imediatament e atua, emitindo um sinal de alar me, para a int ervenção \ndas equipes de manut enção . \nO módulo DSI possui um micr oprocessador int erno, comunicação M odbus via RS485 e é pr ojetado dentr o dos cr itérios tecnológ icos mais \navançados ,  sendo pr eciso , segur o e confiá vel, carac terísticas exig idas pelas  aplicações médico -hospitalar es.   \nCARACTERÍSTIC AS TÉCNIC AS \n• \nde 0...999kΩ com r esolução de 1kΩ  \n• Monitorament o de t emperatura do enr olament o secundár io do \ntransf ormador de separação ( T1)  \n• Disponibilidade de utilização de um contat o programá vel para \nsinalização à distância, em caso de falhas int ernas do dispositiv o, \nbaixo nív el de isolament o, medição de elevados valor es de \ntemperatura e de alcance do ajust e de máxima cor rente·\n• Teste de aut o-diag nóstico para ev entuais falhas int ernas do \ndispositiv o, verificação da conexão com a r ede e contr ole de \nfuncionament o\n• Injeção no cir cuito de sinais de contr ole codificados , que não são \ninfluenciados pelos component es de tipo contínuo , emitidos por \ndispositiv os elétr icos de uso médico\n• Saída ser ial RS485 para comunicação MODBUS R TUPossibilidade de escolha de um valor pr eciso de isolament o de r ede Tensão S ecundária :  \nAté 250 V\n Tensão de C urto-cir cuito:\n    3%\nCorrente a Vazio:\n    3% x I n\nConexão Elétrica:  \nPor meio de t erminais\nFixação:  \nPor meio de base metálica/ \nrodízios \nDIMENSÕES TRANSFORMADOR DE SEP ARAÇÃO  Transf ormador de Separação - Gabinete Simples  \nTensão de alimentação: 110V / 230V - 60H z\nTensão máxima de medição: 24V\nTensão da r ede c ontr olador a:  24 a 230V AC\nTensão  de Isolament o: 2,5 kV em 1 minut o \nCorrente máxima de medição: 1mA\nDispositivo Super visor de Isolamento (DSI)\n     3,0   600 X 440 X 400    50\n     5,0       600 X 440 X 400    50\n     7,5       600 X 440 X 400         70\n10,0      600 X 440 X 400    90\n  Potência\nkVAPeso \nkgGabinete simples\nDimensões Físicas\nalt x lar g x prof \nmmO Transformador de Separação é projetado pela CM \nComandos, especificamente para o suprimento de energia de \nsistema médico.\nPossui isolação galvânica reforçada, blindagem eletrostática \nentre enrolamentos primário e secundár io, conectados a um \nterminal própr io e com caracter ísticas elétricas e mecânicas que \ngarantem sua qualidade e confiabilidade.\nPossui sensores de temperatura do tipo PT-100 os quais são \nconectados ao módulo DST para super visão de temperatura.\nO transformador garante a confiabilidade das condições do \nisolamento do circuito elétrico sendo imprescindível para a \nsegurança nas aplicações cirúrgicas.']","A tecnologia DS P, que é característica de toda a linha de No Breaks Innovation S1 Trifásico Transformerless.","As características que proporcionam alta performance e confiabilidade nos No-Breaks da linha Conception Multi Ativo incluem a tecnologia de Processamento Digital de Sinais (DSP), que permite processamento em tempo real, alta velocidade e confiabilidade. Além disso, esses equipamentos podem ser atualizados para acrescentar novas funções em unidades já instaladas.",0.8267083597665026,0.9652238232130497,0.8608952928521985,0.99999999995,0.2,0.99999999995,0.0,,,1.0
24,Quais são as principais características dos Estabilizadores de Tensão Microprocessados Perfection MI S2?,"['monobloco\n   \n    •Painel F rontal: em ABS de alta r esistência\n  \n    • A cabamento: pintura epó xi-pó na cor g rafite\n       com tratamento tér mico e anti- corrosivo\nTransf ormador Isolador : com blindagem\n    eletr ostátican  \nn  \nn   Alarmes\nContr olados pelo pr ocessador DSP\nTipos de Alarmes:\n   \n    •Sonor os: \n       »  A utocheck I nicialização\n       »  Tensão da Rede F ora da F aixa\n       »  Sobr ecar ga de Saída\n       »  F alha I nterna do Estabilizador\n       »  F reqüência da Rede F ora de F aixa\n   \n     •Sinalização: L eds de Status do P ainel\n       »  Rede Nor mal\n       »  Saída Nor mal\n       »  F alhan   \nn   Características de Oper ação\nRuído A udív el: 55 dBA a 60 dBA a 1 metr o\n MTBF (M ean Time Bet ween F ailur es): 50 mil horas\nMTTR (M ean Time To Repair): 30 minutos\nTemperatura Ambiente: \n   \n•Mínimo: 0ºC / M áximo 40ºC\n   \n    •Recomendada: 20ºC a 25ºC\nUmidade Relativa:\n   \n    •0% a 95% sem condensação\n   \n    •Recomendada: 45% a 55%\nAltitude: até 1.800m\n Tipo de Ambiente Recomendado:\n   \n    •Interno, instalação abr igada\n   \n    •Atmosf era: limpa, livr e de par tículas condutivas , \n      gases tó xicos , líquidos e inflamáv eis.\nGrau de P roteção: IP -20n   \nn  \nn   \nn   \n   \nn   \nn    \nn  \nn    \n   2000    2,0       620 X 200 X 600        41  \n   3000    3,0       620 X 200 X 600        43\n   5000    5,0       620 X 200 X 600           47\n   7500    7,5       620 X 200 X 600           61\n 10000  10,0       790 X 400 X 775        119\n 15000  15,0       790 X 400 X 775        147Modelo Potência \nkVADimensões Físicas\nalt x lar g x prof \nmmPeso \nkg\n* Opcional\nCM.MK T MAR 22  -   As especificações estão sujeitas a alterações sem pr évio aviso . Nós incentivamos a r eciclagem\nCertificação de \nSustentabilidade A uditadaESPECIFIC AÇÕES  TÉCNIC ASOs Estabilizador es de Tensão M icroprocessados P erfection MI S2 possuem uma tecnolog ia inédita de duplos con versor es estáticos com módulos IGBT s, de última geração . \nTotalmente contr olado por micr oprocessador DSP – Dig ital Sig nal P rocessor , o estabilizador cor rige instantaneamente qualquer var iação de tensão da r ede elétr ica da \nconcessionár ia, além de atenuar distor ção har mônica, var iações de fr equência e distúr bios elétr icos, gerando uma f orma de onda senoidal pura, e f ornecendo uma linha \nestabilizada ex clusiva e isolada para as aplicações sensív eis.\nA tecnolog ia DSP r ealiza medições em True RMS g raças à amostragem dig ital, sem r etardos ou desvios , com alta v elocidade e confiabilidade . Isso sig nifica que podemos \nproduzir sistemas cada v ez menor es e capaz es de r ealizar mais funções , com elevada confiabilidade .'
 'Equalização A tiva de Bat erias\nO  QUE  É  ?\nO Equalizer é uma solução revolucionária de Equalização Ativa Individual de Baterias,  desenvolvido e fabricado \nno Brasil, pela CM Comandos. \nCada bateria recebe um Módulo de Bateria, conectado a um controlador, o Master Controller.  O Controller \nsupervisiona a tensão final das baterias e controla os Módulos de Baterias de forma a regular a tensão sobre cada \nbateria, para que todas as baterias sempre apresentem a mesma tensão.\nCada Módulo de Bateria possui um microcontrolador e um módulo ativo que mantêm todas as baterias \nequalizadas. \nA Equalização Ativa faz com que todas as baterias sejam igualmente carregadas com a mesma tensão, \neliminando o efeito negativo de uma bateria sobrecarregar as outras, com excesso de carga ou o inverso, de \nimpedir que as baterias adjacentes sejam carregadas plenamente.\nO Equalizer permite que as  baterias atinjam 100% da sua vida útil, projetada pelos fabricantes. Antes, sem o \nEqualizer, as baterias se deterioravam precocemente e era necessário substituí-las. Dependendo do tipo de \nbateria, a durabilidade pode dobrar,  eliminando substituições  e reduzindo a necessidade de reciclagem.  O \nprocesso de reciclagem consome grandes recursos naturais.\nAlém disso, o sistema impede a queda do sistema por falha de baterias,  enviando alarmes ANTES de ocorrer uma \nfalha do sistema, reduzindo o DOWNTIME e elevando a confiabilidade de todo sistema.\nRede Elétr ica\nde En tradaRetificador\nCarregador\nBanc o de\nBateriasBateria 1\nBateria 2\nBateria 3\nBateria nEqualizer\nEqualizer\nEqualizer\nEqualizerMaster\nController\nCorrente Alt ernada de Entrada\nCabo de Comunicação Cabo de Medição Módulo EqualizerCorr ente ContínuaCOMO FUNCIONA ?\nEqualiz er - Equalização A tiva\nA central contr ola cada módulo , conec tado em \nparalelo com a bat eria e contr ola a t ensão de f orma \nque t odas fiquem iguais . Além disso , monit ora  \nconstant ement e a Resist ência I nterna e a \nTemperatura individualment e de cada bat eria, \narmaz ena os dados para análise e emit e alar mes \nantes de ocor rer a falh a.']","As principais características dos Estabilizadores de Tensão Microprocessados Perfection MI S2 incluem tecnologia inédita de duplos conversores estáticos com módulos IGBT de última geração, controle instantâneo de variações de tensão da rede elétrica, atenuação de distorção harmônica, variação de frequência e distúrbios elétricos, produção de uma forma de onda senoidal pura, e confiabilidade com alta velocidade e precisão.","Os Estabilizadores de Tensão Microprocessados Perfection MI S2 possuem uma tecnologia inédita de duplos conversores estáticos com módulos IGBT de última geração, totalmente controlados por microprocessador DSP. Eles corrigem instantaneamente qualquer variação de tensão da rede elétrica, atenuam distorção harmônica, variações de frequência e distúrbios elétricos, gerando uma forma de onda senoidal pura. Além disso, realizam medições em True RMS com alta velocidade e confiabilidade, e todos os setups e configurações são realizados por software, permitindo até o upgrade de firmware.",0.6740066160446818,0.4177921868734813,0.9211687474939253,0.9999999999,1.0,0.99999999995,0.3333333322222222,,,1.0
25,Quais são os benefícios de escolher a marca CM Comandos para soluções de No-Breaks?,"['Alta Tecnologia em\nProcessamento Digital\nde Sinais - DSP\nO S M A I S M O D E R N O S\nN O B R E A K S C O R P O R AT I V O SVivemos em um mundo cada vez mais ágil e prático. Um mundo conectado por processadores, chips, softwares e \nperiféricos. Mas isso ainda não é o bastante. Por isso, o mundo caminha para tecnologias de processamento imediato \nde dados. A CM Comandos Lineares está um passo à frente e oferece aos seus clientes produtos dotados de uma \ntecnologia revolucionária, denominada Processamento Digital de Sinais -- DSP .\nToda a linha de No Breaks Innovation S1 Trifásico  \nTransformerless conta com a tecnologia DS P.   \nCaracterística que proporciona alta performance e \nconfiabilidade, tornando-os ideais para aplicações de missão crítica. Ou seja, protegem as aplicações nas quais a \ncontinuidade da operação é de fundamental importância.\ndos equipamentos pode ser atualizado, \nacrescentando novas funções em \nunidades já instaladas. Hoje, esta tecnologia está presente nos mais sofisticados sistemas eletrônicos, devido à sua alta velocidade e \nconfiabilidade. Processadores Digitais de Sinais são capazes de processar dez milhões de amostragens por segundo. \nIsso significa processamento em tempo real -- o sinal é processado no mesmo instante em que é recebido, sem \nretardos ou atrasos.\nProjetados com o uso intenso dos recursos da tecnologia DSP ,  os No Breaks Innovation Trifásico Transformerless  \nagregam novos  e avançados recursos, que estabelecem um novo conceito em desenvolvimento, no qual o firmware \nAo pensar em adquirir No Breaks,     \nconte com as soluções da\nCM Comandos, que asseguram \ntecnologia de ponta, máxima proteção, \nprecisão digital e processamento        \nem tempo real.'
 'monobloco\n   \n    •Painel F rontal: em ABS de alta r esistência\n  \n    • A cabamento: pintura epó xi-pó na cor g rafite\n       com tratamento tér mico e anti- corrosivo\nTransf ormador Isolador : com blindagem\n    eletr ostátican  \nn  \nn   Alarmes\nContr olados pelo pr ocessador DSP\nTipos de Alarmes:\n   \n    •Sonor os: \n       »  A utocheck I nicialização\n       »  Tensão da Rede F ora da F aixa\n       »  Sobr ecar ga de Saída\n       »  F alha I nterna do Estabilizador\n       »  F reqüência da Rede F ora de F aixa\n   \n     •Sinalização: L eds de Status do P ainel\n       »  Rede Nor mal\n       »  Saída Nor mal\n       »  F alhan   \nn   Características de Oper ação\nRuído A udív el: 55 dBA a 60 dBA a 1 metr o\n MTBF (M ean Time Bet ween F ailur es): 50 mil horas\nMTTR (M ean Time To Repair): 30 minutos\nTemperatura Ambiente: \n   \n•Mínimo: 0ºC / M áximo 40ºC\n   \n    •Recomendada: 20ºC a 25ºC\nUmidade Relativa:\n   \n    •0% a 95% sem condensação\n   \n    •Recomendada: 45% a 55%\nAltitude: até 1.800m\n Tipo de Ambiente Recomendado:\n   \n    •Interno, instalação abr igada\n   \n    •Atmosf era: limpa, livr e de par tículas condutivas , \n      gases tó xicos , líquidos e inflamáv eis.\nGrau de P roteção: IP -20n   \nn  \nn   \nn   \n   \nn   \nn    \nn  \nn    \n   2000    2,0       620 X 200 X 600        41  \n   3000    3,0       620 X 200 X 600        43\n   5000    5,0       620 X 200 X 600           47\n   7500    7,5       620 X 200 X 600           61\n 10000  10,0       790 X 400 X 775        119\n 15000  15,0       790 X 400 X 775        147Modelo Potência \nkVADimensões Físicas\nalt x lar g x prof \nmmPeso \nkg\n* Opcional\nCM.MK T MAR 22  -   As especificações estão sujeitas a alterações sem pr évio aviso . Nós incentivamos a r eciclagem\nCertificação de \nSustentabilidade A uditadaESPECIFIC AÇÕES  TÉCNIC ASOs Estabilizador es de Tensão M icroprocessados P erfection MI S2 possuem uma tecnolog ia inédita de duplos con versor es estáticos com módulos IGBT s, de última geração . \nTotalmente contr olado por micr oprocessador DSP – Dig ital Sig nal P rocessor , o estabilizador cor rige instantaneamente qualquer var iação de tensão da r ede elétr ica da \nconcessionár ia, além de atenuar distor ção har mônica, var iações de fr equência e distúr bios elétr icos, gerando uma f orma de onda senoidal pura, e f ornecendo uma linha \nestabilizada ex clusiva e isolada para as aplicações sensív eis.\nA tecnolog ia DSP r ealiza medições em True RMS g raças à amostragem dig ital, sem r etardos ou desvios , com alta v elocidade e confiabilidade . Isso sig nifica que podemos \nproduzir sistemas cada v ez menor es e capaz es de r ealizar mais funções , com elevada confiabilidade .']","Escolher a marca CM Comandos para soluções de No-Breaks oferece várias vantagens. Uma das principais razões é a tecnologia de ponta que assegura máxima proteção, precisão digital e processamento em tempo real. Isso garante que os sistemas de energia sejam mantidos estáveis e confiáveis, reduzindo o risco de falhas e interrupções.

Além disso, a CM Comandos fornece soluções personalizadas que atendem às necessidades específicas de cada aplicação, permitindo que os usuários obtenham os melhores resultados possíveis. A empresa também está comprometida com a sustentabilidade, incentivando a reciclagem e certificada por auditorias.

Em última análise, escolher CM Comandos para soluções de No-Breaks permite que os usuários beneficiem-se de uma tecnologia inovadora e confiável, capaz de atender às exigências mais rigorosas das aplicações críticas.","Os benefícios de escolher a marca CM Comandos para soluções de No-Breaks incluem o melhor suporte técnico de pré e pós-venda, que se consolidou ao longo de 40 anos como líder de mercado. Além disso, a empresa oferece instrumentação de ponta, profissionais altamente qualificados, disponibilidade de atendimento 24 horas, sete dias da semana, call center e processos certificados que asseguram a excelência dos serviços de suporte.",0.8042459120323279,0.6697685725414795,0.8790742901659179,0.99999999995,0.4,0.99999999995,0.4999999975,,,0.8333333333333334
26,Qual é a importância da comunicação Modbus via RS485 no módulo DSI do transformador de separação?,"['monobloco\n   \n    •Painel F rontal: em ABS de alta r esistência\n  \n    • A cabamento: pintura epó xi-pó na cor g rafite\n       com tratamento tér mico e anti- corrosivo\nTransf ormador Isolador : com blindagem\n    eletr ostátican  \nn  \nn   Alarmes\nContr olados pelo pr ocessador DSP\nTipos de Alarmes:\n   \n    •Sonor os: \n       »  A utocheck I nicialização\n       »  Tensão da Rede F ora da F aixa\n       »  Sobr ecar ga de Saída\n       »  F alha I nterna do Estabilizador\n       »  F reqüência da Rede F ora de F aixa\n   \n     •Sinalização: L eds de Status do P ainel\n       »  Rede Nor mal\n       »  Saída Nor mal\n       »  F alhan   \nn   Características de Oper ação\nRuído A udív el: 55 dBA a 60 dBA a 1 metr o\n MTBF (M ean Time Bet ween F ailur es): 50 mil horas\nMTTR (M ean Time To Repair): 30 minutos\nTemperatura Ambiente: \n   \n•Mínimo: 0ºC / M áximo 40ºC\n   \n    •Recomendada: 20ºC a 25ºC\nUmidade Relativa:\n   \n    •0% a 95% sem condensação\n   \n    •Recomendada: 45% a 55%\nAltitude: até 1.800m\n Tipo de Ambiente Recomendado:\n   \n    •Interno, instalação abr igada\n   \n    •Atmosf era: limpa, livr e de par tículas condutivas , \n      gases tó xicos , líquidos e inflamáv eis.\nGrau de P roteção: IP -20n   \nn  \nn   \nn   \n   \nn   \nn    \nn  \nn    \n   2000    2,0       620 X 200 X 600        41  \n   3000    3,0       620 X 200 X 600        43\n   5000    5,0       620 X 200 X 600           47\n   7500    7,5       620 X 200 X 600           61\n 10000  10,0       790 X 400 X 775        119\n 15000  15,0       790 X 400 X 775        147Modelo Potência \nkVADimensões Físicas\nalt x lar g x prof \nmmPeso \nkg\n* Opcional\nCM.MK T MAR 22  -   As especificações estão sujeitas a alterações sem pr évio aviso . Nós incentivamos a r eciclagem\nCertificação de \nSustentabilidade A uditadaESPECIFIC AÇÕES  TÉCNIC ASOs Estabilizador es de Tensão M icroprocessados P erfection MI S2 possuem uma tecnolog ia inédita de duplos con versor es estáticos com módulos IGBT s, de última geração . \nTotalmente contr olado por micr oprocessador DSP – Dig ital Sig nal P rocessor , o estabilizador cor rige instantaneamente qualquer var iação de tensão da r ede elétr ica da \nconcessionár ia, além de atenuar distor ção har mônica, var iações de fr equência e distúr bios elétr icos, gerando uma f orma de onda senoidal pura, e f ornecendo uma linha \nestabilizada ex clusiva e isolada para as aplicações sensív eis.\nA tecnolog ia DSP r ealiza medições em True RMS g raças à amostragem dig ital, sem r etardos ou desvios , com alta v elocidade e confiabilidade . Isso sig nifica que podemos \nproduzir sistemas cada v ez menor es e capaz es de r ealizar mais funções , com elevada confiabilidade .'
 'Caso ocor ram nív eis maior es do que o nor mal,  o dispositiv o de super visão imediatament e atua, emitindo um sinal de alar me, para a int ervenção \ndas equipes de manut enção . \nO módulo DSI possui um micr oprocessador int erno, comunicação M odbus via RS485 e é pr ojetado dentr o dos cr itérios tecnológ icos mais \navançados ,  sendo pr eciso , segur o e confiá vel, carac terísticas exig idas pelas  aplicações médico -hospitalar es.   \nCARACTERÍSTIC AS TÉCNIC AS \n• \nde 0...999kΩ com r esolução de 1kΩ  \n• Monitorament o de t emperatura do enr olament o secundár io do \ntransf ormador de separação ( T1)  \n• Disponibilidade de utilização de um contat o programá vel para \nsinalização à distância, em caso de falhas int ernas do dispositiv o, \nbaixo nív el de isolament o, medição de elevados valor es de \ntemperatura e de alcance do ajust e de máxima cor rente·\n• Teste de aut o-diag nóstico para ev entuais falhas int ernas do \ndispositiv o, verificação da conexão com a r ede e contr ole de \nfuncionament o\n• Injeção no cir cuito de sinais de contr ole codificados , que não são \ninfluenciados pelos component es de tipo contínuo , emitidos por \ndispositiv os elétr icos de uso médico\n• Saída ser ial RS485 para comunicação MODBUS R TUPossibilidade de escolha de um valor pr eciso de isolament o de r ede Tensão S ecundária :  \nAté 250 V\n Tensão de C urto-cir cuito:\n    3%\nCorrente a Vazio:\n    3% x I n\nConexão Elétrica:  \nPor meio de t erminais\nFixação:  \nPor meio de base metálica/ \nrodízios \nDIMENSÕES TRANSFORMADOR DE SEP ARAÇÃO  Transf ormador de Separação - Gabinete Simples  \nTensão de alimentação: 110V / 230V - 60H z\nTensão máxima de medição: 24V\nTensão da r ede c ontr olador a:  24 a 230V AC\nTensão  de Isolament o: 2,5 kV em 1 minut o \nCorrente máxima de medição: 1mA\nDispositivo Super visor de Isolamento (DSI)\n     3,0   600 X 440 X 400    50\n     5,0       600 X 440 X 400    50\n     7,5       600 X 440 X 400         70\n10,0      600 X 440 X 400    90\n  Potência\nkVAPeso \nkgGabinete simples\nDimensões Físicas\nalt x lar g x prof \nmmO Transformador de Separação é projetado pela CM \nComandos, especificamente para o suprimento de energia de \nsistema médico.\nPossui isolação galvânica reforçada, blindagem eletrostática \nentre enrolamentos primário e secundár io, conectados a um \nterminal própr io e com caracter ísticas elétricas e mecânicas que \ngarantem sua qualidade e confiabilidade.\nPossui sensores de temperatura do tipo PT-100 os quais são \nconectados ao módulo DST para super visão de temperatura.\nO transformador garante a confiabilidade das condições do \nisolamento do circuito elétrico sendo imprescindível para a \nsegurança nas aplicações cirúrgicas.']","A comunicação Modbus via RS485 no módulo DSI do transformador de separação permite uma conexão segura e confiável com outros dispositivos, além de oferecer flexibilidade na comunicação. Isso é importante para garantir a precisão das medições e a disponibilidade da informação em tempo real, o que é essencial para aplicações médicas onde a segurança e a eficiência são fundamentais.",A importância da comunicação Modbus via RS485 no módulo DSI do transformador de separação não está presente no contexto.,0.6887439773350041,0.4583076478321953,0.8332305913287812,0.0,,0.49999999995,0.0,,,1.0
27,Qual é a importância da topologia online de dupla conversão nos No-Breaks Composition trifásico?,"['Equalização A tiva de Bat erias\nO  QUE  É  ?\nO Equalizer é uma solução revolucionária de Equalização Ativa Individual de Baterias,  desenvolvido e fabricado \nno Brasil, pela CM Comandos. \nCada bateria recebe um Módulo de Bateria, conectado a um controlador, o Master Controller.  O Controller \nsupervisiona a tensão final das baterias e controla os Módulos de Baterias de forma a regular a tensão sobre cada \nbateria, para que todas as baterias sempre apresentem a mesma tensão.\nCada Módulo de Bateria possui um microcontrolador e um módulo ativo que mantêm todas as baterias \nequalizadas. \nA Equalização Ativa faz com que todas as baterias sejam igualmente carregadas com a mesma tensão, \neliminando o efeito negativo de uma bateria sobrecarregar as outras, com excesso de carga ou o inverso, de \nimpedir que as baterias adjacentes sejam carregadas plenamente.\nO Equalizer permite que as  baterias atinjam 100% da sua vida útil, projetada pelos fabricantes. Antes, sem o \nEqualizer, as baterias se deterioravam precocemente e era necessário substituí-las. Dependendo do tipo de \nbateria, a durabilidade pode dobrar,  eliminando substituições  e reduzindo a necessidade de reciclagem.  O \nprocesso de reciclagem consome grandes recursos naturais.\nAlém disso, o sistema impede a queda do sistema por falha de baterias,  enviando alarmes ANTES de ocorrer uma \nfalha do sistema, reduzindo o DOWNTIME e elevando a confiabilidade de todo sistema.\nRede Elétr ica\nde En tradaRetificador\nCarregador\nBanc o de\nBateriasBateria 1\nBateria 2\nBateria 3\nBateria nEqualizer\nEqualizer\nEqualizer\nEqualizerMaster\nController\nCorrente Alt ernada de Entrada\nCabo de Comunicação Cabo de Medição Módulo EqualizerCorr ente ContínuaCOMO FUNCIONA ?\nEqualiz er - Equalização A tiva\nA central contr ola cada módulo , conec tado em \nparalelo com a bat eria e contr ola a t ensão de f orma \nque t odas fiquem iguais . Além disso , monit ora  \nconstant ement e a Resist ência I nterna e a \nTemperatura individualment e de cada bat eria, \narmaz ena os dados para análise e emit e alar mes \nantes de ocor rer a falh a.'
 'Caso ocor ram nív eis maior es do que o nor mal,  o dispositiv o de super visão imediatament e atua, emitindo um sinal de alar me, para a int ervenção \ndas equipes de manut enção . \nO módulo DSI possui um micr oprocessador int erno, comunicação M odbus via RS485 e é pr ojetado dentr o dos cr itérios tecnológ icos mais \navançados ,  sendo pr eciso , segur o e confiá vel, carac terísticas exig idas pelas  aplicações médico -hospitalar es.   \nCARACTERÍSTIC AS TÉCNIC AS \n• \nde 0...999kΩ com r esolução de 1kΩ  \n• Monitorament o de t emperatura do enr olament o secundár io do \ntransf ormador de separação ( T1)  \n• Disponibilidade de utilização de um contat o programá vel para \nsinalização à distância, em caso de falhas int ernas do dispositiv o, \nbaixo nív el de isolament o, medição de elevados valor es de \ntemperatura e de alcance do ajust e de máxima cor rente·\n• Teste de aut o-diag nóstico para ev entuais falhas int ernas do \ndispositiv o, verificação da conexão com a r ede e contr ole de \nfuncionament o\n• Injeção no cir cuito de sinais de contr ole codificados , que não são \ninfluenciados pelos component es de tipo contínuo , emitidos por \ndispositiv os elétr icos de uso médico\n• Saída ser ial RS485 para comunicação MODBUS R TUPossibilidade de escolha de um valor pr eciso de isolament o de r ede Tensão S ecundária :  \nAté 250 V\n Tensão de C urto-cir cuito:\n    3%\nCorrente a Vazio:\n    3% x I n\nConexão Elétrica:  \nPor meio de t erminais\nFixação:  \nPor meio de base metálica/ \nrodízios \nDIMENSÕES TRANSFORMADOR DE SEP ARAÇÃO  Transf ormador de Separação - Gabinete Simples  \nTensão de alimentação: 110V / 230V - 60H z\nTensão máxima de medição: 24V\nTensão da r ede c ontr olador a:  24 a 230V AC\nTensão  de Isolament o: 2,5 kV em 1 minut o \nCorrente máxima de medição: 1mA\nDispositivo Super visor de Isolamento (DSI)\n     3,0   600 X 440 X 400    50\n     5,0       600 X 440 X 400    50\n     7,5       600 X 440 X 400         70\n10,0      600 X 440 X 400    90\n  Potência\nkVAPeso \nkgGabinete simples\nDimensões Físicas\nalt x lar g x prof \nmmO Transformador de Separação é projetado pela CM \nComandos, especificamente para o suprimento de energia de \nsistema médico.\nPossui isolação galvânica reforçada, blindagem eletrostática \nentre enrolamentos primário e secundár io, conectados a um \nterminal própr io e com caracter ísticas elétricas e mecânicas que \ngarantem sua qualidade e confiabilidade.\nPossui sensores de temperatura do tipo PT-100 os quais são \nconectados ao módulo DST para super visão de temperatura.\nO transformador garante a confiabilidade das condições do \nisolamento do circuito elétrico sendo imprescindível para a \nsegurança nas aplicações cirúrgicas.']","A topologia online de dupla conversão nos No-Breaks Composition trifásico é crucial para garantir uma interrupção suave e segura durante a falha do sistema. Isso permite que o sistema continue funcionando sem perda de energia, mesmo após uma falha no fornecimento de energia, reduzindo assim o impacto negativo sobre o paciente.",A resposta à pergunta dada não está presente no contexto,0.7353727084635925,0.3648234263918913,0.259293705567565,0.0,0.0,,0.0,,,0.8888888888888888
28,Quais são as vantagens do suporte técnico 24 horas oferecido pela CM Comandos?,"['Alta Tecnologia em\nProcessamento Digital\nde Sinais - DSP\nO S M A I S M O D E R N O S\nN O B R E A K S C O R P O R AT I V O SVivemos em um mundo cada vez mais ágil e prático. Um mundo conectado por processadores, chips, softwares e \nperiféricos. Mas isso ainda não é o bastante. Por isso, o mundo caminha para tecnologias de processamento imediato \nde dados. A CM Comandos Lineares está um passo à frente e oferece aos seus clientes produtos dotados de uma \ntecnologia revolucionária, denominada Processamento Digital de Sinais -- DSP .\nToda a linha de No Breaks Innovation S1 Trifásico  \nTransformerless conta com a tecnologia DS P.   \nCaracterística que proporciona alta performance e \nconfiabilidade, tornando-os ideais para aplicações de missão crítica. Ou seja, protegem as aplicações nas quais a \ncontinuidade da operação é de fundamental importância.\ndos equipamentos pode ser atualizado, \nacrescentando novas funções em \nunidades já instaladas. Hoje, esta tecnologia está presente nos mais sofisticados sistemas eletrônicos, devido à sua alta velocidade e \nconfiabilidade. Processadores Digitais de Sinais são capazes de processar dez milhões de amostragens por segundo. \nIsso significa processamento em tempo real -- o sinal é processado no mesmo instante em que é recebido, sem \nretardos ou atrasos.\nProjetados com o uso intenso dos recursos da tecnologia DSP ,  os No Breaks Innovation Trifásico Transformerless  \nagregam novos  e avançados recursos, que estabelecem um novo conceito em desenvolvimento, no qual o firmware \nAo pensar em adquirir No Breaks,     \nconte com as soluções da\nCM Comandos, que asseguram \ntecnologia de ponta, máxima proteção, \nprecisão digital e processamento        \nem tempo real.'
 'Caso ocor ram nív eis maior es do que o nor mal,  o dispositiv o de super visão imediatament e atua, emitindo um sinal de alar me, para a int ervenção \ndas equipes de manut enção . \nO módulo DSI possui um micr oprocessador int erno, comunicação M odbus via RS485 e é pr ojetado dentr o dos cr itérios tecnológ icos mais \navançados ,  sendo pr eciso , segur o e confiá vel, carac terísticas exig idas pelas  aplicações médico -hospitalar es.   \nCARACTERÍSTIC AS TÉCNIC AS \n• \nde 0...999kΩ com r esolução de 1kΩ  \n• Monitorament o de t emperatura do enr olament o secundár io do \ntransf ormador de separação ( T1)  \n• Disponibilidade de utilização de um contat o programá vel para \nsinalização à distância, em caso de falhas int ernas do dispositiv o, \nbaixo nív el de isolament o, medição de elevados valor es de \ntemperatura e de alcance do ajust e de máxima cor rente·\n• Teste de aut o-diag nóstico para ev entuais falhas int ernas do \ndispositiv o, verificação da conexão com a r ede e contr ole de \nfuncionament o\n• Injeção no cir cuito de sinais de contr ole codificados , que não são \ninfluenciados pelos component es de tipo contínuo , emitidos por \ndispositiv os elétr icos de uso médico\n• Saída ser ial RS485 para comunicação MODBUS R TUPossibilidade de escolha de um valor pr eciso de isolament o de r ede Tensão S ecundária :  \nAté 250 V\n Tensão de C urto-cir cuito:\n    3%\nCorrente a Vazio:\n    3% x I n\nConexão Elétrica:  \nPor meio de t erminais\nFixação:  \nPor meio de base metálica/ \nrodízios \nDIMENSÕES TRANSFORMADOR DE SEP ARAÇÃO  Transf ormador de Separação - Gabinete Simples  \nTensão de alimentação: 110V / 230V - 60H z\nTensão máxima de medição: 24V\nTensão da r ede c ontr olador a:  24 a 230V AC\nTensão  de Isolament o: 2,5 kV em 1 minut o \nCorrente máxima de medição: 1mA\nDispositivo Super visor de Isolamento (DSI)\n     3,0   600 X 440 X 400    50\n     5,0       600 X 440 X 400    50\n     7,5       600 X 440 X 400         70\n10,0      600 X 440 X 400    90\n  Potência\nkVAPeso \nkgGabinete simples\nDimensões Físicas\nalt x lar g x prof \nmmO Transformador de Separação é projetado pela CM \nComandos, especificamente para o suprimento de energia de \nsistema médico.\nPossui isolação galvânica reforçada, blindagem eletrostática \nentre enrolamentos primário e secundár io, conectados a um \nterminal própr io e com caracter ísticas elétricas e mecânicas que \ngarantem sua qualidade e confiabilidade.\nPossui sensores de temperatura do tipo PT-100 os quais são \nconectados ao módulo DST para super visão de temperatura.\nO transformador garante a confiabilidade das condições do \nisolamento do circuito elétrico sendo imprescindível para a \nsegurança nas aplicações cirúrgicas.']","O suporte técnico 24 horas oferecido pela CM Comandos proporciona uma grande tranquilidade e confiança aos clientes, pois garantem que haja sempre alguém pronto para ajudar nas situações de emergência ou dúvidas técnicas. Isso é especialmente importante em aplicações críticas, como aquelas envolvendo sistemas médicos, onde a continuidade operacional é fundamental. Além disso, o suporte 24 horas ajuda a minimizar interrupções e perdas de produtividade, garantindo que os dispositivos estejam funcionando em seu pico de desempenho.","O suporte técnico 24 horas oferecido pela CM Comandos garante atendimento contínuo, com profissionais altamente qualificados e cobertura nacional, assegurando a excelência dos serviços prestados. Isso proporciona maior confiabilidade e minimiza falhas, resultando em custos de manutenção reduzidos.",0.9089247562412066,0.48691653846473604,0.9476661538589441,0.99999999995,0.6666666666666666,0.99999999995,0.4999999975,,,0.5
29,Qual é a faixa de temperatura ambiente recomendada para o funcionamento do No-Break?,"['Equalização A tiva de Bat erias\nO  QUE  É  ?\nO Equalizer é uma solução revolucionária de Equalização Ativa Individual de Baterias,  desenvolvido e fabricado \nno Brasil, pela CM Comandos. \nCada bateria recebe um Módulo de Bateria, conectado a um controlador, o Master Controller.  O Controller \nsupervisiona a tensão final das baterias e controla os Módulos de Baterias de forma a regular a tensão sobre cada \nbateria, para que todas as baterias sempre apresentem a mesma tensão.\nCada Módulo de Bateria possui um microcontrolador e um módulo ativo que mantêm todas as baterias \nequalizadas. \nA Equalização Ativa faz com que todas as baterias sejam igualmente carregadas com a mesma tensão, \neliminando o efeito negativo de uma bateria sobrecarregar as outras, com excesso de carga ou o inverso, de \nimpedir que as baterias adjacentes sejam carregadas plenamente.\nO Equalizer permite que as  baterias atinjam 100% da sua vida útil, projetada pelos fabricantes. Antes, sem o \nEqualizer, as baterias se deterioravam precocemente e era necessário substituí-las. Dependendo do tipo de \nbateria, a durabilidade pode dobrar,  eliminando substituições  e reduzindo a necessidade de reciclagem.  O \nprocesso de reciclagem consome grandes recursos naturais.\nAlém disso, o sistema impede a queda do sistema por falha de baterias,  enviando alarmes ANTES de ocorrer uma \nfalha do sistema, reduzindo o DOWNTIME e elevando a confiabilidade de todo sistema.\nRede Elétr ica\nde En tradaRetificador\nCarregador\nBanc o de\nBateriasBateria 1\nBateria 2\nBateria 3\nBateria nEqualizer\nEqualizer\nEqualizer\nEqualizerMaster\nController\nCorrente Alt ernada de Entrada\nCabo de Comunicação Cabo de Medição Módulo EqualizerCorr ente ContínuaCOMO FUNCIONA ?\nEqualiz er - Equalização A tiva\nA central contr ola cada módulo , conec tado em \nparalelo com a bat eria e contr ola a t ensão de f orma \nque t odas fiquem iguais . Além disso , monit ora  \nconstant ement e a Resist ência I nterna e a \nTemperatura individualment e de cada bat eria, \narmaz ena os dados para análise e emit e alar mes \nantes de ocor rer a falh a.'
 'Caso ocor ram nív eis maior es do que o nor mal,  o dispositiv o de super visão imediatament e atua, emitindo um sinal de alar me, para a int ervenção \ndas equipes de manut enção . \nO módulo DSI possui um micr oprocessador int erno, comunicação M odbus via RS485 e é pr ojetado dentr o dos cr itérios tecnológ icos mais \navançados ,  sendo pr eciso , segur o e confiá vel, carac terísticas exig idas pelas  aplicações médico -hospitalar es.   \nCARACTERÍSTIC AS TÉCNIC AS \n• \nde 0...999kΩ com r esolução de 1kΩ  \n• Monitorament o de t emperatura do enr olament o secundár io do \ntransf ormador de separação ( T1)  \n• Disponibilidade de utilização de um contat o programá vel para \nsinalização à distância, em caso de falhas int ernas do dispositiv o, \nbaixo nív el de isolament o, medição de elevados valor es de \ntemperatura e de alcance do ajust e de máxima cor rente·\n• Teste de aut o-diag nóstico para ev entuais falhas int ernas do \ndispositiv o, verificação da conexão com a r ede e contr ole de \nfuncionament o\n• Injeção no cir cuito de sinais de contr ole codificados , que não são \ninfluenciados pelos component es de tipo contínuo , emitidos por \ndispositiv os elétr icos de uso médico\n• Saída ser ial RS485 para comunicação MODBUS R TUPossibilidade de escolha de um valor pr eciso de isolament o de r ede Tensão S ecundária :  \nAté 250 V\n Tensão de C urto-cir cuito:\n    3%\nCorrente a Vazio:\n    3% x I n\nConexão Elétrica:  \nPor meio de t erminais\nFixação:  \nPor meio de base metálica/ \nrodízios \nDIMENSÕES TRANSFORMADOR DE SEP ARAÇÃO  Transf ormador de Separação - Gabinete Simples  \nTensão de alimentação: 110V / 230V - 60H z\nTensão máxima de medição: 24V\nTensão da r ede c ontr olador a:  24 a 230V AC\nTensão  de Isolament o: 2,5 kV em 1 minut o \nCorrente máxima de medição: 1mA\nDispositivo Super visor de Isolamento (DSI)\n     3,0   600 X 440 X 400    50\n     5,0       600 X 440 X 400    50\n     7,5       600 X 440 X 400         70\n10,0      600 X 440 X 400    90\n  Potência\nkVAPeso \nkgGabinete simples\nDimensões Físicas\nalt x lar g x prof \nmmO Transformador de Separação é projetado pela CM \nComandos, especificamente para o suprimento de energia de \nsistema médico.\nPossui isolação galvânica reforçada, blindagem eletrostática \nentre enrolamentos primário e secundár io, conectados a um \nterminal própr io e com caracter ísticas elétricas e mecânicas que \ngarantem sua qualidade e confiabilidade.\nPossui sensores de temperatura do tipo PT-100 os quais são \nconectados ao módulo DST para super visão de temperatura.\nO transformador garante a confiabilidade das condições do \nisolamento do circuito elétrico sendo imprescindível para a \nsegurança nas aplicações cirúrgicas.']",A faixa de temperatura ambiente recomendada para o funcionamento do sistema não foi explicitamente mencionada no contexto fornecido.,A faixa de temperatura ambiente recomendada para o funcionamento do No-Break é de 20°C a 25°C.,0.8293299673519268,0.935479694686357,0.741918778745428,0.99999999995,1.0,0.49999999995,0.0,,,
30,Qual é a faixa de temperatura ambiente recomendada para o No-Break?,"['Equalização A tiva de Bat erias\nO  QUE  É  ?\nO Equalizer é uma solução revolucionária de Equalização Ativa Individual de Baterias,  desenvolvido e fabricado \nno Brasil, pela CM Comandos. \nCada bateria recebe um Módulo de Bateria, conectado a um controlador, o Master Controller.  O Controller \nsupervisiona a tensão final das baterias e controla os Módulos de Baterias de forma a regular a tensão sobre cada \nbateria, para que todas as baterias sempre apresentem a mesma tensão.\nCada Módulo de Bateria possui um microcontrolador e um módulo ativo que mantêm todas as baterias \nequalizadas. \nA Equalização Ativa faz com que todas as baterias sejam igualmente carregadas com a mesma tensão, \neliminando o efeito negativo de uma bateria sobrecarregar as outras, com excesso de carga ou o inverso, de \nimpedir que as baterias adjacentes sejam carregadas plenamente.\nO Equalizer permite que as  baterias atinjam 100% da sua vida útil, projetada pelos fabricantes. Antes, sem o \nEqualizer, as baterias se deterioravam precocemente e era necessário substituí-las. Dependendo do tipo de \nbateria, a durabilidade pode dobrar,  eliminando substituições  e reduzindo a necessidade de reciclagem.  O \nprocesso de reciclagem consome grandes recursos naturais.\nAlém disso, o sistema impede a queda do sistema por falha de baterias,  enviando alarmes ANTES de ocorrer uma \nfalha do sistema, reduzindo o DOWNTIME e elevando a confiabilidade de todo sistema.\nRede Elétr ica\nde En tradaRetificador\nCarregador\nBanc o de\nBateriasBateria 1\nBateria 2\nBateria 3\nBateria nEqualizer\nEqualizer\nEqualizer\nEqualizerMaster\nController\nCorrente Alt ernada de Entrada\nCabo de Comunicação Cabo de Medição Módulo EqualizerCorr ente ContínuaCOMO FUNCIONA ?\nEqualiz er - Equalização A tiva\nA central contr ola cada módulo , conec tado em \nparalelo com a bat eria e contr ola a t ensão de f orma \nque t odas fiquem iguais . Além disso , monit ora  \nconstant ement e a Resist ência I nterna e a \nTemperatura individualment e de cada bat eria, \narmaz ena os dados para análise e emit e alar mes \nantes de ocor rer a falh a.'
 'Caso ocor ram nív eis maior es do que o nor mal,  o dispositiv o de super visão imediatament e atua, emitindo um sinal de alar me, para a int ervenção \ndas equipes de manut enção . \nO módulo DSI possui um micr oprocessador int erno, comunicação M odbus via RS485 e é pr ojetado dentr o dos cr itérios tecnológ icos mais \navançados ,  sendo pr eciso , segur o e confiá vel, carac terísticas exig idas pelas  aplicações médico -hospitalar es.   \nCARACTERÍSTIC AS TÉCNIC AS \n• \nde 0...999kΩ com r esolução de 1kΩ  \n• Monitorament o de t emperatura do enr olament o secundár io do \ntransf ormador de separação ( T1)  \n• Disponibilidade de utilização de um contat o programá vel para \nsinalização à distância, em caso de falhas int ernas do dispositiv o, \nbaixo nív el de isolament o, medição de elevados valor es de \ntemperatura e de alcance do ajust e de máxima cor rente·\n• Teste de aut o-diag nóstico para ev entuais falhas int ernas do \ndispositiv o, verificação da conexão com a r ede e contr ole de \nfuncionament o\n• Injeção no cir cuito de sinais de contr ole codificados , que não são \ninfluenciados pelos component es de tipo contínuo , emitidos por \ndispositiv os elétr icos de uso médico\n• Saída ser ial RS485 para comunicação MODBUS R TUPossibilidade de escolha de um valor pr eciso de isolament o de r ede Tensão S ecundária :  \nAté 250 V\n Tensão de C urto-cir cuito:\n    3%\nCorrente a Vazio:\n    3% x I n\nConexão Elétrica:  \nPor meio de t erminais\nFixação:  \nPor meio de base metálica/ \nrodízios \nDIMENSÕES TRANSFORMADOR DE SEP ARAÇÃO  Transf ormador de Separação - Gabinete Simples  \nTensão de alimentação: 110V / 230V - 60H z\nTensão máxima de medição: 24V\nTensão da r ede c ontr olador a:  24 a 230V AC\nTensão  de Isolament o: 2,5 kV em 1 minut o \nCorrente máxima de medição: 1mA\nDispositivo Super visor de Isolamento (DSI)\n     3,0   600 X 440 X 400    50\n     5,0       600 X 440 X 400    50\n     7,5       600 X 440 X 400         70\n10,0      600 X 440 X 400    90\n  Potência\nkVAPeso \nkgGabinete simples\nDimensões Físicas\nalt x lar g x prof \nmmO Transformador de Separação é projetado pela CM \nComandos, especificamente para o suprimento de energia de \nsistema médico.\nPossui isolação galvânica reforçada, blindagem eletrostática \nentre enrolamentos primário e secundár io, conectados a um \nterminal própr io e com caracter ísticas elétricas e mecânicas que \ngarantem sua qualidade e confiabilidade.\nPossui sensores de temperatura do tipo PT-100 os quais são \nconectados ao módulo DST para super visão de temperatura.\nO transformador garante a confiabilidade das condições do \nisolamento do circuito elétrico sendo imprescindível para a \nsegurança nas aplicações cirúrgicas.']",A faixa de temperatura ambiente recomendada não foi especificamente mencionada no contexto.,A faixa de temperatura ambiente recomendada para o No-Break é de 20°C a 25°C.,0.7350825179864031,0.7027072569471338,0.8108290277885348,0.99999999995,1.0,0.0,0.0,,,0.2
31,Qual é a função do software IP Power em relação ao gerenciamento de servidores?,"['Equalização A tiva de Bat erias\nO  QUE  É  ?\nO Equalizer é uma solução revolucionária de Equalização Ativa Individual de Baterias,  desenvolvido e fabricado \nno Brasil, pela CM Comandos. \nCada bateria recebe um Módulo de Bateria, conectado a um controlador, o Master Controller.  O Controller \nsupervisiona a tensão final das baterias e controla os Módulos de Baterias de forma a regular a tensão sobre cada \nbateria, para que todas as baterias sempre apresentem a mesma tensão.\nCada Módulo de Bateria possui um microcontrolador e um módulo ativo que mantêm todas as baterias \nequalizadas. \nA Equalização Ativa faz com que todas as baterias sejam igualmente carregadas com a mesma tensão, \neliminando o efeito negativo de uma bateria sobrecarregar as outras, com excesso de carga ou o inverso, de \nimpedir que as baterias adjacentes sejam carregadas plenamente.\nO Equalizer permite que as  baterias atinjam 100% da sua vida útil, projetada pelos fabricantes. Antes, sem o \nEqualizer, as baterias se deterioravam precocemente e era necessário substituí-las. Dependendo do tipo de \nbateria, a durabilidade pode dobrar,  eliminando substituições  e reduzindo a necessidade de reciclagem.  O \nprocesso de reciclagem consome grandes recursos naturais.\nAlém disso, o sistema impede a queda do sistema por falha de baterias,  enviando alarmes ANTES de ocorrer uma \nfalha do sistema, reduzindo o DOWNTIME e elevando a confiabilidade de todo sistema.\nRede Elétr ica\nde En tradaRetificador\nCarregador\nBanc o de\nBateriasBateria 1\nBateria 2\nBateria 3\nBateria nEqualizer\nEqualizer\nEqualizer\nEqualizerMaster\nController\nCorrente Alt ernada de Entrada\nCabo de Comunicação Cabo de Medição Módulo EqualizerCorr ente ContínuaCOMO FUNCIONA ?\nEqualiz er - Equalização A tiva\nA central contr ola cada módulo , conec tado em \nparalelo com a bat eria e contr ola a t ensão de f orma \nque t odas fiquem iguais . Além disso , monit ora  \nconstant ement e a Resist ência I nterna e a \nTemperatura individualment e de cada bat eria, \narmaz ena os dados para análise e emit e alar mes \nantes de ocor rer a falh a.'
 'S I S T E M A PA R A L E L O M U LT I AT I V O ( E X C L U S I V O C M C O M A N D O S )\nA CM Comandos Lineares desenvolveu um sistema inovador e pioneiro no mundo de paralelismo entre No Breaks. O sistema Paralelo \nMulti Ativo permite a expansão do sistema, de acordo com sua demanda de consumo, podendo paralelar quantas unidades forem \nnecessárias para atender sua demanda, elevando a capacidade do sistema e a confiabilidade de sua aplicação.\nP O S S I B I L I D A D E D E S O M A T Ó R I A D E  P O T Ê N C I A S\nPermite a ligação para somatória de potência, utilizando dois ou mais No \nBreaks para atingir a demanda da carga total.\nQuando utilizado para somatória de potência, possibilita a ligação de \nNo Breaks com potências diferentes. Quando a ligação for feita com No \nBreaks de potências diferentes, a carga será distribuída \nproporcionalmente. Permite a ligação em paralelo redundante N + 1,  N + 2, N + 3 … N+X,  \npossibilitando o desligamento de uma ou mais unidades mantendo a \ncarga ativa.L I G A Ç Ã O E M P A R A L E L O R E D U N D A N T E\nA comunicação entre os No Breaks consiste no barramento de \ncomunicação comum, por onde transitam informações contendo \nnível de carga, sincronismo e a condição do by pass.C O M U N I C A Ç Ã O E N T R E O S N O B R E A K STodos os No Breaks são autônomos, operam de forma \nindependente no sistema e possuem controle individual.N Ã O E X I S T E N O B R E A K M E S T R E O U E S C R A V OPodem ser paraleladas quantas unidades forem necessárias, \npossibilitando expansão do sistema, de acordo com a demanda de \nconsumo.Q U A N T I D A D E I L I M I T A D A P A R A P A R A L E L I S M O\nM A N U T E N Ç Ã O D O N O B R E A K\nPermite a inserção ou retirada de um No Break no sistema, sem a \nnecessidade de parada.Rede Elétrica\nde Entrada\nSaídaNo Break 1\n Potência de \n30 kVANo Break 2\nPotência de \n10 kVANo Break 3\nPotência de \n20 kVA\nCarga fornecida pelo sistema = 150 kVANo Break 4\nPotência de \n30 kVANo Break 5\nPotência de \n20 kVANo Break 6\nPotência de \n40 kVA\nINTERFACES DE \nGERENCIAMENTO   \nREMOTO\nSão compostas por diversas ferramentas. O \nAdaptador SNMP NetMate permite\ngerenciar remotamente o No Break via a \nInternet através de um web browser,\nmonitorar o status e enviar alertas por e-mail. \nO software IP Power é uma ferramenta de \ngerenciamento  Windows Application e a \nversão Client é específica para  automatizar o \nshutdown de servidores, podendo desligar \nautomática e simultaneamente vários\ns e r v i d o r e s  e  e s t a ç õ e s .\nO Adaptador ArmModbus permite integrar \no  N o  B r e a k ,  v i a  u m a  p o r t a\nRS485, a Sistemas de Automação Predial.']","O software IP Power é uma ferramenta de gerenciamento que permite automatizar o shutdown de servidores, podendo desligar automaticamente e simultaneamente vários servidores e seus respectivos dispositivos.","O software IP Power é uma ferramenta de gerenciamento que automatiza o desligamento de servidores, podendo desligar automática e simultaneamente vários servidores e estações.",0.876458889550422,,0.974327069609416,0.99999999995,0.2,0.99999999995,0.4999999975,,,
32,Quais são as características principais do No-Break Senoidal Microprocessado?,"['monobloco\n   \n    •Painel F rontal: em ABS de alta r esistência\n  \n    • A cabamento: pintura epó xi-pó na cor g rafite\n       com tratamento tér mico e anti- corrosivo\nTransf ormador Isolador : com blindagem\n    eletr ostátican  \nn  \nn   Alarmes\nContr olados pelo pr ocessador DSP\nTipos de Alarmes:\n   \n    •Sonor os: \n       »  A utocheck I nicialização\n       »  Tensão da Rede F ora da F aixa\n       »  Sobr ecar ga de Saída\n       »  F alha I nterna do Estabilizador\n       »  F reqüência da Rede F ora de F aixa\n   \n     •Sinalização: L eds de Status do P ainel\n       »  Rede Nor mal\n       »  Saída Nor mal\n       »  F alhan   \nn   Características de Oper ação\nRuído A udív el: 55 dBA a 60 dBA a 1 metr o\n MTBF (M ean Time Bet ween F ailur es): 50 mil horas\nMTTR (M ean Time To Repair): 30 minutos\nTemperatura Ambiente: \n   \n•Mínimo: 0ºC / M áximo 40ºC\n   \n    •Recomendada: 20ºC a 25ºC\nUmidade Relativa:\n   \n    •0% a 95% sem condensação\n   \n    •Recomendada: 45% a 55%\nAltitude: até 1.800m\n Tipo de Ambiente Recomendado:\n   \n    •Interno, instalação abr igada\n   \n    •Atmosf era: limpa, livr e de par tículas condutivas , \n      gases tó xicos , líquidos e inflamáv eis.\nGrau de P roteção: IP -20n   \nn  \nn   \nn   \n   \nn   \nn    \nn  \nn    \n   2000    2,0       620 X 200 X 600        41  \n   3000    3,0       620 X 200 X 600        43\n   5000    5,0       620 X 200 X 600           47\n   7500    7,5       620 X 200 X 600           61\n 10000  10,0       790 X 400 X 775        119\n 15000  15,0       790 X 400 X 775        147Modelo Potência \nkVADimensões Físicas\nalt x lar g x prof \nmmPeso \nkg\n* Opcional\nCM.MK T MAR 22  -   As especificações estão sujeitas a alterações sem pr évio aviso . Nós incentivamos a r eciclagem\nCertificação de \nSustentabilidade A uditadaESPECIFIC AÇÕES  TÉCNIC ASOs Estabilizador es de Tensão M icroprocessados P erfection MI S2 possuem uma tecnolog ia inédita de duplos con versor es estáticos com módulos IGBT s, de última geração . \nTotalmente contr olado por micr oprocessador DSP – Dig ital Sig nal P rocessor , o estabilizador cor rige instantaneamente qualquer var iação de tensão da r ede elétr ica da \nconcessionár ia, além de atenuar distor ção har mônica, var iações de fr equência e distúr bios elétr icos, gerando uma f orma de onda senoidal pura, e f ornecendo uma linha \nestabilizada ex clusiva e isolada para as aplicações sensív eis.\nA tecnolog ia DSP r ealiza medições em True RMS g raças à amostragem dig ital, sem r etardos ou desvios , com alta v elocidade e confiabilidade . Isso sig nifica que podemos \nproduzir sistemas cada v ez menor es e capaz es de r ealizar mais funções , com elevada confiabilidade .'
 'Equalização A tiva de Bat erias\nO  QUE  É  ?\nO Equalizer é uma solução revolucionária de Equalização Ativa Individual de Baterias,  desenvolvido e fabricado \nno Brasil, pela CM Comandos. \nCada bateria recebe um Módulo de Bateria, conectado a um controlador, o Master Controller.  O Controller \nsupervisiona a tensão final das baterias e controla os Módulos de Baterias de forma a regular a tensão sobre cada \nbateria, para que todas as baterias sempre apresentem a mesma tensão.\nCada Módulo de Bateria possui um microcontrolador e um módulo ativo que mantêm todas as baterias \nequalizadas. \nA Equalização Ativa faz com que todas as baterias sejam igualmente carregadas com a mesma tensão, \neliminando o efeito negativo de uma bateria sobrecarregar as outras, com excesso de carga ou o inverso, de \nimpedir que as baterias adjacentes sejam carregadas plenamente.\nO Equalizer permite que as  baterias atinjam 100% da sua vida útil, projetada pelos fabricantes. Antes, sem o \nEqualizer, as baterias se deterioravam precocemente e era necessário substituí-las. Dependendo do tipo de \nbateria, a durabilidade pode dobrar,  eliminando substituições  e reduzindo a necessidade de reciclagem.  O \nprocesso de reciclagem consome grandes recursos naturais.\nAlém disso, o sistema impede a queda do sistema por falha de baterias,  enviando alarmes ANTES de ocorrer uma \nfalha do sistema, reduzindo o DOWNTIME e elevando a confiabilidade de todo sistema.\nRede Elétr ica\nde En tradaRetificador\nCarregador\nBanc o de\nBateriasBateria 1\nBateria 2\nBateria 3\nBateria nEqualizer\nEqualizer\nEqualizer\nEqualizerMaster\nController\nCorrente Alt ernada de Entrada\nCabo de Comunicação Cabo de Medição Módulo EqualizerCorr ente ContínuaCOMO FUNCIONA ?\nEqualiz er - Equalização A tiva\nA central contr ola cada módulo , conec tado em \nparalelo com a bat eria e contr ola a t ensão de f orma \nque t odas fiquem iguais . Além disso , monit ora  \nconstant ement e a Resist ência I nterna e a \nTemperatura individualment e de cada bat eria, \narmaz ena os dados para análise e emit e alar mes \nantes de ocor rer a falh a.']","O No-Break Senoidal Microprocessado apresenta características que garantem uma forma de onda senoidal pura e isolada. Ele produz uma linha estabilizada exclusiva e isolada para aplicações sensíveis, sem distorção harmônica, variação de frequência ou distúrbios elétricos.","As características principais do No-Break Senoidal Microprocessado incluem: compatibilidade com todos os tipos de cargas sensíveis e aplicações mais exigentes, montagem em torre ou rack 19"", compacto e no padrão 19 polegadas com altura 2U, display LCD que apresenta informações de status de operação, medições e alarmes de forma intuitiva, estabilizador interno que permite uma ampla faixa de variação admissível na entrada, e acesso frontal de baterias para fácil manutenção (somente por técnicos autorizados).",0.7954912966218651,0.41139661730278587,0.8955864692111436,0.9999999999,1.0,0.9999999999,0.0,,,1.0
33,Qual é a função do software IP Power em relação ao gerenciamento de servidores?,"['Equalização A tiva de Bat erias\nO  QUE  É  ?\nO Equalizer é uma solução revolucionária de Equalização Ativa Individual de Baterias,  desenvolvido e fabricado \nno Brasil, pela CM Comandos. \nCada bateria recebe um Módulo de Bateria, conectado a um controlador, o Master Controller.  O Controller \nsupervisiona a tensão final das baterias e controla os Módulos de Baterias de forma a regular a tensão sobre cada \nbateria, para que todas as baterias sempre apresentem a mesma tensão.\nCada Módulo de Bateria possui um microcontrolador e um módulo ativo que mantêm todas as baterias \nequalizadas. \nA Equalização Ativa faz com que todas as baterias sejam igualmente carregadas com a mesma tensão, \neliminando o efeito negativo de uma bateria sobrecarregar as outras, com excesso de carga ou o inverso, de \nimpedir que as baterias adjacentes sejam carregadas plenamente.\nO Equalizer permite que as  baterias atinjam 100% da sua vida útil, projetada pelos fabricantes. Antes, sem o \nEqualizer, as baterias se deterioravam precocemente e era necessário substituí-las. Dependendo do tipo de \nbateria, a durabilidade pode dobrar,  eliminando substituições  e reduzindo a necessidade de reciclagem.  O \nprocesso de reciclagem consome grandes recursos naturais.\nAlém disso, o sistema impede a queda do sistema por falha de baterias,  enviando alarmes ANTES de ocorrer uma \nfalha do sistema, reduzindo o DOWNTIME e elevando a confiabilidade de todo sistema.\nRede Elétr ica\nde En tradaRetificador\nCarregador\nBanc o de\nBateriasBateria 1\nBateria 2\nBateria 3\nBateria nEqualizer\nEqualizer\nEqualizer\nEqualizerMaster\nController\nCorrente Alt ernada de Entrada\nCabo de Comunicação Cabo de Medição Módulo EqualizerCorr ente ContínuaCOMO FUNCIONA ?\nEqualiz er - Equalização A tiva\nA central contr ola cada módulo , conec tado em \nparalelo com a bat eria e contr ola a t ensão de f orma \nque t odas fiquem iguais . Além disso , monit ora  \nconstant ement e a Resist ência I nterna e a \nTemperatura individualment e de cada bat eria, \narmaz ena os dados para análise e emit e alar mes \nantes de ocor rer a falh a.'
 'S I S T E M A PA R A L E L O M U LT I AT I V O ( E X C L U S I V O C M C O M A N D O S )\nA CM Comandos Lineares desenvolveu um sistema inovador e pioneiro no mundo de paralelismo entre No Breaks. O sistema Paralelo \nMulti Ativo permite a expansão do sistema, de acordo com sua demanda de consumo, podendo paralelar quantas unidades forem \nnecessárias para atender sua demanda, elevando a capacidade do sistema e a confiabilidade de sua aplicação.\nP O S S I B I L I D A D E D E S O M A T Ó R I A D E  P O T Ê N C I A S\nPermite a ligação para somatória de potência, utilizando dois ou mais No \nBreaks para atingir a demanda da carga total.\nQuando utilizado para somatória de potência, possibilita a ligação de \nNo Breaks com potências diferentes. Quando a ligação for feita com No \nBreaks de potências diferentes, a carga será distribuída \nproporcionalmente. Permite a ligação em paralelo redundante N + 1,  N + 2, N + 3 … N+X,  \npossibilitando o desligamento de uma ou mais unidades mantendo a \ncarga ativa.L I G A Ç Ã O E M P A R A L E L O R E D U N D A N T E\nA comunicação entre os No Breaks consiste no barramento de \ncomunicação comum, por onde transitam informações contendo \nnível de carga, sincronismo e a condição do by pass.C O M U N I C A Ç Ã O E N T R E O S N O B R E A K STodos os No Breaks são autônomos, operam de forma \nindependente no sistema e possuem controle individual.N Ã O E X I S T E N O B R E A K M E S T R E O U E S C R A V OPodem ser paraleladas quantas unidades forem necessárias, \npossibilitando expansão do sistema, de acordo com a demanda de \nconsumo.Q U A N T I D A D E I L I M I T A D A P A R A P A R A L E L I S M O\nM A N U T E N Ç Ã O D O N O B R E A K\nPermite a inserção ou retirada de um No Break no sistema, sem a \nnecessidade de parada.Rede Elétrica\nde Entrada\nSaídaNo Break 1\n Potência de \n30 kVANo Break 2\nPotência de \n10 kVANo Break 3\nPotência de \n20 kVA\nCarga fornecida pelo sistema = 150 kVANo Break 4\nPotência de \n30 kVANo Break 5\nPotência de \n20 kVANo Break 6\nPotência de \n40 kVA\nINTERFACES DE \nGERENCIAMENTO   \nREMOTO\nSão compostas por diversas ferramentas. O \nAdaptador SNMP NetMate permite\ngerenciar remotamente o No Break via a \nInternet através de um web browser,\nmonitorar o status e enviar alertas por e-mail. \nO software IP Power é uma ferramenta de \ngerenciamento  Windows Application e a \nversão Client é específica para  automatizar o \nshutdown de servidores, podendo desligar \nautomática e simultaneamente vários\ns e r v i d o r e s  e  e s t a ç õ e s .\nO Adaptador ArmModbus permite integrar \no  N o  B r e a k ,  v i a  u m a  p o r t a\nRS485, a Sistemas de Automação Predial.']","O software IP Power permite automatizar o shutdown de servidores, desligando automaticamente e simultaneamente vários servidores ao mesmo tempo.","O software IP Power é uma ferramenta de gerenciamento que automatiza o desligamento de servidores, podendo desligar automática e simultaneamente vários servidores e estações.",,0.4876000645965709,0.9504002583862837,0.49999999995,,0.49999999995,0.0,,,0.0
34,Qual é a importância do acesso ao servidor de e-mail com senha criptografada?,"['Alta Tecnologia em\nProcessamento Digital\nde Sinais - DSP\nO S M A I S M O D E R N O S\nN O B R E A K S C O R P O R AT I V O SVivemos em um mundo cada vez mais ágil e prático. Um mundo conectado por processadores, chips, softwares e \nperiféricos. Mas isso ainda não é o bastante. Por isso, o mundo caminha para tecnologias de processamento imediato \nde dados. A CM Comandos Lineares está um passo à frente e oferece aos seus clientes produtos dotados de uma \ntecnologia revolucionária, denominada Processamento Digital de Sinais -- DSP .\nToda a linha de No Breaks Innovation S1 Trifásico  \nTransformerless conta com a tecnologia DS P.   \nCaracterística que proporciona alta performance e \nconfiabilidade, tornando-os ideais para aplicações de missão crítica. Ou seja, protegem as aplicações nas quais a \ncontinuidade da operação é de fundamental importância.\ndos equipamentos pode ser atualizado, \nacrescentando novas funções em \nunidades já instaladas. Hoje, esta tecnologia está presente nos mais sofisticados sistemas eletrônicos, devido à sua alta velocidade e \nconfiabilidade. Processadores Digitais de Sinais são capazes de processar dez milhões de amostragens por segundo. \nIsso significa processamento em tempo real -- o sinal é processado no mesmo instante em que é recebido, sem \nretardos ou atrasos.\nProjetados com o uso intenso dos recursos da tecnologia DSP ,  os No Breaks Innovation Trifásico Transformerless  \nagregam novos  e avançados recursos, que estabelecem um novo conceito em desenvolvimento, no qual o firmware \nAo pensar em adquirir No Breaks,     \nconte com as soluções da\nCM Comandos, que asseguram \ntecnologia de ponta, máxima proteção, \nprecisão digital e processamento        \nem tempo real.'
 'Equalização A tiva de Bat erias\nO  QUE  É  ?\nO Equalizer é uma solução revolucionária de Equalização Ativa Individual de Baterias,  desenvolvido e fabricado \nno Brasil, pela CM Comandos. \nCada bateria recebe um Módulo de Bateria, conectado a um controlador, o Master Controller.  O Controller \nsupervisiona a tensão final das baterias e controla os Módulos de Baterias de forma a regular a tensão sobre cada \nbateria, para que todas as baterias sempre apresentem a mesma tensão.\nCada Módulo de Bateria possui um microcontrolador e um módulo ativo que mantêm todas as baterias \nequalizadas. \nA Equalização Ativa faz com que todas as baterias sejam igualmente carregadas com a mesma tensão, \neliminando o efeito negativo de uma bateria sobrecarregar as outras, com excesso de carga ou o inverso, de \nimpedir que as baterias adjacentes sejam carregadas plenamente.\nO Equalizer permite que as  baterias atinjam 100% da sua vida útil, projetada pelos fabricantes. Antes, sem o \nEqualizer, as baterias se deterioravam precocemente e era necessário substituí-las. Dependendo do tipo de \nbateria, a durabilidade pode dobrar,  eliminando substituições  e reduzindo a necessidade de reciclagem.  O \nprocesso de reciclagem consome grandes recursos naturais.\nAlém disso, o sistema impede a queda do sistema por falha de baterias,  enviando alarmes ANTES de ocorrer uma \nfalha do sistema, reduzindo o DOWNTIME e elevando a confiabilidade de todo sistema.\nRede Elétr ica\nde En tradaRetificador\nCarregador\nBanc o de\nBateriasBateria 1\nBateria 2\nBateria 3\nBateria nEqualizer\nEqualizer\nEqualizer\nEqualizerMaster\nController\nCorrente Alt ernada de Entrada\nCabo de Comunicação Cabo de Medição Módulo EqualizerCorr ente ContínuaCOMO FUNCIONA ?\nEqualiz er - Equalização A tiva\nA central contr ola cada módulo , conec tado em \nparalelo com a bat eria e contr ola a t ensão de f orma \nque t odas fiquem iguais . Além disso , monit ora  \nconstant ement e a Resist ência I nterna e a \nTemperatura individualment e de cada bat eria, \narmaz ena os dados para análise e emit e alar mes \nantes de ocor rer a falh a.']",A segurança da informação.,A resposta à pergunta dada não está presente no contexto,0.6738413984506865,0.8092337607415535,0.23693504296621404,0.0,0.0,0.99999999995,0.0,,0.0,
35,Qual é a capacidade do Registro de Eventos Log no Estabilizador Perfection SP?,"['Equalização A tiva de Bat erias\nO  QUE  É  ?\nO Equalizer é uma solução revolucionária de Equalização Ativa Individual de Baterias,  desenvolvido e fabricado \nno Brasil, pela CM Comandos. \nCada bateria recebe um Módulo de Bateria, conectado a um controlador, o Master Controller.  O Controller \nsupervisiona a tensão final das baterias e controla os Módulos de Baterias de forma a regular a tensão sobre cada \nbateria, para que todas as baterias sempre apresentem a mesma tensão.\nCada Módulo de Bateria possui um microcontrolador e um módulo ativo que mantêm todas as baterias \nequalizadas. \nA Equalização Ativa faz com que todas as baterias sejam igualmente carregadas com a mesma tensão, \neliminando o efeito negativo de uma bateria sobrecarregar as outras, com excesso de carga ou o inverso, de \nimpedir que as baterias adjacentes sejam carregadas plenamente.\nO Equalizer permite que as  baterias atinjam 100% da sua vida útil, projetada pelos fabricantes. Antes, sem o \nEqualizer, as baterias se deterioravam precocemente e era necessário substituí-las. Dependendo do tipo de \nbateria, a durabilidade pode dobrar,  eliminando substituições  e reduzindo a necessidade de reciclagem.  O \nprocesso de reciclagem consome grandes recursos naturais.\nAlém disso, o sistema impede a queda do sistema por falha de baterias,  enviando alarmes ANTES de ocorrer uma \nfalha do sistema, reduzindo o DOWNTIME e elevando a confiabilidade de todo sistema.\nRede Elétr ica\nde En tradaRetificador\nCarregador\nBanc o de\nBateriasBateria 1\nBateria 2\nBateria 3\nBateria nEqualizer\nEqualizer\nEqualizer\nEqualizerMaster\nController\nCorrente Alt ernada de Entrada\nCabo de Comunicação Cabo de Medição Módulo EqualizerCorr ente ContínuaCOMO FUNCIONA ?\nEqualiz er - Equalização A tiva\nA central contr ola cada módulo , conec tado em \nparalelo com a bat eria e contr ola a t ensão de f orma \nque t odas fiquem iguais . Além disso , monit ora  \nconstant ement e a Resist ência I nterna e a \nTemperatura individualment e de cada bat eria, \narmaz ena os dados para análise e emit e alar mes \nantes de ocor rer a falh a.'
 'Caso ocor ram nív eis maior es do que o nor mal,  o dispositiv o de super visão imediatament e atua, emitindo um sinal de alar me, para a int ervenção \ndas equipes de manut enção . \nO módulo DSI possui um micr oprocessador int erno, comunicação M odbus via RS485 e é pr ojetado dentr o dos cr itérios tecnológ icos mais \navançados ,  sendo pr eciso , segur o e confiá vel, carac terísticas exig idas pelas  aplicações médico -hospitalar es.   \nCARACTERÍSTIC AS TÉCNIC AS \n• \nde 0...999kΩ com r esolução de 1kΩ  \n• Monitorament o de t emperatura do enr olament o secundár io do \ntransf ormador de separação ( T1)  \n• Disponibilidade de utilização de um contat o programá vel para \nsinalização à distância, em caso de falhas int ernas do dispositiv o, \nbaixo nív el de isolament o, medição de elevados valor es de \ntemperatura e de alcance do ajust e de máxima cor rente·\n• Teste de aut o-diag nóstico para ev entuais falhas int ernas do \ndispositiv o, verificação da conexão com a r ede e contr ole de \nfuncionament o\n• Injeção no cir cuito de sinais de contr ole codificados , que não são \ninfluenciados pelos component es de tipo contínuo , emitidos por \ndispositiv os elétr icos de uso médico\n• Saída ser ial RS485 para comunicação MODBUS R TUPossibilidade de escolha de um valor pr eciso de isolament o de r ede Tensão S ecundária :  \nAté 250 V\n Tensão de C urto-cir cuito:\n    3%\nCorrente a Vazio:\n    3% x I n\nConexão Elétrica:  \nPor meio de t erminais\nFixação:  \nPor meio de base metálica/ \nrodízios \nDIMENSÕES TRANSFORMADOR DE SEP ARAÇÃO  Transf ormador de Separação - Gabinete Simples  \nTensão de alimentação: 110V / 230V - 60H z\nTensão máxima de medição: 24V\nTensão da r ede c ontr olador a:  24 a 230V AC\nTensão  de Isolament o: 2,5 kV em 1 minut o \nCorrente máxima de medição: 1mA\nDispositivo Super visor de Isolamento (DSI)\n     3,0   600 X 440 X 400    50\n     5,0       600 X 440 X 400    50\n     7,5       600 X 440 X 400         70\n10,0      600 X 440 X 400    90\n  Potência\nkVAPeso \nkgGabinete simples\nDimensões Físicas\nalt x lar g x prof \nmmO Transformador de Separação é projetado pela CM \nComandos, especificamente para o suprimento de energia de \nsistema médico.\nPossui isolação galvânica reforçada, blindagem eletrostática \nentre enrolamentos primário e secundár io, conectados a um \nterminal própr io e com caracter ísticas elétricas e mecânicas que \ngarantem sua qualidade e confiabilidade.\nPossui sensores de temperatura do tipo PT-100 os quais são \nconectados ao módulo DST para super visão de temperatura.\nO transformador garante a confiabilidade das condições do \nisolamento do circuito elétrico sendo imprescindível para a \nsegurança nas aplicações cirúrgicas.']","Não há informações disponíveis sobre um registro de eventos log chamado ""Registro de Eventos Log"" no estabilizador Perfection SP.","O Registro de Eventos Log no Estabilizador Perfection SP tem a capacidade de registrar permanentemente na memória não volátil E2PROM os últimos 25.500 registros, possibilitando rastreabilidade total dos eventos ocorridos no sistema.",0.27342266100710677,0.5085746750486576,0.8342987001946304,0.99999999995,1.0,0.0,0.0,,,
36,Qual é a importância da CM Comandos como fabricante de No-Breaks na América Latina?,"['Alta Tecnologia em\nProcessamento Digital\nde Sinais - DSP\nO S M A I S M O D E R N O S\nN O B R E A K S C O R P O R AT I V O SVivemos em um mundo cada vez mais ágil e prático. Um mundo conectado por processadores, chips, softwares e \nperiféricos. Mas isso ainda não é o bastante. Por isso, o mundo caminha para tecnologias de processamento imediato \nde dados. A CM Comandos Lineares está um passo à frente e oferece aos seus clientes produtos dotados de uma \ntecnologia revolucionária, denominada Processamento Digital de Sinais -- DSP .\nToda a linha de No Breaks Innovation S1 Trifásico  \nTransformerless conta com a tecnologia DS P.   \nCaracterística que proporciona alta performance e \nconfiabilidade, tornando-os ideais para aplicações de missão crítica. Ou seja, protegem as aplicações nas quais a \ncontinuidade da operação é de fundamental importância.\ndos equipamentos pode ser atualizado, \nacrescentando novas funções em \nunidades já instaladas. Hoje, esta tecnologia está presente nos mais sofisticados sistemas eletrônicos, devido à sua alta velocidade e \nconfiabilidade. Processadores Digitais de Sinais são capazes de processar dez milhões de amostragens por segundo. \nIsso significa processamento em tempo real -- o sinal é processado no mesmo instante em que é recebido, sem \nretardos ou atrasos.\nProjetados com o uso intenso dos recursos da tecnologia DSP ,  os No Breaks Innovation Trifásico Transformerless  \nagregam novos  e avançados recursos, que estabelecem um novo conceito em desenvolvimento, no qual o firmware \nAo pensar em adquirir No Breaks,     \nconte com as soluções da\nCM Comandos, que asseguram \ntecnologia de ponta, máxima proteção, \nprecisão digital e processamento        \nem tempo real.'
 'Caso ocor ram nív eis maior es do que o nor mal,  o dispositiv o de super visão imediatament e atua, emitindo um sinal de alar me, para a int ervenção \ndas equipes de manut enção . \nO módulo DSI possui um micr oprocessador int erno, comunicação M odbus via RS485 e é pr ojetado dentr o dos cr itérios tecnológ icos mais \navançados ,  sendo pr eciso , segur o e confiá vel, carac terísticas exig idas pelas  aplicações médico -hospitalar es.   \nCARACTERÍSTIC AS TÉCNIC AS \n• \nde 0...999kΩ com r esolução de 1kΩ  \n• Monitorament o de t emperatura do enr olament o secundár io do \ntransf ormador de separação ( T1)  \n• Disponibilidade de utilização de um contat o programá vel para \nsinalização à distância, em caso de falhas int ernas do dispositiv o, \nbaixo nív el de isolament o, medição de elevados valor es de \ntemperatura e de alcance do ajust e de máxima cor rente·\n• Teste de aut o-diag nóstico para ev entuais falhas int ernas do \ndispositiv o, verificação da conexão com a r ede e contr ole de \nfuncionament o\n• Injeção no cir cuito de sinais de contr ole codificados , que não são \ninfluenciados pelos component es de tipo contínuo , emitidos por \ndispositiv os elétr icos de uso médico\n• Saída ser ial RS485 para comunicação MODBUS R TUPossibilidade de escolha de um valor pr eciso de isolament o de r ede Tensão S ecundária :  \nAté 250 V\n Tensão de C urto-cir cuito:\n    3%\nCorrente a Vazio:\n    3% x I n\nConexão Elétrica:  \nPor meio de t erminais\nFixação:  \nPor meio de base metálica/ \nrodízios \nDIMENSÕES TRANSFORMADOR DE SEP ARAÇÃO  Transf ormador de Separação - Gabinete Simples  \nTensão de alimentação: 110V / 230V - 60H z\nTensão máxima de medição: 24V\nTensão da r ede c ontr olador a:  24 a 230V AC\nTensão  de Isolament o: 2,5 kV em 1 minut o \nCorrente máxima de medição: 1mA\nDispositivo Super visor de Isolamento (DSI)\n     3,0   600 X 440 X 400    50\n     5,0       600 X 440 X 400    50\n     7,5       600 X 440 X 400         70\n10,0      600 X 440 X 400    90\n  Potência\nkVAPeso \nkgGabinete simples\nDimensões Físicas\nalt x lar g x prof \nmmO Transformador de Separação é projetado pela CM \nComandos, especificamente para o suprimento de energia de \nsistema médico.\nPossui isolação galvânica reforçada, blindagem eletrostática \nentre enrolamentos primário e secundár io, conectados a um \nterminal própr io e com caracter ísticas elétricas e mecânicas que \ngarantem sua qualidade e confiabilidade.\nPossui sensores de temperatura do tipo PT-100 os quais são \nconectados ao módulo DST para super visão de temperatura.\nO transformador garante a confiabilidade das condições do \nisolamento do circuito elétrico sendo imprescindível para a \nsegurança nas aplicações cirúrgicas.']","A importância da CM Comandos como fabricante de No-Breaks na América Latina reside em sua capacidade de oferecer tecnologia de ponta e soluções personalizadas para aplicações críticas, garantindo a segurança e a confiabilidade dos sistemas. Além disso, a empresa parece ter uma forte presença no mercado médico, com produtos projetados especificamente para o suprimento de energia de sistema médico, demonstrando seu compromisso com a inovação e a qualidade.","A CM Comandos é uma das maiores fabricantes de No-Breaks da América Latina e é líder absoluta em soluções para o mercado corporativo, destacando-se pela inovação, qualidade, tecnologia e confiabilidade de seus produtos. Sua importância se reflete no compromisso com a excelência e a total satisfação dos clientes, além de oferecer suporte técnico de alta qualidade.",0.6694575400559851,,0.9011816547882493,0.99999999995,0.6,,0.1111111109876543,,,0.75
37,Qual é a importância da CM Comandos como fabricante de No-Breaks na América Latina?,"['Alta Tecnologia em\nProcessamento Digital\nde Sinais - DSP\nO S M A I S M O D E R N O S\nN O B R E A K S C O R P O R AT I V O SVivemos em um mundo cada vez mais ágil e prático. Um mundo conectado por processadores, chips, softwares e \nperiféricos. Mas isso ainda não é o bastante. Por isso, o mundo caminha para tecnologias de processamento imediato \nde dados. A CM Comandos Lineares está um passo à frente e oferece aos seus clientes produtos dotados de uma \ntecnologia revolucionária, denominada Processamento Digital de Sinais -- DSP .\nToda a linha de No Breaks Innovation S1 Trifásico  \nTransformerless conta com a tecnologia DS P.   \nCaracterística que proporciona alta performance e \nconfiabilidade, tornando-os ideais para aplicações de missão crítica. Ou seja, protegem as aplicações nas quais a \ncontinuidade da operação é de fundamental importância.\ndos equipamentos pode ser atualizado, \nacrescentando novas funções em \nunidades já instaladas. Hoje, esta tecnologia está presente nos mais sofisticados sistemas eletrônicos, devido à sua alta velocidade e \nconfiabilidade. Processadores Digitais de Sinais são capazes de processar dez milhões de amostragens por segundo. \nIsso significa processamento em tempo real -- o sinal é processado no mesmo instante em que é recebido, sem \nretardos ou atrasos.\nProjetados com o uso intenso dos recursos da tecnologia DSP ,  os No Breaks Innovation Trifásico Transformerless  \nagregam novos  e avançados recursos, que estabelecem um novo conceito em desenvolvimento, no qual o firmware \nAo pensar em adquirir No Breaks,     \nconte com as soluções da\nCM Comandos, que asseguram \ntecnologia de ponta, máxima proteção, \nprecisão digital e processamento        \nem tempo real.'
 'Caso ocor ram nív eis maior es do que o nor mal,  o dispositiv o de super visão imediatament e atua, emitindo um sinal de alar me, para a int ervenção \ndas equipes de manut enção . \nO módulo DSI possui um micr oprocessador int erno, comunicação M odbus via RS485 e é pr ojetado dentr o dos cr itérios tecnológ icos mais \navançados ,  sendo pr eciso , segur o e confiá vel, carac terísticas exig idas pelas  aplicações médico -hospitalar es.   \nCARACTERÍSTIC AS TÉCNIC AS \n• \nde 0...999kΩ com r esolução de 1kΩ  \n• Monitorament o de t emperatura do enr olament o secundár io do \ntransf ormador de separação ( T1)  \n• Disponibilidade de utilização de um contat o programá vel para \nsinalização à distância, em caso de falhas int ernas do dispositiv o, \nbaixo nív el de isolament o, medição de elevados valor es de \ntemperatura e de alcance do ajust e de máxima cor rente·\n• Teste de aut o-diag nóstico para ev entuais falhas int ernas do \ndispositiv o, verificação da conexão com a r ede e contr ole de \nfuncionament o\n• Injeção no cir cuito de sinais de contr ole codificados , que não são \ninfluenciados pelos component es de tipo contínuo , emitidos por \ndispositiv os elétr icos de uso médico\n• Saída ser ial RS485 para comunicação MODBUS R TUPossibilidade de escolha de um valor pr eciso de isolament o de r ede Tensão S ecundária :  \nAté 250 V\n Tensão de C urto-cir cuito:\n    3%\nCorrente a Vazio:\n    3% x I n\nConexão Elétrica:  \nPor meio de t erminais\nFixação:  \nPor meio de base metálica/ \nrodízios \nDIMENSÕES TRANSFORMADOR DE SEP ARAÇÃO  Transf ormador de Separação - Gabinete Simples  \nTensão de alimentação: 110V / 230V - 60H z\nTensão máxima de medição: 24V\nTensão da r ede c ontr olador a:  24 a 230V AC\nTensão  de Isolament o: 2,5 kV em 1 minut o \nCorrente máxima de medição: 1mA\nDispositivo Super visor de Isolamento (DSI)\n     3,0   600 X 440 X 400    50\n     5,0       600 X 440 X 400    50\n     7,5       600 X 440 X 400         70\n10,0      600 X 440 X 400    90\n  Potência\nkVAPeso \nkgGabinete simples\nDimensões Físicas\nalt x lar g x prof \nmmO Transformador de Separação é projetado pela CM \nComandos, especificamente para o suprimento de energia de \nsistema médico.\nPossui isolação galvânica reforçada, blindagem eletrostática \nentre enrolamentos primário e secundár io, conectados a um \nterminal própr io e com caracter ísticas elétricas e mecânicas que \ngarantem sua qualidade e confiabilidade.\nPossui sensores de temperatura do tipo PT-100 os quais são \nconectados ao módulo DST para super visão de temperatura.\nO transformador garante a confiabilidade das condições do \nisolamento do circuito elétrico sendo imprescindível para a \nsegurança nas aplicações cirúrgicas.']","A CM Comandos está destacada como uma fonte confiável para soluções de tecnologia de ponta, garantindo máxima proteção, precisão digital e processamento em tempo real. Isso é particularmente importante nas aplicações críticas, onde a continuidade da operação é fundamental. Além disso, a CM Comandos oferece uma ampla gama de produtos personalizáveis, permitindo que os clientes adirejam novas funções e recursos às unidades existentes.","A CM Comandos é uma das maiores fabricantes de No-Breaks da América Latina e é líder absoluta em soluções para o mercado corporativo, destacando-se pela inovação, qualidade, tecnologia e confiabilidade de seus produtos. A empresa é certificada pela norma ISO-9001:2015, o que ressalta seu compromisso com a excelência e a total satisfação dos clientes.",0.7960632714339213,,0.8548430672883593,0.99999999995,0.0,0.99999999995,0.3333333322222222,,,0.75
38,Qual é a importância do gerenciamento remoto em tempo real via internet para a confiabilidade do sistema?,"['Equalização A tiva de Bat erias\nO  QUE  É  ?\nO Equalizer é uma solução revolucionária de Equalização Ativa Individual de Baterias,  desenvolvido e fabricado \nno Brasil, pela CM Comandos. \nCada bateria recebe um Módulo de Bateria, conectado a um controlador, o Master Controller.  O Controller \nsupervisiona a tensão final das baterias e controla os Módulos de Baterias de forma a regular a tensão sobre cada \nbateria, para que todas as baterias sempre apresentem a mesma tensão.\nCada Módulo de Bateria possui um microcontrolador e um módulo ativo que mantêm todas as baterias \nequalizadas. \nA Equalização Ativa faz com que todas as baterias sejam igualmente carregadas com a mesma tensão, \neliminando o efeito negativo de uma bateria sobrecarregar as outras, com excesso de carga ou o inverso, de \nimpedir que as baterias adjacentes sejam carregadas plenamente.\nO Equalizer permite que as  baterias atinjam 100% da sua vida útil, projetada pelos fabricantes. Antes, sem o \nEqualizer, as baterias se deterioravam precocemente e era necessário substituí-las. Dependendo do tipo de \nbateria, a durabilidade pode dobrar,  eliminando substituições  e reduzindo a necessidade de reciclagem.  O \nprocesso de reciclagem consome grandes recursos naturais.\nAlém disso, o sistema impede a queda do sistema por falha de baterias,  enviando alarmes ANTES de ocorrer uma \nfalha do sistema, reduzindo o DOWNTIME e elevando a confiabilidade de todo sistema.\nRede Elétr ica\nde En tradaRetificador\nCarregador\nBanc o de\nBateriasBateria 1\nBateria 2\nBateria 3\nBateria nEqualizer\nEqualizer\nEqualizer\nEqualizerMaster\nController\nCorrente Alt ernada de Entrada\nCabo de Comunicação Cabo de Medição Módulo EqualizerCorr ente ContínuaCOMO FUNCIONA ?\nEqualiz er - Equalização A tiva\nA central contr ola cada módulo , conec tado em \nparalelo com a bat eria e contr ola a t ensão de f orma \nque t odas fiquem iguais . Além disso , monit ora  \nconstant ement e a Resist ência I nterna e a \nTemperatura individualment e de cada bat eria, \narmaz ena os dados para análise e emit e alar mes \nantes de ocor rer a falh a.'
 'Caso ocor ram nív eis maior es do que o nor mal,  o dispositiv o de super visão imediatament e atua, emitindo um sinal de alar me, para a int ervenção \ndas equipes de manut enção . \nO módulo DSI possui um micr oprocessador int erno, comunicação M odbus via RS485 e é pr ojetado dentr o dos cr itérios tecnológ icos mais \navançados ,  sendo pr eciso , segur o e confiá vel, carac terísticas exig idas pelas  aplicações médico -hospitalar es.   \nCARACTERÍSTIC AS TÉCNIC AS \n• \nde 0...999kΩ com r esolução de 1kΩ  \n• Monitorament o de t emperatura do enr olament o secundár io do \ntransf ormador de separação ( T1)  \n• Disponibilidade de utilização de um contat o programá vel para \nsinalização à distância, em caso de falhas int ernas do dispositiv o, \nbaixo nív el de isolament o, medição de elevados valor es de \ntemperatura e de alcance do ajust e de máxima cor rente·\n• Teste de aut o-diag nóstico para ev entuais falhas int ernas do \ndispositiv o, verificação da conexão com a r ede e contr ole de \nfuncionament o\n• Injeção no cir cuito de sinais de contr ole codificados , que não são \ninfluenciados pelos component es de tipo contínuo , emitidos por \ndispositiv os elétr icos de uso médico\n• Saída ser ial RS485 para comunicação MODBUS R TUPossibilidade de escolha de um valor pr eciso de isolament o de r ede Tensão S ecundária :  \nAté 250 V\n Tensão de C urto-cir cuito:\n    3%\nCorrente a Vazio:\n    3% x I n\nConexão Elétrica:  \nPor meio de t erminais\nFixação:  \nPor meio de base metálica/ \nrodízios \nDIMENSÕES TRANSFORMADOR DE SEP ARAÇÃO  Transf ormador de Separação - Gabinete Simples  \nTensão de alimentação: 110V / 230V - 60H z\nTensão máxima de medição: 24V\nTensão da r ede c ontr olador a:  24 a 230V AC\nTensão  de Isolament o: 2,5 kV em 1 minut o \nCorrente máxima de medição: 1mA\nDispositivo Super visor de Isolamento (DSI)\n     3,0   600 X 440 X 400    50\n     5,0       600 X 440 X 400    50\n     7,5       600 X 440 X 400         70\n10,0      600 X 440 X 400    90\n  Potência\nkVAPeso \nkgGabinete simples\nDimensões Físicas\nalt x lar g x prof \nmmO Transformador de Separação é projetado pela CM \nComandos, especificamente para o suprimento de energia de \nsistema médico.\nPossui isolação galvânica reforçada, blindagem eletrostática \nentre enrolamentos primário e secundár io, conectados a um \nterminal própr io e com caracter ísticas elétricas e mecânicas que \ngarantem sua qualidade e confiabilidade.\nPossui sensores de temperatura do tipo PT-100 os quais são \nconectados ao módulo DST para super visão de temperatura.\nO transformador garante a confiabilidade das condições do \nisolamento do circuito elétrico sendo imprescindível para a \nsegurança nas aplicações cirúrgicas.']","O gerenciamento remoto de tempo real via internet é fundamental para garantir a confiabilidade do sistema, permitindo que as equipes de manutenção sejam notificadas imediatamente de quaisquer problemas ou falhas internas do dispositivo. Isso reduz o downtime e aumenta a disponibilidade do sistema, garantindo que as operações continuem sem interrupções. Além disso, isso permite realizar atualizações de software e manutenção preventiva em horários adequados, minimizando a sobrecarga do sistema e prolongando sua vida útil.","O gerenciamento remoto em tempo real via internet é importante para a confiabilidade do sistema porque assegura elevada precisão e confiabilidade, além de adicionar proteção e elevar a confiabilidade da carga sensível.",0.7271474590140223,,0.924767868687751,0.49999999995,1.0,0.9999999999,0.0,,,0.6
39,Quais são as características que proporcionam alta performance e confiabilidade nos No-Breaks Dominion SP1?,"['monobloco\n   \n    •Painel F rontal: em ABS de alta r esistência\n  \n    • A cabamento: pintura epó xi-pó na cor g rafite\n       com tratamento tér mico e anti- corrosivo\nTransf ormador Isolador : com blindagem\n    eletr ostátican  \nn  \nn   Alarmes\nContr olados pelo pr ocessador DSP\nTipos de Alarmes:\n   \n    •Sonor os: \n       »  A utocheck I nicialização\n       »  Tensão da Rede F ora da F aixa\n       »  Sobr ecar ga de Saída\n       »  F alha I nterna do Estabilizador\n       »  F reqüência da Rede F ora de F aixa\n   \n     •Sinalização: L eds de Status do P ainel\n       »  Rede Nor mal\n       »  Saída Nor mal\n       »  F alhan   \nn   Características de Oper ação\nRuído A udív el: 55 dBA a 60 dBA a 1 metr o\n MTBF (M ean Time Bet ween F ailur es): 50 mil horas\nMTTR (M ean Time To Repair): 30 minutos\nTemperatura Ambiente: \n   \n•Mínimo: 0ºC / M áximo 40ºC\n   \n    •Recomendada: 20ºC a 25ºC\nUmidade Relativa:\n   \n    •0% a 95% sem condensação\n   \n    •Recomendada: 45% a 55%\nAltitude: até 1.800m\n Tipo de Ambiente Recomendado:\n   \n    •Interno, instalação abr igada\n   \n    •Atmosf era: limpa, livr e de par tículas condutivas , \n      gases tó xicos , líquidos e inflamáv eis.\nGrau de P roteção: IP -20n   \nn  \nn   \nn   \n   \nn   \nn    \nn  \nn    \n   2000    2,0       620 X 200 X 600        41  \n   3000    3,0       620 X 200 X 600        43\n   5000    5,0       620 X 200 X 600           47\n   7500    7,5       620 X 200 X 600           61\n 10000  10,0       790 X 400 X 775        119\n 15000  15,0       790 X 400 X 775        147Modelo Potência \nkVADimensões Físicas\nalt x lar g x prof \nmmPeso \nkg\n* Opcional\nCM.MK T MAR 22  -   As especificações estão sujeitas a alterações sem pr évio aviso . Nós incentivamos a r eciclagem\nCertificação de \nSustentabilidade A uditadaESPECIFIC AÇÕES  TÉCNIC ASOs Estabilizador es de Tensão M icroprocessados P erfection MI S2 possuem uma tecnolog ia inédita de duplos con versor es estáticos com módulos IGBT s, de última geração . \nTotalmente contr olado por micr oprocessador DSP – Dig ital Sig nal P rocessor , o estabilizador cor rige instantaneamente qualquer var iação de tensão da r ede elétr ica da \nconcessionár ia, além de atenuar distor ção har mônica, var iações de fr equência e distúr bios elétr icos, gerando uma f orma de onda senoidal pura, e f ornecendo uma linha \nestabilizada ex clusiva e isolada para as aplicações sensív eis.\nA tecnolog ia DSP r ealiza medições em True RMS g raças à amostragem dig ital, sem r etardos ou desvios , com alta v elocidade e confiabilidade . Isso sig nifica que podemos \nproduzir sistemas cada v ez menor es e capaz es de r ealizar mais funções , com elevada confiabilidade .'
 'Alta Tecnologia em\nProcessamento Digital\nde Sinais - DSP\nO S M A I S M O D E R N O S\nN O B R E A K S C O R P O R AT I V O SVivemos em um mundo cada vez mais ágil e prático. Um mundo conectado por processadores, chips, softwares e \nperiféricos. Mas isso ainda não é o bastante. Por isso, o mundo caminha para tecnologias de processamento imediato \nde dados. A CM Comandos Lineares está um passo à frente e oferece aos seus clientes produtos dotados de uma \ntecnologia revolucionária, denominada Processamento Digital de Sinais -- DSP .\nToda a linha de No Breaks Innovation S1 Trifásico  \nTransformerless conta com a tecnologia DS P.   \nCaracterística que proporciona alta performance e \nconfiabilidade, tornando-os ideais para aplicações de missão crítica. Ou seja, protegem as aplicações nas quais a \ncontinuidade da operação é de fundamental importância.\ndos equipamentos pode ser atualizado, \nacrescentando novas funções em \nunidades já instaladas. Hoje, esta tecnologia está presente nos mais sofisticados sistemas eletrônicos, devido à sua alta velocidade e \nconfiabilidade. Processadores Digitais de Sinais são capazes de processar dez milhões de amostragens por segundo. \nIsso significa processamento em tempo real -- o sinal é processado no mesmo instante em que é recebido, sem \nretardos ou atrasos.\nProjetados com o uso intenso dos recursos da tecnologia DSP ,  os No Breaks Innovation Trifásico Transformerless  \nagregam novos  e avançados recursos, que estabelecem um novo conceito em desenvolvimento, no qual o firmware \nAo pensar em adquirir No Breaks,     \nconte com as soluções da\nCM Comandos, que asseguram \ntecnologia de ponta, máxima proteção, \nprecisão digital e processamento        \nem tempo real.']","A tecnologia DSP é a característica que proporciona alta performance e confiabilidade nos No-Breaks Dominion SP1. Essa tecnologia permite processamento em tempo real, com velocidades de processamento de dez milhões de amostragens por segundo, reduzindo retardos e atrasos. Além disso, a tecnologia DSP é projetada para ser compatível com o uso intenso dos recursos da mesma, permitindo agregação de novos e avançados recursos, como soluções de máxima proteção, precisão digital e processamento em tempo real.","As características que proporcionam alta performance e confiabilidade nos No-Breaks Dominion SP1 incluem a tecnologia de Processamento Digital de Sinais (DSP), que permite processamento em tempo real, alta velocidade e confiabilidade, ideais para aplicações de missão crítica.",0.7522508387431803,0.5285683319414292,0.9142733277657165,0.99999999995,1.0,0.99999999995,0.0,,,
40,Qual é a faixa de temperatura ambiente recomendada para o funcionamento do No-Break?,"['Equalização A tiva de Bat erias\nO  QUE  É  ?\nO Equalizer é uma solução revolucionária de Equalização Ativa Individual de Baterias,  desenvolvido e fabricado \nno Brasil, pela CM Comandos. \nCada bateria recebe um Módulo de Bateria, conectado a um controlador, o Master Controller.  O Controller \nsupervisiona a tensão final das baterias e controla os Módulos de Baterias de forma a regular a tensão sobre cada \nbateria, para que todas as baterias sempre apresentem a mesma tensão.\nCada Módulo de Bateria possui um microcontrolador e um módulo ativo que mantêm todas as baterias \nequalizadas. \nA Equalização Ativa faz com que todas as baterias sejam igualmente carregadas com a mesma tensão, \neliminando o efeito negativo de uma bateria sobrecarregar as outras, com excesso de carga ou o inverso, de \nimpedir que as baterias adjacentes sejam carregadas plenamente.\nO Equalizer permite que as  baterias atinjam 100% da sua vida útil, projetada pelos fabricantes. Antes, sem o \nEqualizer, as baterias se deterioravam precocemente e era necessário substituí-las. Dependendo do tipo de \nbateria, a durabilidade pode dobrar,  eliminando substituições  e reduzindo a necessidade de reciclagem.  O \nprocesso de reciclagem consome grandes recursos naturais.\nAlém disso, o sistema impede a queda do sistema por falha de baterias,  enviando alarmes ANTES de ocorrer uma \nfalha do sistema, reduzindo o DOWNTIME e elevando a confiabilidade de todo sistema.\nRede Elétr ica\nde En tradaRetificador\nCarregador\nBanc o de\nBateriasBateria 1\nBateria 2\nBateria 3\nBateria nEqualizer\nEqualizer\nEqualizer\nEqualizerMaster\nController\nCorrente Alt ernada de Entrada\nCabo de Comunicação Cabo de Medição Módulo EqualizerCorr ente ContínuaCOMO FUNCIONA ?\nEqualiz er - Equalização A tiva\nA central contr ola cada módulo , conec tado em \nparalelo com a bat eria e contr ola a t ensão de f orma \nque t odas fiquem iguais . Além disso , monit ora  \nconstant ement e a Resist ência I nterna e a \nTemperatura individualment e de cada bat eria, \narmaz ena os dados para análise e emit e alar mes \nantes de ocor rer a falh a.'
 'Caso ocor ram nív eis maior es do que o nor mal,  o dispositiv o de super visão imediatament e atua, emitindo um sinal de alar me, para a int ervenção \ndas equipes de manut enção . \nO módulo DSI possui um micr oprocessador int erno, comunicação M odbus via RS485 e é pr ojetado dentr o dos cr itérios tecnológ icos mais \navançados ,  sendo pr eciso , segur o e confiá vel, carac terísticas exig idas pelas  aplicações médico -hospitalar es.   \nCARACTERÍSTIC AS TÉCNIC AS \n• \nde 0...999kΩ com r esolução de 1kΩ  \n• Monitorament o de t emperatura do enr olament o secundár io do \ntransf ormador de separação ( T1)  \n• Disponibilidade de utilização de um contat o programá vel para \nsinalização à distância, em caso de falhas int ernas do dispositiv o, \nbaixo nív el de isolament o, medição de elevados valor es de \ntemperatura e de alcance do ajust e de máxima cor rente·\n• Teste de aut o-diag nóstico para ev entuais falhas int ernas do \ndispositiv o, verificação da conexão com a r ede e contr ole de \nfuncionament o\n• Injeção no cir cuito de sinais de contr ole codificados , que não são \ninfluenciados pelos component es de tipo contínuo , emitidos por \ndispositiv os elétr icos de uso médico\n• Saída ser ial RS485 para comunicação MODBUS R TUPossibilidade de escolha de um valor pr eciso de isolament o de r ede Tensão S ecundária :  \nAté 250 V\n Tensão de C urto-cir cuito:\n    3%\nCorrente a Vazio:\n    3% x I n\nConexão Elétrica:  \nPor meio de t erminais\nFixação:  \nPor meio de base metálica/ \nrodízios \nDIMENSÕES TRANSFORMADOR DE SEP ARAÇÃO  Transf ormador de Separação - Gabinete Simples  \nTensão de alimentação: 110V / 230V - 60H z\nTensão máxima de medição: 24V\nTensão da r ede c ontr olador a:  24 a 230V AC\nTensão  de Isolament o: 2,5 kV em 1 minut o \nCorrente máxima de medição: 1mA\nDispositivo Super visor de Isolamento (DSI)\n     3,0   600 X 440 X 400    50\n     5,0       600 X 440 X 400    50\n     7,5       600 X 440 X 400         70\n10,0      600 X 440 X 400    90\n  Potência\nkVAPeso \nkgGabinete simples\nDimensões Físicas\nalt x lar g x prof \nmmO Transformador de Separação é projetado pela CM \nComandos, especificamente para o suprimento de energia de \nsistema médico.\nPossui isolação galvânica reforçada, blindagem eletrostática \nentre enrolamentos primário e secundár io, conectados a um \nterminal própr io e com caracter ísticas elétricas e mecânicas que \ngarantem sua qualidade e confiabilidade.\nPossui sensores de temperatura do tipo PT-100 os quais são \nconectados ao módulo DST para super visão de temperatura.\nO transformador garante a confiabilidade das condições do \nisolamento do circuito elétrico sendo imprescindível para a \nsegurança nas aplicações cirúrgicas.']","Não há informações disponíveis sobre um produto ou sistema chamado ""No-Break"" no contexto fornecido. O texto apresenta detalhes sobre sistemas médicos, equalização ativa de baterias e dispositivos de supervisão de isolamento, mas não menciona um produto ou sistema chamado ""No-Break"".",A faixa de temperatura ambiente recomendada para o funcionamento do No-Break é de 20°C a 25°C.,0.8152291189209674,0.9231086131632419,0.6924344526529677,0.99999999995,0.5,0.0,0.0,,,0.5
41,Quais são os benefícios de escolher a marca CM Comandos Lineares?,"['Alta Tecnologia em\nProcessamento Digital\nde Sinais - DSP\nO S M A I S M O D E R N O S\nN O B R E A K S C O R P O R AT I V O SVivemos em um mundo cada vez mais ágil e prático. Um mundo conectado por processadores, chips, softwares e \nperiféricos. Mas isso ainda não é o bastante. Por isso, o mundo caminha para tecnologias de processamento imediato \nde dados. A CM Comandos Lineares está um passo à frente e oferece aos seus clientes produtos dotados de uma \ntecnologia revolucionária, denominada Processamento Digital de Sinais -- DSP .\nToda a linha de No Breaks Innovation S1 Trifásico  \nTransformerless conta com a tecnologia DS P.   \nCaracterística que proporciona alta performance e \nconfiabilidade, tornando-os ideais para aplicações de missão crítica. Ou seja, protegem as aplicações nas quais a \ncontinuidade da operação é de fundamental importância.\ndos equipamentos pode ser atualizado, \nacrescentando novas funções em \nunidades já instaladas. Hoje, esta tecnologia está presente nos mais sofisticados sistemas eletrônicos, devido à sua alta velocidade e \nconfiabilidade. Processadores Digitais de Sinais são capazes de processar dez milhões de amostragens por segundo. \nIsso significa processamento em tempo real -- o sinal é processado no mesmo instante em que é recebido, sem \nretardos ou atrasos.\nProjetados com o uso intenso dos recursos da tecnologia DSP ,  os No Breaks Innovation Trifásico Transformerless  \nagregam novos  e avançados recursos, que estabelecem um novo conceito em desenvolvimento, no qual o firmware \nAo pensar em adquirir No Breaks,     \nconte com as soluções da\nCM Comandos, que asseguram \ntecnologia de ponta, máxima proteção, \nprecisão digital e processamento        \nem tempo real.'
 'monobloco\n   \n    •Painel F rontal: em ABS de alta r esistência\n  \n    • A cabamento: pintura epó xi-pó na cor g rafite\n       com tratamento tér mico e anti- corrosivo\nTransf ormador Isolador : com blindagem\n    eletr ostátican  \nn  \nn   Alarmes\nContr olados pelo pr ocessador DSP\nTipos de Alarmes:\n   \n    •Sonor os: \n       »  A utocheck I nicialização\n       »  Tensão da Rede F ora da F aixa\n       »  Sobr ecar ga de Saída\n       »  F alha I nterna do Estabilizador\n       »  F reqüência da Rede F ora de F aixa\n   \n     •Sinalização: L eds de Status do P ainel\n       »  Rede Nor mal\n       »  Saída Nor mal\n       »  F alhan   \nn   Características de Oper ação\nRuído A udív el: 55 dBA a 60 dBA a 1 metr o\n MTBF (M ean Time Bet ween F ailur es): 50 mil horas\nMTTR (M ean Time To Repair): 30 minutos\nTemperatura Ambiente: \n   \n•Mínimo: 0ºC / M áximo 40ºC\n   \n    •Recomendada: 20ºC a 25ºC\nUmidade Relativa:\n   \n    •0% a 95% sem condensação\n   \n    •Recomendada: 45% a 55%\nAltitude: até 1.800m\n Tipo de Ambiente Recomendado:\n   \n    •Interno, instalação abr igada\n   \n    •Atmosf era: limpa, livr e de par tículas condutivas , \n      gases tó xicos , líquidos e inflamáv eis.\nGrau de P roteção: IP -20n   \nn  \nn   \nn   \n   \nn   \nn    \nn  \nn    \n   2000    2,0       620 X 200 X 600        41  \n   3000    3,0       620 X 200 X 600        43\n   5000    5,0       620 X 200 X 600           47\n   7500    7,5       620 X 200 X 600           61\n 10000  10,0       790 X 400 X 775        119\n 15000  15,0       790 X 400 X 775        147Modelo Potência \nkVADimensões Físicas\nalt x lar g x prof \nmmPeso \nkg\n* Opcional\nCM.MK T MAR 22  -   As especificações estão sujeitas a alterações sem pr évio aviso . Nós incentivamos a r eciclagem\nCertificação de \nSustentabilidade A uditadaESPECIFIC AÇÕES  TÉCNIC ASOs Estabilizador es de Tensão M icroprocessados P erfection MI S2 possuem uma tecnolog ia inédita de duplos con versor es estáticos com módulos IGBT s, de última geração . \nTotalmente contr olado por micr oprocessador DSP – Dig ital Sig nal P rocessor , o estabilizador cor rige instantaneamente qualquer var iação de tensão da r ede elétr ica da \nconcessionár ia, além de atenuar distor ção har mônica, var iações de fr equência e distúr bios elétr icos, gerando uma f orma de onda senoidal pura, e f ornecendo uma linha \nestabilizada ex clusiva e isolada para as aplicações sensív eis.\nA tecnolog ia DSP r ealiza medições em True RMS g raças à amostragem dig ital, sem r etardos ou desvios , com alta v elocidade e confiabilidade . Isso sig nifica que podemos \nproduzir sistemas cada v ez menor es e capaz es de r ealizar mais funções , com elevada confiabilidade .']","A marca CM Comandos Lineares oferece tecnologia de ponta, máxima proteção, precisão digital e processamento em tempo real. Além disso, seus produtos são projetados para fornecer alta performance e confiabilidade, tornando-os ideais para aplicações de missão crítica. Eles também proporcionam a possibilidade de atualizar equipamentos existentes, adicionando novas funções sem a necessidade de substituição do dispositivo.","Os benefícios de escolher a marca CM Comandos Lineares incluem o melhor suporte técnico de pré e pós-venda, que se consolidou ao longo de 40 anos como líder de mercado. Além disso, a empresa oferece instrumentação de ponta, profissionais altamente qualificados, disponibilidade de atendimento 24 horas, sete dias da semana, call center e processos certificados que asseguram a excelência dos serviços de suporte.",0.7580682086505475,0.6061572709979118,0.9246290839916473,0.99999999995,1.0,0.99999999995,0.4999999975,,,1.0
42,Qual é a importância da CM Comandos como fabricante de No-Breaks na América Latina?,"['Alta Tecnologia em\nProcessamento Digital\nde Sinais - DSP\nO S M A I S M O D E R N O S\nN O B R E A K S C O R P O R AT I V O SVivemos em um mundo cada vez mais ágil e prático. Um mundo conectado por processadores, chips, softwares e \nperiféricos. Mas isso ainda não é o bastante. Por isso, o mundo caminha para tecnologias de processamento imediato \nde dados. A CM Comandos Lineares está um passo à frente e oferece aos seus clientes produtos dotados de uma \ntecnologia revolucionária, denominada Processamento Digital de Sinais -- DSP .\nToda a linha de No Breaks Innovation S1 Trifásico  \nTransformerless conta com a tecnologia DS P.   \nCaracterística que proporciona alta performance e \nconfiabilidade, tornando-os ideais para aplicações de missão crítica. Ou seja, protegem as aplicações nas quais a \ncontinuidade da operação é de fundamental importância.\ndos equipamentos pode ser atualizado, \nacrescentando novas funções em \nunidades já instaladas. Hoje, esta tecnologia está presente nos mais sofisticados sistemas eletrônicos, devido à sua alta velocidade e \nconfiabilidade. Processadores Digitais de Sinais são capazes de processar dez milhões de amostragens por segundo. \nIsso significa processamento em tempo real -- o sinal é processado no mesmo instante em que é recebido, sem \nretardos ou atrasos.\nProjetados com o uso intenso dos recursos da tecnologia DSP ,  os No Breaks Innovation Trifásico Transformerless  \nagregam novos  e avançados recursos, que estabelecem um novo conceito em desenvolvimento, no qual o firmware \nAo pensar em adquirir No Breaks,     \nconte com as soluções da\nCM Comandos, que asseguram \ntecnologia de ponta, máxima proteção, \nprecisão digital e processamento        \nem tempo real.'
 'Caso ocor ram nív eis maior es do que o nor mal,  o dispositiv o de super visão imediatament e atua, emitindo um sinal de alar me, para a int ervenção \ndas equipes de manut enção . \nO módulo DSI possui um micr oprocessador int erno, comunicação M odbus via RS485 e é pr ojetado dentr o dos cr itérios tecnológ icos mais \navançados ,  sendo pr eciso , segur o e confiá vel, carac terísticas exig idas pelas  aplicações médico -hospitalar es.   \nCARACTERÍSTIC AS TÉCNIC AS \n• \nde 0...999kΩ com r esolução de 1kΩ  \n• Monitorament o de t emperatura do enr olament o secundár io do \ntransf ormador de separação ( T1)  \n• Disponibilidade de utilização de um contat o programá vel para \nsinalização à distância, em caso de falhas int ernas do dispositiv o, \nbaixo nív el de isolament o, medição de elevados valor es de \ntemperatura e de alcance do ajust e de máxima cor rente·\n• Teste de aut o-diag nóstico para ev entuais falhas int ernas do \ndispositiv o, verificação da conexão com a r ede e contr ole de \nfuncionament o\n• Injeção no cir cuito de sinais de contr ole codificados , que não são \ninfluenciados pelos component es de tipo contínuo , emitidos por \ndispositiv os elétr icos de uso médico\n• Saída ser ial RS485 para comunicação MODBUS R TUPossibilidade de escolha de um valor pr eciso de isolament o de r ede Tensão S ecundária :  \nAté 250 V\n Tensão de C urto-cir cuito:\n    3%\nCorrente a Vazio:\n    3% x I n\nConexão Elétrica:  \nPor meio de t erminais\nFixação:  \nPor meio de base metálica/ \nrodízios \nDIMENSÕES TRANSFORMADOR DE SEP ARAÇÃO  Transf ormador de Separação - Gabinete Simples  \nTensão de alimentação: 110V / 230V - 60H z\nTensão máxima de medição: 24V\nTensão da r ede c ontr olador a:  24 a 230V AC\nTensão  de Isolament o: 2,5 kV em 1 minut o \nCorrente máxima de medição: 1mA\nDispositivo Super visor de Isolamento (DSI)\n     3,0   600 X 440 X 400    50\n     5,0       600 X 440 X 400    50\n     7,5       600 X 440 X 400         70\n10,0      600 X 440 X 400    90\n  Potência\nkVAPeso \nkgGabinete simples\nDimensões Físicas\nalt x lar g x prof \nmmO Transformador de Separação é projetado pela CM \nComandos, especificamente para o suprimento de energia de \nsistema médico.\nPossui isolação galvânica reforçada, blindagem eletrostática \nentre enrolamentos primário e secundár io, conectados a um \nterminal própr io e com caracter ísticas elétricas e mecânicas que \ngarantem sua qualidade e confiabilidade.\nPossui sensores de temperatura do tipo PT-100 os quais são \nconectados ao módulo DST para super visão de temperatura.\nO transformador garante a confiabilidade das condições do \nisolamento do circuito elétrico sendo imprescindível para a \nsegurança nas aplicações cirúrgicas.']","A CM Comandos desempenha um papel crucial como fornecedora de soluções de segurança para aplicações críticas, oferecendo produtos que garantem a continuidade da operação em caso de falhas ou interrupções. Sua tecnologia de processamento imediato de dados e seus produtos de isolamento galvânica reforçada permitem uma alta proteção e confiabilidade, tornando-os ideais para aplicações médicas, onde a segurança é fundamental. Além disso, sua colaboração com clientes permite atualizar equipamentos existentes adicionando novas funcionalidades, o que demonstra sua dedicação em atender às necessidades específicas de cada empresa.","A CM Comandos é uma das maiores fabricantes de No-Breaks da América Latina e é líder absoluta em soluções para o mercado corporativo, destacando-se pela inovação, qualidade, tecnologia e confiabilidade de seus produtos. A empresa é certificada pela norma ISO-9001:2015, o que ressalta seu compromisso com a excelência e a total satisfação dos clientes.",0.7060385167036098,0.7568433118391684,0.909726188533144,0.99999999995,0.6,,0.249999999375,,,0.8571428571428571
43,Qual é a função da proteção de sub e sobretensão em um sistema elétrico?,"['Equalização A tiva de Bat erias\nO  QUE  É  ?\nO Equalizer é uma solução revolucionária de Equalização Ativa Individual de Baterias,  desenvolvido e fabricado \nno Brasil, pela CM Comandos. \nCada bateria recebe um Módulo de Bateria, conectado a um controlador, o Master Controller.  O Controller \nsupervisiona a tensão final das baterias e controla os Módulos de Baterias de forma a regular a tensão sobre cada \nbateria, para que todas as baterias sempre apresentem a mesma tensão.\nCada Módulo de Bateria possui um microcontrolador e um módulo ativo que mantêm todas as baterias \nequalizadas. \nA Equalização Ativa faz com que todas as baterias sejam igualmente carregadas com a mesma tensão, \neliminando o efeito negativo de uma bateria sobrecarregar as outras, com excesso de carga ou o inverso, de \nimpedir que as baterias adjacentes sejam carregadas plenamente.\nO Equalizer permite que as  baterias atinjam 100% da sua vida útil, projetada pelos fabricantes. Antes, sem o \nEqualizer, as baterias se deterioravam precocemente e era necessário substituí-las. Dependendo do tipo de \nbateria, a durabilidade pode dobrar,  eliminando substituições  e reduzindo a necessidade de reciclagem.  O \nprocesso de reciclagem consome grandes recursos naturais.\nAlém disso, o sistema impede a queda do sistema por falha de baterias,  enviando alarmes ANTES de ocorrer uma \nfalha do sistema, reduzindo o DOWNTIME e elevando a confiabilidade de todo sistema.\nRede Elétr ica\nde En tradaRetificador\nCarregador\nBanc o de\nBateriasBateria 1\nBateria 2\nBateria 3\nBateria nEqualizer\nEqualizer\nEqualizer\nEqualizerMaster\nController\nCorrente Alt ernada de Entrada\nCabo de Comunicação Cabo de Medição Módulo EqualizerCorr ente ContínuaCOMO FUNCIONA ?\nEqualiz er - Equalização A tiva\nA central contr ola cada módulo , conec tado em \nparalelo com a bat eria e contr ola a t ensão de f orma \nque t odas fiquem iguais . Além disso , monit ora  \nconstant ement e a Resist ência I nterna e a \nTemperatura individualment e de cada bat eria, \narmaz ena os dados para análise e emit e alar mes \nantes de ocor rer a falh a.'
 'Caso ocor ram nív eis maior es do que o nor mal,  o dispositiv o de super visão imediatament e atua, emitindo um sinal de alar me, para a int ervenção \ndas equipes de manut enção . \nO módulo DSI possui um micr oprocessador int erno, comunicação M odbus via RS485 e é pr ojetado dentr o dos cr itérios tecnológ icos mais \navançados ,  sendo pr eciso , segur o e confiá vel, carac terísticas exig idas pelas  aplicações médico -hospitalar es.   \nCARACTERÍSTIC AS TÉCNIC AS \n• \nde 0...999kΩ com r esolução de 1kΩ  \n• Monitorament o de t emperatura do enr olament o secundár io do \ntransf ormador de separação ( T1)  \n• Disponibilidade de utilização de um contat o programá vel para \nsinalização à distância, em caso de falhas int ernas do dispositiv o, \nbaixo nív el de isolament o, medição de elevados valor es de \ntemperatura e de alcance do ajust e de máxima cor rente·\n• Teste de aut o-diag nóstico para ev entuais falhas int ernas do \ndispositiv o, verificação da conexão com a r ede e contr ole de \nfuncionament o\n• Injeção no cir cuito de sinais de contr ole codificados , que não são \ninfluenciados pelos component es de tipo contínuo , emitidos por \ndispositiv os elétr icos de uso médico\n• Saída ser ial RS485 para comunicação MODBUS R TUPossibilidade de escolha de um valor pr eciso de isolament o de r ede Tensão S ecundária :  \nAté 250 V\n Tensão de C urto-cir cuito:\n    3%\nCorrente a Vazio:\n    3% x I n\nConexão Elétrica:  \nPor meio de t erminais\nFixação:  \nPor meio de base metálica/ \nrodízios \nDIMENSÕES TRANSFORMADOR DE SEP ARAÇÃO  Transf ormador de Separação - Gabinete Simples  \nTensão de alimentação: 110V / 230V - 60H z\nTensão máxima de medição: 24V\nTensão da r ede c ontr olador a:  24 a 230V AC\nTensão  de Isolament o: 2,5 kV em 1 minut o \nCorrente máxima de medição: 1mA\nDispositivo Super visor de Isolamento (DSI)\n     3,0   600 X 440 X 400    50\n     5,0       600 X 440 X 400    50\n     7,5       600 X 440 X 400         70\n10,0      600 X 440 X 400    90\n  Potência\nkVAPeso \nkgGabinete simples\nDimensões Físicas\nalt x lar g x prof \nmmO Transformador de Separação é projetado pela CM \nComandos, especificamente para o suprimento de energia de \nsistema médico.\nPossui isolação galvânica reforçada, blindagem eletrostática \nentre enrolamentos primário e secundár io, conectados a um \nterminal própr io e com caracter ísticas elétricas e mecânicas que \ngarantem sua qualidade e confiabilidade.\nPossui sensores de temperatura do tipo PT-100 os quais são \nconectados ao módulo DST para super visão de temperatura.\nO transformador garante a confiabilidade das condições do \nisolamento do circuito elétrico sendo imprescindível para a \nsegurança nas aplicações cirúrgicas.']","A proteção de sub e sobretensão é uma medida crucial para garantir a segurança e estabilidade do sistema elétrico. Ela visa prevenir danos causados por tensões fora do intervalo normal de funcionamento, evitando danos aos componentes, equipamentos e mesmo às pessoas.",A função da proteção de sub e sobretensão em um sistema elétrico é desconectar e proteger a carga sensível em caso de situação anormal.,0.8621995047466622,0.5879170370358079,0.8516681481432317,0.9999999999,1.0,,0.0,,0.0,
44,Qual é a função do No-Break em relação ao Fator de Potência de Entrada?,"['Equalização A tiva de Bat erias\nO  QUE  É  ?\nO Equalizer é uma solução revolucionária de Equalização Ativa Individual de Baterias,  desenvolvido e fabricado \nno Brasil, pela CM Comandos. \nCada bateria recebe um Módulo de Bateria, conectado a um controlador, o Master Controller.  O Controller \nsupervisiona a tensão final das baterias e controla os Módulos de Baterias de forma a regular a tensão sobre cada \nbateria, para que todas as baterias sempre apresentem a mesma tensão.\nCada Módulo de Bateria possui um microcontrolador e um módulo ativo que mantêm todas as baterias \nequalizadas. \nA Equalização Ativa faz com que todas as baterias sejam igualmente carregadas com a mesma tensão, \neliminando o efeito negativo de uma bateria sobrecarregar as outras, com excesso de carga ou o inverso, de \nimpedir que as baterias adjacentes sejam carregadas plenamente.\nO Equalizer permite que as  baterias atinjam 100% da sua vida útil, projetada pelos fabricantes. Antes, sem o \nEqualizer, as baterias se deterioravam precocemente e era necessário substituí-las. Dependendo do tipo de \nbateria, a durabilidade pode dobrar,  eliminando substituições  e reduzindo a necessidade de reciclagem.  O \nprocesso de reciclagem consome grandes recursos naturais.\nAlém disso, o sistema impede a queda do sistema por falha de baterias,  enviando alarmes ANTES de ocorrer uma \nfalha do sistema, reduzindo o DOWNTIME e elevando a confiabilidade de todo sistema.\nRede Elétr ica\nde En tradaRetificador\nCarregador\nBanc o de\nBateriasBateria 1\nBateria 2\nBateria 3\nBateria nEqualizer\nEqualizer\nEqualizer\nEqualizerMaster\nController\nCorrente Alt ernada de Entrada\nCabo de Comunicação Cabo de Medição Módulo EqualizerCorr ente ContínuaCOMO FUNCIONA ?\nEqualiz er - Equalização A tiva\nA central contr ola cada módulo , conec tado em \nparalelo com a bat eria e contr ola a t ensão de f orma \nque t odas fiquem iguais . Além disso , monit ora  \nconstant ement e a Resist ência I nterna e a \nTemperatura individualment e de cada bat eria, \narmaz ena os dados para análise e emit e alar mes \nantes de ocor rer a falh a.'
 'Caso ocor ram nív eis maior es do que o nor mal,  o dispositiv o de super visão imediatament e atua, emitindo um sinal de alar me, para a int ervenção \ndas equipes de manut enção . \nO módulo DSI possui um micr oprocessador int erno, comunicação M odbus via RS485 e é pr ojetado dentr o dos cr itérios tecnológ icos mais \navançados ,  sendo pr eciso , segur o e confiá vel, carac terísticas exig idas pelas  aplicações médico -hospitalar es.   \nCARACTERÍSTIC AS TÉCNIC AS \n• \nde 0...999kΩ com r esolução de 1kΩ  \n• Monitorament o de t emperatura do enr olament o secundár io do \ntransf ormador de separação ( T1)  \n• Disponibilidade de utilização de um contat o programá vel para \nsinalização à distância, em caso de falhas int ernas do dispositiv o, \nbaixo nív el de isolament o, medição de elevados valor es de \ntemperatura e de alcance do ajust e de máxima cor rente·\n• Teste de aut o-diag nóstico para ev entuais falhas int ernas do \ndispositiv o, verificação da conexão com a r ede e contr ole de \nfuncionament o\n• Injeção no cir cuito de sinais de contr ole codificados , que não são \ninfluenciados pelos component es de tipo contínuo , emitidos por \ndispositiv os elétr icos de uso médico\n• Saída ser ial RS485 para comunicação MODBUS R TUPossibilidade de escolha de um valor pr eciso de isolament o de r ede Tensão S ecundária :  \nAté 250 V\n Tensão de C urto-cir cuito:\n    3%\nCorrente a Vazio:\n    3% x I n\nConexão Elétrica:  \nPor meio de t erminais\nFixação:  \nPor meio de base metálica/ \nrodízios \nDIMENSÕES TRANSFORMADOR DE SEP ARAÇÃO  Transf ormador de Separação - Gabinete Simples  \nTensão de alimentação: 110V / 230V - 60H z\nTensão máxima de medição: 24V\nTensão da r ede c ontr olador a:  24 a 230V AC\nTensão  de Isolament o: 2,5 kV em 1 minut o \nCorrente máxima de medição: 1mA\nDispositivo Super visor de Isolamento (DSI)\n     3,0   600 X 440 X 400    50\n     5,0       600 X 440 X 400    50\n     7,5       600 X 440 X 400         70\n10,0      600 X 440 X 400    90\n  Potência\nkVAPeso \nkgGabinete simples\nDimensões Físicas\nalt x lar g x prof \nmmO Transformador de Separação é projetado pela CM \nComandos, especificamente para o suprimento de energia de \nsistema médico.\nPossui isolação galvânica reforçada, blindagem eletrostática \nentre enrolamentos primário e secundár io, conectados a um \nterminal própr io e com caracter ísticas elétricas e mecânicas que \ngarantem sua qualidade e confiabilidade.\nPossui sensores de temperatura do tipo PT-100 os quais são \nconectados ao módulo DST para super visão de temperatura.\nO transformador garante a confiabilidade das condições do \nisolamento do circuito elétrico sendo imprescindível para a \nsegurança nas aplicações cirúrgicas.']","A função do No-Break está relacionada ao Fator de Potência de Entrada para garantir que o sistema possa funcionar sem interrupções, mesmo quando o fator de potência não é ideal. Isso significa que o No-Break ajuda a absorver as variações no fator de potência, evitando que elas afetem negativamente o sistema.","A função do No-Break em relação ao Fator de Potência de Entrada é garantir que ele seja 0.99, corrigindo os efeitos das cargas não lineares e harmônicas conectadas na saída do No-Break.",0.772213845591071,,0.9421640606465558,0.0,0.5,0.0,0.0,,,1.0
45,Qual é a faixa de temperatura ambiente recomendada para o funcionamento do equipamento?,"['Caso ocor ram nív eis maior es do que o nor mal,  o dispositiv o de super visão imediatament e atua, emitindo um sinal de alar me, para a int ervenção \ndas equipes de manut enção . \nO módulo DSI possui um micr oprocessador int erno, comunicação M odbus via RS485 e é pr ojetado dentr o dos cr itérios tecnológ icos mais \navançados ,  sendo pr eciso , segur o e confiá vel, carac terísticas exig idas pelas  aplicações médico -hospitalar es.   \nCARACTERÍSTIC AS TÉCNIC AS \n• \nde 0...999kΩ com r esolução de 1kΩ  \n• Monitorament o de t emperatura do enr olament o secundár io do \ntransf ormador de separação ( T1)  \n• Disponibilidade de utilização de um contat o programá vel para \nsinalização à distância, em caso de falhas int ernas do dispositiv o, \nbaixo nív el de isolament o, medição de elevados valor es de \ntemperatura e de alcance do ajust e de máxima cor rente·\n• Teste de aut o-diag nóstico para ev entuais falhas int ernas do \ndispositiv o, verificação da conexão com a r ede e contr ole de \nfuncionament o\n• Injeção no cir cuito de sinais de contr ole codificados , que não são \ninfluenciados pelos component es de tipo contínuo , emitidos por \ndispositiv os elétr icos de uso médico\n• Saída ser ial RS485 para comunicação MODBUS R TUPossibilidade de escolha de um valor pr eciso de isolament o de r ede Tensão S ecundária :  \nAté 250 V\n Tensão de C urto-cir cuito:\n    3%\nCorrente a Vazio:\n    3% x I n\nConexão Elétrica:  \nPor meio de t erminais\nFixação:  \nPor meio de base metálica/ \nrodízios \nDIMENSÕES TRANSFORMADOR DE SEP ARAÇÃO  Transf ormador de Separação - Gabinete Simples  \nTensão de alimentação: 110V / 230V - 60H z\nTensão máxima de medição: 24V\nTensão da r ede c ontr olador a:  24 a 230V AC\nTensão  de Isolament o: 2,5 kV em 1 minut o \nCorrente máxima de medição: 1mA\nDispositivo Super visor de Isolamento (DSI)\n     3,0   600 X 440 X 400    50\n     5,0       600 X 440 X 400    50\n     7,5       600 X 440 X 400         70\n10,0      600 X 440 X 400    90\n  Potência\nkVAPeso \nkgGabinete simples\nDimensões Físicas\nalt x lar g x prof \nmmO Transformador de Separação é projetado pela CM \nComandos, especificamente para o suprimento de energia de \nsistema médico.\nPossui isolação galvânica reforçada, blindagem eletrostática \nentre enrolamentos primário e secundár io, conectados a um \nterminal própr io e com caracter ísticas elétricas e mecânicas que \ngarantem sua qualidade e confiabilidade.\nPossui sensores de temperatura do tipo PT-100 os quais são \nconectados ao módulo DST para super visão de temperatura.\nO transformador garante a confiabilidade das condições do \nisolamento do circuito elétrico sendo imprescindível para a \nsegurança nas aplicações cirúrgicas.'
 'monobloco\n   \n    •Painel F rontal: em ABS de alta r esistência\n  \n    • A cabamento: pintura epó xi-pó na cor g rafite\n       com tratamento tér mico e anti- corrosivo\nTransf ormador Isolador : com blindagem\n    eletr ostátican  \nn  \nn   Alarmes\nContr olados pelo pr ocessador DSP\nTipos de Alarmes:\n   \n    •Sonor os: \n       »  A utocheck I nicialização\n       »  Tensão da Rede F ora da F aixa\n       »  Sobr ecar ga de Saída\n       »  F alha I nterna do Estabilizador\n       »  F reqüência da Rede F ora de F aixa\n   \n     •Sinalização: L eds de Status do P ainel\n       »  Rede Nor mal\n       »  Saída Nor mal\n       »  F alhan   \nn   Características de Oper ação\nRuído A udív el: 55 dBA a 60 dBA a 1 metr o\n MTBF (M ean Time Bet ween F ailur es): 50 mil horas\nMTTR (M ean Time To Repair): 30 minutos\nTemperatura Ambiente: \n   \n•Mínimo: 0ºC / M áximo 40ºC\n   \n    •Recomendada: 20ºC a 25ºC\nUmidade Relativa:\n   \n    •0% a 95% sem condensação\n   \n    •Recomendada: 45% a 55%\nAltitude: até 1.800m\n Tipo de Ambiente Recomendado:\n   \n    •Interno, instalação abr igada\n   \n    •Atmosf era: limpa, livr e de par tículas condutivas , \n      gases tó xicos , líquidos e inflamáv eis.\nGrau de P roteção: IP -20n   \nn  \nn   \nn   \n   \nn   \nn    \nn  \nn    \n   2000    2,0       620 X 200 X 600        41  \n   3000    3,0       620 X 200 X 600        43\n   5000    5,0       620 X 200 X 600           47\n   7500    7,5       620 X 200 X 600           61\n 10000  10,0       790 X 400 X 775        119\n 15000  15,0       790 X 400 X 775        147Modelo Potência \nkVADimensões Físicas\nalt x lar g x prof \nmmPeso \nkg\n* Opcional\nCM.MK T MAR 22  -   As especificações estão sujeitas a alterações sem pr évio aviso . Nós incentivamos a r eciclagem\nCertificação de \nSustentabilidade A uditadaESPECIFIC AÇÕES  TÉCNIC ASOs Estabilizador es de Tensão M icroprocessados P erfection MI S2 possuem uma tecnolog ia inédita de duplos con versor es estáticos com módulos IGBT s, de última geração . \nTotalmente contr olado por micr oprocessador DSP – Dig ital Sig nal P rocessor , o estabilizador cor rige instantaneamente qualquer var iação de tensão da r ede elétr ica da \nconcessionár ia, além de atenuar distor ção har mônica, var iações de fr equência e distúr bios elétr icos, gerando uma f orma de onda senoidal pura, e f ornecendo uma linha \nestabilizada ex clusiva e isolada para as aplicações sensív eis.\nA tecnolog ia DSP r ealiza medições em True RMS g raças à amostragem dig ital, sem r etardos ou desvios , com alta v elocidade e confiabilidade . Isso sig nifica que podemos \nproduzir sistemas cada v ez menor es e capaz es de r ealizar mais funções , com elevada confiabilidade .']",A faixa de temperatura ambiente recomendada para o funcionamento do equipamento é entre 20°C e 25°C.,A faixa de temperatura ambiente recomendada para o funcionamento do equipamento é de 20ºC a 25ºC.,0.9999999999999996,0.9982606134165637,0.9930424536662547,0.99999999995,,0.99999999995,0.0,,,1.0
46,Qual é a função do Módulo de Bateria no sistema de Equalização Ativa?,"['Equalização A tiva de Bat erias\nO  QUE  É  ?\nO Equalizer é uma solução revolucionária de Equalização Ativa Individual de Baterias,  desenvolvido e fabricado \nno Brasil, pela CM Comandos. \nCada bateria recebe um Módulo de Bateria, conectado a um controlador, o Master Controller.  O Controller \nsupervisiona a tensão final das baterias e controla os Módulos de Baterias de forma a regular a tensão sobre cada \nbateria, para que todas as baterias sempre apresentem a mesma tensão.\nCada Módulo de Bateria possui um microcontrolador e um módulo ativo que mantêm todas as baterias \nequalizadas. \nA Equalização Ativa faz com que todas as baterias sejam igualmente carregadas com a mesma tensão, \neliminando o efeito negativo de uma bateria sobrecarregar as outras, com excesso de carga ou o inverso, de \nimpedir que as baterias adjacentes sejam carregadas plenamente.\nO Equalizer permite que as  baterias atinjam 100% da sua vida útil, projetada pelos fabricantes. Antes, sem o \nEqualizer, as baterias se deterioravam precocemente e era necessário substituí-las. Dependendo do tipo de \nbateria, a durabilidade pode dobrar,  eliminando substituições  e reduzindo a necessidade de reciclagem.  O \nprocesso de reciclagem consome grandes recursos naturais.\nAlém disso, o sistema impede a queda do sistema por falha de baterias,  enviando alarmes ANTES de ocorrer uma \nfalha do sistema, reduzindo o DOWNTIME e elevando a confiabilidade de todo sistema.\nRede Elétr ica\nde En tradaRetificador\nCarregador\nBanc o de\nBateriasBateria 1\nBateria 2\nBateria 3\nBateria nEqualizer\nEqualizer\nEqualizer\nEqualizerMaster\nController\nCorrente Alt ernada de Entrada\nCabo de Comunicação Cabo de Medição Módulo EqualizerCorr ente ContínuaCOMO FUNCIONA ?\nEqualiz er - Equalização A tiva\nA central contr ola cada módulo , conec tado em \nparalelo com a bat eria e contr ola a t ensão de f orma \nque t odas fiquem iguais . Além disso , monit ora  \nconstant ement e a Resist ência I nterna e a \nTemperatura individualment e de cada bat eria, \narmaz ena os dados para análise e emit e alar mes \nantes de ocor rer a falh a.'
 'Caso ocor ram nív eis maior es do que o nor mal,  o dispositiv o de super visão imediatament e atua, emitindo um sinal de alar me, para a int ervenção \ndas equipes de manut enção . \nO módulo DSI possui um micr oprocessador int erno, comunicação M odbus via RS485 e é pr ojetado dentr o dos cr itérios tecnológ icos mais \navançados ,  sendo pr eciso , segur o e confiá vel, carac terísticas exig idas pelas  aplicações médico -hospitalar es.   \nCARACTERÍSTIC AS TÉCNIC AS \n• \nde 0...999kΩ com r esolução de 1kΩ  \n• Monitorament o de t emperatura do enr olament o secundár io do \ntransf ormador de separação ( T1)  \n• Disponibilidade de utilização de um contat o programá vel para \nsinalização à distância, em caso de falhas int ernas do dispositiv o, \nbaixo nív el de isolament o, medição de elevados valor es de \ntemperatura e de alcance do ajust e de máxima cor rente·\n• Teste de aut o-diag nóstico para ev entuais falhas int ernas do \ndispositiv o, verificação da conexão com a r ede e contr ole de \nfuncionament o\n• Injeção no cir cuito de sinais de contr ole codificados , que não são \ninfluenciados pelos component es de tipo contínuo , emitidos por \ndispositiv os elétr icos de uso médico\n• Saída ser ial RS485 para comunicação MODBUS R TUPossibilidade de escolha de um valor pr eciso de isolament o de r ede Tensão S ecundária :  \nAté 250 V\n Tensão de C urto-cir cuito:\n    3%\nCorrente a Vazio:\n    3% x I n\nConexão Elétrica:  \nPor meio de t erminais\nFixação:  \nPor meio de base metálica/ \nrodízios \nDIMENSÕES TRANSFORMADOR DE SEP ARAÇÃO  Transf ormador de Separação - Gabinete Simples  \nTensão de alimentação: 110V / 230V - 60H z\nTensão máxima de medição: 24V\nTensão da r ede c ontr olador a:  24 a 230V AC\nTensão  de Isolament o: 2,5 kV em 1 minut o \nCorrente máxima de medição: 1mA\nDispositivo Super visor de Isolamento (DSI)\n     3,0   600 X 440 X 400    50\n     5,0       600 X 440 X 400    50\n     7,5       600 X 440 X 400         70\n10,0      600 X 440 X 400    90\n  Potência\nkVAPeso \nkgGabinete simples\nDimensões Físicas\nalt x lar g x prof \nmmO Transformador de Separação é projetado pela CM \nComandos, especificamente para o suprimento de energia de \nsistema médico.\nPossui isolação galvânica reforçada, blindagem eletrostática \nentre enrolamentos primário e secundár io, conectados a um \nterminal própr io e com caracter ísticas elétricas e mecânicas que \ngarantem sua qualidade e confiabilidade.\nPossui sensores de temperatura do tipo PT-100 os quais são \nconectados ao módulo DST para super visão de temperatura.\nO transformador garante a confiabilidade das condições do \nisolamento do circuito elétrico sendo imprescindível para a \nsegurança nas aplicações cirúrgicas.']","O Módulo de Bateria é o componente responsável por regular a tensão sobre cada bateria, mantendo todas as baterias igualmente carregadas com a mesma tensão.","O Módulo de Bateria no sistema de Equalização Ativa é responsável por manter todas as baterias equalizadas, garantindo que cada bateria receba a mesma tensão. Ele possui um microcontrolador e um módulo ativo que trabalham em conjunto com o Master Controller para regular a tensão sobre cada bateria.",0.7871194232303937,0.48473212159835877,0.938928486393435,0.99999999995,0.5,0.9999999999,0.3333333322222222,,,1.0
47,Como a somatória de potências permite a ligação de No Breaks com potências diferentes?,"['Equalização A tiva de Bat erias\nO  QUE  É  ?\nO Equalizer é uma solução revolucionária de Equalização Ativa Individual de Baterias,  desenvolvido e fabricado \nno Brasil, pela CM Comandos. \nCada bateria recebe um Módulo de Bateria, conectado a um controlador, o Master Controller.  O Controller \nsupervisiona a tensão final das baterias e controla os Módulos de Baterias de forma a regular a tensão sobre cada \nbateria, para que todas as baterias sempre apresentem a mesma tensão.\nCada Módulo de Bateria possui um microcontrolador e um módulo ativo que mantêm todas as baterias \nequalizadas. \nA Equalização Ativa faz com que todas as baterias sejam igualmente carregadas com a mesma tensão, \neliminando o efeito negativo de uma bateria sobrecarregar as outras, com excesso de carga ou o inverso, de \nimpedir que as baterias adjacentes sejam carregadas plenamente.\nO Equalizer permite que as  baterias atinjam 100% da sua vida útil, projetada pelos fabricantes. Antes, sem o \nEqualizer, as baterias se deterioravam precocemente e era necessário substituí-las. Dependendo do tipo de \nbateria, a durabilidade pode dobrar,  eliminando substituições  e reduzindo a necessidade de reciclagem.  O \nprocesso de reciclagem consome grandes recursos naturais.\nAlém disso, o sistema impede a queda do sistema por falha de baterias,  enviando alarmes ANTES de ocorrer uma \nfalha do sistema, reduzindo o DOWNTIME e elevando a confiabilidade de todo sistema.\nRede Elétr ica\nde En tradaRetificador\nCarregador\nBanc o de\nBateriasBateria 1\nBateria 2\nBateria 3\nBateria nEqualizer\nEqualizer\nEqualizer\nEqualizerMaster\nController\nCorrente Alt ernada de Entrada\nCabo de Comunicação Cabo de Medição Módulo EqualizerCorr ente ContínuaCOMO FUNCIONA ?\nEqualiz er - Equalização A tiva\nA central contr ola cada módulo , conec tado em \nparalelo com a bat eria e contr ola a t ensão de f orma \nque t odas fiquem iguais . Além disso , monit ora  \nconstant ement e a Resist ência I nterna e a \nTemperatura individualment e de cada bat eria, \narmaz ena os dados para análise e emit e alar mes \nantes de ocor rer a falh a.'
 'monobloco\n   \n    •Painel F rontal: em ABS de alta r esistência\n  \n    • A cabamento: pintura epó xi-pó na cor g rafite\n       com tratamento tér mico e anti- corrosivo\nTransf ormador Isolador : com blindagem\n    eletr ostátican  \nn  \nn   Alarmes\nContr olados pelo pr ocessador DSP\nTipos de Alarmes:\n   \n    •Sonor os: \n       »  A utocheck I nicialização\n       »  Tensão da Rede F ora da F aixa\n       »  Sobr ecar ga de Saída\n       »  F alha I nterna do Estabilizador\n       »  F reqüência da Rede F ora de F aixa\n   \n     •Sinalização: L eds de Status do P ainel\n       »  Rede Nor mal\n       »  Saída Nor mal\n       »  F alhan   \nn   Características de Oper ação\nRuído A udív el: 55 dBA a 60 dBA a 1 metr o\n MTBF (M ean Time Bet ween F ailur es): 50 mil horas\nMTTR (M ean Time To Repair): 30 minutos\nTemperatura Ambiente: \n   \n•Mínimo: 0ºC / M áximo 40ºC\n   \n    •Recomendada: 20ºC a 25ºC\nUmidade Relativa:\n   \n    •0% a 95% sem condensação\n   \n    •Recomendada: 45% a 55%\nAltitude: até 1.800m\n Tipo de Ambiente Recomendado:\n   \n    •Interno, instalação abr igada\n   \n    •Atmosf era: limpa, livr e de par tículas condutivas , \n      gases tó xicos , líquidos e inflamáv eis.\nGrau de P roteção: IP -20n   \nn  \nn   \nn   \n   \nn   \nn    \nn  \nn    \n   2000    2,0       620 X 200 X 600        41  \n   3000    3,0       620 X 200 X 600        43\n   5000    5,0       620 X 200 X 600           47\n   7500    7,5       620 X 200 X 600           61\n 10000  10,0       790 X 400 X 775        119\n 15000  15,0       790 X 400 X 775        147Modelo Potência \nkVADimensões Físicas\nalt x lar g x prof \nmmPeso \nkg\n* Opcional\nCM.MK T MAR 22  -   As especificações estão sujeitas a alterações sem pr évio aviso . Nós incentivamos a r eciclagem\nCertificação de \nSustentabilidade A uditadaESPECIFIC AÇÕES  TÉCNIC ASOs Estabilizador es de Tensão M icroprocessados P erfection MI S2 possuem uma tecnolog ia inédita de duplos con versor es estáticos com módulos IGBT s, de última geração . \nTotalmente contr olado por micr oprocessador DSP – Dig ital Sig nal P rocessor , o estabilizador cor rige instantaneamente qualquer var iação de tensão da r ede elétr ica da \nconcessionár ia, além de atenuar distor ção har mônica, var iações de fr equência e distúr bios elétr icos, gerando uma f orma de onda senoidal pura, e f ornecendo uma linha \nestabilizada ex clusiva e isolada para as aplicações sensív eis.\nA tecnolog ia DSP r ealiza medições em True RMS g raças à amostragem dig ital, sem r etardos ou desvios , com alta v elocidade e confiabilidade . Isso sig nifica que podemos \nproduzir sistemas cada v ez menor es e capaz es de r ealizar mais funções , com elevada confiabilidade .']","A combinação de potências diferentes em sistemas de alimentação é um desafio comum na indústria eletrônica. A solução da soma de potências permite que os componentes sejam conectados sem preocupações sobre a estabilidade ou segurança do sistema.

No caso de No Breaks, que são interruptores de alta potência, a soma de potências é especialmente útil para garantir que o sistema possa lidar com as variações de corrente e tensão causadas por diferentes fontes de alimentação. Ao conectar os componentes em série, a soma de potências ajuda a distribuir a carga de forma equilibrada, reduzindo o risco de sobrecarga ou descarga excessiva.

Essa abordagem permite que os No Breaks sejam conectados sem preocupações sobre a compatibilidade entre diferentes fontes de alimentação. Além disso, a soma de potências também ajuda a reduzir as perdas de energia e melhorar a eficiência do sistema como um todo.","A somatória de potências permite a ligação de No Breaks com potências diferentes, distribuindo a carga proporcionalmente entre eles. Isso significa que, ao conectar No Breaks de potências distintas, a carga total é dividida de forma que cada unidade contribui de acordo com sua capacidade.",0.7234683434162092,0.395889124236015,0.8335564969440601,0.49999999995,0.3333333333333333,0.9999999999,0.0,,,
48,Qual é a importância da supervisão de falhas de isolamento no Sistema IT Médico?,"['Caso ocor ram nív eis maior es do que o nor mal,  o dispositiv o de super visão imediatament e atua, emitindo um sinal de alar me, para a int ervenção \ndas equipes de manut enção . \nO módulo DSI possui um micr oprocessador int erno, comunicação M odbus via RS485 e é pr ojetado dentr o dos cr itérios tecnológ icos mais \navançados ,  sendo pr eciso , segur o e confiá vel, carac terísticas exig idas pelas  aplicações médico -hospitalar es.   \nCARACTERÍSTIC AS TÉCNIC AS \n• \nde 0...999kΩ com r esolução de 1kΩ  \n• Monitorament o de t emperatura do enr olament o secundár io do \ntransf ormador de separação ( T1)  \n• Disponibilidade de utilização de um contat o programá vel para \nsinalização à distância, em caso de falhas int ernas do dispositiv o, \nbaixo nív el de isolament o, medição de elevados valor es de \ntemperatura e de alcance do ajust e de máxima cor rente·\n• Teste de aut o-diag nóstico para ev entuais falhas int ernas do \ndispositiv o, verificação da conexão com a r ede e contr ole de \nfuncionament o\n• Injeção no cir cuito de sinais de contr ole codificados , que não são \ninfluenciados pelos component es de tipo contínuo , emitidos por \ndispositiv os elétr icos de uso médico\n• Saída ser ial RS485 para comunicação MODBUS R TUPossibilidade de escolha de um valor pr eciso de isolament o de r ede Tensão S ecundária :  \nAté 250 V\n Tensão de C urto-cir cuito:\n    3%\nCorrente a Vazio:\n    3% x I n\nConexão Elétrica:  \nPor meio de t erminais\nFixação:  \nPor meio de base metálica/ \nrodízios \nDIMENSÕES TRANSFORMADOR DE SEP ARAÇÃO  Transf ormador de Separação - Gabinete Simples  \nTensão de alimentação: 110V / 230V - 60H z\nTensão máxima de medição: 24V\nTensão da r ede c ontr olador a:  24 a 230V AC\nTensão  de Isolament o: 2,5 kV em 1 minut o \nCorrente máxima de medição: 1mA\nDispositivo Super visor de Isolamento (DSI)\n     3,0   600 X 440 X 400    50\n     5,0       600 X 440 X 400    50\n     7,5       600 X 440 X 400         70\n10,0      600 X 440 X 400    90\n  Potência\nkVAPeso \nkgGabinete simples\nDimensões Físicas\nalt x lar g x prof \nmmO Transformador de Separação é projetado pela CM \nComandos, especificamente para o suprimento de energia de \nsistema médico.\nPossui isolação galvânica reforçada, blindagem eletrostática \nentre enrolamentos primário e secundár io, conectados a um \nterminal própr io e com caracter ísticas elétricas e mecânicas que \ngarantem sua qualidade e confiabilidade.\nPossui sensores de temperatura do tipo PT-100 os quais são \nconectados ao módulo DST para super visão de temperatura.\nO transformador garante a confiabilidade das condições do \nisolamento do circuito elétrico sendo imprescindível para a \nsegurança nas aplicações cirúrgicas.'
 'Equalização A tiva de Bat erias\nO  QUE  É  ?\nO Equalizer é uma solução revolucionária de Equalização Ativa Individual de Baterias,  desenvolvido e fabricado \nno Brasil, pela CM Comandos. \nCada bateria recebe um Módulo de Bateria, conectado a um controlador, o Master Controller.  O Controller \nsupervisiona a tensão final das baterias e controla os Módulos de Baterias de forma a regular a tensão sobre cada \nbateria, para que todas as baterias sempre apresentem a mesma tensão.\nCada Módulo de Bateria possui um microcontrolador e um módulo ativo que mantêm todas as baterias \nequalizadas. \nA Equalização Ativa faz com que todas as baterias sejam igualmente carregadas com a mesma tensão, \neliminando o efeito negativo de uma bateria sobrecarregar as outras, com excesso de carga ou o inverso, de \nimpedir que as baterias adjacentes sejam carregadas plenamente.\nO Equalizer permite que as  baterias atinjam 100% da sua vida útil, projetada pelos fabricantes. Antes, sem o \nEqualizer, as baterias se deterioravam precocemente e era necessário substituí-las. Dependendo do tipo de \nbateria, a durabilidade pode dobrar,  eliminando substituições  e reduzindo a necessidade de reciclagem.  O \nprocesso de reciclagem consome grandes recursos naturais.\nAlém disso, o sistema impede a queda do sistema por falha de baterias,  enviando alarmes ANTES de ocorrer uma \nfalha do sistema, reduzindo o DOWNTIME e elevando a confiabilidade de todo sistema.\nRede Elétr ica\nde En tradaRetificador\nCarregador\nBanc o de\nBateriasBateria 1\nBateria 2\nBateria 3\nBateria nEqualizer\nEqualizer\nEqualizer\nEqualizerMaster\nController\nCorrente Alt ernada de Entrada\nCabo de Comunicação Cabo de Medição Módulo EqualizerCorr ente ContínuaCOMO FUNCIONA ?\nEqualiz er - Equalização A tiva\nA central contr ola cada módulo , conec tado em \nparalelo com a bat eria e contr ola a t ensão de f orma \nque t odas fiquem iguais . Além disso , monit ora  \nconstant ement e a Resist ência I nterna e a \nTemperatura individualment e de cada bat eria, \narmaz ena os dados para análise e emit e alar mes \nantes de ocor rer a falh a.']","A supervisão de falhas de isolamento no Sistema IT Médico é fundamental para garantir a segurança e a confiabilidade do sistema, especialmente em ambientes cirúrgicos. Falhas de isolamento podem levar a curtos-circuitos e choques elétricos, que são perigosos para os pacientes e os profissionais de saúde. Além disso, a supervisão de falhas de isolamento ajuda a evitar danos ao equipamento e reduz o tempo de inatividade do sistema, permitindo que as equipes de manutenção possam agir rapidamente para corrigir o problema antes que ocorra um incidente.","A supervisão de falhas de isolamento no Sistema IT Médico é importante porque garante a manutenção dos equipamentos de sustentação à vida, mesmo em caso de falha de isolamento elétrica. Isso aumenta a segurança para o paciente e para o corpo clínico, evitando a interrupção no fornecimento de energia elétrica em caso de uma falta, permitindo que equipamentos eletrônicos possam ser usados para auxiliar funções vitais do paciente.",0.6130601611775849,0.3614688608086027,0.9004208977798653,,1.0,0.99999999995,0.0,,,
49,Qual é a vantagem da tecnologia hotswap nos No-Breaks Composition?,"['monobloco\n   \n    •Painel F rontal: em ABS de alta r esistência\n  \n    • A cabamento: pintura epó xi-pó na cor g rafite\n       com tratamento tér mico e anti- corrosivo\nTransf ormador Isolador : com blindagem\n    eletr ostátican  \nn  \nn   Alarmes\nContr olados pelo pr ocessador DSP\nTipos de Alarmes:\n   \n    •Sonor os: \n       »  A utocheck I nicialização\n       »  Tensão da Rede F ora da F aixa\n       »  Sobr ecar ga de Saída\n       »  F alha I nterna do Estabilizador\n       »  F reqüência da Rede F ora de F aixa\n   \n     •Sinalização: L eds de Status do P ainel\n       »  Rede Nor mal\n       »  Saída Nor mal\n       »  F alhan   \nn   Características de Oper ação\nRuído A udív el: 55 dBA a 60 dBA a 1 metr o\n MTBF (M ean Time Bet ween F ailur es): 50 mil horas\nMTTR (M ean Time To Repair): 30 minutos\nTemperatura Ambiente: \n   \n•Mínimo: 0ºC / M áximo 40ºC\n   \n    •Recomendada: 20ºC a 25ºC\nUmidade Relativa:\n   \n    •0% a 95% sem condensação\n   \n    •Recomendada: 45% a 55%\nAltitude: até 1.800m\n Tipo de Ambiente Recomendado:\n   \n    •Interno, instalação abr igada\n   \n    •Atmosf era: limpa, livr e de par tículas condutivas , \n      gases tó xicos , líquidos e inflamáv eis.\nGrau de P roteção: IP -20n   \nn  \nn   \nn   \n   \nn   \nn    \nn  \nn    \n   2000    2,0       620 X 200 X 600        41  \n   3000    3,0       620 X 200 X 600        43\n   5000    5,0       620 X 200 X 600           47\n   7500    7,5       620 X 200 X 600           61\n 10000  10,0       790 X 400 X 775        119\n 15000  15,0       790 X 400 X 775        147Modelo Potência \nkVADimensões Físicas\nalt x lar g x prof \nmmPeso \nkg\n* Opcional\nCM.MK T MAR 22  -   As especificações estão sujeitas a alterações sem pr évio aviso . Nós incentivamos a r eciclagem\nCertificação de \nSustentabilidade A uditadaESPECIFIC AÇÕES  TÉCNIC ASOs Estabilizador es de Tensão M icroprocessados P erfection MI S2 possuem uma tecnolog ia inédita de duplos con versor es estáticos com módulos IGBT s, de última geração . \nTotalmente contr olado por micr oprocessador DSP – Dig ital Sig nal P rocessor , o estabilizador cor rige instantaneamente qualquer var iação de tensão da r ede elétr ica da \nconcessionár ia, além de atenuar distor ção har mônica, var iações de fr equência e distúr bios elétr icos, gerando uma f orma de onda senoidal pura, e f ornecendo uma linha \nestabilizada ex clusiva e isolada para as aplicações sensív eis.\nA tecnolog ia DSP r ealiza medições em True RMS g raças à amostragem dig ital, sem r etardos ou desvios , com alta v elocidade e confiabilidade . Isso sig nifica que podemos \nproduzir sistemas cada v ez menor es e capaz es de r ealizar mais funções , com elevada confiabilidade .'
 'Equalização A tiva de Bat erias\nO  QUE  É  ?\nO Equalizer é uma solução revolucionária de Equalização Ativa Individual de Baterias,  desenvolvido e fabricado \nno Brasil, pela CM Comandos. \nCada bateria recebe um Módulo de Bateria, conectado a um controlador, o Master Controller.  O Controller \nsupervisiona a tensão final das baterias e controla os Módulos de Baterias de forma a regular a tensão sobre cada \nbateria, para que todas as baterias sempre apresentem a mesma tensão.\nCada Módulo de Bateria possui um microcontrolador e um módulo ativo que mantêm todas as baterias \nequalizadas. \nA Equalização Ativa faz com que todas as baterias sejam igualmente carregadas com a mesma tensão, \neliminando o efeito negativo de uma bateria sobrecarregar as outras, com excesso de carga ou o inverso, de \nimpedir que as baterias adjacentes sejam carregadas plenamente.\nO Equalizer permite que as  baterias atinjam 100% da sua vida útil, projetada pelos fabricantes. Antes, sem o \nEqualizer, as baterias se deterioravam precocemente e era necessário substituí-las. Dependendo do tipo de \nbateria, a durabilidade pode dobrar,  eliminando substituições  e reduzindo a necessidade de reciclagem.  O \nprocesso de reciclagem consome grandes recursos naturais.\nAlém disso, o sistema impede a queda do sistema por falha de baterias,  enviando alarmes ANTES de ocorrer uma \nfalha do sistema, reduzindo o DOWNTIME e elevando a confiabilidade de todo sistema.\nRede Elétr ica\nde En tradaRetificador\nCarregador\nBanc o de\nBateriasBateria 1\nBateria 2\nBateria 3\nBateria nEqualizer\nEqualizer\nEqualizer\nEqualizerMaster\nController\nCorrente Alt ernada de Entrada\nCabo de Comunicação Cabo de Medição Módulo EqualizerCorr ente ContínuaCOMO FUNCIONA ?\nEqualiz er - Equalização A tiva\nA central contr ola cada módulo , conec tado em \nparalelo com a bat eria e contr ola a t ensão de f orma \nque t odas fiquem iguais . Além disso , monit ora  \nconstant ement e a Resist ência I nterna e a \nTemperatura individualment e de cada bat eria, \narmaz ena os dados para análise e emit e alar mes \nantes de ocor rer a falh a.']","A tecnologia hotswap nos No-Breaks Composition permite uma substituição rápida e segura de componentes sem interromper o funcionamento do sistema, reduzindo o tempo de inatividade e aumentando a disponibilidade.","A tecnologia hotswap nos No-Breaks Composition permite a substituição dos módulos sem a necessidade de paralisar todo o sistema, o que proporciona maior continuidade e eficiência na operação.",0.7748510944873684,0.5453636708440176,0.9814546833760703,0.9999999999,1.0,0.0,0.0,,,1.0
50,Qual a principal característica do inversor IGBT com dupla conversão e onda senoidal pura?,"['Equalização A tiva de Bat erias\nO  QUE  É  ?\nO Equalizer é uma solução revolucionária de Equalização Ativa Individual de Baterias,  desenvolvido e fabricado \nno Brasil, pela CM Comandos. \nCada bateria recebe um Módulo de Bateria, conectado a um controlador, o Master Controller.  O Controller \nsupervisiona a tensão final das baterias e controla os Módulos de Baterias de forma a regular a tensão sobre cada \nbateria, para que todas as baterias sempre apresentem a mesma tensão.\nCada Módulo de Bateria possui um microcontrolador e um módulo ativo que mantêm todas as baterias \nequalizadas. \nA Equalização Ativa faz com que todas as baterias sejam igualmente carregadas com a mesma tensão, \neliminando o efeito negativo de uma bateria sobrecarregar as outras, com excesso de carga ou o inverso, de \nimpedir que as baterias adjacentes sejam carregadas plenamente.\nO Equalizer permite que as  baterias atinjam 100% da sua vida útil, projetada pelos fabricantes. Antes, sem o \nEqualizer, as baterias se deterioravam precocemente e era necessário substituí-las. Dependendo do tipo de \nbateria, a durabilidade pode dobrar,  eliminando substituições  e reduzindo a necessidade de reciclagem.  O \nprocesso de reciclagem consome grandes recursos naturais.\nAlém disso, o sistema impede a queda do sistema por falha de baterias,  enviando alarmes ANTES de ocorrer uma \nfalha do sistema, reduzindo o DOWNTIME e elevando a confiabilidade de todo sistema.\nRede Elétr ica\nde En tradaRetificador\nCarregador\nBanc o de\nBateriasBateria 1\nBateria 2\nBateria 3\nBateria nEqualizer\nEqualizer\nEqualizer\nEqualizerMaster\nController\nCorrente Alt ernada de Entrada\nCabo de Comunicação Cabo de Medição Módulo EqualizerCorr ente ContínuaCOMO FUNCIONA ?\nEqualiz er - Equalização A tiva\nA central contr ola cada módulo , conec tado em \nparalelo com a bat eria e contr ola a t ensão de f orma \nque t odas fiquem iguais . Além disso , monit ora  \nconstant ement e a Resist ência I nterna e a \nTemperatura individualment e de cada bat eria, \narmaz ena os dados para análise e emit e alar mes \nantes de ocor rer a falh a.'
 'monobloco\n   \n    •Painel F rontal: em ABS de alta r esistência\n  \n    • A cabamento: pintura epó xi-pó na cor g rafite\n       com tratamento tér mico e anti- corrosivo\nTransf ormador Isolador : com blindagem\n    eletr ostátican  \nn  \nn   Alarmes\nContr olados pelo pr ocessador DSP\nTipos de Alarmes:\n   \n    •Sonor os: \n       »  A utocheck I nicialização\n       »  Tensão da Rede F ora da F aixa\n       »  Sobr ecar ga de Saída\n       »  F alha I nterna do Estabilizador\n       »  F reqüência da Rede F ora de F aixa\n   \n     •Sinalização: L eds de Status do P ainel\n       »  Rede Nor mal\n       »  Saída Nor mal\n       »  F alhan   \nn   Características de Oper ação\nRuído A udív el: 55 dBA a 60 dBA a 1 metr o\n MTBF (M ean Time Bet ween F ailur es): 50 mil horas\nMTTR (M ean Time To Repair): 30 minutos\nTemperatura Ambiente: \n   \n•Mínimo: 0ºC / M áximo 40ºC\n   \n    •Recomendada: 20ºC a 25ºC\nUmidade Relativa:\n   \n    •0% a 95% sem condensação\n   \n    •Recomendada: 45% a 55%\nAltitude: até 1.800m\n Tipo de Ambiente Recomendado:\n   \n    •Interno, instalação abr igada\n   \n    •Atmosf era: limpa, livr e de par tículas condutivas , \n      gases tó xicos , líquidos e inflamáv eis.\nGrau de P roteção: IP -20n   \nn  \nn   \nn   \n   \nn   \nn    \nn  \nn    \n   2000    2,0       620 X 200 X 600        41  \n   3000    3,0       620 X 200 X 600        43\n   5000    5,0       620 X 200 X 600           47\n   7500    7,5       620 X 200 X 600           61\n 10000  10,0       790 X 400 X 775        119\n 15000  15,0       790 X 400 X 775        147Modelo Potência \nkVADimensões Físicas\nalt x lar g x prof \nmmPeso \nkg\n* Opcional\nCM.MK T MAR 22  -   As especificações estão sujeitas a alterações sem pr évio aviso . Nós incentivamos a r eciclagem\nCertificação de \nSustentabilidade A uditadaESPECIFIC AÇÕES  TÉCNIC ASOs Estabilizador es de Tensão M icroprocessados P erfection MI S2 possuem uma tecnolog ia inédita de duplos con versor es estáticos com módulos IGBT s, de última geração . \nTotalmente contr olado por micr oprocessador DSP – Dig ital Sig nal P rocessor , o estabilizador cor rige instantaneamente qualquer var iação de tensão da r ede elétr ica da \nconcessionár ia, além de atenuar distor ção har mônica, var iações de fr equência e distúr bios elétr icos, gerando uma f orma de onda senoidal pura, e f ornecendo uma linha \nestabilizada ex clusiva e isolada para as aplicações sensív eis.\nA tecnolog ia DSP r ealiza medições em True RMS g raças à amostragem dig ital, sem r etardos ou desvios , com alta v elocidade e confiabilidade . Isso sig nifica que podemos \nproduzir sistemas cada v ez menor es e capaz es de r ealizar mais funções , com elevada confiabilidade .']",A principal característica do inversor IGBT com dupla conversão é a capacidade de produzir uma forma de onda senoidal pura.,"A principal característica do inversor IGBT com dupla conversão e onda senoidal pura é a sua capacidade de fornecer uma forma de onda senoidal pura, o que é essencial para a operação de equipamentos sensíveis e garante uma qualidade de energia superior.",0.7795641382469998,0.5312702991911639,0.9250811967646553,,1.0,0.49999999995,0.0,,,1.0
51,Qual a função do Master Controller na equalização e monitoramento das baterias?,"['Equalização A tiva de Bat erias\nO  QUE  É  ?\nO Equalizer é uma solução revolucionária de Equalização Ativa Individual de Baterias,  desenvolvido e fabricado \nno Brasil, pela CM Comandos. \nCada bateria recebe um Módulo de Bateria, conectado a um controlador, o Master Controller.  O Controller \nsupervisiona a tensão final das baterias e controla os Módulos de Baterias de forma a regular a tensão sobre cada \nbateria, para que todas as baterias sempre apresentem a mesma tensão.\nCada Módulo de Bateria possui um microcontrolador e um módulo ativo que mantêm todas as baterias \nequalizadas. \nA Equalização Ativa faz com que todas as baterias sejam igualmente carregadas com a mesma tensão, \neliminando o efeito negativo de uma bateria sobrecarregar as outras, com excesso de carga ou o inverso, de \nimpedir que as baterias adjacentes sejam carregadas plenamente.\nO Equalizer permite que as  baterias atinjam 100% da sua vida útil, projetada pelos fabricantes. Antes, sem o \nEqualizer, as baterias se deterioravam precocemente e era necessário substituí-las. Dependendo do tipo de \nbateria, a durabilidade pode dobrar,  eliminando substituições  e reduzindo a necessidade de reciclagem.  O \nprocesso de reciclagem consome grandes recursos naturais.\nAlém disso, o sistema impede a queda do sistema por falha de baterias,  enviando alarmes ANTES de ocorrer uma \nfalha do sistema, reduzindo o DOWNTIME e elevando a confiabilidade de todo sistema.\nRede Elétr ica\nde En tradaRetificador\nCarregador\nBanc o de\nBateriasBateria 1\nBateria 2\nBateria 3\nBateria nEqualizer\nEqualizer\nEqualizer\nEqualizerMaster\nController\nCorrente Alt ernada de Entrada\nCabo de Comunicação Cabo de Medição Módulo EqualizerCorr ente ContínuaCOMO FUNCIONA ?\nEqualiz er - Equalização A tiva\nA central contr ola cada módulo , conec tado em \nparalelo com a bat eria e contr ola a t ensão de f orma \nque t odas fiquem iguais . Além disso , monit ora  \nconstant ement e a Resist ência I nterna e a \nTemperatura individualment e de cada bat eria, \narmaz ena os dados para análise e emit e alar mes \nantes de ocor rer a falh a.'
 'Caso ocor ram nív eis maior es do que o nor mal,  o dispositiv o de super visão imediatament e atua, emitindo um sinal de alar me, para a int ervenção \ndas equipes de manut enção . \nO módulo DSI possui um micr oprocessador int erno, comunicação M odbus via RS485 e é pr ojetado dentr o dos cr itérios tecnológ icos mais \navançados ,  sendo pr eciso , segur o e confiá vel, carac terísticas exig idas pelas  aplicações médico -hospitalar es.   \nCARACTERÍSTIC AS TÉCNIC AS \n• \nde 0...999kΩ com r esolução de 1kΩ  \n• Monitorament o de t emperatura do enr olament o secundár io do \ntransf ormador de separação ( T1)  \n• Disponibilidade de utilização de um contat o programá vel para \nsinalização à distância, em caso de falhas int ernas do dispositiv o, \nbaixo nív el de isolament o, medição de elevados valor es de \ntemperatura e de alcance do ajust e de máxima cor rente·\n• Teste de aut o-diag nóstico para ev entuais falhas int ernas do \ndispositiv o, verificação da conexão com a r ede e contr ole de \nfuncionament o\n• Injeção no cir cuito de sinais de contr ole codificados , que não são \ninfluenciados pelos component es de tipo contínuo , emitidos por \ndispositiv os elétr icos de uso médico\n• Saída ser ial RS485 para comunicação MODBUS R TUPossibilidade de escolha de um valor pr eciso de isolament o de r ede Tensão S ecundária :  \nAté 250 V\n Tensão de C urto-cir cuito:\n    3%\nCorrente a Vazio:\n    3% x I n\nConexão Elétrica:  \nPor meio de t erminais\nFixação:  \nPor meio de base metálica/ \nrodízios \nDIMENSÕES TRANSFORMADOR DE SEP ARAÇÃO  Transf ormador de Separação - Gabinete Simples  \nTensão de alimentação: 110V / 230V - 60H z\nTensão máxima de medição: 24V\nTensão da r ede c ontr olador a:  24 a 230V AC\nTensão  de Isolament o: 2,5 kV em 1 minut o \nCorrente máxima de medição: 1mA\nDispositivo Super visor de Isolamento (DSI)\n     3,0   600 X 440 X 400    50\n     5,0       600 X 440 X 400    50\n     7,5       600 X 440 X 400         70\n10,0      600 X 440 X 400    90\n  Potência\nkVAPeso \nkgGabinete simples\nDimensões Físicas\nalt x lar g x prof \nmmO Transformador de Separação é projetado pela CM \nComandos, especificamente para o suprimento de energia de \nsistema médico.\nPossui isolação galvânica reforçada, blindagem eletrostática \nentre enrolamentos primário e secundár io, conectados a um \nterminal própr io e com caracter ísticas elétricas e mecânicas que \ngarantem sua qualidade e confiabilidade.\nPossui sensores de temperatura do tipo PT-100 os quais são \nconectados ao módulo DST para super visão de temperatura.\nO transformador garante a confiabilidade das condições do \nisolamento do circuito elétrico sendo imprescindível para a \nsegurança nas aplicações cirúrgicas.']","O Master Controller é responsável por supervisionar a tensão final das baterias e controlar os Módulos de Bateria de forma a regular a tensão sobre cada bateria, garantindo que todas as baterias apresentem a mesma tensão.","O Master Controller supervisiona a tensão final das baterias e controla os Módulos de Baterias de forma a regular a tensão sobre cada bateria, garantindo que todas as baterias apresentem a mesma tensão. Além disso, ele monitora constantemente a Resistência Interna e a Temperatura individualmente de cada bateria, armazena os dados para análise e emite alarmes antes de ocorrer uma falha.",0.7881553897005777,,0.8231067942686483,0.99999999995,0.5,0.99999999995,0.0,,,1.0
52,"Qual a importância do transformador em cirurgias, considerando blindagem eletrostática e isolamento galvânico?","['Caso ocor ram nív eis maior es do que o nor mal,  o dispositiv o de super visão imediatament e atua, emitindo um sinal de alar me, para a int ervenção \ndas equipes de manut enção . \nO módulo DSI possui um micr oprocessador int erno, comunicação M odbus via RS485 e é pr ojetado dentr o dos cr itérios tecnológ icos mais \navançados ,  sendo pr eciso , segur o e confiá vel, carac terísticas exig idas pelas  aplicações médico -hospitalar es.   \nCARACTERÍSTIC AS TÉCNIC AS \n• \nde 0...999kΩ com r esolução de 1kΩ  \n• Monitorament o de t emperatura do enr olament o secundár io do \ntransf ormador de separação ( T1)  \n• Disponibilidade de utilização de um contat o programá vel para \nsinalização à distância, em caso de falhas int ernas do dispositiv o, \nbaixo nív el de isolament o, medição de elevados valor es de \ntemperatura e de alcance do ajust e de máxima cor rente·\n• Teste de aut o-diag nóstico para ev entuais falhas int ernas do \ndispositiv o, verificação da conexão com a r ede e contr ole de \nfuncionament o\n• Injeção no cir cuito de sinais de contr ole codificados , que não são \ninfluenciados pelos component es de tipo contínuo , emitidos por \ndispositiv os elétr icos de uso médico\n• Saída ser ial RS485 para comunicação MODBUS R TUPossibilidade de escolha de um valor pr eciso de isolament o de r ede Tensão S ecundária :  \nAté 250 V\n Tensão de C urto-cir cuito:\n    3%\nCorrente a Vazio:\n    3% x I n\nConexão Elétrica:  \nPor meio de t erminais\nFixação:  \nPor meio de base metálica/ \nrodízios \nDIMENSÕES TRANSFORMADOR DE SEP ARAÇÃO  Transf ormador de Separação - Gabinete Simples  \nTensão de alimentação: 110V / 230V - 60H z\nTensão máxima de medição: 24V\nTensão da r ede c ontr olador a:  24 a 230V AC\nTensão  de Isolament o: 2,5 kV em 1 minut o \nCorrente máxima de medição: 1mA\nDispositivo Super visor de Isolamento (DSI)\n     3,0   600 X 440 X 400    50\n     5,0       600 X 440 X 400    50\n     7,5       600 X 440 X 400         70\n10,0      600 X 440 X 400    90\n  Potência\nkVAPeso \nkgGabinete simples\nDimensões Físicas\nalt x lar g x prof \nmmO Transformador de Separação é projetado pela CM \nComandos, especificamente para o suprimento de energia de \nsistema médico.\nPossui isolação galvânica reforçada, blindagem eletrostática \nentre enrolamentos primário e secundár io, conectados a um \nterminal própr io e com caracter ísticas elétricas e mecânicas que \ngarantem sua qualidade e confiabilidade.\nPossui sensores de temperatura do tipo PT-100 os quais são \nconectados ao módulo DST para super visão de temperatura.\nO transformador garante a confiabilidade das condições do \nisolamento do circuito elétrico sendo imprescindível para a \nsegurança nas aplicações cirúrgicas.'
 'monobloco\n   \n    •Painel F rontal: em ABS de alta r esistência\n  \n    • A cabamento: pintura epó xi-pó na cor g rafite\n       com tratamento tér mico e anti- corrosivo\nTransf ormador Isolador : com blindagem\n    eletr ostátican  \nn  \nn   Alarmes\nContr olados pelo pr ocessador DSP\nTipos de Alarmes:\n   \n    •Sonor os: \n       »  A utocheck I nicialização\n       »  Tensão da Rede F ora da F aixa\n       »  Sobr ecar ga de Saída\n       »  F alha I nterna do Estabilizador\n       »  F reqüência da Rede F ora de F aixa\n   \n     •Sinalização: L eds de Status do P ainel\n       »  Rede Nor mal\n       »  Saída Nor mal\n       »  F alhan   \nn   Características de Oper ação\nRuído A udív el: 55 dBA a 60 dBA a 1 metr o\n MTBF (M ean Time Bet ween F ailur es): 50 mil horas\nMTTR (M ean Time To Repair): 30 minutos\nTemperatura Ambiente: \n   \n•Mínimo: 0ºC / M áximo 40ºC\n   \n    •Recomendada: 20ºC a 25ºC\nUmidade Relativa:\n   \n    •0% a 95% sem condensação\n   \n    •Recomendada: 45% a 55%\nAltitude: até 1.800m\n Tipo de Ambiente Recomendado:\n   \n    •Interno, instalação abr igada\n   \n    •Atmosf era: limpa, livr e de par tículas condutivas , \n      gases tó xicos , líquidos e inflamáv eis.\nGrau de P roteção: IP -20n   \nn  \nn   \nn   \n   \nn   \nn    \nn  \nn    \n   2000    2,0       620 X 200 X 600        41  \n   3000    3,0       620 X 200 X 600        43\n   5000    5,0       620 X 200 X 600           47\n   7500    7,5       620 X 200 X 600           61\n 10000  10,0       790 X 400 X 775        119\n 15000  15,0       790 X 400 X 775        147Modelo Potência \nkVADimensões Físicas\nalt x lar g x prof \nmmPeso \nkg\n* Opcional\nCM.MK T MAR 22  -   As especificações estão sujeitas a alterações sem pr évio aviso . Nós incentivamos a r eciclagem\nCertificação de \nSustentabilidade A uditadaESPECIFIC AÇÕES  TÉCNIC ASOs Estabilizador es de Tensão M icroprocessados P erfection MI S2 possuem uma tecnolog ia inédita de duplos con versor es estáticos com módulos IGBT s, de última geração . \nTotalmente contr olado por micr oprocessador DSP – Dig ital Sig nal P rocessor , o estabilizador cor rige instantaneamente qualquer var iação de tensão da r ede elétr ica da \nconcessionár ia, além de atenuar distor ção har mônica, var iações de fr equência e distúr bios elétr icos, gerando uma f orma de onda senoidal pura, e f ornecendo uma linha \nestabilizada ex clusiva e isolada para as aplicações sensív eis.\nA tecnolog ia DSP r ealiza medições em True RMS g raças à amostragem dig ital, sem r etardos ou desvios , com alta v elocidade e confiabilidade . Isso sig nifica que podemos \nproduzir sistemas cada v ez menor es e capaz es de r ealizar mais funções , com elevada confiabilidade .']","A presença de um transformador é crucial em cirurgias, pois garante a confiabilidade das condições do isolamento do circuito elétrico. Isso é fundamental para a segurança nas aplicações cirúrgicas, onde a estabilidade e a precisão são essenciais. O isolamento galvânico reforçado e a blindagem eletrostática oferecem uma proteção adicional contra falhas elétricas, garantindo que o sistema funcione de maneira segura e confiável em ambientes sensíveis como cirurgias.","O transformador é imprescindível para a segurança nas aplicações cirúrgicas, pois garante a confiabilidade das condições do isolamento do circuito elétrico. Possui isolamento galvânico reforçado e blindagem eletrostática entre os enrolamentos primário e secundário, o que contribui para a qualidade e confiabilidade do equipamento em ambientes médicos.",0.7428288116188568,0.5340758351384116,0.9363033405536465,0.99999999995,,0.99999999995,0.0,,,1.0
53,Quais os benefícios dos testes remotos de bateria para manutenção e custos?,"['Alta Tecnologia em\nProcessamento Digital\nde Sinais - DSP\nO S M A I S M O D E R N O S\nN O B R E A K S C O R P O R AT I V O SVivemos em um mundo cada vez mais ágil e prático. Um mundo conectado por processadores, chips, softwares e \nperiféricos. Mas isso ainda não é o bastante. Por isso, o mundo caminha para tecnologias de processamento imediato \nde dados. A CM Comandos Lineares está um passo à frente e oferece aos seus clientes produtos dotados de uma \ntecnologia revolucionária, denominada Processamento Digital de Sinais -- DSP .\nToda a linha de No Breaks Innovation S1 Trifásico  \nTransformerless conta com a tecnologia DS P.   \nCaracterística que proporciona alta performance e \nconfiabilidade, tornando-os ideais para aplicações de missão crítica. Ou seja, protegem as aplicações nas quais a \ncontinuidade da operação é de fundamental importância.\ndos equipamentos pode ser atualizado, \nacrescentando novas funções em \nunidades já instaladas. Hoje, esta tecnologia está presente nos mais sofisticados sistemas eletrônicos, devido à sua alta velocidade e \nconfiabilidade. Processadores Digitais de Sinais são capazes de processar dez milhões de amostragens por segundo. \nIsso significa processamento em tempo real -- o sinal é processado no mesmo instante em que é recebido, sem \nretardos ou atrasos.\nProjetados com o uso intenso dos recursos da tecnologia DSP ,  os No Breaks Innovation Trifásico Transformerless  \nagregam novos  e avançados recursos, que estabelecem um novo conceito em desenvolvimento, no qual o firmware \nAo pensar em adquirir No Breaks,     \nconte com as soluções da\nCM Comandos, que asseguram \ntecnologia de ponta, máxima proteção, \nprecisão digital e processamento        \nem tempo real.'
 'Equalização A tiva de Bat erias\nO  QUE  É  ?\nO Equalizer é uma solução revolucionária de Equalização Ativa Individual de Baterias,  desenvolvido e fabricado \nno Brasil, pela CM Comandos. \nCada bateria recebe um Módulo de Bateria, conectado a um controlador, o Master Controller.  O Controller \nsupervisiona a tensão final das baterias e controla os Módulos de Baterias de forma a regular a tensão sobre cada \nbateria, para que todas as baterias sempre apresentem a mesma tensão.\nCada Módulo de Bateria possui um microcontrolador e um módulo ativo que mantêm todas as baterias \nequalizadas. \nA Equalização Ativa faz com que todas as baterias sejam igualmente carregadas com a mesma tensão, \neliminando o efeito negativo de uma bateria sobrecarregar as outras, com excesso de carga ou o inverso, de \nimpedir que as baterias adjacentes sejam carregadas plenamente.\nO Equalizer permite que as  baterias atinjam 100% da sua vida útil, projetada pelos fabricantes. Antes, sem o \nEqualizer, as baterias se deterioravam precocemente e era necessário substituí-las. Dependendo do tipo de \nbateria, a durabilidade pode dobrar,  eliminando substituições  e reduzindo a necessidade de reciclagem.  O \nprocesso de reciclagem consome grandes recursos naturais.\nAlém disso, o sistema impede a queda do sistema por falha de baterias,  enviando alarmes ANTES de ocorrer uma \nfalha do sistema, reduzindo o DOWNTIME e elevando a confiabilidade de todo sistema.\nRede Elétr ica\nde En tradaRetificador\nCarregador\nBanc o de\nBateriasBateria 1\nBateria 2\nBateria 3\nBateria nEqualizer\nEqualizer\nEqualizer\nEqualizerMaster\nController\nCorrente Alt ernada de Entrada\nCabo de Comunicação Cabo de Medição Módulo EqualizerCorr ente ContínuaCOMO FUNCIONA ?\nEqualiz er - Equalização A tiva\nA central contr ola cada módulo , conec tado em \nparalelo com a bat eria e contr ola a t ensão de f orma \nque t odas fiquem iguais . Além disso , monit ora  \nconstant ement e a Resist ência I nterna e a \nTemperatura individualment e de cada bat eria, \narmaz ena os dados para análise e emit e alar mes \nantes de ocor rer a falh a.']","Os testes remotos de bateria podem proporcionar benefícios significativos em termos de manutenção e custos. Além de evitar a necessidade de substituição prematura de baterias, reduzindo assim o impacto ambiental negativo da reciclagem, esses testes também ajudam a identificar problemas potenciais antes que ocorram falhas no sistema, permitindo correções preventivas e minimizando interrupções. Isso pode reduzir custos relacionados a reparos e substituições de baterias, além de evitar perdas de produtividade e downtime associadas a falhas de bateria. Além disso, os testes remotos podem fornecer informações valiosas sobre o desempenho das baterias, permitindo que os profissionais da manutenção tomem decisões informadas para melhorar a eficiência do sistema e estender a vida útil das baterias.","Os testes remotos de bateria permitem a manutenção em condições reais de operação, sem a necessidade de paradas no sistema. Isso otimiza a manutenção em campo, pois a equipe se desloca apenas quando há intervenções corretivas necessárias, reduzindo assim os custos operacionais.",0.5532771845218065,,0.8486051323670687,0.99999999995,0.0,0.49999999995,0.0,,,
54,Qual sistema expande no-breaks para carga total?,"['Medidas de P roteção \nVitais para I nstalações \nElétr icas Hospitalar es\nFUNCIONAMENTO Sistema de Aterrament o IT Médico \nO Sistema IT Médico é um sistema de super visão de falhas de isolação nas instalações elétr icas aplicado em \nconfiguração de aterrament o tipo IT, conf orme previsão da norma NBR 13534:2008 da Anvisa. \nEsta norma visa garantir a manut enção dos equipament os de sustentação à vida, mesmo em caso de \nprimeira falha de isolação elétr ica nos Estabeleciment os Assistenciais a Saúde (EAS). \nA utilização desta proteção é compulsór ia nos ambient es hospitalar es do Grupo 2, nos quais se enquadram \nas Salas Cirúr gicas, UTIs , UTIs Neonatais e Salas de Hemodinâmica. \nA utilização do Sistema IT Médico aumenta a segurança \npara o pacient e e para o corpo clínico ,  pois a interrupção \nno forneciment o de ener gia elétr ica em caso de uma falta é evitada, pois mesmo em um caso de curto- \ncircuito fase t erra, por ex emplo , um equipament o eletr omédico pode ser usado para auxiliar ou substituir , \ntemporar iament e ou permanent ement e  funções vitais de um pacient e. \nAlém disso , ocor re uma redução nas correntes de fuga circulando pelo condut or de proteção , o que diminui \na tensão de contat o e consequent ement e a intensidade de um choque elétr ico acidental .\nO Sistema possui Dispositiv o Super visor de Isolament o (DSI), Dispositiv o Super visor de Temperatura (DST ) e \nDispositiv o Super visor de Corrente (DSC ) que mede a resist ência entre os condut ores de alimentação e o \ncondut or de proteção , sinalizando sonora e visualment e quando essa resist ência decr esce para 50 KΩ. \nCOMPOSIÇ ÃO BÁSIC A  Quadr o de Ener gia Elétrica  - Sistema IT Médico \nO sistema é compost o por: \n• Transf ormador de Separação \n• Dispositiv o Super visor de Isolament o (DSI) \n  Super visor de Temperatura (DST )\n  Super visor de Corrente (DSC ) \n• Dispositiv o Anunciador \n• Montagem em Rack\nOpcionais: \n• Gerador de Sinal BT-4000\n• Localizador Individual de Falha BT-0074/ BT 0078\n• Interface Homem-M áquina (IHM)'
 'Manutenção sem desligar o sistema\nOs testes de bater ia individuais são possív eis \nremotamente , sem o esf orço para desligar as bater ias. \nAs manutenções e as análises  de bater ia podem ser \nrealizadas em condições r eais de operação , sem a \nnecessidade de paradas no sistema.\nOtimiza a manutenção em campo\nA equipe de manutenção se desloca somente quando \nhá inter venções cor retivas e dir etas na bater ia que \napresentar def eito na ocor rência de alar mes ou na \nanálise de diag nóstico e , é clar o, reduz enor mes custos \noperacionais .\nOSD  N LI A NM EO AC R EM SCISO\n90012015\nAv. Eng . Alber to de Zagottis , 760 - 04675-085 -  São P aulo - SP\nTel.: (11) 5696-5000 \nwww.cmcomandos .com.br\nSistema de \nSustentabilidade A uditado\nCM MK T FEV 2022 - As especificações estão sujeitas a alterações sem pr évio aviso . Nós incentivamos a r eciclagemESPECIFICAÇÕES  TÉCNICAS\nCabos de Medição\nPara medição de impedância dos módulos Equaliz er \nMódulos M12 - 12VDC ( Terminais M6,  M8 e M10) \nCabos de C omunicação\nCabos para comunicação entre os módulos Equaliz er (025m \na 10m)Master C ontr oller \nContr ola os módulos de bater ias e f ornece a inter face para ger enciamento r emoto .\nHar dware:  \nProcessador:   ARM Cor tex A7 696 MH z • 512 MB memór ia RAM e 8GB F lash.\nMemória:   Flash ar maz ena até 12 meses conf orme quantidade de bater ias.\nCapacidade:   até 256 str ings de bater ias\nCada string:    até 256 módulos Equaliz er por str ing\nCapacidade total:   até 65.536 módulos Equaliz er\nRTC:  Relóg io em Tempo Real e Watchdog inter no\n Inter faces:  \n    •1 Porta RJ11 - Comunicação   \n    •1 Porta RJ45 10/100 Mbit - Ether net \n Dimensões:   28 x 97 x 111 mm - 180 g\no\nAmbiente:   abrigado , IP-20, 0 a 60 C, umidade r elativa de 20% a 90% não condensante .\nAlimentação:   5 VDC, estabilizada.']",O sistema que expande no-breaks para carga total é o Sistema IT Médico.,"O sistema que expande no-breaks para carga total é o Sistema Paralelo Multi Ativo, que permite a expansão do sistema de acordo com a demanda de consumo, possibilitando a ligação de quantas unidades forem necessárias para atender a carga total.",0.6233241413269557,0.7236053808002476,0.8944215232009907,0.9999999999,1.0,0.99999999995,0.0,,,0.8
55,Como a correção de variações extremas protege equipamentos?,"['Equalização A tiva de Bat erias\nO  QUE  É  ?\nO Equalizer é uma solução revolucionária de Equalização Ativa Individual de Baterias,  desenvolvido e fabricado \nno Brasil, pela CM Comandos. \nCada bateria recebe um Módulo de Bateria, conectado a um controlador, o Master Controller.  O Controller \nsupervisiona a tensão final das baterias e controla os Módulos de Baterias de forma a regular a tensão sobre cada \nbateria, para que todas as baterias sempre apresentem a mesma tensão.\nCada Módulo de Bateria possui um microcontrolador e um módulo ativo que mantêm todas as baterias \nequalizadas. \nA Equalização Ativa faz com que todas as baterias sejam igualmente carregadas com a mesma tensão, \neliminando o efeito negativo de uma bateria sobrecarregar as outras, com excesso de carga ou o inverso, de \nimpedir que as baterias adjacentes sejam carregadas plenamente.\nO Equalizer permite que as  baterias atinjam 100% da sua vida útil, projetada pelos fabricantes. Antes, sem o \nEqualizer, as baterias se deterioravam precocemente e era necessário substituí-las. Dependendo do tipo de \nbateria, a durabilidade pode dobrar,  eliminando substituições  e reduzindo a necessidade de reciclagem.  O \nprocesso de reciclagem consome grandes recursos naturais.\nAlém disso, o sistema impede a queda do sistema por falha de baterias,  enviando alarmes ANTES de ocorrer uma \nfalha do sistema, reduzindo o DOWNTIME e elevando a confiabilidade de todo sistema.\nRede Elétr ica\nde En tradaRetificador\nCarregador\nBanc o de\nBateriasBateria 1\nBateria 2\nBateria 3\nBateria nEqualizer\nEqualizer\nEqualizer\nEqualizerMaster\nController\nCorrente Alt ernada de Entrada\nCabo de Comunicação Cabo de Medição Módulo EqualizerCorr ente ContínuaCOMO FUNCIONA ?\nEqualiz er - Equalização A tiva\nA central contr ola cada módulo , conec tado em \nparalelo com a bat eria e contr ola a t ensão de f orma \nque t odas fiquem iguais . Além disso , monit ora  \nconstant ement e a Resist ência I nterna e a \nTemperatura individualment e de cada bat eria, \narmaz ena os dados para análise e emit e alar mes \nantes de ocor rer a falh a.'
 'monobloco\n   \n    •Painel F rontal: em ABS de alta r esistência\n  \n    • A cabamento: pintura epó xi-pó na cor g rafite\n       com tratamento tér mico e anti- corrosivo\nTransf ormador Isolador : com blindagem\n    eletr ostátican  \nn  \nn   Alarmes\nContr olados pelo pr ocessador DSP\nTipos de Alarmes:\n   \n    •Sonor os: \n       »  A utocheck I nicialização\n       »  Tensão da Rede F ora da F aixa\n       »  Sobr ecar ga de Saída\n       »  F alha I nterna do Estabilizador\n       »  F reqüência da Rede F ora de F aixa\n   \n     •Sinalização: L eds de Status do P ainel\n       »  Rede Nor mal\n       »  Saída Nor mal\n       »  F alhan   \nn   Características de Oper ação\nRuído A udív el: 55 dBA a 60 dBA a 1 metr o\n MTBF (M ean Time Bet ween F ailur es): 50 mil horas\nMTTR (M ean Time To Repair): 30 minutos\nTemperatura Ambiente: \n   \n•Mínimo: 0ºC / M áximo 40ºC\n   \n    •Recomendada: 20ºC a 25ºC\nUmidade Relativa:\n   \n    •0% a 95% sem condensação\n   \n    •Recomendada: 45% a 55%\nAltitude: até 1.800m\n Tipo de Ambiente Recomendado:\n   \n    •Interno, instalação abr igada\n   \n    •Atmosf era: limpa, livr e de par tículas condutivas , \n      gases tó xicos , líquidos e inflamáv eis.\nGrau de P roteção: IP -20n   \nn  \nn   \nn   \n   \nn   \nn    \nn  \nn    \n   2000    2,0       620 X 200 X 600        41  \n   3000    3,0       620 X 200 X 600        43\n   5000    5,0       620 X 200 X 600           47\n   7500    7,5       620 X 200 X 600           61\n 10000  10,0       790 X 400 X 775        119\n 15000  15,0       790 X 400 X 775        147Modelo Potência \nkVADimensões Físicas\nalt x lar g x prof \nmmPeso \nkg\n* Opcional\nCM.MK T MAR 22  -   As especificações estão sujeitas a alterações sem pr évio aviso . Nós incentivamos a r eciclagem\nCertificação de \nSustentabilidade A uditadaESPECIFIC AÇÕES  TÉCNIC ASOs Estabilizador es de Tensão M icroprocessados P erfection MI S2 possuem uma tecnolog ia inédita de duplos con versor es estáticos com módulos IGBT s, de última geração . \nTotalmente contr olado por micr oprocessador DSP – Dig ital Sig nal P rocessor , o estabilizador cor rige instantaneamente qualquer var iação de tensão da r ede elétr ica da \nconcessionár ia, além de atenuar distor ção har mônica, var iações de fr equência e distúr bios elétr icos, gerando uma f orma de onda senoidal pura, e f ornecendo uma linha \nestabilizada ex clusiva e isolada para as aplicações sensív eis.\nA tecnolog ia DSP r ealiza medições em True RMS g raças à amostragem dig ital, sem r etardos ou desvios , com alta v elocidade e confiabilidade . Isso sig nifica que podemos \nproduzir sistemas cada v ez menor es e capaz es de r ealizar mais funções , com elevada confiabilidade .']","A correção de variações extremas é uma função crítica em sistemas que operam com tensões altas ou sujeitos a oscilações. A tecnologia utilizada na Equalização Ativa Individual de Baterias, por exemplo, ajuda a regular as tensões das baterias para evitar sobrecarregamento ou subentrega, o que pode causar danos irreversíveis.

Essa correção protege os equipamentos em várias maneiras. Primeiramente, evita a sobrecarga das baterias, que pode causar uma redução rápida de sua vida útil e, consequentemente, de suas capacidades de funcionamento. Em segundo lugar, ajuda a prevenir a perda de estabilidade no sistema, o que pode levar a falhas inesperadas ou até mesmo explosões.

Além disso, a correção de variações extremas também ajuda a prolongar a vida útil dos equipamentos por reduzir os efeitos da temperatura excessiva, do desgaste eletroquímico e das oscilações, que podem causar danos irreversíveis nos componentes. Isso resulta em uma melhoria significativa na confiabilidade e na eficiência dos sistemas.","A correção de variações extremas protege equipamentos sensíveis que geram picos de alta corrente, garantindo que eles recebam energia estabilizada e proteção adequada.",0.6460473607159612,0.49696634106488313,0.7878653642595325,0.99999999995,1.0,,0.0,,,0.8333333333333334
56,Como o Modbus RS485 ajuda no monitoramento do isolamento no DSI do transformador?,"['Equalização A tiva de Bat erias\nO  QUE  É  ?\nO Equalizer é uma solução revolucionária de Equalização Ativa Individual de Baterias,  desenvolvido e fabricado \nno Brasil, pela CM Comandos. \nCada bateria recebe um Módulo de Bateria, conectado a um controlador, o Master Controller.  O Controller \nsupervisiona a tensão final das baterias e controla os Módulos de Baterias de forma a regular a tensão sobre cada \nbateria, para que todas as baterias sempre apresentem a mesma tensão.\nCada Módulo de Bateria possui um microcontrolador e um módulo ativo que mantêm todas as baterias \nequalizadas. \nA Equalização Ativa faz com que todas as baterias sejam igualmente carregadas com a mesma tensão, \neliminando o efeito negativo de uma bateria sobrecarregar as outras, com excesso de carga ou o inverso, de \nimpedir que as baterias adjacentes sejam carregadas plenamente.\nO Equalizer permite que as  baterias atinjam 100% da sua vida útil, projetada pelos fabricantes. Antes, sem o \nEqualizer, as baterias se deterioravam precocemente e era necessário substituí-las. Dependendo do tipo de \nbateria, a durabilidade pode dobrar,  eliminando substituições  e reduzindo a necessidade de reciclagem.  O \nprocesso de reciclagem consome grandes recursos naturais.\nAlém disso, o sistema impede a queda do sistema por falha de baterias,  enviando alarmes ANTES de ocorrer uma \nfalha do sistema, reduzindo o DOWNTIME e elevando a confiabilidade de todo sistema.\nRede Elétr ica\nde En tradaRetificador\nCarregador\nBanc o de\nBateriasBateria 1\nBateria 2\nBateria 3\nBateria nEqualizer\nEqualizer\nEqualizer\nEqualizerMaster\nController\nCorrente Alt ernada de Entrada\nCabo de Comunicação Cabo de Medição Módulo EqualizerCorr ente ContínuaCOMO FUNCIONA ?\nEqualiz er - Equalização A tiva\nA central contr ola cada módulo , conec tado em \nparalelo com a bat eria e contr ola a t ensão de f orma \nque t odas fiquem iguais . Além disso , monit ora  \nconstant ement e a Resist ência I nterna e a \nTemperatura individualment e de cada bat eria, \narmaz ena os dados para análise e emit e alar mes \nantes de ocor rer a falh a.'
 'ESPECIFICAÇÕES TÉCNICAS \nEntrada\nn Tensão: \n    •  3kVA \n100/110/115/120/127 VAC 120V (standard) ou  \n200/208/220/230/240 VAC 220V (standard) \n    •  6kVA / 10kVA\n 200/208/220/230/240 VAC 220V (standard)\nn Variação Admissível:\n   •   3kVA \n55-150 VAC ou 110-300 VAC @ 50% de Carga\n80-150 VAC ou 160-300 VAC @ 100% de Carga\n   •   6kVA / 10kVA \n110-300 VAC @ 50% de Carga\n176-300 VAC @ 100% de Carga \nn Freqüência: 50/60 Hz                           \nn Variação de Freqüência Admissível:   \n    •    3kVA  \n40-70Hz\n    •    6kVA / 10 kVA \n46-54Hz @50Hz e 56-64Hz @60Hz\nn  Configuração:\nMonofásica \nn Fator de Potência:\n≥ 0.99 Tensão nominal (100% de Carga)\nn Distorção Harmônica THDi:\n    •    3kVA\n ≤ 5% @ Tensão de Entrada nominal\n    •    6kVA / 10kVA\n<4% @100% de Carga, <6% @50% de Carga\nSaída\nnTensão: \n    •   3kVA \n100/110/115/120/127 VAC 115V (standard) ou \n200/208/220/230/240 VAC 220V (standard) \n    •   6kVA / 10kVA \n200/208/220/230/240 VAC 220V (standard) \nn Fator de Potência:  1,0\nn Regulação Estática:   ± 1% nominal modo \nbateria\nn Freqüência:   50 / 60 Hz \nn Variação de Freqüência: \n± 0,1Hz em modo bateria\nn Sincronismo com a Rede:   Sim\nn Configuração:   \n Monofásica f+n+t \nn Forma de Onda:   Onda senoidal pura\nn Distorção Harmônica THD:  \n •   3kVA \n    ≤ 2% carga linear \n    ≤ 4% carga não-linear \n •   6kVA / 10kVA \n    ≤ 1% carga linear \n    ≤ 4% carga não-linearBaterias\nn  Composição:  \n    •    72  VDC - 3,0 kVA \n    •     240 VDC - 6,0 kVA \n    •     240 VDC - 10,0 kVA \nn  Sistema de Recarga: \ncontrolado, automático\nn Tempo de Recarga:  \n8 a 10 horas para 90% da carga\nn Tipo: \nseladas, isentas de manutenção\nn  Paralelismo Redundante (N+1) \n»  Disponível nas potências de 6 e 10kVA\nn By-pass estático (inteligente):  \nO termo inteligente aplica-se, visto que a linha \nComposition XV  possui desligamento da saída da \nchave estática em condições que, a tensão da rede \napresenta variações fora da faixa de trabalho, prote -\ngendo a carga contra sub ou sobre tensão mesmo \nna condição de by-pass estático.']",Infelizmente não há informações disponíveis que indiquem o Modbus RS485 é usado em uma aplicação de monitoramento de isolamento no DSI do transformador.,"O Modbus RS485 permite a comunicação do módulo DSI, que realiza o monitoramento contínuo do isolamento da rede elétrica. Através dessa comunicação, o DSI pode injetar sinais entre a linha de alimentação do dispositivo e o aterramento, possibilitando a supervisão e a emissão de alarmes em caso de falhas.",0.7219908814500241,0.5096102909574272,0.8384411638297082,0.99999999995,1.0,0.0,0.0,,,1.0
57,Como a Equalização Ativa das baterias ajuda a evitar sulfatação e otimizar a capacidade?,"['Equalização A tiva de Bat erias\nO  QUE  É  ?\nO Equalizer é uma solução revolucionária de Equalização Ativa Individual de Baterias,  desenvolvido e fabricado \nno Brasil, pela CM Comandos. \nCada bateria recebe um Módulo de Bateria, conectado a um controlador, o Master Controller.  O Controller \nsupervisiona a tensão final das baterias e controla os Módulos de Baterias de forma a regular a tensão sobre cada \nbateria, para que todas as baterias sempre apresentem a mesma tensão.\nCada Módulo de Bateria possui um microcontrolador e um módulo ativo que mantêm todas as baterias \nequalizadas. \nA Equalização Ativa faz com que todas as baterias sejam igualmente carregadas com a mesma tensão, \neliminando o efeito negativo de uma bateria sobrecarregar as outras, com excesso de carga ou o inverso, de \nimpedir que as baterias adjacentes sejam carregadas plenamente.\nO Equalizer permite que as  baterias atinjam 100% da sua vida útil, projetada pelos fabricantes. Antes, sem o \nEqualizer, as baterias se deterioravam precocemente e era necessário substituí-las. Dependendo do tipo de \nbateria, a durabilidade pode dobrar,  eliminando substituições  e reduzindo a necessidade de reciclagem.  O \nprocesso de reciclagem consome grandes recursos naturais.\nAlém disso, o sistema impede a queda do sistema por falha de baterias,  enviando alarmes ANTES de ocorrer uma \nfalha do sistema, reduzindo o DOWNTIME e elevando a confiabilidade de todo sistema.\nRede Elétr ica\nde En tradaRetificador\nCarregador\nBanc o de\nBateriasBateria 1\nBateria 2\nBateria 3\nBateria nEqualizer\nEqualizer\nEqualizer\nEqualizerMaster\nController\nCorrente Alt ernada de Entrada\nCabo de Comunicação Cabo de Medição Módulo EqualizerCorr ente ContínuaCOMO FUNCIONA ?\nEqualiz er - Equalização A tiva\nA central contr ola cada módulo , conec tado em \nparalelo com a bat eria e contr ola a t ensão de f orma \nque t odas fiquem iguais . Além disso , monit ora  \nconstant ement e a Resist ência I nterna e a \nTemperatura individualment e de cada bat eria, \narmaz ena os dados para análise e emit e alar mes \nantes de ocor rer a falh a.'
 'ESPECIFICAÇÕES TÉCNICAS \nEntrada\nn Tensão: \n    •  3kVA \n100/110/115/120/127 VAC 120V (standard) ou  \n200/208/220/230/240 VAC 220V (standard) \n    •  6kVA / 10kVA\n 200/208/220/230/240 VAC 220V (standard)\nn Variação Admissível:\n   •   3kVA \n55-150 VAC ou 110-300 VAC @ 50% de Carga\n80-150 VAC ou 160-300 VAC @ 100% de Carga\n   •   6kVA / 10kVA \n110-300 VAC @ 50% de Carga\n176-300 VAC @ 100% de Carga \nn Freqüência: 50/60 Hz                           \nn Variação de Freqüência Admissível:   \n    •    3kVA  \n40-70Hz\n    •    6kVA / 10 kVA \n46-54Hz @50Hz e 56-64Hz @60Hz\nn  Configuração:\nMonofásica \nn Fator de Potência:\n≥ 0.99 Tensão nominal (100% de Carga)\nn Distorção Harmônica THDi:\n    •    3kVA\n ≤ 5% @ Tensão de Entrada nominal\n    •    6kVA / 10kVA\n<4% @100% de Carga, <6% @50% de Carga\nSaída\nnTensão: \n    •   3kVA \n100/110/115/120/127 VAC 115V (standard) ou \n200/208/220/230/240 VAC 220V (standard) \n    •   6kVA / 10kVA \n200/208/220/230/240 VAC 220V (standard) \nn Fator de Potência:  1,0\nn Regulação Estática:   ± 1% nominal modo \nbateria\nn Freqüência:   50 / 60 Hz \nn Variação de Freqüência: \n± 0,1Hz em modo bateria\nn Sincronismo com a Rede:   Sim\nn Configuração:   \n Monofásica f+n+t \nn Forma de Onda:   Onda senoidal pura\nn Distorção Harmônica THD:  \n •   3kVA \n    ≤ 2% carga linear \n    ≤ 4% carga não-linear \n •   6kVA / 10kVA \n    ≤ 1% carga linear \n    ≤ 4% carga não-linearBaterias\nn  Composição:  \n    •    72  VDC - 3,0 kVA \n    •     240 VDC - 6,0 kVA \n    •     240 VDC - 10,0 kVA \nn  Sistema de Recarga: \ncontrolado, automático\nn Tempo de Recarga:  \n8 a 10 horas para 90% da carga\nn Tipo: \nseladas, isentas de manutenção\nn  Paralelismo Redundante (N+1) \n»  Disponível nas potências de 6 e 10kVA\nn By-pass estático (inteligente):  \nO termo inteligente aplica-se, visto que a linha \nComposition XV  possui desligamento da saída da \nchave estática em condições que, a tensão da rede \napresenta variações fora da faixa de trabalho, prote -\ngendo a carga contra sub ou sobre tensão mesmo \nna condição de by-pass estático.']","A Equalização Ativa das baterias ajuda a evitar a sulfatação e otimizar a capacidade garantindo que todas as baterias sejam carregadas com a mesma tensão. Isso é feito porque, quando as baterias são carregadas de forma igualitária, elas não sobrecarregam ou sobrecarregam mutuamente, o que reduz o impacto da sulfatação. Além disso, a Equalização Ativa ajuda a prolongar a vida útil das baterias, permitindo que elas atinjam até 100% de sua capacidade de vida projetada.","A Equalização Ativa das baterias ajuda a evitar a sulfatação impedindo que as baterias recebam menor tensão do que deveriam, o que evita a perda de capacidade. Além disso, garante que todas as baterias mantenham uma tensão equilibrada, o que otimiza a capacidade e assegura a plena recarga.",0.6948272752751656,0.4528150246846542,0.9541172415957595,0.99999999995,0.6666666666666666,0.99999999995,0.0,,,1.0
58,Como a liderança da CM Comandos em No-Breaks e seu suporte técnico afetam a confiabilidade em aplicações críticas?,"['Alta Tecnologia em\nProcessamento Digital\nde Sinais - DSP\nO S M A I S M O D E R N O S\nN O B R E A K S C O R P O R AT I V O SVivemos em um mundo cada vez mais ágil e prático. Um mundo conectado por processadores, chips, softwares e \nperiféricos. Mas isso ainda não é o bastante. Por isso, o mundo caminha para tecnologias de processamento imediato \nde dados. A CM Comandos Lineares está um passo à frente e oferece aos seus clientes produtos dotados de uma \ntecnologia revolucionária, denominada Processamento Digital de Sinais -- DSP .\nToda a linha de No Breaks Innovation S1 Trifásico  \nTransformerless conta com a tecnologia DS P.   \nCaracterística que proporciona alta performance e \nconfiabilidade, tornando-os ideais para aplicações de missão crítica. Ou seja, protegem as aplicações nas quais a \ncontinuidade da operação é de fundamental importância.\ndos equipamentos pode ser atualizado, \nacrescentando novas funções em \nunidades já instaladas. Hoje, esta tecnologia está presente nos mais sofisticados sistemas eletrônicos, devido à sua alta velocidade e \nconfiabilidade. Processadores Digitais de Sinais são capazes de processar dez milhões de amostragens por segundo. \nIsso significa processamento em tempo real -- o sinal é processado no mesmo instante em que é recebido, sem \nretardos ou atrasos.\nProjetados com o uso intenso dos recursos da tecnologia DSP ,  os No Breaks Innovation Trifásico Transformerless  \nagregam novos  e avançados recursos, que estabelecem um novo conceito em desenvolvimento, no qual o firmware \nAo pensar em adquirir No Breaks,     \nconte com as soluções da\nCM Comandos, que asseguram \ntecnologia de ponta, máxima proteção, \nprecisão digital e processamento        \nem tempo real.'
 'Caso ocor ram nív eis maior es do que o nor mal,  o dispositiv o de super visão imediatament e atua, emitindo um sinal de alar me, para a int ervenção \ndas equipes de manut enção . \nO módulo DSI possui um micr oprocessador int erno, comunicação M odbus via RS485 e é pr ojetado dentr o dos cr itérios tecnológ icos mais \navançados ,  sendo pr eciso , segur o e confiá vel, carac terísticas exig idas pelas  aplicações médico -hospitalar es.   \nCARACTERÍSTIC AS TÉCNIC AS \n• \nde 0...999kΩ com r esolução de 1kΩ  \n• Monitorament o de t emperatura do enr olament o secundár io do \ntransf ormador de separação ( T1)  \n• Disponibilidade de utilização de um contat o programá vel para \nsinalização à distância, em caso de falhas int ernas do dispositiv o, \nbaixo nív el de isolament o, medição de elevados valor es de \ntemperatura e de alcance do ajust e de máxima cor rente·\n• Teste de aut o-diag nóstico para ev entuais falhas int ernas do \ndispositiv o, verificação da conexão com a r ede e contr ole de \nfuncionament o\n• Injeção no cir cuito de sinais de contr ole codificados , que não são \ninfluenciados pelos component es de tipo contínuo , emitidos por \ndispositiv os elétr icos de uso médico\n• Saída ser ial RS485 para comunicação MODBUS R TUPossibilidade de escolha de um valor pr eciso de isolament o de r ede Tensão S ecundária :  \nAté 250 V\n Tensão de C urto-cir cuito:\n    3%\nCorrente a Vazio:\n    3% x I n\nConexão Elétrica:  \nPor meio de t erminais\nFixação:  \nPor meio de base metálica/ \nrodízios \nDIMENSÕES TRANSFORMADOR DE SEP ARAÇÃO  Transf ormador de Separação - Gabinete Simples  \nTensão de alimentação: 110V / 230V - 60H z\nTensão máxima de medição: 24V\nTensão da r ede c ontr olador a:  24 a 230V AC\nTensão  de Isolament o: 2,5 kV em 1 minut o \nCorrente máxima de medição: 1mA\nDispositivo Super visor de Isolamento (DSI)\n     3,0   600 X 440 X 400    50\n     5,0       600 X 440 X 400    50\n     7,5       600 X 440 X 400         70\n10,0      600 X 440 X 400    90\n  Potência\nkVAPeso \nkgGabinete simples\nDimensões Físicas\nalt x lar g x prof \nmmO Transformador de Separação é projetado pela CM \nComandos, especificamente para o suprimento de energia de \nsistema médico.\nPossui isolação galvânica reforçada, blindagem eletrostática \nentre enrolamentos primário e secundár io, conectados a um \nterminal própr io e com caracter ísticas elétricas e mecânicas que \ngarantem sua qualidade e confiabilidade.\nPossui sensores de temperatura do tipo PT-100 os quais são \nconectados ao módulo DST para super visão de temperatura.\nO transformador garante a confiabilidade das condições do \nisolamento do circuito elétrico sendo imprescindível para a \nsegurança nas aplicações cirúrgicas.']","A liderança da CM Comandos em no-breaks e seu suporte técnico são fundamentais para garantir a confiabilidade em aplicações críticas. A empresa oferece uma tecnologia revolucionária que proporciona alta performance e confiabilidade, tornando seus produtos ideais para aplicações de missão crítica.

O suporte técnico da CM Comandos é essencial para garantir que os no-breaks estejam funcionando corretamente em ambientes críticos. Eles fornecem soluções personalizadas para atender às necessidades específicas das empresas, garantindo a tecnologia de ponta e a máxima proteção.

Além disso, a liderança da CM Comandos trabalha estreitamente com seus clientes para entender suas necessidades e desafios, fornecendo soluções inovadoras e personalizadas que atendem às suas necessidades específicas. Isso permite que as empresas sejam mais eficientes e confiantes em suas operações críticas.

Em resumo, a liderança da CM Comandos e seu suporte técnico são fundamentais para garantir a confiabilidade em aplicações críticas, fornecendo soluções inovadoras, personalizadas e de alta qualidade que atendem às necessidades específicas das empresas.","A liderança da CM Comandos em No-Breaks, juntamente com seu suporte técnico, afeta a confiabilidade em aplicações críticas ao oferecer produtos que operam com maior precisão e agregam um maior número de funções, resultando em alta confiabilidade e produtividade. Além disso, a empresa garante um suporte técnico de excelência, com profissionais altamente qualificados e atendimento 24 horas, o que minimiza falhas e custos de manutenção, assegurando a satisfação dos clientes.",0.7485594420424314,0.4717883447600153,0.8871533790400612,0.99999999995,0.5,0.49999999995,0.07692307686390532,,,0.8571428571428571
59,O que garante alta performance e proteção em tempo real nos No-Breaks Dominion SP1?,"['monobloco\n   \n    •Painel F rontal: em ABS de alta r esistência\n  \n    • A cabamento: pintura epó xi-pó na cor g rafite\n       com tratamento tér mico e anti- corrosivo\nTransf ormador Isolador : com blindagem\n    eletr ostátican  \nn  \nn   Alarmes\nContr olados pelo pr ocessador DSP\nTipos de Alarmes:\n   \n    •Sonor os: \n       »  A utocheck I nicialização\n       »  Tensão da Rede F ora da F aixa\n       »  Sobr ecar ga de Saída\n       »  F alha I nterna do Estabilizador\n       »  F reqüência da Rede F ora de F aixa\n   \n     •Sinalização: L eds de Status do P ainel\n       »  Rede Nor mal\n       »  Saída Nor mal\n       »  F alhan   \nn   Características de Oper ação\nRuído A udív el: 55 dBA a 60 dBA a 1 metr o\n MTBF (M ean Time Bet ween F ailur es): 50 mil horas\nMTTR (M ean Time To Repair): 30 minutos\nTemperatura Ambiente: \n   \n•Mínimo: 0ºC / M áximo 40ºC\n   \n    •Recomendada: 20ºC a 25ºC\nUmidade Relativa:\n   \n    •0% a 95% sem condensação\n   \n    •Recomendada: 45% a 55%\nAltitude: até 1.800m\n Tipo de Ambiente Recomendado:\n   \n    •Interno, instalação abr igada\n   \n    •Atmosf era: limpa, livr e de par tículas condutivas , \n      gases tó xicos , líquidos e inflamáv eis.\nGrau de P roteção: IP -20n   \nn  \nn   \nn   \n   \nn   \nn    \nn  \nn    \n   2000    2,0       620 X 200 X 600        41  \n   3000    3,0       620 X 200 X 600        43\n   5000    5,0       620 X 200 X 600           47\n   7500    7,5       620 X 200 X 600           61\n 10000  10,0       790 X 400 X 775        119\n 15000  15,0       790 X 400 X 775        147Modelo Potência \nkVADimensões Físicas\nalt x lar g x prof \nmmPeso \nkg\n* Opcional\nCM.MK T MAR 22  -   As especificações estão sujeitas a alterações sem pr évio aviso . Nós incentivamos a r eciclagem\nCertificação de \nSustentabilidade A uditadaESPECIFIC AÇÕES  TÉCNIC ASOs Estabilizador es de Tensão M icroprocessados P erfection MI S2 possuem uma tecnolog ia inédita de duplos con versor es estáticos com módulos IGBT s, de última geração . \nTotalmente contr olado por micr oprocessador DSP – Dig ital Sig nal P rocessor , o estabilizador cor rige instantaneamente qualquer var iação de tensão da r ede elétr ica da \nconcessionár ia, além de atenuar distor ção har mônica, var iações de fr equência e distúr bios elétr icos, gerando uma f orma de onda senoidal pura, e f ornecendo uma linha \nestabilizada ex clusiva e isolada para as aplicações sensív eis.\nA tecnolog ia DSP r ealiza medições em True RMS g raças à amostragem dig ital, sem r etardos ou desvios , com alta v elocidade e confiabilidade . Isso sig nifica que podemos \nproduzir sistemas cada v ez menor es e capaz es de r ealizar mais funções , com elevada confiabilidade .'
 'Alta Tecnologia em\nProcessamento Digital\nde Sinais - DSP\nO S M A I S M O D E R N O S\nN O B R E A K S C O R P O R AT I V O SVivemos em um mundo cada vez mais ágil e prático. Um mundo conectado por processadores, chips, softwares e \nperiféricos. Mas isso ainda não é o bastante. Por isso, o mundo caminha para tecnologias de processamento imediato \nde dados. A CM Comandos Lineares está um passo à frente e oferece aos seus clientes produtos dotados de uma \ntecnologia revolucionária, denominada Processamento Digital de Sinais -- DSP .\nToda a linha de No Breaks Innovation S1 Trifásico  \nTransformerless conta com a tecnologia DS P.   \nCaracterística que proporciona alta performance e \nconfiabilidade, tornando-os ideais para aplicações de missão crítica. Ou seja, protegem as aplicações nas quais a \ncontinuidade da operação é de fundamental importância.\ndos equipamentos pode ser atualizado, \nacrescentando novas funções em \nunidades já instaladas. Hoje, esta tecnologia está presente nos mais sofisticados sistemas eletrônicos, devido à sua alta velocidade e \nconfiabilidade. Processadores Digitais de Sinais são capazes de processar dez milhões de amostragens por segundo. \nIsso significa processamento em tempo real -- o sinal é processado no mesmo instante em que é recebido, sem \nretardos ou atrasos.\nProjetados com o uso intenso dos recursos da tecnologia DSP ,  os No Breaks Innovation Trifásico Transformerless  \nagregam novos  e avançados recursos, que estabelecem um novo conceito em desenvolvimento, no qual o firmware \nAo pensar em adquirir No Breaks,     \nconte com as soluções da\nCM Comandos, que asseguram \ntecnologia de ponta, máxima proteção, \nprecisão digital e processamento        \nem tempo real.']","A tecnologia de Processamento Digital de Sinais (DSP) é fundamental para garantir a alta performance e proteção em tempo real nos No-Breaks Dominion SP1. Essa tecnologia permite processar grandes quantidades de dados em tempo real, sem retardos ou atrasos, o que é essencial para aplicações críticas onde a continuidade da operação é fundamental. Além disso, a tecnologia DSP também fornece uma proteção avançada contra distorções e variações de tensão, garantindo uma estabilidade e precisão digital de alta qualidade.","A alta performance e proteção em tempo real nos No-Breaks Dominion SP1 são garantidas pela tecnologia de Processamento Digital de Sinais (DSP), que proporciona confiabilidade e a capacidade de processar sinais em tempo real, sem retardos ou atrasos.",0.9368513641535869,0.37569982628192045,0.9027993051276816,,1.0,0.99999999995,0.0,,,
60,Qual sistema garante energia contínua em caso de problemas?,"['ESPECIFICAÇÕES TÉCNICAS \nEntrada\nn Tensão: \n    •  3kVA \n100/110/115/120/127 VAC 120V (standard) ou  \n200/208/220/230/240 VAC 220V (standard) \n    •  6kVA / 10kVA\n 200/208/220/230/240 VAC 220V (standard)\nn Variação Admissível:\n   •   3kVA \n55-150 VAC ou 110-300 VAC @ 50% de Carga\n80-150 VAC ou 160-300 VAC @ 100% de Carga\n   •   6kVA / 10kVA \n110-300 VAC @ 50% de Carga\n176-300 VAC @ 100% de Carga \nn Freqüência: 50/60 Hz                           \nn Variação de Freqüência Admissível:   \n    •    3kVA  \n40-70Hz\n    •    6kVA / 10 kVA \n46-54Hz @50Hz e 56-64Hz @60Hz\nn  Configuração:\nMonofásica \nn Fator de Potência:\n≥ 0.99 Tensão nominal (100% de Carga)\nn Distorção Harmônica THDi:\n    •    3kVA\n ≤ 5% @ Tensão de Entrada nominal\n    •    6kVA / 10kVA\n<4% @100% de Carga, <6% @50% de Carga\nSaída\nnTensão: \n    •   3kVA \n100/110/115/120/127 VAC 115V (standard) ou \n200/208/220/230/240 VAC 220V (standard) \n    •   6kVA / 10kVA \n200/208/220/230/240 VAC 220V (standard) \nn Fator de Potência:  1,0\nn Regulação Estática:   ± 1% nominal modo \nbateria\nn Freqüência:   50 / 60 Hz \nn Variação de Freqüência: \n± 0,1Hz em modo bateria\nn Sincronismo com a Rede:   Sim\nn Configuração:   \n Monofásica f+n+t \nn Forma de Onda:   Onda senoidal pura\nn Distorção Harmônica THD:  \n •   3kVA \n    ≤ 2% carga linear \n    ≤ 4% carga não-linear \n •   6kVA / 10kVA \n    ≤ 1% carga linear \n    ≤ 4% carga não-linearBaterias\nn  Composição:  \n    •    72  VDC - 3,0 kVA \n    •     240 VDC - 6,0 kVA \n    •     240 VDC - 10,0 kVA \nn  Sistema de Recarga: \ncontrolado, automático\nn Tempo de Recarga:  \n8 a 10 horas para 90% da carga\nn Tipo: \nseladas, isentas de manutenção\nn  Paralelismo Redundante (N+1) \n»  Disponível nas potências de 6 e 10kVA\nn By-pass estático (inteligente):  \nO termo inteligente aplica-se, visto que a linha \nComposition XV  possui desligamento da saída da \nchave estática em condições que, a tensão da rede \napresenta variações fora da faixa de trabalho, prote -\ngendo a carga contra sub ou sobre tensão mesmo \nna condição de by-pass estático.'
 'Equalização A tiva de Bat erias\nO  QUE  É  ?\nO Equalizer é uma solução revolucionária de Equalização Ativa Individual de Baterias,  desenvolvido e fabricado \nno Brasil, pela CM Comandos. \nCada bateria recebe um Módulo de Bateria, conectado a um controlador, o Master Controller.  O Controller \nsupervisiona a tensão final das baterias e controla os Módulos de Baterias de forma a regular a tensão sobre cada \nbateria, para que todas as baterias sempre apresentem a mesma tensão.\nCada Módulo de Bateria possui um microcontrolador e um módulo ativo que mantêm todas as baterias \nequalizadas. \nA Equalização Ativa faz com que todas as baterias sejam igualmente carregadas com a mesma tensão, \neliminando o efeito negativo de uma bateria sobrecarregar as outras, com excesso de carga ou o inverso, de \nimpedir que as baterias adjacentes sejam carregadas plenamente.\nO Equalizer permite que as  baterias atinjam 100% da sua vida útil, projetada pelos fabricantes. Antes, sem o \nEqualizer, as baterias se deterioravam precocemente e era necessário substituí-las. Dependendo do tipo de \nbateria, a durabilidade pode dobrar,  eliminando substituições  e reduzindo a necessidade de reciclagem.  O \nprocesso de reciclagem consome grandes recursos naturais.\nAlém disso, o sistema impede a queda do sistema por falha de baterias,  enviando alarmes ANTES de ocorrer uma \nfalha do sistema, reduzindo o DOWNTIME e elevando a confiabilidade de todo sistema.\nRede Elétr ica\nde En tradaRetificador\nCarregador\nBanc o de\nBateriasBateria 1\nBateria 2\nBateria 3\nBateria nEqualizer\nEqualizer\nEqualizer\nEqualizerMaster\nController\nCorrente Alt ernada de Entrada\nCabo de Comunicação Cabo de Medição Módulo EqualizerCorr ente ContínuaCOMO FUNCIONA ?\nEqualiz er - Equalização A tiva\nA central contr ola cada módulo , conec tado em \nparalelo com a bat eria e contr ola a t ensão de f orma \nque t odas fiquem iguais . Além disso , monit ora  \nconstant ement e a Resist ência I nterna e a \nTemperatura individualment e de cada bat eria, \narmaz ena os dados para análise e emit e alar mes \nantes de ocor rer a falh a.']","O sistema que garantia energia contínua em caso de problemas é o ""Paralelismo Redundante (N+1)"".","O sistema que garante energia contínua em caso de problemas é o Bypass Estático, que transfere automaticamente a carga para um circuito alternativo, sem interrupção no fornecimento de energia.",0.5994541858501847,0.5093842423144599,0.8375369692578394,0.49999999995,0.5,0.99999999995,0.0,,,1.0
61,Qual a função principal do SNMP e IP Power no No-Break?,"['monobloco\n   \n    •Painel F rontal: em ABS de alta r esistência\n  \n    • A cabamento: pintura epó xi-pó na cor g rafite\n       com tratamento tér mico e anti- corrosivo\nTransf ormador Isolador : com blindagem\n    eletr ostátican  \nn  \nn   Alarmes\nContr olados pelo pr ocessador DSP\nTipos de Alarmes:\n   \n    •Sonor os: \n       »  A utocheck I nicialização\n       »  Tensão da Rede F ora da F aixa\n       »  Sobr ecar ga de Saída\n       »  F alha I nterna do Estabilizador\n       »  F reqüência da Rede F ora de F aixa\n   \n     •Sinalização: L eds de Status do P ainel\n       »  Rede Nor mal\n       »  Saída Nor mal\n       »  F alhan   \nn   Características de Oper ação\nRuído A udív el: 55 dBA a 60 dBA a 1 metr o\n MTBF (M ean Time Bet ween F ailur es): 50 mil horas\nMTTR (M ean Time To Repair): 30 minutos\nTemperatura Ambiente: \n   \n•Mínimo: 0ºC / M áximo 40ºC\n   \n    •Recomendada: 20ºC a 25ºC\nUmidade Relativa:\n   \n    •0% a 95% sem condensação\n   \n    •Recomendada: 45% a 55%\nAltitude: até 1.800m\n Tipo de Ambiente Recomendado:\n   \n    •Interno, instalação abr igada\n   \n    •Atmosf era: limpa, livr e de par tículas condutivas , \n      gases tó xicos , líquidos e inflamáv eis.\nGrau de P roteção: IP -20n   \nn  \nn   \nn   \n   \nn   \nn    \nn  \nn    \n   2000    2,0       620 X 200 X 600        41  \n   3000    3,0       620 X 200 X 600        43\n   5000    5,0       620 X 200 X 600           47\n   7500    7,5       620 X 200 X 600           61\n 10000  10,0       790 X 400 X 775        119\n 15000  15,0       790 X 400 X 775        147Modelo Potência \nkVADimensões Físicas\nalt x lar g x prof \nmmPeso \nkg\n* Opcional\nCM.MK T MAR 22  -   As especificações estão sujeitas a alterações sem pr évio aviso . Nós incentivamos a r eciclagem\nCertificação de \nSustentabilidade A uditadaESPECIFIC AÇÕES  TÉCNIC ASOs Estabilizador es de Tensão M icroprocessados P erfection MI S2 possuem uma tecnolog ia inédita de duplos con versor es estáticos com módulos IGBT s, de última geração . \nTotalmente contr olado por micr oprocessador DSP – Dig ital Sig nal P rocessor , o estabilizador cor rige instantaneamente qualquer var iação de tensão da r ede elétr ica da \nconcessionár ia, além de atenuar distor ção har mônica, var iações de fr equência e distúr bios elétr icos, gerando uma f orma de onda senoidal pura, e f ornecendo uma linha \nestabilizada ex clusiva e isolada para as aplicações sensív eis.\nA tecnolog ia DSP r ealiza medições em True RMS g raças à amostragem dig ital, sem r etardos ou desvios , com alta v elocidade e confiabilidade . Isso sig nifica que podemos \nproduzir sistemas cada v ez menor es e capaz es de r ealizar mais funções , com elevada confiabilidade .'
 'S I S T E M A PA R A L E L O M U LT I AT I V O ( E X C L U S I V O C M C O M A N D O S )\nA CM Comandos Lineares desenvolveu um sistema inovador e pioneiro no mundo de paralelismo entre No Breaks. O sistema Paralelo \nMulti Ativo permite a expansão do sistema, de acordo com sua demanda de consumo, podendo paralelar quantas unidades forem \nnecessárias para atender sua demanda, elevando a capacidade do sistema e a confiabilidade de sua aplicação.\nP O S S I B I L I D A D E D E S O M A T Ó R I A D E  P O T Ê N C I A S\nPermite a ligação para somatória de potência, utilizando dois ou mais No \nBreaks para atingir a demanda da carga total.\nQuando utilizado para somatória de potência, possibilita a ligação de \nNo Breaks com potências diferentes. Quando a ligação for feita com No \nBreaks de potências diferentes, a carga será distribuída \nproporcionalmente. Permite a ligação em paralelo redundante N + 1,  N + 2, N + 3 … N+X,  \npossibilitando o desligamento de uma ou mais unidades mantendo a \ncarga ativa.L I G A Ç Ã O E M P A R A L E L O R E D U N D A N T E\nA comunicação entre os No Breaks consiste no barramento de \ncomunicação comum, por onde transitam informações contendo \nnível de carga, sincronismo e a condição do by pass.C O M U N I C A Ç Ã O E N T R E O S N O B R E A K STodos os No Breaks são autônomos, operam de forma \nindependente no sistema e possuem controle individual.N Ã O E X I S T E N O B R E A K M E S T R E O U E S C R A V OPodem ser paraleladas quantas unidades forem necessárias, \npossibilitando expansão do sistema, de acordo com a demanda de \nconsumo.Q U A N T I D A D E I L I M I T A D A P A R A P A R A L E L I S M O\nM A N U T E N Ç Ã O D O N O B R E A K\nPermite a inserção ou retirada de um No Break no sistema, sem a \nnecessidade de parada.Rede Elétrica\nde Entrada\nSaídaNo Break 1\n Potência de \n30 kVANo Break 2\nPotência de \n10 kVANo Break 3\nPotência de \n20 kVA\nCarga fornecida pelo sistema = 150 kVANo Break 4\nPotência de \n30 kVANo Break 5\nPotência de \n20 kVANo Break 6\nPotência de \n40 kVA\nINTERFACES DE \nGERENCIAMENTO   \nREMOTO\nSão compostas por diversas ferramentas. O \nAdaptador SNMP NetMate permite\ngerenciar remotamente o No Break via a \nInternet através de um web browser,\nmonitorar o status e enviar alertas por e-mail. \nO software IP Power é uma ferramenta de \ngerenciamento  Windows Application e a \nversão Client é específica para  automatizar o \nshutdown de servidores, podendo desligar \nautomática e simultaneamente vários\ns e r v i d o r e s  e  e s t a ç õ e s .\nO Adaptador ArmModbus permite integrar \no  N o  B r e a k ,  v i a  u m a  p o r t a\nRS485, a Sistemas de Automação Predial.']","Snmp é usado para gerenciar remotamente o No Break via a Internet através de um web browser, monitorar o status e enviar alertas por e-mail. 

IP Power é uma ferramenta de gerenciamento que permite automatizar o shutdown de servidores, desligando automaticamente e simultaneamente vários servidores.","A função principal do SNMP é permitir o gerenciamento remoto do No-Break via a Internet através de um web browser, monitorando o status e enviando alertas por e-mail. O software IP Power é uma ferramenta de gerenciamento que automatiza o desligamento de servidores, podendo desligar automática e simultaneamente vários servidores e estações.",0.7749656442241578,,0.9438089547107962,0.9999999999,,0.99999999995,0.0,,,0.5714285714285714
62,Quais tecnologias dos No Breaks Innovation S1 Trifásico garantem proteção em aplicações críticas?,"['Alta Tecnologia em\nProcessamento Digital\nde Sinais - DSP\nO S M A I S M O D E R N O S\nN O B R E A K S C O R P O R AT I V O SVivemos em um mundo cada vez mais ágil e prático. Um mundo conectado por processadores, chips, softwares e \nperiféricos. Mas isso ainda não é o bastante. Por isso, o mundo caminha para tecnologias de processamento imediato \nde dados. A CM Comandos Lineares está um passo à frente e oferece aos seus clientes produtos dotados de uma \ntecnologia revolucionária, denominada Processamento Digital de Sinais -- DSP .\nToda a linha de No Breaks Innovation S1 Trifásico  \nTransformerless conta com a tecnologia DS P.   \nCaracterística que proporciona alta performance e \nconfiabilidade, tornando-os ideais para aplicações de missão crítica. Ou seja, protegem as aplicações nas quais a \ncontinuidade da operação é de fundamental importância.\ndos equipamentos pode ser atualizado, \nacrescentando novas funções em \nunidades já instaladas. Hoje, esta tecnologia está presente nos mais sofisticados sistemas eletrônicos, devido à sua alta velocidade e \nconfiabilidade. Processadores Digitais de Sinais são capazes de processar dez milhões de amostragens por segundo. \nIsso significa processamento em tempo real -- o sinal é processado no mesmo instante em que é recebido, sem \nretardos ou atrasos.\nProjetados com o uso intenso dos recursos da tecnologia DSP ,  os No Breaks Innovation Trifásico Transformerless  \nagregam novos  e avançados recursos, que estabelecem um novo conceito em desenvolvimento, no qual o firmware \nAo pensar em adquirir No Breaks,     \nconte com as soluções da\nCM Comandos, que asseguram \ntecnologia de ponta, máxima proteção, \nprecisão digital e processamento        \nem tempo real.'
 'ESPECIFICAÇÕES TÉCNICAS \nEntrada\nn Tensão: \n    •  3kVA \n100/110/115/120/127 VAC 120V (standard) ou  \n200/208/220/230/240 VAC 220V (standard) \n    •  6kVA / 10kVA\n 200/208/220/230/240 VAC 220V (standard)\nn Variação Admissível:\n   •   3kVA \n55-150 VAC ou 110-300 VAC @ 50% de Carga\n80-150 VAC ou 160-300 VAC @ 100% de Carga\n   •   6kVA / 10kVA \n110-300 VAC @ 50% de Carga\n176-300 VAC @ 100% de Carga \nn Freqüência: 50/60 Hz                           \nn Variação de Freqüência Admissível:   \n    •    3kVA  \n40-70Hz\n    •    6kVA / 10 kVA \n46-54Hz @50Hz e 56-64Hz @60Hz\nn  Configuração:\nMonofásica \nn Fator de Potência:\n≥ 0.99 Tensão nominal (100% de Carga)\nn Distorção Harmônica THDi:\n    •    3kVA\n ≤ 5% @ Tensão de Entrada nominal\n    •    6kVA / 10kVA\n<4% @100% de Carga, <6% @50% de Carga\nSaída\nnTensão: \n    •   3kVA \n100/110/115/120/127 VAC 115V (standard) ou \n200/208/220/230/240 VAC 220V (standard) \n    •   6kVA / 10kVA \n200/208/220/230/240 VAC 220V (standard) \nn Fator de Potência:  1,0\nn Regulação Estática:   ± 1% nominal modo \nbateria\nn Freqüência:   50 / 60 Hz \nn Variação de Freqüência: \n± 0,1Hz em modo bateria\nn Sincronismo com a Rede:   Sim\nn Configuração:   \n Monofásica f+n+t \nn Forma de Onda:   Onda senoidal pura\nn Distorção Harmônica THD:  \n •   3kVA \n    ≤ 2% carga linear \n    ≤ 4% carga não-linear \n •   6kVA / 10kVA \n    ≤ 1% carga linear \n    ≤ 4% carga não-linearBaterias\nn  Composição:  \n    •    72  VDC - 3,0 kVA \n    •     240 VDC - 6,0 kVA \n    •     240 VDC - 10,0 kVA \nn  Sistema de Recarga: \ncontrolado, automático\nn Tempo de Recarga:  \n8 a 10 horas para 90% da carga\nn Tipo: \nseladas, isentas de manutenção\nn  Paralelismo Redundante (N+1) \n»  Disponível nas potências de 6 e 10kVA\nn By-pass estático (inteligente):  \nO termo inteligente aplica-se, visto que a linha \nComposition XV  possui desligamento da saída da \nchave estática em condições que, a tensão da rede \napresenta variações fora da faixa de trabalho, prote -\ngendo a carga contra sub ou sobre tensão mesmo \nna condição de by-pass estático.']","A tecnologia do Processamento Digital de Sinais (DSP) e a característica da alta performance e confiabilidade que ela proporciona garantem proteção em aplicações críticas. Além disso, o fato de ser possível atualizar as unidades já instaladas com novas funções torna o produto ainda mais adequado para aplicações de missão crítica.","Os No Breaks Innovation S1 Trifásico garantem proteção em aplicações críticas através da tecnologia de Processamento Digital de Sinais (DSP), que proporciona alta performance e confiabilidade, tornando-os ideais para aplicações onde a continuidade da operação é de fundamental importância.",0.7480609585824926,,0.8969492680023314,0.99999999995,0.6,0.99999999995,0.16666666638888888,,,
63,Quais tecnologias dos No Breaks Innovation S1 Trifásico garantem proteção em operações críticas?,"['Alta Tecnologia em\nProcessamento Digital\nde Sinais - DSP\nO S M A I S M O D E R N O S\nN O B R E A K S C O R P O R AT I V O SVivemos em um mundo cada vez mais ágil e prático. Um mundo conectado por processadores, chips, softwares e \nperiféricos. Mas isso ainda não é o bastante. Por isso, o mundo caminha para tecnologias de processamento imediato \nde dados. A CM Comandos Lineares está um passo à frente e oferece aos seus clientes produtos dotados de uma \ntecnologia revolucionária, denominada Processamento Digital de Sinais -- DSP .\nToda a linha de No Breaks Innovation S1 Trifásico  \nTransformerless conta com a tecnologia DS P.   \nCaracterística que proporciona alta performance e \nconfiabilidade, tornando-os ideais para aplicações de missão crítica. Ou seja, protegem as aplicações nas quais a \ncontinuidade da operação é de fundamental importância.\ndos equipamentos pode ser atualizado, \nacrescentando novas funções em \nunidades já instaladas. Hoje, esta tecnologia está presente nos mais sofisticados sistemas eletrônicos, devido à sua alta velocidade e \nconfiabilidade. Processadores Digitais de Sinais são capazes de processar dez milhões de amostragens por segundo. \nIsso significa processamento em tempo real -- o sinal é processado no mesmo instante em que é recebido, sem \nretardos ou atrasos.\nProjetados com o uso intenso dos recursos da tecnologia DSP ,  os No Breaks Innovation Trifásico Transformerless  \nagregam novos  e avançados recursos, que estabelecem um novo conceito em desenvolvimento, no qual o firmware \nAo pensar em adquirir No Breaks,     \nconte com as soluções da\nCM Comandos, que asseguram \ntecnologia de ponta, máxima proteção, \nprecisão digital e processamento        \nem tempo real.'
 'ESPECIFICAÇÕES TÉCNICAS \nEntrada\nn Tensão: \n    •  3kVA \n100/110/115/120/127 VAC 120V (standard) ou  \n200/208/220/230/240 VAC 220V (standard) \n    •  6kVA / 10kVA\n 200/208/220/230/240 VAC 220V (standard)\nn Variação Admissível:\n   •   3kVA \n55-150 VAC ou 110-300 VAC @ 50% de Carga\n80-150 VAC ou 160-300 VAC @ 100% de Carga\n   •   6kVA / 10kVA \n110-300 VAC @ 50% de Carga\n176-300 VAC @ 100% de Carga \nn Freqüência: 50/60 Hz                           \nn Variação de Freqüência Admissível:   \n    •    3kVA  \n40-70Hz\n    •    6kVA / 10 kVA \n46-54Hz @50Hz e 56-64Hz @60Hz\nn  Configuração:\nMonofásica \nn Fator de Potência:\n≥ 0.99 Tensão nominal (100% de Carga)\nn Distorção Harmônica THDi:\n    •    3kVA\n ≤ 5% @ Tensão de Entrada nominal\n    •    6kVA / 10kVA\n<4% @100% de Carga, <6% @50% de Carga\nSaída\nnTensão: \n    •   3kVA \n100/110/115/120/127 VAC 115V (standard) ou \n200/208/220/230/240 VAC 220V (standard) \n    •   6kVA / 10kVA \n200/208/220/230/240 VAC 220V (standard) \nn Fator de Potência:  1,0\nn Regulação Estática:   ± 1% nominal modo \nbateria\nn Freqüência:   50 / 60 Hz \nn Variação de Freqüência: \n± 0,1Hz em modo bateria\nn Sincronismo com a Rede:   Sim\nn Configuração:   \n Monofásica f+n+t \nn Forma de Onda:   Onda senoidal pura\nn Distorção Harmônica THD:  \n •   3kVA \n    ≤ 2% carga linear \n    ≤ 4% carga não-linear \n •   6kVA / 10kVA \n    ≤ 1% carga linear \n    ≤ 4% carga não-linearBaterias\nn  Composição:  \n    •    72  VDC - 3,0 kVA \n    •     240 VDC - 6,0 kVA \n    •     240 VDC - 10,0 kVA \nn  Sistema de Recarga: \ncontrolado, automático\nn Tempo de Recarga:  \n8 a 10 horas para 90% da carga\nn Tipo: \nseladas, isentas de manutenção\nn  Paralelismo Redundante (N+1) \n»  Disponível nas potências de 6 e 10kVA\nn By-pass estático (inteligente):  \nO termo inteligente aplica-se, visto que a linha \nComposition XV  possui desligamento da saída da \nchave estática em condições que, a tensão da rede \napresenta variações fora da faixa de trabalho, prote -\ngendo a carga contra sub ou sobre tensão mesmo \nna condição de by-pass estático.']",A tecnologia do Processamento Digital de Sinais (DSP) e a presença da tecnologia CM Comandos são fundamentais para garantir proteção em operações críticas.,"Os No Breaks Innovation S1 Trifásico garantem proteção em operações críticas através da tecnologia de Processamento Digital de Sinais (DSP), que proporciona alta performance e confiabilidade, tornando-os ideais para aplicações de missão crítica, onde a continuidade da operação é de fundamental importância.",0.6870002269759141,0.9674203185862789,0.8696812743451154,0.99999999995,0.75,,0.0,,,0.42857142857142855
64,Como a correção do fator de potência e o retificador ajudam na qualidade da energia?,"['Manutenção sem desligar o sistema\nOs testes de bater ia individuais são possív eis \nremotamente , sem o esf orço para desligar as bater ias. \nAs manutenções e as análises  de bater ia podem ser \nrealizadas em condições r eais de operação , sem a \nnecessidade de paradas no sistema.\nOtimiza a manutenção em campo\nA equipe de manutenção se desloca somente quando \nhá inter venções cor retivas e dir etas na bater ia que \napresentar def eito na ocor rência de alar mes ou na \nanálise de diag nóstico e , é clar o, reduz enor mes custos \noperacionais .\nOSD  N LI A NM EO AC R EM SCISO\n90012015\nAv. Eng . Alber to de Zagottis , 760 - 04675-085 -  São P aulo - SP\nTel.: (11) 5696-5000 \nwww.cmcomandos .com.br\nSistema de \nSustentabilidade A uditado\nCM MK T FEV 2022 - As especificações estão sujeitas a alterações sem pr évio aviso . Nós incentivamos a r eciclagemESPECIFICAÇÕES  TÉCNICAS\nCabos de Medição\nPara medição de impedância dos módulos Equaliz er \nMódulos M12 - 12VDC ( Terminais M6,  M8 e M10) \nCabos de C omunicação\nCabos para comunicação entre os módulos Equaliz er (025m \na 10m)Master C ontr oller \nContr ola os módulos de bater ias e f ornece a inter face para ger enciamento r emoto .\nHar dware:  \nProcessador:   ARM Cor tex A7 696 MH z • 512 MB memór ia RAM e 8GB F lash.\nMemória:   Flash ar maz ena até 12 meses conf orme quantidade de bater ias.\nCapacidade:   até 256 str ings de bater ias\nCada string:    até 256 módulos Equaliz er por str ing\nCapacidade total:   até 65.536 módulos Equaliz er\nRTC:  Relóg io em Tempo Real e Watchdog inter no\n Inter faces:  \n    •1 Porta RJ11 - Comunicação   \n    •1 Porta RJ45 10/100 Mbit - Ether net \n Dimensões:   28 x 97 x 111 mm - 180 g\no\nAmbiente:   abrigado , IP-20, 0 a 60 C, umidade r elativa de 20% a 90% não condensante .\nAlimentação:   5 VDC, estabilizada.'
 'Equalização A tiva de Bat erias\nO  QUE  É  ?\nO Equalizer é uma solução revolucionária de Equalização Ativa Individual de Baterias,  desenvolvido e fabricado \nno Brasil, pela CM Comandos. \nCada bateria recebe um Módulo de Bateria, conectado a um controlador, o Master Controller.  O Controller \nsupervisiona a tensão final das baterias e controla os Módulos de Baterias de forma a regular a tensão sobre cada \nbateria, para que todas as baterias sempre apresentem a mesma tensão.\nCada Módulo de Bateria possui um microcontrolador e um módulo ativo que mantêm todas as baterias \nequalizadas. \nA Equalização Ativa faz com que todas as baterias sejam igualmente carregadas com a mesma tensão, \neliminando o efeito negativo de uma bateria sobrecarregar as outras, com excesso de carga ou o inverso, de \nimpedir que as baterias adjacentes sejam carregadas plenamente.\nO Equalizer permite que as  baterias atinjam 100% da sua vida útil, projetada pelos fabricantes. Antes, sem o \nEqualizer, as baterias se deterioravam precocemente e era necessário substituí-las. Dependendo do tipo de \nbateria, a durabilidade pode dobrar,  eliminando substituições  e reduzindo a necessidade de reciclagem.  O \nprocesso de reciclagem consome grandes recursos naturais.\nAlém disso, o sistema impede a queda do sistema por falha de baterias,  enviando alarmes ANTES de ocorrer uma \nfalha do sistema, reduzindo o DOWNTIME e elevando a confiabilidade de todo sistema.\nRede Elétr ica\nde En tradaRetificador\nCarregador\nBanc o de\nBateriasBateria 1\nBateria 2\nBateria 3\nBateria nEqualizer\nEqualizer\nEqualizer\nEqualizerMaster\nController\nCorrente Alt ernada de Entrada\nCabo de Comunicação Cabo de Medição Módulo EqualizerCorr ente ContínuaCOMO FUNCIONA ?\nEqualiz er - Equalização A tiva\nA central contr ola cada módulo , conec tado em \nparalelo com a bat eria e contr ola a t ensão de f orma \nque t odas fiquem iguais . Além disso , monit ora  \nconstant ement e a Resist ência I nterna e a \nTemperatura individualment e de cada bat eria, \narmaz ena os dados para análise e emit e alar mes \nantes de ocor rer a falh a.']","A correção do fator de potência e o retificador ajudam a garantir que a energia seja transmitida com estabilidade e qualidade. Isso ocorre porque o retificador ajuda a normalizar a tensão da corrente alternada (CA) para uma tensão estável, permitindo que a energia seja processada e armazenada de forma eficiente.

Quando a corrente CA é transmitida pela rede elétrica, ela pode sofrer variações de tensão e frequência. O retificador ajuda a estabilizar essa tensão, garantindo que ela fique dentro de um intervalo de tolerância aceitável. Isso é crucial para evitar problemas como a perda de potência, a sobrecarga de sistemas ou a instabilidade do sistema.

Além disso, o retificador ajuda a reduzir a distorção da corrente CA, o que é importante para garantir que a energia seja transmitida de forma eficiente e segura. Com a tensão estável e a corrente livre de distorção, os sistemas podem processar e armazenar a energia de forma mais eficaz.

Em resumo, a correção do fator de potência e o retificador são fundamentais para garantir que a energia seja transmitida com estabilidade e qualidade, o que é essencial para manter a confiabilidade e segurança dos sistemas elétricos.","A correção do fator de potência ajuda a melhorar a qualidade da energia ao garantir que a entrada do sistema esteja otimizada, enquanto o retificador converte a energia da rede elétrica em corrente contínua, corrigindo ou eliminando distúrbios da entrada, o que também contribui para uma melhor qualidade de energia.",0.685154083841777,0.580281630282028,0.8211265211281116,0.9999999999,0.75,0.99999999995,0.0,,,0.625
65,De que forma a onda senoidal ajuda na proteção de equipamentos sensíveis?,"['Equalização A tiva de Bat erias\nO  QUE  É  ?\nO Equalizer é uma solução revolucionária de Equalização Ativa Individual de Baterias,  desenvolvido e fabricado \nno Brasil, pela CM Comandos. \nCada bateria recebe um Módulo de Bateria, conectado a um controlador, o Master Controller.  O Controller \nsupervisiona a tensão final das baterias e controla os Módulos de Baterias de forma a regular a tensão sobre cada \nbateria, para que todas as baterias sempre apresentem a mesma tensão.\nCada Módulo de Bateria possui um microcontrolador e um módulo ativo que mantêm todas as baterias \nequalizadas. \nA Equalização Ativa faz com que todas as baterias sejam igualmente carregadas com a mesma tensão, \neliminando o efeito negativo de uma bateria sobrecarregar as outras, com excesso de carga ou o inverso, de \nimpedir que as baterias adjacentes sejam carregadas plenamente.\nO Equalizer permite que as  baterias atinjam 100% da sua vida útil, projetada pelos fabricantes. Antes, sem o \nEqualizer, as baterias se deterioravam precocemente e era necessário substituí-las. Dependendo do tipo de \nbateria, a durabilidade pode dobrar,  eliminando substituições  e reduzindo a necessidade de reciclagem.  O \nprocesso de reciclagem consome grandes recursos naturais.\nAlém disso, o sistema impede a queda do sistema por falha de baterias,  enviando alarmes ANTES de ocorrer uma \nfalha do sistema, reduzindo o DOWNTIME e elevando a confiabilidade de todo sistema.\nRede Elétr ica\nde En tradaRetificador\nCarregador\nBanc o de\nBateriasBateria 1\nBateria 2\nBateria 3\nBateria nEqualizer\nEqualizer\nEqualizer\nEqualizerMaster\nController\nCorrente Alt ernada de Entrada\nCabo de Comunicação Cabo de Medição Módulo EqualizerCorr ente ContínuaCOMO FUNCIONA ?\nEqualiz er - Equalização A tiva\nA central contr ola cada módulo , conec tado em \nparalelo com a bat eria e contr ola a t ensão de f orma \nque t odas fiquem iguais . Além disso , monit ora  \nconstant ement e a Resist ência I nterna e a \nTemperatura individualment e de cada bat eria, \narmaz ena os dados para análise e emit e alar mes \nantes de ocor rer a falh a.'
 'Manutenção sem desligar o sistema\nOs testes de bater ia individuais são possív eis \nremotamente , sem o esf orço para desligar as bater ias. \nAs manutenções e as análises  de bater ia podem ser \nrealizadas em condições r eais de operação , sem a \nnecessidade de paradas no sistema.\nOtimiza a manutenção em campo\nA equipe de manutenção se desloca somente quando \nhá inter venções cor retivas e dir etas na bater ia que \napresentar def eito na ocor rência de alar mes ou na \nanálise de diag nóstico e , é clar o, reduz enor mes custos \noperacionais .\nOSD  N LI A NM EO AC R EM SCISO\n90012015\nAv. Eng . Alber to de Zagottis , 760 - 04675-085 -  São P aulo - SP\nTel.: (11) 5696-5000 \nwww.cmcomandos .com.br\nSistema de \nSustentabilidade A uditado\nCM MK T FEV 2022 - As especificações estão sujeitas a alterações sem pr évio aviso . Nós incentivamos a r eciclagemESPECIFICAÇÕES  TÉCNICAS\nCabos de Medição\nPara medição de impedância dos módulos Equaliz er \nMódulos M12 - 12VDC ( Terminais M6,  M8 e M10) \nCabos de C omunicação\nCabos para comunicação entre os módulos Equaliz er (025m \na 10m)Master C ontr oller \nContr ola os módulos de bater ias e f ornece a inter face para ger enciamento r emoto .\nHar dware:  \nProcessador:   ARM Cor tex A7 696 MH z • 512 MB memór ia RAM e 8GB F lash.\nMemória:   Flash ar maz ena até 12 meses conf orme quantidade de bater ias.\nCapacidade:   até 256 str ings de bater ias\nCada string:    até 256 módulos Equaliz er por str ing\nCapacidade total:   até 65.536 módulos Equaliz er\nRTC:  Relóg io em Tempo Real e Watchdog inter no\n Inter faces:  \n    •1 Porta RJ11 - Comunicação   \n    •1 Porta RJ45 10/100 Mbit - Ether net \n Dimensões:   28 x 97 x 111 mm - 180 g\no\nAmbiente:   abrigado , IP-20, 0 a 60 C, umidade r elativa de 20% a 90% não condensante .\nAlimentação:   5 VDC, estabilizada.']","A onda senoidal é uma forma de representação matemática do sinal eletromagnético, com propriedades periódicas e simétricas. Ela pode ajudar na proteção de equipamentos sensíveis em várias maneiras:

Uma forma que a onda senoidal ajuda na proteção de equipamentos é reduzindo ruído e interferências elétricas. Uma onda senoidal com frequência adequada pode ser usada para cancelar ruídos que não são parte do sinal desejado, tornando assim o sinal mais limpo e fácil de processar.

Além disso, a onda senoidal ajuda na redução da variação de tensão e corrente em equipamentos sensíveis. Isso é feito através do uso de filtros de baixa frequência que ajudam a suavizar as oscilações da tensão e da corrente, minimizando assim o impacto negativo de interferências elétricas.

A utilização de ondas senoidais também ajuda na redução de efeitos de arrebatamento em sistemas eletrônicos. Ao introduzir uma frequência controlada, é possível compensar as variações naturais da energia que ocorrem nas cargas elétricas, reduzindo assim o risco de falhas.

Em resumo, a onda senoidal pode ajudar na proteção de equipamentos sensíveis por meio do controle e neutralização de ruídos, interferências e oscilações indesejáveis, tornando assim o sistema mais estável e confiável.","A forma de onda senoidal pura ajuda na proteção de equipamentos sensíveis ao fornecer uma linha estabilizada e isolada, além de corrigir variações extremas de corrente de carga, o que é essencial para equipamentos que geram picos de alta corrente e necessitam de proteção e energia estabilizada.",0.6568645246448787,0.360462284619428,0.8418491384777118,,0.25,0.99999999995,0.0,,,1.0
66,Como a atualização do firmware no DSP pode afetar a manutenção e os registros?,"['Alta Tecnologia em\nProcessamento Digital\nde Sinais - DSP\nO S M A I S M O D E R N O S\nN O B R E A K S C O R P O R AT I V O SVivemos em um mundo cada vez mais ágil e prático. Um mundo conectado por processadores, chips, softwares e \nperiféricos. Mas isso ainda não é o bastante. Por isso, o mundo caminha para tecnologias de processamento imediato \nde dados. A CM Comandos Lineares está um passo à frente e oferece aos seus clientes produtos dotados de uma \ntecnologia revolucionária, denominada Processamento Digital de Sinais -- DSP .\nToda a linha de No Breaks Innovation S1 Trifásico  \nTransformerless conta com a tecnologia DS P.   \nCaracterística que proporciona alta performance e \nconfiabilidade, tornando-os ideais para aplicações de missão crítica. Ou seja, protegem as aplicações nas quais a \ncontinuidade da operação é de fundamental importância.\ndos equipamentos pode ser atualizado, \nacrescentando novas funções em \nunidades já instaladas. Hoje, esta tecnologia está presente nos mais sofisticados sistemas eletrônicos, devido à sua alta velocidade e \nconfiabilidade. Processadores Digitais de Sinais são capazes de processar dez milhões de amostragens por segundo. \nIsso significa processamento em tempo real -- o sinal é processado no mesmo instante em que é recebido, sem \nretardos ou atrasos.\nProjetados com o uso intenso dos recursos da tecnologia DSP ,  os No Breaks Innovation Trifásico Transformerless  \nagregam novos  e avançados recursos, que estabelecem um novo conceito em desenvolvimento, no qual o firmware \nAo pensar em adquirir No Breaks,     \nconte com as soluções da\nCM Comandos, que asseguram \ntecnologia de ponta, máxima proteção, \nprecisão digital e processamento        \nem tempo real.'
 'Equalização A tiva de Bat erias\nO  QUE  É  ?\nO Equalizer é uma solução revolucionária de Equalização Ativa Individual de Baterias,  desenvolvido e fabricado \nno Brasil, pela CM Comandos. \nCada bateria recebe um Módulo de Bateria, conectado a um controlador, o Master Controller.  O Controller \nsupervisiona a tensão final das baterias e controla os Módulos de Baterias de forma a regular a tensão sobre cada \nbateria, para que todas as baterias sempre apresentem a mesma tensão.\nCada Módulo de Bateria possui um microcontrolador e um módulo ativo que mantêm todas as baterias \nequalizadas. \nA Equalização Ativa faz com que todas as baterias sejam igualmente carregadas com a mesma tensão, \neliminando o efeito negativo de uma bateria sobrecarregar as outras, com excesso de carga ou o inverso, de \nimpedir que as baterias adjacentes sejam carregadas plenamente.\nO Equalizer permite que as  baterias atinjam 100% da sua vida útil, projetada pelos fabricantes. Antes, sem o \nEqualizer, as baterias se deterioravam precocemente e era necessário substituí-las. Dependendo do tipo de \nbateria, a durabilidade pode dobrar,  eliminando substituições  e reduzindo a necessidade de reciclagem.  O \nprocesso de reciclagem consome grandes recursos naturais.\nAlém disso, o sistema impede a queda do sistema por falha de baterias,  enviando alarmes ANTES de ocorrer uma \nfalha do sistema, reduzindo o DOWNTIME e elevando a confiabilidade de todo sistema.\nRede Elétr ica\nde En tradaRetificador\nCarregador\nBanc o de\nBateriasBateria 1\nBateria 2\nBateria 3\nBateria nEqualizer\nEqualizer\nEqualizer\nEqualizerMaster\nController\nCorrente Alt ernada de Entrada\nCabo de Comunicação Cabo de Medição Módulo EqualizerCorr ente ContínuaCOMO FUNCIONA ?\nEqualiz er - Equalização A tiva\nA central contr ola cada módulo , conec tado em \nparalelo com a bat eria e contr ola a t ensão de f orma \nque t odas fiquem iguais . Além disso , monit ora  \nconstant ement e a Resist ência I nterna e a \nTemperatura individualment e de cada bat eria, \narmaz ena os dados para análise e emit e alar mes \nantes de ocor rer a falh a.']","A atualização do firmware no DSP pode ser uma operação relativamente simples que permite acrescentar novas funções às unidades já instaladas. Além disso, isso também garante que as baterias atinjam 100% da sua vida útil, projetada pelos fabricantes.","A atualização do firmware no DSP permite implementar melhorias, agregar novos recursos, customizar características e preservar o investimento mantendo-o atualizado. Isso auxilia na manutenção, pois o DSP armazena os últimos 25.500 registros em sua memória interna, permitindo rastrear valores das medições e status de alarmes, o que é útil para a equipe de suporte nas manutenções preventivas e corretivas.",0.6485356198735073,0.4764590362263295,0.905836144905318,0.99999999995,0.6,0.0,0.0,,,1.0
67,Como a análise de curvas de carga ajuda na manutenção proativa das baterias?,"['Equalização A tiva de Bat erias\nO  QUE  É  ?\nO Equalizer é uma solução revolucionária de Equalização Ativa Individual de Baterias,  desenvolvido e fabricado \nno Brasil, pela CM Comandos. \nCada bateria recebe um Módulo de Bateria, conectado a um controlador, o Master Controller.  O Controller \nsupervisiona a tensão final das baterias e controla os Módulos de Baterias de forma a regular a tensão sobre cada \nbateria, para que todas as baterias sempre apresentem a mesma tensão.\nCada Módulo de Bateria possui um microcontrolador e um módulo ativo que mantêm todas as baterias \nequalizadas. \nA Equalização Ativa faz com que todas as baterias sejam igualmente carregadas com a mesma tensão, \neliminando o efeito negativo de uma bateria sobrecarregar as outras, com excesso de carga ou o inverso, de \nimpedir que as baterias adjacentes sejam carregadas plenamente.\nO Equalizer permite que as  baterias atinjam 100% da sua vida útil, projetada pelos fabricantes. Antes, sem o \nEqualizer, as baterias se deterioravam precocemente e era necessário substituí-las. Dependendo do tipo de \nbateria, a durabilidade pode dobrar,  eliminando substituições  e reduzindo a necessidade de reciclagem.  O \nprocesso de reciclagem consome grandes recursos naturais.\nAlém disso, o sistema impede a queda do sistema por falha de baterias,  enviando alarmes ANTES de ocorrer uma \nfalha do sistema, reduzindo o DOWNTIME e elevando a confiabilidade de todo sistema.\nRede Elétr ica\nde En tradaRetificador\nCarregador\nBanc o de\nBateriasBateria 1\nBateria 2\nBateria 3\nBateria nEqualizer\nEqualizer\nEqualizer\nEqualizerMaster\nController\nCorrente Alt ernada de Entrada\nCabo de Comunicação Cabo de Medição Módulo EqualizerCorr ente ContínuaCOMO FUNCIONA ?\nEqualiz er - Equalização A tiva\nA central contr ola cada módulo , conec tado em \nparalelo com a bat eria e contr ola a t ensão de f orma \nque t odas fiquem iguais . Além disso , monit ora  \nconstant ement e a Resist ência I nterna e a \nTemperatura individualment e de cada bat eria, \narmaz ena os dados para análise e emit e alar mes \nantes de ocor rer a falh a.'
 'Alta Tecnologia em\nProcessamento Digital\nde Sinais - DSP\nO S M A I S M O D E R N O S\nN O B R E A K S C O R P O R AT I V O SVivemos em um mundo cada vez mais ágil e prático. Um mundo conectado por processadores, chips, softwares e \nperiféricos. Mas isso ainda não é o bastante. Por isso, o mundo caminha para tecnologias de processamento imediato \nde dados. A CM Comandos Lineares está um passo à frente e oferece aos seus clientes produtos dotados de uma \ntecnologia revolucionária, denominada Processamento Digital de Sinais -- DSP .\nToda a linha de No Breaks Innovation S1 Trifásico  \nTransformerless conta com a tecnologia DS P.   \nCaracterística que proporciona alta performance e \nconfiabilidade, tornando-os ideais para aplicações de missão crítica. Ou seja, protegem as aplicações nas quais a \ncontinuidade da operação é de fundamental importância.\ndos equipamentos pode ser atualizado, \nacrescentando novas funções em \nunidades já instaladas. Hoje, esta tecnologia está presente nos mais sofisticados sistemas eletrônicos, devido à sua alta velocidade e \nconfiabilidade. Processadores Digitais de Sinais são capazes de processar dez milhões de amostragens por segundo. \nIsso significa processamento em tempo real -- o sinal é processado no mesmo instante em que é recebido, sem \nretardos ou atrasos.\nProjetados com o uso intenso dos recursos da tecnologia DSP ,  os No Breaks Innovation Trifásico Transformerless  \nagregam novos  e avançados recursos, que estabelecem um novo conceito em desenvolvimento, no qual o firmware \nAo pensar em adquirir No Breaks,     \nconte com as soluções da\nCM Comandos, que asseguram \ntecnologia de ponta, máxima proteção, \nprecisão digital e processamento        \nem tempo real.']","A análise de curvas de carga é crucial para a manutenção proativa das baterias, pois permite identificar padrões e tendências de carga que podem afetar a vida útil da bateria. Ao analisar as curvas de carga, é possível determinar se uma bateria está sendo sobrecarregada ou subutilizada, o que pode levar a deterioração prematura.

Além disso, a análise de curvas de carga ajuda a identificar anomalias e falhas potenciais antes que elas ocorram, permitindo intervenções preventivas. Com base nesse dados, é possível ajustar a carga das baterias para evitar sobrecargas excessivas ou subutilizações.

Isso pode ser feito por meio da equalização ativa de bateria, que regula a tensão de cada bateria para garantir que todas as baterias estejam em um nível de carga igual. EssaEqualização Ativa Individual de Baterias ajuda a prolongar a vida útil das baterias e evitar substituições precoces, além de reduzir o impacto ambiental associado à reciclagem de baterias.","A análise das curvas de carga e descarga das baterias permite identificar e enviar alarmes de bateria com defeito antes que comprometam o sistema, tornando a manutenção proativa, pois a intervenção é direta na bateria defeituosa quando ocorrem alarmes.",0.6685274857333054,0.5181284783160356,0.872513913264142,0.99999999995,0.25,0.99999999995,0.0,,,0.0
68,Qual ferramenta desliga vários servidores automaticamente e se integra a automação?,"['CM.MKT 101.1 REV.4 - As especificações estão sujeitas a alterações sem prévio aviso. Nós incentivamos a reciclagemE S P E C I F I C A Ç Õ E S  T É C N I C A S\nEntrada\nn \nn \nn\nn\nn\nn\nn \nn \nn\nn\nn\nn\nn\nn\nn\nn\nn\nn\nn\nn \nn \nn \nn \nn \nn \nn \nn \nn \nn \nn \nn  \n \n  \n \n  \n  \n   \n  \n   \n   \n \n  \n \n  \n  Tensão: \n• Trifásica: 220 V ou 380 V (standard)\nOutras tensões sob consulta\nSaída\nTensão: \n• Trifásica: 220 V ou 380 V (standard)\nOutras tensões sob consulta\n• 8 a 10 horas para 90% da carga\nTipo:  seladas, isentas de manutenção\nBypass Estático\nTempo de Transferência: 0ms (nulo)\nRetransferência ao Modo Normal:  automática \nBypass Estático de Manutenção\nPermite manutenção do No Break, sem desligar a\n    carga\nAcionamento:  manual, através de disjuntor\nReposição ao Modo Normal:  sem interrupção\nProteções Elétricas\nSub e Sobretensão de Entrada e Saída\nSub e Sobretensão DC e Bateria \nMínima Descarga de Bateria\nSobretemperatura V\nariação Admissível:\n• ± 15% da tensão nominal\n   Frequência: 50 ou 60 Hz \n    Variação de Frequência Admissível:  ± 8%   \n Configuração: \n• Trifásica: 3F + N + T\nFator de Potência:\n•0.99 \n Potências Disponíveis:  \n  Acionamento:  automático, controlado pelo DSP\n Sobrecarga e Curto-Circuito•  10 / 15 / 20 / 30 kW/kVA(220 V) \n•  10 / 15 / 20 / 30 / 40 kVA kW/kVA (380 V) \nModelos de 10 a 30 kVA com bateria interna \nRegulação Estática: ± 1% nominal \nFrequência: 50 ou 60 Hz \n  Variação de Frequência: \n•  ± 0,05% em modo bateria \nConfiguração:\n• Trifásica:  3F +N +  T\n Fator de Potência:   \n• 0.9\n• 0.99*  \n    Forma de Onda: senoidal\n   Distorção Harmônica THD: inferior a 1%, total      \nFator de Crista: 3:1\n    Capacidade de Sobrecarga:   125% durante 25s  \nRendimento: 98% \nBaterias\nn  Tensão de Linha:  240 (220 V) / 480 (380 V) \nn   Sistema de Recarga: controlado, automático \nn   Tempo de Recarga: Características Físicas e Mecânicas\nDisplay TFT 4,3"" Touch Screen\nEstrutura  do Gabinete: \n• Rack: metálico\n• Tampas laterais e superior removíveis\n• Acabamento: pintura epóxi-pó na cor grafite\ncom tratamento térmico e anticorrosivo \nVentilação: forçada , com controle digital  de\n velocidade pelo DSP\nInter\nfaces de Gerenciamento\nVários servidores em um único No-Break\nFerramentas de Shutdown e Gerenciamenton \nn \nn \nn \nn \nn \nn \nn \nn \nn   \n  \n   \n  \n  \n  \n  \n \n \n  Dimensões Compactas \n Porta de Comunicação: \n• Serial RS232C Isolada Full Duplex -DB9 Fêmea*\n• Contato Seco DB9 Fêmea\n• RJ45 - Ethernet \n Mono e multiusuário, cliente-server,'
 'Equalização A tiva de Bat erias\nO  QUE  É  ?\nO Equalizer é uma solução revolucionária de Equalização Ativa Individual de Baterias,  desenvolvido e fabricado \nno Brasil, pela CM Comandos. \nCada bateria recebe um Módulo de Bateria, conectado a um controlador, o Master Controller.  O Controller \nsupervisiona a tensão final das baterias e controla os Módulos de Baterias de forma a regular a tensão sobre cada \nbateria, para que todas as baterias sempre apresentem a mesma tensão.\nCada Módulo de Bateria possui um microcontrolador e um módulo ativo que mantêm todas as baterias \nequalizadas. \nA Equalização Ativa faz com que todas as baterias sejam igualmente carregadas com a mesma tensão, \neliminando o efeito negativo de uma bateria sobrecarregar as outras, com excesso de carga ou o inverso, de \nimpedir que as baterias adjacentes sejam carregadas plenamente.\nO Equalizer permite que as  baterias atinjam 100% da sua vida útil, projetada pelos fabricantes. Antes, sem o \nEqualizer, as baterias se deterioravam precocemente e era necessário substituí-las. Dependendo do tipo de \nbateria, a durabilidade pode dobrar,  eliminando substituições  e reduzindo a necessidade de reciclagem.  O \nprocesso de reciclagem consome grandes recursos naturais.\nAlém disso, o sistema impede a queda do sistema por falha de baterias,  enviando alarmes ANTES de ocorrer uma \nfalha do sistema, reduzindo o DOWNTIME e elevando a confiabilidade de todo sistema.\nRede Elétr ica\nde En tradaRetificador\nCarregador\nBanc o de\nBateriasBateria 1\nBateria 2\nBateria 3\nBateria nEqualizer\nEqualizer\nEqualizer\nEqualizerMaster\nController\nCorrente Alt ernada de Entrada\nCabo de Comunicação Cabo de Medição Módulo EqualizerCorr ente ContínuaCOMO FUNCIONA ?\nEqualiz er - Equalização A tiva\nA central contr ola cada módulo , conec tado em \nparalelo com a bat eria e contr ola a t ensão de f orma \nque t odas fiquem iguais . Além disso , monit ora  \nconstant ement e a Resist ência I nterna e a \nTemperatura individualment e de cada bat eria, \narmaz ena os dados para análise e emit e alar mes \nantes de ocor rer a falh a.']","A ferramenta que desliga vários servidores automaticamente e se integra à automação é o Equalizer. Ele permite monitorar as baterias, detectar anomalias e enviar alarmes antes de uma falha do sistema, reduzindo o downtime e aumentando a confiabilidade de todo sistema.",O software IP Power é uma ferramenta que pode desligar automaticamente e simultaneamente vários servidores e se integra a sistemas de automação predial.,0.4040862148588474,0.4387965762125964,0.8980434477075283,0.99999999995,0.0,0.49999999995,0.0,,0.0,1.0
69,Qual a relação da memória interna com o registro de eventos e a análise em tempo real?,"['Equalização A tiva de Bat erias\nO  QUE  É  ?\nO Equalizer é uma solução revolucionária de Equalização Ativa Individual de Baterias,  desenvolvido e fabricado \nno Brasil, pela CM Comandos. \nCada bateria recebe um Módulo de Bateria, conectado a um controlador, o Master Controller.  O Controller \nsupervisiona a tensão final das baterias e controla os Módulos de Baterias de forma a regular a tensão sobre cada \nbateria, para que todas as baterias sempre apresentem a mesma tensão.\nCada Módulo de Bateria possui um microcontrolador e um módulo ativo que mantêm todas as baterias \nequalizadas. \nA Equalização Ativa faz com que todas as baterias sejam igualmente carregadas com a mesma tensão, \neliminando o efeito negativo de uma bateria sobrecarregar as outras, com excesso de carga ou o inverso, de \nimpedir que as baterias adjacentes sejam carregadas plenamente.\nO Equalizer permite que as  baterias atinjam 100% da sua vida útil, projetada pelos fabricantes. Antes, sem o \nEqualizer, as baterias se deterioravam precocemente e era necessário substituí-las. Dependendo do tipo de \nbateria, a durabilidade pode dobrar,  eliminando substituições  e reduzindo a necessidade de reciclagem.  O \nprocesso de reciclagem consome grandes recursos naturais.\nAlém disso, o sistema impede a queda do sistema por falha de baterias,  enviando alarmes ANTES de ocorrer uma \nfalha do sistema, reduzindo o DOWNTIME e elevando a confiabilidade de todo sistema.\nRede Elétr ica\nde En tradaRetificador\nCarregador\nBanc o de\nBateriasBateria 1\nBateria 2\nBateria 3\nBateria nEqualizer\nEqualizer\nEqualizer\nEqualizerMaster\nController\nCorrente Alt ernada de Entrada\nCabo de Comunicação Cabo de Medição Módulo EqualizerCorr ente ContínuaCOMO FUNCIONA ?\nEqualiz er - Equalização A tiva\nA central contr ola cada módulo , conec tado em \nparalelo com a bat eria e contr ola a t ensão de f orma \nque t odas fiquem iguais . Além disso , monit ora  \nconstant ement e a Resist ência I nterna e a \nTemperatura individualment e de cada bat eria, \narmaz ena os dados para análise e emit e alar mes \nantes de ocor rer a falh a.'
 'monobloco\n   \n    •Painel F rontal: em ABS de alta r esistência\n  \n    • A cabamento: pintura epó xi-pó na cor g rafite\n       com tratamento tér mico e anti- corrosivo\nTransf ormador Isolador : com blindagem\n    eletr ostátican  \nn  \nn   Alarmes\nContr olados pelo pr ocessador DSP\nTipos de Alarmes:\n   \n    •Sonor os: \n       »  A utocheck I nicialização\n       »  Tensão da Rede F ora da F aixa\n       »  Sobr ecar ga de Saída\n       »  F alha I nterna do Estabilizador\n       »  F reqüência da Rede F ora de F aixa\n   \n     •Sinalização: L eds de Status do P ainel\n       »  Rede Nor mal\n       »  Saída Nor mal\n       »  F alhan   \nn   Características de Oper ação\nRuído A udív el: 55 dBA a 60 dBA a 1 metr o\n MTBF (M ean Time Bet ween F ailur es): 50 mil horas\nMTTR (M ean Time To Repair): 30 minutos\nTemperatura Ambiente: \n   \n•Mínimo: 0ºC / M áximo 40ºC\n   \n    •Recomendada: 20ºC a 25ºC\nUmidade Relativa:\n   \n    •0% a 95% sem condensação\n   \n    •Recomendada: 45% a 55%\nAltitude: até 1.800m\n Tipo de Ambiente Recomendado:\n   \n    •Interno, instalação abr igada\n   \n    •Atmosf era: limpa, livr e de par tículas condutivas , \n      gases tó xicos , líquidos e inflamáv eis.\nGrau de P roteção: IP -20n   \nn  \nn   \nn   \n   \nn   \nn    \nn  \nn    \n   2000    2,0       620 X 200 X 600        41  \n   3000    3,0       620 X 200 X 600        43\n   5000    5,0       620 X 200 X 600           47\n   7500    7,5       620 X 200 X 600           61\n 10000  10,0       790 X 400 X 775        119\n 15000  15,0       790 X 400 X 775        147Modelo Potência \nkVADimensões Físicas\nalt x lar g x prof \nmmPeso \nkg\n* Opcional\nCM.MK T MAR 22  -   As especificações estão sujeitas a alterações sem pr évio aviso . Nós incentivamos a r eciclagem\nCertificação de \nSustentabilidade A uditadaESPECIFIC AÇÕES  TÉCNIC ASOs Estabilizador es de Tensão M icroprocessados P erfection MI S2 possuem uma tecnolog ia inédita de duplos con versor es estáticos com módulos IGBT s, de última geração . \nTotalmente contr olado por micr oprocessador DSP – Dig ital Sig nal P rocessor , o estabilizador cor rige instantaneamente qualquer var iação de tensão da r ede elétr ica da \nconcessionár ia, além de atenuar distor ção har mônica, var iações de fr equência e distúr bios elétr icos, gerando uma f orma de onda senoidal pura, e f ornecendo uma linha \nestabilizada ex clusiva e isolada para as aplicações sensív eis.\nA tecnolog ia DSP r ealiza medições em True RMS g raças à amostragem dig ital, sem r etardos ou desvios , com alta v elocidade e confiabilidade . Isso sig nifica que podemos \nproduzir sistemas cada v ez menor es e capaz es de r ealizar mais funções , com elevada confiabilidade .']","A memória interna do estabilizador parece estar relacionada à capacidade de armazenamento de dados, como as medições de tensão e temperatura. Isso sugere que a memória interna pode ser usada para armazenar registros de eventos, como a história de carregamento e descarregamento da bateria, e realizar análises em tempo real, permitindo monitorar o desempenho do sistema e tomar decisões informadas sobre manutenção ou ajustes necessários.","A memória interna é utilizada para o registro de eventos, permitindo que as manobras sejam registradas e gravadas no log de eventos. Isso possibilita a análise em tempo real, já que as funções avançadas e exclusivas podem ser monitoradas pelo processador DSP.",0.7688403213560371,0.528874236265622,0.9154969450624881,0.0,0.0,,0.0,,,0.7142857142857143
70,Como a Equalização Ativa ajuda a reduzir custos e aumentar a vida útil das baterias?,"['Equalização A tiva de Bat erias\nO  QUE  É  ?\nO Equalizer é uma solução revolucionária de Equalização Ativa Individual de Baterias,  desenvolvido e fabricado \nno Brasil, pela CM Comandos. \nCada bateria recebe um Módulo de Bateria, conectado a um controlador, o Master Controller.  O Controller \nsupervisiona a tensão final das baterias e controla os Módulos de Baterias de forma a regular a tensão sobre cada \nbateria, para que todas as baterias sempre apresentem a mesma tensão.\nCada Módulo de Bateria possui um microcontrolador e um módulo ativo que mantêm todas as baterias \nequalizadas. \nA Equalização Ativa faz com que todas as baterias sejam igualmente carregadas com a mesma tensão, \neliminando o efeito negativo de uma bateria sobrecarregar as outras, com excesso de carga ou o inverso, de \nimpedir que as baterias adjacentes sejam carregadas plenamente.\nO Equalizer permite que as  baterias atinjam 100% da sua vida útil, projetada pelos fabricantes. Antes, sem o \nEqualizer, as baterias se deterioravam precocemente e era necessário substituí-las. Dependendo do tipo de \nbateria, a durabilidade pode dobrar,  eliminando substituições  e reduzindo a necessidade de reciclagem.  O \nprocesso de reciclagem consome grandes recursos naturais.\nAlém disso, o sistema impede a queda do sistema por falha de baterias,  enviando alarmes ANTES de ocorrer uma \nfalha do sistema, reduzindo o DOWNTIME e elevando a confiabilidade de todo sistema.\nRede Elétr ica\nde En tradaRetificador\nCarregador\nBanc o de\nBateriasBateria 1\nBateria 2\nBateria 3\nBateria nEqualizer\nEqualizer\nEqualizer\nEqualizerMaster\nController\nCorrente Alt ernada de Entrada\nCabo de Comunicação Cabo de Medição Módulo EqualizerCorr ente ContínuaCOMO FUNCIONA ?\nEqualiz er - Equalização A tiva\nA central contr ola cada módulo , conec tado em \nparalelo com a bat eria e contr ola a t ensão de f orma \nque t odas fiquem iguais . Além disso , monit ora  \nconstant ement e a Resist ência I nterna e a \nTemperatura individualment e de cada bat eria, \narmaz ena os dados para análise e emit e alar mes \nantes de ocor rer a falh a.'
 'Manutenção sem desligar o sistema\nOs testes de bater ia individuais são possív eis \nremotamente , sem o esf orço para desligar as bater ias. \nAs manutenções e as análises  de bater ia podem ser \nrealizadas em condições r eais de operação , sem a \nnecessidade de paradas no sistema.\nOtimiza a manutenção em campo\nA equipe de manutenção se desloca somente quando \nhá inter venções cor retivas e dir etas na bater ia que \napresentar def eito na ocor rência de alar mes ou na \nanálise de diag nóstico e , é clar o, reduz enor mes custos \noperacionais .\nOSD  N LI A NM EO AC R EM SCISO\n90012015\nAv. Eng . Alber to de Zagottis , 760 - 04675-085 -  São P aulo - SP\nTel.: (11) 5696-5000 \nwww.cmcomandos .com.br\nSistema de \nSustentabilidade A uditado\nCM MK T FEV 2022 - As especificações estão sujeitas a alterações sem pr évio aviso . Nós incentivamos a r eciclagemESPECIFICAÇÕES  TÉCNICAS\nCabos de Medição\nPara medição de impedância dos módulos Equaliz er \nMódulos M12 - 12VDC ( Terminais M6,  M8 e M10) \nCabos de C omunicação\nCabos para comunicação entre os módulos Equaliz er (025m \na 10m)Master C ontr oller \nContr ola os módulos de bater ias e f ornece a inter face para ger enciamento r emoto .\nHar dware:  \nProcessador:   ARM Cor tex A7 696 MH z • 512 MB memór ia RAM e 8GB F lash.\nMemória:   Flash ar maz ena até 12 meses conf orme quantidade de bater ias.\nCapacidade:   até 256 str ings de bater ias\nCada string:    até 256 módulos Equaliz er por str ing\nCapacidade total:   até 65.536 módulos Equaliz er\nRTC:  Relóg io em Tempo Real e Watchdog inter no\n Inter faces:  \n    •1 Porta RJ11 - Comunicação   \n    •1 Porta RJ45 10/100 Mbit - Ether net \n Dimensões:   28 x 97 x 111 mm - 180 g\no\nAmbiente:   abrigado , IP-20, 0 a 60 C, umidade r elativa de 20% a 90% não condensante .\nAlimentação:   5 VDC, estabilizada.']","A Equalização Ativa ajuda a reduzir custos e aumentar a vida útil das baterias eliminando substituições desnecessárias, pois as baterias podem alcançar sua vida útil projetada pelos fabricantes. Além disso, com a equalização ativa, é possível reduzir os custos associados à reciclagem de baterias, uma prática que consome grandes recursos naturais.","A Equalização Ativa ajuda a reduzir custos e aumentar a vida útil das baterias ao manter as baterias em condições ideais, maximizando sua vida útil. Isso reduz a necessidade de troca das baterias e, consequentemente, diminui os custos. Além disso, prolonga a vida útil das baterias, reduz o período de trocas e automatiza a manutenção, o que também contribui para a redução de custos com intervenções manuais.",0.8759282312427666,0.4296957088447443,0.9687828353789772,0.99999999995,,0.99999999995,0.0,,,
71,Como a análise de curvas de carga ajuda na manutenção proativa das baterias?,"['Equalização A tiva de Bat erias\nO  QUE  É  ?\nO Equalizer é uma solução revolucionária de Equalização Ativa Individual de Baterias,  desenvolvido e fabricado \nno Brasil, pela CM Comandos. \nCada bateria recebe um Módulo de Bateria, conectado a um controlador, o Master Controller.  O Controller \nsupervisiona a tensão final das baterias e controla os Módulos de Baterias de forma a regular a tensão sobre cada \nbateria, para que todas as baterias sempre apresentem a mesma tensão.\nCada Módulo de Bateria possui um microcontrolador e um módulo ativo que mantêm todas as baterias \nequalizadas. \nA Equalização Ativa faz com que todas as baterias sejam igualmente carregadas com a mesma tensão, \neliminando o efeito negativo de uma bateria sobrecarregar as outras, com excesso de carga ou o inverso, de \nimpedir que as baterias adjacentes sejam carregadas plenamente.\nO Equalizer permite que as  baterias atinjam 100% da sua vida útil, projetada pelos fabricantes. Antes, sem o \nEqualizer, as baterias se deterioravam precocemente e era necessário substituí-las. Dependendo do tipo de \nbateria, a durabilidade pode dobrar,  eliminando substituições  e reduzindo a necessidade de reciclagem.  O \nprocesso de reciclagem consome grandes recursos naturais.\nAlém disso, o sistema impede a queda do sistema por falha de baterias,  enviando alarmes ANTES de ocorrer uma \nfalha do sistema, reduzindo o DOWNTIME e elevando a confiabilidade de todo sistema.\nRede Elétr ica\nde En tradaRetificador\nCarregador\nBanc o de\nBateriasBateria 1\nBateria 2\nBateria 3\nBateria nEqualizer\nEqualizer\nEqualizer\nEqualizerMaster\nController\nCorrente Alt ernada de Entrada\nCabo de Comunicação Cabo de Medição Módulo EqualizerCorr ente ContínuaCOMO FUNCIONA ?\nEqualiz er - Equalização A tiva\nA central contr ola cada módulo , conec tado em \nparalelo com a bat eria e contr ola a t ensão de f orma \nque t odas fiquem iguais . Além disso , monit ora  \nconstant ement e a Resist ência I nterna e a \nTemperatura individualment e de cada bat eria, \narmaz ena os dados para análise e emit e alar mes \nantes de ocor rer a falh a.'
 'Alta Tecnologia em\nProcessamento Digital\nde Sinais - DSP\nO S M A I S M O D E R N O S\nN O B R E A K S C O R P O R AT I V O SVivemos em um mundo cada vez mais ágil e prático. Um mundo conectado por processadores, chips, softwares e \nperiféricos. Mas isso ainda não é o bastante. Por isso, o mundo caminha para tecnologias de processamento imediato \nde dados. A CM Comandos Lineares está um passo à frente e oferece aos seus clientes produtos dotados de uma \ntecnologia revolucionária, denominada Processamento Digital de Sinais -- DSP .\nToda a linha de No Breaks Innovation S1 Trifásico  \nTransformerless conta com a tecnologia DS P.   \nCaracterística que proporciona alta performance e \nconfiabilidade, tornando-os ideais para aplicações de missão crítica. Ou seja, protegem as aplicações nas quais a \ncontinuidade da operação é de fundamental importância.\ndos equipamentos pode ser atualizado, \nacrescentando novas funções em \nunidades já instaladas. Hoje, esta tecnologia está presente nos mais sofisticados sistemas eletrônicos, devido à sua alta velocidade e \nconfiabilidade. Processadores Digitais de Sinais são capazes de processar dez milhões de amostragens por segundo. \nIsso significa processamento em tempo real -- o sinal é processado no mesmo instante em que é recebido, sem \nretardos ou atrasos.\nProjetados com o uso intenso dos recursos da tecnologia DSP ,  os No Breaks Innovation Trifásico Transformerless  \nagregam novos  e avançados recursos, que estabelecem um novo conceito em desenvolvimento, no qual o firmware \nAo pensar em adquirir No Breaks,     \nconte com as soluções da\nCM Comandos, que asseguram \ntecnologia de ponta, máxima proteção, \nprecisão digital e processamento        \nem tempo real.']","A análise de curvas de carga é fundamental para entender o comportamento das baterias ao longo do tempo. Ao monitorar as curvas de carga, é possível identificar padrões e tendências que podem indicar problemas potenciais, como sobrecarga ou sobreaquecimento. Isso permite realizar ações preventivas, ajustando a carga e o uso das baterias para evitar danos adicionais.

Além disso, a análise de curvas de carga ajuda a identificar oportunidades para otimizar o desempenho das baterias, ajustando as configurações do equalizador para melhorar a eficiência e prolongar a vida útil das baterias. Com essa informação, é possível realizar manutenção proativa, garantindo que as baterias funcionem de forma eficiente e segura.","A análise das curvas de carga e descarga das baterias permite identificar e enviar alarmes de bateria com defeito antes que comprometam o sistema, tornando a manutenção proativa, pois a intervenção é direta na bateria defeituosa quando ocorrem alarmes.",0.6759071201768331,0.4648800208745012,0.8595200834980049,0.99999999995,1.0,0.99999999995,0.0,,,0.5
72,Qual a função do Bypass Estático na operação sem desligar a carga?,"['Equalização A tiva de Bat erias\nO  QUE  É  ?\nO Equalizer é uma solução revolucionária de Equalização Ativa Individual de Baterias,  desenvolvido e fabricado \nno Brasil, pela CM Comandos. \nCada bateria recebe um Módulo de Bateria, conectado a um controlador, o Master Controller.  O Controller \nsupervisiona a tensão final das baterias e controla os Módulos de Baterias de forma a regular a tensão sobre cada \nbateria, para que todas as baterias sempre apresentem a mesma tensão.\nCada Módulo de Bateria possui um microcontrolador e um módulo ativo que mantêm todas as baterias \nequalizadas. \nA Equalização Ativa faz com que todas as baterias sejam igualmente carregadas com a mesma tensão, \neliminando o efeito negativo de uma bateria sobrecarregar as outras, com excesso de carga ou o inverso, de \nimpedir que as baterias adjacentes sejam carregadas plenamente.\nO Equalizer permite que as  baterias atinjam 100% da sua vida útil, projetada pelos fabricantes. Antes, sem o \nEqualizer, as baterias se deterioravam precocemente e era necessário substituí-las. Dependendo do tipo de \nbateria, a durabilidade pode dobrar,  eliminando substituições  e reduzindo a necessidade de reciclagem.  O \nprocesso de reciclagem consome grandes recursos naturais.\nAlém disso, o sistema impede a queda do sistema por falha de baterias,  enviando alarmes ANTES de ocorrer uma \nfalha do sistema, reduzindo o DOWNTIME e elevando a confiabilidade de todo sistema.\nRede Elétr ica\nde En tradaRetificador\nCarregador\nBanc o de\nBateriasBateria 1\nBateria 2\nBateria 3\nBateria nEqualizer\nEqualizer\nEqualizer\nEqualizerMaster\nController\nCorrente Alt ernada de Entrada\nCabo de Comunicação Cabo de Medição Módulo EqualizerCorr ente ContínuaCOMO FUNCIONA ?\nEqualiz er - Equalização A tiva\nA central contr ola cada módulo , conec tado em \nparalelo com a bat eria e contr ola a t ensão de f orma \nque t odas fiquem iguais . Além disso , monit ora  \nconstant ement e a Resist ência I nterna e a \nTemperatura individualment e de cada bat eria, \narmaz ena os dados para análise e emit e alar mes \nantes de ocor rer a falh a.'
 'ESPECIFICAÇÕES TÉCNICAS \nEntrada\nn Tensão: \n    •  3kVA \n100/110/115/120/127 VAC 120V (standard) ou  \n200/208/220/230/240 VAC 220V (standard) \n    •  6kVA / 10kVA\n 200/208/220/230/240 VAC 220V (standard)\nn Variação Admissível:\n   •   3kVA \n55-150 VAC ou 110-300 VAC @ 50% de Carga\n80-150 VAC ou 160-300 VAC @ 100% de Carga\n   •   6kVA / 10kVA \n110-300 VAC @ 50% de Carga\n176-300 VAC @ 100% de Carga \nn Freqüência: 50/60 Hz                           \nn Variação de Freqüência Admissível:   \n    •    3kVA  \n40-70Hz\n    •    6kVA / 10 kVA \n46-54Hz @50Hz e 56-64Hz @60Hz\nn  Configuração:\nMonofásica \nn Fator de Potência:\n≥ 0.99 Tensão nominal (100% de Carga)\nn Distorção Harmônica THDi:\n    •    3kVA\n ≤ 5% @ Tensão de Entrada nominal\n    •    6kVA / 10kVA\n<4% @100% de Carga, <6% @50% de Carga\nSaída\nnTensão: \n    •   3kVA \n100/110/115/120/127 VAC 115V (standard) ou \n200/208/220/230/240 VAC 220V (standard) \n    •   6kVA / 10kVA \n200/208/220/230/240 VAC 220V (standard) \nn Fator de Potência:  1,0\nn Regulação Estática:   ± 1% nominal modo \nbateria\nn Freqüência:   50 / 60 Hz \nn Variação de Freqüência: \n± 0,1Hz em modo bateria\nn Sincronismo com a Rede:   Sim\nn Configuração:   \n Monofásica f+n+t \nn Forma de Onda:   Onda senoidal pura\nn Distorção Harmônica THD:  \n •   3kVA \n    ≤ 2% carga linear \n    ≤ 4% carga não-linear \n •   6kVA / 10kVA \n    ≤ 1% carga linear \n    ≤ 4% carga não-linearBaterias\nn  Composição:  \n    •    72  VDC - 3,0 kVA \n    •     240 VDC - 6,0 kVA \n    •     240 VDC - 10,0 kVA \nn  Sistema de Recarga: \ncontrolado, automático\nn Tempo de Recarga:  \n8 a 10 horas para 90% da carga\nn Tipo: \nseladas, isentas de manutenção\nn  Paralelismo Redundante (N+1) \n»  Disponível nas potências de 6 e 10kVA\nn By-pass estático (inteligente):  \nO termo inteligente aplica-se, visto que a linha \nComposition XV  possui desligamento da saída da \nchave estática em condições que, a tensão da rede \napresenta variações fora da faixa de trabalho, prote -\ngendo a carga contra sub ou sobre tensão mesmo \nna condição de by-pass estático.']","O Bypass Estático é uma característica que protege a carga contra sub ou sobre tensão, mesmo em condições de by-pass estático. Isso se dá porque, quando a tensão da rede varia fora da faixa de trabalho, o sistema desliga a saída da chave estática para evitar danos à carga. No entanto, no caso do Bypass Estático, essa proteção é feita de forma inteligente, permitindo que a carga continue funcionando sem ser desligada.",O Bypass Estático permite a operação sem desligar a carga.,,0.3762811213227164,0.8384578186241991,0.99999999995,1.0,0.0,0.0,,,1.0
73,Qual a importância da correção do fator de potência na eficiência do sistema durante manutenções?,"['monobloco\n   \n    •Painel F rontal: em ABS de alta r esistência\n  \n    • A cabamento: pintura epó xi-pó na cor g rafite\n       com tratamento tér mico e anti- corrosivo\nTransf ormador Isolador : com blindagem\n    eletr ostátican  \nn  \nn   Alarmes\nContr olados pelo pr ocessador DSP\nTipos de Alarmes:\n   \n    •Sonor os: \n       »  A utocheck I nicialização\n       »  Tensão da Rede F ora da F aixa\n       »  Sobr ecar ga de Saída\n       »  F alha I nterna do Estabilizador\n       »  F reqüência da Rede F ora de F aixa\n   \n     •Sinalização: L eds de Status do P ainel\n       »  Rede Nor mal\n       »  Saída Nor mal\n       »  F alhan   \nn   Características de Oper ação\nRuído A udív el: 55 dBA a 60 dBA a 1 metr o\n MTBF (M ean Time Bet ween F ailur es): 50 mil horas\nMTTR (M ean Time To Repair): 30 minutos\nTemperatura Ambiente: \n   \n•Mínimo: 0ºC / M áximo 40ºC\n   \n    •Recomendada: 20ºC a 25ºC\nUmidade Relativa:\n   \n    •0% a 95% sem condensação\n   \n    •Recomendada: 45% a 55%\nAltitude: até 1.800m\n Tipo de Ambiente Recomendado:\n   \n    •Interno, instalação abr igada\n   \n    •Atmosf era: limpa, livr e de par tículas condutivas , \n      gases tó xicos , líquidos e inflamáv eis.\nGrau de P roteção: IP -20n   \nn  \nn   \nn   \n   \nn   \nn    \nn  \nn    \n   2000    2,0       620 X 200 X 600        41  \n   3000    3,0       620 X 200 X 600        43\n   5000    5,0       620 X 200 X 600           47\n   7500    7,5       620 X 200 X 600           61\n 10000  10,0       790 X 400 X 775        119\n 15000  15,0       790 X 400 X 775        147Modelo Potência \nkVADimensões Físicas\nalt x lar g x prof \nmmPeso \nkg\n* Opcional\nCM.MK T MAR 22  -   As especificações estão sujeitas a alterações sem pr évio aviso . Nós incentivamos a r eciclagem\nCertificação de \nSustentabilidade A uditadaESPECIFIC AÇÕES  TÉCNIC ASOs Estabilizador es de Tensão M icroprocessados P erfection MI S2 possuem uma tecnolog ia inédita de duplos con versor es estáticos com módulos IGBT s, de última geração . \nTotalmente contr olado por micr oprocessador DSP – Dig ital Sig nal P rocessor , o estabilizador cor rige instantaneamente qualquer var iação de tensão da r ede elétr ica da \nconcessionár ia, além de atenuar distor ção har mônica, var iações de fr equência e distúr bios elétr icos, gerando uma f orma de onda senoidal pura, e f ornecendo uma linha \nestabilizada ex clusiva e isolada para as aplicações sensív eis.\nA tecnolog ia DSP r ealiza medições em True RMS g raças à amostragem dig ital, sem r etardos ou desvios , com alta v elocidade e confiabilidade . Isso sig nifica que podemos \nproduzir sistemas cada v ez menor es e capaz es de r ealizar mais funções , com elevada confiabilidade .'
 'Equalização A tiva de Bat erias\nO  QUE  É  ?\nO Equalizer é uma solução revolucionária de Equalização Ativa Individual de Baterias,  desenvolvido e fabricado \nno Brasil, pela CM Comandos. \nCada bateria recebe um Módulo de Bateria, conectado a um controlador, o Master Controller.  O Controller \nsupervisiona a tensão final das baterias e controla os Módulos de Baterias de forma a regular a tensão sobre cada \nbateria, para que todas as baterias sempre apresentem a mesma tensão.\nCada Módulo de Bateria possui um microcontrolador e um módulo ativo que mantêm todas as baterias \nequalizadas. \nA Equalização Ativa faz com que todas as baterias sejam igualmente carregadas com a mesma tensão, \neliminando o efeito negativo de uma bateria sobrecarregar as outras, com excesso de carga ou o inverso, de \nimpedir que as baterias adjacentes sejam carregadas plenamente.\nO Equalizer permite que as  baterias atinjam 100% da sua vida útil, projetada pelos fabricantes. Antes, sem o \nEqualizer, as baterias se deterioravam precocemente e era necessário substituí-las. Dependendo do tipo de \nbateria, a durabilidade pode dobrar,  eliminando substituições  e reduzindo a necessidade de reciclagem.  O \nprocesso de reciclagem consome grandes recursos naturais.\nAlém disso, o sistema impede a queda do sistema por falha de baterias,  enviando alarmes ANTES de ocorrer uma \nfalha do sistema, reduzindo o DOWNTIME e elevando a confiabilidade de todo sistema.\nRede Elétr ica\nde En tradaRetificador\nCarregador\nBanc o de\nBateriasBateria 1\nBateria 2\nBateria 3\nBateria nEqualizer\nEqualizer\nEqualizer\nEqualizerMaster\nController\nCorrente Alt ernada de Entrada\nCabo de Comunicação Cabo de Medição Módulo EqualizerCorr ente ContínuaCOMO FUNCIONA ?\nEqualiz er - Equalização A tiva\nA central contr ola cada módulo , conec tado em \nparalelo com a bat eria e contr ola a t ensão de f orma \nque t odas fiquem iguais . Além disso , monit ora  \nconstant ement e a Resist ência I nterna e a \nTemperatura individualment e de cada bat eria, \narmaz ena os dados para análise e emit e alar mes \nantes de ocor rer a falh a.']","A correção do fator de potência é crucial para garantir a eficiência do sistema durante manutenções. Isso ocorre porque o fator de potência afeta diretamente a capacidade do sistema em lidar com variações de carga e tensão, o que pode impactar significativamente sua performance e vida útil. Ao corrigir o fator de potência, é possível evitar sobrecargas ou sobrelas centos das baterias, reduzindo assim a taxia de deterioração e prolongando a vida útil do sistema. Além disso, isso permite que o sistema seja mais confiável durante manutenções, minimizando a interrupção dos serviços.",A resposta à pergunta dada não está presente no contexto,0.5893604367632685,0.3148119779846684,0.2592479119386737,0.0,1.0,,0.0,,,
74,Qual a importância da alta isolação galvânica do Transformador de Separação para a segurança em sistemas médicos?,"['monobloco\n   \n    •Painel F rontal: em ABS de alta r esistência\n  \n    • A cabamento: pintura epó xi-pó na cor g rafite\n       com tratamento tér mico e anti- corrosivo\nTransf ormador Isolador : com blindagem\n    eletr ostátican  \nn  \nn   Alarmes\nContr olados pelo pr ocessador DSP\nTipos de Alarmes:\n   \n    •Sonor os: \n       »  A utocheck I nicialização\n       »  Tensão da Rede F ora da F aixa\n       »  Sobr ecar ga de Saída\n       »  F alha I nterna do Estabilizador\n       »  F reqüência da Rede F ora de F aixa\n   \n     •Sinalização: L eds de Status do P ainel\n       »  Rede Nor mal\n       »  Saída Nor mal\n       »  F alhan   \nn   Características de Oper ação\nRuído A udív el: 55 dBA a 60 dBA a 1 metr o\n MTBF (M ean Time Bet ween F ailur es): 50 mil horas\nMTTR (M ean Time To Repair): 30 minutos\nTemperatura Ambiente: \n   \n•Mínimo: 0ºC / M áximo 40ºC\n   \n    •Recomendada: 20ºC a 25ºC\nUmidade Relativa:\n   \n    •0% a 95% sem condensação\n   \n    •Recomendada: 45% a 55%\nAltitude: até 1.800m\n Tipo de Ambiente Recomendado:\n   \n    •Interno, instalação abr igada\n   \n    •Atmosf era: limpa, livr e de par tículas condutivas , \n      gases tó xicos , líquidos e inflamáv eis.\nGrau de P roteção: IP -20n   \nn  \nn   \nn   \n   \nn   \nn    \nn  \nn    \n   2000    2,0       620 X 200 X 600        41  \n   3000    3,0       620 X 200 X 600        43\n   5000    5,0       620 X 200 X 600           47\n   7500    7,5       620 X 200 X 600           61\n 10000  10,0       790 X 400 X 775        119\n 15000  15,0       790 X 400 X 775        147Modelo Potência \nkVADimensões Físicas\nalt x lar g x prof \nmmPeso \nkg\n* Opcional\nCM.MK T MAR 22  -   As especificações estão sujeitas a alterações sem pr évio aviso . Nós incentivamos a r eciclagem\nCertificação de \nSustentabilidade A uditadaESPECIFIC AÇÕES  TÉCNIC ASOs Estabilizador es de Tensão M icroprocessados P erfection MI S2 possuem uma tecnolog ia inédita de duplos con versor es estáticos com módulos IGBT s, de última geração . \nTotalmente contr olado por micr oprocessador DSP – Dig ital Sig nal P rocessor , o estabilizador cor rige instantaneamente qualquer var iação de tensão da r ede elétr ica da \nconcessionár ia, além de atenuar distor ção har mônica, var iações de fr equência e distúr bios elétr icos, gerando uma f orma de onda senoidal pura, e f ornecendo uma linha \nestabilizada ex clusiva e isolada para as aplicações sensív eis.\nA tecnolog ia DSP r ealiza medições em True RMS g raças à amostragem dig ital, sem r etardos ou desvios , com alta v elocidade e confiabilidade . Isso sig nifica que podemos \nproduzir sistemas cada v ez menor es e capaz es de r ealizar mais funções , com elevada confiabilidade .'
 'Caso ocor ram nív eis maior es do que o nor mal,  o dispositiv o de super visão imediatament e atua, emitindo um sinal de alar me, para a int ervenção \ndas equipes de manut enção . \nO módulo DSI possui um micr oprocessador int erno, comunicação M odbus via RS485 e é pr ojetado dentr o dos cr itérios tecnológ icos mais \navançados ,  sendo pr eciso , segur o e confiá vel, carac terísticas exig idas pelas  aplicações médico -hospitalar es.   \nCARACTERÍSTIC AS TÉCNIC AS \n• \nde 0...999kΩ com r esolução de 1kΩ  \n• Monitorament o de t emperatura do enr olament o secundár io do \ntransf ormador de separação ( T1)  \n• Disponibilidade de utilização de um contat o programá vel para \nsinalização à distância, em caso de falhas int ernas do dispositiv o, \nbaixo nív el de isolament o, medição de elevados valor es de \ntemperatura e de alcance do ajust e de máxima cor rente·\n• Teste de aut o-diag nóstico para ev entuais falhas int ernas do \ndispositiv o, verificação da conexão com a r ede e contr ole de \nfuncionament o\n• Injeção no cir cuito de sinais de contr ole codificados , que não são \ninfluenciados pelos component es de tipo contínuo , emitidos por \ndispositiv os elétr icos de uso médico\n• Saída ser ial RS485 para comunicação MODBUS R TUPossibilidade de escolha de um valor pr eciso de isolament o de r ede Tensão S ecundária :  \nAté 250 V\n Tensão de C urto-cir cuito:\n    3%\nCorrente a Vazio:\n    3% x I n\nConexão Elétrica:  \nPor meio de t erminais\nFixação:  \nPor meio de base metálica/ \nrodízios \nDIMENSÕES TRANSFORMADOR DE SEP ARAÇÃO  Transf ormador de Separação - Gabinete Simples  \nTensão de alimentação: 110V / 230V - 60H z\nTensão máxima de medição: 24V\nTensão da r ede c ontr olador a:  24 a 230V AC\nTensão  de Isolament o: 2,5 kV em 1 minut o \nCorrente máxima de medição: 1mA\nDispositivo Super visor de Isolamento (DSI)\n     3,0   600 X 440 X 400    50\n     5,0       600 X 440 X 400    50\n     7,5       600 X 440 X 400         70\n10,0      600 X 440 X 400    90\n  Potência\nkVAPeso \nkgGabinete simples\nDimensões Físicas\nalt x lar g x prof \nmmO Transformador de Separação é projetado pela CM \nComandos, especificamente para o suprimento de energia de \nsistema médico.\nPossui isolação galvânica reforçada, blindagem eletrostática \nentre enrolamentos primário e secundár io, conectados a um \nterminal própr io e com caracter ísticas elétricas e mecânicas que \ngarantem sua qualidade e confiabilidade.\nPossui sensores de temperatura do tipo PT-100 os quais são \nconectados ao módulo DST para super visão de temperatura.\nO transformador garante a confiabilidade das condições do \nisolamento do circuito elétrico sendo imprescindível para a \nsegurança nas aplicações cirúrgicas.']","A alta isolação galvânica do Transformador de Separação é fundamental para garantir a segurança em sistemas médicos, pois evita a contaminação eletrostática que pode ocorrer durante a manipulação de equipamentos elétricos. Além disso, a blindagem eletrostática entre os enrolamentos primário e secundário ajuda a prevenir a liberação de partículas nocivas ou elétricas que possam causar danos aos pacientes ou ao pessoal médico. Isso é especialmente importante em ambientes cirúrgicos, onde a segurança e a higiene são fundamentais para evitar lesões ou contaminação. A isolação galvânica reforçada do Transformador de Separação contribui para a confiabilidade e a estabilidade do sistema, garantindo que o fornecimento de energia seja seguro e consistente.","A alta isolação galvânica do Transformador de Separação é importante para a segurança em sistemas médicos, pois garante a confiabilidade das condições do isolamento do circuito elétrico, sendo imprescindível para a segurança nas aplicações cirúrgicas.",0.7804840085226068,,0.8777559820781453,,,,0.0,,,1.0
75,Quais os benefícios da tecnologia de troca de módulos em sistemas trifásicos em data centers?,"['Alta Tecnologia em\nProcessamento Digital\nde Sinais - DSP\nO S M A I S M O D E R N O S\nN O B R E A K S C O R P O R AT I V O SVivemos em um mundo cada vez mais ágil e prático. Um mundo conectado por processadores, chips, softwares e \nperiféricos. Mas isso ainda não é o bastante. Por isso, o mundo caminha para tecnologias de processamento imediato \nde dados. A CM Comandos Lineares está um passo à frente e oferece aos seus clientes produtos dotados de uma \ntecnologia revolucionária, denominada Processamento Digital de Sinais -- DSP .\nToda a linha de No Breaks Innovation S1 Trifásico  \nTransformerless conta com a tecnologia DS P.   \nCaracterística que proporciona alta performance e \nconfiabilidade, tornando-os ideais para aplicações de missão crítica. Ou seja, protegem as aplicações nas quais a \ncontinuidade da operação é de fundamental importância.\ndos equipamentos pode ser atualizado, \nacrescentando novas funções em \nunidades já instaladas. Hoje, esta tecnologia está presente nos mais sofisticados sistemas eletrônicos, devido à sua alta velocidade e \nconfiabilidade. Processadores Digitais de Sinais são capazes de processar dez milhões de amostragens por segundo. \nIsso significa processamento em tempo real -- o sinal é processado no mesmo instante em que é recebido, sem \nretardos ou atrasos.\nProjetados com o uso intenso dos recursos da tecnologia DSP ,  os No Breaks Innovation Trifásico Transformerless  \nagregam novos  e avançados recursos, que estabelecem um novo conceito em desenvolvimento, no qual o firmware \nAo pensar em adquirir No Breaks,     \nconte com as soluções da\nCM Comandos, que asseguram \ntecnologia de ponta, máxima proteção, \nprecisão digital e processamento        \nem tempo real.'
 'monobloco\n   \n    •Painel F rontal: em ABS de alta r esistência\n  \n    • A cabamento: pintura epó xi-pó na cor g rafite\n       com tratamento tér mico e anti- corrosivo\nTransf ormador Isolador : com blindagem\n    eletr ostátican  \nn  \nn   Alarmes\nContr olados pelo pr ocessador DSP\nTipos de Alarmes:\n   \n    •Sonor os: \n       »  A utocheck I nicialização\n       »  Tensão da Rede F ora da F aixa\n       »  Sobr ecar ga de Saída\n       »  F alha I nterna do Estabilizador\n       »  F reqüência da Rede F ora de F aixa\n   \n     •Sinalização: L eds de Status do P ainel\n       »  Rede Nor mal\n       »  Saída Nor mal\n       »  F alhan   \nn   Características de Oper ação\nRuído A udív el: 55 dBA a 60 dBA a 1 metr o\n MTBF (M ean Time Bet ween F ailur es): 50 mil horas\nMTTR (M ean Time To Repair): 30 minutos\nTemperatura Ambiente: \n   \n•Mínimo: 0ºC / M áximo 40ºC\n   \n    •Recomendada: 20ºC a 25ºC\nUmidade Relativa:\n   \n    •0% a 95% sem condensação\n   \n    •Recomendada: 45% a 55%\nAltitude: até 1.800m\n Tipo de Ambiente Recomendado:\n   \n    •Interno, instalação abr igada\n   \n    •Atmosf era: limpa, livr e de par tículas condutivas , \n      gases tó xicos , líquidos e inflamáv eis.\nGrau de P roteção: IP -20n   \nn  \nn   \nn   \n   \nn   \nn    \nn  \nn    \n   2000    2,0       620 X 200 X 600        41  \n   3000    3,0       620 X 200 X 600        43\n   5000    5,0       620 X 200 X 600           47\n   7500    7,5       620 X 200 X 600           61\n 10000  10,0       790 X 400 X 775        119\n 15000  15,0       790 X 400 X 775        147Modelo Potência \nkVADimensões Físicas\nalt x lar g x prof \nmmPeso \nkg\n* Opcional\nCM.MK T MAR 22  -   As especificações estão sujeitas a alterações sem pr évio aviso . Nós incentivamos a r eciclagem\nCertificação de \nSustentabilidade A uditadaESPECIFIC AÇÕES  TÉCNIC ASOs Estabilizador es de Tensão M icroprocessados P erfection MI S2 possuem uma tecnolog ia inédita de duplos con versor es estáticos com módulos IGBT s, de última geração . \nTotalmente contr olado por micr oprocessador DSP – Dig ital Sig nal P rocessor , o estabilizador cor rige instantaneamente qualquer var iação de tensão da r ede elétr ica da \nconcessionár ia, além de atenuar distor ção har mônica, var iações de fr equência e distúr bios elétr icos, gerando uma f orma de onda senoidal pura, e f ornecendo uma linha \nestabilizada ex clusiva e isolada para as aplicações sensív eis.\nA tecnolog ia DSP r ealiza medições em True RMS g raças à amostragem dig ital, sem r etardos ou desvios , com alta v elocidade e confiabilidade . Isso sig nifica que podemos \nproduzir sistemas cada v ez menor es e capaz es de r ealizar mais funções , com elevada confiabilidade .']","A troca de módulos na tecnologia de troca de módulos é um conceito relacionado à eficiência energética e à manutenção dos sistemas, mas não é explicitamente mencionado no contexto fornecido. No entanto, podemos inferir alguns benefícios potenciais em relação aos sistemas trifásicos em data centers, como:

Um sistema trifásico com troca de módulos pode oferecer maior flexibilidade e personalização, permitindo que os operadores de infraestrutura possam atualizar ou substituir módulos individuais, o que pode ser benéfico para manter a eficiência energética e reduzir o custo de operação ao longo do tempo.

Outro benefício potencial é a capacidade de adaptar o sistema às mudanças no consumo de energia ou às novas necessidades do negócio, o que pode ser alcançado com a troca de módulos.","A tecnologia de troca de módulos em sistemas trifásicos permite a substituição sem a necessidade de paralisar todo o sistema, o que proporciona alta disponibilidade e fácil manutenção. Isso é especialmente benéfico em data centers, onde a continuidade do serviço é crucial.",0.674261859530708,0.7635383759840003,0.8041535039360014,,0.0,0.0,0.0,0.0,,
76,Qual o papel da comunicação Modbus RS485 no DSI do transformador para segurança e monitoramento do isolamento?,"['monobloco\n   \n    •Painel F rontal: em ABS de alta r esistência\n  \n    • A cabamento: pintura epó xi-pó na cor g rafite\n       com tratamento tér mico e anti- corrosivo\nTransf ormador Isolador : com blindagem\n    eletr ostátican  \nn  \nn   Alarmes\nContr olados pelo pr ocessador DSP\nTipos de Alarmes:\n   \n    •Sonor os: \n       »  A utocheck I nicialização\n       »  Tensão da Rede F ora da F aixa\n       »  Sobr ecar ga de Saída\n       »  F alha I nterna do Estabilizador\n       »  F reqüência da Rede F ora de F aixa\n   \n     •Sinalização: L eds de Status do P ainel\n       »  Rede Nor mal\n       »  Saída Nor mal\n       »  F alhan   \nn   Características de Oper ação\nRuído A udív el: 55 dBA a 60 dBA a 1 metr o\n MTBF (M ean Time Bet ween F ailur es): 50 mil horas\nMTTR (M ean Time To Repair): 30 minutos\nTemperatura Ambiente: \n   \n•Mínimo: 0ºC / M áximo 40ºC\n   \n    •Recomendada: 20ºC a 25ºC\nUmidade Relativa:\n   \n    •0% a 95% sem condensação\n   \n    •Recomendada: 45% a 55%\nAltitude: até 1.800m\n Tipo de Ambiente Recomendado:\n   \n    •Interno, instalação abr igada\n   \n    •Atmosf era: limpa, livr e de par tículas condutivas , \n      gases tó xicos , líquidos e inflamáv eis.\nGrau de P roteção: IP -20n   \nn  \nn   \nn   \n   \nn   \nn    \nn  \nn    \n   2000    2,0       620 X 200 X 600        41  \n   3000    3,0       620 X 200 X 600        43\n   5000    5,0       620 X 200 X 600           47\n   7500    7,5       620 X 200 X 600           61\n 10000  10,0       790 X 400 X 775        119\n 15000  15,0       790 X 400 X 775        147Modelo Potência \nkVADimensões Físicas\nalt x lar g x prof \nmmPeso \nkg\n* Opcional\nCM.MK T MAR 22  -   As especificações estão sujeitas a alterações sem pr évio aviso . Nós incentivamos a r eciclagem\nCertificação de \nSustentabilidade A uditadaESPECIFIC AÇÕES  TÉCNIC ASOs Estabilizador es de Tensão M icroprocessados P erfection MI S2 possuem uma tecnolog ia inédita de duplos con versor es estáticos com módulos IGBT s, de última geração . \nTotalmente contr olado por micr oprocessador DSP – Dig ital Sig nal P rocessor , o estabilizador cor rige instantaneamente qualquer var iação de tensão da r ede elétr ica da \nconcessionár ia, além de atenuar distor ção har mônica, var iações de fr equência e distúr bios elétr icos, gerando uma f orma de onda senoidal pura, e f ornecendo uma linha \nestabilizada ex clusiva e isolada para as aplicações sensív eis.\nA tecnolog ia DSP r ealiza medições em True RMS g raças à amostragem dig ital, sem r etardos ou desvios , com alta v elocidade e confiabilidade . Isso sig nifica que podemos \nproduzir sistemas cada v ez menor es e capaz es de r ealizar mais funções , com elevada confiabilidade .'
 'Caso ocor ram nív eis maior es do que o nor mal,  o dispositiv o de super visão imediatament e atua, emitindo um sinal de alar me, para a int ervenção \ndas equipes de manut enção . \nO módulo DSI possui um micr oprocessador int erno, comunicação M odbus via RS485 e é pr ojetado dentr o dos cr itérios tecnológ icos mais \navançados ,  sendo pr eciso , segur o e confiá vel, carac terísticas exig idas pelas  aplicações médico -hospitalar es.   \nCARACTERÍSTIC AS TÉCNIC AS \n• \nde 0...999kΩ com r esolução de 1kΩ  \n• Monitorament o de t emperatura do enr olament o secundár io do \ntransf ormador de separação ( T1)  \n• Disponibilidade de utilização de um contat o programá vel para \nsinalização à distância, em caso de falhas int ernas do dispositiv o, \nbaixo nív el de isolament o, medição de elevados valor es de \ntemperatura e de alcance do ajust e de máxima cor rente·\n• Teste de aut o-diag nóstico para ev entuais falhas int ernas do \ndispositiv o, verificação da conexão com a r ede e contr ole de \nfuncionament o\n• Injeção no cir cuito de sinais de contr ole codificados , que não são \ninfluenciados pelos component es de tipo contínuo , emitidos por \ndispositiv os elétr icos de uso médico\n• Saída ser ial RS485 para comunicação MODBUS R TUPossibilidade de escolha de um valor pr eciso de isolament o de r ede Tensão S ecundária :  \nAté 250 V\n Tensão de C urto-cir cuito:\n    3%\nCorrente a Vazio:\n    3% x I n\nConexão Elétrica:  \nPor meio de t erminais\nFixação:  \nPor meio de base metálica/ \nrodízios \nDIMENSÕES TRANSFORMADOR DE SEP ARAÇÃO  Transf ormador de Separação - Gabinete Simples  \nTensão de alimentação: 110V / 230V - 60H z\nTensão máxima de medição: 24V\nTensão da r ede c ontr olador a:  24 a 230V AC\nTensão  de Isolament o: 2,5 kV em 1 minut o \nCorrente máxima de medição: 1mA\nDispositivo Super visor de Isolamento (DSI)\n     3,0   600 X 440 X 400    50\n     5,0       600 X 440 X 400    50\n     7,5       600 X 440 X 400         70\n10,0      600 X 440 X 400    90\n  Potência\nkVAPeso \nkgGabinete simples\nDimensões Físicas\nalt x lar g x prof \nmmO Transformador de Separação é projetado pela CM \nComandos, especificamente para o suprimento de energia de \nsistema médico.\nPossui isolação galvânica reforçada, blindagem eletrostática \nentre enrolamentos primário e secundár io, conectados a um \nterminal própr io e com caracter ísticas elétricas e mecânicas que \ngarantem sua qualidade e confiabilidade.\nPossui sensores de temperatura do tipo PT-100 os quais são \nconectados ao módulo DST para super visão de temperatura.\nO transformador garante a confiabilidade das condições do \nisolamento do circuito elétrico sendo imprescindível para a \nsegurança nas aplicações cirúrgicas.']","A comunicação Modbus RS485 no Dispositivo Super visor de Isolamento (DSI) desempenha um papel crucial na segurança e monitoramento do isolamento do circuito elétrico. Permite a comunicação precisa entre o módulo DSI e outros dispositivos, garantindo uma conexão estável e confiável. Além disso, permite a medição de elevados valores de temperatura e alta velocidade, tornando-se essencial para a segurança nas aplicações cirúrgicas.","A comunicação Modbus RS485 no DSI do transformador é utilizada para a comunicação e monitoramento contínuo do isolamento da rede elétrica, permitindo a supervisão e a intervenção em caso de falhas internas do dispositivo.",0.8632544560495024,,0.9491650054433216,0.99999999995,,0.9999999999,0.0,,,
77,Como a regulação da tensão nas baterias afeta a resistência à corrosão e a durabilidade do sistema?,"['monobloco\n   \n    •Painel F rontal: em ABS de alta r esistência\n  \n    • A cabamento: pintura epó xi-pó na cor g rafite\n       com tratamento tér mico e anti- corrosivo\nTransf ormador Isolador : com blindagem\n    eletr ostátican  \nn  \nn   Alarmes\nContr olados pelo pr ocessador DSP\nTipos de Alarmes:\n   \n    •Sonor os: \n       »  A utocheck I nicialização\n       »  Tensão da Rede F ora da F aixa\n       »  Sobr ecar ga de Saída\n       »  F alha I nterna do Estabilizador\n       »  F reqüência da Rede F ora de F aixa\n   \n     •Sinalização: L eds de Status do P ainel\n       »  Rede Nor mal\n       »  Saída Nor mal\n       »  F alhan   \nn   Características de Oper ação\nRuído A udív el: 55 dBA a 60 dBA a 1 metr o\n MTBF (M ean Time Bet ween F ailur es): 50 mil horas\nMTTR (M ean Time To Repair): 30 minutos\nTemperatura Ambiente: \n   \n•Mínimo: 0ºC / M áximo 40ºC\n   \n    •Recomendada: 20ºC a 25ºC\nUmidade Relativa:\n   \n    •0% a 95% sem condensação\n   \n    •Recomendada: 45% a 55%\nAltitude: até 1.800m\n Tipo de Ambiente Recomendado:\n   \n    •Interno, instalação abr igada\n   \n    •Atmosf era: limpa, livr e de par tículas condutivas , \n      gases tó xicos , líquidos e inflamáv eis.\nGrau de P roteção: IP -20n   \nn  \nn   \nn   \n   \nn   \nn    \nn  \nn    \n   2000    2,0       620 X 200 X 600        41  \n   3000    3,0       620 X 200 X 600        43\n   5000    5,0       620 X 200 X 600           47\n   7500    7,5       620 X 200 X 600           61\n 10000  10,0       790 X 400 X 775        119\n 15000  15,0       790 X 400 X 775        147Modelo Potência \nkVADimensões Físicas\nalt x lar g x prof \nmmPeso \nkg\n* Opcional\nCM.MK T MAR 22  -   As especificações estão sujeitas a alterações sem pr évio aviso . Nós incentivamos a r eciclagem\nCertificação de \nSustentabilidade A uditadaESPECIFIC AÇÕES  TÉCNIC ASOs Estabilizador es de Tensão M icroprocessados P erfection MI S2 possuem uma tecnolog ia inédita de duplos con versor es estáticos com módulos IGBT s, de última geração . \nTotalmente contr olado por micr oprocessador DSP – Dig ital Sig nal P rocessor , o estabilizador cor rige instantaneamente qualquer var iação de tensão da r ede elétr ica da \nconcessionár ia, além de atenuar distor ção har mônica, var iações de fr equência e distúr bios elétr icos, gerando uma f orma de onda senoidal pura, e f ornecendo uma linha \nestabilizada ex clusiva e isolada para as aplicações sensív eis.\nA tecnolog ia DSP r ealiza medições em True RMS g raças à amostragem dig ital, sem r etardos ou desvios , com alta v elocidade e confiabilidade . Isso sig nifica que podemos \nproduzir sistemas cada v ez menor es e capaz es de r ealizar mais funções , com elevada confiabilidade .'
 'Equalização A tiva de Bat erias\nO  QUE  É  ?\nO Equalizer é uma solução revolucionária de Equalização Ativa Individual de Baterias,  desenvolvido e fabricado \nno Brasil, pela CM Comandos. \nCada bateria recebe um Módulo de Bateria, conectado a um controlador, o Master Controller.  O Controller \nsupervisiona a tensão final das baterias e controla os Módulos de Baterias de forma a regular a tensão sobre cada \nbateria, para que todas as baterias sempre apresentem a mesma tensão.\nCada Módulo de Bateria possui um microcontrolador e um módulo ativo que mantêm todas as baterias \nequalizadas. \nA Equalização Ativa faz com que todas as baterias sejam igualmente carregadas com a mesma tensão, \neliminando o efeito negativo de uma bateria sobrecarregar as outras, com excesso de carga ou o inverso, de \nimpedir que as baterias adjacentes sejam carregadas plenamente.\nO Equalizer permite que as  baterias atinjam 100% da sua vida útil, projetada pelos fabricantes. Antes, sem o \nEqualizer, as baterias se deterioravam precocemente e era necessário substituí-las. Dependendo do tipo de \nbateria, a durabilidade pode dobrar,  eliminando substituições  e reduzindo a necessidade de reciclagem.  O \nprocesso de reciclagem consome grandes recursos naturais.\nAlém disso, o sistema impede a queda do sistema por falha de baterias,  enviando alarmes ANTES de ocorrer uma \nfalha do sistema, reduzindo o DOWNTIME e elevando a confiabilidade de todo sistema.\nRede Elétr ica\nde En tradaRetificador\nCarregador\nBanc o de\nBateriasBateria 1\nBateria 2\nBateria 3\nBateria nEqualizer\nEqualizer\nEqualizer\nEqualizerMaster\nController\nCorrente Alt ernada de Entrada\nCabo de Comunicação Cabo de Medição Módulo EqualizerCorr ente ContínuaCOMO FUNCIONA ?\nEqualiz er - Equalização A tiva\nA central contr ola cada módulo , conec tado em \nparalelo com a bat eria e contr ola a t ensão de f orma \nque t odas fiquem iguais . Além disso , monit ora  \nconstant ement e a Resist ência I nterna e a \nTemperatura individualment e de cada bat eria, \narmaz ena os dados para análise e emit e alar mes \nantes de ocor rer a falh a.']","A regulação da tensão nas baterias pode ter um impacto positivo na resistência à corrosão e na durabilidade do sistema. Uma tensão uniforme nas baterias reduz o estresse ecológico imposto pela sobrecarga ou superabordagem, o que minimiza a formação de corrosão por reações químicas entre as íons de hidrogênio e oxigênio na superfície das lâminas.","A regulação da tensão nas baterias, realizada pela Equalização Ativa, eleva a durabilidade, capacidade e resistência contra corrosão e sulfatação, garantindo que todas as baterias sejam igualmente carregadas e mantenham a mesma tensão.",0.674132692374455,0.4732769339887361,0.8931077359549444,0.49999999995,0.6666666666666666,0.99999999995,0.0,0.0,,0.5
78,"Qual a temperatura ideal para o No-Break, considerando baterias e ambiente?","['n  Rendimento: 95% \nBaterias\nn  Tensão de Linha:\n• 380/400/415V : ± 240 Vdc (40 baterias)   \n• 200/208/220V : ± 120 Vdc (20 baterias)   \nn  Sistema de Recarga: controlado, automático\nn  Tempo de Recarga:  8 a 10 horas para 90% da \ncarga\nn Tipo: seladas, isentas de manutenção\nBy-pass estático \nn  Acionamento: automático controlado pelo \nDSP\nn  Tempo de Transferência: 0 ms (nulo)\nn   Retransferência ao Modo Normal:  \nautomática\nBy-pass estático de Manutenção\nPermite manutenção do No-Break sem \ndesligar a carga\nn  Acionamento:  manual através de disjuntor\nn  Reposição ao modo normal: sem interrupção\nProteções Elétricas\nn  Sub e Sobre Tensão de Entrada e Saída \nn  Sub e Sobre Tensão DC e Bateria \nn  Sobrecarga e Curto-circuito\nn  Mínima descarga de bateria\nn  Sobre temperatura \nMedições\nn  True RMS \nn  Potência de saída em kVA\nn  Potência de saída em kW\nn  Fator de Potência de saídan  Tensão de Saída\nn  Frequência de Saída \nn  Tensão de Bateria\nn  Corrente de Bateria*\nn  Fator de Potência de Entrada*\nn  Tensão de Entrada\nn  Corrente de Entrada*\nn  Frequência de Entrada\nAlarmes\nControlados pelo processador DSP\nn Tipos de Alarmes:\n• Sonoros:\n       »  Falta de Rede - 1 toque a cada 4 segundos\n       »  Pré-alarme das Baterias: 1 toque por segundo\n       »  Falha Interna do No-Break: alarme contínuo\n• Mensagens de alerta:\n       »  Display de Cristal líquido\n       »  Display em LCD\n       »  Mensagem por e-mail, celular ou pop-up:\n       - Operação Normal\n       - Falha de Rede \n       - Pré-alarme de Baterias\n       - Bypass Estático ativo\n       - Bypass Manual ativo\n       - Sobrecarga de Saída\n       - Falha Interna\nLog de Eventos\nn  Registros Armazenados:\n    •    5 mil registros em memória interna\n    •    Indicação de data, hora e ocorrência \n    •    Medições  \n    •    Status de operação e alarmes do painel \nCaracterísticas de operação\nn Ruído Audível: 55 dBA a 60 dBA a 1 metro\nn MTBF (Mean Time Between Failures): 250 mil horas   \nn MTTR (Mean Time To Repair): 30 minutos\nn Temperatura ambiente:\n   • No-Break: 20ºC a 40ºC \n   • Baterias: 0ºC a 30ºC\n   • Recomendada: 20ºC a 25ºC\nn Umidade Relativa:\n  • 0% a 95% sem condensação\n  • Recomendada: 45% a 55%\nn Atitude: até 1.000m\nn Tipo de Ambiente Recomendado:\n  • Interno, instalação abrigada\n  • Atmosfera: limpa, livre de partículas condutivas, \ngases tóxicos, líquidos e inﬂ  amáveis.'
 'Caso ocor ram nív eis maior es do que o nor mal,  o dispositiv o de super visão imediatament e atua, emitindo um sinal de alar me, para a int ervenção \ndas equipes de manut enção . \nO módulo DSI possui um micr oprocessador int erno, comunicação M odbus via RS485 e é pr ojetado dentr o dos cr itérios tecnológ icos mais \navançados ,  sendo pr eciso , segur o e confiá vel, carac terísticas exig idas pelas  aplicações médico -hospitalar es.   \nCARACTERÍSTIC AS TÉCNIC AS \n• \nde 0...999kΩ com r esolução de 1kΩ  \n• Monitorament o de t emperatura do enr olament o secundár io do \ntransf ormador de separação ( T1)  \n• Disponibilidade de utilização de um contat o programá vel para \nsinalização à distância, em caso de falhas int ernas do dispositiv o, \nbaixo nív el de isolament o, medição de elevados valor es de \ntemperatura e de alcance do ajust e de máxima cor rente·\n• Teste de aut o-diag nóstico para ev entuais falhas int ernas do \ndispositiv o, verificação da conexão com a r ede e contr ole de \nfuncionament o\n• Injeção no cir cuito de sinais de contr ole codificados , que não são \ninfluenciados pelos component es de tipo contínuo , emitidos por \ndispositiv os elétr icos de uso médico\n• Saída ser ial RS485 para comunicação MODBUS R TUPossibilidade de escolha de um valor pr eciso de isolament o de r ede Tensão S ecundária :  \nAté 250 V\n Tensão de C urto-cir cuito:\n    3%\nCorrente a Vazio:\n    3% x I n\nConexão Elétrica:  \nPor meio de t erminais\nFixação:  \nPor meio de base metálica/ \nrodízios \nDIMENSÕES TRANSFORMADOR DE SEP ARAÇÃO  Transf ormador de Separação - Gabinete Simples  \nTensão de alimentação: 110V / 230V - 60H z\nTensão máxima de medição: 24V\nTensão da r ede c ontr olador a:  24 a 230V AC\nTensão  de Isolament o: 2,5 kV em 1 minut o \nCorrente máxima de medição: 1mA\nDispositivo Super visor de Isolamento (DSI)\n     3,0   600 X 440 X 400    50\n     5,0       600 X 440 X 400    50\n     7,5       600 X 440 X 400         70\n10,0      600 X 440 X 400    90\n  Potência\nkVAPeso \nkgGabinete simples\nDimensões Físicas\nalt x lar g x prof \nmmO Transformador de Separação é projetado pela CM \nComandos, especificamente para o suprimento de energia de \nsistema médico.\nPossui isolação galvânica reforçada, blindagem eletrostática \nentre enrolamentos primário e secundár io, conectados a um \nterminal própr io e com caracter ísticas elétricas e mecânicas que \ngarantem sua qualidade e confiabilidade.\nPossui sensores de temperatura do tipo PT-100 os quais são \nconectados ao módulo DST para super visão de temperatura.\nO transformador garante a confiabilidade das condições do \nisolamento do circuito elétrico sendo imprescindível para a \nsegurança nas aplicações cirúrgicas.']",20ºC.,"A temperatura ideal para o No-Break é recomendada entre 20°C a 25°C, enquanto as baterias devem estar entre 0°C a 30°C.",0.8353288241456679,0.3585224015275607,0.5769467489673857,0.99999999995,,0.99999999995,0.0,,,0.5
79,Quais os benefícios do suporte 24h da CM Comandos para No-Breaks em aplicações críticas?,"['Alta Tecnologia em\nProcessamento Digital\nde Sinais - DSP\nO S M A I S M O D E R N O S\nN O B R E A K S C O R P O R AT I V O SVivemos em um mundo cada vez mais ágil e prático. Um mundo conectado por processadores, chips, softwares e \nperiféricos. Mas isso ainda não é o bastante. Por isso, o mundo caminha para tecnologias de processamento imediato \nde dados. A CM Comandos Lineares está um passo à frente e oferece aos seus clientes produtos dotados de uma \ntecnologia revolucionária, denominada Processamento Digital de Sinais -- DSP .\nToda a linha de No Breaks Innovation S1 Trifásico  \nTransformerless conta com a tecnologia DS P.   \nCaracterística que proporciona alta performance e \nconfiabilidade, tornando-os ideais para aplicações de missão crítica. Ou seja, protegem as aplicações nas quais a \ncontinuidade da operação é de fundamental importância.\ndos equipamentos pode ser atualizado, \nacrescentando novas funções em \nunidades já instaladas. Hoje, esta tecnologia está presente nos mais sofisticados sistemas eletrônicos, devido à sua alta velocidade e \nconfiabilidade. Processadores Digitais de Sinais são capazes de processar dez milhões de amostragens por segundo. \nIsso significa processamento em tempo real -- o sinal é processado no mesmo instante em que é recebido, sem \nretardos ou atrasos.\nProjetados com o uso intenso dos recursos da tecnologia DSP ,  os No Breaks Innovation Trifásico Transformerless  \nagregam novos  e avançados recursos, que estabelecem um novo conceito em desenvolvimento, no qual o firmware \nAo pensar em adquirir No Breaks,     \nconte com as soluções da\nCM Comandos, que asseguram \ntecnologia de ponta, máxima proteção, \nprecisão digital e processamento        \nem tempo real.'
 'Alta Tecnolog ia em\nEstabilizador es de Tensão DSP\nDigital Sig nal P rocessor\nOS MAIS  MODERNOS  ESTABILIZADORES CORPORATIVOSVivemos em um mundo cada vez mais ágil e prático . Um mundo unido por processador es, chips , softwares e periféricos, \nmas isso ainda não é o bastant e,  por isso o mundo caminha para tecnolog ias de processament o imediat o de dados . A  \nCM Comandos Linear es está um passo à frente e oferece aos seus client es produt os de alta tecnolog ia digital.\ne, esta tecnolog ia está present e soment e nos mais sofisticados sistemas eletr ônicos, devido à sua alta velocidade e \nconfiabilidade . Isso significa que podemos produzir sistemas cada vez menor es,  mais rápidos , capaz es de realizar mais \nfunções e, ao mesmo tempo , elevar cada vez mais a confiabilidade das nossas soluções .Hoj\nOutr o diferencial  é a capacidade de corrigir as \nvariações extremas de corrente de carga. Esta \ncarac terística propor ciona alta performance e \nconfiabilidade , tornando os Estabilizador es \nPerfection SP  ideais  para cargas que geram \npicos de alta  corrente e que necessitam de \nproteção  e  ener gia estabilizada. \nAo pensar em adquir ir Estabilizador es de \nTensão, conte com as soluções CM \nComandos , que asseguram tecnolog ia de \nponta, máxima proteção , precisão digital e \nprocessament o DSP em tempo real.\nA linha de Estabilizador es de Tensão Perfection Série Premium, utiliza uma tecnolog ia inédita de conversor es estáticos \ncom módulos IGBT s de última geração .  Contr olado por micr oprocessador  DSP,  corrige instantaneament e qualquer \nvariação de tensão da rede elétr ica da concessionár ia, tudo na velocidade de amostragem digital, sem retardos ou \ndesvios .  Todos os setups e configurações são r ealizados por sof tware, além disso ,  possui um ex clusiv o registro log de \neventos, permitindo total rastr eabilidade em caso de anomalias .']","Com o suporte 24h da CM Comandos para No-Breaks, as aplicações podem ser protegidas continuamente, garantindo a confiabilidade e a estabilidade operacional. Isso permite que os clientes mantenham suas operações sem interrupção, mesmo fora do horário de trabalho regular, proporcionando paz de espírito e reduzindo o risco de perda de produção ou outros impactos negativos. Além disso, com soluções personalizadas e tecnologia de ponta garantida, os clientes podem contar com as melhores soluções para aplicações onde a segurança e confiabilidade são fundamentais.","O suporte 24 horas da CM Comandos para No-Breaks em aplicações críticas oferece atendimento contínuo, garantindo que os clientes tenham acesso a assistência técnica sempre que necessário. Isso assegura a excelência dos serviços de suporte, minimizando falhas e custos de manutenção, além de proporcionar maior confiabilidade e produtividade nas operações.",0.6777793817837785,0.3832840295592677,0.9331361182370708,0.99999999995,0.75,0.9999999999,0.1111111109876543,,,1.0
80,"Qual a temperatura ideal para o No-Break, levando em conta as baterias e o ambiente?","['Caso ocor ram nív eis maior es do que o nor mal,  o dispositiv o de super visão imediatament e atua, emitindo um sinal de alar me, para a int ervenção \ndas equipes de manut enção . \nO módulo DSI possui um micr oprocessador int erno, comunicação M odbus via RS485 e é pr ojetado dentr o dos cr itérios tecnológ icos mais \navançados ,  sendo pr eciso , segur o e confiá vel, carac terísticas exig idas pelas  aplicações médico -hospitalar es.   \nCARACTERÍSTIC AS TÉCNIC AS \n• \nde 0...999kΩ com r esolução de 1kΩ  \n• Monitorament o de t emperatura do enr olament o secundár io do \ntransf ormador de separação ( T1)  \n• Disponibilidade de utilização de um contat o programá vel para \nsinalização à distância, em caso de falhas int ernas do dispositiv o, \nbaixo nív el de isolament o, medição de elevados valor es de \ntemperatura e de alcance do ajust e de máxima cor rente·\n• Teste de aut o-diag nóstico para ev entuais falhas int ernas do \ndispositiv o, verificação da conexão com a r ede e contr ole de \nfuncionament o\n• Injeção no cir cuito de sinais de contr ole codificados , que não são \ninfluenciados pelos component es de tipo contínuo , emitidos por \ndispositiv os elétr icos de uso médico\n• Saída ser ial RS485 para comunicação MODBUS R TUPossibilidade de escolha de um valor pr eciso de isolament o de r ede Tensão S ecundária :  \nAté 250 V\n Tensão de C urto-cir cuito:\n    3%\nCorrente a Vazio:\n    3% x I n\nConexão Elétrica:  \nPor meio de t erminais\nFixação:  \nPor meio de base metálica/ \nrodízios \nDIMENSÕES TRANSFORMADOR DE SEP ARAÇÃO  Transf ormador de Separação - Gabinete Simples  \nTensão de alimentação: 110V / 230V - 60H z\nTensão máxima de medição: 24V\nTensão da r ede c ontr olador a:  24 a 230V AC\nTensão  de Isolament o: 2,5 kV em 1 minut o \nCorrente máxima de medição: 1mA\nDispositivo Super visor de Isolamento (DSI)\n     3,0   600 X 440 X 400    50\n     5,0       600 X 440 X 400    50\n     7,5       600 X 440 X 400         70\n10,0      600 X 440 X 400    90\n  Potência\nkVAPeso \nkgGabinete simples\nDimensões Físicas\nalt x lar g x prof \nmmO Transformador de Separação é projetado pela CM \nComandos, especificamente para o suprimento de energia de \nsistema médico.\nPossui isolação galvânica reforçada, blindagem eletrostática \nentre enrolamentos primário e secundár io, conectados a um \nterminal própr io e com caracter ísticas elétricas e mecânicas que \ngarantem sua qualidade e confiabilidade.\nPossui sensores de temperatura do tipo PT-100 os quais são \nconectados ao módulo DST para super visão de temperatura.\nO transformador garante a confiabilidade das condições do \nisolamento do circuito elétrico sendo imprescindível para a \nsegurança nas aplicações cirúrgicas.'
 'n  Rendimento: 95% \nBaterias\nn  Tensão de Linha:\n• 380/400/415V : ± 240 Vdc (40 baterias)   \n• 200/208/220V : ± 120 Vdc (20 baterias)   \nn  Sistema de Recarga: controlado, automático\nn  Tempo de Recarga:  8 a 10 horas para 90% da \ncarga\nn Tipo: seladas, isentas de manutenção\nBy-pass estático \nn  Acionamento: automático controlado pelo \nDSP\nn  Tempo de Transferência: 0 ms (nulo)\nn   Retransferência ao Modo Normal:  \nautomática\nBy-pass estático de Manutenção\nPermite manutenção do No-Break sem \ndesligar a carga\nn  Acionamento:  manual através de disjuntor\nn  Reposição ao modo normal: sem interrupção\nProteções Elétricas\nn  Sub e Sobre Tensão de Entrada e Saída \nn  Sub e Sobre Tensão DC e Bateria \nn  Sobrecarga e Curto-circuito\nn  Mínima descarga de bateria\nn  Sobre temperatura \nMedições\nn  True RMS \nn  Potência de saída em kVA\nn  Potência de saída em kW\nn  Fator de Potência de saídan  Tensão de Saída\nn  Frequência de Saída \nn  Tensão de Bateria\nn  Corrente de Bateria*\nn  Fator de Potência de Entrada*\nn  Tensão de Entrada\nn  Corrente de Entrada*\nn  Frequência de Entrada\nAlarmes\nControlados pelo processador DSP\nn Tipos de Alarmes:\n• Sonoros:\n       »  Falta de Rede - 1 toque a cada 4 segundos\n       »  Pré-alarme das Baterias: 1 toque por segundo\n       »  Falha Interna do No-Break: alarme contínuo\n• Mensagens de alerta:\n       »  Display de Cristal líquido\n       »  Display em LCD\n       »  Mensagem por e-mail, celular ou pop-up:\n       - Operação Normal\n       - Falha de Rede \n       - Pré-alarme de Baterias\n       - Bypass Estático ativo\n       - Bypass Manual ativo\n       - Sobrecarga de Saída\n       - Falha Interna\nLog de Eventos\nn  Registros Armazenados:\n    •    5 mil registros em memória interna\n    •    Indicação de data, hora e ocorrência \n    •    Medições  \n    •    Status de operação e alarmes do painel \nCaracterísticas de operação\nn Ruído Audível: 55 dBA a 60 dBA a 1 metro\nn MTBF (Mean Time Between Failures): 250 mil horas   \nn MTTR (Mean Time To Repair): 30 minutos\nn Temperatura ambiente:\n   • No-Break: 20ºC a 40ºC \n   • Baterias: 0ºC a 30ºC\n   • Recomendada: 20ºC a 25ºC\nn Umidade Relativa:\n  • 0% a 95% sem condensação\n  • Recomendada: 45% a 55%\nn Atitude: até 1.000m\nn Tipo de Ambiente Recomendado:\n  • Interno, instalação abrigada\n  • Atmosfera: limpa, livre de partículas condutivas, \ngases tóxicos, líquidos e inﬂ  amáveis.']",A temperatura ideal para o No-Break é de 20ºC a 25°C.,"A temperatura ideal para o No-Break é de 20°C a 25°C, enquanto as baterias devem estar em uma temperatura de 0°C a 30°C.",0.6937296221507547,0.9804190994689095,0.9216763978756382,0.99999999995,,0.99999999995,0.0,,,0.5
81,Como a combinação de potências em No Breaks afeta a carga e a confiabilidade em alta demanda?,"['Equalização A tiva de Bat erias\nO  QUE  É  ?\nO Equalizer é uma solução revolucionária de Equalização Ativa Individual de Baterias,  desenvolvido e fabricado \nno Brasil, pela CM Comandos. \nCada bateria recebe um Módulo de Bateria, conectado a um controlador, o Master Controller.  O Controller \nsupervisiona a tensão final das baterias e controla os Módulos de Baterias de forma a regular a tensão sobre cada \nbateria, para que todas as baterias sempre apresentem a mesma tensão.\nCada Módulo de Bateria possui um microcontrolador e um módulo ativo que mantêm todas as baterias \nequalizadas. \nA Equalização Ativa faz com que todas as baterias sejam igualmente carregadas com a mesma tensão, \neliminando o efeito negativo de uma bateria sobrecarregar as outras, com excesso de carga ou o inverso, de \nimpedir que as baterias adjacentes sejam carregadas plenamente.\nO Equalizer permite que as  baterias atinjam 100% da sua vida útil, projetada pelos fabricantes. Antes, sem o \nEqualizer, as baterias se deterioravam precocemente e era necessário substituí-las. Dependendo do tipo de \nbateria, a durabilidade pode dobrar,  eliminando substituições  e reduzindo a necessidade de reciclagem.  O \nprocesso de reciclagem consome grandes recursos naturais.\nAlém disso, o sistema impede a queda do sistema por falha de baterias,  enviando alarmes ANTES de ocorrer uma \nfalha do sistema, reduzindo o DOWNTIME e elevando a confiabilidade de todo sistema.\nRede Elétr ica\nde En tradaRetificador\nCarregador\nBanc o de\nBateriasBateria 1\nBateria 2\nBateria 3\nBateria nEqualizer\nEqualizer\nEqualizer\nEqualizerMaster\nController\nCorrente Alt ernada de Entrada\nCabo de Comunicação Cabo de Medição Módulo EqualizerCorr ente ContínuaCOMO FUNCIONA ?\nEqualiz er - Equalização A tiva\nA central contr ola cada módulo , conec tado em \nparalelo com a bat eria e contr ola a t ensão de f orma \nque t odas fiquem iguais . Além disso , monit ora  \nconstant ement e a Resist ência I nterna e a \nTemperatura individualment e de cada bat eria, \narmaz ena os dados para análise e emit e alar mes \nantes de ocor rer a falh a.'
 'Alta Tecnologia em\nProcessamento Digital\nde Sinais - DSP\nO S M A I S M O D E R N O S\nN O B R E A K S C O R P O R AT I V O SVivemos em um mundo cada vez mais ágil e prático. Um mundo conectado por processadores, chips, softwares e \nperiféricos. Mas isso ainda não é o bastante. Por isso, o mundo caminha para tecnologias de processamento imediato \nde dados. A CM Comandos Lineares está um passo à frente e oferece aos seus clientes produtos dotados de uma \ntecnologia revolucionária, denominada Processamento Digital de Sinais -- DSP .\nToda a linha de No Breaks Innovation S1 Trifásico  \nTransformerless conta com a tecnologia DS P.   \nCaracterística que proporciona alta performance e \nconfiabilidade, tornando-os ideais para aplicações de missão crítica. Ou seja, protegem as aplicações nas quais a \ncontinuidade da operação é de fundamental importância.\ndos equipamentos pode ser atualizado, \nacrescentando novas funções em \nunidades já instaladas. Hoje, esta tecnologia está presente nos mais sofisticados sistemas eletrônicos, devido à sua alta velocidade e \nconfiabilidade. Processadores Digitais de Sinais são capazes de processar dez milhões de amostragens por segundo. \nIsso significa processamento em tempo real -- o sinal é processado no mesmo instante em que é recebido, sem \nretardos ou atrasos.\nProjetados com o uso intenso dos recursos da tecnologia DSP ,  os No Breaks Innovation Trifásico Transformerless  \nagregam novos  e avançados recursos, que estabelecem um novo conceito em desenvolvimento, no qual o firmware \nAo pensar em adquirir No Breaks,     \nconte com as soluções da\nCM Comandos, que asseguram \ntecnologia de ponta, máxima proteção, \nprecisão digital e processamento        \nem tempo real.']","A combinação de potências em No Breaks, com sua tecnologia de Processamento Digital de Sinais (DSP), proporciona uma alta performance e confiabilidade, tornando-as ideais para aplicações de missão crítica. Isso se deve à capacidade do sistema de processar sinais em tempo real, sem retardos ou atrasos, o que é fundamental para garantir a continuidade da operação.

Além disso, a tecnologia DSP permite que os No Breaks sejam projetados com uso intenso dos recursos, adicionando novas funções e recursos avançados. Isso inclui a capacidade de atualizar o firmware, o que permite agregar novas funcionalidades às unidades já instaladas.

A combinação dessas tecnologias resulta em uma alta confiabilidade do sistema, pois é capaz de processar sinais em tempo real e detectar qualquer problema antes que ele ocorra. Além disso, a tecnologia DSP proporciona uma precisão digital elevada, o que é essencial para garantir a segurança e a estabilidade do sistema.

Em resumo, a combinação de potências em No Breaks com sua tecnologia de Processamento Digital de Sinais (DSP) afeta a carga e a confiabilidade em alta demanda de maneira positiva, proporcionando uma alta performance, confiabilidade e precisão digital.","A combinação de potências em No Breaks permite a somatória de potência, utilizando dois ou mais No Breaks para atingir a demanda da carga total. Quando a ligação é feita com No Breaks de potências diferentes, a carga será distribuída proporcionalmente, o que eleva a capacidade do sistema e a confiabilidade de sua aplicação, especialmente em situações de alta demanda.",0.6539742434485043,0.46527321237779284,0.8610928495111714,0.49999999995,1.0,0.49999999995,0.0,,,0.07692307692307693
82,Quais atributos dos No-Breaks com DSP são essenciais para aplicações críticas?,"['Alta Tecnologia em\nProcessamento Digital\nde Sinais - DSP\nO S M A I S M O D E R N O S\nN O B R E A K S C O R P O R AT I V O SVivemos em um mundo cada vez mais ágil e prático. Um mundo conectado por processadores, chips, softwares e \nperiféricos. Mas isso ainda não é o bastante. Por isso, o mundo caminha para tecnologias de processamento imediato \nde dados. A CM Comandos Lineares está um passo à frente e oferece aos seus clientes produtos dotados de uma \ntecnologia revolucionária, denominada Processamento Digital de Sinais -- DSP .\nToda a linha de No Breaks Innovation S1 Trifásico  \nTransformerless conta com a tecnologia DS P.   \nCaracterística que proporciona alta performance e \nconfiabilidade, tornando-os ideais para aplicações de missão crítica. Ou seja, protegem as aplicações nas quais a \ncontinuidade da operação é de fundamental importância.\ndos equipamentos pode ser atualizado, \nacrescentando novas funções em \nunidades já instaladas. Hoje, esta tecnologia está presente nos mais sofisticados sistemas eletrônicos, devido à sua alta velocidade e \nconfiabilidade. Processadores Digitais de Sinais são capazes de processar dez milhões de amostragens por segundo. \nIsso significa processamento em tempo real -- o sinal é processado no mesmo instante em que é recebido, sem \nretardos ou atrasos.\nProjetados com o uso intenso dos recursos da tecnologia DSP ,  os No Breaks Innovation Trifásico Transformerless  \nagregam novos  e avançados recursos, que estabelecem um novo conceito em desenvolvimento, no qual o firmware \nAo pensar em adquirir No Breaks,     \nconte com as soluções da\nCM Comandos, que asseguram \ntecnologia de ponta, máxima proteção, \nprecisão digital e processamento        \nem tempo real.'
 'Equalização A tiva de Bat erias\nO  QUE  É  ?\nO Equalizer é uma solução revolucionária de Equalização Ativa Individual de Baterias,  desenvolvido e fabricado \nno Brasil, pela CM Comandos. \nCada bateria recebe um Módulo de Bateria, conectado a um controlador, o Master Controller.  O Controller \nsupervisiona a tensão final das baterias e controla os Módulos de Baterias de forma a regular a tensão sobre cada \nbateria, para que todas as baterias sempre apresentem a mesma tensão.\nCada Módulo de Bateria possui um microcontrolador e um módulo ativo que mantêm todas as baterias \nequalizadas. \nA Equalização Ativa faz com que todas as baterias sejam igualmente carregadas com a mesma tensão, \neliminando o efeito negativo de uma bateria sobrecarregar as outras, com excesso de carga ou o inverso, de \nimpedir que as baterias adjacentes sejam carregadas plenamente.\nO Equalizer permite que as  baterias atinjam 100% da sua vida útil, projetada pelos fabricantes. Antes, sem o \nEqualizer, as baterias se deterioravam precocemente e era necessário substituí-las. Dependendo do tipo de \nbateria, a durabilidade pode dobrar,  eliminando substituições  e reduzindo a necessidade de reciclagem.  O \nprocesso de reciclagem consome grandes recursos naturais.\nAlém disso, o sistema impede a queda do sistema por falha de baterias,  enviando alarmes ANTES de ocorrer uma \nfalha do sistema, reduzindo o DOWNTIME e elevando a confiabilidade de todo sistema.\nRede Elétr ica\nde En tradaRetificador\nCarregador\nBanc o de\nBateriasBateria 1\nBateria 2\nBateria 3\nBateria nEqualizer\nEqualizer\nEqualizer\nEqualizerMaster\nController\nCorrente Alt ernada de Entrada\nCabo de Comunicação Cabo de Medição Módulo EqualizerCorr ente ContínuaCOMO FUNCIONA ?\nEqualiz er - Equalização A tiva\nA central contr ola cada módulo , conec tado em \nparalelo com a bat eria e contr ola a t ensão de f orma \nque t odas fiquem iguais . Além disso , monit ora  \nconstant ement e a Resist ência I nterna e a \nTemperatura individualment e de cada bat eria, \narmaz ena os dados para análise e emit e alar mes \nantes de ocor rer a falh a.']","A alta confiabilidade e o processamento em tempo real são essenciais para aplicações críticas. Além disso, a capacidade de processar grandes quantidades de dados rapidamente é crucial para evitar atrasos ou falhas no sistema.","Os atributos essenciais dos No-Breaks com DSP para aplicações críticas incluem alta performance, confiabilidade e a capacidade de processar dados em tempo real, garantindo que o sinal seja processado no mesmo instante em que é recebido, sem retardos ou atrasos.",0.6882183776018023,0.4676801770568169,0.8707207082272677,0.99999999995,0.5,,0.0,,,0.5
83,Qual a função da memória interna na documentação de eventos em sistemas DSP com gerenciamento remoto?,"['monobloco\n   \n    •Painel F rontal: em ABS de alta r esistência\n  \n    • A cabamento: pintura epó xi-pó na cor g rafite\n       com tratamento tér mico e anti- corrosivo\nTransf ormador Isolador : com blindagem\n    eletr ostátican  \nn  \nn   Alarmes\nContr olados pelo pr ocessador DSP\nTipos de Alarmes:\n   \n    •Sonor os: \n       »  A utocheck I nicialização\n       »  Tensão da Rede F ora da F aixa\n       »  Sobr ecar ga de Saída\n       »  F alha I nterna do Estabilizador\n       »  F reqüência da Rede F ora de F aixa\n   \n     •Sinalização: L eds de Status do P ainel\n       »  Rede Nor mal\n       »  Saída Nor mal\n       »  F alhan   \nn   Características de Oper ação\nRuído A udív el: 55 dBA a 60 dBA a 1 metr o\n MTBF (M ean Time Bet ween F ailur es): 50 mil horas\nMTTR (M ean Time To Repair): 30 minutos\nTemperatura Ambiente: \n   \n•Mínimo: 0ºC / M áximo 40ºC\n   \n    •Recomendada: 20ºC a 25ºC\nUmidade Relativa:\n   \n    •0% a 95% sem condensação\n   \n    •Recomendada: 45% a 55%\nAltitude: até 1.800m\n Tipo de Ambiente Recomendado:\n   \n    •Interno, instalação abr igada\n   \n    •Atmosf era: limpa, livr e de par tículas condutivas , \n      gases tó xicos , líquidos e inflamáv eis.\nGrau de P roteção: IP -20n   \nn  \nn   \nn   \n   \nn   \nn    \nn  \nn    \n   2000    2,0       620 X 200 X 600        41  \n   3000    3,0       620 X 200 X 600        43\n   5000    5,0       620 X 200 X 600           47\n   7500    7,5       620 X 200 X 600           61\n 10000  10,0       790 X 400 X 775        119\n 15000  15,0       790 X 400 X 775        147Modelo Potência \nkVADimensões Físicas\nalt x lar g x prof \nmmPeso \nkg\n* Opcional\nCM.MK T MAR 22  -   As especificações estão sujeitas a alterações sem pr évio aviso . Nós incentivamos a r eciclagem\nCertificação de \nSustentabilidade A uditadaESPECIFIC AÇÕES  TÉCNIC ASOs Estabilizador es de Tensão M icroprocessados P erfection MI S2 possuem uma tecnolog ia inédita de duplos con versor es estáticos com módulos IGBT s, de última geração . \nTotalmente contr olado por micr oprocessador DSP – Dig ital Sig nal P rocessor , o estabilizador cor rige instantaneamente qualquer var iação de tensão da r ede elétr ica da \nconcessionár ia, além de atenuar distor ção har mônica, var iações de fr equência e distúr bios elétr icos, gerando uma f orma de onda senoidal pura, e f ornecendo uma linha \nestabilizada ex clusiva e isolada para as aplicações sensív eis.\nA tecnolog ia DSP r ealiza medições em True RMS g raças à amostragem dig ital, sem r etardos ou desvios , com alta v elocidade e confiabilidade . Isso sig nifica que podemos \nproduzir sistemas cada v ez menor es e capaz es de r ealizar mais funções , com elevada confiabilidade .'
 'Equalização A tiva de Bat erias\nO  QUE  É  ?\nO Equalizer é uma solução revolucionária de Equalização Ativa Individual de Baterias,  desenvolvido e fabricado \nno Brasil, pela CM Comandos. \nCada bateria recebe um Módulo de Bateria, conectado a um controlador, o Master Controller.  O Controller \nsupervisiona a tensão final das baterias e controla os Módulos de Baterias de forma a regular a tensão sobre cada \nbateria, para que todas as baterias sempre apresentem a mesma tensão.\nCada Módulo de Bateria possui um microcontrolador e um módulo ativo que mantêm todas as baterias \nequalizadas. \nA Equalização Ativa faz com que todas as baterias sejam igualmente carregadas com a mesma tensão, \neliminando o efeito negativo de uma bateria sobrecarregar as outras, com excesso de carga ou o inverso, de \nimpedir que as baterias adjacentes sejam carregadas plenamente.\nO Equalizer permite que as  baterias atinjam 100% da sua vida útil, projetada pelos fabricantes. Antes, sem o \nEqualizer, as baterias se deterioravam precocemente e era necessário substituí-las. Dependendo do tipo de \nbateria, a durabilidade pode dobrar,  eliminando substituições  e reduzindo a necessidade de reciclagem.  O \nprocesso de reciclagem consome grandes recursos naturais.\nAlém disso, o sistema impede a queda do sistema por falha de baterias,  enviando alarmes ANTES de ocorrer uma \nfalha do sistema, reduzindo o DOWNTIME e elevando a confiabilidade de todo sistema.\nRede Elétr ica\nde En tradaRetificador\nCarregador\nBanc o de\nBateriasBateria 1\nBateria 2\nBateria 3\nBateria nEqualizer\nEqualizer\nEqualizer\nEqualizerMaster\nController\nCorrente Alt ernada de Entrada\nCabo de Comunicação Cabo de Medição Módulo EqualizerCorr ente ContínuaCOMO FUNCIONA ?\nEqualiz er - Equalização A tiva\nA central contr ola cada módulo , conec tado em \nparalelo com a bat eria e contr ola a t ensão de f orma \nque t odas fiquem iguais . Além disso , monit ora  \nconstant ement e a Resist ência I nterna e a \nTemperatura individualment e de cada bat eria, \narmaz ena os dados para análise e emit e alar mes \nantes de ocor rer a falh a.']",A memória interna no sistema DSP com gerenciamento remoto armazena dados para análise e emitir alarmes antes de ocorrer uma falha.,"A memória interna é utilizada para registro de eventos, permitindo que as manobras sejam registradas e gravadas no log de eventos.",0.7143417735503023,0.5230109751079025,0.8920439004316097,0.49999999995,1.0,0.99999999995,0.0,,,0.2
84,Qual a função do registro permanente no DSP para correção do fator de potência e manutenção de energia em eventos críticos?,"['Equalização A tiva de Bat erias\nO  QUE  É  ?\nO Equalizer é uma solução revolucionária de Equalização Ativa Individual de Baterias,  desenvolvido e fabricado \nno Brasil, pela CM Comandos. \nCada bateria recebe um Módulo de Bateria, conectado a um controlador, o Master Controller.  O Controller \nsupervisiona a tensão final das baterias e controla os Módulos de Baterias de forma a regular a tensão sobre cada \nbateria, para que todas as baterias sempre apresentem a mesma tensão.\nCada Módulo de Bateria possui um microcontrolador e um módulo ativo que mantêm todas as baterias \nequalizadas. \nA Equalização Ativa faz com que todas as baterias sejam igualmente carregadas com a mesma tensão, \neliminando o efeito negativo de uma bateria sobrecarregar as outras, com excesso de carga ou o inverso, de \nimpedir que as baterias adjacentes sejam carregadas plenamente.\nO Equalizer permite que as  baterias atinjam 100% da sua vida útil, projetada pelos fabricantes. Antes, sem o \nEqualizer, as baterias se deterioravam precocemente e era necessário substituí-las. Dependendo do tipo de \nbateria, a durabilidade pode dobrar,  eliminando substituições  e reduzindo a necessidade de reciclagem.  O \nprocesso de reciclagem consome grandes recursos naturais.\nAlém disso, o sistema impede a queda do sistema por falha de baterias,  enviando alarmes ANTES de ocorrer uma \nfalha do sistema, reduzindo o DOWNTIME e elevando a confiabilidade de todo sistema.\nRede Elétr ica\nde En tradaRetificador\nCarregador\nBanc o de\nBateriasBateria 1\nBateria 2\nBateria 3\nBateria nEqualizer\nEqualizer\nEqualizer\nEqualizerMaster\nController\nCorrente Alt ernada de Entrada\nCabo de Comunicação Cabo de Medição Módulo EqualizerCorr ente ContínuaCOMO FUNCIONA ?\nEqualiz er - Equalização A tiva\nA central contr ola cada módulo , conec tado em \nparalelo com a bat eria e contr ola a t ensão de f orma \nque t odas fiquem iguais . Além disso , monit ora  \nconstant ement e a Resist ência I nterna e a \nTemperatura individualment e de cada bat eria, \narmaz ena os dados para análise e emit e alar mes \nantes de ocor rer a falh a.'
 'Caso ocor ram nív eis maior es do que o nor mal,  o dispositiv o de super visão imediatament e atua, emitindo um sinal de alar me, para a int ervenção \ndas equipes de manut enção . \nO módulo DSI possui um micr oprocessador int erno, comunicação M odbus via RS485 e é pr ojetado dentr o dos cr itérios tecnológ icos mais \navançados ,  sendo pr eciso , segur o e confiá vel, carac terísticas exig idas pelas  aplicações médico -hospitalar es.   \nCARACTERÍSTIC AS TÉCNIC AS \n• \nde 0...999kΩ com r esolução de 1kΩ  \n• Monitorament o de t emperatura do enr olament o secundár io do \ntransf ormador de separação ( T1)  \n• Disponibilidade de utilização de um contat o programá vel para \nsinalização à distância, em caso de falhas int ernas do dispositiv o, \nbaixo nív el de isolament o, medição de elevados valor es de \ntemperatura e de alcance do ajust e de máxima cor rente·\n• Teste de aut o-diag nóstico para ev entuais falhas int ernas do \ndispositiv o, verificação da conexão com a r ede e contr ole de \nfuncionament o\n• Injeção no cir cuito de sinais de contr ole codificados , que não são \ninfluenciados pelos component es de tipo contínuo , emitidos por \ndispositiv os elétr icos de uso médico\n• Saída ser ial RS485 para comunicação MODBUS R TUPossibilidade de escolha de um valor pr eciso de isolament o de r ede Tensão S ecundária :  \nAté 250 V\n Tensão de C urto-cir cuito:\n    3%\nCorrente a Vazio:\n    3% x I n\nConexão Elétrica:  \nPor meio de t erminais\nFixação:  \nPor meio de base metálica/ \nrodízios \nDIMENSÕES TRANSFORMADOR DE SEP ARAÇÃO  Transf ormador de Separação - Gabinete Simples  \nTensão de alimentação: 110V / 230V - 60H z\nTensão máxima de medição: 24V\nTensão da r ede c ontr olador a:  24 a 230V AC\nTensão  de Isolament o: 2,5 kV em 1 minut o \nCorrente máxima de medição: 1mA\nDispositivo Super visor de Isolamento (DSI)\n     3,0   600 X 440 X 400    50\n     5,0       600 X 440 X 400    50\n     7,5       600 X 440 X 400         70\n10,0      600 X 440 X 400    90\n  Potência\nkVAPeso \nkgGabinete simples\nDimensões Físicas\nalt x lar g x prof \nmmO Transformador de Separação é projetado pela CM \nComandos, especificamente para o suprimento de energia de \nsistema médico.\nPossui isolação galvânica reforçada, blindagem eletrostática \nentre enrolamentos primário e secundár io, conectados a um \nterminal própr io e com caracter ísticas elétricas e mecânicas que \ngarantem sua qualidade e confiabilidade.\nPossui sensores de temperatura do tipo PT-100 os quais são \nconectados ao módulo DST para super visão de temperatura.\nO transformador garante a confiabilidade das condições do \nisolamento do circuito elétrico sendo imprescindível para a \nsegurança nas aplicações cirúrgicas.']","Desculpe, mas não há informações suficientes no contexto fornecido para responder à sua pergunta. O contexto parece abordar sistemas de equalização de baterias, dispositivos médicos com supervisão de isolamento e transformadores de separação, mas não há menções a registro permanente no DSP (desempenho) para correção do fator de potência ou manutenção de energia em eventos críticos.","O registro permanente no DSP armazena os eventos em sua memória EEPR OM, funcionando como uma ""caixa-preta"" que permite rastrear os valores das medições e a posição das chaves internas, denunciando eventuais erros de operação. Isso é essencial para a correção do fator de potência e para a manutenção de energia em eventos críticos.",0.7681127228399278,,0.663260780425736,0.49999999995,0.8888888888888888,0.0,0.0,,,
85,Quais alarmes do No-Break Senoidal Microprocessado indicam falhas e como se comparam em ruído e tempo médio entre falhas?,"['Manutenção sem desligar o sistema\nOs testes de bater ia individuais são possív eis \nremotamente , sem o esf orço para desligar as bater ias. \nAs manutenções e as análises  de bater ia podem ser \nrealizadas em condições r eais de operação , sem a \nnecessidade de paradas no sistema.\nOtimiza a manutenção em campo\nA equipe de manutenção se desloca somente quando \nhá inter venções cor retivas e dir etas na bater ia que \napresentar def eito na ocor rência de alar mes ou na \nanálise de diag nóstico e , é clar o, reduz enor mes custos \noperacionais .\nOSD  N LI A NM EO AC R EM SCISO\n90012015\nAv. Eng . Alber to de Zagottis , 760 - 04675-085 -  São P aulo - SP\nTel.: (11) 5696-5000 \nwww.cmcomandos .com.br\nSistema de \nSustentabilidade A uditado\nCM MK T FEV 2022 - As especificações estão sujeitas a alterações sem pr évio aviso . Nós incentivamos a r eciclagemESPECIFICAÇÕES  TÉCNICAS\nCabos de Medição\nPara medição de impedância dos módulos Equaliz er \nMódulos M12 - 12VDC ( Terminais M6,  M8 e M10) \nCabos de C omunicação\nCabos para comunicação entre os módulos Equaliz er (025m \na 10m)Master C ontr oller \nContr ola os módulos de bater ias e f ornece a inter face para ger enciamento r emoto .\nHar dware:  \nProcessador:   ARM Cor tex A7 696 MH z • 512 MB memór ia RAM e 8GB F lash.\nMemória:   Flash ar maz ena até 12 meses conf orme quantidade de bater ias.\nCapacidade:   até 256 str ings de bater ias\nCada string:    até 256 módulos Equaliz er por str ing\nCapacidade total:   até 65.536 módulos Equaliz er\nRTC:  Relóg io em Tempo Real e Watchdog inter no\n Inter faces:  \n    •1 Porta RJ11 - Comunicação   \n    •1 Porta RJ45 10/100 Mbit - Ether net \n Dimensões:   28 x 97 x 111 mm - 180 g\no\nAmbiente:   abrigado , IP-20, 0 a 60 C, umidade r elativa de 20% a 90% não condensante .\nAlimentação:   5 VDC, estabilizada.'
 'Equalização A tiva de Bat erias\nO  QUE  É  ?\nO Equalizer é uma solução revolucionária de Equalização Ativa Individual de Baterias,  desenvolvido e fabricado \nno Brasil, pela CM Comandos. \nCada bateria recebe um Módulo de Bateria, conectado a um controlador, o Master Controller.  O Controller \nsupervisiona a tensão final das baterias e controla os Módulos de Baterias de forma a regular a tensão sobre cada \nbateria, para que todas as baterias sempre apresentem a mesma tensão.\nCada Módulo de Bateria possui um microcontrolador e um módulo ativo que mantêm todas as baterias \nequalizadas. \nA Equalização Ativa faz com que todas as baterias sejam igualmente carregadas com a mesma tensão, \neliminando o efeito negativo de uma bateria sobrecarregar as outras, com excesso de carga ou o inverso, de \nimpedir que as baterias adjacentes sejam carregadas plenamente.\nO Equalizer permite que as  baterias atinjam 100% da sua vida útil, projetada pelos fabricantes. Antes, sem o \nEqualizer, as baterias se deterioravam precocemente e era necessário substituí-las. Dependendo do tipo de \nbateria, a durabilidade pode dobrar,  eliminando substituições  e reduzindo a necessidade de reciclagem.  O \nprocesso de reciclagem consome grandes recursos naturais.\nAlém disso, o sistema impede a queda do sistema por falha de baterias,  enviando alarmes ANTES de ocorrer uma \nfalha do sistema, reduzindo o DOWNTIME e elevando a confiabilidade de todo sistema.\nRede Elétr ica\nde En tradaRetificador\nCarregador\nBanc o de\nBateriasBateria 1\nBateria 2\nBateria 3\nBateria nEqualizer\nEqualizer\nEqualizer\nEqualizerMaster\nController\nCorrente Alt ernada de Entrada\nCabo de Comunicação Cabo de Medição Módulo EqualizerCorr ente ContínuaCOMO FUNCIONA ?\nEqualiz er - Equalização A tiva\nA central contr ola cada módulo , conec tado em \nparalelo com a bat eria e contr ola a t ensão de f orma \nque t odas fiquem iguais . Além disso , monit ora  \nconstant ement e a Resist ência I nterna e a \nTemperatura individualment e de cada bat eria, \narmaz ena os dados para análise e emit e alar mes \nantes de ocor rer a falh a.']",Não tenho informações sobre os Alarmes do No-Break Senoidal Microprocessado. Não posso fornecer uma resposta precisa sem informações adicionais.,"Os alarmes do No-Break Senoidal Microprocessado que indicam falhas incluem: Falha, Sobrecarga, e Bateria Baixa. O ruído audível é inferior a 45 dBA a 1 metro, e o MTBF (Mean Time Between Failures) é de 55 mil horas.",0.707510433987869,,0.7216561364051409,0.99999999995,,0.0,0.0,,,0.0
86,Qual a função do acionamento automático do Bypass Estático em um sistema elétrico para manutenção da carga?,"['Equalização A tiva de Bat erias\nO  QUE  É  ?\nO Equalizer é uma solução revolucionária de Equalização Ativa Individual de Baterias,  desenvolvido e fabricado \nno Brasil, pela CM Comandos. \nCada bateria recebe um Módulo de Bateria, conectado a um controlador, o Master Controller.  O Controller \nsupervisiona a tensão final das baterias e controla os Módulos de Baterias de forma a regular a tensão sobre cada \nbateria, para que todas as baterias sempre apresentem a mesma tensão.\nCada Módulo de Bateria possui um microcontrolador e um módulo ativo que mantêm todas as baterias \nequalizadas. \nA Equalização Ativa faz com que todas as baterias sejam igualmente carregadas com a mesma tensão, \neliminando o efeito negativo de uma bateria sobrecarregar as outras, com excesso de carga ou o inverso, de \nimpedir que as baterias adjacentes sejam carregadas plenamente.\nO Equalizer permite que as  baterias atinjam 100% da sua vida útil, projetada pelos fabricantes. Antes, sem o \nEqualizer, as baterias se deterioravam precocemente e era necessário substituí-las. Dependendo do tipo de \nbateria, a durabilidade pode dobrar,  eliminando substituições  e reduzindo a necessidade de reciclagem.  O \nprocesso de reciclagem consome grandes recursos naturais.\nAlém disso, o sistema impede a queda do sistema por falha de baterias,  enviando alarmes ANTES de ocorrer uma \nfalha do sistema, reduzindo o DOWNTIME e elevando a confiabilidade de todo sistema.\nRede Elétr ica\nde En tradaRetificador\nCarregador\nBanc o de\nBateriasBateria 1\nBateria 2\nBateria 3\nBateria nEqualizer\nEqualizer\nEqualizer\nEqualizerMaster\nController\nCorrente Alt ernada de Entrada\nCabo de Comunicação Cabo de Medição Módulo EqualizerCorr ente ContínuaCOMO FUNCIONA ?\nEqualiz er - Equalização A tiva\nA central contr ola cada módulo , conec tado em \nparalelo com a bat eria e contr ola a t ensão de f orma \nque t odas fiquem iguais . Além disso , monit ora  \nconstant ement e a Resist ência I nterna e a \nTemperatura individualment e de cada bat eria, \narmaz ena os dados para análise e emit e alar mes \nantes de ocor rer a falh a.'
 'ESPECIFICAÇÕES TÉCNICAS \nEntrada\nn Tensão: \n    •  3kVA \n100/110/115/120/127 VAC 120V (standard) ou  \n200/208/220/230/240 VAC 220V (standard) \n    •  6kVA / 10kVA\n 200/208/220/230/240 VAC 220V (standard)\nn Variação Admissível:\n   •   3kVA \n55-150 VAC ou 110-300 VAC @ 50% de Carga\n80-150 VAC ou 160-300 VAC @ 100% de Carga\n   •   6kVA / 10kVA \n110-300 VAC @ 50% de Carga\n176-300 VAC @ 100% de Carga \nn Freqüência: 50/60 Hz                           \nn Variação de Freqüência Admissível:   \n    •    3kVA  \n40-70Hz\n    •    6kVA / 10 kVA \n46-54Hz @50Hz e 56-64Hz @60Hz\nn  Configuração:\nMonofásica \nn Fator de Potência:\n≥ 0.99 Tensão nominal (100% de Carga)\nn Distorção Harmônica THDi:\n    •    3kVA\n ≤ 5% @ Tensão de Entrada nominal\n    •    6kVA / 10kVA\n<4% @100% de Carga, <6% @50% de Carga\nSaída\nnTensão: \n    •   3kVA \n100/110/115/120/127 VAC 115V (standard) ou \n200/208/220/230/240 VAC 220V (standard) \n    •   6kVA / 10kVA \n200/208/220/230/240 VAC 220V (standard) \nn Fator de Potência:  1,0\nn Regulação Estática:   ± 1% nominal modo \nbateria\nn Freqüência:   50 / 60 Hz \nn Variação de Freqüência: \n± 0,1Hz em modo bateria\nn Sincronismo com a Rede:   Sim\nn Configuração:   \n Monofásica f+n+t \nn Forma de Onda:   Onda senoidal pura\nn Distorção Harmônica THD:  \n •   3kVA \n    ≤ 2% carga linear \n    ≤ 4% carga não-linear \n •   6kVA / 10kVA \n    ≤ 1% carga linear \n    ≤ 4% carga não-linearBaterias\nn  Composição:  \n    •    72  VDC - 3,0 kVA \n    •     240 VDC - 6,0 kVA \n    •     240 VDC - 10,0 kVA \nn  Sistema de Recarga: \ncontrolado, automático\nn Tempo de Recarga:  \n8 a 10 horas para 90% da carga\nn Tipo: \nseladas, isentas de manutenção\nn  Paralelismo Redundante (N+1) \n»  Disponível nas potências de 6 e 10kVA\nn By-pass estático (inteligente):  \nO termo inteligente aplica-se, visto que a linha \nComposition XV  possui desligamento da saída da \nchave estática em condições que, a tensão da rede \napresenta variações fora da faixa de trabalho, prote -\ngendo a carga contra sub ou sobre tensão mesmo \nna condição de by-pass estático.']","O acionamento automático do By-pass estático tem como objetivo proteger a carga contra sub ou sobre tensão, assegurando que a saída da chave estática seja desligada em condições de variação da tensão da rede fora da faixa de trabalho.","O acionamento automático do Bypass Estático permite a operação sem desligar a carga, facilitando a manutenção do sistema elétrico.",0.7463004382564506,0.5333829975156138,0.933531990062455,0.99999999995,,0.49999999995,0.0,,,1.0
87,Qual o papel do Sistema IT Médico na proteção elétrica hospitalar e sua contribuição para a segurança em ambientes críticos?,"['Caso ocor ram nív eis maior es do que o nor mal,  o dispositiv o de super visão imediatament e atua, emitindo um sinal de alar me, para a int ervenção \ndas equipes de manut enção . \nO módulo DSI possui um micr oprocessador int erno, comunicação M odbus via RS485 e é pr ojetado dentr o dos cr itérios tecnológ icos mais \navançados ,  sendo pr eciso , segur o e confiá vel, carac terísticas exig idas pelas  aplicações médico -hospitalar es.   \nCARACTERÍSTIC AS TÉCNIC AS \n• \nde 0...999kΩ com r esolução de 1kΩ  \n• Monitorament o de t emperatura do enr olament o secundár io do \ntransf ormador de separação ( T1)  \n• Disponibilidade de utilização de um contat o programá vel para \nsinalização à distância, em caso de falhas int ernas do dispositiv o, \nbaixo nív el de isolament o, medição de elevados valor es de \ntemperatura e de alcance do ajust e de máxima cor rente·\n• Teste de aut o-diag nóstico para ev entuais falhas int ernas do \ndispositiv o, verificação da conexão com a r ede e contr ole de \nfuncionament o\n• Injeção no cir cuito de sinais de contr ole codificados , que não são \ninfluenciados pelos component es de tipo contínuo , emitidos por \ndispositiv os elétr icos de uso médico\n• Saída ser ial RS485 para comunicação MODBUS R TUPossibilidade de escolha de um valor pr eciso de isolament o de r ede Tensão S ecundária :  \nAté 250 V\n Tensão de C urto-cir cuito:\n    3%\nCorrente a Vazio:\n    3% x I n\nConexão Elétrica:  \nPor meio de t erminais\nFixação:  \nPor meio de base metálica/ \nrodízios \nDIMENSÕES TRANSFORMADOR DE SEP ARAÇÃO  Transf ormador de Separação - Gabinete Simples  \nTensão de alimentação: 110V / 230V - 60H z\nTensão máxima de medição: 24V\nTensão da r ede c ontr olador a:  24 a 230V AC\nTensão  de Isolament o: 2,5 kV em 1 minut o \nCorrente máxima de medição: 1mA\nDispositivo Super visor de Isolamento (DSI)\n     3,0   600 X 440 X 400    50\n     5,0       600 X 440 X 400    50\n     7,5       600 X 440 X 400         70\n10,0      600 X 440 X 400    90\n  Potência\nkVAPeso \nkgGabinete simples\nDimensões Físicas\nalt x lar g x prof \nmmO Transformador de Separação é projetado pela CM \nComandos, especificamente para o suprimento de energia de \nsistema médico.\nPossui isolação galvânica reforçada, blindagem eletrostática \nentre enrolamentos primário e secundár io, conectados a um \nterminal própr io e com caracter ísticas elétricas e mecânicas que \ngarantem sua qualidade e confiabilidade.\nPossui sensores de temperatura do tipo PT-100 os quais são \nconectados ao módulo DST para super visão de temperatura.\nO transformador garante a confiabilidade das condições do \nisolamento do circuito elétrico sendo imprescindível para a \nsegurança nas aplicações cirúrgicas.'
 'monobloco\n   \n    •Painel F rontal: em ABS de alta r esistência\n  \n    • A cabamento: pintura epó xi-pó na cor g rafite\n       com tratamento tér mico e anti- corrosivo\nTransf ormador Isolador : com blindagem\n    eletr ostátican  \nn  \nn   Alarmes\nContr olados pelo pr ocessador DSP\nTipos de Alarmes:\n   \n    •Sonor os: \n       »  A utocheck I nicialização\n       »  Tensão da Rede F ora da F aixa\n       »  Sobr ecar ga de Saída\n       »  F alha I nterna do Estabilizador\n       »  F reqüência da Rede F ora de F aixa\n   \n     •Sinalização: L eds de Status do P ainel\n       »  Rede Nor mal\n       »  Saída Nor mal\n       »  F alhan   \nn   Características de Oper ação\nRuído A udív el: 55 dBA a 60 dBA a 1 metr o\n MTBF (M ean Time Bet ween F ailur es): 50 mil horas\nMTTR (M ean Time To Repair): 30 minutos\nTemperatura Ambiente: \n   \n•Mínimo: 0ºC / M áximo 40ºC\n   \n    •Recomendada: 20ºC a 25ºC\nUmidade Relativa:\n   \n    •0% a 95% sem condensação\n   \n    •Recomendada: 45% a 55%\nAltitude: até 1.800m\n Tipo de Ambiente Recomendado:\n   \n    •Interno, instalação abr igada\n   \n    •Atmosf era: limpa, livr e de par tículas condutivas , \n      gases tó xicos , líquidos e inflamáv eis.\nGrau de P roteção: IP -20n   \nn  \nn   \nn   \n   \nn   \nn    \nn  \nn    \n   2000    2,0       620 X 200 X 600        41  \n   3000    3,0       620 X 200 X 600        43\n   5000    5,0       620 X 200 X 600           47\n   7500    7,5       620 X 200 X 600           61\n 10000  10,0       790 X 400 X 775        119\n 15000  15,0       790 X 400 X 775        147Modelo Potência \nkVADimensões Físicas\nalt x lar g x prof \nmmPeso \nkg\n* Opcional\nCM.MK T MAR 22  -   As especificações estão sujeitas a alterações sem pr évio aviso . Nós incentivamos a r eciclagem\nCertificação de \nSustentabilidade A uditadaESPECIFIC AÇÕES  TÉCNIC ASOs Estabilizador es de Tensão M icroprocessados P erfection MI S2 possuem uma tecnolog ia inédita de duplos con versor es estáticos com módulos IGBT s, de última geração . \nTotalmente contr olado por micr oprocessador DSP – Dig ital Sig nal P rocessor , o estabilizador cor rige instantaneamente qualquer var iação de tensão da r ede elétr ica da \nconcessionár ia, além de atenuar distor ção har mônica, var iações de fr equência e distúr bios elétr icos, gerando uma f orma de onda senoidal pura, e f ornecendo uma linha \nestabilizada ex clusiva e isolada para as aplicações sensív eis.\nA tecnolog ia DSP r ealiza medições em True RMS g raças à amostragem dig ital, sem r etardos ou desvios , com alta v elocidade e confiabilidade . Isso sig nifica que podemos \nproduzir sistemas cada v ez menor es e capaz es de r ealizar mais funções , com elevada confiabilidade .']","O sistema IT Médico desempenha um papel crucial na proteção elétrica hospitalar, garantindo a segurança dos pacientes e do pessoal de saúde em ambientes críticos. A tecnologia utilizada nos dispositivos e equipamentos médicos é projetada para minimizar riscos e garantir a estabilidade da rede elétrica.

A contribuição desse sistema é fundamental na prevenção de acidentes e lesões relacionadas a choques elétricos, garantindo um ambiente seguro e estável para o tratamento dos pacientes. Além disso, a tecnologia do Sistema IT Médico também ajuda a reduzir o risco de incêndios e explosões, que podem ser causados por falhas elétricas.

Essa proteção não apenas garante a segurança dos pacientes e funcionários hospitalares, mas também contribui para a redução do custo e do tempo necessário para diagnosticar e tratar acidentes relacionados a choques elétricos.","O Sistema IT Médico desempenha um papel crucial na proteção elétrica hospitalar, supervisionando falhas de isolamento nas instalações elétricas. Ele garante a manutenção dos equipamentos de suporte à vida, mesmo em caso de falha elétrica, aumentando a segurança para pacientes e corpo clínico. O sistema evita a interrupção no fornecimento de energia elétrica durante uma falta, permitindo que equipamentos eletrônicos continuem a funcionar, o que é vital em ambientes críticos como salas cirúrgicas e UTIs. Além disso, reduz as correntes de fuga, diminuindo a tensão de contato e a intensidade de choques elétricos acidentais.",0.7654178525918743,0.41954743769732783,0.9281897507893112,,,0.99999999995,0.0,,,1.0
88,"Qual o papel do sistema de transferência automática de carga em proteção elétrica, incluindo retificador e inversor?","['monobloco\n   \n    •Painel F rontal: em ABS de alta r esistência\n  \n    • A cabamento: pintura epó xi-pó na cor g rafite\n       com tratamento tér mico e anti- corrosivo\nTransf ormador Isolador : com blindagem\n    eletr ostátican  \nn  \nn   Alarmes\nContr olados pelo pr ocessador DSP\nTipos de Alarmes:\n   \n    •Sonor os: \n       »  A utocheck I nicialização\n       »  Tensão da Rede F ora da F aixa\n       »  Sobr ecar ga de Saída\n       »  F alha I nterna do Estabilizador\n       »  F reqüência da Rede F ora de F aixa\n   \n     •Sinalização: L eds de Status do P ainel\n       »  Rede Nor mal\n       »  Saída Nor mal\n       »  F alhan   \nn   Características de Oper ação\nRuído A udív el: 55 dBA a 60 dBA a 1 metr o\n MTBF (M ean Time Bet ween F ailur es): 50 mil horas\nMTTR (M ean Time To Repair): 30 minutos\nTemperatura Ambiente: \n   \n•Mínimo: 0ºC / M áximo 40ºC\n   \n    •Recomendada: 20ºC a 25ºC\nUmidade Relativa:\n   \n    •0% a 95% sem condensação\n   \n    •Recomendada: 45% a 55%\nAltitude: até 1.800m\n Tipo de Ambiente Recomendado:\n   \n    •Interno, instalação abr igada\n   \n    •Atmosf era: limpa, livr e de par tículas condutivas , \n      gases tó xicos , líquidos e inflamáv eis.\nGrau de P roteção: IP -20n   \nn  \nn   \nn   \n   \nn   \nn    \nn  \nn    \n   2000    2,0       620 X 200 X 600        41  \n   3000    3,0       620 X 200 X 600        43\n   5000    5,0       620 X 200 X 600           47\n   7500    7,5       620 X 200 X 600           61\n 10000  10,0       790 X 400 X 775        119\n 15000  15,0       790 X 400 X 775        147Modelo Potência \nkVADimensões Físicas\nalt x lar g x prof \nmmPeso \nkg\n* Opcional\nCM.MK T MAR 22  -   As especificações estão sujeitas a alterações sem pr évio aviso . Nós incentivamos a r eciclagem\nCertificação de \nSustentabilidade A uditadaESPECIFIC AÇÕES  TÉCNIC ASOs Estabilizador es de Tensão M icroprocessados P erfection MI S2 possuem uma tecnolog ia inédita de duplos con versor es estáticos com módulos IGBT s, de última geração . \nTotalmente contr olado por micr oprocessador DSP – Dig ital Sig nal P rocessor , o estabilizador cor rige instantaneamente qualquer var iação de tensão da r ede elétr ica da \nconcessionár ia, além de atenuar distor ção har mônica, var iações de fr equência e distúr bios elétr icos, gerando uma f orma de onda senoidal pura, e f ornecendo uma linha \nestabilizada ex clusiva e isolada para as aplicações sensív eis.\nA tecnolog ia DSP r ealiza medições em True RMS g raças à amostragem dig ital, sem r etardos ou desvios , com alta v elocidade e confiabilidade . Isso sig nifica que podemos \nproduzir sistemas cada v ez menor es e capaz es de r ealizar mais funções , com elevada confiabilidade .'
 'Caso ocor ram nív eis maior es do que o nor mal,  o dispositiv o de super visão imediatament e atua, emitindo um sinal de alar me, para a int ervenção \ndas equipes de manut enção . \nO módulo DSI possui um micr oprocessador int erno, comunicação M odbus via RS485 e é pr ojetado dentr o dos cr itérios tecnológ icos mais \navançados ,  sendo pr eciso , segur o e confiá vel, carac terísticas exig idas pelas  aplicações médico -hospitalar es.   \nCARACTERÍSTIC AS TÉCNIC AS \n• \nde 0...999kΩ com r esolução de 1kΩ  \n• Monitorament o de t emperatura do enr olament o secundár io do \ntransf ormador de separação ( T1)  \n• Disponibilidade de utilização de um contat o programá vel para \nsinalização à distância, em caso de falhas int ernas do dispositiv o, \nbaixo nív el de isolament o, medição de elevados valor es de \ntemperatura e de alcance do ajust e de máxima cor rente·\n• Teste de aut o-diag nóstico para ev entuais falhas int ernas do \ndispositiv o, verificação da conexão com a r ede e contr ole de \nfuncionament o\n• Injeção no cir cuito de sinais de contr ole codificados , que não são \ninfluenciados pelos component es de tipo contínuo , emitidos por \ndispositiv os elétr icos de uso médico\n• Saída ser ial RS485 para comunicação MODBUS R TUPossibilidade de escolha de um valor pr eciso de isolament o de r ede Tensão S ecundária :  \nAté 250 V\n Tensão de C urto-cir cuito:\n    3%\nCorrente a Vazio:\n    3% x I n\nConexão Elétrica:  \nPor meio de t erminais\nFixação:  \nPor meio de base metálica/ \nrodízios \nDIMENSÕES TRANSFORMADOR DE SEP ARAÇÃO  Transf ormador de Separação - Gabinete Simples  \nTensão de alimentação: 110V / 230V - 60H z\nTensão máxima de medição: 24V\nTensão da r ede c ontr olador a:  24 a 230V AC\nTensão  de Isolament o: 2,5 kV em 1 minut o \nCorrente máxima de medição: 1mA\nDispositivo Super visor de Isolamento (DSI)\n     3,0   600 X 440 X 400    50\n     5,0       600 X 440 X 400    50\n     7,5       600 X 440 X 400         70\n10,0      600 X 440 X 400    90\n  Potência\nkVAPeso \nkgGabinete simples\nDimensões Físicas\nalt x lar g x prof \nmmO Transformador de Separação é projetado pela CM \nComandos, especificamente para o suprimento de energia de \nsistema médico.\nPossui isolação galvânica reforçada, blindagem eletrostática \nentre enrolamentos primário e secundár io, conectados a um \nterminal própr io e com caracter ísticas elétricas e mecânicas que \ngarantem sua qualidade e confiabilidade.\nPossui sensores de temperatura do tipo PT-100 os quais são \nconectados ao módulo DST para super visão de temperatura.\nO transformador garante a confiabilidade das condições do \nisolamento do circuito elétrico sendo imprescindível para a \nsegurança nas aplicações cirúrgicas.']","O sistema de transferência automática de carga é um componente crítico na proteção elétrica. Ele desempenha um papel fundamental em garantir a estabilidade do sistema e proteger contra falhas e sobrecargas.

O sistema de transferência automática de carga, incluindo retificador e inversor, funciona como um mecanismo que detecta mudanças no sistema e toma medidas automáticas para corrigi-los. Isso inclui a detecção de sobrecarga, falhas de tensão e outros problemas que podem afetar a segurança do sistema.

Quando o sistema é sobrecarregado ou enfrenta uma falha, o retificador e o inversor trabalham juntos para reduzir a carga e restaurar a estabilidade do sistema. O retificador ajuda a reduzir a tensão e evitar explosões, enquanto o inversor converte a corrente alternada (CA) em corrente continua (CC), permitindo que o sistema seja controlado de forma segura.

Além disso, o sistema de transferência automática de carga também fornece proteção contra falhas no sistema, como falhas de tensão ou sobrecargas. Ele pode detectar essas falhas e tomar medidas automáticas para corrigi-las, garantindo a segurança do sistema e evitando danos.

Em resumo, o papel do sistema de transferência automática de carga em proteção elétrica é fundamental em garantir a estabilidade e segurança do sistema. Ele desempenha um papel crítico na detecção e correção de falhas, reduzindo o risco de acidentes e danos ao sistema.","O sistema de transferência automática de carga, conhecido como Bypass Estático, atua em caso de problemas, transferindo automaticamente a carga para um circuito alternativo, sem interrupção no fornecimento de energia. Isso é essencial para garantir a continuidade do fornecimento elétrico, especialmente em sistemas que utilizam retificadores e inversores.",,0.39204659058963537,0.8181863623585415,0.49999999995,,,0.0,,,
89,Quais mecanismos da Equalização Ativa ajudam na durabilidade e eficiência das baterias?,"['Equalização A tiva de Bat erias\nO  QUE  É  ?\nO Equalizer é uma solução revolucionária de Equalização Ativa Individual de Baterias,  desenvolvido e fabricado \nno Brasil, pela CM Comandos. \nCada bateria recebe um Módulo de Bateria, conectado a um controlador, o Master Controller.  O Controller \nsupervisiona a tensão final das baterias e controla os Módulos de Baterias de forma a regular a tensão sobre cada \nbateria, para que todas as baterias sempre apresentem a mesma tensão.\nCada Módulo de Bateria possui um microcontrolador e um módulo ativo que mantêm todas as baterias \nequalizadas. \nA Equalização Ativa faz com que todas as baterias sejam igualmente carregadas com a mesma tensão, \neliminando o efeito negativo de uma bateria sobrecarregar as outras, com excesso de carga ou o inverso, de \nimpedir que as baterias adjacentes sejam carregadas plenamente.\nO Equalizer permite que as  baterias atinjam 100% da sua vida útil, projetada pelos fabricantes. Antes, sem o \nEqualizer, as baterias se deterioravam precocemente e era necessário substituí-las. Dependendo do tipo de \nbateria, a durabilidade pode dobrar,  eliminando substituições  e reduzindo a necessidade de reciclagem.  O \nprocesso de reciclagem consome grandes recursos naturais.\nAlém disso, o sistema impede a queda do sistema por falha de baterias,  enviando alarmes ANTES de ocorrer uma \nfalha do sistema, reduzindo o DOWNTIME e elevando a confiabilidade de todo sistema.\nRede Elétr ica\nde En tradaRetificador\nCarregador\nBanc o de\nBateriasBateria 1\nBateria 2\nBateria 3\nBateria nEqualizer\nEqualizer\nEqualizer\nEqualizerMaster\nController\nCorrente Alt ernada de Entrada\nCabo de Comunicação Cabo de Medição Módulo EqualizerCorr ente ContínuaCOMO FUNCIONA ?\nEqualiz er - Equalização A tiva\nA central contr ola cada módulo , conec tado em \nparalelo com a bat eria e contr ola a t ensão de f orma \nque t odas fiquem iguais . Além disso , monit ora  \nconstant ement e a Resist ência I nterna e a \nTemperatura individualment e de cada bat eria, \narmaz ena os dados para análise e emit e alar mes \nantes de ocor rer a falh a.'
 'ESPECIFICAÇÕES TÉCNICAS \nEntrada\nn Tensão: \n    •  3kVA \n100/110/115/120/127 VAC 120V (standard) ou  \n200/208/220/230/240 VAC 220V (standard) \n    •  6kVA / 10kVA\n 200/208/220/230/240 VAC 220V (standard)\nn Variação Admissível:\n   •   3kVA \n55-150 VAC ou 110-300 VAC @ 50% de Carga\n80-150 VAC ou 160-300 VAC @ 100% de Carga\n   •   6kVA / 10kVA \n110-300 VAC @ 50% de Carga\n176-300 VAC @ 100% de Carga \nn Freqüência: 50/60 Hz                           \nn Variação de Freqüência Admissível:   \n    •    3kVA  \n40-70Hz\n    •    6kVA / 10 kVA \n46-54Hz @50Hz e 56-64Hz @60Hz\nn  Configuração:\nMonofásica \nn Fator de Potência:\n≥ 0.99 Tensão nominal (100% de Carga)\nn Distorção Harmônica THDi:\n    •    3kVA\n ≤ 5% @ Tensão de Entrada nominal\n    •    6kVA / 10kVA\n<4% @100% de Carga, <6% @50% de Carga\nSaída\nnTensão: \n    •   3kVA \n100/110/115/120/127 VAC 115V (standard) ou \n200/208/220/230/240 VAC 220V (standard) \n    •   6kVA / 10kVA \n200/208/220/230/240 VAC 220V (standard) \nn Fator de Potência:  1,0\nn Regulação Estática:   ± 1% nominal modo \nbateria\nn Freqüência:   50 / 60 Hz \nn Variação de Freqüência: \n± 0,1Hz em modo bateria\nn Sincronismo com a Rede:   Sim\nn Configuração:   \n Monofásica f+n+t \nn Forma de Onda:   Onda senoidal pura\nn Distorção Harmônica THD:  \n •   3kVA \n    ≤ 2% carga linear \n    ≤ 4% carga não-linear \n •   6kVA / 10kVA \n    ≤ 1% carga linear \n    ≤ 4% carga não-linearBaterias\nn  Composição:  \n    •    72  VDC - 3,0 kVA \n    •     240 VDC - 6,0 kVA \n    •     240 VDC - 10,0 kVA \nn  Sistema de Recarga: \ncontrolado, automático\nn Tempo de Recarga:  \n8 a 10 horas para 90% da carga\nn Tipo: \nseladas, isentas de manutenção\nn  Paralelismo Redundante (N+1) \n»  Disponível nas potências de 6 e 10kVA\nn By-pass estático (inteligente):  \nO termo inteligente aplica-se, visto que a linha \nComposition XV  possui desligamento da saída da \nchave estática em condições que, a tensão da rede \napresenta variações fora da faixa de trabalho, prote -\ngendo a carga contra sub ou sobre tensão mesmo \nna condição de by-pass estático.']","AEqualização Ativa ajuda na durabilidade e eficiência das baterias através de vários mecanismos, incluindo a regulamentação de tensões individuais para cada bateria, garantindo que todas as baterias estejam carregadas com a mesma tensão. Isso elimina o efeito negativo de uma bateria sobrecarregar as outras, reduzindo a deterioração prematura das baterias.

Além disso, aEqualização Ativa também ajuda na durabilidade e eficiência das baterias por meio da monitoramento constante de resistência interna e temperatura individual de cada bateria. Essas informações são armazenadas para análise e podem alertar sobre falhas potenciais antes que elas ocorram, reduzindo o downtime e elevando a confiabilidade do sistema.

Esses mecanismos trabalham juntos para garantir que as baterias atinjam 100% de sua vida útil, projetada pelos fabricantes, e reduzem a necessidade de substituição ou reciclagem, além de eliminar o processo de reciclagem que consome recursos naturais.","Os mecanismos da Equalização Ativa que ajudam na durabilidade e eficiência das baterias incluem a Equalização Ativa Individual das Baterias, que regula a tensão de cada bateria, mantendo-as homogêneas e elevando sua durabilidade, capacidade e resistência contra corrosão e sulfatação. Além disso, a Equalização Ativa protege as baterias contra excesso e falta de carga, evitando problemas como sulfatação e perda de capacidade. O sistema também monitora constantemente as condições das baterias, enviando alarmes antes de ocorrerem problemas, o que minimiza o downtime por falha da bateria.",0.6337976440500979,0.4169745892360107,0.9178983569440428,0.99999999995,1.0,0.99999999995,0.0,,,1.0
90,"Qual a função do Dispositivo Anunciador na sinalização de falhas em sistemas de aterramento IT médico, segundo a NBR 13534?","['Caso ocor ram nív eis maior es do que o nor mal,  o dispositiv o de super visão imediatament e atua, emitindo um sinal de alar me, para a int ervenção \ndas equipes de manut enção . \nO módulo DSI possui um micr oprocessador int erno, comunicação M odbus via RS485 e é pr ojetado dentr o dos cr itérios tecnológ icos mais \navançados ,  sendo pr eciso , segur o e confiá vel, carac terísticas exig idas pelas  aplicações médico -hospitalar es.   \nCARACTERÍSTIC AS TÉCNIC AS \n• \nde 0...999kΩ com r esolução de 1kΩ  \n• Monitorament o de t emperatura do enr olament o secundár io do \ntransf ormador de separação ( T1)  \n• Disponibilidade de utilização de um contat o programá vel para \nsinalização à distância, em caso de falhas int ernas do dispositiv o, \nbaixo nív el de isolament o, medição de elevados valor es de \ntemperatura e de alcance do ajust e de máxima cor rente·\n• Teste de aut o-diag nóstico para ev entuais falhas int ernas do \ndispositiv o, verificação da conexão com a r ede e contr ole de \nfuncionament o\n• Injeção no cir cuito de sinais de contr ole codificados , que não são \ninfluenciados pelos component es de tipo contínuo , emitidos por \ndispositiv os elétr icos de uso médico\n• Saída ser ial RS485 para comunicação MODBUS R TUPossibilidade de escolha de um valor pr eciso de isolament o de r ede Tensão S ecundária :  \nAté 250 V\n Tensão de C urto-cir cuito:\n    3%\nCorrente a Vazio:\n    3% x I n\nConexão Elétrica:  \nPor meio de t erminais\nFixação:  \nPor meio de base metálica/ \nrodízios \nDIMENSÕES TRANSFORMADOR DE SEP ARAÇÃO  Transf ormador de Separação - Gabinete Simples  \nTensão de alimentação: 110V / 230V - 60H z\nTensão máxima de medição: 24V\nTensão da r ede c ontr olador a:  24 a 230V AC\nTensão  de Isolament o: 2,5 kV em 1 minut o \nCorrente máxima de medição: 1mA\nDispositivo Super visor de Isolamento (DSI)\n     3,0   600 X 440 X 400    50\n     5,0       600 X 440 X 400    50\n     7,5       600 X 440 X 400         70\n10,0      600 X 440 X 400    90\n  Potência\nkVAPeso \nkgGabinete simples\nDimensões Físicas\nalt x lar g x prof \nmmO Transformador de Separação é projetado pela CM \nComandos, especificamente para o suprimento de energia de \nsistema médico.\nPossui isolação galvânica reforçada, blindagem eletrostática \nentre enrolamentos primário e secundár io, conectados a um \nterminal própr io e com caracter ísticas elétricas e mecânicas que \ngarantem sua qualidade e confiabilidade.\nPossui sensores de temperatura do tipo PT-100 os quais são \nconectados ao módulo DST para super visão de temperatura.\nO transformador garante a confiabilidade das condições do \nisolamento do circuito elétrico sendo imprescindível para a \nsegurança nas aplicações cirúrgicas.'
 'S I S T E M A PA R A L E L O M U LT I AT I V O ( E X C L U S I V O C M C O M A N D O S )\nA CM Comandos Lineares desenvolveu um sistema inovador e pioneiro no mundo de paralelismo entre No Breaks. O sistema Paralelo \nMulti Ativo permite a expansão do sistema, de acordo com sua demanda de consumo, podendo paralelar quantas unidades forem \nnecessárias para atender sua demanda, elevando a capacidade do sistema e a confiabilidade de sua aplicação.\nP O S S I B I L I D A D E D E S O M A T Ó R I A D E  P O T Ê N C I A S\nPermite a ligação para somatória de potência, utilizando dois ou mais No \nBreaks para atingir a demanda da carga total.\nQuando utilizado para somatória de potência, possibilita a ligação de \nNo Breaks com potências diferentes. Quando a ligação for feita com No \nBreaks de potências diferentes, a carga será distribuída \nproporcionalmente. Permite a ligação em paralelo redundante N + 1,  N + 2, N + 3 … N+X,  \npossibilitando o desligamento de uma ou mais unidades mantendo a \ncarga ativa.L I G A Ç Ã O E M P A R A L E L O R E D U N D A N T E\nA comunicação entre os No Breaks consiste no barramento de \ncomunicação comum, por onde transitam informações contendo \nnível de carga, sincronismo e a condição do by pass.C O M U N I C A Ç Ã O E N T R E O S N O B R E A K STodos os No Breaks são autônomos, operam de forma \nindependente no sistema e possuem controle individual.N Ã O E X I S T E N O B R E A K M E S T R E O U E S C R A V OPodem ser paraleladas quantas unidades forem necessárias, \npossibilitando expansão do sistema, de acordo com a demanda de \nconsumo.Q U A N T I D A D E I L I M I T A D A P A R A P A R A L E L I S M O\nM A N U T E N Ç Ã O D O N O B R E A K\nPermite a inserção ou retirada de um No Break no sistema, sem a \nnecessidade de parada.Rede Elétrica\nde Entrada\nSaídaNo Break 1\n Potência de \n30 kVANo Break 2\nPotência de \n10 kVANo Break 3\nPotência de \n20 kVA\nCarga fornecida pelo sistema = 150 kVANo Break 4\nPotência de \n30 kVANo Break 5\nPotência de \n20 kVANo Break 6\nPotência de \n40 kVA\nINTERFACES DE \nGERENCIAMENTO   \nREMOTO\nSão compostas por diversas ferramentas. O \nAdaptador SNMP NetMate permite\ngerenciar remotamente o No Break via a \nInternet através de um web browser,\nmonitorar o status e enviar alertas por e-mail. \nO software IP Power é uma ferramenta de \ngerenciamento  Windows Application e a \nversão Client é específica para  automatizar o \nshutdown de servidores, podendo desligar \nautomática e simultaneamente vários\ns e r v i d o r e s  e  e s t a ç õ e s .\nO Adaptador ArmModbus permite integrar \no  N o  B r e a k ,  v i a  u m a  p o r t a\nRS485, a Sistemas de Automação Predial.']","Desculpe, não consegui encontrar informações sobre o Dispositivo Anunciador no contexto fornecido. Além disso, a referência à NBR 13534 também não foi encontrada no contexto.","O Dispositivo Anunciador permite a imediata sinalização visual e auditiva da ocorrência de alarmes, sendo instalado em locais estratégicos para sinalização dos alarmes à distância, de acordo com a Norma NBR 13534.",0.0,0.5391496336664083,0.6565985346656336,0.99999999995,,0.0,0.0,,,0.5
91,Quais mecanismos da Equalização Ativa ajudam na durabilidade e eficiência das baterias?,"['Equalização A tiva de Bat erias\nO  QUE  É  ?\nO Equalizer é uma solução revolucionária de Equalização Ativa Individual de Baterias,  desenvolvido e fabricado \nno Brasil, pela CM Comandos. \nCada bateria recebe um Módulo de Bateria, conectado a um controlador, o Master Controller.  O Controller \nsupervisiona a tensão final das baterias e controla os Módulos de Baterias de forma a regular a tensão sobre cada \nbateria, para que todas as baterias sempre apresentem a mesma tensão.\nCada Módulo de Bateria possui um microcontrolador e um módulo ativo que mantêm todas as baterias \nequalizadas. \nA Equalização Ativa faz com que todas as baterias sejam igualmente carregadas com a mesma tensão, \neliminando o efeito negativo de uma bateria sobrecarregar as outras, com excesso de carga ou o inverso, de \nimpedir que as baterias adjacentes sejam carregadas plenamente.\nO Equalizer permite que as  baterias atinjam 100% da sua vida útil, projetada pelos fabricantes. Antes, sem o \nEqualizer, as baterias se deterioravam precocemente e era necessário substituí-las. Dependendo do tipo de \nbateria, a durabilidade pode dobrar,  eliminando substituições  e reduzindo a necessidade de reciclagem.  O \nprocesso de reciclagem consome grandes recursos naturais.\nAlém disso, o sistema impede a queda do sistema por falha de baterias,  enviando alarmes ANTES de ocorrer uma \nfalha do sistema, reduzindo o DOWNTIME e elevando a confiabilidade de todo sistema.\nRede Elétr ica\nde En tradaRetificador\nCarregador\nBanc o de\nBateriasBateria 1\nBateria 2\nBateria 3\nBateria nEqualizer\nEqualizer\nEqualizer\nEqualizerMaster\nController\nCorrente Alt ernada de Entrada\nCabo de Comunicação Cabo de Medição Módulo EqualizerCorr ente ContínuaCOMO FUNCIONA ?\nEqualiz er - Equalização A tiva\nA central contr ola cada módulo , conec tado em \nparalelo com a bat eria e contr ola a t ensão de f orma \nque t odas fiquem iguais . Além disso , monit ora  \nconstant ement e a Resist ência I nterna e a \nTemperatura individualment e de cada bat eria, \narmaz ena os dados para análise e emit e alar mes \nantes de ocor rer a falh a.'
 'ESPECIFICAÇÕES TÉCNICAS \nEntrada\nn Tensão: \n    •  3kVA \n100/110/115/120/127 VAC 120V (standard) ou  \n200/208/220/230/240 VAC 220V (standard) \n    •  6kVA / 10kVA\n 200/208/220/230/240 VAC 220V (standard)\nn Variação Admissível:\n   •   3kVA \n55-150 VAC ou 110-300 VAC @ 50% de Carga\n80-150 VAC ou 160-300 VAC @ 100% de Carga\n   •   6kVA / 10kVA \n110-300 VAC @ 50% de Carga\n176-300 VAC @ 100% de Carga \nn Freqüência: 50/60 Hz                           \nn Variação de Freqüência Admissível:   \n    •    3kVA  \n40-70Hz\n    •    6kVA / 10 kVA \n46-54Hz @50Hz e 56-64Hz @60Hz\nn  Configuração:\nMonofásica \nn Fator de Potência:\n≥ 0.99 Tensão nominal (100% de Carga)\nn Distorção Harmônica THDi:\n    •    3kVA\n ≤ 5% @ Tensão de Entrada nominal\n    •    6kVA / 10kVA\n<4% @100% de Carga, <6% @50% de Carga\nSaída\nnTensão: \n    •   3kVA \n100/110/115/120/127 VAC 115V (standard) ou \n200/208/220/230/240 VAC 220V (standard) \n    •   6kVA / 10kVA \n200/208/220/230/240 VAC 220V (standard) \nn Fator de Potência:  1,0\nn Regulação Estática:   ± 1% nominal modo \nbateria\nn Freqüência:   50 / 60 Hz \nn Variação de Freqüência: \n± 0,1Hz em modo bateria\nn Sincronismo com a Rede:   Sim\nn Configuração:   \n Monofásica f+n+t \nn Forma de Onda:   Onda senoidal pura\nn Distorção Harmônica THD:  \n •   3kVA \n    ≤ 2% carga linear \n    ≤ 4% carga não-linear \n •   6kVA / 10kVA \n    ≤ 1% carga linear \n    ≤ 4% carga não-linearBaterias\nn  Composição:  \n    •    72  VDC - 3,0 kVA \n    •     240 VDC - 6,0 kVA \n    •     240 VDC - 10,0 kVA \nn  Sistema de Recarga: \ncontrolado, automático\nn Tempo de Recarga:  \n8 a 10 horas para 90% da carga\nn Tipo: \nseladas, isentas de manutenção\nn  Paralelismo Redundante (N+1) \n»  Disponível nas potências de 6 e 10kVA\nn By-pass estático (inteligente):  \nO termo inteligente aplica-se, visto que a linha \nComposition XV  possui desligamento da saída da \nchave estática em condições que, a tensão da rede \napresenta variações fora da faixa de trabalho, prote -\ngendo a carga contra sub ou sobre tensão mesmo \nna condição de by-pass estático.']","A Equalização Ativa é projetada para ajudar na durabilidade e eficiência das baterias de várias maneiras. Cada módulo de bateria possui um microcontrolador e um módulo ativo que mantêm todas as baterias igualizadas, regulando a tensão sobre cada bateria para garantir que todas elas apresentem a mesma tensão. Isso elimina o efeito negativo de uma bateria sobrecarregar as outras, reduzindo a deterioração prematura das baterias. Além disso, o sistema também ajuda a evitar a queda do sistema por falha de baterias, enviando alarmes antes que ocorra uma falha do sistema, reduzindo o DOWNTIME e elevando a confiabilidade do todo sistema.","Os mecanismos da Equalização Ativa que ajudam na durabilidade e eficiência das baterias incluem a Equalização Ativa Individual das Baterias, que regula a tensão de cada bateria, mantendo-as homogêneas e elevando sua durabilidade, capacidade e resistência contra corrosão e sulfatação. Além disso, a Equalização Ativa protege as baterias contra excesso e falta de carga, evitando problemas como sulfatação e perda de capacidade. O sistema também monitora constantemente as condições das baterias, enviando alarmes antes de ocorrerem problemas, o que contribui para a otimização da capacidade e prolonga a vida útil das baterias.",,0.405350921755678,0.9547370203560455,0.99999999995,1.0,0.99999999995,0.0,,,
92,Qual a importância do monitoramento em tempo real para a durabilidade e prevenção de falhas nas baterias do sistema de Equalização Ativa?,"['Equalização A tiva de Bat erias\nO  QUE  É  ?\nO Equalizer é uma solução revolucionária de Equalização Ativa Individual de Baterias,  desenvolvido e fabricado \nno Brasil, pela CM Comandos. \nCada bateria recebe um Módulo de Bateria, conectado a um controlador, o Master Controller.  O Controller \nsupervisiona a tensão final das baterias e controla os Módulos de Baterias de forma a regular a tensão sobre cada \nbateria, para que todas as baterias sempre apresentem a mesma tensão.\nCada Módulo de Bateria possui um microcontrolador e um módulo ativo que mantêm todas as baterias \nequalizadas. \nA Equalização Ativa faz com que todas as baterias sejam igualmente carregadas com a mesma tensão, \neliminando o efeito negativo de uma bateria sobrecarregar as outras, com excesso de carga ou o inverso, de \nimpedir que as baterias adjacentes sejam carregadas plenamente.\nO Equalizer permite que as  baterias atinjam 100% da sua vida útil, projetada pelos fabricantes. Antes, sem o \nEqualizer, as baterias se deterioravam precocemente e era necessário substituí-las. Dependendo do tipo de \nbateria, a durabilidade pode dobrar,  eliminando substituições  e reduzindo a necessidade de reciclagem.  O \nprocesso de reciclagem consome grandes recursos naturais.\nAlém disso, o sistema impede a queda do sistema por falha de baterias,  enviando alarmes ANTES de ocorrer uma \nfalha do sistema, reduzindo o DOWNTIME e elevando a confiabilidade de todo sistema.\nRede Elétr ica\nde En tradaRetificador\nCarregador\nBanc o de\nBateriasBateria 1\nBateria 2\nBateria 3\nBateria nEqualizer\nEqualizer\nEqualizer\nEqualizerMaster\nController\nCorrente Alt ernada de Entrada\nCabo de Comunicação Cabo de Medição Módulo EqualizerCorr ente ContínuaCOMO FUNCIONA ?\nEqualiz er - Equalização A tiva\nA central contr ola cada módulo , conec tado em \nparalelo com a bat eria e contr ola a t ensão de f orma \nque t odas fiquem iguais . Além disso , monit ora  \nconstant ement e a Resist ência I nterna e a \nTemperatura individualment e de cada bat eria, \narmaz ena os dados para análise e emit e alar mes \nantes de ocor rer a falh a.'
 'Caso ocor ram nív eis maior es do que o nor mal,  o dispositiv o de super visão imediatament e atua, emitindo um sinal de alar me, para a int ervenção \ndas equipes de manut enção . \nO módulo DSI possui um micr oprocessador int erno, comunicação M odbus via RS485 e é pr ojetado dentr o dos cr itérios tecnológ icos mais \navançados ,  sendo pr eciso , segur o e confiá vel, carac terísticas exig idas pelas  aplicações médico -hospitalar es.   \nCARACTERÍSTIC AS TÉCNIC AS \n• \nde 0...999kΩ com r esolução de 1kΩ  \n• Monitorament o de t emperatura do enr olament o secundár io do \ntransf ormador de separação ( T1)  \n• Disponibilidade de utilização de um contat o programá vel para \nsinalização à distância, em caso de falhas int ernas do dispositiv o, \nbaixo nív el de isolament o, medição de elevados valor es de \ntemperatura e de alcance do ajust e de máxima cor rente·\n• Teste de aut o-diag nóstico para ev entuais falhas int ernas do \ndispositiv o, verificação da conexão com a r ede e contr ole de \nfuncionament o\n• Injeção no cir cuito de sinais de contr ole codificados , que não são \ninfluenciados pelos component es de tipo contínuo , emitidos por \ndispositiv os elétr icos de uso médico\n• Saída ser ial RS485 para comunicação MODBUS R TUPossibilidade de escolha de um valor pr eciso de isolament o de r ede Tensão S ecundária :  \nAté 250 V\n Tensão de C urto-cir cuito:\n    3%\nCorrente a Vazio:\n    3% x I n\nConexão Elétrica:  \nPor meio de t erminais\nFixação:  \nPor meio de base metálica/ \nrodízios \nDIMENSÕES TRANSFORMADOR DE SEP ARAÇÃO  Transf ormador de Separação - Gabinete Simples  \nTensão de alimentação: 110V / 230V - 60H z\nTensão máxima de medição: 24V\nTensão da r ede c ontr olador a:  24 a 230V AC\nTensão  de Isolament o: 2,5 kV em 1 minut o \nCorrente máxima de medição: 1mA\nDispositivo Super visor de Isolamento (DSI)\n     3,0   600 X 440 X 400    50\n     5,0       600 X 440 X 400    50\n     7,5       600 X 440 X 400         70\n10,0      600 X 440 X 400    90\n  Potência\nkVAPeso \nkgGabinete simples\nDimensões Físicas\nalt x lar g x prof \nmmO Transformador de Separação é projetado pela CM \nComandos, especificamente para o suprimento de energia de \nsistema médico.\nPossui isolação galvânica reforçada, blindagem eletrostática \nentre enrolamentos primário e secundár io, conectados a um \nterminal própr io e com caracter ísticas elétricas e mecânicas que \ngarantem sua qualidade e confiabilidade.\nPossui sensores de temperatura do tipo PT-100 os quais são \nconectados ao módulo DST para super visão de temperatura.\nO transformador garante a confiabilidade das condições do \nisolamento do circuito elétrico sendo imprescindível para a \nsegurança nas aplicações cirúrgicas.']","O monitoramento em tempo real é fundamental para a durabilidade e prevenção de falhas nas baterias do sistema de Equalização Ativa, pois permite que os operadores identifiquem problemas potenciais antes que se tornem incidentes graves. Além disso, isso ajuda a manter as baterias carregadas em um nível ótimo, minimizando o uso excessivo e reduzindo a sobrecarga ou falta de carga das baterias. Isso também evita danos à bateria e prolonga sua vida útil, garantindo que elas atinjam 100% da sua vida útil projetada.","O monitoramento em tempo real é crucial para a durabilidade e prevenção de falhas nas baterias do sistema de Equalização Ativa, pois permite a monitoração constante da condição das baterias, enviando alarmes antes de ocorrer um problema, o que ajuda a evitar quedas do sistema e maximiza a vida útil das baterias.",0.6812147159747541,,0.9685481713509098,0.99999999995,0.5,0.99999999995,0.0,,,0.875
93,Qual o impacto da Equalização Ativa na durabilidade e desempenho das baterias?,"['Equalização A tiva de Bat erias\nO  QUE  É  ?\nO Equalizer é uma solução revolucionária de Equalização Ativa Individual de Baterias,  desenvolvido e fabricado \nno Brasil, pela CM Comandos. \nCada bateria recebe um Módulo de Bateria, conectado a um controlador, o Master Controller.  O Controller \nsupervisiona a tensão final das baterias e controla os Módulos de Baterias de forma a regular a tensão sobre cada \nbateria, para que todas as baterias sempre apresentem a mesma tensão.\nCada Módulo de Bateria possui um microcontrolador e um módulo ativo que mantêm todas as baterias \nequalizadas. \nA Equalização Ativa faz com que todas as baterias sejam igualmente carregadas com a mesma tensão, \neliminando o efeito negativo de uma bateria sobrecarregar as outras, com excesso de carga ou o inverso, de \nimpedir que as baterias adjacentes sejam carregadas plenamente.\nO Equalizer permite que as  baterias atinjam 100% da sua vida útil, projetada pelos fabricantes. Antes, sem o \nEqualizer, as baterias se deterioravam precocemente e era necessário substituí-las. Dependendo do tipo de \nbateria, a durabilidade pode dobrar,  eliminando substituições  e reduzindo a necessidade de reciclagem.  O \nprocesso de reciclagem consome grandes recursos naturais.\nAlém disso, o sistema impede a queda do sistema por falha de baterias,  enviando alarmes ANTES de ocorrer uma \nfalha do sistema, reduzindo o DOWNTIME e elevando a confiabilidade de todo sistema.\nRede Elétr ica\nde En tradaRetificador\nCarregador\nBanc o de\nBateriasBateria 1\nBateria 2\nBateria 3\nBateria nEqualizer\nEqualizer\nEqualizer\nEqualizerMaster\nController\nCorrente Alt ernada de Entrada\nCabo de Comunicação Cabo de Medição Módulo EqualizerCorr ente ContínuaCOMO FUNCIONA ?\nEqualiz er - Equalização A tiva\nA central contr ola cada módulo , conec tado em \nparalelo com a bat eria e contr ola a t ensão de f orma \nque t odas fiquem iguais . Além disso , monit ora  \nconstant ement e a Resist ência I nterna e a \nTemperatura individualment e de cada bat eria, \narmaz ena os dados para análise e emit e alar mes \nantes de ocor rer a falh a.'
 'monobloco\n   \n    •Painel F rontal: em ABS de alta r esistência\n  \n    • A cabamento: pintura epó xi-pó na cor g rafite\n       com tratamento tér mico e anti- corrosivo\nTransf ormador Isolador : com blindagem\n    eletr ostátican  \nn  \nn   Alarmes\nContr olados pelo pr ocessador DSP\nTipos de Alarmes:\n   \n    •Sonor os: \n       »  A utocheck I nicialização\n       »  Tensão da Rede F ora da F aixa\n       »  Sobr ecar ga de Saída\n       »  F alha I nterna do Estabilizador\n       »  F reqüência da Rede F ora de F aixa\n   \n     •Sinalização: L eds de Status do P ainel\n       »  Rede Nor mal\n       »  Saída Nor mal\n       »  F alhan   \nn   Características de Oper ação\nRuído A udív el: 55 dBA a 60 dBA a 1 metr o\n MTBF (M ean Time Bet ween F ailur es): 50 mil horas\nMTTR (M ean Time To Repair): 30 minutos\nTemperatura Ambiente: \n   \n•Mínimo: 0ºC / M áximo 40ºC\n   \n    •Recomendada: 20ºC a 25ºC\nUmidade Relativa:\n   \n    •0% a 95% sem condensação\n   \n    •Recomendada: 45% a 55%\nAltitude: até 1.800m\n Tipo de Ambiente Recomendado:\n   \n    •Interno, instalação abr igada\n   \n    •Atmosf era: limpa, livr e de par tículas condutivas , \n      gases tó xicos , líquidos e inflamáv eis.\nGrau de P roteção: IP -20n   \nn  \nn   \nn   \n   \nn   \nn    \nn  \nn    \n   2000    2,0       620 X 200 X 600        41  \n   3000    3,0       620 X 200 X 600        43\n   5000    5,0       620 X 200 X 600           47\n   7500    7,5       620 X 200 X 600           61\n 10000  10,0       790 X 400 X 775        119\n 15000  15,0       790 X 400 X 775        147Modelo Potência \nkVADimensões Físicas\nalt x lar g x prof \nmmPeso \nkg\n* Opcional\nCM.MK T MAR 22  -   As especificações estão sujeitas a alterações sem pr évio aviso . Nós incentivamos a r eciclagem\nCertificação de \nSustentabilidade A uditadaESPECIFIC AÇÕES  TÉCNIC ASOs Estabilizador es de Tensão M icroprocessados P erfection MI S2 possuem uma tecnolog ia inédita de duplos con versor es estáticos com módulos IGBT s, de última geração . \nTotalmente contr olado por micr oprocessador DSP – Dig ital Sig nal P rocessor , o estabilizador cor rige instantaneamente qualquer var iação de tensão da r ede elétr ica da \nconcessionár ia, além de atenuar distor ção har mônica, var iações de fr equência e distúr bios elétr icos, gerando uma f orma de onda senoidal pura, e f ornecendo uma linha \nestabilizada ex clusiva e isolada para as aplicações sensív eis.\nA tecnolog ia DSP r ealiza medições em True RMS g raças à amostragem dig ital, sem r etardos ou desvios , com alta v elocidade e confiabilidade . Isso sig nifica que podemos \nproduzir sistemas cada v ez menor es e capaz es de r ealizar mais funções , com elevada confiabilidade .']","A Equalização Ativa tem um impacto significativo na durabilidade e desempenho das baterias. Ela permite que as baterias sejam igualmente carregadas, eliminando o efeito negativo de uma bateria sobrecarregar as outras. Isso ajuda a prolongar a vida útil das baterias, reduzindo a necessidade de substituição prematura.

Além disso, a Equalização Ativa também ajuda a prevenir a deterioração das baterias causada pela sobrecarga ou falta de carga, o que pode levar a uma perda de capacidade e desempenho. Isso resulta em um desempenho mais estável e confiável do sistema.

Com a Equalização Ativa, as baterias podem atingir 100% da sua vida útil projetada pelos fabricantes, o que significa que elas podem durar mais tempo sem necessidade de substituição. Isso é particularmente importante em aplicações onde a disponibilidade e a confiabilidade das baterias são cruciais.

Em resumo, a Equalização Ativa tem um impacto positivo na durabilidade e desempenho das baterias, permitindo que elas sejam igualmente carregadas, prevenindo a deterioração e prolongando a vida útil.","A Equalização Ativa tem um impacto positivo na durabilidade e desempenho das baterias, pois permite que todas as baterias sejam igualmente carregadas com a mesma tensão, eliminando o efeito negativo de uma bateria sobrecarregar as outras. Isso pode dobrar a durabilidade das baterias, evitando a deterioração precoce e a necessidade de substituições, além de otimizar a capacidade das baterias.",0.7579404347915814,0.5750426811906885,0.8001707247627537,0.99999999995,0.5,0.99999999995,0.0,,,0.8461538461538461
94,Qual o impacto da Equalização Ativa na durabilidade e desempenho das baterias?,"['Equalização A tiva de Bat erias\nO  QUE  É  ?\nO Equalizer é uma solução revolucionária de Equalização Ativa Individual de Baterias,  desenvolvido e fabricado \nno Brasil, pela CM Comandos. \nCada bateria recebe um Módulo de Bateria, conectado a um controlador, o Master Controller.  O Controller \nsupervisiona a tensão final das baterias e controla os Módulos de Baterias de forma a regular a tensão sobre cada \nbateria, para que todas as baterias sempre apresentem a mesma tensão.\nCada Módulo de Bateria possui um microcontrolador e um módulo ativo que mantêm todas as baterias \nequalizadas. \nA Equalização Ativa faz com que todas as baterias sejam igualmente carregadas com a mesma tensão, \neliminando o efeito negativo de uma bateria sobrecarregar as outras, com excesso de carga ou o inverso, de \nimpedir que as baterias adjacentes sejam carregadas plenamente.\nO Equalizer permite que as  baterias atinjam 100% da sua vida útil, projetada pelos fabricantes. Antes, sem o \nEqualizer, as baterias se deterioravam precocemente e era necessário substituí-las. Dependendo do tipo de \nbateria, a durabilidade pode dobrar,  eliminando substituições  e reduzindo a necessidade de reciclagem.  O \nprocesso de reciclagem consome grandes recursos naturais.\nAlém disso, o sistema impede a queda do sistema por falha de baterias,  enviando alarmes ANTES de ocorrer uma \nfalha do sistema, reduzindo o DOWNTIME e elevando a confiabilidade de todo sistema.\nRede Elétr ica\nde En tradaRetificador\nCarregador\nBanc o de\nBateriasBateria 1\nBateria 2\nBateria 3\nBateria nEqualizer\nEqualizer\nEqualizer\nEqualizerMaster\nController\nCorrente Alt ernada de Entrada\nCabo de Comunicação Cabo de Medição Módulo EqualizerCorr ente ContínuaCOMO FUNCIONA ?\nEqualiz er - Equalização A tiva\nA central contr ola cada módulo , conec tado em \nparalelo com a bat eria e contr ola a t ensão de f orma \nque t odas fiquem iguais . Além disso , monit ora  \nconstant ement e a Resist ência I nterna e a \nTemperatura individualment e de cada bat eria, \narmaz ena os dados para análise e emit e alar mes \nantes de ocor rer a falh a.'
 'monobloco\n   \n    •Painel F rontal: em ABS de alta r esistência\n  \n    • A cabamento: pintura epó xi-pó na cor g rafite\n       com tratamento tér mico e anti- corrosivo\nTransf ormador Isolador : com blindagem\n    eletr ostátican  \nn  \nn   Alarmes\nContr olados pelo pr ocessador DSP\nTipos de Alarmes:\n   \n    •Sonor os: \n       »  A utocheck I nicialização\n       »  Tensão da Rede F ora da F aixa\n       »  Sobr ecar ga de Saída\n       »  F alha I nterna do Estabilizador\n       »  F reqüência da Rede F ora de F aixa\n   \n     •Sinalização: L eds de Status do P ainel\n       »  Rede Nor mal\n       »  Saída Nor mal\n       »  F alhan   \nn   Características de Oper ação\nRuído A udív el: 55 dBA a 60 dBA a 1 metr o\n MTBF (M ean Time Bet ween F ailur es): 50 mil horas\nMTTR (M ean Time To Repair): 30 minutos\nTemperatura Ambiente: \n   \n•Mínimo: 0ºC / M áximo 40ºC\n   \n    •Recomendada: 20ºC a 25ºC\nUmidade Relativa:\n   \n    •0% a 95% sem condensação\n   \n    •Recomendada: 45% a 55%\nAltitude: até 1.800m\n Tipo de Ambiente Recomendado:\n   \n    •Interno, instalação abr igada\n   \n    •Atmosf era: limpa, livr e de par tículas condutivas , \n      gases tó xicos , líquidos e inflamáv eis.\nGrau de P roteção: IP -20n   \nn  \nn   \nn   \n   \nn   \nn    \nn  \nn    \n   2000    2,0       620 X 200 X 600        41  \n   3000    3,0       620 X 200 X 600        43\n   5000    5,0       620 X 200 X 600           47\n   7500    7,5       620 X 200 X 600           61\n 10000  10,0       790 X 400 X 775        119\n 15000  15,0       790 X 400 X 775        147Modelo Potência \nkVADimensões Físicas\nalt x lar g x prof \nmmPeso \nkg\n* Opcional\nCM.MK T MAR 22  -   As especificações estão sujeitas a alterações sem pr évio aviso . Nós incentivamos a r eciclagem\nCertificação de \nSustentabilidade A uditadaESPECIFIC AÇÕES  TÉCNIC ASOs Estabilizador es de Tensão M icroprocessados P erfection MI S2 possuem uma tecnolog ia inédita de duplos con versor es estáticos com módulos IGBT s, de última geração . \nTotalmente contr olado por micr oprocessador DSP – Dig ital Sig nal P rocessor , o estabilizador cor rige instantaneamente qualquer var iação de tensão da r ede elétr ica da \nconcessionár ia, além de atenuar distor ção har mônica, var iações de fr equência e distúr bios elétr icos, gerando uma f orma de onda senoidal pura, e f ornecendo uma linha \nestabilizada ex clusiva e isolada para as aplicações sensív eis.\nA tecnolog ia DSP r ealiza medições em True RMS g raças à amostragem dig ital, sem r etardos ou desvios , com alta v elocidade e confiabilidade . Isso sig nifica que podemos \nproduzir sistemas cada v ez menor es e capaz es de r ealizar mais funções , com elevada confiabilidade .']","A Equalização Ativa tem um impacto significativo na durabilidade e desempenho das baterias, permitindo que elas atinjam a vida útil projetada pelos fabricantes. Isso ocorre porque a equalização ativa elimina o efeito negativo de uma bateria sobrecarregar as outras, evitando excesso de carga ou impedimento de carregamento pleno em baterias adjacentes.

Além disso, a Equalização Ativa reduz a deterioração das baterias precocemente, o que significa que elas podem durar mais tempo sem precisar ser substituídas. Isso também envolve a redução da necessidade de reciclagem, pois as baterias não se deterioram tão rápido.

Portanto, a Equalização Ativa tem um impacto positivo na durabilidade e desempenho das baterias, permitindo que elas funcionem mais eficientemente e com uma vida útil mais longa.","A Equalização Ativa tem um impacto positivo na durabilidade e desempenho das baterias, pois permite que todas as baterias sejam igualmente carregadas com a mesma tensão, eliminando o efeito negativo de uma bateria sobrecarregar as outras. Isso pode dobrar a durabilidade das baterias, evitando a deterioração precoce e reduzindo a necessidade de substituições e reciclagem.",0.9763404959504394,0.5187871947868838,0.8751487791475352,0.99999999995,0.5,0.99999999995,0.0,,,
95,Qual a função do Adaptador ArmModbus na conexão do No-Break com sistemas de automação predial?,"['Equalização A tiva de Bat erias\nO  QUE  É  ?\nO Equalizer é uma solução revolucionária de Equalização Ativa Individual de Baterias,  desenvolvido e fabricado \nno Brasil, pela CM Comandos. \nCada bateria recebe um Módulo de Bateria, conectado a um controlador, o Master Controller.  O Controller \nsupervisiona a tensão final das baterias e controla os Módulos de Baterias de forma a regular a tensão sobre cada \nbateria, para que todas as baterias sempre apresentem a mesma tensão.\nCada Módulo de Bateria possui um microcontrolador e um módulo ativo que mantêm todas as baterias \nequalizadas. \nA Equalização Ativa faz com que todas as baterias sejam igualmente carregadas com a mesma tensão, \neliminando o efeito negativo de uma bateria sobrecarregar as outras, com excesso de carga ou o inverso, de \nimpedir que as baterias adjacentes sejam carregadas plenamente.\nO Equalizer permite que as  baterias atinjam 100% da sua vida útil, projetada pelos fabricantes. Antes, sem o \nEqualizer, as baterias se deterioravam precocemente e era necessário substituí-las. Dependendo do tipo de \nbateria, a durabilidade pode dobrar,  eliminando substituições  e reduzindo a necessidade de reciclagem.  O \nprocesso de reciclagem consome grandes recursos naturais.\nAlém disso, o sistema impede a queda do sistema por falha de baterias,  enviando alarmes ANTES de ocorrer uma \nfalha do sistema, reduzindo o DOWNTIME e elevando a confiabilidade de todo sistema.\nRede Elétr ica\nde En tradaRetificador\nCarregador\nBanc o de\nBateriasBateria 1\nBateria 2\nBateria 3\nBateria nEqualizer\nEqualizer\nEqualizer\nEqualizerMaster\nController\nCorrente Alt ernada de Entrada\nCabo de Comunicação Cabo de Medição Módulo EqualizerCorr ente ContínuaCOMO FUNCIONA ?\nEqualiz er - Equalização A tiva\nA central contr ola cada módulo , conec tado em \nparalelo com a bat eria e contr ola a t ensão de f orma \nque t odas fiquem iguais . Além disso , monit ora  \nconstant ement e a Resist ência I nterna e a \nTemperatura individualment e de cada bat eria, \narmaz ena os dados para análise e emit e alar mes \nantes de ocor rer a falh a.'
 'S I S T E M A PA R A L E L O M U LT I AT I V O ( E X C L U S I V O C M C O M A N D O S )\nA CM Comandos Lineares desenvolveu um sistema inovador e pioneiro no mundo de paralelismo entre No Breaks. O sistema Paralelo \nMulti Ativo permite a expansão do sistema, de acordo com sua demanda de consumo, podendo paralelar quantas unidades forem \nnecessárias para atender sua demanda, elevando a capacidade do sistema e a confiabilidade de sua aplicação.\nP O S S I B I L I D A D E D E S O M A T Ó R I A D E  P O T Ê N C I A S\nPermite a ligação para somatória de potência, utilizando dois ou mais No \nBreaks para atingir a demanda da carga total.\nQuando utilizado para somatória de potência, possibilita a ligação de \nNo Breaks com potências diferentes. Quando a ligação for feita com No \nBreaks de potências diferentes, a carga será distribuída \nproporcionalmente. Permite a ligação em paralelo redundante N + 1,  N + 2, N + 3 … N+X,  \npossibilitando o desligamento de uma ou mais unidades mantendo a \ncarga ativa.L I G A Ç Ã O E M P A R A L E L O R E D U N D A N T E\nA comunicação entre os No Breaks consiste no barramento de \ncomunicação comum, por onde transitam informações contendo \nnível de carga, sincronismo e a condição do by pass.C O M U N I C A Ç Ã O E N T R E O S N O B R E A K STodos os No Breaks são autônomos, operam de forma \nindependente no sistema e possuem controle individual.N Ã O E X I S T E N O B R E A K M E S T R E O U E S C R A V OPodem ser paraleladas quantas unidades forem necessárias, \npossibilitando expansão do sistema, de acordo com a demanda de \nconsumo.Q U A N T I D A D E I L I M I T A D A P A R A P A R A L E L I S M O\nM A N U T E N Ç Ã O D O N O B R E A K\nPermite a inserção ou retirada de um No Break no sistema, sem a \nnecessidade de parada.Rede Elétrica\nde Entrada\nSaídaNo Break 1\n Potência de \n30 kVANo Break 2\nPotência de \n10 kVANo Break 3\nPotência de \n20 kVA\nCarga fornecida pelo sistema = 150 kVANo Break 4\nPotência de \n30 kVANo Break 5\nPotência de \n20 kVANo Break 6\nPotência de \n40 kVA\nINTERFACES DE \nGERENCIAMENTO   \nREMOTO\nSão compostas por diversas ferramentas. O \nAdaptador SNMP NetMate permite\ngerenciar remotamente o No Break via a \nInternet através de um web browser,\nmonitorar o status e enviar alertas por e-mail. \nO software IP Power é uma ferramenta de \ngerenciamento  Windows Application e a \nversão Client é específica para  automatizar o \nshutdown de servidores, podendo desligar \nautomática e simultaneamente vários\ns e r v i d o r e s  e  e s t a ç õ e s .\nO Adaptador ArmModbus permite integrar \no  N o  B r e a k ,  v i a  u m a  p o r t a\nRS485, a Sistemas de Automação Predial.']",O Adaptador ArmModbus permite integrar o No Break via RS485 em sistemas de automatização predial.,"O Adaptador ArmModbus permite integrar o No-Break, via uma porta RS485, a Sistemas de Automação Predial através do protocolo Modbus.",0.8572192819292758,0.4573405035417463,0.9722191570241282,0.99999999995,1.0,,0.0,,,1.0
96,Quais elementos do DSP garantem a performance e confiabilidade dos No-Breaks Dominion SP1 em aplicações críticas?,"['Alta Tecnologia em\nProcessamento Digital\nde Sinais - DSP\nO S M A I S M O D E R N O S\nN O B R E A K S C O R P O R AT I V O SVivemos em um mundo cada vez mais ágil e prático. Um mundo conectado por processadores, chips, softwares e \nperiféricos. Mas isso ainda não é o bastante. Por isso, o mundo caminha para tecnologias de processamento imediato \nde dados. A CM Comandos Lineares está um passo à frente e oferece aos seus clientes produtos dotados de uma \ntecnologia revolucionária, denominada Processamento Digital de Sinais -- DSP .\nToda a linha de No Breaks Innovation S1 Trifásico  \nTransformerless conta com a tecnologia DS P.   \nCaracterística que proporciona alta performance e \nconfiabilidade, tornando-os ideais para aplicações de missão crítica. Ou seja, protegem as aplicações nas quais a \ncontinuidade da operação é de fundamental importância.\ndos equipamentos pode ser atualizado, \nacrescentando novas funções em \nunidades já instaladas. Hoje, esta tecnologia está presente nos mais sofisticados sistemas eletrônicos, devido à sua alta velocidade e \nconfiabilidade. Processadores Digitais de Sinais são capazes de processar dez milhões de amostragens por segundo. \nIsso significa processamento em tempo real -- o sinal é processado no mesmo instante em que é recebido, sem \nretardos ou atrasos.\nProjetados com o uso intenso dos recursos da tecnologia DSP ,  os No Breaks Innovation Trifásico Transformerless  \nagregam novos  e avançados recursos, que estabelecem um novo conceito em desenvolvimento, no qual o firmware \nAo pensar em adquirir No Breaks,     \nconte com as soluções da\nCM Comandos, que asseguram \ntecnologia de ponta, máxima proteção, \nprecisão digital e processamento        \nem tempo real.'
 'Caso ocor ram nív eis maior es do que o nor mal,  o dispositiv o de super visão imediatament e atua, emitindo um sinal de alar me, para a int ervenção \ndas equipes de manut enção . \nO módulo DSI possui um micr oprocessador int erno, comunicação M odbus via RS485 e é pr ojetado dentr o dos cr itérios tecnológ icos mais \navançados ,  sendo pr eciso , segur o e confiá vel, carac terísticas exig idas pelas  aplicações médico -hospitalar es.   \nCARACTERÍSTIC AS TÉCNIC AS \n• \nde 0...999kΩ com r esolução de 1kΩ  \n• Monitorament o de t emperatura do enr olament o secundár io do \ntransf ormador de separação ( T1)  \n• Disponibilidade de utilização de um contat o programá vel para \nsinalização à distância, em caso de falhas int ernas do dispositiv o, \nbaixo nív el de isolament o, medição de elevados valor es de \ntemperatura e de alcance do ajust e de máxima cor rente·\n• Teste de aut o-diag nóstico para ev entuais falhas int ernas do \ndispositiv o, verificação da conexão com a r ede e contr ole de \nfuncionament o\n• Injeção no cir cuito de sinais de contr ole codificados , que não são \ninfluenciados pelos component es de tipo contínuo , emitidos por \ndispositiv os elétr icos de uso médico\n• Saída ser ial RS485 para comunicação MODBUS R TUPossibilidade de escolha de um valor pr eciso de isolament o de r ede Tensão S ecundária :  \nAté 250 V\n Tensão de C urto-cir cuito:\n    3%\nCorrente a Vazio:\n    3% x I n\nConexão Elétrica:  \nPor meio de t erminais\nFixação:  \nPor meio de base metálica/ \nrodízios \nDIMENSÕES TRANSFORMADOR DE SEP ARAÇÃO  Transf ormador de Separação - Gabinete Simples  \nTensão de alimentação: 110V / 230V - 60H z\nTensão máxima de medição: 24V\nTensão da r ede c ontr olador a:  24 a 230V AC\nTensão  de Isolament o: 2,5 kV em 1 minut o \nCorrente máxima de medição: 1mA\nDispositivo Super visor de Isolamento (DSI)\n     3,0   600 X 440 X 400    50\n     5,0       600 X 440 X 400    50\n     7,5       600 X 440 X 400         70\n10,0      600 X 440 X 400    90\n  Potência\nkVAPeso \nkgGabinete simples\nDimensões Físicas\nalt x lar g x prof \nmmO Transformador de Separação é projetado pela CM \nComandos, especificamente para o suprimento de energia de \nsistema médico.\nPossui isolação galvânica reforçada, blindagem eletrostática \nentre enrolamentos primário e secundár io, conectados a um \nterminal própr io e com caracter ísticas elétricas e mecânicas que \ngarantem sua qualidade e confiabilidade.\nPossui sensores de temperatura do tipo PT-100 os quais são \nconectados ao módulo DST para super visão de temperatura.\nO transformador garante a confiabilidade das condições do \nisolamento do circuito elétrico sendo imprescindível para a \nsegurança nas aplicações cirúrgicas.']","A tecnologia de Processamento Digital de Sinais (DSP) proporciona alta performance e confiabilidade, tornando os No Breaks Innovation S1 Trifásico Transformerless ideais para aplicações de missão crítica. Além disso, a capacidade de processar dez milhões de amostragens por segundo permite o processamento em tempo real, garantindo que o sinal seja processado no mesmo instante em que é recebido, sem retardos ou atrasos.","Os elementos do DSP que garantem a performance e confiabilidade dos No-Breaks Dominion SP1 em aplicações críticas incluem a alta velocidade de processamento, a capacidade de processar dez milhões de amostragens por segundo e o processamento em tempo real, onde o sinal é processado no mesmo instante em que é recebido, sem retardos ou atrasos.",0.647678948124405,0.44482703801848245,0.9221652949310727,0.99999999995,1.0,,0.16666666638888888,,,0.8461538461538461
97,Qual a importância da alta isolação galvânica no Transformador de Separação em instalações elétricas hospitalares?,"['monobloco\n   \n    •Painel F rontal: em ABS de alta r esistência\n  \n    • A cabamento: pintura epó xi-pó na cor g rafite\n       com tratamento tér mico e anti- corrosivo\nTransf ormador Isolador : com blindagem\n    eletr ostátican  \nn  \nn   Alarmes\nContr olados pelo pr ocessador DSP\nTipos de Alarmes:\n   \n    •Sonor os: \n       »  A utocheck I nicialização\n       »  Tensão da Rede F ora da F aixa\n       »  Sobr ecar ga de Saída\n       »  F alha I nterna do Estabilizador\n       »  F reqüência da Rede F ora de F aixa\n   \n     •Sinalização: L eds de Status do P ainel\n       »  Rede Nor mal\n       »  Saída Nor mal\n       »  F alhan   \nn   Características de Oper ação\nRuído A udív el: 55 dBA a 60 dBA a 1 metr o\n MTBF (M ean Time Bet ween F ailur es): 50 mil horas\nMTTR (M ean Time To Repair): 30 minutos\nTemperatura Ambiente: \n   \n•Mínimo: 0ºC / M áximo 40ºC\n   \n    •Recomendada: 20ºC a 25ºC\nUmidade Relativa:\n   \n    •0% a 95% sem condensação\n   \n    •Recomendada: 45% a 55%\nAltitude: até 1.800m\n Tipo de Ambiente Recomendado:\n   \n    •Interno, instalação abr igada\n   \n    •Atmosf era: limpa, livr e de par tículas condutivas , \n      gases tó xicos , líquidos e inflamáv eis.\nGrau de P roteção: IP -20n   \nn  \nn   \nn   \n   \nn   \nn    \nn  \nn    \n   2000    2,0       620 X 200 X 600        41  \n   3000    3,0       620 X 200 X 600        43\n   5000    5,0       620 X 200 X 600           47\n   7500    7,5       620 X 200 X 600           61\n 10000  10,0       790 X 400 X 775        119\n 15000  15,0       790 X 400 X 775        147Modelo Potência \nkVADimensões Físicas\nalt x lar g x prof \nmmPeso \nkg\n* Opcional\nCM.MK T MAR 22  -   As especificações estão sujeitas a alterações sem pr évio aviso . Nós incentivamos a r eciclagem\nCertificação de \nSustentabilidade A uditadaESPECIFIC AÇÕES  TÉCNIC ASOs Estabilizador es de Tensão M icroprocessados P erfection MI S2 possuem uma tecnolog ia inédita de duplos con versor es estáticos com módulos IGBT s, de última geração . \nTotalmente contr olado por micr oprocessador DSP – Dig ital Sig nal P rocessor , o estabilizador cor rige instantaneamente qualquer var iação de tensão da r ede elétr ica da \nconcessionár ia, além de atenuar distor ção har mônica, var iações de fr equência e distúr bios elétr icos, gerando uma f orma de onda senoidal pura, e f ornecendo uma linha \nestabilizada ex clusiva e isolada para as aplicações sensív eis.\nA tecnolog ia DSP r ealiza medições em True RMS g raças à amostragem dig ital, sem r etardos ou desvios , com alta v elocidade e confiabilidade . Isso sig nifica que podemos \nproduzir sistemas cada v ez menor es e capaz es de r ealizar mais funções , com elevada confiabilidade .'
 'Caso ocor ram nív eis maior es do que o nor mal,  o dispositiv o de super visão imediatament e atua, emitindo um sinal de alar me, para a int ervenção \ndas equipes de manut enção . \nO módulo DSI possui um micr oprocessador int erno, comunicação M odbus via RS485 e é pr ojetado dentr o dos cr itérios tecnológ icos mais \navançados ,  sendo pr eciso , segur o e confiá vel, carac terísticas exig idas pelas  aplicações médico -hospitalar es.   \nCARACTERÍSTIC AS TÉCNIC AS \n• \nde 0...999kΩ com r esolução de 1kΩ  \n• Monitorament o de t emperatura do enr olament o secundár io do \ntransf ormador de separação ( T1)  \n• Disponibilidade de utilização de um contat o programá vel para \nsinalização à distância, em caso de falhas int ernas do dispositiv o, \nbaixo nív el de isolament o, medição de elevados valor es de \ntemperatura e de alcance do ajust e de máxima cor rente·\n• Teste de aut o-diag nóstico para ev entuais falhas int ernas do \ndispositiv o, verificação da conexão com a r ede e contr ole de \nfuncionament o\n• Injeção no cir cuito de sinais de contr ole codificados , que não são \ninfluenciados pelos component es de tipo contínuo , emitidos por \ndispositiv os elétr icos de uso médico\n• Saída ser ial RS485 para comunicação MODBUS R TUPossibilidade de escolha de um valor pr eciso de isolament o de r ede Tensão S ecundária :  \nAté 250 V\n Tensão de C urto-cir cuito:\n    3%\nCorrente a Vazio:\n    3% x I n\nConexão Elétrica:  \nPor meio de t erminais\nFixação:  \nPor meio de base metálica/ \nrodízios \nDIMENSÕES TRANSFORMADOR DE SEP ARAÇÃO  Transf ormador de Separação - Gabinete Simples  \nTensão de alimentação: 110V / 230V - 60H z\nTensão máxima de medição: 24V\nTensão da r ede c ontr olador a:  24 a 230V AC\nTensão  de Isolament o: 2,5 kV em 1 minut o \nCorrente máxima de medição: 1mA\nDispositivo Super visor de Isolamento (DSI)\n     3,0   600 X 440 X 400    50\n     5,0       600 X 440 X 400    50\n     7,5       600 X 440 X 400         70\n10,0      600 X 440 X 400    90\n  Potência\nkVAPeso \nkgGabinete simples\nDimensões Físicas\nalt x lar g x prof \nmmO Transformador de Separação é projetado pela CM \nComandos, especificamente para o suprimento de energia de \nsistema médico.\nPossui isolação galvânica reforçada, blindagem eletrostática \nentre enrolamentos primário e secundár io, conectados a um \nterminal própr io e com caracter ísticas elétricas e mecânicas que \ngarantem sua qualidade e confiabilidade.\nPossui sensores de temperatura do tipo PT-100 os quais são \nconectados ao módulo DST para super visão de temperatura.\nO transformador garante a confiabilidade das condições do \nisolamento do circuito elétrico sendo imprescindível para a \nsegurança nas aplicações cirúrgicas.']","A alta isolação galvânica no Transformador de Separação é crucial em instalações elétricas hospitalares, onde a segurança e a estabilidade do circuito elétrico são fundamentais. A isolação galvânica reforçada ajuda a proteger o personal e os equipamentos contra choques elétricos, garantindo uma conexão segura e estável entre o sistema elétrico e o equipamento transformador.

Além disso, a alta isolação galvânica também ajuda a reduzir o risco de incêndios e explosões, pois ela impede que a corrente elétrica flua livremente e cause danos ao material. Isso é particularmente importante em ambientes hospitalares, onde há um alto nível de risco de incidentes elétricos.

A alta isolação galvânica também garante a confiabilidade do sistema transformador, garantindo que o equipamento funcione corretamente e sem interrupções, mesmo em condições adversas. Isso é fundamental para manter a estabilidade do sistema e evitar falhas que possam afetar a segurança dos pacientes.

Em resumo, a alta isolação galvânica no Transformador de Separação é essencial para garantir a segurança, confiabilidade e estabilidade em instalações elétricas hospitalares.",A resposta à pergunta dada não está presente no contexto,,0.16746632446544474,0.20832683632331744,0.0,,0.99999999995,0.0,,,
98,Qual a função do Bypass Estático em sistemas de proteção elétrica para manter o fornecimento de energia?,"['Equalização A tiva de Bat erias\nO  QUE  É  ?\nO Equalizer é uma solução revolucionária de Equalização Ativa Individual de Baterias,  desenvolvido e fabricado \nno Brasil, pela CM Comandos. \nCada bateria recebe um Módulo de Bateria, conectado a um controlador, o Master Controller.  O Controller \nsupervisiona a tensão final das baterias e controla os Módulos de Baterias de forma a regular a tensão sobre cada \nbateria, para que todas as baterias sempre apresentem a mesma tensão.\nCada Módulo de Bateria possui um microcontrolador e um módulo ativo que mantêm todas as baterias \nequalizadas. \nA Equalização Ativa faz com que todas as baterias sejam igualmente carregadas com a mesma tensão, \neliminando o efeito negativo de uma bateria sobrecarregar as outras, com excesso de carga ou o inverso, de \nimpedir que as baterias adjacentes sejam carregadas plenamente.\nO Equalizer permite que as  baterias atinjam 100% da sua vida útil, projetada pelos fabricantes. Antes, sem o \nEqualizer, as baterias se deterioravam precocemente e era necessário substituí-las. Dependendo do tipo de \nbateria, a durabilidade pode dobrar,  eliminando substituições  e reduzindo a necessidade de reciclagem.  O \nprocesso de reciclagem consome grandes recursos naturais.\nAlém disso, o sistema impede a queda do sistema por falha de baterias,  enviando alarmes ANTES de ocorrer uma \nfalha do sistema, reduzindo o DOWNTIME e elevando a confiabilidade de todo sistema.\nRede Elétr ica\nde En tradaRetificador\nCarregador\nBanc o de\nBateriasBateria 1\nBateria 2\nBateria 3\nBateria nEqualizer\nEqualizer\nEqualizer\nEqualizerMaster\nController\nCorrente Alt ernada de Entrada\nCabo de Comunicação Cabo de Medição Módulo EqualizerCorr ente ContínuaCOMO FUNCIONA ?\nEqualiz er - Equalização A tiva\nA central contr ola cada módulo , conec tado em \nparalelo com a bat eria e contr ola a t ensão de f orma \nque t odas fiquem iguais . Além disso , monit ora  \nconstant ement e a Resist ência I nterna e a \nTemperatura individualment e de cada bat eria, \narmaz ena os dados para análise e emit e alar mes \nantes de ocor rer a falh a.'
 'Caso ocor ram nív eis maior es do que o nor mal,  o dispositiv o de super visão imediatament e atua, emitindo um sinal de alar me, para a int ervenção \ndas equipes de manut enção . \nO módulo DSI possui um micr oprocessador int erno, comunicação M odbus via RS485 e é pr ojetado dentr o dos cr itérios tecnológ icos mais \navançados ,  sendo pr eciso , segur o e confiá vel, carac terísticas exig idas pelas  aplicações médico -hospitalar es.   \nCARACTERÍSTIC AS TÉCNIC AS \n• \nde 0...999kΩ com r esolução de 1kΩ  \n• Monitorament o de t emperatura do enr olament o secundár io do \ntransf ormador de separação ( T1)  \n• Disponibilidade de utilização de um contat o programá vel para \nsinalização à distância, em caso de falhas int ernas do dispositiv o, \nbaixo nív el de isolament o, medição de elevados valor es de \ntemperatura e de alcance do ajust e de máxima cor rente·\n• Teste de aut o-diag nóstico para ev entuais falhas int ernas do \ndispositiv o, verificação da conexão com a r ede e contr ole de \nfuncionament o\n• Injeção no cir cuito de sinais de contr ole codificados , que não são \ninfluenciados pelos component es de tipo contínuo , emitidos por \ndispositiv os elétr icos de uso médico\n• Saída ser ial RS485 para comunicação MODBUS R TUPossibilidade de escolha de um valor pr eciso de isolament o de r ede Tensão S ecundária :  \nAté 250 V\n Tensão de C urto-cir cuito:\n    3%\nCorrente a Vazio:\n    3% x I n\nConexão Elétrica:  \nPor meio de t erminais\nFixação:  \nPor meio de base metálica/ \nrodízios \nDIMENSÕES TRANSFORMADOR DE SEP ARAÇÃO  Transf ormador de Separação - Gabinete Simples  \nTensão de alimentação: 110V / 230V - 60H z\nTensão máxima de medição: 24V\nTensão da r ede c ontr olador a:  24 a 230V AC\nTensão  de Isolament o: 2,5 kV em 1 minut o \nCorrente máxima de medição: 1mA\nDispositivo Super visor de Isolamento (DSI)\n     3,0   600 X 440 X 400    50\n     5,0       600 X 440 X 400    50\n     7,5       600 X 440 X 400         70\n10,0      600 X 440 X 400    90\n  Potência\nkVAPeso \nkgGabinete simples\nDimensões Físicas\nalt x lar g x prof \nmmO Transformador de Separação é projetado pela CM \nComandos, especificamente para o suprimento de energia de \nsistema médico.\nPossui isolação galvânica reforçada, blindagem eletrostática \nentre enrolamentos primário e secundár io, conectados a um \nterminal própr io e com caracter ísticas elétricas e mecânicas que \ngarantem sua qualidade e confiabilidade.\nPossui sensores de temperatura do tipo PT-100 os quais são \nconectados ao módulo DST para super visão de temperatura.\nO transformador garante a confiabilidade das condições do \nisolamento do circuito elétrico sendo imprescindível para a \nsegurança nas aplicações cirúrgicas.']","O Bypass Estático é uma estrutura que permite que a energia seja transferida diretamente entre dois pontos da rede, evitando o uso de um transformador ou outro componente intermediário. Isso pode ser útil em sistemas de proteção elétrica para manter o fornecimento de energia em caso de falha do sistema principal.","O Bypass Estático é um sistema de proteção que, em caso de problemas, transfere automaticamente a carga para um circuito alternativo, sem interrupção no fornecimento de energia.",0.6692562998707409,0.52529524458491,0.9011809783396396,0.0,1.0,0.9999999999,0.0,,,1.0
99,Quais as vantagens do suporte 24h da CM Comandos em emergências com equipamentos críticos?,"['Alta Tecnologia em\nProcessamento Digital\nde Sinais - DSP\nO S M A I S M O D E R N O S\nN O B R E A K S C O R P O R AT I V O SVivemos em um mundo cada vez mais ágil e prático. Um mundo conectado por processadores, chips, softwares e \nperiféricos. Mas isso ainda não é o bastante. Por isso, o mundo caminha para tecnologias de processamento imediato \nde dados. A CM Comandos Lineares está um passo à frente e oferece aos seus clientes produtos dotados de uma \ntecnologia revolucionária, denominada Processamento Digital de Sinais -- DSP .\nToda a linha de No Breaks Innovation S1 Trifásico  \nTransformerless conta com a tecnologia DS P.   \nCaracterística que proporciona alta performance e \nconfiabilidade, tornando-os ideais para aplicações de missão crítica. Ou seja, protegem as aplicações nas quais a \ncontinuidade da operação é de fundamental importância.\ndos equipamentos pode ser atualizado, \nacrescentando novas funções em \nunidades já instaladas. Hoje, esta tecnologia está presente nos mais sofisticados sistemas eletrônicos, devido à sua alta velocidade e \nconfiabilidade. Processadores Digitais de Sinais são capazes de processar dez milhões de amostragens por segundo. \nIsso significa processamento em tempo real -- o sinal é processado no mesmo instante em que é recebido, sem \nretardos ou atrasos.\nProjetados com o uso intenso dos recursos da tecnologia DSP ,  os No Breaks Innovation Trifásico Transformerless  \nagregam novos  e avançados recursos, que estabelecem um novo conceito em desenvolvimento, no qual o firmware \nAo pensar em adquirir No Breaks,     \nconte com as soluções da\nCM Comandos, que asseguram \ntecnologia de ponta, máxima proteção, \nprecisão digital e processamento        \nem tempo real.'
 'Caso ocor ram nív eis maior es do que o nor mal,  o dispositiv o de super visão imediatament e atua, emitindo um sinal de alar me, para a int ervenção \ndas equipes de manut enção . \nO módulo DSI possui um micr oprocessador int erno, comunicação M odbus via RS485 e é pr ojetado dentr o dos cr itérios tecnológ icos mais \navançados ,  sendo pr eciso , segur o e confiá vel, carac terísticas exig idas pelas  aplicações médico -hospitalar es.   \nCARACTERÍSTIC AS TÉCNIC AS \n• \nde 0...999kΩ com r esolução de 1kΩ  \n• Monitorament o de t emperatura do enr olament o secundár io do \ntransf ormador de separação ( T1)  \n• Disponibilidade de utilização de um contat o programá vel para \nsinalização à distância, em caso de falhas int ernas do dispositiv o, \nbaixo nív el de isolament o, medição de elevados valor es de \ntemperatura e de alcance do ajust e de máxima cor rente·\n• Teste de aut o-diag nóstico para ev entuais falhas int ernas do \ndispositiv o, verificação da conexão com a r ede e contr ole de \nfuncionament o\n• Injeção no cir cuito de sinais de contr ole codificados , que não são \ninfluenciados pelos component es de tipo contínuo , emitidos por \ndispositiv os elétr icos de uso médico\n• Saída ser ial RS485 para comunicação MODBUS R TUPossibilidade de escolha de um valor pr eciso de isolament o de r ede Tensão S ecundária :  \nAté 250 V\n Tensão de C urto-cir cuito:\n    3%\nCorrente a Vazio:\n    3% x I n\nConexão Elétrica:  \nPor meio de t erminais\nFixação:  \nPor meio de base metálica/ \nrodízios \nDIMENSÕES TRANSFORMADOR DE SEP ARAÇÃO  Transf ormador de Separação - Gabinete Simples  \nTensão de alimentação: 110V / 230V - 60H z\nTensão máxima de medição: 24V\nTensão da r ede c ontr olador a:  24 a 230V AC\nTensão  de Isolament o: 2,5 kV em 1 minut o \nCorrente máxima de medição: 1mA\nDispositivo Super visor de Isolamento (DSI)\n     3,0   600 X 440 X 400    50\n     5,0       600 X 440 X 400    50\n     7,5       600 X 440 X 400         70\n10,0      600 X 440 X 400    90\n  Potência\nkVAPeso \nkgGabinete simples\nDimensões Físicas\nalt x lar g x prof \nmmO Transformador de Separação é projetado pela CM \nComandos, especificamente para o suprimento de energia de \nsistema médico.\nPossui isolação galvânica reforçada, blindagem eletrostática \nentre enrolamentos primário e secundár io, conectados a um \nterminal própr io e com caracter ísticas elétricas e mecânicas que \ngarantem sua qualidade e confiabilidade.\nPossui sensores de temperatura do tipo PT-100 os quais são \nconectados ao módulo DST para super visão de temperatura.\nO transformador garante a confiabilidade das condições do \nisolamento do circuito elétrico sendo imprescindível para a \nsegurança nas aplicações cirúrgicas.']","O suporte 24h da CM Comandos em emergências com equipamentos críticos oferece várias vantagens, incluindo:

Aumento da confiabilidade e disponibilidade dos sistemas críticos, garantindo que os equipamentos continuem funcionando sem interrupções, mesmo em situações de emergência.

Redução do tempo de resposta e aumento da eficiência na resolução de problemas, permitindo que as equipes de manutenção possam agir mais rapidamente para resolver problemas e minimizar o impacto em operações críticas.

Melhoria da segurança dos equipamentos e das pessoas envolvidas, garantindo que os sistemas estejam funcionando corretamente mesmo em condições adversas ou sob carga de emergência.

Aumento da confiança dos clientes e parceiros, proporcionando uma sensação de estabilidade e segurança, essencial para aplicações críticas como a saúde.","O suporte 24 horas da CM Comandos oferece vantagens significativas em emergências com equipamentos críticos, como a disponibilidade contínua para resolver problemas, garantindo que os clientes tenham assistência imediata sempre que necessário. Isso minimiza o tempo de inatividade e assegura a operação contínua dos sistemas, o que é crucial em situações de missão crítica.",0.9875942056520833,0.3271940948832619,0.8087763795330475,0.99999999995,0.6,0.49999999995,0.3333333322222222,,,
100,Como a Equalização Ativa pode prolongar a vida útil das baterias em sistemas de energia críticos?,"['Equalização A tiva de Bat erias\nO  QUE  É  ?\nO Equalizer é uma solução revolucionária de Equalização Ativa Individual de Baterias,  desenvolvido e fabricado \nno Brasil, pela CM Comandos. \nCada bateria recebe um Módulo de Bateria, conectado a um controlador, o Master Controller.  O Controller \nsupervisiona a tensão final das baterias e controla os Módulos de Baterias de forma a regular a tensão sobre cada \nbateria, para que todas as baterias sempre apresentem a mesma tensão.\nCada Módulo de Bateria possui um microcontrolador e um módulo ativo que mantêm todas as baterias \nequalizadas. \nA Equalização Ativa faz com que todas as baterias sejam igualmente carregadas com a mesma tensão, \neliminando o efeito negativo de uma bateria sobrecarregar as outras, com excesso de carga ou o inverso, de \nimpedir que as baterias adjacentes sejam carregadas plenamente.\nO Equalizer permite que as  baterias atinjam 100% da sua vida útil, projetada pelos fabricantes. Antes, sem o \nEqualizer, as baterias se deterioravam precocemente e era necessário substituí-las. Dependendo do tipo de \nbateria, a durabilidade pode dobrar,  eliminando substituições  e reduzindo a necessidade de reciclagem.  O \nprocesso de reciclagem consome grandes recursos naturais.\nAlém disso, o sistema impede a queda do sistema por falha de baterias,  enviando alarmes ANTES de ocorrer uma \nfalha do sistema, reduzindo o DOWNTIME e elevando a confiabilidade de todo sistema.\nRede Elétr ica\nde En tradaRetificador\nCarregador\nBanc o de\nBateriasBateria 1\nBateria 2\nBateria 3\nBateria nEqualizer\nEqualizer\nEqualizer\nEqualizerMaster\nController\nCorrente Alt ernada de Entrada\nCabo de Comunicação Cabo de Medição Módulo EqualizerCorr ente ContínuaCOMO FUNCIONA ?\nEqualiz er - Equalização A tiva\nA central contr ola cada módulo , conec tado em \nparalelo com a bat eria e contr ola a t ensão de f orma \nque t odas fiquem iguais . Além disso , monit ora  \nconstant ement e a Resist ência I nterna e a \nTemperatura individualment e de cada bat eria, \narmaz ena os dados para análise e emit e alar mes \nantes de ocor rer a falh a.'
 'Caso ocor ram nív eis maior es do que o nor mal,  o dispositiv o de super visão imediatament e atua, emitindo um sinal de alar me, para a int ervenção \ndas equipes de manut enção . \nO módulo DSI possui um micr oprocessador int erno, comunicação M odbus via RS485 e é pr ojetado dentr o dos cr itérios tecnológ icos mais \navançados ,  sendo pr eciso , segur o e confiá vel, carac terísticas exig idas pelas  aplicações médico -hospitalar es.   \nCARACTERÍSTIC AS TÉCNIC AS \n• \nde 0...999kΩ com r esolução de 1kΩ  \n• Monitorament o de t emperatura do enr olament o secundár io do \ntransf ormador de separação ( T1)  \n• Disponibilidade de utilização de um contat o programá vel para \nsinalização à distância, em caso de falhas int ernas do dispositiv o, \nbaixo nív el de isolament o, medição de elevados valor es de \ntemperatura e de alcance do ajust e de máxima cor rente·\n• Teste de aut o-diag nóstico para ev entuais falhas int ernas do \ndispositiv o, verificação da conexão com a r ede e contr ole de \nfuncionament o\n• Injeção no cir cuito de sinais de contr ole codificados , que não são \ninfluenciados pelos component es de tipo contínuo , emitidos por \ndispositiv os elétr icos de uso médico\n• Saída ser ial RS485 para comunicação MODBUS R TUPossibilidade de escolha de um valor pr eciso de isolament o de r ede Tensão S ecundária :  \nAté 250 V\n Tensão de C urto-cir cuito:\n    3%\nCorrente a Vazio:\n    3% x I n\nConexão Elétrica:  \nPor meio de t erminais\nFixação:  \nPor meio de base metálica/ \nrodízios \nDIMENSÕES TRANSFORMADOR DE SEP ARAÇÃO  Transf ormador de Separação - Gabinete Simples  \nTensão de alimentação: 110V / 230V - 60H z\nTensão máxima de medição: 24V\nTensão da r ede c ontr olador a:  24 a 230V AC\nTensão  de Isolament o: 2,5 kV em 1 minut o \nCorrente máxima de medição: 1mA\nDispositivo Super visor de Isolamento (DSI)\n     3,0   600 X 440 X 400    50\n     5,0       600 X 440 X 400    50\n     7,5       600 X 440 X 400         70\n10,0      600 X 440 X 400    90\n  Potência\nkVAPeso \nkgGabinete simples\nDimensões Físicas\nalt x lar g x prof \nmmO Transformador de Separação é projetado pela CM \nComandos, especificamente para o suprimento de energia de \nsistema médico.\nPossui isolação galvânica reforçada, blindagem eletrostática \nentre enrolamentos primário e secundár io, conectados a um \nterminal própr io e com caracter ísticas elétricas e mecânicas que \ngarantem sua qualidade e confiabilidade.\nPossui sensores de temperatura do tipo PT-100 os quais são \nconectados ao módulo DST para super visão de temperatura.\nO transformador garante a confiabilidade das condições do \nisolamento do circuito elétrico sendo imprescindível para a \nsegurança nas aplicações cirúrgicas.']","A Equalização Ativa ajuda a prolongar a vida útil das baterias em sistemas de energia críticos impedindo que uma bateria sobrecarregue as outras, assim como reduzindo o efeito negativo de excesso ou falta de carga nas baterias adjacentes.","A Equalização Ativa pode prolongar a vida útil das baterias em sistemas de energia críticos ao garantir que todas as baterias sejam igualmente carregadas com a mesma tensão, eliminando o efeito negativo de uma bateria sobrecarregar as outras. Isso permite que as baterias atinjam 100% da sua vida útil, projetada pelos fabricantes, e pode dobrar a durabilidade, reduzindo a necessidade de substituições e reciclagem.",0.7188444364250282,0.4514524196978813,0.948666821648668,0.99999999995,0.6666666666666666,0.99999999995,0.0,,,0.5
101,Qual a função do Módulo de Corrente no monitoramento de baterias em temperatura controlada?,"['Equalização A tiva de Bat erias\nO  QUE  É  ?\nO Equalizer é uma solução revolucionária de Equalização Ativa Individual de Baterias,  desenvolvido e fabricado \nno Brasil, pela CM Comandos. \nCada bateria recebe um Módulo de Bateria, conectado a um controlador, o Master Controller.  O Controller \nsupervisiona a tensão final das baterias e controla os Módulos de Baterias de forma a regular a tensão sobre cada \nbateria, para que todas as baterias sempre apresentem a mesma tensão.\nCada Módulo de Bateria possui um microcontrolador e um módulo ativo que mantêm todas as baterias \nequalizadas. \nA Equalização Ativa faz com que todas as baterias sejam igualmente carregadas com a mesma tensão, \neliminando o efeito negativo de uma bateria sobrecarregar as outras, com excesso de carga ou o inverso, de \nimpedir que as baterias adjacentes sejam carregadas plenamente.\nO Equalizer permite que as  baterias atinjam 100% da sua vida útil, projetada pelos fabricantes. Antes, sem o \nEqualizer, as baterias se deterioravam precocemente e era necessário substituí-las. Dependendo do tipo de \nbateria, a durabilidade pode dobrar,  eliminando substituições  e reduzindo a necessidade de reciclagem.  O \nprocesso de reciclagem consome grandes recursos naturais.\nAlém disso, o sistema impede a queda do sistema por falha de baterias,  enviando alarmes ANTES de ocorrer uma \nfalha do sistema, reduzindo o DOWNTIME e elevando a confiabilidade de todo sistema.\nRede Elétr ica\nde En tradaRetificador\nCarregador\nBanc o de\nBateriasBateria 1\nBateria 2\nBateria 3\nBateria nEqualizer\nEqualizer\nEqualizer\nEqualizerMaster\nController\nCorrente Alt ernada de Entrada\nCabo de Comunicação Cabo de Medição Módulo EqualizerCorr ente ContínuaCOMO FUNCIONA ?\nEqualiz er - Equalização A tiva\nA central contr ola cada módulo , conec tado em \nparalelo com a bat eria e contr ola a t ensão de f orma \nque t odas fiquem iguais . Além disso , monit ora  \nconstant ement e a Resist ência I nterna e a \nTemperatura individualment e de cada bat eria, \narmaz ena os dados para análise e emit e alar mes \nantes de ocor rer a falh a.'
 'Caso ocor ram nív eis maior es do que o nor mal,  o dispositiv o de super visão imediatament e atua, emitindo um sinal de alar me, para a int ervenção \ndas equipes de manut enção . \nO módulo DSI possui um micr oprocessador int erno, comunicação M odbus via RS485 e é pr ojetado dentr o dos cr itérios tecnológ icos mais \navançados ,  sendo pr eciso , segur o e confiá vel, carac terísticas exig idas pelas  aplicações médico -hospitalar es.   \nCARACTERÍSTIC AS TÉCNIC AS \n• \nde 0...999kΩ com r esolução de 1kΩ  \n• Monitorament o de t emperatura do enr olament o secundár io do \ntransf ormador de separação ( T1)  \n• Disponibilidade de utilização de um contat o programá vel para \nsinalização à distância, em caso de falhas int ernas do dispositiv o, \nbaixo nív el de isolament o, medição de elevados valor es de \ntemperatura e de alcance do ajust e de máxima cor rente·\n• Teste de aut o-diag nóstico para ev entuais falhas int ernas do \ndispositiv o, verificação da conexão com a r ede e contr ole de \nfuncionament o\n• Injeção no cir cuito de sinais de contr ole codificados , que não são \ninfluenciados pelos component es de tipo contínuo , emitidos por \ndispositiv os elétr icos de uso médico\n• Saída ser ial RS485 para comunicação MODBUS R TUPossibilidade de escolha de um valor pr eciso de isolament o de r ede Tensão S ecundária :  \nAté 250 V\n Tensão de C urto-cir cuito:\n    3%\nCorrente a Vazio:\n    3% x I n\nConexão Elétrica:  \nPor meio de t erminais\nFixação:  \nPor meio de base metálica/ \nrodízios \nDIMENSÕES TRANSFORMADOR DE SEP ARAÇÃO  Transf ormador de Separação - Gabinete Simples  \nTensão de alimentação: 110V / 230V - 60H z\nTensão máxima de medição: 24V\nTensão da r ede c ontr olador a:  24 a 230V AC\nTensão  de Isolament o: 2,5 kV em 1 minut o \nCorrente máxima de medição: 1mA\nDispositivo Super visor de Isolamento (DSI)\n     3,0   600 X 440 X 400    50\n     5,0       600 X 440 X 400    50\n     7,5       600 X 440 X 400         70\n10,0      600 X 440 X 400    90\n  Potência\nkVAPeso \nkgGabinete simples\nDimensões Físicas\nalt x lar g x prof \nmmO Transformador de Separação é projetado pela CM \nComandos, especificamente para o suprimento de energia de \nsistema médico.\nPossui isolação galvânica reforçada, blindagem eletrostática \nentre enrolamentos primário e secundár io, conectados a um \nterminal própr io e com caracter ísticas elétricas e mecânicas que \ngarantem sua qualidade e confiabilidade.\nPossui sensores de temperatura do tipo PT-100 os quais são \nconectados ao módulo DST para super visão de temperatura.\nO transformador garante a confiabilidade das condições do \nisolamento do circuito elétrico sendo imprescindível para a \nsegurança nas aplicações cirúrgicas.']","Não há mencão ao ""Módulo de Corrente"" no contexto fornecido. O contexto fornece informações sobre o Equalizer, o Dispositivo Super visor de Isolamento (DSI) e o Transformador de Separação. Não há nenhuma menção ao ""Módulo de Corrente"".","A função do Módulo de Corrente é medir a corrente elétrica que circula pelo banco de baterias, indicando o sentido da corrente elétrica (Carga ou Descarga).",0.8418118036059339,0.5580030864988541,0.7320123459954164,0.99999999995,1.0,0.0,0.0,,,
102,Qual a importância do isolamento galvânico em transformadores de separação para sistemas médicos?,"['Caso ocor ram nív eis maior es do que o nor mal,  o dispositiv o de super visão imediatament e atua, emitindo um sinal de alar me, para a int ervenção \ndas equipes de manut enção . \nO módulo DSI possui um micr oprocessador int erno, comunicação M odbus via RS485 e é pr ojetado dentr o dos cr itérios tecnológ icos mais \navançados ,  sendo pr eciso , segur o e confiá vel, carac terísticas exig idas pelas  aplicações médico -hospitalar es.   \nCARACTERÍSTIC AS TÉCNIC AS \n• \nde 0...999kΩ com r esolução de 1kΩ  \n• Monitorament o de t emperatura do enr olament o secundár io do \ntransf ormador de separação ( T1)  \n• Disponibilidade de utilização de um contat o programá vel para \nsinalização à distância, em caso de falhas int ernas do dispositiv o, \nbaixo nív el de isolament o, medição de elevados valor es de \ntemperatura e de alcance do ajust e de máxima cor rente·\n• Teste de aut o-diag nóstico para ev entuais falhas int ernas do \ndispositiv o, verificação da conexão com a r ede e contr ole de \nfuncionament o\n• Injeção no cir cuito de sinais de contr ole codificados , que não são \ninfluenciados pelos component es de tipo contínuo , emitidos por \ndispositiv os elétr icos de uso médico\n• Saída ser ial RS485 para comunicação MODBUS R TUPossibilidade de escolha de um valor pr eciso de isolament o de r ede Tensão S ecundária :  \nAté 250 V\n Tensão de C urto-cir cuito:\n    3%\nCorrente a Vazio:\n    3% x I n\nConexão Elétrica:  \nPor meio de t erminais\nFixação:  \nPor meio de base metálica/ \nrodízios \nDIMENSÕES TRANSFORMADOR DE SEP ARAÇÃO  Transf ormador de Separação - Gabinete Simples  \nTensão de alimentação: 110V / 230V - 60H z\nTensão máxima de medição: 24V\nTensão da r ede c ontr olador a:  24 a 230V AC\nTensão  de Isolament o: 2,5 kV em 1 minut o \nCorrente máxima de medição: 1mA\nDispositivo Super visor de Isolamento (DSI)\n     3,0   600 X 440 X 400    50\n     5,0       600 X 440 X 400    50\n     7,5       600 X 440 X 400         70\n10,0      600 X 440 X 400    90\n  Potência\nkVAPeso \nkgGabinete simples\nDimensões Físicas\nalt x lar g x prof \nmmO Transformador de Separação é projetado pela CM \nComandos, especificamente para o suprimento de energia de \nsistema médico.\nPossui isolação galvânica reforçada, blindagem eletrostática \nentre enrolamentos primário e secundár io, conectados a um \nterminal própr io e com caracter ísticas elétricas e mecânicas que \ngarantem sua qualidade e confiabilidade.\nPossui sensores de temperatura do tipo PT-100 os quais são \nconectados ao módulo DST para super visão de temperatura.\nO transformador garante a confiabilidade das condições do \nisolamento do circuito elétrico sendo imprescindível para a \nsegurança nas aplicações cirúrgicas.'
 'monobloco\n   \n    •Painel F rontal: em ABS de alta r esistência\n  \n    • A cabamento: pintura epó xi-pó na cor g rafite\n       com tratamento tér mico e anti- corrosivo\nTransf ormador Isolador : com blindagem\n    eletr ostátican  \nn  \nn   Alarmes\nContr olados pelo pr ocessador DSP\nTipos de Alarmes:\n   \n    •Sonor os: \n       »  A utocheck I nicialização\n       »  Tensão da Rede F ora da F aixa\n       »  Sobr ecar ga de Saída\n       »  F alha I nterna do Estabilizador\n       »  F reqüência da Rede F ora de F aixa\n   \n     •Sinalização: L eds de Status do P ainel\n       »  Rede Nor mal\n       »  Saída Nor mal\n       »  F alhan   \nn   Características de Oper ação\nRuído A udív el: 55 dBA a 60 dBA a 1 metr o\n MTBF (M ean Time Bet ween F ailur es): 50 mil horas\nMTTR (M ean Time To Repair): 30 minutos\nTemperatura Ambiente: \n   \n•Mínimo: 0ºC / M áximo 40ºC\n   \n    •Recomendada: 20ºC a 25ºC\nUmidade Relativa:\n   \n    •0% a 95% sem condensação\n   \n    •Recomendada: 45% a 55%\nAltitude: até 1.800m\n Tipo de Ambiente Recomendado:\n   \n    •Interno, instalação abr igada\n   \n    •Atmosf era: limpa, livr e de par tículas condutivas , \n      gases tó xicos , líquidos e inflamáv eis.\nGrau de P roteção: IP -20n   \nn  \nn   \nn   \n   \nn   \nn    \nn  \nn    \n   2000    2,0       620 X 200 X 600        41  \n   3000    3,0       620 X 200 X 600        43\n   5000    5,0       620 X 200 X 600           47\n   7500    7,5       620 X 200 X 600           61\n 10000  10,0       790 X 400 X 775        119\n 15000  15,0       790 X 400 X 775        147Modelo Potência \nkVADimensões Físicas\nalt x lar g x prof \nmmPeso \nkg\n* Opcional\nCM.MK T MAR 22  -   As especificações estão sujeitas a alterações sem pr évio aviso . Nós incentivamos a r eciclagem\nCertificação de \nSustentabilidade A uditadaESPECIFIC AÇÕES  TÉCNIC ASOs Estabilizador es de Tensão M icroprocessados P erfection MI S2 possuem uma tecnolog ia inédita de duplos con versor es estáticos com módulos IGBT s, de última geração . \nTotalmente contr olado por micr oprocessador DSP – Dig ital Sig nal P rocessor , o estabilizador cor rige instantaneamente qualquer var iação de tensão da r ede elétr ica da \nconcessionár ia, além de atenuar distor ção har mônica, var iações de fr equência e distúr bios elétr icos, gerando uma f orma de onda senoidal pura, e f ornecendo uma linha \nestabilizada ex clusiva e isolada para as aplicações sensív eis.\nA tecnolog ia DSP r ealiza medições em True RMS g raças à amostragem dig ital, sem r etardos ou desvios , com alta v elocidade e confiabilidade . Isso sig nifica que podemos \nproduzir sistemas cada v ez menor es e capaz es de r ealizar mais funções , com elevada confiabilidade .']","O isolamento galvânico é essencial em transformadores de separação para sistemas médicos por garantir uma segurança máxima durante as operações cirúrgicas. Ele ajuda a proteger os funcionários e os pacientes contra choques elétricos, reduzindo o risco de acidentes e lesões. Além disso, o isolamento galvânico ajuda a manter a integridade do sistema, evitando danos causados por surtos elétricos ou outros eventos indesejáveis.","O isolamento galvânico em transformadores de separação para sistemas médicos é importante porque garante a confiabilidade das condições do isolamento do circuito elétrico, sendo imprescindível para a segurança nas aplicações cirúrgicas.",0.8303375878220751,0.43170280764221713,0.8696683734260116,0.99999999995,,0.99999999995,0.0,,,0.8333333333333334
103,"Qual a função do Transformador de Separação em energia para sistemas médicos, especialmente em cirurgias?","['Caso ocor ram nív eis maior es do que o nor mal,  o dispositiv o de super visão imediatament e atua, emitindo um sinal de alar me, para a int ervenção \ndas equipes de manut enção . \nO módulo DSI possui um micr oprocessador int erno, comunicação M odbus via RS485 e é pr ojetado dentr o dos cr itérios tecnológ icos mais \navançados ,  sendo pr eciso , segur o e confiá vel, carac terísticas exig idas pelas  aplicações médico -hospitalar es.   \nCARACTERÍSTIC AS TÉCNIC AS \n• \nde 0...999kΩ com r esolução de 1kΩ  \n• Monitorament o de t emperatura do enr olament o secundár io do \ntransf ormador de separação ( T1)  \n• Disponibilidade de utilização de um contat o programá vel para \nsinalização à distância, em caso de falhas int ernas do dispositiv o, \nbaixo nív el de isolament o, medição de elevados valor es de \ntemperatura e de alcance do ajust e de máxima cor rente·\n• Teste de aut o-diag nóstico para ev entuais falhas int ernas do \ndispositiv o, verificação da conexão com a r ede e contr ole de \nfuncionament o\n• Injeção no cir cuito de sinais de contr ole codificados , que não são \ninfluenciados pelos component es de tipo contínuo , emitidos por \ndispositiv os elétr icos de uso médico\n• Saída ser ial RS485 para comunicação MODBUS R TUPossibilidade de escolha de um valor pr eciso de isolament o de r ede Tensão S ecundária :  \nAté 250 V\n Tensão de C urto-cir cuito:\n    3%\nCorrente a Vazio:\n    3% x I n\nConexão Elétrica:  \nPor meio de t erminais\nFixação:  \nPor meio de base metálica/ \nrodízios \nDIMENSÕES TRANSFORMADOR DE SEP ARAÇÃO  Transf ormador de Separação - Gabinete Simples  \nTensão de alimentação: 110V / 230V - 60H z\nTensão máxima de medição: 24V\nTensão da r ede c ontr olador a:  24 a 230V AC\nTensão  de Isolament o: 2,5 kV em 1 minut o \nCorrente máxima de medição: 1mA\nDispositivo Super visor de Isolamento (DSI)\n     3,0   600 X 440 X 400    50\n     5,0       600 X 440 X 400    50\n     7,5       600 X 440 X 400         70\n10,0      600 X 440 X 400    90\n  Potência\nkVAPeso \nkgGabinete simples\nDimensões Físicas\nalt x lar g x prof \nmmO Transformador de Separação é projetado pela CM \nComandos, especificamente para o suprimento de energia de \nsistema médico.\nPossui isolação galvânica reforçada, blindagem eletrostática \nentre enrolamentos primário e secundár io, conectados a um \nterminal própr io e com caracter ísticas elétricas e mecânicas que \ngarantem sua qualidade e confiabilidade.\nPossui sensores de temperatura do tipo PT-100 os quais são \nconectados ao módulo DST para super visão de temperatura.\nO transformador garante a confiabilidade das condições do \nisolamento do circuito elétrico sendo imprescindível para a \nsegurança nas aplicações cirúrgicas.'
 'Equalização A tiva de Bat erias\nO  QUE  É  ?\nO Equalizer é uma solução revolucionária de Equalização Ativa Individual de Baterias,  desenvolvido e fabricado \nno Brasil, pela CM Comandos. \nCada bateria recebe um Módulo de Bateria, conectado a um controlador, o Master Controller.  O Controller \nsupervisiona a tensão final das baterias e controla os Módulos de Baterias de forma a regular a tensão sobre cada \nbateria, para que todas as baterias sempre apresentem a mesma tensão.\nCada Módulo de Bateria possui um microcontrolador e um módulo ativo que mantêm todas as baterias \nequalizadas. \nA Equalização Ativa faz com que todas as baterias sejam igualmente carregadas com a mesma tensão, \neliminando o efeito negativo de uma bateria sobrecarregar as outras, com excesso de carga ou o inverso, de \nimpedir que as baterias adjacentes sejam carregadas plenamente.\nO Equalizer permite que as  baterias atinjam 100% da sua vida útil, projetada pelos fabricantes. Antes, sem o \nEqualizer, as baterias se deterioravam precocemente e era necessário substituí-las. Dependendo do tipo de \nbateria, a durabilidade pode dobrar,  eliminando substituições  e reduzindo a necessidade de reciclagem.  O \nprocesso de reciclagem consome grandes recursos naturais.\nAlém disso, o sistema impede a queda do sistema por falha de baterias,  enviando alarmes ANTES de ocorrer uma \nfalha do sistema, reduzindo o DOWNTIME e elevando a confiabilidade de todo sistema.\nRede Elétr ica\nde En tradaRetificador\nCarregador\nBanc o de\nBateriasBateria 1\nBateria 2\nBateria 3\nBateria nEqualizer\nEqualizer\nEqualizer\nEqualizerMaster\nController\nCorrente Alt ernada de Entrada\nCabo de Comunicação Cabo de Medição Módulo EqualizerCorr ente ContínuaCOMO FUNCIONA ?\nEqualiz er - Equalização A tiva\nA central contr ola cada módulo , conec tado em \nparalelo com a bat eria e contr ola a t ensão de f orma \nque t odas fiquem iguais . Além disso , monit ora  \nconstant ement e a Resist ência I nterna e a \nTemperatura individualment e de cada bat eria, \narmaz ena os dados para análise e emit e alar mes \nantes de ocor rer a falh a.']","O transformador de separação é essencial para garantir a confiabilidade e segurança das condições do isolamento do circuito elétrico em sistemas médicos, especialmente em cirurgias. Ele proporciona uma proteção adicional contra falhas de isolamento, evitando riscos de choque elétrico ou lesões causadas por descargas elétricas. Além disso, ele ajuda a manter um ambiente seguro e estável para os profissionais de saúde e os pacientes, permitindo que os procedimentos cirúrgicos sejam realizados com sucesso e sem riscos.","A função do Transformador de Separação em energia para sistemas médicos é garantir a confiabilidade das condições do isolamento do circuito elétrico, sendo imprescindível para a segurança nas aplicações cirúrgicas.",0.7649324029631959,0.4336287367124678,0.8773720897070143,0.99999999995,0.5,,0.0,,,
104,Qual a principal característica do inversor IGBT de alta frequência em relação à eficiência em várias cargas?,"['Alta Tecnologia em\nProcessamento Digital\nde Sinais - DSP\nO S M A I S M O D E R N O S\nN O B R E A K S C O R P O R AT I V O SVivemos em um mundo cada vez mais ágil e prático. Um mundo conectado por processadores, chips, softwares e \nperiféricos. Mas isso ainda não é o bastante. Por isso, o mundo caminha para tecnologias de processamento imediato \nde dados. A CM Comandos Lineares está um passo à frente e oferece aos seus clientes produtos dotados de uma \ntecnologia revolucionária, denominada Processamento Digital de Sinais -- DSP .\nToda a linha de No Breaks Innovation S1 Trifásico  \nTransformerless conta com a tecnologia DS P.   \nCaracterística que proporciona alta performance e \nconfiabilidade, tornando-os ideais para aplicações de missão crítica. Ou seja, protegem as aplicações nas quais a \ncontinuidade da operação é de fundamental importância.\ndos equipamentos pode ser atualizado, \nacrescentando novas funções em \nunidades já instaladas. Hoje, esta tecnologia está presente nos mais sofisticados sistemas eletrônicos, devido à sua alta velocidade e \nconfiabilidade. Processadores Digitais de Sinais são capazes de processar dez milhões de amostragens por segundo. \nIsso significa processamento em tempo real -- o sinal é processado no mesmo instante em que é recebido, sem \nretardos ou atrasos.\nProjetados com o uso intenso dos recursos da tecnologia DSP ,  os No Breaks Innovation Trifásico Transformerless  \nagregam novos  e avançados recursos, que estabelecem um novo conceito em desenvolvimento, no qual o firmware \nAo pensar em adquirir No Breaks,     \nconte com as soluções da\nCM Comandos, que asseguram \ntecnologia de ponta, máxima proteção, \nprecisão digital e processamento        \nem tempo real.'
 'Caso ocor ram nív eis maior es do que o nor mal,  o dispositiv o de super visão imediatament e atua, emitindo um sinal de alar me, para a int ervenção \ndas equipes de manut enção . \nO módulo DSI possui um micr oprocessador int erno, comunicação M odbus via RS485 e é pr ojetado dentr o dos cr itérios tecnológ icos mais \navançados ,  sendo pr eciso , segur o e confiá vel, carac terísticas exig idas pelas  aplicações médico -hospitalar es.   \nCARACTERÍSTIC AS TÉCNIC AS \n• \nde 0...999kΩ com r esolução de 1kΩ  \n• Monitorament o de t emperatura do enr olament o secundár io do \ntransf ormador de separação ( T1)  \n• Disponibilidade de utilização de um contat o programá vel para \nsinalização à distância, em caso de falhas int ernas do dispositiv o, \nbaixo nív el de isolament o, medição de elevados valor es de \ntemperatura e de alcance do ajust e de máxima cor rente·\n• Teste de aut o-diag nóstico para ev entuais falhas int ernas do \ndispositiv o, verificação da conexão com a r ede e contr ole de \nfuncionament o\n• Injeção no cir cuito de sinais de contr ole codificados , que não são \ninfluenciados pelos component es de tipo contínuo , emitidos por \ndispositiv os elétr icos de uso médico\n• Saída ser ial RS485 para comunicação MODBUS R TUPossibilidade de escolha de um valor pr eciso de isolament o de r ede Tensão S ecundária :  \nAté 250 V\n Tensão de C urto-cir cuito:\n    3%\nCorrente a Vazio:\n    3% x I n\nConexão Elétrica:  \nPor meio de t erminais\nFixação:  \nPor meio de base metálica/ \nrodízios \nDIMENSÕES TRANSFORMADOR DE SEP ARAÇÃO  Transf ormador de Separação - Gabinete Simples  \nTensão de alimentação: 110V / 230V - 60H z\nTensão máxima de medição: 24V\nTensão da r ede c ontr olador a:  24 a 230V AC\nTensão  de Isolament o: 2,5 kV em 1 minut o \nCorrente máxima de medição: 1mA\nDispositivo Super visor de Isolamento (DSI)\n     3,0   600 X 440 X 400    50\n     5,0       600 X 440 X 400    50\n     7,5       600 X 440 X 400         70\n10,0      600 X 440 X 400    90\n  Potência\nkVAPeso \nkgGabinete simples\nDimensões Físicas\nalt x lar g x prof \nmmO Transformador de Separação é projetado pela CM \nComandos, especificamente para o suprimento de energia de \nsistema médico.\nPossui isolação galvânica reforçada, blindagem eletrostática \nentre enrolamentos primário e secundár io, conectados a um \nterminal própr io e com caracter ísticas elétricas e mecânicas que \ngarantem sua qualidade e confiabilidade.\nPossui sensores de temperatura do tipo PT-100 os quais são \nconectados ao módulo DST para super visão de temperatura.\nO transformador garante a confiabilidade das condições do \nisolamento do circuito elétrico sendo imprescindível para a \nsegurança nas aplicações cirúrgicas.']","A principal característica do inversor IGBT de alta frequência é sua capacidade de processamento em tempo real. Isso significa que o sinal é processado no mesmo instante em que é recebido, sem retardos ou atrasos.",A resposta à pergunta dada não está presente no contexto,0.6565826296363637,0.3147877730507154,0.25915109220286175,0.0,0.0,0.99999999995,0.0,,,1.0
105,Como a manutenção em campo pode ajudar a reduzir custos operacionais com intervenções corretivas apenas em falhas?,"['monobloco\n   \n    •Painel F rontal: em ABS de alta r esistência\n  \n    • A cabamento: pintura epó xi-pó na cor g rafite\n       com tratamento tér mico e anti- corrosivo\nTransf ormador Isolador : com blindagem\n    eletr ostátican  \nn  \nn   Alarmes\nContr olados pelo pr ocessador DSP\nTipos de Alarmes:\n   \n    •Sonor os: \n       »  A utocheck I nicialização\n       »  Tensão da Rede F ora da F aixa\n       »  Sobr ecar ga de Saída\n       »  F alha I nterna do Estabilizador\n       »  F reqüência da Rede F ora de F aixa\n   \n     •Sinalização: L eds de Status do P ainel\n       »  Rede Nor mal\n       »  Saída Nor mal\n       »  F alhan   \nn   Características de Oper ação\nRuído A udív el: 55 dBA a 60 dBA a 1 metr o\n MTBF (M ean Time Bet ween F ailur es): 50 mil horas\nMTTR (M ean Time To Repair): 30 minutos\nTemperatura Ambiente: \n   \n•Mínimo: 0ºC / M áximo 40ºC\n   \n    •Recomendada: 20ºC a 25ºC\nUmidade Relativa:\n   \n    •0% a 95% sem condensação\n   \n    •Recomendada: 45% a 55%\nAltitude: até 1.800m\n Tipo de Ambiente Recomendado:\n   \n    •Interno, instalação abr igada\n   \n    •Atmosf era: limpa, livr e de par tículas condutivas , \n      gases tó xicos , líquidos e inflamáv eis.\nGrau de P roteção: IP -20n   \nn  \nn   \nn   \n   \nn   \nn    \nn  \nn    \n   2000    2,0       620 X 200 X 600        41  \n   3000    3,0       620 X 200 X 600        43\n   5000    5,0       620 X 200 X 600           47\n   7500    7,5       620 X 200 X 600           61\n 10000  10,0       790 X 400 X 775        119\n 15000  15,0       790 X 400 X 775        147Modelo Potência \nkVADimensões Físicas\nalt x lar g x prof \nmmPeso \nkg\n* Opcional\nCM.MK T MAR 22  -   As especificações estão sujeitas a alterações sem pr évio aviso . Nós incentivamos a r eciclagem\nCertificação de \nSustentabilidade A uditadaESPECIFIC AÇÕES  TÉCNIC ASOs Estabilizador es de Tensão M icroprocessados P erfection MI S2 possuem uma tecnolog ia inédita de duplos con versor es estáticos com módulos IGBT s, de última geração . \nTotalmente contr olado por micr oprocessador DSP – Dig ital Sig nal P rocessor , o estabilizador cor rige instantaneamente qualquer var iação de tensão da r ede elétr ica da \nconcessionár ia, além de atenuar distor ção har mônica, var iações de fr equência e distúr bios elétr icos, gerando uma f orma de onda senoidal pura, e f ornecendo uma linha \nestabilizada ex clusiva e isolada para as aplicações sensív eis.\nA tecnolog ia DSP r ealiza medições em True RMS g raças à amostragem dig ital, sem r etardos ou desvios , com alta v elocidade e confiabilidade . Isso sig nifica que podemos \nproduzir sistemas cada v ez menor es e capaz es de r ealizar mais funções , com elevada confiabilidade .'
 'Equalização A tiva de Bat erias\nO  QUE  É  ?\nO Equalizer é uma solução revolucionária de Equalização Ativa Individual de Baterias,  desenvolvido e fabricado \nno Brasil, pela CM Comandos. \nCada bateria recebe um Módulo de Bateria, conectado a um controlador, o Master Controller.  O Controller \nsupervisiona a tensão final das baterias e controla os Módulos de Baterias de forma a regular a tensão sobre cada \nbateria, para que todas as baterias sempre apresentem a mesma tensão.\nCada Módulo de Bateria possui um microcontrolador e um módulo ativo que mantêm todas as baterias \nequalizadas. \nA Equalização Ativa faz com que todas as baterias sejam igualmente carregadas com a mesma tensão, \neliminando o efeito negativo de uma bateria sobrecarregar as outras, com excesso de carga ou o inverso, de \nimpedir que as baterias adjacentes sejam carregadas plenamente.\nO Equalizer permite que as  baterias atinjam 100% da sua vida útil, projetada pelos fabricantes. Antes, sem o \nEqualizer, as baterias se deterioravam precocemente e era necessário substituí-las. Dependendo do tipo de \nbateria, a durabilidade pode dobrar,  eliminando substituições  e reduzindo a necessidade de reciclagem.  O \nprocesso de reciclagem consome grandes recursos naturais.\nAlém disso, o sistema impede a queda do sistema por falha de baterias,  enviando alarmes ANTES de ocorrer uma \nfalha do sistema, reduzindo o DOWNTIME e elevando a confiabilidade de todo sistema.\nRede Elétr ica\nde En tradaRetificador\nCarregador\nBanc o de\nBateriasBateria 1\nBateria 2\nBateria 3\nBateria nEqualizer\nEqualizer\nEqualizer\nEqualizerMaster\nController\nCorrente Alt ernada de Entrada\nCabo de Comunicação Cabo de Medição Módulo EqualizerCorr ente ContínuaCOMO FUNCIONA ?\nEqualiz er - Equalização A tiva\nA central contr ola cada módulo , conec tado em \nparalelo com a bat eria e contr ola a t ensão de f orma \nque t odas fiquem iguais . Além disso , monit ora  \nconstant ement e a Resist ência I nterna e a \nTemperatura individualment e de cada bat eria, \narmaz ena os dados para análise e emit e alar mes \nantes de ocor rer a falh a.']","A manutenção em campo é uma prática que pode ajudar a reduzir custos operacionais de várias maneiras. Além de evitar interrupções desnecessárias do sistema, permitindo a realização de intervenções corretivas apenas em falhas, ela também ajuda a identificar e resolver problemas potenciais antes que eles se tornem crises.

Com uma manutenção regular, é possível detectar sinais de deterioramento ou desgaste em componentes críticos, como baterias, sistemas elétricos ou outros equipamentos. Isso permite realizar reparos preventivos antes que o problema atinja um nível crítico, evitando a necessidade de interrupções mais drásticas e custosas.

Além disso, a manutenção em campo ajuda a garantir que os sistemas estejam funcionando dentro dos parâmetros de desempenho recomendados, reduzindo o risco de falhas abruptas. Isso é particularmente importante para sistemas como o estabilizador de tensão apresentado no contexto, que são críticos para a segurança e a operacionalidade do sistema.

Em resumo, a manutenção em campo é uma estratégia eficaz para reduzir custos operacionais, pois permite a realização de intervenções preventivas, minimiza a necessidade de interrupções drásticas e garante que os sistemas estejam funcionando dentro dos parâmetros de desempenho recomendados.","A manutenção em campo ajuda a reduzir custos operacionais porque a equipe de manutenção se desloca somente quando há intervenções corretivas e diretas na bateria que apresentar defeito, o que ocorre na ocorrência de alarmes ou na análise de diagnóstico.",0.7411059040233647,0.42023256801389464,0.8237874149127213,0.99999999995,1.0,0.99999999995,0.0,,,0.7058823529411765
106,Quais as vantagens do suporte 24h da CM Comandos em emergências?,"['Alta Tecnologia em\nProcessamento Digital\nde Sinais - DSP\nO S M A I S M O D E R N O S\nN O B R E A K S C O R P O R AT I V O SVivemos em um mundo cada vez mais ágil e prático. Um mundo conectado por processadores, chips, softwares e \nperiféricos. Mas isso ainda não é o bastante. Por isso, o mundo caminha para tecnologias de processamento imediato \nde dados. A CM Comandos Lineares está um passo à frente e oferece aos seus clientes produtos dotados de uma \ntecnologia revolucionária, denominada Processamento Digital de Sinais -- DSP .\nToda a linha de No Breaks Innovation S1 Trifásico  \nTransformerless conta com a tecnologia DS P.   \nCaracterística que proporciona alta performance e \nconfiabilidade, tornando-os ideais para aplicações de missão crítica. Ou seja, protegem as aplicações nas quais a \ncontinuidade da operação é de fundamental importância.\ndos equipamentos pode ser atualizado, \nacrescentando novas funções em \nunidades já instaladas. Hoje, esta tecnologia está presente nos mais sofisticados sistemas eletrônicos, devido à sua alta velocidade e \nconfiabilidade. Processadores Digitais de Sinais são capazes de processar dez milhões de amostragens por segundo. \nIsso significa processamento em tempo real -- o sinal é processado no mesmo instante em que é recebido, sem \nretardos ou atrasos.\nProjetados com o uso intenso dos recursos da tecnologia DSP ,  os No Breaks Innovation Trifásico Transformerless  \nagregam novos  e avançados recursos, que estabelecem um novo conceito em desenvolvimento, no qual o firmware \nAo pensar em adquirir No Breaks,     \nconte com as soluções da\nCM Comandos, que asseguram \ntecnologia de ponta, máxima proteção, \nprecisão digital e processamento        \nem tempo real.'
 'Equalização A tiva de Bat erias\nO  QUE  É  ?\nO Equalizer é uma solução revolucionária de Equalização Ativa Individual de Baterias,  desenvolvido e fabricado \nno Brasil, pela CM Comandos. \nCada bateria recebe um Módulo de Bateria, conectado a um controlador, o Master Controller.  O Controller \nsupervisiona a tensão final das baterias e controla os Módulos de Baterias de forma a regular a tensão sobre cada \nbateria, para que todas as baterias sempre apresentem a mesma tensão.\nCada Módulo de Bateria possui um microcontrolador e um módulo ativo que mantêm todas as baterias \nequalizadas. \nA Equalização Ativa faz com que todas as baterias sejam igualmente carregadas com a mesma tensão, \neliminando o efeito negativo de uma bateria sobrecarregar as outras, com excesso de carga ou o inverso, de \nimpedir que as baterias adjacentes sejam carregadas plenamente.\nO Equalizer permite que as  baterias atinjam 100% da sua vida útil, projetada pelos fabricantes. Antes, sem o \nEqualizer, as baterias se deterioravam precocemente e era necessário substituí-las. Dependendo do tipo de \nbateria, a durabilidade pode dobrar,  eliminando substituições  e reduzindo a necessidade de reciclagem.  O \nprocesso de reciclagem consome grandes recursos naturais.\nAlém disso, o sistema impede a queda do sistema por falha de baterias,  enviando alarmes ANTES de ocorrer uma \nfalha do sistema, reduzindo o DOWNTIME e elevando a confiabilidade de todo sistema.\nRede Elétr ica\nde En tradaRetificador\nCarregador\nBanc o de\nBateriasBateria 1\nBateria 2\nBateria 3\nBateria nEqualizer\nEqualizer\nEqualizer\nEqualizerMaster\nController\nCorrente Alt ernada de Entrada\nCabo de Comunicação Cabo de Medição Módulo EqualizerCorr ente ContínuaCOMO FUNCIONA ?\nEqualiz er - Equalização A tiva\nA central contr ola cada módulo , conec tado em \nparalelo com a bat eria e contr ola a t ensão de f orma \nque t odas fiquem iguais . Além disso , monit ora  \nconstant ement e a Resist ência I nterna e a \nTemperatura individualment e de cada bat eria, \narmaz ena os dados para análise e emit e alar mes \nantes de ocor rer a falh a.']","O suporte 24h oferece uma resposta rápida e eficiente em casos de emergência, reduzindo o tempo de inatividade do sistema. Isso é particularmente importante para aplicações críticas onde a continuidade da operação é fundamental. Além disso, o suporte 24h permite que as equipes de apoio trabalhem fora do horário regular, garantindo que os problemas sejam resolvidos rapidamente e minimizando o impacto negativo sobre o sistema.","O suporte 24 horas da CM Comandos oferece atendimento contínuo, garantindo que os clientes tenham acesso a assistência técnica em emergências a qualquer momento, o que é crucial para minimizar falhas e custos de manutenção. Isso assegura a excelência dos serviços prestados e a confiabilidade dos equipamentos em situações críticas.",0.7304623382839776,0.47420961318160393,0.8968384527264158,0.99999999995,,0.99999999995,0.3333333322222222,,,0.875
107,Qual a importância da supervisão de falhas de isolamento no Sistema IT Médico em ambientes hospitalares?,"['Caso ocor ram nív eis maior es do que o nor mal,  o dispositiv o de super visão imediatament e atua, emitindo um sinal de alar me, para a int ervenção \ndas equipes de manut enção . \nO módulo DSI possui um micr oprocessador int erno, comunicação M odbus via RS485 e é pr ojetado dentr o dos cr itérios tecnológ icos mais \navançados ,  sendo pr eciso , segur o e confiá vel, carac terísticas exig idas pelas  aplicações médico -hospitalar es.   \nCARACTERÍSTIC AS TÉCNIC AS \n• \nde 0...999kΩ com r esolução de 1kΩ  \n• Monitorament o de t emperatura do enr olament o secundár io do \ntransf ormador de separação ( T1)  \n• Disponibilidade de utilização de um contat o programá vel para \nsinalização à distância, em caso de falhas int ernas do dispositiv o, \nbaixo nív el de isolament o, medição de elevados valor es de \ntemperatura e de alcance do ajust e de máxima cor rente·\n• Teste de aut o-diag nóstico para ev entuais falhas int ernas do \ndispositiv o, verificação da conexão com a r ede e contr ole de \nfuncionament o\n• Injeção no cir cuito de sinais de contr ole codificados , que não são \ninfluenciados pelos component es de tipo contínuo , emitidos por \ndispositiv os elétr icos de uso médico\n• Saída ser ial RS485 para comunicação MODBUS R TUPossibilidade de escolha de um valor pr eciso de isolament o de r ede Tensão S ecundária :  \nAté 250 V\n Tensão de C urto-cir cuito:\n    3%\nCorrente a Vazio:\n    3% x I n\nConexão Elétrica:  \nPor meio de t erminais\nFixação:  \nPor meio de base metálica/ \nrodízios \nDIMENSÕES TRANSFORMADOR DE SEP ARAÇÃO  Transf ormador de Separação - Gabinete Simples  \nTensão de alimentação: 110V / 230V - 60H z\nTensão máxima de medição: 24V\nTensão da r ede c ontr olador a:  24 a 230V AC\nTensão  de Isolament o: 2,5 kV em 1 minut o \nCorrente máxima de medição: 1mA\nDispositivo Super visor de Isolamento (DSI)\n     3,0   600 X 440 X 400    50\n     5,0       600 X 440 X 400    50\n     7,5       600 X 440 X 400         70\n10,0      600 X 440 X 400    90\n  Potência\nkVAPeso \nkgGabinete simples\nDimensões Físicas\nalt x lar g x prof \nmmO Transformador de Separação é projetado pela CM \nComandos, especificamente para o suprimento de energia de \nsistema médico.\nPossui isolação galvânica reforçada, blindagem eletrostática \nentre enrolamentos primário e secundár io, conectados a um \nterminal própr io e com caracter ísticas elétricas e mecânicas que \ngarantem sua qualidade e confiabilidade.\nPossui sensores de temperatura do tipo PT-100 os quais são \nconectados ao módulo DST para super visão de temperatura.\nO transformador garante a confiabilidade das condições do \nisolamento do circuito elétrico sendo imprescindível para a \nsegurança nas aplicações cirúrgicas.'
 'monobloco\n   \n    •Painel F rontal: em ABS de alta r esistência\n  \n    • A cabamento: pintura epó xi-pó na cor g rafite\n       com tratamento tér mico e anti- corrosivo\nTransf ormador Isolador : com blindagem\n    eletr ostátican  \nn  \nn   Alarmes\nContr olados pelo pr ocessador DSP\nTipos de Alarmes:\n   \n    •Sonor os: \n       »  A utocheck I nicialização\n       »  Tensão da Rede F ora da F aixa\n       »  Sobr ecar ga de Saída\n       »  F alha I nterna do Estabilizador\n       »  F reqüência da Rede F ora de F aixa\n   \n     •Sinalização: L eds de Status do P ainel\n       »  Rede Nor mal\n       »  Saída Nor mal\n       »  F alhan   \nn   Características de Oper ação\nRuído A udív el: 55 dBA a 60 dBA a 1 metr o\n MTBF (M ean Time Bet ween F ailur es): 50 mil horas\nMTTR (M ean Time To Repair): 30 minutos\nTemperatura Ambiente: \n   \n•Mínimo: 0ºC / M áximo 40ºC\n   \n    •Recomendada: 20ºC a 25ºC\nUmidade Relativa:\n   \n    •0% a 95% sem condensação\n   \n    •Recomendada: 45% a 55%\nAltitude: até 1.800m\n Tipo de Ambiente Recomendado:\n   \n    •Interno, instalação abr igada\n   \n    •Atmosf era: limpa, livr e de par tículas condutivas , \n      gases tó xicos , líquidos e inflamáv eis.\nGrau de P roteção: IP -20n   \nn  \nn   \nn   \n   \nn   \nn    \nn  \nn    \n   2000    2,0       620 X 200 X 600        41  \n   3000    3,0       620 X 200 X 600        43\n   5000    5,0       620 X 200 X 600           47\n   7500    7,5       620 X 200 X 600           61\n 10000  10,0       790 X 400 X 775        119\n 15000  15,0       790 X 400 X 775        147Modelo Potência \nkVADimensões Físicas\nalt x lar g x prof \nmmPeso \nkg\n* Opcional\nCM.MK T MAR 22  -   As especificações estão sujeitas a alterações sem pr évio aviso . Nós incentivamos a r eciclagem\nCertificação de \nSustentabilidade A uditadaESPECIFIC AÇÕES  TÉCNIC ASOs Estabilizador es de Tensão M icroprocessados P erfection MI S2 possuem uma tecnolog ia inédita de duplos con versor es estáticos com módulos IGBT s, de última geração . \nTotalmente contr olado por micr oprocessador DSP – Dig ital Sig nal P rocessor , o estabilizador cor rige instantaneamente qualquer var iação de tensão da r ede elétr ica da \nconcessionár ia, além de atenuar distor ção har mônica, var iações de fr equência e distúr bios elétr icos, gerando uma f orma de onda senoidal pura, e f ornecendo uma linha \nestabilizada ex clusiva e isolada para as aplicações sensív eis.\nA tecnolog ia DSP r ealiza medições em True RMS g raças à amostragem dig ital, sem r etardos ou desvios , com alta v elocidade e confiabilidade . Isso sig nifica que podemos \nproduzir sistemas cada v ez menor es e capaz es de r ealizar mais funções , com elevada confiabilidade .']","A supervisão de falhas de isolamento é crucial no sistema IT médico em ambientes hospitalares para garantir a segurança dos pacientes e do pessoal de saúde. Falhas de isolamento podem levar a choques elétricos, incêndios e outros acidentes graves. A supervisão contínua pode detectar problemas antes que eles se tornem críticos, permitindo uma resposta rápida e eficaz para evitar danos.

Além disso, um sistema de supervisão de falhas de isolamento pode ajudar a identificar problemas potenciais antes que ocorram, permitindo corretivas preventivas e reduzindo o risco de acidentes. Isso é especialmente importante em ambientes hospitalares, onde a segurança dos pacientes é sempre a prioridade máxima.

A supervisão de falhas de isolamento também ajuda a garantir a confiabilidade do sistema e a manter a qualidade da proteção contra choques elétricos, reduzindo o risco de lesões e danos à equipamentos. Em resumo, a supervisão de falhas de isolamento é fundamental para garantir a segurança e a confiabilidade do sistema IT médico em ambientes hospitalares.","A supervisão de falhas de isolamento no Sistema IT Médico é importante porque garante a manutenção dos equipamentos de sustentação à vida, mesmo em caso de falha de isolamento elétrica. Isso aumenta a segurança para o paciente e para o corpo clínico, evitando a interrupção no fornecimento de energia elétrica em caso de uma falta. Além disso, reduz as correntes de fuga, diminuindo a tensão de contato e a intensidade de um choque elétrico acidental.",0.8567548245106842,0.5052406140122625,0.8209624560490499,,,,0.0,,0.7142857142857143,1.0
108,Qual a função da sinalização em enfermarias para emergências?,"['Equalização A tiva de Bat erias\nO  QUE  É  ?\nO Equalizer é uma solução revolucionária de Equalização Ativa Individual de Baterias,  desenvolvido e fabricado \nno Brasil, pela CM Comandos. \nCada bateria recebe um Módulo de Bateria, conectado a um controlador, o Master Controller.  O Controller \nsupervisiona a tensão final das baterias e controla os Módulos de Baterias de forma a regular a tensão sobre cada \nbateria, para que todas as baterias sempre apresentem a mesma tensão.\nCada Módulo de Bateria possui um microcontrolador e um módulo ativo que mantêm todas as baterias \nequalizadas. \nA Equalização Ativa faz com que todas as baterias sejam igualmente carregadas com a mesma tensão, \neliminando o efeito negativo de uma bateria sobrecarregar as outras, com excesso de carga ou o inverso, de \nimpedir que as baterias adjacentes sejam carregadas plenamente.\nO Equalizer permite que as  baterias atinjam 100% da sua vida útil, projetada pelos fabricantes. Antes, sem o \nEqualizer, as baterias se deterioravam precocemente e era necessário substituí-las. Dependendo do tipo de \nbateria, a durabilidade pode dobrar,  eliminando substituições  e reduzindo a necessidade de reciclagem.  O \nprocesso de reciclagem consome grandes recursos naturais.\nAlém disso, o sistema impede a queda do sistema por falha de baterias,  enviando alarmes ANTES de ocorrer uma \nfalha do sistema, reduzindo o DOWNTIME e elevando a confiabilidade de todo sistema.\nRede Elétr ica\nde En tradaRetificador\nCarregador\nBanc o de\nBateriasBateria 1\nBateria 2\nBateria 3\nBateria nEqualizer\nEqualizer\nEqualizer\nEqualizerMaster\nController\nCorrente Alt ernada de Entrada\nCabo de Comunicação Cabo de Medição Módulo EqualizerCorr ente ContínuaCOMO FUNCIONA ?\nEqualiz er - Equalização A tiva\nA central contr ola cada módulo , conec tado em \nparalelo com a bat eria e contr ola a t ensão de f orma \nque t odas fiquem iguais . Além disso , monit ora  \nconstant ement e a Resist ência I nterna e a \nTemperatura individualment e de cada bat eria, \narmaz ena os dados para análise e emit e alar mes \nantes de ocor rer a falh a.'
 'Caso ocor ram nív eis maior es do que o nor mal,  o dispositiv o de super visão imediatament e atua, emitindo um sinal de alar me, para a int ervenção \ndas equipes de manut enção . \nO módulo DSI possui um micr oprocessador int erno, comunicação M odbus via RS485 e é pr ojetado dentr o dos cr itérios tecnológ icos mais \navançados ,  sendo pr eciso , segur o e confiá vel, carac terísticas exig idas pelas  aplicações médico -hospitalar es.   \nCARACTERÍSTIC AS TÉCNIC AS \n• \nde 0...999kΩ com r esolução de 1kΩ  \n• Monitorament o de t emperatura do enr olament o secundár io do \ntransf ormador de separação ( T1)  \n• Disponibilidade de utilização de um contat o programá vel para \nsinalização à distância, em caso de falhas int ernas do dispositiv o, \nbaixo nív el de isolament o, medição de elevados valor es de \ntemperatura e de alcance do ajust e de máxima cor rente·\n• Teste de aut o-diag nóstico para ev entuais falhas int ernas do \ndispositiv o, verificação da conexão com a r ede e contr ole de \nfuncionament o\n• Injeção no cir cuito de sinais de contr ole codificados , que não são \ninfluenciados pelos component es de tipo contínuo , emitidos por \ndispositiv os elétr icos de uso médico\n• Saída ser ial RS485 para comunicação MODBUS R TUPossibilidade de escolha de um valor pr eciso de isolament o de r ede Tensão S ecundária :  \nAté 250 V\n Tensão de C urto-cir cuito:\n    3%\nCorrente a Vazio:\n    3% x I n\nConexão Elétrica:  \nPor meio de t erminais\nFixação:  \nPor meio de base metálica/ \nrodízios \nDIMENSÕES TRANSFORMADOR DE SEP ARAÇÃO  Transf ormador de Separação - Gabinete Simples  \nTensão de alimentação: 110V / 230V - 60H z\nTensão máxima de medição: 24V\nTensão da r ede c ontr olador a:  24 a 230V AC\nTensão  de Isolament o: 2,5 kV em 1 minut o \nCorrente máxima de medição: 1mA\nDispositivo Super visor de Isolamento (DSI)\n     3,0   600 X 440 X 400    50\n     5,0       600 X 440 X 400    50\n     7,5       600 X 440 X 400         70\n10,0      600 X 440 X 400    90\n  Potência\nkVAPeso \nkgGabinete simples\nDimensões Físicas\nalt x lar g x prof \nmmO Transformador de Separação é projetado pela CM \nComandos, especificamente para o suprimento de energia de \nsistema médico.\nPossui isolação galvânica reforçada, blindagem eletrostática \nentre enrolamentos primário e secundár io, conectados a um \nterminal própr io e com caracter ísticas elétricas e mecânicas que \ngarantem sua qualidade e confiabilidade.\nPossui sensores de temperatura do tipo PT-100 os quais são \nconectados ao módulo DST para super visão de temperatura.\nO transformador garante a confiabilidade das condições do \nisolamento do circuito elétrico sendo imprescindível para a \nsegurança nas aplicações cirúrgicas.']","A sinalização em enfermarias para emergências é fundamental para garantir a rápida resposta e intervenção nas situações críticas. Ela permite que as equipes de saúde sejam notificadas imediatamente, permitindo uma reação mais rápida e eficaz em caso de emergência. Isso ajuda a minimizar os danos e garantir o bem-estar dos pacientes.","A sinalização em enfermarias para emergências permite a imediata sinalização visual e auditiva da ocorrência de alarmes, facilitando a resposta rápida em situações críticas.",0.6374841256780601,,0.8826928692328824,0.99999999995,1.0,0.99999999995,0.0,,,1.0
109,Qual a importância da regulação da tensão nas baterias para evitar perda de capacidade?,"['Equalização A tiva de Bat erias\nO  QUE  É  ?\nO Equalizer é uma solução revolucionária de Equalização Ativa Individual de Baterias,  desenvolvido e fabricado \nno Brasil, pela CM Comandos. \nCada bateria recebe um Módulo de Bateria, conectado a um controlador, o Master Controller.  O Controller \nsupervisiona a tensão final das baterias e controla os Módulos de Baterias de forma a regular a tensão sobre cada \nbateria, para que todas as baterias sempre apresentem a mesma tensão.\nCada Módulo de Bateria possui um microcontrolador e um módulo ativo que mantêm todas as baterias \nequalizadas. \nA Equalização Ativa faz com que todas as baterias sejam igualmente carregadas com a mesma tensão, \neliminando o efeito negativo de uma bateria sobrecarregar as outras, com excesso de carga ou o inverso, de \nimpedir que as baterias adjacentes sejam carregadas plenamente.\nO Equalizer permite que as  baterias atinjam 100% da sua vida útil, projetada pelos fabricantes. Antes, sem o \nEqualizer, as baterias se deterioravam precocemente e era necessário substituí-las. Dependendo do tipo de \nbateria, a durabilidade pode dobrar,  eliminando substituições  e reduzindo a necessidade de reciclagem.  O \nprocesso de reciclagem consome grandes recursos naturais.\nAlém disso, o sistema impede a queda do sistema por falha de baterias,  enviando alarmes ANTES de ocorrer uma \nfalha do sistema, reduzindo o DOWNTIME e elevando a confiabilidade de todo sistema.\nRede Elétr ica\nde En tradaRetificador\nCarregador\nBanc o de\nBateriasBateria 1\nBateria 2\nBateria 3\nBateria nEqualizer\nEqualizer\nEqualizer\nEqualizerMaster\nController\nCorrente Alt ernada de Entrada\nCabo de Comunicação Cabo de Medição Módulo EqualizerCorr ente ContínuaCOMO FUNCIONA ?\nEqualiz er - Equalização A tiva\nA central contr ola cada módulo , conec tado em \nparalelo com a bat eria e contr ola a t ensão de f orma \nque t odas fiquem iguais . Além disso , monit ora  \nconstant ement e a Resist ência I nterna e a \nTemperatura individualment e de cada bat eria, \narmaz ena os dados para análise e emit e alar mes \nantes de ocor rer a falh a.'
 'Caso ocor ram nív eis maior es do que o nor mal,  o dispositiv o de super visão imediatament e atua, emitindo um sinal de alar me, para a int ervenção \ndas equipes de manut enção . \nO módulo DSI possui um micr oprocessador int erno, comunicação M odbus via RS485 e é pr ojetado dentr o dos cr itérios tecnológ icos mais \navançados ,  sendo pr eciso , segur o e confiá vel, carac terísticas exig idas pelas  aplicações médico -hospitalar es.   \nCARACTERÍSTIC AS TÉCNIC AS \n• \nde 0...999kΩ com r esolução de 1kΩ  \n• Monitorament o de t emperatura do enr olament o secundár io do \ntransf ormador de separação ( T1)  \n• Disponibilidade de utilização de um contat o programá vel para \nsinalização à distância, em caso de falhas int ernas do dispositiv o, \nbaixo nív el de isolament o, medição de elevados valor es de \ntemperatura e de alcance do ajust e de máxima cor rente·\n• Teste de aut o-diag nóstico para ev entuais falhas int ernas do \ndispositiv o, verificação da conexão com a r ede e contr ole de \nfuncionament o\n• Injeção no cir cuito de sinais de contr ole codificados , que não são \ninfluenciados pelos component es de tipo contínuo , emitidos por \ndispositiv os elétr icos de uso médico\n• Saída ser ial RS485 para comunicação MODBUS R TUPossibilidade de escolha de um valor pr eciso de isolament o de r ede Tensão S ecundária :  \nAté 250 V\n Tensão de C urto-cir cuito:\n    3%\nCorrente a Vazio:\n    3% x I n\nConexão Elétrica:  \nPor meio de t erminais\nFixação:  \nPor meio de base metálica/ \nrodízios \nDIMENSÕES TRANSFORMADOR DE SEP ARAÇÃO  Transf ormador de Separação - Gabinete Simples  \nTensão de alimentação: 110V / 230V - 60H z\nTensão máxima de medição: 24V\nTensão da r ede c ontr olador a:  24 a 230V AC\nTensão  de Isolament o: 2,5 kV em 1 minut o \nCorrente máxima de medição: 1mA\nDispositivo Super visor de Isolamento (DSI)\n     3,0   600 X 440 X 400    50\n     5,0       600 X 440 X 400    50\n     7,5       600 X 440 X 400         70\n10,0      600 X 440 X 400    90\n  Potência\nkVAPeso \nkgGabinete simples\nDimensões Físicas\nalt x lar g x prof \nmmO Transformador de Separação é projetado pela CM \nComandos, especificamente para o suprimento de energia de \nsistema médico.\nPossui isolação galvânica reforçada, blindagem eletrostática \nentre enrolamentos primário e secundár io, conectados a um \nterminal própr io e com caracter ísticas elétricas e mecânicas que \ngarantem sua qualidade e confiabilidade.\nPossui sensores de temperatura do tipo PT-100 os quais são \nconectados ao módulo DST para super visão de temperatura.\nO transformador garante a confiabilidade das condições do \nisolamento do circuito elétrico sendo imprescindível para a \nsegurança nas aplicações cirúrgicas.']","A regulação da tensão nas baterias é fundamental para evitar perdas de capacidade, pois uma tensão desigual pode causar o superaquecimento ou resfriamento excessivo de algumas baterias, levando a uma deterioração prematura. Isso ocorre porque as baterias são projetadas para operar dentro de um intervalo de tensão específico, e quando isso é violado, podem sofrer danos irreversíveis. Além disso, uma tensão desigual pode causar o desequilíbrio das reações químicas dentro da bateria, o que leva a uma perda de capacidade de armazenamento. Por isso, a regulação da tensão é essencial para garantir que todas as baterias sejam carregadas e descarregadas de forma igual e justa, mantendo sua capacidade de funcionamento ao longo do tempo.","A regulação da tensão nas baterias é importante para evitar a perda de capacidade, pois a Equalização Ativa impede que as baterias recebam menor tensão do que deveriam, evitando a sulfatação e a perda de capacidade.",0.6603451225957324,0.4133033442953472,0.9032133771813888,0.99999999995,0.6666666666666666,0.99999999995,0.0,,,0.7142857142857143
110,Qual a importância do DSP em No Breaks Trifásicos Transformerless para aplicações críticas?,"['monobloco\n   \n    •Painel F rontal: em ABS de alta r esistência\n  \n    • A cabamento: pintura epó xi-pó na cor g rafite\n       com tratamento tér mico e anti- corrosivo\nTransf ormador Isolador : com blindagem\n    eletr ostátican  \nn  \nn   Alarmes\nContr olados pelo pr ocessador DSP\nTipos de Alarmes:\n   \n    •Sonor os: \n       »  A utocheck I nicialização\n       »  Tensão da Rede F ora da F aixa\n       »  Sobr ecar ga de Saída\n       »  F alha I nterna do Estabilizador\n       »  F reqüência da Rede F ora de F aixa\n   \n     •Sinalização: L eds de Status do P ainel\n       »  Rede Nor mal\n       »  Saída Nor mal\n       »  F alhan   \nn   Características de Oper ação\nRuído A udív el: 55 dBA a 60 dBA a 1 metr o\n MTBF (M ean Time Bet ween F ailur es): 50 mil horas\nMTTR (M ean Time To Repair): 30 minutos\nTemperatura Ambiente: \n   \n•Mínimo: 0ºC / M áximo 40ºC\n   \n    •Recomendada: 20ºC a 25ºC\nUmidade Relativa:\n   \n    •0% a 95% sem condensação\n   \n    •Recomendada: 45% a 55%\nAltitude: até 1.800m\n Tipo de Ambiente Recomendado:\n   \n    •Interno, instalação abr igada\n   \n    •Atmosf era: limpa, livr e de par tículas condutivas , \n      gases tó xicos , líquidos e inflamáv eis.\nGrau de P roteção: IP -20n   \nn  \nn   \nn   \n   \nn   \nn    \nn  \nn    \n   2000    2,0       620 X 200 X 600        41  \n   3000    3,0       620 X 200 X 600        43\n   5000    5,0       620 X 200 X 600           47\n   7500    7,5       620 X 200 X 600           61\n 10000  10,0       790 X 400 X 775        119\n 15000  15,0       790 X 400 X 775        147Modelo Potência \nkVADimensões Físicas\nalt x lar g x prof \nmmPeso \nkg\n* Opcional\nCM.MK T MAR 22  -   As especificações estão sujeitas a alterações sem pr évio aviso . Nós incentivamos a r eciclagem\nCertificação de \nSustentabilidade A uditadaESPECIFIC AÇÕES  TÉCNIC ASOs Estabilizador es de Tensão M icroprocessados P erfection MI S2 possuem uma tecnolog ia inédita de duplos con versor es estáticos com módulos IGBT s, de última geração . \nTotalmente contr olado por micr oprocessador DSP – Dig ital Sig nal P rocessor , o estabilizador cor rige instantaneamente qualquer var iação de tensão da r ede elétr ica da \nconcessionár ia, além de atenuar distor ção har mônica, var iações de fr equência e distúr bios elétr icos, gerando uma f orma de onda senoidal pura, e f ornecendo uma linha \nestabilizada ex clusiva e isolada para as aplicações sensív eis.\nA tecnolog ia DSP r ealiza medições em True RMS g raças à amostragem dig ital, sem r etardos ou desvios , com alta v elocidade e confiabilidade . Isso sig nifica que podemos \nproduzir sistemas cada v ez menor es e capaz es de r ealizar mais funções , com elevada confiabilidade .'
 'Caso ocor ram nív eis maior es do que o nor mal,  o dispositiv o de super visão imediatament e atua, emitindo um sinal de alar me, para a int ervenção \ndas equipes de manut enção . \nO módulo DSI possui um micr oprocessador int erno, comunicação M odbus via RS485 e é pr ojetado dentr o dos cr itérios tecnológ icos mais \navançados ,  sendo pr eciso , segur o e confiá vel, carac terísticas exig idas pelas  aplicações médico -hospitalar es.   \nCARACTERÍSTIC AS TÉCNIC AS \n• \nde 0...999kΩ com r esolução de 1kΩ  \n• Monitorament o de t emperatura do enr olament o secundár io do \ntransf ormador de separação ( T1)  \n• Disponibilidade de utilização de um contat o programá vel para \nsinalização à distância, em caso de falhas int ernas do dispositiv o, \nbaixo nív el de isolament o, medição de elevados valor es de \ntemperatura e de alcance do ajust e de máxima cor rente·\n• Teste de aut o-diag nóstico para ev entuais falhas int ernas do \ndispositiv o, verificação da conexão com a r ede e contr ole de \nfuncionament o\n• Injeção no cir cuito de sinais de contr ole codificados , que não são \ninfluenciados pelos component es de tipo contínuo , emitidos por \ndispositiv os elétr icos de uso médico\n• Saída ser ial RS485 para comunicação MODBUS R TUPossibilidade de escolha de um valor pr eciso de isolament o de r ede Tensão S ecundária :  \nAté 250 V\n Tensão de C urto-cir cuito:\n    3%\nCorrente a Vazio:\n    3% x I n\nConexão Elétrica:  \nPor meio de t erminais\nFixação:  \nPor meio de base metálica/ \nrodízios \nDIMENSÕES TRANSFORMADOR DE SEP ARAÇÃO  Transf ormador de Separação - Gabinete Simples  \nTensão de alimentação: 110V / 230V - 60H z\nTensão máxima de medição: 24V\nTensão da r ede c ontr olador a:  24 a 230V AC\nTensão  de Isolament o: 2,5 kV em 1 minut o \nCorrente máxima de medição: 1mA\nDispositivo Super visor de Isolamento (DSI)\n     3,0   600 X 440 X 400    50\n     5,0       600 X 440 X 400    50\n     7,5       600 X 440 X 400         70\n10,0      600 X 440 X 400    90\n  Potência\nkVAPeso \nkgGabinete simples\nDimensões Físicas\nalt x lar g x prof \nmmO Transformador de Separação é projetado pela CM \nComandos, especificamente para o suprimento de energia de \nsistema médico.\nPossui isolação galvânica reforçada, blindagem eletrostática \nentre enrolamentos primário e secundár io, conectados a um \nterminal própr io e com caracter ísticas elétricas e mecânicas que \ngarantem sua qualidade e confiabilidade.\nPossui sensores de temperatura do tipo PT-100 os quais são \nconectados ao módulo DST para super visão de temperatura.\nO transformador garante a confiabilidade das condições do \nisolamento do circuito elétrico sendo imprescindível para a \nsegurança nas aplicações cirúrgicas.']","A tecnologia DSP (Digitál Siginal Processor) é fundamental em No Breaks Trifásicos Transformerless para aplicações críticas, pois permite a regulamentação instantânea de variações de tensão da rede elétrica sem interrupção do serviço. Isso é especialmente importante em ambientes sensíveis, como hospitais, onde a estabilidade da energia é crucial para garantir a segurança dos pacientes. A tecnologia DSP garante que o sistema possa fornecer uma forma de onda senoidal pura e isolada, evitando distorções e variações na tensão, o que é essencial para manter a confiabilidade e a estabilidade do sistema.","A importância do DSP em No Breaks Trifásicos Transformerless para aplicações críticas reside na alta performance e confiabilidade que proporciona, tornando-os ideais para proteger aplicações nas quais a continuidade da operação é de fundamental importância. O DSP permite processamento em tempo real, garantindo que o sinal seja processado no mesmo instante em que é recebido, sem retardos ou atrasos.",0.7749023305242777,0.5228662812912562,0.8914651251650249,0.99999999995,,,0.12499999984374999,,,
111,Qual a principal característica do inversor IGBT de alta frequência em relação à eficiência em várias cargas?,"['Alta Tecnologia em\nProcessamento Digital\nde Sinais - DSP\nO S M A I S M O D E R N O S\nN O B R E A K S C O R P O R AT I V O SVivemos em um mundo cada vez mais ágil e prático. Um mundo conectado por processadores, chips, softwares e \nperiféricos. Mas isso ainda não é o bastante. Por isso, o mundo caminha para tecnologias de processamento imediato \nde dados. A CM Comandos Lineares está um passo à frente e oferece aos seus clientes produtos dotados de uma \ntecnologia revolucionária, denominada Processamento Digital de Sinais -- DSP .\nToda a linha de No Breaks Innovation S1 Trifásico  \nTransformerless conta com a tecnologia DS P.   \nCaracterística que proporciona alta performance e \nconfiabilidade, tornando-os ideais para aplicações de missão crítica. Ou seja, protegem as aplicações nas quais a \ncontinuidade da operação é de fundamental importância.\ndos equipamentos pode ser atualizado, \nacrescentando novas funções em \nunidades já instaladas. Hoje, esta tecnologia está presente nos mais sofisticados sistemas eletrônicos, devido à sua alta velocidade e \nconfiabilidade. Processadores Digitais de Sinais são capazes de processar dez milhões de amostragens por segundo. \nIsso significa processamento em tempo real -- o sinal é processado no mesmo instante em que é recebido, sem \nretardos ou atrasos.\nProjetados com o uso intenso dos recursos da tecnologia DSP ,  os No Breaks Innovation Trifásico Transformerless  \nagregam novos  e avançados recursos, que estabelecem um novo conceito em desenvolvimento, no qual o firmware \nAo pensar em adquirir No Breaks,     \nconte com as soluções da\nCM Comandos, que asseguram \ntecnologia de ponta, máxima proteção, \nprecisão digital e processamento        \nem tempo real.'
 'Caso ocor ram nív eis maior es do que o nor mal,  o dispositiv o de super visão imediatament e atua, emitindo um sinal de alar me, para a int ervenção \ndas equipes de manut enção . \nO módulo DSI possui um micr oprocessador int erno, comunicação M odbus via RS485 e é pr ojetado dentr o dos cr itérios tecnológ icos mais \navançados ,  sendo pr eciso , segur o e confiá vel, carac terísticas exig idas pelas  aplicações médico -hospitalar es.   \nCARACTERÍSTIC AS TÉCNIC AS \n• \nde 0...999kΩ com r esolução de 1kΩ  \n• Monitorament o de t emperatura do enr olament o secundár io do \ntransf ormador de separação ( T1)  \n• Disponibilidade de utilização de um contat o programá vel para \nsinalização à distância, em caso de falhas int ernas do dispositiv o, \nbaixo nív el de isolament o, medição de elevados valor es de \ntemperatura e de alcance do ajust e de máxima cor rente·\n• Teste de aut o-diag nóstico para ev entuais falhas int ernas do \ndispositiv o, verificação da conexão com a r ede e contr ole de \nfuncionament o\n• Injeção no cir cuito de sinais de contr ole codificados , que não são \ninfluenciados pelos component es de tipo contínuo , emitidos por \ndispositiv os elétr icos de uso médico\n• Saída ser ial RS485 para comunicação MODBUS R TUPossibilidade de escolha de um valor pr eciso de isolament o de r ede Tensão S ecundária :  \nAté 250 V\n Tensão de C urto-cir cuito:\n    3%\nCorrente a Vazio:\n    3% x I n\nConexão Elétrica:  \nPor meio de t erminais\nFixação:  \nPor meio de base metálica/ \nrodízios \nDIMENSÕES TRANSFORMADOR DE SEP ARAÇÃO  Transf ormador de Separação - Gabinete Simples  \nTensão de alimentação: 110V / 230V - 60H z\nTensão máxima de medição: 24V\nTensão da r ede c ontr olador a:  24 a 230V AC\nTensão  de Isolament o: 2,5 kV em 1 minut o \nCorrente máxima de medição: 1mA\nDispositivo Super visor de Isolamento (DSI)\n     3,0   600 X 440 X 400    50\n     5,0       600 X 440 X 400    50\n     7,5       600 X 440 X 400         70\n10,0      600 X 440 X 400    90\n  Potência\nkVAPeso \nkgGabinete simples\nDimensões Físicas\nalt x lar g x prof \nmmO Transformador de Separação é projetado pela CM \nComandos, especificamente para o suprimento de energia de \nsistema médico.\nPossui isolação galvânica reforçada, blindagem eletrostática \nentre enrolamentos primário e secundár io, conectados a um \nterminal própr io e com caracter ísticas elétricas e mecânicas que \ngarantem sua qualidade e confiabilidade.\nPossui sensores de temperatura do tipo PT-100 os quais são \nconectados ao módulo DST para super visão de temperatura.\nO transformador garante a confiabilidade das condições do \nisolamento do circuito elétrico sendo imprescindível para a \nsegurança nas aplicações cirúrgicas.']","A eficiência das cargas é uma característica fundamental. A principal característica do inversor IGBT de alta frequência é sua capacidade de gerenciar eficientemente diferentes cargas, garantindo um desempenho consistente e confiável em diversas condições operacionais.",A resposta à pergunta dada não está presente no contexto,0.8228736290400674,0.4413731998064013,0.26549279922560504,0.0,,0.49999999995,0.0,,,
112,"Qual a função do Transformador de Separação em energia para sistemas médicos, especialmente em cirurgias?","['Caso ocor ram nív eis maior es do que o nor mal,  o dispositiv o de super visão imediatament e atua, emitindo um sinal de alar me, para a int ervenção \ndas equipes de manut enção . \nO módulo DSI possui um micr oprocessador int erno, comunicação M odbus via RS485 e é pr ojetado dentr o dos cr itérios tecnológ icos mais \navançados ,  sendo pr eciso , segur o e confiá vel, carac terísticas exig idas pelas  aplicações médico -hospitalar es.   \nCARACTERÍSTIC AS TÉCNIC AS \n• \nde 0...999kΩ com r esolução de 1kΩ  \n• Monitorament o de t emperatura do enr olament o secundár io do \ntransf ormador de separação ( T1)  \n• Disponibilidade de utilização de um contat o programá vel para \nsinalização à distância, em caso de falhas int ernas do dispositiv o, \nbaixo nív el de isolament o, medição de elevados valor es de \ntemperatura e de alcance do ajust e de máxima cor rente·\n• Teste de aut o-diag nóstico para ev entuais falhas int ernas do \ndispositiv o, verificação da conexão com a r ede e contr ole de \nfuncionament o\n• Injeção no cir cuito de sinais de contr ole codificados , que não são \ninfluenciados pelos component es de tipo contínuo , emitidos por \ndispositiv os elétr icos de uso médico\n• Saída ser ial RS485 para comunicação MODBUS R TUPossibilidade de escolha de um valor pr eciso de isolament o de r ede Tensão S ecundária :  \nAté 250 V\n Tensão de C urto-cir cuito:\n    3%\nCorrente a Vazio:\n    3% x I n\nConexão Elétrica:  \nPor meio de t erminais\nFixação:  \nPor meio de base metálica/ \nrodízios \nDIMENSÕES TRANSFORMADOR DE SEP ARAÇÃO  Transf ormador de Separação - Gabinete Simples  \nTensão de alimentação: 110V / 230V - 60H z\nTensão máxima de medição: 24V\nTensão da r ede c ontr olador a:  24 a 230V AC\nTensão  de Isolament o: 2,5 kV em 1 minut o \nCorrente máxima de medição: 1mA\nDispositivo Super visor de Isolamento (DSI)\n     3,0   600 X 440 X 400    50\n     5,0       600 X 440 X 400    50\n     7,5       600 X 440 X 400         70\n10,0      600 X 440 X 400    90\n  Potência\nkVAPeso \nkgGabinete simples\nDimensões Físicas\nalt x lar g x prof \nmmO Transformador de Separação é projetado pela CM \nComandos, especificamente para o suprimento de energia de \nsistema médico.\nPossui isolação galvânica reforçada, blindagem eletrostática \nentre enrolamentos primário e secundár io, conectados a um \nterminal própr io e com caracter ísticas elétricas e mecânicas que \ngarantem sua qualidade e confiabilidade.\nPossui sensores de temperatura do tipo PT-100 os quais são \nconectados ao módulo DST para super visão de temperatura.\nO transformador garante a confiabilidade das condições do \nisolamento do circuito elétrico sendo imprescindível para a \nsegurança nas aplicações cirúrgicas.'
 'Equalização A tiva de Bat erias\nO  QUE  É  ?\nO Equalizer é uma solução revolucionária de Equalização Ativa Individual de Baterias,  desenvolvido e fabricado \nno Brasil, pela CM Comandos. \nCada bateria recebe um Módulo de Bateria, conectado a um controlador, o Master Controller.  O Controller \nsupervisiona a tensão final das baterias e controla os Módulos de Baterias de forma a regular a tensão sobre cada \nbateria, para que todas as baterias sempre apresentem a mesma tensão.\nCada Módulo de Bateria possui um microcontrolador e um módulo ativo que mantêm todas as baterias \nequalizadas. \nA Equalização Ativa faz com que todas as baterias sejam igualmente carregadas com a mesma tensão, \neliminando o efeito negativo de uma bateria sobrecarregar as outras, com excesso de carga ou o inverso, de \nimpedir que as baterias adjacentes sejam carregadas plenamente.\nO Equalizer permite que as  baterias atinjam 100% da sua vida útil, projetada pelos fabricantes. Antes, sem o \nEqualizer, as baterias se deterioravam precocemente e era necessário substituí-las. Dependendo do tipo de \nbateria, a durabilidade pode dobrar,  eliminando substituições  e reduzindo a necessidade de reciclagem.  O \nprocesso de reciclagem consome grandes recursos naturais.\nAlém disso, o sistema impede a queda do sistema por falha de baterias,  enviando alarmes ANTES de ocorrer uma \nfalha do sistema, reduzindo o DOWNTIME e elevando a confiabilidade de todo sistema.\nRede Elétr ica\nde En tradaRetificador\nCarregador\nBanc o de\nBateriasBateria 1\nBateria 2\nBateria 3\nBateria nEqualizer\nEqualizer\nEqualizer\nEqualizerMaster\nController\nCorrente Alt ernada de Entrada\nCabo de Comunicação Cabo de Medição Módulo EqualizerCorr ente ContínuaCOMO FUNCIONA ?\nEqualiz er - Equalização A tiva\nA central contr ola cada módulo , conec tado em \nparalelo com a bat eria e contr ola a t ensão de f orma \nque t odas fiquem iguais . Além disso , monit ora  \nconstant ement e a Resist ência I nterna e a \nTemperatura individualment e de cada bat eria, \narmaz ena os dados para análise e emit e alar mes \nantes de ocor rer a falh a.']","O Transformador de Separação é fundamental em sistemas médicos, especialmente em cirurgias, pois garante a confiabilidade das condições do isolamento do circuito elétrico. Isso é imprescindível para a segurança nas aplicações cirúrgicas.","A função do Transformador de Separação em energia para sistemas médicos é garantir a confiabilidade das condições do isolamento do circuito elétrico, sendo imprescindível para a segurança nas aplicações cirúrgicas.",0.8444604069718166,0.61454925428788,0.9581970171515198,0.99999999995,0.75,,0.0,,,1.0
113,Quais características do No-Break Senoidal Microprocessado considerar em alta umidade?,"['Manutenção sem desligar o sistema\nOs testes de bater ia individuais são possív eis \nremotamente , sem o esf orço para desligar as bater ias. \nAs manutenções e as análises  de bater ia podem ser \nrealizadas em condições r eais de operação , sem a \nnecessidade de paradas no sistema.\nOtimiza a manutenção em campo\nA equipe de manutenção se desloca somente quando \nhá inter venções cor retivas e dir etas na bater ia que \napresentar def eito na ocor rência de alar mes ou na \nanálise de diag nóstico e , é clar o, reduz enor mes custos \noperacionais .\nOSD  N LI A NM EO AC R EM SCISO\n90012015\nAv. Eng . Alber to de Zagottis , 760 - 04675-085 -  São P aulo - SP\nTel.: (11) 5696-5000 \nwww.cmcomandos .com.br\nSistema de \nSustentabilidade A uditado\nCM MK T FEV 2022 - As especificações estão sujeitas a alterações sem pr évio aviso . Nós incentivamos a r eciclagemESPECIFICAÇÕES  TÉCNICAS\nCabos de Medição\nPara medição de impedância dos módulos Equaliz er \nMódulos M12 - 12VDC ( Terminais M6,  M8 e M10) \nCabos de C omunicação\nCabos para comunicação entre os módulos Equaliz er (025m \na 10m)Master C ontr oller \nContr ola os módulos de bater ias e f ornece a inter face para ger enciamento r emoto .\nHar dware:  \nProcessador:   ARM Cor tex A7 696 MH z • 512 MB memór ia RAM e 8GB F lash.\nMemória:   Flash ar maz ena até 12 meses conf orme quantidade de bater ias.\nCapacidade:   até 256 str ings de bater ias\nCada string:    até 256 módulos Equaliz er por str ing\nCapacidade total:   até 65.536 módulos Equaliz er\nRTC:  Relóg io em Tempo Real e Watchdog inter no\n Inter faces:  \n    •1 Porta RJ11 - Comunicação   \n    •1 Porta RJ45 10/100 Mbit - Ether net \n Dimensões:   28 x 97 x 111 mm - 180 g\no\nAmbiente:   abrigado , IP-20, 0 a 60 C, umidade r elativa de 20% a 90% não condensante .\nAlimentação:   5 VDC, estabilizada.'
 'Equalização A tiva de Bat erias\nO  QUE  É  ?\nO Equalizer é uma solução revolucionária de Equalização Ativa Individual de Baterias,  desenvolvido e fabricado \nno Brasil, pela CM Comandos. \nCada bateria recebe um Módulo de Bateria, conectado a um controlador, o Master Controller.  O Controller \nsupervisiona a tensão final das baterias e controla os Módulos de Baterias de forma a regular a tensão sobre cada \nbateria, para que todas as baterias sempre apresentem a mesma tensão.\nCada Módulo de Bateria possui um microcontrolador e um módulo ativo que mantêm todas as baterias \nequalizadas. \nA Equalização Ativa faz com que todas as baterias sejam igualmente carregadas com a mesma tensão, \neliminando o efeito negativo de uma bateria sobrecarregar as outras, com excesso de carga ou o inverso, de \nimpedir que as baterias adjacentes sejam carregadas plenamente.\nO Equalizer permite que as  baterias atinjam 100% da sua vida útil, projetada pelos fabricantes. Antes, sem o \nEqualizer, as baterias se deterioravam precocemente e era necessário substituí-las. Dependendo do tipo de \nbateria, a durabilidade pode dobrar,  eliminando substituições  e reduzindo a necessidade de reciclagem.  O \nprocesso de reciclagem consome grandes recursos naturais.\nAlém disso, o sistema impede a queda do sistema por falha de baterias,  enviando alarmes ANTES de ocorrer uma \nfalha do sistema, reduzindo o DOWNTIME e elevando a confiabilidade de todo sistema.\nRede Elétr ica\nde En tradaRetificador\nCarregador\nBanc o de\nBateriasBateria 1\nBateria 2\nBateria 3\nBateria nEqualizer\nEqualizer\nEqualizer\nEqualizerMaster\nController\nCorrente Alt ernada de Entrada\nCabo de Comunicação Cabo de Medição Módulo EqualizerCorr ente ContínuaCOMO FUNCIONA ?\nEqualiz er - Equalização A tiva\nA central contr ola cada módulo , conec tado em \nparalelo com a bat eria e contr ola a t ensão de f orma \nque t odas fiquem iguais . Além disso , monit ora  \nconstant ement e a Resist ência I nterna e a \nTemperatura individualment e de cada bat eria, \narmaz ena os dados para análise e emit e alar mes \nantes de ocor rer a falh a.']","Em alta umidade, é importante considerar a resistência à umididade e a capacidade de manter a estabilidade da tensão. O No-Break Senoidal Microprocessado é projetado para operar em condições variadas, incluindo ambientes úmidos.

A resistência à umididade é crucial para garantir que o microprocessador continue funcionando corretamente, mesmo quando exposto a altas taxas de umidade. Isso inclui a capacidade de evitar a formação de condensação dentro do sistema e de manter a estabilidade da tensão.

Além disso, é importante considerar a capacidade de ventilação do microprocessador para remover o excesso de umidade. Isso ajuda a prevenir a corrosão e a deterioração do componente.

É também importante verificar se o microprocessador tem certificação de operabilidade em ambientes úmidos (e.g., IP65 ou IP67) e se ele é projetado específicamente para funcionar em condições de alta umidade.","O No-Break Senoidal Microprocessado deve ser considerado em ambientes com umidade relativa de 0% a 90% sem condensação, sendo a umidade recomendada entre 45% a 55%.",0.6352848707751496,0.7192734724790356,0.7342367470589997,,0.5,0.0,0.0,,,
114,"Qual a importância de corrigir variações de tensão em equipamentos sensíveis, especialmente em picos de carga?","['Equalização A tiva de Bat erias\nO  QUE  É  ?\nO Equalizer é uma solução revolucionária de Equalização Ativa Individual de Baterias,  desenvolvido e fabricado \nno Brasil, pela CM Comandos. \nCada bateria recebe um Módulo de Bateria, conectado a um controlador, o Master Controller.  O Controller \nsupervisiona a tensão final das baterias e controla os Módulos de Baterias de forma a regular a tensão sobre cada \nbateria, para que todas as baterias sempre apresentem a mesma tensão.\nCada Módulo de Bateria possui um microcontrolador e um módulo ativo que mantêm todas as baterias \nequalizadas. \nA Equalização Ativa faz com que todas as baterias sejam igualmente carregadas com a mesma tensão, \neliminando o efeito negativo de uma bateria sobrecarregar as outras, com excesso de carga ou o inverso, de \nimpedir que as baterias adjacentes sejam carregadas plenamente.\nO Equalizer permite que as  baterias atinjam 100% da sua vida útil, projetada pelos fabricantes. Antes, sem o \nEqualizer, as baterias se deterioravam precocemente e era necessário substituí-las. Dependendo do tipo de \nbateria, a durabilidade pode dobrar,  eliminando substituições  e reduzindo a necessidade de reciclagem.  O \nprocesso de reciclagem consome grandes recursos naturais.\nAlém disso, o sistema impede a queda do sistema por falha de baterias,  enviando alarmes ANTES de ocorrer uma \nfalha do sistema, reduzindo o DOWNTIME e elevando a confiabilidade de todo sistema.\nRede Elétr ica\nde En tradaRetificador\nCarregador\nBanc o de\nBateriasBateria 1\nBateria 2\nBateria 3\nBateria nEqualizer\nEqualizer\nEqualizer\nEqualizerMaster\nController\nCorrente Alt ernada de Entrada\nCabo de Comunicação Cabo de Medição Módulo EqualizerCorr ente ContínuaCOMO FUNCIONA ?\nEqualiz er - Equalização A tiva\nA central contr ola cada módulo , conec tado em \nparalelo com a bat eria e contr ola a t ensão de f orma \nque t odas fiquem iguais . Além disso , monit ora  \nconstant ement e a Resist ência I nterna e a \nTemperatura individualment e de cada bat eria, \narmaz ena os dados para análise e emit e alar mes \nantes de ocor rer a falh a.'
 'monobloco\n   \n    •Painel F rontal: em ABS de alta r esistência\n  \n    • A cabamento: pintura epó xi-pó na cor g rafite\n       com tratamento tér mico e anti- corrosivo\nTransf ormador Isolador : com blindagem\n    eletr ostátican  \nn  \nn   Alarmes\nContr olados pelo pr ocessador DSP\nTipos de Alarmes:\n   \n    •Sonor os: \n       »  A utocheck I nicialização\n       »  Tensão da Rede F ora da F aixa\n       »  Sobr ecar ga de Saída\n       »  F alha I nterna do Estabilizador\n       »  F reqüência da Rede F ora de F aixa\n   \n     •Sinalização: L eds de Status do P ainel\n       »  Rede Nor mal\n       »  Saída Nor mal\n       »  F alhan   \nn   Características de Oper ação\nRuído A udív el: 55 dBA a 60 dBA a 1 metr o\n MTBF (M ean Time Bet ween F ailur es): 50 mil horas\nMTTR (M ean Time To Repair): 30 minutos\nTemperatura Ambiente: \n   \n•Mínimo: 0ºC / M áximo 40ºC\n   \n    •Recomendada: 20ºC a 25ºC\nUmidade Relativa:\n   \n    •0% a 95% sem condensação\n   \n    •Recomendada: 45% a 55%\nAltitude: até 1.800m\n Tipo de Ambiente Recomendado:\n   \n    •Interno, instalação abr igada\n   \n    •Atmosf era: limpa, livr e de par tículas condutivas , \n      gases tó xicos , líquidos e inflamáv eis.\nGrau de P roteção: IP -20n   \nn  \nn   \nn   \n   \nn   \nn    \nn  \nn    \n   2000    2,0       620 X 200 X 600        41  \n   3000    3,0       620 X 200 X 600        43\n   5000    5,0       620 X 200 X 600           47\n   7500    7,5       620 X 200 X 600           61\n 10000  10,0       790 X 400 X 775        119\n 15000  15,0       790 X 400 X 775        147Modelo Potência \nkVADimensões Físicas\nalt x lar g x prof \nmmPeso \nkg\n* Opcional\nCM.MK T MAR 22  -   As especificações estão sujeitas a alterações sem pr évio aviso . Nós incentivamos a r eciclagem\nCertificação de \nSustentabilidade A uditadaESPECIFIC AÇÕES  TÉCNIC ASOs Estabilizador es de Tensão M icroprocessados P erfection MI S2 possuem uma tecnolog ia inédita de duplos con versor es estáticos com módulos IGBT s, de última geração . \nTotalmente contr olado por micr oprocessador DSP – Dig ital Sig nal P rocessor , o estabilizador cor rige instantaneamente qualquer var iação de tensão da r ede elétr ica da \nconcessionár ia, além de atenuar distor ção har mônica, var iações de fr equência e distúr bios elétr icos, gerando uma f orma de onda senoidal pura, e f ornecendo uma linha \nestabilizada ex clusiva e isolada para as aplicações sensív eis.\nA tecnolog ia DSP r ealiza medições em True RMS g raças à amostragem dig ital, sem r etardos ou desvios , com alta v elocidade e confiabilidade . Isso sig nifica que podemos \nproduzir sistemas cada v ez menor es e capaz es de r ealizar mais funções , com elevada confiabilidade .']","Corrigir variações de tensão é fundamental em equipamentos sensíveis, especialmente em picos de carga, pois pode afetar significativamente o desempenho e a vida útil da aplicação. Variações de tensão podem causar distorções harmônicas, falhas de funcionamento e até mesmo danos irreparáveis ao equipamento. Além disso, em picos de carga, as variações de tensão podem ser ainda mais extremas, o que pode levar a problemas graves como sobrecarga, superaquecimento ou até mesmo incêndios.

Corrigir variações de tensão garante uma estabilidade e confiabilidade no funcionamento do equipamento, além de proteger contra danos e perdas. Isso é particularmente importante em aplicações sensíveis, onde pequenas variações de tensão podem ter um impacto significativo na qualidade do serviço ou produto fornecido.

Nesse sentido, a tecnologia de corrigimento de tensão, como a utilizada no estabilizador de tensão microprocessado, é crucial para garantir que o equipamento funcione de forma segura e eficiente em uma ampla gama de condições.","A correção de variações de tensão em equipamentos sensíveis é importante porque esses equipamentos podem gerar picos de alta corrente que necessitam de proteção e energia estabilizada. A tecnologia utilizada permite corrigir essas variações extremas, garantindo a confiabilidade e o funcionamento adequado dos dispositivos.",0.7470748426806111,0.2190070120038471,0.8760280480153884,0.99999999995,0.5,0.99999999995,0.0,0.0,,
115,Qual a função do RTC no registro de eventos com o Estabilizador desligado?,"['Equalização A tiva de Bat erias\nO  QUE  É  ?\nO Equalizer é uma solução revolucionária de Equalização Ativa Individual de Baterias,  desenvolvido e fabricado \nno Brasil, pela CM Comandos. \nCada bateria recebe um Módulo de Bateria, conectado a um controlador, o Master Controller.  O Controller \nsupervisiona a tensão final das baterias e controla os Módulos de Baterias de forma a regular a tensão sobre cada \nbateria, para que todas as baterias sempre apresentem a mesma tensão.\nCada Módulo de Bateria possui um microcontrolador e um módulo ativo que mantêm todas as baterias \nequalizadas. \nA Equalização Ativa faz com que todas as baterias sejam igualmente carregadas com a mesma tensão, \neliminando o efeito negativo de uma bateria sobrecarregar as outras, com excesso de carga ou o inverso, de \nimpedir que as baterias adjacentes sejam carregadas plenamente.\nO Equalizer permite que as  baterias atinjam 100% da sua vida útil, projetada pelos fabricantes. Antes, sem o \nEqualizer, as baterias se deterioravam precocemente e era necessário substituí-las. Dependendo do tipo de \nbateria, a durabilidade pode dobrar,  eliminando substituições  e reduzindo a necessidade de reciclagem.  O \nprocesso de reciclagem consome grandes recursos naturais.\nAlém disso, o sistema impede a queda do sistema por falha de baterias,  enviando alarmes ANTES de ocorrer uma \nfalha do sistema, reduzindo o DOWNTIME e elevando a confiabilidade de todo sistema.\nRede Elétr ica\nde En tradaRetificador\nCarregador\nBanc o de\nBateriasBateria 1\nBateria 2\nBateria 3\nBateria nEqualizer\nEqualizer\nEqualizer\nEqualizerMaster\nController\nCorrente Alt ernada de Entrada\nCabo de Comunicação Cabo de Medição Módulo EqualizerCorr ente ContínuaCOMO FUNCIONA ?\nEqualiz er - Equalização A tiva\nA central contr ola cada módulo , conec tado em \nparalelo com a bat eria e contr ola a t ensão de f orma \nque t odas fiquem iguais . Além disso , monit ora  \nconstant ement e a Resist ência I nterna e a \nTemperatura individualment e de cada bat eria, \narmaz ena os dados para análise e emit e alar mes \nantes de ocor rer a falh a.'
 'Caso ocor ram nív eis maior es do que o nor mal,  o dispositiv o de super visão imediatament e atua, emitindo um sinal de alar me, para a int ervenção \ndas equipes de manut enção . \nO módulo DSI possui um micr oprocessador int erno, comunicação M odbus via RS485 e é pr ojetado dentr o dos cr itérios tecnológ icos mais \navançados ,  sendo pr eciso , segur o e confiá vel, carac terísticas exig idas pelas  aplicações médico -hospitalar es.   \nCARACTERÍSTIC AS TÉCNIC AS \n• \nde 0...999kΩ com r esolução de 1kΩ  \n• Monitorament o de t emperatura do enr olament o secundár io do \ntransf ormador de separação ( T1)  \n• Disponibilidade de utilização de um contat o programá vel para \nsinalização à distância, em caso de falhas int ernas do dispositiv o, \nbaixo nív el de isolament o, medição de elevados valor es de \ntemperatura e de alcance do ajust e de máxima cor rente·\n• Teste de aut o-diag nóstico para ev entuais falhas int ernas do \ndispositiv o, verificação da conexão com a r ede e contr ole de \nfuncionament o\n• Injeção no cir cuito de sinais de contr ole codificados , que não são \ninfluenciados pelos component es de tipo contínuo , emitidos por \ndispositiv os elétr icos de uso médico\n• Saída ser ial RS485 para comunicação MODBUS R TUPossibilidade de escolha de um valor pr eciso de isolament o de r ede Tensão S ecundária :  \nAté 250 V\n Tensão de C urto-cir cuito:\n    3%\nCorrente a Vazio:\n    3% x I n\nConexão Elétrica:  \nPor meio de t erminais\nFixação:  \nPor meio de base metálica/ \nrodízios \nDIMENSÕES TRANSFORMADOR DE SEP ARAÇÃO  Transf ormador de Separação - Gabinete Simples  \nTensão de alimentação: 110V / 230V - 60H z\nTensão máxima de medição: 24V\nTensão da r ede c ontr olador a:  24 a 230V AC\nTensão  de Isolament o: 2,5 kV em 1 minut o \nCorrente máxima de medição: 1mA\nDispositivo Super visor de Isolamento (DSI)\n     3,0   600 X 440 X 400    50\n     5,0       600 X 440 X 400    50\n     7,5       600 X 440 X 400         70\n10,0      600 X 440 X 400    90\n  Potência\nkVAPeso \nkgGabinete simples\nDimensões Físicas\nalt x lar g x prof \nmmO Transformador de Separação é projetado pela CM \nComandos, especificamente para o suprimento de energia de \nsistema médico.\nPossui isolação galvânica reforçada, blindagem eletrostática \nentre enrolamentos primário e secundár io, conectados a um \nterminal própr io e com caracter ísticas elétricas e mecânicas que \ngarantem sua qualidade e confiabilidade.\nPossui sensores de temperatura do tipo PT-100 os quais são \nconectados ao módulo DST para super visão de temperatura.\nO transformador garante a confiabilidade das condições do \nisolamento do circuito elétrico sendo imprescindível para a \nsegurança nas aplicações cirúrgicas.']",Nenhuma função.,"O RTC (Relógio em Tempo Real) registra os eventos com rubrica de data e hora, mesmo com o Estabilizador de Tensão desligado, garantindo que os dados continuem gravados.",0.7858754021052491,0.9385848558521938,0.754339423408775,,0.3333333333333333,0.0,0.0,,,0.0
116,Qual a função do Bypass Estático em proteção elétrica para manter o fornecimento de energia?,"['Equalização A tiva de Bat erias\nO  QUE  É  ?\nO Equalizer é uma solução revolucionária de Equalização Ativa Individual de Baterias,  desenvolvido e fabricado \nno Brasil, pela CM Comandos. \nCada bateria recebe um Módulo de Bateria, conectado a um controlador, o Master Controller.  O Controller \nsupervisiona a tensão final das baterias e controla os Módulos de Baterias de forma a regular a tensão sobre cada \nbateria, para que todas as baterias sempre apresentem a mesma tensão.\nCada Módulo de Bateria possui um microcontrolador e um módulo ativo que mantêm todas as baterias \nequalizadas. \nA Equalização Ativa faz com que todas as baterias sejam igualmente carregadas com a mesma tensão, \neliminando o efeito negativo de uma bateria sobrecarregar as outras, com excesso de carga ou o inverso, de \nimpedir que as baterias adjacentes sejam carregadas plenamente.\nO Equalizer permite que as  baterias atinjam 100% da sua vida útil, projetada pelos fabricantes. Antes, sem o \nEqualizer, as baterias se deterioravam precocemente e era necessário substituí-las. Dependendo do tipo de \nbateria, a durabilidade pode dobrar,  eliminando substituições  e reduzindo a necessidade de reciclagem.  O \nprocesso de reciclagem consome grandes recursos naturais.\nAlém disso, o sistema impede a queda do sistema por falha de baterias,  enviando alarmes ANTES de ocorrer uma \nfalha do sistema, reduzindo o DOWNTIME e elevando a confiabilidade de todo sistema.\nRede Elétr ica\nde En tradaRetificador\nCarregador\nBanc o de\nBateriasBateria 1\nBateria 2\nBateria 3\nBateria nEqualizer\nEqualizer\nEqualizer\nEqualizerMaster\nController\nCorrente Alt ernada de Entrada\nCabo de Comunicação Cabo de Medição Módulo EqualizerCorr ente ContínuaCOMO FUNCIONA ?\nEqualiz er - Equalização A tiva\nA central contr ola cada módulo , conec tado em \nparalelo com a bat eria e contr ola a t ensão de f orma \nque t odas fiquem iguais . Além disso , monit ora  \nconstant ement e a Resist ência I nterna e a \nTemperatura individualment e de cada bat eria, \narmaz ena os dados para análise e emit e alar mes \nantes de ocor rer a falh a.'
 'Caso ocor ram nív eis maior es do que o nor mal,  o dispositiv o de super visão imediatament e atua, emitindo um sinal de alar me, para a int ervenção \ndas equipes de manut enção . \nO módulo DSI possui um micr oprocessador int erno, comunicação M odbus via RS485 e é pr ojetado dentr o dos cr itérios tecnológ icos mais \navançados ,  sendo pr eciso , segur o e confiá vel, carac terísticas exig idas pelas  aplicações médico -hospitalar es.   \nCARACTERÍSTIC AS TÉCNIC AS \n• \nde 0...999kΩ com r esolução de 1kΩ  \n• Monitorament o de t emperatura do enr olament o secundár io do \ntransf ormador de separação ( T1)  \n• Disponibilidade de utilização de um contat o programá vel para \nsinalização à distância, em caso de falhas int ernas do dispositiv o, \nbaixo nív el de isolament o, medição de elevados valor es de \ntemperatura e de alcance do ajust e de máxima cor rente·\n• Teste de aut o-diag nóstico para ev entuais falhas int ernas do \ndispositiv o, verificação da conexão com a r ede e contr ole de \nfuncionament o\n• Injeção no cir cuito de sinais de contr ole codificados , que não são \ninfluenciados pelos component es de tipo contínuo , emitidos por \ndispositiv os elétr icos de uso médico\n• Saída ser ial RS485 para comunicação MODBUS R TUPossibilidade de escolha de um valor pr eciso de isolament o de r ede Tensão S ecundária :  \nAté 250 V\n Tensão de C urto-cir cuito:\n    3%\nCorrente a Vazio:\n    3% x I n\nConexão Elétrica:  \nPor meio de t erminais\nFixação:  \nPor meio de base metálica/ \nrodízios \nDIMENSÕES TRANSFORMADOR DE SEP ARAÇÃO  Transf ormador de Separação - Gabinete Simples  \nTensão de alimentação: 110V / 230V - 60H z\nTensão máxima de medição: 24V\nTensão da r ede c ontr olador a:  24 a 230V AC\nTensão  de Isolament o: 2,5 kV em 1 minut o \nCorrente máxima de medição: 1mA\nDispositivo Super visor de Isolamento (DSI)\n     3,0   600 X 440 X 400    50\n     5,0       600 X 440 X 400    50\n     7,5       600 X 440 X 400         70\n10,0      600 X 440 X 400    90\n  Potência\nkVAPeso \nkgGabinete simples\nDimensões Físicas\nalt x lar g x prof \nmmO Transformador de Separação é projetado pela CM \nComandos, especificamente para o suprimento de energia de \nsistema médico.\nPossui isolação galvânica reforçada, blindagem eletrostática \nentre enrolamentos primário e secundár io, conectados a um \nterminal própr io e com caracter ísticas elétricas e mecânicas que \ngarantem sua qualidade e confiabilidade.\nPossui sensores de temperatura do tipo PT-100 os quais são \nconectados ao módulo DST para super visão de temperatura.\nO transformador garante a confiabilidade das condições do \nisolamento do circuito elétrico sendo imprescindível para a \nsegurança nas aplicações cirúrgicas.']","O bypass estático é uma ferramenta importante na proteção elétrica para garantir a continuidade do fornecimento de energia. Sua função principal é permitir que, em caso de falha do sistema, a tensão do circuito seja transferida rapidamente e segura ao sistema de distribuição de energia, evitando cortes ou sobrecargas repentinas que poderiam causar danos ao equipamento ou até mesmo lesões humanas.","O Bypass Estático é um sistema de proteção que, em caso de problemas, transfere automaticamente a carga para um circuito alternativo, sem interrupção no fornecimento de energia.",0.7187944917325634,,0.8912637868819384,0.99999999995,1.0,0.99999999995,0.0,,,0.5
117,Qual a função da Equalização Ativa de Baterias no carregamento?,"['Equalização A tiva de Bat erias\nO  QUE  É  ?\nO Equalizer é uma solução revolucionária de Equalização Ativa Individual de Baterias,  desenvolvido e fabricado \nno Brasil, pela CM Comandos. \nCada bateria recebe um Módulo de Bateria, conectado a um controlador, o Master Controller.  O Controller \nsupervisiona a tensão final das baterias e controla os Módulos de Baterias de forma a regular a tensão sobre cada \nbateria, para que todas as baterias sempre apresentem a mesma tensão.\nCada Módulo de Bateria possui um microcontrolador e um módulo ativo que mantêm todas as baterias \nequalizadas. \nA Equalização Ativa faz com que todas as baterias sejam igualmente carregadas com a mesma tensão, \neliminando o efeito negativo de uma bateria sobrecarregar as outras, com excesso de carga ou o inverso, de \nimpedir que as baterias adjacentes sejam carregadas plenamente.\nO Equalizer permite que as  baterias atinjam 100% da sua vida útil, projetada pelos fabricantes. Antes, sem o \nEqualizer, as baterias se deterioravam precocemente e era necessário substituí-las. Dependendo do tipo de \nbateria, a durabilidade pode dobrar,  eliminando substituições  e reduzindo a necessidade de reciclagem.  O \nprocesso de reciclagem consome grandes recursos naturais.\nAlém disso, o sistema impede a queda do sistema por falha de baterias,  enviando alarmes ANTES de ocorrer uma \nfalha do sistema, reduzindo o DOWNTIME e elevando a confiabilidade de todo sistema.\nRede Elétr ica\nde En tradaRetificador\nCarregador\nBanc o de\nBateriasBateria 1\nBateria 2\nBateria 3\nBateria nEqualizer\nEqualizer\nEqualizer\nEqualizerMaster\nController\nCorrente Alt ernada de Entrada\nCabo de Comunicação Cabo de Medição Módulo EqualizerCorr ente ContínuaCOMO FUNCIONA ?\nEqualiz er - Equalização A tiva\nA central contr ola cada módulo , conec tado em \nparalelo com a bat eria e contr ola a t ensão de f orma \nque t odas fiquem iguais . Além disso , monit ora  \nconstant ement e a Resist ência I nterna e a \nTemperatura individualment e de cada bat eria, \narmaz ena os dados para análise e emit e alar mes \nantes de ocor rer a falh a.'
 'monobloco\n   \n    •Painel F rontal: em ABS de alta r esistência\n  \n    • A cabamento: pintura epó xi-pó na cor g rafite\n       com tratamento tér mico e anti- corrosivo\nTransf ormador Isolador : com blindagem\n    eletr ostátican  \nn  \nn   Alarmes\nContr olados pelo pr ocessador DSP\nTipos de Alarmes:\n   \n    •Sonor os: \n       »  A utocheck I nicialização\n       »  Tensão da Rede F ora da F aixa\n       »  Sobr ecar ga de Saída\n       »  F alha I nterna do Estabilizador\n       »  F reqüência da Rede F ora de F aixa\n   \n     •Sinalização: L eds de Status do P ainel\n       »  Rede Nor mal\n       »  Saída Nor mal\n       »  F alhan   \nn   Características de Oper ação\nRuído A udív el: 55 dBA a 60 dBA a 1 metr o\n MTBF (M ean Time Bet ween F ailur es): 50 mil horas\nMTTR (M ean Time To Repair): 30 minutos\nTemperatura Ambiente: \n   \n•Mínimo: 0ºC / M áximo 40ºC\n   \n    •Recomendada: 20ºC a 25ºC\nUmidade Relativa:\n   \n    •0% a 95% sem condensação\n   \n    •Recomendada: 45% a 55%\nAltitude: até 1.800m\n Tipo de Ambiente Recomendado:\n   \n    •Interno, instalação abr igada\n   \n    •Atmosf era: limpa, livr e de par tículas condutivas , \n      gases tó xicos , líquidos e inflamáv eis.\nGrau de P roteção: IP -20n   \nn  \nn   \nn   \n   \nn   \nn    \nn  \nn    \n   2000    2,0       620 X 200 X 600        41  \n   3000    3,0       620 X 200 X 600        43\n   5000    5,0       620 X 200 X 600           47\n   7500    7,5       620 X 200 X 600           61\n 10000  10,0       790 X 400 X 775        119\n 15000  15,0       790 X 400 X 775        147Modelo Potência \nkVADimensões Físicas\nalt x lar g x prof \nmmPeso \nkg\n* Opcional\nCM.MK T MAR 22  -   As especificações estão sujeitas a alterações sem pr évio aviso . Nós incentivamos a r eciclagem\nCertificação de \nSustentabilidade A uditadaESPECIFIC AÇÕES  TÉCNIC ASOs Estabilizador es de Tensão M icroprocessados P erfection MI S2 possuem uma tecnolog ia inédita de duplos con versor es estáticos com módulos IGBT s, de última geração . \nTotalmente contr olado por micr oprocessador DSP – Dig ital Sig nal P rocessor , o estabilizador cor rige instantaneamente qualquer var iação de tensão da r ede elétr ica da \nconcessionár ia, além de atenuar distor ção har mônica, var iações de fr equência e distúr bios elétr icos, gerando uma f orma de onda senoidal pura, e f ornecendo uma linha \nestabilizada ex clusiva e isolada para as aplicações sensív eis.\nA tecnolog ia DSP r ealiza medições em True RMS g raças à amostragem dig ital, sem r etardos ou desvios , com alta v elocidade e confiabilidade . Isso sig nifica que podemos \nproduzir sistemas cada v ez menor es e capaz es de r ealizar mais funções , com elevada confiabilidade .']","A Equalização Ativa de Baterias é uma solução que mantém todas as baterias com a mesma tensão, eliminando o efeito negativo de uma bateria sobrecarregar as outras. Isso permite que as baterias sejam carregadas igualmente, maximizando a vida útil das baterias e reduzindo o impacto da sobrecarga ou desacoplamento.","A Equalização Ativa de Baterias tem a função de garantir que todas as baterias sejam igualmente carregadas com a mesma tensão, eliminando o efeito negativo de uma bateria sobrecarregar as outras e impedindo que as baterias adjacentes sejam carregadas plenamente. Isso permite que as baterias atinjam 100% da sua vida útil, evitando deterioração precoce e a necessidade de substituições.",0.7195456465672929,,0.963209925296737,0.99999999995,0.4,0.49999999995,0.0,,,1.0
118,Qual a função do Adaptador SNMP nas Interfaces de Gerenciamento Remoto sem interrupções de energia?,"['Equalização A tiva de Bat erias\nO  QUE  É  ?\nO Equalizer é uma solução revolucionária de Equalização Ativa Individual de Baterias,  desenvolvido e fabricado \nno Brasil, pela CM Comandos. \nCada bateria recebe um Módulo de Bateria, conectado a um controlador, o Master Controller.  O Controller \nsupervisiona a tensão final das baterias e controla os Módulos de Baterias de forma a regular a tensão sobre cada \nbateria, para que todas as baterias sempre apresentem a mesma tensão.\nCada Módulo de Bateria possui um microcontrolador e um módulo ativo que mantêm todas as baterias \nequalizadas. \nA Equalização Ativa faz com que todas as baterias sejam igualmente carregadas com a mesma tensão, \neliminando o efeito negativo de uma bateria sobrecarregar as outras, com excesso de carga ou o inverso, de \nimpedir que as baterias adjacentes sejam carregadas plenamente.\nO Equalizer permite que as  baterias atinjam 100% da sua vida útil, projetada pelos fabricantes. Antes, sem o \nEqualizer, as baterias se deterioravam precocemente e era necessário substituí-las. Dependendo do tipo de \nbateria, a durabilidade pode dobrar,  eliminando substituições  e reduzindo a necessidade de reciclagem.  O \nprocesso de reciclagem consome grandes recursos naturais.\nAlém disso, o sistema impede a queda do sistema por falha de baterias,  enviando alarmes ANTES de ocorrer uma \nfalha do sistema, reduzindo o DOWNTIME e elevando a confiabilidade de todo sistema.\nRede Elétr ica\nde En tradaRetificador\nCarregador\nBanc o de\nBateriasBateria 1\nBateria 2\nBateria 3\nBateria nEqualizer\nEqualizer\nEqualizer\nEqualizerMaster\nController\nCorrente Alt ernada de Entrada\nCabo de Comunicação Cabo de Medição Módulo EqualizerCorr ente ContínuaCOMO FUNCIONA ?\nEqualiz er - Equalização A tiva\nA central contr ola cada módulo , conec tado em \nparalelo com a bat eria e contr ola a t ensão de f orma \nque t odas fiquem iguais . Além disso , monit ora  \nconstant ement e a Resist ência I nterna e a \nTemperatura individualment e de cada bat eria, \narmaz ena os dados para análise e emit e alar mes \nantes de ocor rer a falh a.'
 'Alta Tecnologia em\nProcessamento Digital\nde Sinais - DSP\nO S M A I S M O D E R N O S\nN O B R E A K S C O R P O R AT I V O SVivemos em um mundo cada vez mais ágil e prático. Um mundo conectado por processadores, chips, softwares e \nperiféricos. Mas isso ainda não é o bastante. Por isso, o mundo caminha para tecnologias de processamento imediato \nde dados. A CM Comandos Lineares está um passo à frente e oferece aos seus clientes produtos dotados de uma \ntecnologia revolucionária, denominada Processamento Digital de Sinais -- DSP .\nToda a linha de No Breaks Innovation S1 Trifásico  \nTransformerless conta com a tecnologia DS P.   \nCaracterística que proporciona alta performance e \nconfiabilidade, tornando-os ideais para aplicações de missão crítica. Ou seja, protegem as aplicações nas quais a \ncontinuidade da operação é de fundamental importância.\ndos equipamentos pode ser atualizado, \nacrescentando novas funções em \nunidades já instaladas. Hoje, esta tecnologia está presente nos mais sofisticados sistemas eletrônicos, devido à sua alta velocidade e \nconfiabilidade. Processadores Digitais de Sinais são capazes de processar dez milhões de amostragens por segundo. \nIsso significa processamento em tempo real -- o sinal é processado no mesmo instante em que é recebido, sem \nretardos ou atrasos.\nProjetados com o uso intenso dos recursos da tecnologia DSP ,  os No Breaks Innovation Trifásico Transformerless  \nagregam novos  e avançados recursos, que estabelecem um novo conceito em desenvolvimento, no qual o firmware \nAo pensar em adquirir No Breaks,     \nconte com as soluções da\nCM Comandos, que asseguram \ntecnologia de ponta, máxima proteção, \nprecisão digital e processamento        \nem tempo real.']","O adaptador SNMP (Simple Network Management Protocol) é um componente importante nas interfaces de gerenciamento remoto que não dependem de energia. Sua função principal é permitir a comunicação entre dispositivos e sistemas, permitindo que os administradores remotamente monitorem, configurem e gerecitem recursos e dispositivos sem interrupções de energia.

O adaptador SNMP permite que os dispositivos sejam conectados à rede e gerenciados através de uma interface de gerenciamento remoto, mesmo quando a energia estiver desligada. Isso é particularmente útil em ambientes onde a perda de energia pode ocorrer frequentemente, como em redes de energia ou sistemas críticos.

Quando o adaptador SNMP está configurado corretamente, ele permite que os administradores remotamente:

* Monitorem recursos e dispositivos para detectar problemas
* Configuraram parâmetros de gerenciamento
* Façam atualizações de firmware e software
* Gerecitem recursos e dispositivos sem interrupções de energia

Em resumo, o adaptador SNMP é uma ferramenta essencial para garantir a integridade e estabilidade das interfaces de gerenciamento remoto, mesmo em ambientes com interrupções de energia.","O Adaptador SNMP permite gerenciar remotamente o No-Break via Internet através de um web browser, monitorar o status e enviar alertas por e-mail.",0.7223390214279922,0.39897189292776014,0.7387447145681836,0.49999999995,0.4,0.9999999999,0.0,,,
