user_input,retrieved_contexts,response,reference,context_precision,context_recall,context_entity_recall,noise_sensitivity_relevant,answer_relevancy,faithfulness,factual_correctness,semantic_similarity,non_llm_string_similarity,rouge_score,string_present,exact_match,harmfulness,maliciousness,coherence,correctness,conciseness
Quais são as aplicações e benefícios dos No-Breaks da CM Comandos para as empresas?,"['A EMPRESA Com mais de 38 anos de atuação, a CM Comandos é hoje \numa das maiores fabricantes de No-Breaks da América Latina. \nAlém disso, é líder absoluta em soluções para o mercado corporativo. Certificada pela \nnorma ISO-9001:2015, a CM Comandos ressalta o seu compromisso com a excelência \ndos seus produtos e a total satisfação dos seus clientes.Inovação, qualidade, tecnologia\ne confiabilidade. Marcas das\nsoluções CM Comandos Lineares\nAPLICAÇÕES Os No -Breaks da CM C omandos Linear es são indicados para \naplicações de missão cr ítica, nas mais var iadas cor porações ,  \noferecendo pr oteção contra distúr bios de ener gia elétr ica, tais como: cor tes, micr o cor tes, \nruídos , dist orção har mônica, picos , transient es, sub e sobr e tensão e var iações de fr equência.\nSUPORTE\nTÉCNICOAo escolher a mar ca CM C omandos Linear es você conta com \no melhor  supor te técnico de pr é e pós- venda da empr esa que \nse consolidou ao longo dest es 38 anos como líder de \nmercado . Instrumentação de ponta, pr ofissionais altament e qualificados , com \ncober tura nacional e disponibilidade de at endiment o 24 horas , sete dias por \nsemana, call cent er e pr ocessos cer tificados  asseguram a ex celência dos nossos \nserviços de supor te.BENEFÍCIOSOs equipament os da CM C omandos operam com maior pr ecisão , \nagregam maior númer o de funções e são os mais segur os. \nCarac terísticas que geram alta confiabilidade e pr odutividade nas mais var iadas aplicações , \nminimizam falhas e , consequent ement e, cust os de manut enção . Em r esumo ,                               \nser um client e da CM C omandos sig nifica t er o r etorno do capital in vestido e garantias            \nque só uma empr esa com amplo supor te técnico pode of erecer .\nOSD  L NI A NM EA OR C EM SCISO\n90012015', 'Inovação, qualidade, tecnologia\ne confiabilidade. Marcas das\nsoluções CM Comandos Lineares\nCom mais de 40 anos de atuação, a CM Comandos é hoje uma das \nmaiores fabricantes de No-Breaks da América Latina. Além disso, é líder\nabsoluta em soluções para o mercado corporativo. Certiﬁ  cada pela norma ISO-900:2015, a CM Comandos \nressalta o seu compromisso com a excelência dos seus produtos e a total satisfação dos seus clientes.A EMPRESA\nOs  No-Breaks  da  CM  Comandos  são  indicados  para aplicações de  \nmissão crítica, nas mais variadas corporações, oferecendo proteção \ncontra distúrbios de energia elétrica, tais como: cortes, micro-cortes, ruídos, distorção harmônica, picos, \ntransientes, sub e sobretensão e variação de frequência.APLICAÇÕES\nOs equipamentos da CM Comandos operam com maior precisão, agre-\ngam maior número de funções e são mais seguros. Características\nque geram alta conﬁ  abilidade e produtividade nas mais variadas aplicações, minimizam falhas e,\nconsequentemente, custos de manutenção. Em resumo, ser um cliente CM Comandos signiﬁ  ca ter o \nretorno do capital investido e garantias que só uma empresa com amplo suporte técnico pode oferecer.BENEFÍCIOS\nAo escolher a marca CM Comandos Lineares você conta com o melhor supor-\nte técnico de pré e pós-venda da empresa que se consolidou ao longo  des-\ntes 40 anos como líder de mercado. Instrumentação de ponta, proﬁ  ssionais\naltamente qualiﬁ  cados, disponibilidade de atendimento 24 horas, sete dias da semana, call \ncenter e processos certiﬁ  cados que asseguram a excelência dos nossos serviços de suporte.SUPORTE\nTÉCNICO']","Os No-Breaks da CM Comandos são indicados para aplicações de missão crítica em diversas corporações, oferecendo proteção contra distúrbios de energia elétrica, como cortes, micro-cortes, ruídos, distorção harmônica, picos, transientes, sub e sobretensão, além de variações de frequência.

Os benefícios incluem operação com maior precisão, um maior número de funções e maior segurança, resultando em alta confiabilidade e produtividade. Isso minimiza falhas e, consequentemente, os custos de manutenção. Ser um cliente da CM Comandos significa ter o retorno do capital investido e garantias que só uma empresa com amplo suporte técnico pode oferecer.","Os No-Breaks da CM Comandos são indicados para empresas, proporcionando aplicações e benefícios que garantem a continuidade das operações em caso de falhas de energia.",0.99999999995,1.0,0.49999999875,0.8181818181818182,0.8938018712497207,0.8181818181818182,0.0,0.8442385830602464,0.2215384615384615,0.2702702702702702,0.0,0.0,1,1,1,1,1
Quais são as aplicações e benefícios dos No-Breaks da CM Comandos para as empresas?,"['A EMPRESA Com mais de 38 anos de atuação, a CM Comandos é hoje \numa das maiores fabricantes de No-Breaks da América Latina. \nAlém disso, é líder absoluta em soluções para o mercado corporativo. Certificada pela \nnorma ISO-9001:2015, a CM Comandos ressalta o seu compromisso com a excelência \ndos seus produtos e a total satisfação dos seus clientes.Inovação, qualidade, tecnologia\ne confiabilidade. Marcas das\nsoluções CM Comandos Lineares\nAPLICAÇÕES Os No -Breaks da CM C omandos Linear es são indicados para \naplicações de missão cr ítica, nas mais var iadas cor porações ,  \noferecendo pr oteção contra distúr bios de ener gia elétr ica, tais como: cor tes, micr o cor tes, \nruídos , dist orção har mônica, picos , transient es, sub e sobr e tensão e var iações de fr equência.\nSUPORTE\nTÉCNICOAo escolher a mar ca CM C omandos Linear es você conta com \no melhor  supor te técnico de pr é e pós- venda da empr esa que \nse consolidou ao longo dest es 38 anos como líder de \nmercado . Instrumentação de ponta, pr ofissionais altament e qualificados , com \ncober tura nacional e disponibilidade de at endiment o 24 horas , sete dias por \nsemana, call cent er e pr ocessos cer tificados  asseguram a ex celência dos nossos \nserviços de supor te.BENEFÍCIOSOs equipament os da CM C omandos operam com maior pr ecisão , \nagregam maior númer o de funções e são os mais segur os. \nCarac terísticas que geram alta confiabilidade e pr odutividade nas mais var iadas aplicações , \nminimizam falhas e , consequent ement e, cust os de manut enção . Em r esumo ,                               \nser um client e da CM C omandos sig nifica t er o r etorno do capital in vestido e garantias            \nque só uma empr esa com amplo supor te técnico pode of erecer .\nOSD  L NI A NM EA OR C EM SCISO\n90012015', 'Inovação, qualidade, tecnologia\ne confiabilidade. Marcas das\nsoluções CM Comandos Lineares\nCom mais de 40 anos de atuação, a CM Comandos é hoje uma das \nmaiores fabricantes de No-Breaks da América Latina. Além disso, é líder\nabsoluta em soluções para o mercado corporativo. Certiﬁ  cada pela norma ISO-900:2015, a CM Comandos \nressalta o seu compromisso com a excelência dos seus produtos e a total satisfação dos seus clientes.A EMPRESA\nOs  No-Breaks  da  CM  Comandos  são  indicados  para aplicações de  \nmissão crítica, nas mais variadas corporações, oferecendo proteção \ncontra distúrbios de energia elétrica, tais como: cortes, micro-cortes, ruídos, distorção harmônica, picos, \ntransientes, sub e sobretensão e variação de frequência.APLICAÇÕES\nOs equipamentos da CM Comandos operam com maior precisão, agre-\ngam maior número de funções e são mais seguros. Características\nque geram alta conﬁ  abilidade e produtividade nas mais variadas aplicações, minimizam falhas e,\nconsequentemente, custos de manutenção. Em resumo, ser um cliente CM Comandos signiﬁ  ca ter o \nretorno do capital investido e garantias que só uma empresa com amplo suporte técnico pode oferecer.BENEFÍCIOS\nAo escolher a marca CM Comandos Lineares você conta com o melhor supor-\nte técnico de pré e pós-venda da empresa que se consolidou ao longo  des-\ntes 40 anos como líder de mercado. Instrumentação de ponta, proﬁ  ssionais\naltamente qualiﬁ  cados, disponibilidade de atendimento 24 horas, sete dias da semana, call \ncenter e processos certiﬁ  cados que asseguram a excelência dos nossos serviços de suporte.SUPORTE\nTÉCNICO']","Os No-Breaks da CM Comandos são indicados para aplicações de missão crítica em diversas corporações, oferecendo proteção contra distúrbios de energia elétrica, como cortes, micro-cortes, ruídos, distorção harmônica, picos, transientes, sub e sobretensão, além de variações de frequência.

Os benefícios incluem operação com maior precisão, um maior número de funções e maior segurança, resultando em alta confiabilidade e produtividade. Isso minimiza falhas e, consequentemente, os custos de manutenção. Ser um cliente da CM Comandos significa ter o retorno do capital investido e garantias que só uma empresa com amplo suporte técnico pode oferecer.","Os No-Breaks da CM Comandos são indicados para empresas, proporcionando aplicações e benefícios que garantem a continuidade das operações em caso de falhas de energia.",0.99999999995,1.0,0.49999999875,0.8181818181818182,0.8942307015368871,0.8181818181818182,0.0,0.8441433306243528,0.2215384615384615,0.2702702702702702,0.0,0.0,1,1,1,1,1
impacto da proteção contra distúrbios de energia na confiabilidade produtividade operações missão crítica,"['DominionSP1\nCARACTERÍSTIC AS  PRINCIP AIS\nTecnologia A vançada DSP  (Digital Signal P rocessor)\nMemória Int erna par a Registr o de E ventos\nMedições em True RMS c om P recisão de Multímetr os\nCorreção do F ator de P otência de E ntr ada0.99*\nAcionament os Monit orados pelo P rocessador DSPPermite funções a vançadas e ex clusivas em t empo r eal.\nPermite que sejam rastr eados para análise .\nSão ideais para a medição de car gas não linear es.\nAtua como filtr o para as car gas não -linear es.\nAs manobras são r egistradas e g ravadas no log de ev entos.TECNOL OGIA  ON-LINE  C OM  BYP ASS  ESTÁTIC O  DE  MANUTENÇÃO\nCorr ente Alternada de Entrada\nCorr ente ContínuaCorr ente Alternada de Saída\nCorr ente Alternada B ypass Estático  Corr ente Alternada B ypass Manual de Manutenção  Saída Rede Elétric a\nde Entr adaRede P resente\nFalha de Rede\nBypass Estátic o\nBypass Manual de\n ManutençãoBypass Manual de Manutenção\nNeste modo de operação , a car ga é alimentada dir etamente pelo cir cuito \nalter nativ o de B ypass que possibilita o desligamento completo do \nequipamento , podendo assim, r ealizar uma manutenção com substituições de \npeças e placas sem a necessidade de desligamento . Com o auxílio da chav e \nestática, após a manutenção , é possív el transf erir novamente o No -Break para \no modo nor mal mantendo a car ga sempr e alimentada.\nRetificador\nConverte a ener gia da r ede elétr ica \nda concessionár ia ou do g rupo \ngerador em cor rente contínua, \ncorrigindo ou eliminando \ndistúr bios da entrada do sistema.\nBanco de Baterias\nArmaz ena ener gia reser va para alimentar o No -Break durante \num per íodo pr é-deter minado , denominado como tempo de \nautonomia do No -Break.Inversor\nConverte a cor rente contínua do r etificador ou das \nbater ias em cor rente alter nada de saída, com f orma de \nonda senoidal pura, livr e de distúr bios .Transf ormador Isolador\nIsola a tensão de saída, garantindo assim uma \nmelhor qualidade de ener gia, filtrando possív eis \nruídos ex ternos mesmo operando em modo B ypass . Bypass Estático\nSistema de pr oteção que , \nem caso de falha, transf ere \nautomaticamente a car ga \npara a linha de B ypass \nsem inter rupções na saída \ne opera em sincr onismo \nde fase . \nPossibilidade de Upgr ade do F irmwar e do DSP\nAjust es da Tensão por Sof twar e\nBypass Estátic o e Bypass M anual de M anut enção\nGerenciament o Remot o Real-Time Via Int ernet*\nCompatív el com Todos os Grupos G erador esGarant e a atualização e pr eser vação do in vestiment o.\nAsseguram elevada pr ecisão e confiabilidade .\nAdicionam pr oteção e elevam a confiabilidade da car ga sensív el.\nVia TCP/IP e fir ewalls com pr oteção de senhas para acesso r emot o.\nPrecisão e t otal pr oteção para operação com g rupos gerador es.', 'TECNOLOGIA ON LINE COM BYPASS ESTÁTICO DE MANUTENÇÃO\nINTERFACE DE GERENCIAMENTO REMOTO\nAs Interfaces de Gerenciamento Remoto são compostas por diversas ferramentas, sendo elas: \n•  O Adaptador SNMP que permite gerenciar remotamente o No-Break via Internet através de um web browser,  monitorar o status \ne enviar alertas por e-mail. \n• O software, uma ferramenta de gerenciamento Windows Application e a versão Client é especíﬁ  ca para automatizar o shutdown \nde servidores, podendo desligar automática e simultaneamente vários servidores e estações. \n• O Adaptador Modbus permite integrar o No-Break, via uma porta RS485, a Sistemas de Automação Predial.\nBypass Estático\nSistema de proteção que, em caso de \nproblemas, transfere automaticamente \na carga para um circuito alternativo, sem \ninterrupção no fornecimento de energia.Bypass Estático de Manutenção\nPermite a transferência e o retorno da carga do No-Break para um circuito \nalternativo de fornecimento de energia, para atividades de manutenção. \nEm quaisquer situações, o fornecimento de energia é contínuo, sem \ninterrupções.\nBanco de Baterias\nArmazena energia reserva para alimentar o No-Break \ndurante um período predeterminado, denominado como \ntempo de autonomia do No-Break.Retificador\nConverte a energia da\nrede elétrica da concessionária\n ou do grupo gerador em\ncorrente contínua, corrigindo \nou eliminando distúrbios\nda entrada do sistema.\nCorrente alternada de entradaCorrente contínua Corrente alternada de saída\nCorrente alternada Bypass estáticoCorrente alternada Bypass estático\nde manutenção\nInversor\nConverte a corrente contínua do \nretiﬁ  cador ou das baterias em corrente \nalternada de saída, com forma de onda \nsenoidal pura, livre de distúrbios.\nRetificador\nConverte a energia da\nrede elétrica da concessionária\n ou do grupo gerador em\nInversor\nConverte a corrente contínua do \nretiﬁ  cador ou das baterias em corrente \nalternada de saída, com forma de onda']","A proteção contra distúrbios de energia é crucial para garantir a confiabilidade e a continuidade das operações em ambientes de missão crítica. Sistemas como o Bypass Estático e o Bypass Estático de Manutenção asseguram que a carga permaneça alimentada sem interrupções, mesmo em situações de falha. Isso minimiza o risco de paradas inesperadas, que podem impactar negativamente a produtividade. Além disso, a conversão de energia em corrente alternada de saída com forma de onda senoidal pura, livre de distúrbios, contribui para a estabilidade do sistema, protegendo equipamentos sensíveis e aumentando a confiabilidade geral das operações. A capacidade de monitoramento remoto e a automação também permitem uma gestão eficiente, garantindo que qualquer problema seja identificado e tratado rapidamente, o que é essencial para manter a continuidade das operações em ambientes críticos.","A proteção contra distúrbios de energia elétrica impacta a confiabilidade e a produtividade em operações de missão crítica, minimizando falhas e custos de manutenção.",0.99999999995,0.0,0.0,0.7142857142857143,0.7622755847280641,0.5714285714285714,0.5,0.8121316343915768,0.1657271702367531,0.2541436464088397,0.0,0.0,0,1,1,1,1
De que forma a protecão contra distúrbios de energia afeta a confiabilidade nas operações críticas?,"['DominionSP1\nCARACTERÍSTIC AS  PRINCIP AIS\nTecnologia A vançada DSP  (Digital Signal P rocessor)\nMemória Int erna par a Registr o de E ventos\nMedições em True RMS c om P recisão de Multímetr os\nCorreção do F ator de P otência de E ntr ada0.99*\nAcionament os Monit orados pelo P rocessador DSPPermite funções a vançadas e ex clusivas em t empo r eal.\nPermite que sejam rastr eados para análise .\nSão ideais para a medição de car gas não linear es.\nAtua como filtr o para as car gas não -linear es.\nAs manobras são r egistradas e g ravadas no log de ev entos.TECNOL OGIA  ON-LINE  C OM  BYP ASS  ESTÁTIC O  DE  MANUTENÇÃO\nCorr ente Alternada de Entrada\nCorr ente ContínuaCorr ente Alternada de Saída\nCorr ente Alternada B ypass Estático  Corr ente Alternada B ypass Manual de Manutenção  Saída Rede Elétric a\nde Entr adaRede P resente\nFalha de Rede\nBypass Estátic o\nBypass Manual de\n ManutençãoBypass Manual de Manutenção\nNeste modo de operação , a car ga é alimentada dir etamente pelo cir cuito \nalter nativ o de B ypass que possibilita o desligamento completo do \nequipamento , podendo assim, r ealizar uma manutenção com substituições de \npeças e placas sem a necessidade de desligamento . Com o auxílio da chav e \nestática, após a manutenção , é possív el transf erir novamente o No -Break para \no modo nor mal mantendo a car ga sempr e alimentada.\nRetificador\nConverte a ener gia da r ede elétr ica \nda concessionár ia ou do g rupo \ngerador em cor rente contínua, \ncorrigindo ou eliminando \ndistúr bios da entrada do sistema.\nBanco de Baterias\nArmaz ena ener gia reser va para alimentar o No -Break durante \num per íodo pr é-deter minado , denominado como tempo de \nautonomia do No -Break.Inversor\nConverte a cor rente contínua do r etificador ou das \nbater ias em cor rente alter nada de saída, com f orma de \nonda senoidal pura, livr e de distúr bios .Transf ormador Isolador\nIsola a tensão de saída, garantindo assim uma \nmelhor qualidade de ener gia, filtrando possív eis \nruídos ex ternos mesmo operando em modo B ypass . Bypass Estático\nSistema de pr oteção que , \nem caso de falha, transf ere \nautomaticamente a car ga \npara a linha de B ypass \nsem inter rupções na saída \ne opera em sincr onismo \nde fase . \nPossibilidade de Upgr ade do F irmwar e do DSP\nAjust es da Tensão por Sof twar e\nBypass Estátic o e Bypass M anual de M anut enção\nGerenciament o Remot o Real-Time Via Int ernet*\nCompatív el com Todos os Grupos G erador esGarant e a atualização e pr eser vação do in vestiment o.\nAsseguram elevada pr ecisão e confiabilidade .\nAdicionam pr oteção e elevam a confiabilidade da car ga sensív el.\nVia TCP/IP e fir ewalls com pr oteção de senhas para acesso r emot o.\nPrecisão e t otal pr oteção para operação com g rupos gerador es.', 'TECNOLOGIA ON LINE COM BYPASS ESTÁTICO DE MANUTENÇÃO\nINTERFACE DE GERENCIAMENTO REMOTO\nAs Interfaces de Gerenciamento Remoto são compostas por diversas ferramentas, sendo elas: \n•  O Adaptador SNMP que permite gerenciar remotamente o No-Break via Internet através de um web browser,  monitorar o status \ne enviar alertas por e-mail. \n• O software, uma ferramenta de gerenciamento Windows Application e a versão Client é especíﬁ  ca para automatizar o shutdown \nde servidores, podendo desligar automática e simultaneamente vários servidores e estações. \n• O Adaptador Modbus permite integrar o No-Break, via uma porta RS485, a Sistemas de Automação Predial.\nBypass Estático\nSistema de proteção que, em caso de \nproblemas, transfere automaticamente \na carga para um circuito alternativo, sem \ninterrupção no fornecimento de energia.Bypass Estático de Manutenção\nPermite a transferência e o retorno da carga do No-Break para um circuito \nalternativo de fornecimento de energia, para atividades de manutenção. \nEm quaisquer situações, o fornecimento de energia é contínuo, sem \ninterrupções.\nBanco de Baterias\nArmazena energia reserva para alimentar o No-Break \ndurante um período predeterminado, denominado como \ntempo de autonomia do No-Break.Retificador\nConverte a energia da\nrede elétrica da concessionária\n ou do grupo gerador em\ncorrente contínua, corrigindo \nou eliminando distúrbios\nda entrada do sistema.\nCorrente alternada de entradaCorrente contínua Corrente alternada de saída\nCorrente alternada Bypass estáticoCorrente alternada Bypass estático\nde manutenção\nInversor\nConverte a corrente contínua do \nretiﬁ  cador ou das baterias em corrente \nalternada de saída, com forma de onda \nsenoidal pura, livre de distúrbios.\nRetificador\nConverte a energia da\nrede elétrica da concessionária\n ou do grupo gerador em\nInversor\nConverte a corrente contínua do \nretiﬁ  cador ou das baterias em corrente \nalternada de saída, com forma de onda']","A proteção contra distúrbios de energia, como a que é proporcionada por sistemas de No-Break com tecnologia avançada, assegura que a carga sensível permaneça alimentada de forma contínua e sem interrupções. Isso é crucial para operações críticas, pois minimiza o risco de falhas ou interrupções que poderiam resultar em perdas financeiras, danos a equipamentos ou comprometimento de dados. Além disso, a capacidade de filtrar ruídos e distúrbios externos melhora a qualidade da energia fornecida, aumentando a precisão e a confiabilidade das operações. A implementação de sistemas de gerenciamento remoto também contribui para monitorar e responder rapidamente a qualquer problema, garantindo uma operação estável e segura.","A proteção contra distúrbios de energia elétrica afeta a confiabilidade nas operações críticas ao minimizar falhas e custos de manutenção, garantindo maior precisão e segurança nos equipamentos.",0.99999999995,0.0,0.0,0.4285714285714285,0.9030014906577788,0.4285714285714285,0.25,0.8261585683165866,0.2337482710926693,0.240506329113924,0.0,0.0,0,0,1,1,1
implicações suporte técnico eficaz melhoria experiência usuário,"['Vantagens do C ontrat o de M anut enção \nAtravés do contrat o de manut enção , técnicos e gest ores de manut enção podem r eduzir a deg radação dos seus equipament os, prolongando \no tempo de vida útil e evitando int ervenções cor retivas , que geram cust os elevados e t êm impac tos negativ os.\nn   Supor te técnico por t elefone, durant e 24hs/dia\nn   Minimizar os r iscos e pr ejuíz os de t er um equipament o parado\nn   Prioridade no at endiment o no caso de uma parada \nn Redução da necessidade de manut enção cor retivas em at é 80% e \nconsequent e  redução de cust os\nn  Serviços de cor retivas , quando  inclusos no contrat o \nn Redução de cust o: equipament os com manut enção pr eventiva \nadequada sofr em menos desgast es e, por tanto \ntem sua vida útil ampliada. \nAv. Eng . Alber to de Zagottis , 760 - 04675-085 -  São P aulo - SP\nTel.: (11) 5696-5033 \nwww.cmcomandos .com.br\nSistema de \nSustentabilidade A uditadoIdentifique Nossa E quipe \nUniforme P adrão \nCamisa azul   Calça azul   Crachá  \nPedro\nSuporte Técnico0000000000001Nome:\nRG:\nSetor:João P edro \nMatrícula:\n1111 25.613.810-2\nAssistência Técnica\n1.Uso... \nJOÃO PEDRO \nSuporte Técnico Supor te Técnico\nCall C enter int egrado ao sist ema de gestão ERP\nTécnicos Treinados e Qualificados\nEquipados com I nstrumentação de P onta\nAnalisador de Har mônicos\nAtendiment o 24 horas - 7 dias da semana via C ontrat os\nde M anut enção P reditiva, P reventiva e C orretiva\n  Supor te Pleno de P ré e P ós-V enda\nAmpla cober tura em t odo o paísn   \nn  \nn  \nn  \nn  \nn\nn  \nCM MK T SET 2021  -   As especificações estão sujeitas a alterações sem pr évio aviso . Nós incentivamos a r eciclagem\nAtendiment o em t odo\n o Território Nacional\ncom filiais e r epresentant es nas pr incipais \ncidades e capitais , otimizando o t empo , \ncusto e buscando a ex celência\n na pr estação de ser viços\nEscaneie e saiba mais sobr e o\n contrat o de manut enção \nOSD  N LI A NM EO AC R EMSCISO\n90012015 OSD  N LI A NM EO AC R EMSC', 'TECNOLOGIA  EQUALIZER\nEqualização A tiva Individual das Ba terias\n O módulo de bater ia ativ o regula individualmente a \ntensão de cada bater ia e as mantém homogêneas , \nelevando a sua durabilidade , capacidade e r esistência \ncontra cor rosão e sulfatação .\nEvita e pr otege c ontr a Ex cesso de C arga\nAtrav és da Equalização Ativa as bater ias são pr oteg idas \nindividualmente contra o ex cesso de car ga, pr evenindo -\nas contra exalação de gases , secagem do eletr ólito \ninter no e do aquecimento inter no em ex cesso .\nEvita e pr otege c ontr a Falta de C arga\nA Equalização Ativa individual das bater ias impede que \nas mesmas r ecebam menor tensão que dev eriam, \nevitando -se a sulfatação e a per da de capacidade .\nIndicador de P roblemas da Ba teria\nAtrav és da medição da Tensão , Impedância e \nTemperatura, o sistema monitora os pr oblemas típicos \ndas bater ias, tais como sulfatação , cor rosão , per da de \ngases , secagem do eletr ólito e aquecimento inter no.Elimina a Sulfa tação das Ba terias\nO pr oblema decor re dos car regador es e r etificador es de \nbater ias, que r egulam a tensão de flutuação ou \nequalização na tensão final das bater ias e não garantem \nque em algumas  bater ias elas r ecebam maior tensão e , \nem outras , menor tensão . Atrav és da Equalização Ativa, \nmantêm-se todas as bater ias com tensão equilibrada.\nProteção c ontr a contaminação de ba terias\nAtrav és da Equalização Ativa individual de cada bater ia, \nevitam-se danos de uma bater ia a outras bater ias \npróximas , o ef eito de contaminação , ou seja, uma bater ia \nruim danifica as boas .\nOtimização da capacidade das ba terias\nGraças à Equalização Ativa, o Equaliz er garante a plena \nrecar ga e a máxima otimização da bater ia.\nAler ta par a substituir ba terias\nAtrav és da análise da cur va de impedância, pode -se \nidentificar a tendência, já na fase inicial de instalação , se \nalguma bater ia está deter iorada ou simplesmente mais \nfraca do que as outras . Quanto antes ef etuar este \ndiag nóstico , melhor será para o r estante da vida útil das \ndemais bater ias.Alarmes de ba teria\nAtrav és do monitoramento dos parâmetr os-chav e das \nbater ias e medições de limites pr eestabelecidos , o \nsistema en via avisos de alar mes automaticamente aos \nadministrador es do sistema.\nManutenção à distância \nO Equaliz er melhora a qualidade do ser viço, fornecendo \nmonitoramento r emoto atrav és da I nternet, VPN ou \noutra r ede, para faz er download de dados em tempo \nreal e acesso ao histór ico da bater ia para análise . \nManutenção sem desligar o sistema\nOs testes de bater ia individuais são possív eis \nremotamente , sem o esf orço para desligar as bater ias. \nAs manutenções e as análises  de bater ia podem ser \nrealizadas em condições r eais de operação , sem a \nnecessidade de paradas no sistema.\nOtimiza a manutenção em campo\nA equipe de manutenção se desloca somente quando \nhá inter venções cor retivas e dir etas na bater ia que \napresentar def eito na ocor rência de alar mes ou na \nanálise de diag nóstico e , é clar o, reduz enor mes custos \noperacionais .']","Um suporte técnico eficaz pode ter várias implicações positivas na melhoria da experiência do usuário. Primeiramente, a disponibilidade de atendimento 24 horas por dia garante que os usuários possam resolver problemas a qualquer momento, minimizando o tempo de inatividade e aumentando a satisfação. Além disso, a priorização no atendimento em casos de paradas contribui para uma resposta rápida e eficiente, o que é crucial para manter a operação contínua.

A redução da necessidade de intervenções corretivas, que pode chegar a até 80%, não apenas diminui os custos, mas também melhora a confiança do usuário na confiabilidade do serviço. A equipe de suporte, composta por técnicos treinados e qualificados, assegura que os problemas sejam resolvidos de maneira eficaz, aumentando a percepção de qualidade do serviço.

Por fim, a manutenção remota e a capacidade de realizar diagnósticos sem desligar o sistema otimizam o tempo e os recursos, proporcionando uma experiência mais fluida e menos disruptiva para o usuário.",O suporte técnico eficaz tem implicações significativas na melhoria da experiência do usuário.,0.9999999999,1.0,0.0,0.4,0.8545260938128164,0.4666666666666667,0.12,0.7936307107308085,0.0900195694716242,0.1414141414141414,0.0,0.0,1,0,1,1,1
Quais implicações tem um bom suporte técnico na experiência do usuário?,"['Vantagens do C ontrat o de M anut enção \nAtravés do contrat o de manut enção , técnicos e gest ores de manut enção podem r eduzir a deg radação dos seus equipament os, prolongando \no tempo de vida útil e evitando int ervenções cor retivas , que geram cust os elevados e t êm impac tos negativ os.\nn   Supor te técnico por t elefone, durant e 24hs/dia\nn   Minimizar os r iscos e pr ejuíz os de t er um equipament o parado\nn   Prioridade no at endiment o no caso de uma parada \nn Redução da necessidade de manut enção cor retivas em at é 80% e \nconsequent e  redução de cust os\nn  Serviços de cor retivas , quando  inclusos no contrat o \nn Redução de cust o: equipament os com manut enção pr eventiva \nadequada sofr em menos desgast es e, por tanto \ntem sua vida útil ampliada. \nAv. Eng . Alber to de Zagottis , 760 - 04675-085 -  São P aulo - SP\nTel.: (11) 5696-5033 \nwww.cmcomandos .com.br\nSistema de \nSustentabilidade A uditadoIdentifique Nossa E quipe \nUniforme P adrão \nCamisa azul   Calça azul   Crachá  \nPedro\nSuporte Técnico0000000000001Nome:\nRG:\nSetor:João P edro \nMatrícula:\n1111 25.613.810-2\nAssistência Técnica\n1.Uso... \nJOÃO PEDRO \nSuporte Técnico Supor te Técnico\nCall C enter int egrado ao sist ema de gestão ERP\nTécnicos Treinados e Qualificados\nEquipados com I nstrumentação de P onta\nAnalisador de Har mônicos\nAtendiment o 24 horas - 7 dias da semana via C ontrat os\nde M anut enção P reditiva, P reventiva e C orretiva\n  Supor te Pleno de P ré e P ós-V enda\nAmpla cober tura em t odo o paísn   \nn  \nn  \nn  \nn  \nn\nn  \nCM MK T SET 2021  -   As especificações estão sujeitas a alterações sem pr évio aviso . Nós incentivamos a r eciclagem\nAtendiment o em t odo\n o Território Nacional\ncom filiais e r epresentant es nas pr incipais \ncidades e capitais , otimizando o t empo , \ncusto e buscando a ex celência\n na pr estação de ser viços\nEscaneie e saiba mais sobr e o\n contrat o de manut enção \nOSD  N LI A NM EO AC R EMSCISO\n90012015 OSD  N LI A NM EO AC R EMSC', 'TECNOLOGIA  EQUALIZER\nEqualização A tiva Individual das Ba terias\n O módulo de bater ia ativ o regula individualmente a \ntensão de cada bater ia e as mantém homogêneas , \nelevando a sua durabilidade , capacidade e r esistência \ncontra cor rosão e sulfatação .\nEvita e pr otege c ontr a Ex cesso de C arga\nAtrav és da Equalização Ativa as bater ias são pr oteg idas \nindividualmente contra o ex cesso de car ga, pr evenindo -\nas contra exalação de gases , secagem do eletr ólito \ninter no e do aquecimento inter no em ex cesso .\nEvita e pr otege c ontr a Falta de C arga\nA Equalização Ativa individual das bater ias impede que \nas mesmas r ecebam menor tensão que dev eriam, \nevitando -se a sulfatação e a per da de capacidade .\nIndicador de P roblemas da Ba teria\nAtrav és da medição da Tensão , Impedância e \nTemperatura, o sistema monitora os pr oblemas típicos \ndas bater ias, tais como sulfatação , cor rosão , per da de \ngases , secagem do eletr ólito e aquecimento inter no.Elimina a Sulfa tação das Ba terias\nO pr oblema decor re dos car regador es e r etificador es de \nbater ias, que r egulam a tensão de flutuação ou \nequalização na tensão final das bater ias e não garantem \nque em algumas  bater ias elas r ecebam maior tensão e , \nem outras , menor tensão . Atrav és da Equalização Ativa, \nmantêm-se todas as bater ias com tensão equilibrada.\nProteção c ontr a contaminação de ba terias\nAtrav és da Equalização Ativa individual de cada bater ia, \nevitam-se danos de uma bater ia a outras bater ias \npróximas , o ef eito de contaminação , ou seja, uma bater ia \nruim danifica as boas .\nOtimização da capacidade das ba terias\nGraças à Equalização Ativa, o Equaliz er garante a plena \nrecar ga e a máxima otimização da bater ia.\nAler ta par a substituir ba terias\nAtrav és da análise da cur va de impedância, pode -se \nidentificar a tendência, já na fase inicial de instalação , se \nalguma bater ia está deter iorada ou simplesmente mais \nfraca do que as outras . Quanto antes ef etuar este \ndiag nóstico , melhor será para o r estante da vida útil das \ndemais bater ias.Alarmes de ba teria\nAtrav és do monitoramento dos parâmetr os-chav e das \nbater ias e medições de limites pr eestabelecidos , o \nsistema en via avisos de alar mes automaticamente aos \nadministrador es do sistema.\nManutenção à distância \nO Equaliz er melhora a qualidade do ser viço, fornecendo \nmonitoramento r emoto atrav és da I nternet, VPN ou \noutra r ede, para faz er download de dados em tempo \nreal e acesso ao histór ico da bater ia para análise . \nManutenção sem desligar o sistema\nOs testes de bater ia individuais são possív eis \nremotamente , sem o esf orço para desligar as bater ias. \nAs manutenções e as análises  de bater ia podem ser \nrealizadas em condições r eais de operação , sem a \nnecessidade de paradas no sistema.\nOtimiza a manutenção em campo\nA equipe de manutenção se desloca somente quando \nhá inter venções cor retivas e dir etas na bater ia que \napresentar def eito na ocor rência de alar mes ou na \nanálise de diag nóstico e , é clar o, reduz enor mes custos \noperacionais .']","Um bom suporte técnico pode ter várias implicações positivas na experiência do usuário, incluindo:

1. **Redução de Tempo de Inatividade**: Um suporte técnico eficiente minimiza o tempo em que o equipamento está fora de operação, garantindo que os usuários possam continuar suas atividades sem interrupções significativas.

2. **Resolução Rápida de Problemas**: A disponibilidade de suporte técnico 24 horas por dia permite que os usuários recebam assistência imediata, o que pode levar a uma resolução mais rápida de problemas.

3. **Aumento da Confiança**: Saber que há suporte técnico acessível pode aumentar a confiança dos usuários nos produtos e serviços, resultando em uma experiência mais positiva.

4. **Prevenção de Problemas Futuros**: Um suporte técnico proativo pode ajudar a identificar e resolver problemas antes que se tornem críticos, melhorando a confiabilidade do sistema.

5. **Satisfação do Cliente**: Um atendimento prioritário e eficaz em situações de emergência pode aumentar a satisfação do cliente, levando a uma melhor percepção da empresa e de seus serviços.

6. **Educação e Treinamento**: O suporte técnico também pode oferecer orientação e treinamento aos usuários, ajudando-os a utilizar os equipamentos de forma mais eficaz e a evitar erros comuns.

Esses fatores contribuem para uma experiência do usuário mais fluida e satisfatória.","Um bom suporte técnico tem implicações positivas na experiência do usuário, pois pode oferecer soluções rápidas e eficazes para problemas, aumentando a satisfação e a confiança do cliente.",0.9999999999,0.0,0.0,0.3333333333333333,0.9675954159018813,1.0,0.33,0.8864505102043972,0.133138258961229,0.1857142857142857,0.0,0.0,1,1,1,1,1
Como o sistema Paralelo Multi Ativo muda a confiabilidade dos no-breaks?,"['SISTEMA PARALELO MULTI ATIVO (EXCLUSIVO CM COMANDOS)\nA CM Comandos Lineares desenvolveu um sistema inovador e pioneiro no mundo de paralelismo entre no-breaks. O sistema \nParalelo Multi Ativo permite a expansão do sistema, de acordo com sua demanda de consumo, podendo paralelar quantas \nunidades forem necessárias para atender sua demanda, elevando a capacidade do sistema e a confiabilidade de sua aplicação.\nPOSSIBILIDADE DE SOMATÓRIA DE  POTÊNCIAS\nPermite a ligação para somatória de potência, utilizando dois ou mais \nNo-Breaks para atingir a demanda da carga total.\nQuando utilizado para somatória de potência, possibilita a ligação de \nNo-Breaks com potências diferentes. Quando a ligação for feita com \nNo-Breaks de potências diferentes, a carga será distribuída \nproporcionalmente. Permite a ligação em paralelo redundante N + 1,  N + 2, N + 3 … N+X,  \npossibilitando o desligamento de uma ou mais unidades, mantendo a \ncarga ativa.\nA comunicação entre os No-Breaks consiste no barramento de \ncomunicação comum, por onde transitam informações \ncontendo nível de carga, sincronismo e a condição do by pass.COMUNICAÇÃO ENTRE OS NO-BREAKSTodos os No-Breaks são autônomos, operam de forma \nindependente no sistema e possuem controle individual.NÃO EXISTE NO-BREAK MESTRE OU ESCRAVOPodem ser paraleladas quantas unidades forem necessárias, \npossibilitando expansão do sistema, de acordo com a demanda \nde consumo.QUANTIDADE ILIMITADA PARA PARALELISMO\nPARALELISMO DO BANCO DE BATERIAS\nPermite paralelismo dos bancos de baterias (quando forem de \nmesma tensão nominal).MANUTENÇÃO DO NO-BREAK\nPermite a inserção ou retirada de um No-Break no sistema, sem a \nnecessidade de parada.INTERFACES  DE  SHUTDOWN  E GERENCIAMENTO  REMOTO\nRede Elétric a\nde Entr ada\nSaídaNo-break 1\n Potência \nde 60 kV ANo-break 2\nPotência de \n100 kV ANo-break 3\nPotência de \n20 kV A\nCarga fornecida pelo sistema = 410 kV ANo-break 4\nPotência de \n30 kV ANo-break 5\nPotência de \n80 kV ANo-break 6\nPotência de \n120 kV ARede L ocal Ether netA   Inter face de Ger enciamento \n     \nC  Inter face Shutdown \n     Client \n     LANB  Inter face Shutdown \n     D   Inter face de Ger enciamento Remoto \n  \nE  Adaptador SNMP\n     \nF  Client Shutdown\nG Estação Remota\n    Sof tware com \n    conexão à I nter netMultisser vidor es\nMultiplataf ormas\nMulti-S.O .Porta M icroprocessada DB9\nPorta Contato Seco DB9\nRede Ethernet RJ45', 'S I S T E M A PA R A L E L O M U LT I AT I V O ( E X C L U S I V O C M C O M A N D O S )\nA CM Comandos Lineares desenvolveu um sistema inovador e pioneiro no mundo de paralelismo entre No Breaks. O sistema Paralelo \nMulti Ativo permite a expansão do sistema, de acordo com sua demanda de consumo, podendo paralelar quantas unidades forem \nnecessárias para atender sua demanda, elevando a capacidade do sistema e a confiabilidade de sua aplicação.\nP O S S I B I L I D A D E D E S O M A T Ó R I A D E  P O T Ê N C I A S\nPermite a ligação para somatória de potência, utilizando dois ou mais No \nBreaks para atingir a demanda da carga total.\nQuando utilizado para somatória de potência, possibilita a ligação de \nNo Breaks com potências diferentes. Quando a ligação for feita com No \nBreaks de potências diferentes, a carga será distribuída \nproporcionalmente. Permite a ligação em paralelo redundante N + 1,  N + 2, N + 3 … N+X,  \npossibilitando o desligamento de uma ou mais unidades mantendo a \ncarga ativa.L I G A Ç Ã O E M P A R A L E L O R E D U N D A N T E\nA comunicação entre os No Breaks consiste no barramento de \ncomunicação comum, por onde transitam informações contendo \nnível de carga, sincronismo e a condição do by pass.C O M U N I C A Ç Ã O E N T R E O S N O B R E A K STodos os No Breaks são autônomos, operam de forma \nindependente no sistema e possuem controle individual.N Ã O E X I S T E N O B R E A K M E S T R E O U E S C R A V OPodem ser paraleladas quantas unidades forem necessárias, \npossibilitando expansão do sistema, de acordo com a demanda de \nconsumo.Q U A N T I D A D E I L I M I T A D A P A R A P A R A L E L I S M O\nM A N U T E N Ç Ã O D O N O B R E A K\nPermite a inserção ou retirada de um No Break no sistema, sem a \nnecessidade de parada.Rede Elétrica\nde Entrada\nSaídaNo Break 1\n Potência de \n30 kVANo Break 2\nPotência de \n10 kVANo Break 3\nPotência de \n20 kVA\nCarga fornecida pelo sistema = 150 kVANo Break 4\nPotência de \n30 kVANo Break 5\nPotência de \n20 kVANo Break 6\nPotência de \n40 kVA\nINTERFACES DE \nGERENCIAMENTO   \nREMOTO\nSão compostas por diversas ferramentas. O \nAdaptador SNMP NetMate permite\ngerenciar remotamente o No Break via a \nInternet através de um web browser,\nmonitorar o status e enviar alertas por e-mail. \nO software IP Power é uma ferramenta de \ngerenciamento  Windows Application e a \nversão Client é específica para  automatizar o \nshutdown de servidores, podendo desligar \nautomática e simultaneamente vários\ns e r v i d o r e s  e  e s t a ç õ e s .\nO Adaptador ArmModbus permite integrar \no  N o  B r e a k ,  v i a  u m a  p o r t a\nRS485, a Sistemas de Automação Predial.']","O sistema Paralelo Multi Ativo aumenta a confiabilidade dos no-breaks ao permitir a expansão do sistema conforme a demanda de consumo. Isso possibilita a paralelização de várias unidades, garantindo que, mesmo se uma ou mais unidades forem desligadas, a carga permaneça ativa. A comunicação entre os no-breaks é feita através de um barramento comum, que transmite informações sobre o nível de carga e sincronismo, permitindo que todos operem de forma autônoma e independente, sem a necessidade de um no-break mestre. Essa configuração redundante contribui para uma operação mais confiável e resiliente do sistema.","O sistema Paralelo Multi Ativo muda a confiabilidade dos no-breaks ao permitir a expansão do sistema de acordo com a demanda de consumo, elevando a capacidade do sistema e a confiabilidade de sua aplicação.",0.99999999995,1.0,0.0,0.6,0.9493605905196224,0.8,0.29,0.8896050847312681,0.2936378466557912,0.3611111111111111,0.0,0.0,0,1,1,1,1
De que forma o sistema Paralelo Multi Ativo da CM Comandos Lineares ajuda na expanção e confiabilidade em aplicaçõe que precisam de no-breaks?,"['SISTEMA PARALELO MULTI ATIVO (EXCLUSIVO CM COMANDOS)\nA CM Comandos Lineares desenvolveu um sistema inovador e pioneiro no mundo de paralelismo entre no-breaks. O sistema \nParalelo Multi Ativo permite a expansão do sistema, de acordo com sua demanda de consumo, podendo paralelar quantas \nunidades forem necessárias para atender sua demanda, elevando a capacidade do sistema e a confiabilidade de sua aplicação.\nPOSSIBILIDADE DE SOMATÓRIA DE  POTÊNCIAS\nPermite a ligação para somatória de potência, utilizando dois ou mais \nNo-Breaks para atingir a demanda da carga total.\nQuando utilizado para somatória de potência, possibilita a ligação de \nNo-Breaks com potências diferentes. Quando a ligação for feita com \nNo-Breaks de potências diferentes, a carga será distribuída \nproporcionalmente. Permite a ligação em paralelo redundante N + 1,  N + 2, N + 3 … N+X,  \npossibilitando o desligamento de uma ou mais unidades, mantendo a \ncarga ativa.\nA comunicação entre os No-Breaks consiste no barramento de \ncomunicação comum, por onde transitam informações \ncontendo nível de carga, sincronismo e a condição do by pass.COMUNICAÇÃO ENTRE OS NO-BREAKSTodos os No-Breaks são autônomos, operam de forma \nindependente no sistema e possuem controle individual.NÃO EXISTE NO-BREAK MESTRE OU ESCRAVOPodem ser paraleladas quantas unidades forem necessárias, \npossibilitando expansão do sistema, de acordo com a demanda \nde consumo.QUANTIDADE ILIMITADA PARA PARALELISMO\nPARALELISMO DO BANCO DE BATERIAS\nPermite paralelismo dos bancos de baterias (quando forem de \nmesma tensão nominal).MANUTENÇÃO DO NO-BREAK\nPermite a inserção ou retirada de um No-Break no sistema, sem a \nnecessidade de parada.INTERFACES  DE  SHUTDOWN  E GERENCIAMENTO  REMOTO\nRede Elétric a\nde Entr ada\nSaídaNo-break 1\n Potência \nde 60 kV ANo-break 2\nPotência de \n100 kV ANo-break 3\nPotência de \n20 kV A\nCarga fornecida pelo sistema = 410 kV ANo-break 4\nPotência de \n30 kV ANo-break 5\nPotência de \n80 kV ANo-break 6\nPotência de \n120 kV ARede L ocal Ether netA   Inter face de Ger enciamento \n     \nC  Inter face Shutdown \n     Client \n     LANB  Inter face Shutdown \n     D   Inter face de Ger enciamento Remoto \n  \nE  Adaptador SNMP\n     \nF  Client Shutdown\nG Estação Remota\n    Sof tware com \n    conexão à I nter netMultisser vidor es\nMultiplataf ormas\nMulti-S.O .Porta M icroprocessada DB9\nPorta Contato Seco DB9\nRede Ethernet RJ45', 'S I S T E M A PA R A L E L O M U LT I AT I V O ( E X C L U S I V O C M C O M A N D O S )\nA CM Comandos Lineares desenvolveu um sistema inovador e pioneiro no mundo de paralelismo entre No Breaks. O sistema Paralelo \nMulti Ativo permite a expansão do sistema, de acordo com sua demanda de consumo, podendo paralelar quantas unidades forem \nnecessárias para atender sua demanda, elevando a capacidade do sistema e a confiabilidade de sua aplicação.\nP O S S I B I L I D A D E D E S O M A T Ó R I A D E  P O T Ê N C I A S\nPermite a ligação para somatória de potência, utilizando dois ou mais No \nBreaks para atingir a demanda da carga total.\nQuando utilizado para somatória de potência, possibilita a ligação de \nNo Breaks com potências diferentes. Quando a ligação for feita com No \nBreaks de potências diferentes, a carga será distribuída \nproporcionalmente. Permite a ligação em paralelo redundante N + 1,  N + 2, N + 3 … N+X,  \npossibilitando o desligamento de uma ou mais unidades mantendo a \ncarga ativa.L I G A Ç Ã O E M P A R A L E L O R E D U N D A N T E\nA comunicação entre os No Breaks consiste no barramento de \ncomunicação comum, por onde transitam informações contendo \nnível de carga, sincronismo e a condição do by pass.C O M U N I C A Ç Ã O E N T R E O S N O B R E A K STodos os No Breaks são autônomos, operam de forma \nindependente no sistema e possuem controle individual.N Ã O E X I S T E N O B R E A K M E S T R E O U E S C R A V OPodem ser paraleladas quantas unidades forem necessárias, \npossibilitando expansão do sistema, de acordo com a demanda de \nconsumo.Q U A N T I D A D E I L I M I T A D A P A R A P A R A L E L I S M O\nM A N U T E N Ç Ã O D O N O B R E A K\nPermite a inserção ou retirada de um No Break no sistema, sem a \nnecessidade de parada.Rede Elétrica\nde Entrada\nSaídaNo Break 1\n Potência de \n30 kVANo Break 2\nPotência de \n10 kVANo Break 3\nPotência de \n20 kVA\nCarga fornecida pelo sistema = 150 kVANo Break 4\nPotência de \n30 kVANo Break 5\nPotência de \n20 kVANo Break 6\nPotência de \n40 kVA\nINTERFACES DE \nGERENCIAMENTO   \nREMOTO\nSão compostas por diversas ferramentas. O \nAdaptador SNMP NetMate permite\ngerenciar remotamente o No Break via a \nInternet através de um web browser,\nmonitorar o status e enviar alertas por e-mail. \nO software IP Power é uma ferramenta de \ngerenciamento  Windows Application e a \nversão Client é específica para  automatizar o \nshutdown de servidores, podendo desligar \nautomática e simultaneamente vários\ns e r v i d o r e s  e  e s t a ç õ e s .\nO Adaptador ArmModbus permite integrar \no  N o  B r e a k ,  v i a  u m a  p o r t a\nRS485, a Sistemas de Automação Predial.']","O sistema Paralelo Multi Ativo da CM Comandos Lineares permite a expansão conforme a demanda de consumo, possibilitando a paralelização de várias unidades de no-breaks. Isso eleva a capacidade do sistema e aumenta a confiabilidade da aplicação, pois permite a ligação de no-breaks com potências diferentes, distribuindo a carga de forma proporcional. Além disso, a configuração em paralelo redundante (N + 1, N + 2, etc.) garante que, mesmo com o desligamento de uma ou mais unidades, a carga permaneça ativa, assegurando a continuidade do fornecimento de energia.","O sistema Paralelo Multi Ativo da CM Comandos Lineares ajuda na expansão e confiabilidade em aplicações que precisam de no-breaks, permitindo a paralelização de quantas unidades forem necessárias para atender a demanda de consumo.",0.99999999995,1.0,0.3333333322222222,0.5555555555555556,0.8092828859582645,0.8888888888888888,0.33,0.8910235508654141,0.3209219858156028,0.3382352941176471,0.0,0.0,1,0,1,1,1
impacto somatória potências No-Breaks eficiência confiabilidade energia sistemas críticos,"['S I S T E M A PA R A L E L O M U LT I AT I V O ( E X C L U S I V O C M C O M A N D O S )\nA CM Comandos Lineares desenvolveu um sistema inovador e pioneiro no mundo de paralelismo entre No Breaks. O sistema Paralelo \nMulti Ativo permite a expansão do sistema, de acordo com sua demanda de consumo, podendo paralelar quantas unidades forem \nnecessárias para atender sua demanda, elevando a capacidade do sistema e a confiabilidade de sua aplicação.\nP O S S I B I L I D A D E D E S O M A T Ó R I A D E  P O T Ê N C I A S\nPermite a ligação para somatória de potência, utilizando dois ou mais No \nBreaks para atingir a demanda da carga total.\nQuando utilizado para somatória de potência, possibilita a ligação de \nNo Breaks com potências diferentes. Quando a ligação for feita com No \nBreaks de potências diferentes, a carga será distribuída \nproporcionalmente. Permite a ligação em paralelo redundante N + 1,  N + 2, N + 3 … N+X,  \npossibilitando o desligamento de uma ou mais unidades mantendo a \ncarga ativa.L I G A Ç Ã O E M P A R A L E L O R E D U N D A N T E\nA comunicação entre os No Breaks consiste no barramento de \ncomunicação comum, por onde transitam informações contendo \nnível de carga, sincronismo e a condição do by pass.C O M U N I C A Ç Ã O E N T R E O S N O B R E A K STodos os No Breaks são autônomos, operam de forma \nindependente no sistema e possuem controle individual.N Ã O E X I S T E N O B R E A K M E S T R E O U E S C R A V OPodem ser paraleladas quantas unidades forem necessárias, \npossibilitando expansão do sistema, de acordo com a demanda de \nconsumo.Q U A N T I D A D E I L I M I T A D A P A R A P A R A L E L I S M O\nM A N U T E N Ç Ã O D O N O B R E A K\nPermite a inserção ou retirada de um No Break no sistema, sem a \nnecessidade de parada.Rede Elétrica\nde Entrada\nSaídaNo Break 1\n Potência de \n30 kVANo Break 2\nPotência de \n10 kVANo Break 3\nPotência de \n20 kVA\nCarga fornecida pelo sistema = 150 kVANo Break 4\nPotência de \n30 kVANo Break 5\nPotência de \n20 kVANo Break 6\nPotência de \n40 kVA\nINTERFACES DE \nGERENCIAMENTO   \nREMOTO\nSão compostas por diversas ferramentas. O \nAdaptador SNMP NetMate permite\ngerenciar remotamente o No Break via a \nInternet através de um web browser,\nmonitorar o status e enviar alertas por e-mail. \nO software IP Power é uma ferramenta de \ngerenciamento  Windows Application e a \nversão Client é específica para  automatizar o \nshutdown de servidores, podendo desligar \nautomática e simultaneamente vários\ns e r v i d o r e s  e  e s t a ç õ e s .\nO Adaptador ArmModbus permite integrar \no  N o  B r e a k ,  v i a  u m a  p o r t a\nRS485, a Sistemas de Automação Predial.', 'SISTEMA PARALELO MULTI ATIVO (EXCLUSIVO CM COMANDOS)\nA CM Comandos Lineares desenvolveu um sistema inovador e pioneiro no mundo de paralelismo entre no-breaks. O sistema \nParalelo Multi Ativo permite a expansão do sistema, de acordo com sua demanda de consumo, podendo paralelar quantas \nunidades forem necessárias para atender sua demanda, elevando a capacidade do sistema e a confiabilidade de sua aplicação.\nPOSSIBILIDADE DE SOMATÓRIA DE  POTÊNCIAS\nPermite a ligação para somatória de potência, utilizando dois ou mais \nNo-Breaks para atingir a demanda da carga total.\nQuando utilizado para somatória de potência, possibilita a ligação de \nNo-Breaks com potências diferentes. Quando a ligação for feita com \nNo-Breaks de potências diferentes, a carga será distribuída \nproporcionalmente. Permite a ligação em paralelo redundante N + 1,  N + 2, N + 3 … N+X,  \npossibilitando o desligamento de uma ou mais unidades, mantendo a \ncarga ativa.\nA comunicação entre os No-Breaks consiste no barramento de \ncomunicação comum, por onde transitam informações \ncontendo nível de carga, sincronismo e a condição do by pass.COMUNICAÇÃO ENTRE OS NO-BREAKSTodos os No-Breaks são autônomos, operam de forma \nindependente no sistema e possuem controle individual.NÃO EXISTE NO-BREAK MESTRE OU ESCRAVOPodem ser paraleladas quantas unidades forem necessárias, \npossibilitando expansão do sistema, de acordo com a demanda \nde consumo.QUANTIDADE ILIMITADA PARA PARALELISMO\nPARALELISMO DO BANCO DE BATERIAS\nPermite paralelismo dos bancos de baterias (quando forem de \nmesma tensão nominal).MANUTENÇÃO DO NO-BREAK\nPermite a inserção ou retirada de um No-Break no sistema, sem a \nnecessidade de parada.INTERFACES  DE  SHUTDOWN  E GERENCIAMENTO  REMOTO\nRede Elétric a\nde Entr ada\nSaídaNo-break 1\n Potência \nde 60 kV ANo-break 2\nPotência de \n100 kV ANo-break 3\nPotência de \n20 kV A\nCarga fornecida pelo sistema = 410 kV ANo-break 4\nPotência de \n30 kV ANo-break 5\nPotência de \n80 kV ANo-break 6\nPotência de \n120 kV ARede L ocal Ether netA   Inter face de Ger enciamento \n     \nC  Inter face Shutdown \n     Client \n     LANB  Inter face Shutdown \n     D   Inter face de Ger enciamento Remoto \n  \nE  Adaptador SNMP\n     \nF  Client Shutdown\nG Estação Remota\n    Sof tware com \n    conexão à I nter netMultisser vidor es\nMultiplataf ormas\nMulti-S.O .Porta M icroprocessada DB9\nPorta Contato Seco DB9\nRede Ethernet RJ45']","A somatória de potências entre No-Breaks permite a utilização de múltiplas unidades para atender a demanda total de carga, o que resulta em uma maior eficiência do sistema. Essa abordagem possibilita a ligação de No-Breaks com potências diferentes, garantindo que a carga seja distribuída de forma proporcional. Além disso, a configuração em paralelo redundante (N + 1, N + 2, etc.) assegura que, mesmo com o desligamento de uma ou mais unidades, a carga permaneça ativa, aumentando a confiabilidade do sistema. Essa flexibilidade e redundância são essenciais para a operação contínua em ambientes críticos, onde a disponibilidade de energia é crucial.","A somatória de potências em No-Breaks permite a ligação de múltiplas unidades para atender à demanda total da carga, aumentando a eficiência e confiabilidade dos sistemas críticos.",0.99999999995,1.0,0.0,0.4,0.7049528481508339,0.7,0.22,0.9080145250338204,0.2684049079754601,0.3624161073825503,0.0,0.0,1,1,1,1,1
De que maneira a posibilidade de somatoria de potencias em No-Breaks impacta a distribuiçao de carga e a redudancia no sistema?,"['S I S T E M A PA R A L E L O M U LT I AT I V O ( E X C L U S I V O C M C O M A N D O S )\nA CM Comandos Lineares desenvolveu um sistema inovador e pioneiro no mundo de paralelismo entre No Breaks. O sistema Paralelo \nMulti Ativo permite a expansão do sistema, de acordo com sua demanda de consumo, podendo paralelar quantas unidades forem \nnecessárias para atender sua demanda, elevando a capacidade do sistema e a confiabilidade de sua aplicação.\nP O S S I B I L I D A D E D E S O M A T Ó R I A D E  P O T Ê N C I A S\nPermite a ligação para somatória de potência, utilizando dois ou mais No \nBreaks para atingir a demanda da carga total.\nQuando utilizado para somatória de potência, possibilita a ligação de \nNo Breaks com potências diferentes. Quando a ligação for feita com No \nBreaks de potências diferentes, a carga será distribuída \nproporcionalmente. Permite a ligação em paralelo redundante N + 1,  N + 2, N + 3 … N+X,  \npossibilitando o desligamento de uma ou mais unidades mantendo a \ncarga ativa.L I G A Ç Ã O E M P A R A L E L O R E D U N D A N T E\nA comunicação entre os No Breaks consiste no barramento de \ncomunicação comum, por onde transitam informações contendo \nnível de carga, sincronismo e a condição do by pass.C O M U N I C A Ç Ã O E N T R E O S N O B R E A K STodos os No Breaks são autônomos, operam de forma \nindependente no sistema e possuem controle individual.N Ã O E X I S T E N O B R E A K M E S T R E O U E S C R A V OPodem ser paraleladas quantas unidades forem necessárias, \npossibilitando expansão do sistema, de acordo com a demanda de \nconsumo.Q U A N T I D A D E I L I M I T A D A P A R A P A R A L E L I S M O\nM A N U T E N Ç Ã O D O N O B R E A K\nPermite a inserção ou retirada de um No Break no sistema, sem a \nnecessidade de parada.Rede Elétrica\nde Entrada\nSaídaNo Break 1\n Potência de \n30 kVANo Break 2\nPotência de \n10 kVANo Break 3\nPotência de \n20 kVA\nCarga fornecida pelo sistema = 150 kVANo Break 4\nPotência de \n30 kVANo Break 5\nPotência de \n20 kVANo Break 6\nPotência de \n40 kVA\nINTERFACES DE \nGERENCIAMENTO   \nREMOTO\nSão compostas por diversas ferramentas. O \nAdaptador SNMP NetMate permite\ngerenciar remotamente o No Break via a \nInternet através de um web browser,\nmonitorar o status e enviar alertas por e-mail. \nO software IP Power é uma ferramenta de \ngerenciamento  Windows Application e a \nversão Client é específica para  automatizar o \nshutdown de servidores, podendo desligar \nautomática e simultaneamente vários\ns e r v i d o r e s  e  e s t a ç õ e s .\nO Adaptador ArmModbus permite integrar \no  N o  B r e a k ,  v i a  u m a  p o r t a\nRS485, a Sistemas de Automação Predial.', 'SISTEMA PARALELO MULTI ATIVO (EXCLUSIVO CM COMANDOS)\nA CM Comandos Lineares desenvolveu um sistema inovador e pioneiro no mundo de paralelismo entre no-breaks. O sistema \nParalelo Multi Ativo permite a expansão do sistema, de acordo com sua demanda de consumo, podendo paralelar quantas \nunidades forem necessárias para atender sua demanda, elevando a capacidade do sistema e a confiabilidade de sua aplicação.\nPOSSIBILIDADE DE SOMATÓRIA DE  POTÊNCIAS\nPermite a ligação para somatória de potência, utilizando dois ou mais \nNo-Breaks para atingir a demanda da carga total.\nQuando utilizado para somatória de potência, possibilita a ligação de \nNo-Breaks com potências diferentes. Quando a ligação for feita com \nNo-Breaks de potências diferentes, a carga será distribuída \nproporcionalmente. Permite a ligação em paralelo redundante N + 1,  N + 2, N + 3 … N+X,  \npossibilitando o desligamento de uma ou mais unidades, mantendo a \ncarga ativa.\nA comunicação entre os No-Breaks consiste no barramento de \ncomunicação comum, por onde transitam informações \ncontendo nível de carga, sincronismo e a condição do by pass.COMUNICAÇÃO ENTRE OS NO-BREAKSTodos os No-Breaks são autônomos, operam de forma \nindependente no sistema e possuem controle individual.NÃO EXISTE NO-BREAK MESTRE OU ESCRAVOPodem ser paraleladas quantas unidades forem necessárias, \npossibilitando expansão do sistema, de acordo com a demanda \nde consumo.QUANTIDADE ILIMITADA PARA PARALELISMO\nPARALELISMO DO BANCO DE BATERIAS\nPermite paralelismo dos bancos de baterias (quando forem de \nmesma tensão nominal).MANUTENÇÃO DO NO-BREAK\nPermite a inserção ou retirada de um No-Break no sistema, sem a \nnecessidade de parada.INTERFACES  DE  SHUTDOWN  E GERENCIAMENTO  REMOTO\nRede Elétric a\nde Entr ada\nSaídaNo-break 1\n Potência \nde 60 kV ANo-break 2\nPotência de \n100 kV ANo-break 3\nPotência de \n20 kV A\nCarga fornecida pelo sistema = 410 kV ANo-break 4\nPotência de \n30 kV ANo-break 5\nPotência de \n80 kV ANo-break 6\nPotência de \n120 kV ARede L ocal Ether netA   Inter face de Ger enciamento \n     \nC  Inter face Shutdown \n     Client \n     LANB  Inter face Shutdown \n     D   Inter face de Ger enciamento Remoto \n  \nE  Adaptador SNMP\n     \nF  Client Shutdown\nG Estação Remota\n    Sof tware com \n    conexão à I nter netMultisser vidor es\nMultiplataf ormas\nMulti-S.O .Porta M icroprocessada DB9\nPorta Contato Seco DB9\nRede Ethernet RJ45']","A possibilidade de somatória de potências em No-Breaks permite a ligação de unidades com potências diferentes, o que resulta em uma distribuição proporcional da carga entre elas. Isso significa que, ao conectar No-Breaks de capacidades variadas, a carga total é dividida de forma a otimizar o desempenho do sistema. Além disso, essa configuração possibilita a implementação de redundância, como N + 1, N + 2, etc., permitindo que uma ou mais unidades sejam desligadas sem comprometer a continuidade da carga ativa. Essa abordagem aumenta a confiabilidade do sistema, garantindo que a demanda de energia seja atendida mesmo em caso de falha de uma unidade.","A possibilidade de somatória de potências em No-Breaks impacta a distribuição de carga ao permitir a ligação de No-Breaks com potências diferentes, distribuindo a carga proporcionalmente e possibilitando redundância no sistema.",0.99999999995,1.0,0.0,0.3333333333333333,0.8450320087377517,0.6666666666666666,0.6,0.8997339899531166,0.2778625954198473,0.3178807947019867,0.0,0.0,0,0,1,1,1
como comunicação No Breaks influencia autonomia controle sistema,"['S I S T E M A PA R A L E L O M U LT I AT I V O ( E X C L U S I V O C M C O M A N D O S )\nA CM Comandos Lineares desenvolveu um sistema inovador e pioneiro no mundo de paralelismo entre No Breaks. O sistema Paralelo \nMulti Ativo permite a expansão do sistema, de acordo com sua demanda de consumo, podendo paralelar quantas unidades forem \nnecessárias para atender sua demanda, elevando a capacidade do sistema e a confiabilidade de sua aplicação.\nP O S S I B I L I D A D E D E S O M A T Ó R I A D E  P O T Ê N C I A S\nPermite a ligação para somatória de potência, utilizando dois ou mais No \nBreaks para atingir a demanda da carga total.\nQuando utilizado para somatória de potência, possibilita a ligação de \nNo Breaks com potências diferentes. Quando a ligação for feita com No \nBreaks de potências diferentes, a carga será distribuída \nproporcionalmente. Permite a ligação em paralelo redundante N + 1,  N + 2, N + 3 … N+X,  \npossibilitando o desligamento de uma ou mais unidades mantendo a \ncarga ativa.L I G A Ç Ã O E M P A R A L E L O R E D U N D A N T E\nA comunicação entre os No Breaks consiste no barramento de \ncomunicação comum, por onde transitam informações contendo \nnível de carga, sincronismo e a condição do by pass.C O M U N I C A Ç Ã O E N T R E O S N O B R E A K STodos os No Breaks são autônomos, operam de forma \nindependente no sistema e possuem controle individual.N Ã O E X I S T E N O B R E A K M E S T R E O U E S C R A V OPodem ser paraleladas quantas unidades forem necessárias, \npossibilitando expansão do sistema, de acordo com a demanda de \nconsumo.Q U A N T I D A D E I L I M I T A D A P A R A P A R A L E L I S M O\nM A N U T E N Ç Ã O D O N O B R E A K\nPermite a inserção ou retirada de um No Break no sistema, sem a \nnecessidade de parada.Rede Elétrica\nde Entrada\nSaídaNo Break 1\n Potência de \n30 kVANo Break 2\nPotência de \n10 kVANo Break 3\nPotência de \n20 kVA\nCarga fornecida pelo sistema = 150 kVANo Break 4\nPotência de \n30 kVANo Break 5\nPotência de \n20 kVANo Break 6\nPotência de \n40 kVA\nINTERFACES DE \nGERENCIAMENTO   \nREMOTO\nSão compostas por diversas ferramentas. O \nAdaptador SNMP NetMate permite\ngerenciar remotamente o No Break via a \nInternet através de um web browser,\nmonitorar o status e enviar alertas por e-mail. \nO software IP Power é uma ferramenta de \ngerenciamento  Windows Application e a \nversão Client é específica para  automatizar o \nshutdown de servidores, podendo desligar \nautomática e simultaneamente vários\ns e r v i d o r e s  e  e s t a ç õ e s .\nO Adaptador ArmModbus permite integrar \no  N o  B r e a k ,  v i a  u m a  p o r t a\nRS485, a Sistemas de Automação Predial.', 'SISTEMA PARALELO MULTI ATIVO (EXCLUSIVO CM COMANDOS)\nA CM Comandos Lineares desenvolveu um sistema inovador e pioneiro no mundo de paralelismo entre no-breaks. O sistema \nParalelo Multi Ativo permite a expansão do sistema, de acordo com sua demanda de consumo, podendo paralelar quantas \nunidades forem necessárias para atender sua demanda, elevando a capacidade do sistema e a confiabilidade de sua aplicação.\nPOSSIBILIDADE DE SOMATÓRIA DE  POTÊNCIAS\nPermite a ligação para somatória de potência, utilizando dois ou mais \nNo-Breaks para atingir a demanda da carga total.\nQuando utilizado para somatória de potência, possibilita a ligação de \nNo-Breaks com potências diferentes. Quando a ligação for feita com \nNo-Breaks de potências diferentes, a carga será distribuída \nproporcionalmente. Permite a ligação em paralelo redundante N + 1,  N + 2, N + 3 … N+X,  \npossibilitando o desligamento de uma ou mais unidades, mantendo a \ncarga ativa.\nA comunicação entre os No-Breaks consiste no barramento de \ncomunicação comum, por onde transitam informações \ncontendo nível de carga, sincronismo e a condição do by pass.COMUNICAÇÃO ENTRE OS NO-BREAKSTodos os No-Breaks são autônomos, operam de forma \nindependente no sistema e possuem controle individual.NÃO EXISTE NO-BREAK MESTRE OU ESCRAVOPodem ser paraleladas quantas unidades forem necessárias, \npossibilitando expansão do sistema, de acordo com a demanda \nde consumo.QUANTIDADE ILIMITADA PARA PARALELISMO\nPARALELISMO DO BANCO DE BATERIAS\nPermite paralelismo dos bancos de baterias (quando forem de \nmesma tensão nominal).MANUTENÇÃO DO NO-BREAK\nPermite a inserção ou retirada de um No-Break no sistema, sem a \nnecessidade de parada.INTERFACES  DE  SHUTDOWN  E GERENCIAMENTO  REMOTO\nRede Elétric a\nde Entr ada\nSaídaNo-break 1\n Potência \nde 60 kV ANo-break 2\nPotência de \n100 kV ANo-break 3\nPotência de \n20 kV A\nCarga fornecida pelo sistema = 410 kV ANo-break 4\nPotência de \n30 kV ANo-break 5\nPotência de \n80 kV ANo-break 6\nPotência de \n120 kV ARede L ocal Ether netA   Inter face de Ger enciamento \n     \nC  Inter face Shutdown \n     Client \n     LANB  Inter face Shutdown \n     D   Inter face de Ger enciamento Remoto \n  \nE  Adaptador SNMP\n     \nF  Client Shutdown\nG Estação Remota\n    Sof tware com \n    conexão à I nter netMultisser vidor es\nMultiplataf ormas\nMulti-S.O .Porta M icroprocessada DB9\nPorta Contato Seco DB9\nRede Ethernet RJ45']","A comunicação entre os No Breaks é realizada por meio de um barramento de comunicação comum, que permite a troca de informações sobre o nível de carga, sincronismo e a condição do by pass. Essa estrutura de comunicação é fundamental para garantir que todos os No Breaks operem de forma autônoma e independente, mantendo controle individual. Essa autonomia e a capacidade de comunicação eficaz influenciam diretamente a confiabilidade e a eficiência do sistema, permitindo que ele se adapte às demandas de consumo sem interrupções, mesmo durante a inserção ou retirada de unidades.","A comunicação entre os No Breaks influencia a autonomia e o controle do sistema, pois cada No Break opera de forma independente e possui controle individual.",0.99999999995,1.0,0.3333333322222222,0.9166666666666666,0.6867348415292044,0.6363636363636364,0.29,0.7807861671057146,0.2344827586206896,0.28125,0.0,0.0,1,1,1,1,1
como comunicação entre No Breaks afeta autonomia controle sistema,"['S I S T E M A PA R A L E L O M U LT I AT I V O ( E X C L U S I V O C M C O M A N D O S )\nA CM Comandos Lineares desenvolveu um sistema inovador e pioneiro no mundo de paralelismo entre No Breaks. O sistema Paralelo \nMulti Ativo permite a expansão do sistema, de acordo com sua demanda de consumo, podendo paralelar quantas unidades forem \nnecessárias para atender sua demanda, elevando a capacidade do sistema e a confiabilidade de sua aplicação.\nP O S S I B I L I D A D E D E S O M A T Ó R I A D E  P O T Ê N C I A S\nPermite a ligação para somatória de potência, utilizando dois ou mais No \nBreaks para atingir a demanda da carga total.\nQuando utilizado para somatória de potência, possibilita a ligação de \nNo Breaks com potências diferentes. Quando a ligação for feita com No \nBreaks de potências diferentes, a carga será distribuída \nproporcionalmente. Permite a ligação em paralelo redundante N + 1,  N + 2, N + 3 … N+X,  \npossibilitando o desligamento de uma ou mais unidades mantendo a \ncarga ativa.L I G A Ç Ã O E M P A R A L E L O R E D U N D A N T E\nA comunicação entre os No Breaks consiste no barramento de \ncomunicação comum, por onde transitam informações contendo \nnível de carga, sincronismo e a condição do by pass.C O M U N I C A Ç Ã O E N T R E O S N O B R E A K STodos os No Breaks são autônomos, operam de forma \nindependente no sistema e possuem controle individual.N Ã O E X I S T E N O B R E A K M E S T R E O U E S C R A V OPodem ser paraleladas quantas unidades forem necessárias, \npossibilitando expansão do sistema, de acordo com a demanda de \nconsumo.Q U A N T I D A D E I L I M I T A D A P A R A P A R A L E L I S M O\nM A N U T E N Ç Ã O D O N O B R E A K\nPermite a inserção ou retirada de um No Break no sistema, sem a \nnecessidade de parada.Rede Elétrica\nde Entrada\nSaídaNo Break 1\n Potência de \n30 kVANo Break 2\nPotência de \n10 kVANo Break 3\nPotência de \n20 kVA\nCarga fornecida pelo sistema = 150 kVANo Break 4\nPotência de \n30 kVANo Break 5\nPotência de \n20 kVANo Break 6\nPotência de \n40 kVA\nINTERFACES DE \nGERENCIAMENTO   \nREMOTO\nSão compostas por diversas ferramentas. O \nAdaptador SNMP NetMate permite\ngerenciar remotamente o No Break via a \nInternet através de um web browser,\nmonitorar o status e enviar alertas por e-mail. \nO software IP Power é uma ferramenta de \ngerenciamento  Windows Application e a \nversão Client é específica para  automatizar o \nshutdown de servidores, podendo desligar \nautomática e simultaneamente vários\ns e r v i d o r e s  e  e s t a ç õ e s .\nO Adaptador ArmModbus permite integrar \no  N o  B r e a k ,  v i a  u m a  p o r t a\nRS485, a Sistemas de Automação Predial.', 'SISTEMA PARALELO MULTI ATIVO (EXCLUSIVO CM COMANDOS)\nA CM Comandos Lineares desenvolveu um sistema inovador e pioneiro no mundo de paralelismo entre no-breaks. O sistema \nParalelo Multi Ativo permite a expansão do sistema, de acordo com sua demanda de consumo, podendo paralelar quantas \nunidades forem necessárias para atender sua demanda, elevando a capacidade do sistema e a confiabilidade de sua aplicação.\nPOSSIBILIDADE DE SOMATÓRIA DE  POTÊNCIAS\nPermite a ligação para somatória de potência, utilizando dois ou mais \nNo-Breaks para atingir a demanda da carga total.\nQuando utilizado para somatória de potência, possibilita a ligação de \nNo-Breaks com potências diferentes. Quando a ligação for feita com \nNo-Breaks de potências diferentes, a carga será distribuída \nproporcionalmente. Permite a ligação em paralelo redundante N + 1,  N + 2, N + 3 … N+X,  \npossibilitando o desligamento de uma ou mais unidades, mantendo a \ncarga ativa.\nA comunicação entre os No-Breaks consiste no barramento de \ncomunicação comum, por onde transitam informações \ncontendo nível de carga, sincronismo e a condição do by pass.COMUNICAÇÃO ENTRE OS NO-BREAKSTodos os No-Breaks são autônomos, operam de forma \nindependente no sistema e possuem controle individual.NÃO EXISTE NO-BREAK MESTRE OU ESCRAVOPodem ser paraleladas quantas unidades forem necessárias, \npossibilitando expansão do sistema, de acordo com a demanda \nde consumo.QUANTIDADE ILIMITADA PARA PARALELISMO\nPARALELISMO DO BANCO DE BATERIAS\nPermite paralelismo dos bancos de baterias (quando forem de \nmesma tensão nominal).MANUTENÇÃO DO NO-BREAK\nPermite a inserção ou retirada de um No-Break no sistema, sem a \nnecessidade de parada.INTERFACES  DE  SHUTDOWN  E GERENCIAMENTO  REMOTO\nRede Elétric a\nde Entr ada\nSaídaNo-break 1\n Potência \nde 60 kV ANo-break 2\nPotência de \n100 kV ANo-break 3\nPotência de \n20 kV A\nCarga fornecida pelo sistema = 410 kV ANo-break 4\nPotência de \n30 kV ANo-break 5\nPotência de \n80 kV ANo-break 6\nPotência de \n120 kV ARede L ocal Ether netA   Inter face de Ger enciamento \n     \nC  Inter face Shutdown \n     Client \n     LANB  Inter face Shutdown \n     D   Inter face de Ger enciamento Remoto \n  \nE  Adaptador SNMP\n     \nF  Client Shutdown\nG Estação Remota\n    Sof tware com \n    conexão à I nter netMultisser vidor es\nMultiplataf ormas\nMulti-S.O .Porta M icroprocessada DB9\nPorta Contato Seco DB9\nRede Ethernet RJ45']","A comunicação entre os No Breaks é realizada através de um barramento de comunicação comum, que permite a troca de informações sobre o nível de carga, sincronismo e a condição do by pass. Essa estrutura de comunicação garante que todos os No Breaks operem de forma autônoma e independente, mantendo controle individual. Essa autonomia e a capacidade de comunicação entre as unidades são essenciais para a confiabilidade do sistema, pois permitem que, mesmo com a inserção ou retirada de um No Break, a carga permaneça ativa sem interrupções, aumentando a eficiência e a flexibilidade do sistema em atender a demanda de consumo.","A comunicação entre No Breaks afeta a autonomia e o controle do sistema, pois permite a troca de informações sobre nível de carga, sincronismo e condição do by pass, embora cada No Break opere de forma independente.",0.99999999995,1.0,0.1666666663888888,0.3636363636363636,0.7332417366967862,0.6666666666666666,0.43,0.8866563115745412,0.2854864433811802,0.3846153846153846,0.0,0.0,0,1,1,1,1
De que maneira a posibilidade de paralelament de unidads em um sistema de no-break mestro ou escravo impacta a expanção e a eficienci do forneciment de energia de acordo com a demanda de consumu?,"['S I S T E M A PA R A L E L O M U LT I AT I V O ( E X C L U S I V O C M C O M A N D O S )\nA CM Comandos Lineares desenvolveu um sistema inovador e pioneiro no mundo de paralelismo entre No Breaks. O sistema Paralelo \nMulti Ativo permite a expansão do sistema, de acordo com sua demanda de consumo, podendo paralelar quantas unidades forem \nnecessárias para atender sua demanda, elevando a capacidade do sistema e a confiabilidade de sua aplicação.\nP O S S I B I L I D A D E D E S O M A T Ó R I A D E  P O T Ê N C I A S\nPermite a ligação para somatória de potência, utilizando dois ou mais No \nBreaks para atingir a demanda da carga total.\nQuando utilizado para somatória de potência, possibilita a ligação de \nNo Breaks com potências diferentes. Quando a ligação for feita com No \nBreaks de potências diferentes, a carga será distribuída \nproporcionalmente. Permite a ligação em paralelo redundante N + 1,  N + 2, N + 3 … N+X,  \npossibilitando o desligamento de uma ou mais unidades mantendo a \ncarga ativa.L I G A Ç Ã O E M P A R A L E L O R E D U N D A N T E\nA comunicação entre os No Breaks consiste no barramento de \ncomunicação comum, por onde transitam informações contendo \nnível de carga, sincronismo e a condição do by pass.C O M U N I C A Ç Ã O E N T R E O S N O B R E A K STodos os No Breaks são autônomos, operam de forma \nindependente no sistema e possuem controle individual.N Ã O E X I S T E N O B R E A K M E S T R E O U E S C R A V OPodem ser paraleladas quantas unidades forem necessárias, \npossibilitando expansão do sistema, de acordo com a demanda de \nconsumo.Q U A N T I D A D E I L I M I T A D A P A R A P A R A L E L I S M O\nM A N U T E N Ç Ã O D O N O B R E A K\nPermite a inserção ou retirada de um No Break no sistema, sem a \nnecessidade de parada.Rede Elétrica\nde Entrada\nSaídaNo Break 1\n Potência de \n30 kVANo Break 2\nPotência de \n10 kVANo Break 3\nPotência de \n20 kVA\nCarga fornecida pelo sistema = 150 kVANo Break 4\nPotência de \n30 kVANo Break 5\nPotência de \n20 kVANo Break 6\nPotência de \n40 kVA\nINTERFACES DE \nGERENCIAMENTO   \nREMOTO\nSão compostas por diversas ferramentas. O \nAdaptador SNMP NetMate permite\ngerenciar remotamente o No Break via a \nInternet através de um web browser,\nmonitorar o status e enviar alertas por e-mail. \nO software IP Power é uma ferramenta de \ngerenciamento  Windows Application e a \nversão Client é específica para  automatizar o \nshutdown de servidores, podendo desligar \nautomática e simultaneamente vários\ns e r v i d o r e s  e  e s t a ç õ e s .\nO Adaptador ArmModbus permite integrar \no  N o  B r e a k ,  v i a  u m a  p o r t a\nRS485, a Sistemas de Automação Predial.', 'SISTEMA PARALELO MULTI ATIVO (EXCLUSIVO CM COMANDOS)\nA CM Comandos Lineares desenvolveu um sistema inovador e pioneiro no mundo de paralelismo entre no-breaks. O sistema \nParalelo Multi Ativo permite a expansão do sistema, de acordo com sua demanda de consumo, podendo paralelar quantas \nunidades forem necessárias para atender sua demanda, elevando a capacidade do sistema e a confiabilidade de sua aplicação.\nPOSSIBILIDADE DE SOMATÓRIA DE  POTÊNCIAS\nPermite a ligação para somatória de potência, utilizando dois ou mais \nNo-Breaks para atingir a demanda da carga total.\nQuando utilizado para somatória de potência, possibilita a ligação de \nNo-Breaks com potências diferentes. Quando a ligação for feita com \nNo-Breaks de potências diferentes, a carga será distribuída \nproporcionalmente. Permite a ligação em paralelo redundante N + 1,  N + 2, N + 3 … N+X,  \npossibilitando o desligamento de uma ou mais unidades, mantendo a \ncarga ativa.\nA comunicação entre os No-Breaks consiste no barramento de \ncomunicação comum, por onde transitam informações \ncontendo nível de carga, sincronismo e a condição do by pass.COMUNICAÇÃO ENTRE OS NO-BREAKSTodos os No-Breaks são autônomos, operam de forma \nindependente no sistema e possuem controle individual.NÃO EXISTE NO-BREAK MESTRE OU ESCRAVOPodem ser paraleladas quantas unidades forem necessárias, \npossibilitando expansão do sistema, de acordo com a demanda \nde consumo.QUANTIDADE ILIMITADA PARA PARALELISMO\nPARALELISMO DO BANCO DE BATERIAS\nPermite paralelismo dos bancos de baterias (quando forem de \nmesma tensão nominal).MANUTENÇÃO DO NO-BREAK\nPermite a inserção ou retirada de um No-Break no sistema, sem a \nnecessidade de parada.INTERFACES  DE  SHUTDOWN  E GERENCIAMENTO  REMOTO\nRede Elétric a\nde Entr ada\nSaídaNo-break 1\n Potência \nde 60 kV ANo-break 2\nPotência de \n100 kV ANo-break 3\nPotência de \n20 kV A\nCarga fornecida pelo sistema = 410 kV ANo-break 4\nPotência de \n30 kV ANo-break 5\nPotência de \n80 kV ANo-break 6\nPotência de \n120 kV ARede L ocal Ether netA   Inter face de Ger enciamento \n     \nC  Inter face Shutdown \n     Client \n     LANB  Inter face Shutdown \n     D   Inter face de Ger enciamento Remoto \n  \nE  Adaptador SNMP\n     \nF  Client Shutdown\nG Estação Remota\n    Sof tware com \n    conexão à I nter netMultisser vidor es\nMultiplataf ormas\nMulti-S.O .Porta M icroprocessada DB9\nPorta Contato Seco DB9\nRede Ethernet RJ45']","A possibilidade de paralelamento de unidades em um sistema de no-break, sem a necessidade de um no-break mestre ou escravo, impacta positivamente a expansão e a eficiência do fornecimento de energia. Isso permite que quantas unidades forem necessárias sejam conectadas, aumentando a capacidade do sistema de acordo com a demanda de consumo. Além disso, a operação autônoma de cada no-break garante que o sistema funcione de forma independente, o que contribui para a confiabilidade e a continuidade do fornecimento de energia, mesmo se uma ou mais unidades precisarem ser desligadas para manutenção. A distribuição proporcional da carga entre no-breaks de potências diferentes também otimiza a utilização dos recursos disponíveis, melhorando a eficiência geral do sistema.","A possibilidade de paralelamento de unidades em um sistema de no-break mestre ou escravo impacta a expansão e a eficiência do fornecimento de energia, permitindo que quantas unidades forem necessárias sejam paraleladas, de acordo com a demanda de consumo.",0.99999999995,1.0,0.0,0.2727272727272727,0.841222204991051,0.5454545454545454,0.47,0.8816478865341464,0.3160621761658031,0.4685714285714285,0.0,0.0,1,1,1,1,1
De que maneira a posibilidade de paralelamento de unidaddes em um sistema de no-break mestro ou escravo impacta a expanção e a eficienci do forneciment de energia de acordo com a demanda de consumu?,"['SISTEMA PARALELO MULTI ATIVO (EXCLUSIVO CM COMANDOS)\nA CM Comandos Lineares desenvolveu um sistema inovador e pioneiro no mundo de paralelismo entre no-breaks. O sistema \nParalelo Multi Ativo permite a expansão do sistema, de acordo com sua demanda de consumo, podendo paralelar quantas \nunidades forem necessárias para atender sua demanda, elevando a capacidade do sistema e a confiabilidade de sua aplicação.\nPOSSIBILIDADE DE SOMATÓRIA DE  POTÊNCIAS\nPermite a ligação para somatória de potência, utilizando dois ou mais \nNo-Breaks para atingir a demanda da carga total.\nQuando utilizado para somatória de potência, possibilita a ligação de \nNo-Breaks com potências diferentes. Quando a ligação for feita com \nNo-Breaks de potências diferentes, a carga será distribuída \nproporcionalmente. Permite a ligação em paralelo redundante N + 1,  N + 2, N + 3 … N+X,  \npossibilitando o desligamento de uma ou mais unidades, mantendo a \ncarga ativa.\nA comunicação entre os No-Breaks consiste no barramento de \ncomunicação comum, por onde transitam informações \ncontendo nível de carga, sincronismo e a condição do by pass.COMUNICAÇÃO ENTRE OS NO-BREAKSTodos os No-Breaks são autônomos, operam de forma \nindependente no sistema e possuem controle individual.NÃO EXISTE NO-BREAK MESTRE OU ESCRAVOPodem ser paraleladas quantas unidades forem necessárias, \npossibilitando expansão do sistema, de acordo com a demanda \nde consumo.QUANTIDADE ILIMITADA PARA PARALELISMO\nPARALELISMO DO BANCO DE BATERIAS\nPermite paralelismo dos bancos de baterias (quando forem de \nmesma tensão nominal).MANUTENÇÃO DO NO-BREAK\nPermite a inserção ou retirada de um No-Break no sistema, sem a \nnecessidade de parada.INTERFACES  DE  SHUTDOWN  E GERENCIAMENTO  REMOTO\nRede Elétric a\nde Entr ada\nSaídaNo-break 1\n Potência \nde 60 kV ANo-break 2\nPotência de \n100 kV ANo-break 3\nPotência de \n20 kV A\nCarga fornecida pelo sistema = 410 kV ANo-break 4\nPotência de \n30 kV ANo-break 5\nPotência de \n80 kV ANo-break 6\nPotência de \n120 kV ARede L ocal Ether netA   Inter face de Ger enciamento \n     \nC  Inter face Shutdown \n     Client \n     LANB  Inter face Shutdown \n     D   Inter face de Ger enciamento Remoto \n  \nE  Adaptador SNMP\n     \nF  Client Shutdown\nG Estação Remota\n    Sof tware com \n    conexão à I nter netMultisser vidor es\nMultiplataf ormas\nMulti-S.O .Porta M icroprocessada DB9\nPorta Contato Seco DB9\nRede Ethernet RJ45', 'S I S T E M A PA R A L E L O M U LT I AT I V O ( E X C L U S I V O C M C O M A N D O S )\nA CM Comandos Lineares desenvolveu um sistema inovador e pioneiro no mundo de paralelismo entre No Breaks. O sistema Paralelo \nMulti Ativo permite a expansão do sistema, de acordo com sua demanda de consumo, podendo paralelar quantas unidades forem \nnecessárias para atender sua demanda, elevando a capacidade do sistema e a confiabilidade de sua aplicação.\nP O S S I B I L I D A D E D E S O M A T Ó R I A D E  P O T Ê N C I A S\nPermite a ligação para somatória de potência, utilizando dois ou mais No \nBreaks para atingir a demanda da carga total.\nQuando utilizado para somatória de potência, possibilita a ligação de \nNo Breaks com potências diferentes. Quando a ligação for feita com No \nBreaks de potências diferentes, a carga será distribuída \nproporcionalmente. Permite a ligação em paralelo redundante N + 1,  N + 2, N + 3 … N+X,  \npossibilitando o desligamento de uma ou mais unidades mantendo a \ncarga ativa.L I G A Ç Ã O E M P A R A L E L O R E D U N D A N T E\nA comunicação entre os No Breaks consiste no barramento de \ncomunicação comum, por onde transitam informações contendo \nnível de carga, sincronismo e a condição do by pass.C O M U N I C A Ç Ã O E N T R E O S N O B R E A K STodos os No Breaks são autônomos, operam de forma \nindependente no sistema e possuem controle individual.N Ã O E X I S T E N O B R E A K M E S T R E O U E S C R A V OPodem ser paraleladas quantas unidades forem necessárias, \npossibilitando expansão do sistema, de acordo com a demanda de \nconsumo.Q U A N T I D A D E I L I M I T A D A P A R A P A R A L E L I S M O\nM A N U T E N Ç Ã O D O N O B R E A K\nPermite a inserção ou retirada de um No Break no sistema, sem a \nnecessidade de parada.Rede Elétrica\nde Entrada\nSaídaNo Break 1\n Potência de \n30 kVANo Break 2\nPotência de \n10 kVANo Break 3\nPotência de \n20 kVA\nCarga fornecida pelo sistema = 150 kVANo Break 4\nPotência de \n30 kVANo Break 5\nPotência de \n20 kVANo Break 6\nPotência de \n40 kVA\nINTERFACES DE \nGERENCIAMENTO   \nREMOTO\nSão compostas por diversas ferramentas. O \nAdaptador SNMP NetMate permite\ngerenciar remotamente o No Break via a \nInternet através de um web browser,\nmonitorar o status e enviar alertas por e-mail. \nO software IP Power é uma ferramenta de \ngerenciamento  Windows Application e a \nversão Client é específica para  automatizar o \nshutdown de servidores, podendo desligar \nautomática e simultaneamente vários\ns e r v i d o r e s  e  e s t a ç õ e s .\nO Adaptador ArmModbus permite integrar \no  N o  B r e a k ,  v i a  u m a  p o r t a\nRS485, a Sistemas de Automação Predial.']","A possibilidade de paralelamento de unidades em um sistema de no-break permite a expansão do sistema de acordo com a demanda de consumo, elevando a capacidade e a confiabilidade da aplicação. Isso significa que é possível conectar quantas unidades forem necessárias, o que facilita a adaptação a diferentes níveis de carga. Além disso, a distribuição proporcional da carga entre no-breaks de potências diferentes garante que o sistema opere de forma eficiente, mesmo quando algumas unidades estão desligadas, mantendo a carga ativa. Essa flexibilidade e autonomia dos no-breaks contribuem para um fornecimento de energia mais eficiente e confiável.","A possibilidade de paralelamento de unidades em um sistema de no-break mestre ou escravo impacta a expansão e a eficiência do fornecimento de energia, permitindo que quantas unidades forem necessárias sejam paraleladas, de acordo com a demanda de consumo.",0.99999999995,0.0,0.0,0.7777777777777778,0.6453922459434267,0.4444444444444444,0.36,0.8368721025823793,0.3055555555555556,0.3398692810457516,0.0,0.0,0,0,1,1,1
Quais sã as implicações da variação de potênci em sistmas elétricos?,"['Av. Eng . Alber to de Zagottis , 760 - 04675-085 -  São P aulo - SP\nPhone .: (11) 5696-5000\nwww.cmcomandos .com.br\nSistema de \nSustentabilidade A uditadoOSD  N LI A NM EO AC R EM SCISO\n90012015\nQ Y UALIT600.000 600,0 1835 x 1444  x 1555  1680\n700.000 700,0 1835 x 1444  x 1555  1760\n800.000 800,0 1835 x 1444  x 1555  1840\nCM MK T JAN - 24  -   As especificações estão sujeitas a alterações sem aviso pr évio e conf orme necessidades de pr ojetos customizados . Nós incentivamos a r eciclagemLinha TI - Trifásic o Isolado\n  10.000   10,0   900 x 360  x  860       180\n  15.000   15,0   900 x 360  x  860       210\n  20.000   20,0   900 x 360  x  860       235\n30.000   30,0 1300 x 360  x  988       300\n40.000   40,0 1300 x 360  x  988      370\n50.000   50,0 1300 x 360  x  988      420\n75.000   75,0 1532 x 540  x 1070      596\n100.000 100,0 1532 x 540  x 1070      730\n150.000 150,0 1532 x 720  x 1070     1050\n200.000 200,0 1532 x 720  x 1070     1150\n250.000 250,0 1835 x 1444  x 1555   1350\n300.000 300,0 1835 x 1444  x 1555   1430\n400.000 400,0 1835 x 1444  x 1555   1520\n500.000 500,0 1835 x 1444  x 1555   1600Modelo Potência\nkVAAlt x Larg x P rof Peso\nmmkg\nLinha TA - Trifásic o com A utotr afo\n* Outras potências sob consultaDIMENSÕES FÍSICAS Entr ada\n   Tensão:  \n    \n    •380/220V ou 220/127V  - modelos TI - standar d\n    \n    •Outras tensões sob consulta\n  Variação A dmissív el:\n   \n    •± 16% da tensão nominal\n   Frequência:  50 ou 60 H z \n   Variação de F requência A dmissív el:  ± 5%\n \n  Configur ação:   Trifásica: 3F + N + T\n \n Fator de P otência:   0,8\nSaída\n  Potências Disponív eis:  \n \n    • 10 / 15 / 20 / 30 / 40 / 50 / 75 / 100 / 150 / 200\n       250 / 300 / 400 / 500 / 600/ 700/ 800 kV A\n \n    • Outras potências sob consulta\nTensão:  \n \n    • 220/127V\n \n    • 380/220V\n \n    • Outras tensões sob consulta\nRegulação Estática:  ± 1% nominal \n Frequência:  50 ou 60 H z \n \n  Configur ação:  Trifásica:  3F +N +  T\n  Fator de P otência:   0,', '00      X 280 X 647         97\n    7500       7,50     787 X 280 X 647        116\n   10000    10,00     815 X 480 X 875        204\n   15000    15,00     815 X 480 X 875        259787Peso (com \nbaterias)\nkgn    \nn   \nn   \nn  \nn   \nn   Upg rade de F irmware   On-Line - Dupla Con versão\nRetificador - I nversor - Banco de Bater ias\nBypass Estático \n Contr ole Dig ital M icroprocessador DSP\nInversor a M ódulo IGBT de Alta F requência \nCertificação de \nSustentabilidade A uditadaOSD  N LI A NM EO AC R EM SCISO\n90012015\nAv. Eng . Alber to de Zagottis , 760 - 04675-085 -  São P aulo - SP\nTel.: (11) 5696-5000 \nwww.cmcomandos .com.brEntr ada\nTensão:  \n    •220 V \n Variação A dmissív el:\n   \n    •± 15% da tensão nominal\nFrequência:  50 ou 60 H z\nVariação de F requência A dmissív el:   + 6%  - 4% \nConfigur ação:\n    \n    •Monofásico : F + N + T\n    \n    •Bifásica: F + F + T\nFator de P otência:\n    \n    •0,8     \n    •0,99*\nPotências Disponív eis:  \n   \n    •5 kV A / 3,5 kW\n   \n    •7,5 kV A / 5,25 kW\n   \n    •10 kV A / 7,0 kW\n   \n    •15 kV A / 10,5 kW\nRegulação Estática:  ± 1% nominal\nFrequência:  50 ou 60 H z\n \nVariação de F requência:  • ± 0,05% em modo bater ia\nConfigur ação:\n     \n    • Monofásico: F + N + T\n     \n    • Bifásica: F + F + T\nFator de P otência:  0,7\nForma de Onda:  senoidal\n Distorção Harmônica THD:  inferior a 1%, total\n  Fator de Crista:  3:1\nCapacidade de Sobr ecar ga:  125% durante25s\nRendimento:  90%\nBaterias\n \nTensão de Linha: 192 VDC\nSistema de Recar ga: contr olado , automático\nTempo de Recar ga: 8 a 10 horas para 90% da car ga\nTipo:  seladas , isentas de manutençãon   \nn  \n \nn    \nn   \nn   \nn   \nn\nn   \nn   \nn    \nn   \nn   \nn   \nn   \nn  \nn \nn   \nn   \nn    \nn   \nn   \nn       \nSaída\nTensão:  \n    • 220 V ( standar d )   Tecnologia\nCM.MK T SET 2021 - As especificações estão sujeitas a alterações sem pr évio aviso . Nós incentivamos a r eciclagem\n * Opcional']","A variação de potência em sistemas elétricos pode levar a diversas implicações, incluindo:

1. **Desempenho do Equipamento**: A variação de potência pode afetar o desempenho de equipamentos elétricos, resultando em eficiência reduzida ou falhas operacionais.

2. **Sobrecarga**: Se a potência exceder os limites especificados, pode ocorrer sobrecarga, levando a danos permanentes nos componentes do sistema.

3. **Estabilidade do Sistema**: Variações significativas podem comprometer a estabilidade do sistema elétrico, causando flutuações na tensão e na frequência.

4. **Consumo de Energia**: A variação de potência pode impactar o consumo de energia, resultando em custos adicionais e desperdício de recursos.

5. **Regulação de Tensão**: A capacidade de manter a tensão dentro de limites aceitáveis pode ser afetada, exigindo sistemas de regulação mais complexos.

6. **Qualidade da Energia**: A variação pode introduzir distorções harmônicas, afetando a qualidade da energia fornecida e potencialmente danificando equipamentos sensíveis.

7. **Segurança**: Em casos extremos, a variação de potência pode representar riscos de segurança, como incêndios ou explosões, se não forem gerenciadas adequadamente.

Essas implicações destacam a importância de monitorar e controlar a variação de potência em sistemas elétricos para garantir operação segura e eficiente.","As implicações da variação de potência em sistemas elétricos podem incluir a eficiência do sistema, a capacidade de carga e a estabilidade operacional, mas o contexto fornecido não detalha essas implicações específicas.",0.0,0.5,0.0,0.0,0.864635003237911,1.0,0.17,0.8105208733871528,0.1465201465201465,0.1886792452830188,0.0,0.0,1,1,1,1,1
Quais implicações variação potência sistemas elétricos afeta eficiência energética?,"['Av. Eng . Alber to de Zagottis , 760 - 04675-085 -  São P aulo - SP\nPhone .: (11) 5696-5000\nwww.cmcomandos .com.br\nSistema de \nSustentabilidade A uditadoOSD  N LI A NM EO AC R EM SCISO\n90012015\nQ Y UALIT600.000 600,0 1835 x 1444  x 1555  1680\n700.000 700,0 1835 x 1444  x 1555  1760\n800.000 800,0 1835 x 1444  x 1555  1840\nCM MK T JAN - 24  -   As especificações estão sujeitas a alterações sem aviso pr évio e conf orme necessidades de pr ojetos customizados . Nós incentivamos a r eciclagemLinha TI - Trifásic o Isolado\n  10.000   10,0   900 x 360  x  860       180\n  15.000   15,0   900 x 360  x  860       210\n  20.000   20,0   900 x 360  x  860       235\n30.000   30,0 1300 x 360  x  988       300\n40.000   40,0 1300 x 360  x  988      370\n50.000   50,0 1300 x 360  x  988      420\n75.000   75,0 1532 x 540  x 1070      596\n100.000 100,0 1532 x 540  x 1070      730\n150.000 150,0 1532 x 720  x 1070     1050\n200.000 200,0 1532 x 720  x 1070     1150\n250.000 250,0 1835 x 1444  x 1555   1350\n300.000 300,0 1835 x 1444  x 1555   1430\n400.000 400,0 1835 x 1444  x 1555   1520\n500.000 500,0 1835 x 1444  x 1555   1600Modelo Potência\nkVAAlt x Larg x P rof Peso\nmmkg\nLinha TA - Trifásic o com A utotr afo\n* Outras potências sob consultaDIMENSÕES FÍSICAS Entr ada\n   Tensão:  \n    \n    •380/220V ou 220/127V  - modelos TI - standar d\n    \n    •Outras tensões sob consulta\n  Variação A dmissív el:\n   \n    •± 16% da tensão nominal\n   Frequência:  50 ou 60 H z \n   Variação de F requência A dmissív el:  ± 5%\n \n  Configur ação:   Trifásica: 3F + N + T\n \n Fator de P otência:   0,8\nSaída\n  Potências Disponív eis:  \n \n    • 10 / 15 / 20 / 30 / 40 / 50 / 75 / 100 / 150 / 200\n       250 / 300 / 400 / 500 / 600/ 700/ 800 kV A\n \n    • Outras potências sob consulta\nTensão:  \n \n    • 220/127V\n \n    • 380/220V\n \n    • Outras tensões sob consulta\nRegulação Estática:  ± 1% nominal \n Frequência:  50 ou 60 H z \n \n  Configur ação:  Trifásica:  3F +N +  T\n  Fator de P otência:   0,', 'ESPECIFICAÇÕES TÉCNICAS \nEntrada\nn Tensão: \n    •  3kVA \n100/110/115/120/127 VAC 120V (standard) ou  \n200/208/220/230/240 VAC 220V (standard) \n    •  6kVA / 10kVA\n 200/208/220/230/240 VAC 220V (standard)\nn Variação Admissível:\n   •   3kVA \n55-150 VAC ou 110-300 VAC @ 50% de Carga\n80-150 VAC ou 160-300 VAC @ 100% de Carga\n   •   6kVA / 10kVA \n110-300 VAC @ 50% de Carga\n176-300 VAC @ 100% de Carga \nn Freqüência: 50/60 Hz                           \nn Variação de Freqüência Admissível:   \n    •    3kVA  \n40-70Hz\n    •    6kVA / 10 kVA \n46-54Hz @50Hz e 56-64Hz @60Hz\nn  Configuração:\nMonofásica \nn Fator de Potência:\n≥ 0.99 Tensão nominal (100% de Carga)\nn Distorção Harmônica THDi:\n    •    3kVA\n ≤ 5% @ Tensão de Entrada nominal\n    •    6kVA / 10kVA\n<4% @100% de Carga, <6% @50% de Carga\nSaída\nnTensão: \n    •   3kVA \n100/110/115/120/127 VAC 115V (standard) ou \n200/208/220/230/240 VAC 220V (standard) \n    •   6kVA / 10kVA \n200/208/220/230/240 VAC 220V (standard) \nn Fator de Potência:  1,0\nn Regulação Estática:   ± 1% nominal modo \nbateria\nn Freqüência:   50 / 60 Hz \nn Variação de Freqüência: \n± 0,1Hz em modo bateria\nn Sincronismo com a Rede:   Sim\nn Configuração:   \n Monofásica f+n+t \nn Forma de Onda:   Onda senoidal pura\nn Distorção Harmônica THD:  \n •   3kVA \n    ≤ 2% carga linear \n    ≤ 4% carga não-linear \n •   6kVA / 10kVA \n    ≤ 1% carga linear \n    ≤ 4% carga não-linearBaterias\nn  Composição:  \n    •    72  VDC - 3,0 kVA \n    •     240 VDC - 6,0 kVA \n    •     240 VDC - 10,0 kVA \nn  Sistema de Recarga: \ncontrolado, automático\nn Tempo de Recarga:  \n8 a 10 horas para 90% da carga\nn Tipo: \nseladas, isentas de manutenção\nn  Paralelismo Redundante (N+1) \n»  Disponível nas potências de 6 e 10kVA\nn By-pass estático (inteligente):  \nO termo inteligente aplica-se, visto que a linha \nComposition XV  possui desligamento da saída da \nchave estática em condições que, a tensão da rede \napresenta variações fora da faixa de trabalho, prote -\ngendo a carga contra sub ou sobre tensão mesmo \nna condição de by-pass estático.']","A variação de potência em sistemas elétricos pode impactar a eficiência energética de várias maneiras. Quando a potência fornecida não está dentro da faixa nominal adequada, pode ocorrer uma distorção harmônica, que afeta a qualidade da energia e pode levar a perdas adicionais. Além disso, a eficiência do sistema pode ser comprometida se a tensão de entrada estiver fora dos limites admissíveis, resultando em sobrecargas ou subcargas nos equipamentos. Isso pode aumentar o consumo de energia e reduzir a vida útil dos componentes. A regulação estática e a capacidade de adaptação a variações de tensão e frequência são essenciais para manter a eficiência energética em níveis ideais.","A variação de potência em sistemas elétricos pode afetar a eficiência energética, mas o contexto fornecido não detalha as implicações específicas dessa variação.",0.0,0.0,0.0,0.1666666666666666,0.9362677308384008,0.5,0.15,0.7657749586979585,0.2113702623906705,0.2453987730061349,0.0,0.0,0,0,1,1,1
Quais as implicações de um sistema com 'Shutdown' em funcionalidade e segurança?,"['TECNOLOGIA ON LINE COM BYPASS ESTÁTICO DE MANUTENÇÃO\nINTERFACE DE GERENCIAMENTO REMOTO\nAs Interfaces de Gerenciamento Remoto são compostas por diversas ferramentas, sendo elas: \n•  O Adaptador SNMP que permite gerenciar remotamente o No-Break via Internet através de um web browser,  monitorar o status \ne enviar alertas por e-mail. \n• O software, uma ferramenta de gerenciamento Windows Application e a versão Client é especíﬁ  ca para automatizar o shutdown \nde servidores, podendo desligar automática e simultaneamente vários servidores e estações. \n• O Adaptador Modbus permite integrar o No-Break, via uma porta RS485, a Sistemas de Automação Predial.\nBypass Estático\nSistema de proteção que, em caso de \nproblemas, transfere automaticamente \na carga para um circuito alternativo, sem \ninterrupção no fornecimento de energia.Bypass Estático de Manutenção\nPermite a transferência e o retorno da carga do No-Break para um circuito \nalternativo de fornecimento de energia, para atividades de manutenção. \nEm quaisquer situações, o fornecimento de energia é contínuo, sem \ninterrupções.\nBanco de Baterias\nArmazena energia reserva para alimentar o No-Break \ndurante um período predeterminado, denominado como \ntempo de autonomia do No-Break.Retificador\nConverte a energia da\nrede elétrica da concessionária\n ou do grupo gerador em\ncorrente contínua, corrigindo \nou eliminando distúrbios\nda entrada do sistema.\nCorrente alternada de entradaCorrente contínua Corrente alternada de saída\nCorrente alternada Bypass estáticoCorrente alternada Bypass estático\nde manutenção\nInversor\nConverte a corrente contínua do \nretiﬁ  cador ou das baterias em corrente \nalternada de saída, com forma de onda \nsenoidal pura, livre de distúrbios.\nRetificador\nConverte a energia da\nrede elétrica da concessionária\n ou do grupo gerador em\nInversor\nConverte a corrente contínua do \nretiﬁ  cador ou das baterias em corrente \nalternada de saída, com forma de onda', 'TECNOLOGIA  ON  LINE  COM  BYPASS\nESTÁTICO  DE  MANUTENÇÃO\nCARACTERÍSTICAS  PRINCIPAIS\nTecnologia Avançada \nDSP  (Digital Signal Processor)\nMedições em True RMS com Precisão de \nMultímetros\nBypass Estático de Manutenção\nSoftware de Gerenciamento Remoto Real-Time \nSistema Paralelo Multi Ativo (Exclusivo CM)Permite funções avançadas e exclusivas em \ntempo real.\nPermite que sejam rastreados para análise.\nSão ideais para a medição de cargas não lineares.\nAdicionam proteção e elevam a confiabilidade da \ncarga sensível.\nVia TCP/IP,  com proteção de senhas para acesso \nremoto, shutdown.\nPodem ser paraleladas quantas unidades forem \nnecessárias, possibilitando expansão do sistema, \nde acordo com a demanda de consumo.Memória Interna para Registro de EventosDisplay TFT 4,3"" Touch Screen\n(Item de Série)\nPossibilidade de Upgrade do Firmware do \nDSP \nAcionamentos Monitorados pelo  DSP\nControle Inteligente da Velocidade dos \nCoolersModerna tela com comandos por toque, que \npermite acesso ao No-Break pela internet.\nGarante a utilização e preservação do \ninvestimento.\nAs manobras são registradas e gravadas no \nlog de eventos.\nProlongam a vida útil dos equipamentos \ne reduzem os intervalos de manutenção. Saída Rede Elétric a\nde En trada\nCorrente Alt ernada de Entrada\nCorrente ContínuaCorrente Alternada de Saída\nCorrente Alternada B ypass Estático  Corr ente Alternada B ypass Estático \nde Manutenção Bypass Estático de Manutenção\nPermite a transf erência e o r etorno da car ga do No -Break \npara um cir cuito alter nativ o de f ornecimento de ener gia, \npara atividades de manutenção . Em quaisquer situações , \no fornecimento de ener gia é contínuo , sem \ninter rupções .\nRetificador\nConverte a ener gia da \nrede elétr ica da \nconcessionár ia ou do \ngrupo gerador em \ncorrente contínua, \ncorrigindo ou \neliminando distúr bios   \nda entrada do sistema.Inversor\nConverte a cor rente contínua do \nretificador ou das bater ias em cor rente \nalter nada de saída, com f orma de onda \nBanco de Baterias\nArmaz ena ener gia reser va para alimentar o No -Break \ndurante um per íodo pr edeter minado , denominado Bypass Estático\nSistema de pr oteção \nque, em caso de \nproblemas , transf ere \nautomaticamente a \ncarga para um \ncircuito alter nativ o, \nsem inter rupção no \nfornecimento de \nener gia. Rede Pr esente\nFalha de R ede\nBypass Estátic o\nBypass Estátic o de\n Manutenç ãoNo-Break C onception M ulti A tivo\nTrifásico\nINTERFACES DE \nGERENCIAMENTO   \nREMOTO\nSão compostas por div ersas \nferramentas . O A daptador SNMP \nNetM ate per mite ger enciar \nremotament e o No -Break via a I nternet \natravés de um w eb br owser , monit orar \no status e en viar aler tas por e -mail . \nO sof tware IP P ower é uma f erramenta \nde ger enciament o  Windows \nApplication e a v ersão Client é \nespecífica para  aut omatizar o \nshut down de ser vidor es, podendo \ndesligar aut omática e simultaneament e \nvários ser vidor es e estações . \nO Adaptador Ar mModbus per mite \nintegrar o No -Break, via uma por ta \nRS485, a Sist emas de A utomação \nPredial .DISPLAY TFT 4,3 ‘’ \nTOUCH SCREEN\nCOMANDO POR TOQUE']","Um sistema com 'Shutdown' automatizado, como o mencionado, oferece várias implicações em funcionalidade e segurança. Em termos de funcionalidade, permite o desligamento automático e simultâneo de vários servidores e estações, o que pode ser crucial em situações de emergência ou manutenção programada. Isso garante que os sistemas sejam desligados de maneira ordenada, evitando perda de dados e danos ao hardware.

Em relação à segurança, um sistema de 'Shutdown' automatizado pode aumentar a proteção contra falhas de energia, pois permite que os equipamentos sejam desligados antes que a energia se esgote completamente. Isso reduz o risco de corrupção de dados e danos aos sistemas. Além disso, a capacidade de monitorar o status e enviar alertas por e-mail contribui para uma resposta rápida a problemas, aumentando a segurança geral do ambiente operacional.",As implicações de um sistema com 'Shutdown' em funcionalidade e segurança não estão claramente definidas no contexto fornecido.,0.0,1.0,0.0,0.2666666666666666,0.9631939415792438,0.2666666666666666,0.0,0.7001457505645727,0.1264501160092807,0.1301775147928994,0.0,0.0,0,1,1,1,1
Quais as implicações de um sistema que tá em 'Shutdown'?,"['S I S T E M A PA R A L E L O M U LT I AT I V O ( E X C L U S I V O C M C O M A N D O S )\nA CM Comandos Lineares desenvolveu um sistema inovador e pioneiro no mundo de paralelismo entre No Breaks. O sistema Paralelo \nMulti Ativo permite a expansão do sistema, de acordo com sua demanda de consumo, podendo paralelar quantas unidades forem \nnecessárias para atender sua demanda, elevando a capacidade do sistema e a confiabilidade de sua aplicação.\nP O S S I B I L I D A D E D E S O M A T Ó R I A D E  P O T Ê N C I A S\nPermite a ligação para somatória de potência, utilizando dois ou mais No \nBreaks para atingir a demanda da carga total.\nQuando utilizado para somatória de potência, possibilita a ligação de \nNo Breaks com potências diferentes. Quando a ligação for feita com No \nBreaks de potências diferentes, a carga será distribuída \nproporcionalmente. Permite a ligação em paralelo redundante N + 1,  N + 2, N + 3 … N+X,  \npossibilitando o desligamento de uma ou mais unidades mantendo a \ncarga ativa.L I G A Ç Ã O E M P A R A L E L O R E D U N D A N T E\nA comunicação entre os No Breaks consiste no barramento de \ncomunicação comum, por onde transitam informações contendo \nnível de carga, sincronismo e a condição do by pass.C O M U N I C A Ç Ã O E N T R E O S N O B R E A K STodos os No Breaks são autônomos, operam de forma \nindependente no sistema e possuem controle individual.N Ã O E X I S T E N O B R E A K M E S T R E O U E S C R A V OPodem ser paraleladas quantas unidades forem necessárias, \npossibilitando expansão do sistema, de acordo com a demanda de \nconsumo.Q U A N T I D A D E I L I M I T A D A P A R A P A R A L E L I S M O\nM A N U T E N Ç Ã O D O N O B R E A K\nPermite a inserção ou retirada de um No Break no sistema, sem a \nnecessidade de parada.Rede Elétrica\nde Entrada\nSaídaNo Break 1\n Potência de \n30 kVANo Break 2\nPotência de \n10 kVANo Break 3\nPotência de \n20 kVA\nCarga fornecida pelo sistema = 150 kVANo Break 4\nPotência de \n30 kVANo Break 5\nPotência de \n20 kVANo Break 6\nPotência de \n40 kVA\nINTERFACES DE \nGERENCIAMENTO   \nREMOTO\nSão compostas por diversas ferramentas. O \nAdaptador SNMP NetMate permite\ngerenciar remotamente o No Break via a \nInternet através de um web browser,\nmonitorar o status e enviar alertas por e-mail. \nO software IP Power é uma ferramenta de \ngerenciamento  Windows Application e a \nversão Client é específica para  automatizar o \nshutdown de servidores, podendo desligar \nautomática e simultaneamente vários\ns e r v i d o r e s  e  e s t a ç õ e s .\nO Adaptador ArmModbus permite integrar \no  N o  B r e a k ,  v i a  u m a  p o r t a\nRS485, a Sistemas de Automação Predial.', 'TECNOLOGIA ON LINE COM BYPASS ESTÁTICO DE MANUTENÇÃO\nINTERFACE DE GERENCIAMENTO REMOTO\nAs Interfaces de Gerenciamento Remoto são compostas por diversas ferramentas, sendo elas: \n•  O Adaptador SNMP que permite gerenciar remotamente o No-Break via Internet através de um web browser,  monitorar o status \ne enviar alertas por e-mail. \n• O software, uma ferramenta de gerenciamento Windows Application e a versão Client é especíﬁ  ca para automatizar o shutdown \nde servidores, podendo desligar automática e simultaneamente vários servidores e estações. \n• O Adaptador Modbus permite integrar o No-Break, via uma porta RS485, a Sistemas de Automação Predial.\nBypass Estático\nSistema de proteção que, em caso de \nproblemas, transfere automaticamente \na carga para um circuito alternativo, sem \ninterrupção no fornecimento de energia.Bypass Estático de Manutenção\nPermite a transferência e o retorno da carga do No-Break para um circuito \nalternativo de fornecimento de energia, para atividades de manutenção. \nEm quaisquer situações, o fornecimento de energia é contínuo, sem \ninterrupções.\nBanco de Baterias\nArmazena energia reserva para alimentar o No-Break \ndurante um período predeterminado, denominado como \ntempo de autonomia do No-Break.Retificador\nConverte a energia da\nrede elétrica da concessionária\n ou do grupo gerador em\ncorrente contínua, corrigindo \nou eliminando distúrbios\nda entrada do sistema.\nCorrente alternada de entradaCorrente contínua Corrente alternada de saída\nCorrente alternada Bypass estáticoCorrente alternada Bypass estático\nde manutenção\nInversor\nConverte a corrente contínua do \nretiﬁ  cador ou das baterias em corrente \nalternada de saída, com forma de onda \nsenoidal pura, livre de distúrbios.\nRetificador\nConverte a energia da\nrede elétrica da concessionária\n ou do grupo gerador em\nInversor\nConverte a corrente contínua do \nretiﬁ  cador ou das baterias em corrente \nalternada de saída, com forma de onda']","Um sistema em 'Shutdown' implica que todas as operações estão suspensas, resultando na interrupção do fornecimento de energia para as cargas conectadas. Isso pode levar à perda de dados, interrupção de serviços e potencial dano a equipamentos sensíveis. Além disso, durante o processo de desligamento, é crucial garantir que todos os dispositivos sejam desligados de forma segura para evitar danos. A manutenção ou a troca de componentes pode ser realizada, mas a continuidade do fornecimento de energia não está garantida até que o sistema seja reiniciado.",As implicações de um sistema que está em 'Shutdown' podem incluir a interrupção de todas as operações e a necessidade de reinicialização para retomar as funções normais.,0.0,0.0,0.0,0.0,0.852133421954311,0.1111111111111111,0.2,0.8148671313605687,0.2100538599640933,0.192,0.0,0.0,1,0,1,1,1
Quais as implicações de manter No-Break manualmente na operação?,"['S I S T E M A PA R A L E L O M U LT I AT I V O ( E X C L U S I V O C M C O M A N D O S )\nA CM Comandos Lineares desenvolveu um sistema inovador e pioneiro no mundo de paralelismo entre No Breaks. O sistema Paralelo \nMulti Ativo permite a expansão do sistema, de acordo com sua demanda de consumo, podendo paralelar quantas unidades forem \nnecessárias para atender sua demanda, elevando a capacidade do sistema e a confiabilidade de sua aplicação.\nP O S S I B I L I D A D E D E S O M A T Ó R I A D E  P O T Ê N C I A S\nPermite a ligação para somatória de potência, utilizando dois ou mais No \nBreaks para atingir a demanda da carga total.\nQuando utilizado para somatória de potência, possibilita a ligação de \nNo Breaks com potências diferentes. Quando a ligação for feita com No \nBreaks de potências diferentes, a carga será distribuída \nproporcionalmente. Permite a ligação em paralelo redundante N + 1,  N + 2, N + 3 … N+X,  \npossibilitando o desligamento de uma ou mais unidades mantendo a \ncarga ativa.L I G A Ç Ã O E M P A R A L E L O R E D U N D A N T E\nA comunicação entre os No Breaks consiste no barramento de \ncomunicação comum, por onde transitam informações contendo \nnível de carga, sincronismo e a condição do by pass.C O M U N I C A Ç Ã O E N T R E O S N O B R E A K STodos os No Breaks são autônomos, operam de forma \nindependente no sistema e possuem controle individual.N Ã O E X I S T E N O B R E A K M E S T R E O U E S C R A V OPodem ser paraleladas quantas unidades forem necessárias, \npossibilitando expansão do sistema, de acordo com a demanda de \nconsumo.Q U A N T I D A D E I L I M I T A D A P A R A P A R A L E L I S M O\nM A N U T E N Ç Ã O D O N O B R E A K\nPermite a inserção ou retirada de um No Break no sistema, sem a \nnecessidade de parada.Rede Elétrica\nde Entrada\nSaídaNo Break 1\n Potência de \n30 kVANo Break 2\nPotência de \n10 kVANo Break 3\nPotência de \n20 kVA\nCarga fornecida pelo sistema = 150 kVANo Break 4\nPotência de \n30 kVANo Break 5\nPotência de \n20 kVANo Break 6\nPotência de \n40 kVA\nINTERFACES DE \nGERENCIAMENTO   \nREMOTO\nSão compostas por diversas ferramentas. O \nAdaptador SNMP NetMate permite\ngerenciar remotamente o No Break via a \nInternet através de um web browser,\nmonitorar o status e enviar alertas por e-mail. \nO software IP Power é uma ferramenta de \ngerenciamento  Windows Application e a \nversão Client é específica para  automatizar o \nshutdown de servidores, podendo desligar \nautomática e simultaneamente vários\ns e r v i d o r e s  e  e s t a ç õ e s .\nO Adaptador ArmModbus permite integrar \no  N o  B r e a k ,  v i a  u m a  p o r t a\nRS485, a Sistemas de Automação Predial.', 'TECNOLOGIA ON LINE COM BYPASS ESTÁTICO DE MANUTENÇÃO\nINTERFACE DE GERENCIAMENTO REMOTO\nAs Interfaces de Gerenciamento Remoto são compostas por diversas ferramentas, sendo elas: \n•  O Adaptador SNMP que permite gerenciar remotamente o No-Break via Internet através de um web browser,  monitorar o status \ne enviar alertas por e-mail. \n• O software, uma ferramenta de gerenciamento Windows Application e a versão Client é especíﬁ  ca para automatizar o shutdown \nde servidores, podendo desligar automática e simultaneamente vários servidores e estações. \n• O Adaptador Modbus permite integrar o No-Break, via uma porta RS485, a Sistemas de Automação Predial.\nBypass Estático\nSistema de proteção que, em caso de \nproblemas, transfere automaticamente \na carga para um circuito alternativo, sem \ninterrupção no fornecimento de energia.Bypass Estático de Manutenção\nPermite a transferência e o retorno da carga do No-Break para um circuito \nalternativo de fornecimento de energia, para atividades de manutenção. \nEm quaisquer situações, o fornecimento de energia é contínuo, sem \ninterrupções.\nBanco de Baterias\nArmazena energia reserva para alimentar o No-Break \ndurante um período predeterminado, denominado como \ntempo de autonomia do No-Break.Retificador\nConverte a energia da\nrede elétrica da concessionária\n ou do grupo gerador em\ncorrente contínua, corrigindo \nou eliminando distúrbios\nda entrada do sistema.\nCorrente alternada de entradaCorrente contínua Corrente alternada de saída\nCorrente alternada Bypass estáticoCorrente alternada Bypass estático\nde manutenção\nInversor\nConverte a corrente contínua do \nretiﬁ  cador ou das baterias em corrente \nalternada de saída, com forma de onda \nsenoidal pura, livre de distúrbios.\nRetificador\nConverte a energia da\nrede elétrica da concessionária\n ou do grupo gerador em\nInversor\nConverte a corrente contínua do \nretiﬁ  cador ou das baterias em corrente \nalternada de saída, com forma de onda']","Manter No-Breaks manualmente na operação pode ter várias implicações. A operação manual pode aumentar o risco de erro humano, como a desconexão acidental de unidades ou a falha em monitorar adequadamente o status de cada No-Break. Além disso, a manutenção manual pode resultar em interrupções no fornecimento de energia, especialmente se não houver um sistema de bypass automático para transferir a carga em caso de falhas. A falta de automação também pode dificultar a gestão eficiente da carga e a distribuição proporcional entre No-Breaks de potências diferentes, o que pode comprometer a confiabilidade do sistema. Por fim, a ausência de interfaces de gerenciamento remoto pode limitar a capacidade de monitoramento e resposta rápida a problemas, aumentando o tempo de inatividade e a vulnerabilidade a falhas no fornecimento de energia.",As implicações de manter No-Break manualmente na operação incluem a possibilidade de realizar manutenção sem desligar a carga e a reposição ao modo normal sem interrupção.,0.99999999995,1.0,0.0,0.0,0.9782202752650424,0.0,0.12,0.8495366974333906,0.1676575505350772,0.1878453038674033,0.0,0.0,1,1,1,1,1
Quais as implicações de manter o No-Break manualmente para a operação?,"['S I S T E M A PA R A L E L O M U LT I AT I V O ( E X C L U S I V O C M C O M A N D O S )\nA CM Comandos Lineares desenvolveu um sistema inovador e pioneiro no mundo de paralelismo entre No Breaks. O sistema Paralelo \nMulti Ativo permite a expansão do sistema, de acordo com sua demanda de consumo, podendo paralelar quantas unidades forem \nnecessárias para atender sua demanda, elevando a capacidade do sistema e a confiabilidade de sua aplicação.\nP O S S I B I L I D A D E D E S O M A T Ó R I A D E  P O T Ê N C I A S\nPermite a ligação para somatória de potência, utilizando dois ou mais No \nBreaks para atingir a demanda da carga total.\nQuando utilizado para somatória de potência, possibilita a ligação de \nNo Breaks com potências diferentes. Quando a ligação for feita com No \nBreaks de potências diferentes, a carga será distribuída \nproporcionalmente. Permite a ligação em paralelo redundante N + 1,  N + 2, N + 3 … N+X,  \npossibilitando o desligamento de uma ou mais unidades mantendo a \ncarga ativa.L I G A Ç Ã O E M P A R A L E L O R E D U N D A N T E\nA comunicação entre os No Breaks consiste no barramento de \ncomunicação comum, por onde transitam informações contendo \nnível de carga, sincronismo e a condição do by pass.C O M U N I C A Ç Ã O E N T R E O S N O B R E A K STodos os No Breaks são autônomos, operam de forma \nindependente no sistema e possuem controle individual.N Ã O E X I S T E N O B R E A K M E S T R E O U E S C R A V OPodem ser paraleladas quantas unidades forem necessárias, \npossibilitando expansão do sistema, de acordo com a demanda de \nconsumo.Q U A N T I D A D E I L I M I T A D A P A R A P A R A L E L I S M O\nM A N U T E N Ç Ã O D O N O B R E A K\nPermite a inserção ou retirada de um No Break no sistema, sem a \nnecessidade de parada.Rede Elétrica\nde Entrada\nSaídaNo Break 1\n Potência de \n30 kVANo Break 2\nPotência de \n10 kVANo Break 3\nPotência de \n20 kVA\nCarga fornecida pelo sistema = 150 kVANo Break 4\nPotência de \n30 kVANo Break 5\nPotência de \n20 kVANo Break 6\nPotência de \n40 kVA\nINTERFACES DE \nGERENCIAMENTO   \nREMOTO\nSão compostas por diversas ferramentas. O \nAdaptador SNMP NetMate permite\ngerenciar remotamente o No Break via a \nInternet através de um web browser,\nmonitorar o status e enviar alertas por e-mail. \nO software IP Power é uma ferramenta de \ngerenciamento  Windows Application e a \nversão Client é específica para  automatizar o \nshutdown de servidores, podendo desligar \nautomática e simultaneamente vários\ns e r v i d o r e s  e  e s t a ç õ e s .\nO Adaptador ArmModbus permite integrar \no  N o  B r e a k ,  v i a  u m a  p o r t a\nRS485, a Sistemas de Automação Predial.', 'TECNOLOGIA ON LINE COM BYPASS ESTÁTICO DE MANUTENÇÃO\nINTERFACE DE GERENCIAMENTO REMOTO\nAs Interfaces de Gerenciamento Remoto são compostas por diversas ferramentas, sendo elas: \n•  O Adaptador SNMP que permite gerenciar remotamente o No-Break via Internet através de um web browser,  monitorar o status \ne enviar alertas por e-mail. \n• O software, uma ferramenta de gerenciamento Windows Application e a versão Client é especíﬁ  ca para automatizar o shutdown \nde servidores, podendo desligar automática e simultaneamente vários servidores e estações. \n• O Adaptador Modbus permite integrar o No-Break, via uma porta RS485, a Sistemas de Automação Predial.\nBypass Estático\nSistema de proteção que, em caso de \nproblemas, transfere automaticamente \na carga para um circuito alternativo, sem \ninterrupção no fornecimento de energia.Bypass Estático de Manutenção\nPermite a transferência e o retorno da carga do No-Break para um circuito \nalternativo de fornecimento de energia, para atividades de manutenção. \nEm quaisquer situações, o fornecimento de energia é contínuo, sem \ninterrupções.\nBanco de Baterias\nArmazena energia reserva para alimentar o No-Break \ndurante um período predeterminado, denominado como \ntempo de autonomia do No-Break.Retificador\nConverte a energia da\nrede elétrica da concessionária\n ou do grupo gerador em\ncorrente contínua, corrigindo \nou eliminando distúrbios\nda entrada do sistema.\nCorrente alternada de entradaCorrente contínua Corrente alternada de saída\nCorrente alternada Bypass estáticoCorrente alternada Bypass estático\nde manutenção\nInversor\nConverte a corrente contínua do \nretiﬁ  cador ou das baterias em corrente \nalternada de saída, com forma de onda \nsenoidal pura, livre de distúrbios.\nRetificador\nConverte a energia da\nrede elétrica da concessionária\n ou do grupo gerador em\nInversor\nConverte a corrente contínua do \nretiﬁ  cador ou das baterias em corrente \nalternada de saída, com forma de onda']","Manter o No-Break manualmente para a operação pode ter várias implicações. Primeiramente, a operação manual pode aumentar o risco de erro humano, o que pode levar a falhas no fornecimento de energia em situações críticas. Além disso, a manutenção manual pode exigir mais tempo e esforço, especialmente se houver necessidade de desligar o sistema para realizar ajustes ou substituições. 

Outro ponto importante é que, ao não utilizar sistemas automáticos de gerenciamento remoto, pode haver uma falta de monitoramento constante do status do No-Break, o que pode resultar em atrasos na identificação de problemas. Isso pode comprometer a confiabilidade do sistema e a continuidade do fornecimento de energia. 

Por fim, a operação manual pode limitar a capacidade de realizar manutenções sem interrupções, já que a inserção ou retirada de unidades pode exigir paradas no sistema, afetando a disponibilidade de energia para as cargas conectadas.",Manter o No-Break manualmente permite a manutenção sem desligar a carga e reposição ao modo normal sem interrupção.,0.99999999995,1.0,0.0,0.0,0.9948142864017347,0.0,0.13,0.8193498261517405,0.1208907741251326,0.1639344262295081,0.0,0.0,0,1,1,1,1
Quais sã os diferent tipos de alrmes controlados pel processador DSP e como elis se manifestam?,"['Alta Tecnologia em\nProcessamento Digital de Sinais - DSP\nHoje esta tecnologia está presente nos mais soﬁ  sticados sistemas eletrônicos devido a sua alta velocidade e conﬁ  abil-\ndade. Processadores Digitais de Sinais são capazes de processar dez milhões de amostragens por segundo. Isso signiﬁ  -\nca processamento em tempo real - o sinal é processado no mesmo instante em que é recebido, sem retardos ou atrasos.Vivemos  em um mundo cada vez mais ágil e prático. Um mundo conectado por processadores, chips, softwares e periféricos.  Mas \nainda não é o bastante, por isso, o mundo caminha para tecnologias de processamento imediato de dados. A CM Comandos está \num passo à frente e oferece aos seus clientes produtos dotados de uma tecnologia revolucionária, denominada Processamento \nDigital de Sinais - DSP .\nToda linha de No-Breaks Composition conta com a tecno-\nlogia DSP . Característica que proporciona alta performa-\nce e conﬁ  abilidade, tornando-os ideais para aplicações de \nmissão crítica. Ou seja, protegem as aplicações nas quais a  \ncontinuidade da operação é de fundamental importância. \nProjetados com o uso intenso dos recursos da tecnologia\nDSP , os No-Breaks Composition agregam novos e avançados \nrecursos que estabelecem um novo conceito em desenvolvi-\nmento, no qual o ﬁ  rmware dos equipamentos pode ser atuali-\nzado acrescentando novas funções em  unidades já instaladas.\nAo pensar em adquirir No-Breaks, conte com as soluções da \nCM Comandos, que asseguram tecnologia de ponta, máxima \nproteção, precisão digital e processamento em tempo real.OS MAIS MODERNOS NO-BREAKS CORPORATIVOS', 'Alta Tecnolog ia em\nProcessament o Dig ital\nde Sinais - DSP\nOS MAIS MODERNOS\nNO-BREAKS CORPORATIVOSVivemos em um mundo cada v ez mais ág il e prático . Um mundo conec tado por pr ocessador es, chips , softwares e \nperiféricos. Mas isso ainda não é o bastant e. Por isso , o mundo caminha para t ecnolog ias de pr ocessament o imediat o \nde dados . A CM C omandos Linear es está um passo à fr ente e of erece aos seus client es pr odut os dotados de uma \ntecnolog ia revolucionár ia, denominada P rocessament o Dig ital de Sinais - - DSP .\nToda a linha de No -Breaks  \nconta com a t ecnolog ia DSP .  Carac terística que \npropor ciona alta per formance e confiabilidade , Conception Multi Ativ o \npara aplicações de missão cr ítica. Ou seja, pr otegem as aplicações nas quais a continuidade da operação é de \nfundamental impor tância.\nequipament os pode ser atualizado , \nacrescentando novas funções em \nunidades já instaladas . Hoje , esta t ecnolog ia está pr esent e nos mais sofisticados sist emas eletr ônicos , devido à sua alta v elocidade e \nconfiabilidade . Processador es Dig itais de Sinais são capaz es de pr ocessar dez milhões de amostragens por segundo . \nIsso sig nifica pr ocessament o em t empo r eal -- o sinal é pr ocessado no mesmo instant e em que é r ecebido , sem \nretardos ou atrasos .\nProjetados com o uso int enso dos r ecursos da t ecnolog ia DSP ,  os No -Breaks C onception Multi Ativ o  ag regam nov os  \ne avançados r ecursos , que estabelecem um nov o conceit o em desen volviment o, no qual o fir mware dos \nAdquir indo No -Breaks , cont e com as \nsoluções da CM C omandos , que \nasseguram t ecnolog ia de ponta, \nmáxima pr oteção , precisão dig ital e \nprocessament o em t empo r eal.  Modelo 300kV A']","As informações fornecidas não detalham os diferentes tipos de alarmes controlados pelo processador DSP nem como eles se manifestam. Para obter essa informação específica, seria necessário consultar fontes adicionais ou documentação mais detalhada sobre os sistemas que utilizam a tecnologia DSP.","Os diferentes tipos de alarmes controlados pelo processador DSP incluem alarmes sonoros, como falta de rede (1 toque por segundo) e pré-alarme das baterias (2 toques por segundo), além de mensagens de alerta que podem ser exibidas em um display de cristal líquido, enviadas via software IP Power por TCP/IP ou por e-mail.",0.0,0.0,0.0,0.0,0.0,1.0,0.0,0.7506766203895301,0.2772585669781932,0.2095238095238095,0.0,0.0,1,1,1,0,0
Quais são os diferentes tipos de alarmes controlados pelo processador DSP e como eles se manifestam?,"['Alta Tecnologia em\nProcessamento Digital de Sinais - DSP\nHoje esta tecnologia está presente nos mais soﬁ  sticados sistemas eletrônicos devido a sua alta velocidade e conﬁ  abil-\ndade. Processadores Digitais de Sinais são capazes de processar dez milhões de amostragens por segundo. Isso signiﬁ  -\nca processamento em tempo real - o sinal é processado no mesmo instante em que é recebido, sem retardos ou atrasos.Vivemos  em um mundo cada vez mais ágil e prático. Um mundo conectado por processadores, chips, softwares e periféricos.  Mas \nainda não é o bastante, por isso, o mundo caminha para tecnologias de processamento imediato de dados. A CM Comandos está \num passo à frente e oferece aos seus clientes produtos dotados de uma tecnologia revolucionária, denominada Processamento \nDigital de Sinais - DSP .\nToda linha de No-Breaks Composition conta com a tecno-\nlogia DSP . Característica que proporciona alta performa-\nce e conﬁ  abilidade, tornando-os ideais para aplicações de \nmissão crítica. Ou seja, protegem as aplicações nas quais a  \ncontinuidade da operação é de fundamental importância. \nProjetados com o uso intenso dos recursos da tecnologia\nDSP , os No-Breaks Composition agregam novos e avançados \nrecursos que estabelecem um novo conceito em desenvolvi-\nmento, no qual o ﬁ  rmware dos equipamentos pode ser atuali-\nzado acrescentando novas funções em  unidades já instaladas.\nAo pensar em adquirir No-Breaks, conte com as soluções da \nCM Comandos, que asseguram tecnologia de ponta, máxima \nproteção, precisão digital e processamento em tempo real.OS MAIS MODERNOS NO-BREAKS CORPORATIVOS', 'Alta Tecnolog ia em\nProcessament o Dig ital\nde Sinais - DSP\nOS MAIS MODERNOS\nNO-BREAKS CORPORATIVOSVivemos em um mundo cada v ez mais ág il e prático . Um mundo conec tado por pr ocessador es, chips , softwares e \nperiféricos. Mas isso ainda não é o bastant e. Por isso , o mundo caminha para t ecnolog ias de pr ocessament o imediat o \nde dados . A CM C omandos Linear es está um passo à fr ente e of erece aos seus client es pr odut os dotados de uma \ntecnolog ia revolucionár ia, denominada P rocessament o Dig ital de Sinais - - DSP .\nToda a linha de No -Breaks  \nconta com a t ecnolog ia DSP .  Carac terística que \npropor ciona alta per formance e confiabilidade , Conception Multi Ativ o \npara aplicações de missão cr ítica. Ou seja, pr otegem as aplicações nas quais a continuidade da operação é de \nfundamental impor tância.\nequipament os pode ser atualizado , \nacrescentando novas funções em \nunidades já instaladas . Hoje , esta t ecnolog ia está pr esent e nos mais sofisticados sist emas eletr ônicos , devido à sua alta v elocidade e \nconfiabilidade . Processador es Dig itais de Sinais são capaz es de pr ocessar dez milhões de amostragens por segundo . \nIsso sig nifica pr ocessament o em t empo r eal -- o sinal é pr ocessado no mesmo instant e em que é r ecebido , sem \nretardos ou atrasos .\nProjetados com o uso int enso dos r ecursos da t ecnolog ia DSP ,  os No -Breaks C onception Multi Ativ o  ag regam nov os  \ne avançados r ecursos , que estabelecem um nov o conceit o em desen volviment o, no qual o fir mware dos \nAdquir indo No -Breaks , cont e com as \nsoluções da CM C omandos , que \nasseguram t ecnolog ia de ponta, \nmáxima pr oteção , precisão dig ital e \nprocessament o em t empo r eal.  Modelo 300kV A']","A informação disponível não detalha os diferentes tipos de alarmes controlados pelo processador DSP nem como eles se manifestam. O foco está na alta performance, confiabilidade e capacidade de processamento em tempo real dos No-Breaks que utilizam essa tecnologia. Para informações específicas sobre alarmes, seria necessário consultar documentação adicional ou especificações técnicas dos produtos.","Os diferentes tipos de alarmes controlados pelo processador DSP incluem alarmes sonoros, como falta de rede (1 toque por segundo) e pré-alarmes das baterias (2 toques por segundo), além de mensagens de alerta que podem ser exibidas em um display de cristal líquido, enviadas via software IP Power por TCP/IP ou por e-mail.",0.0,0.0,0.0,0.0,0.0,1.0,0.0,0.7862795728364431,0.3383458646616541,0.2295081967213114,0.0,0.0,1,1,1,0,0
Quais os impactos das variações de tensão e corrente nas medições e desempenho dos sistemas?,"['TECNOLOGIA  EQUALIZER\nEqualização A tiva Individual das Ba terias\n O módulo de bater ia ativ o regula individualmente a \ntensão de cada bater ia e as mantém homogêneas , \nelevando a sua durabilidade , capacidade e r esistência \ncontra cor rosão e sulfatação .\nEvita e pr otege c ontr a Ex cesso de C arga\nAtrav és da Equalização Ativa as bater ias são pr oteg idas \nindividualmente contra o ex cesso de car ga, pr evenindo -\nas contra exalação de gases , secagem do eletr ólito \ninter no e do aquecimento inter no em ex cesso .\nEvita e pr otege c ontr a Falta de C arga\nA Equalização Ativa individual das bater ias impede que \nas mesmas r ecebam menor tensão que dev eriam, \nevitando -se a sulfatação e a per da de capacidade .\nIndicador de P roblemas da Ba teria\nAtrav és da medição da Tensão , Impedância e \nTemperatura, o sistema monitora os pr oblemas típicos \ndas bater ias, tais como sulfatação , cor rosão , per da de \ngases , secagem do eletr ólito e aquecimento inter no.Elimina a Sulfa tação das Ba terias\nO pr oblema decor re dos car regador es e r etificador es de \nbater ias, que r egulam a tensão de flutuação ou \nequalização na tensão final das bater ias e não garantem \nque em algumas  bater ias elas r ecebam maior tensão e , \nem outras , menor tensão . Atrav és da Equalização Ativa, \nmantêm-se todas as bater ias com tensão equilibrada.\nProteção c ontr a contaminação de ba terias\nAtrav és da Equalização Ativa individual de cada bater ia, \nevitam-se danos de uma bater ia a outras bater ias \npróximas , o ef eito de contaminação , ou seja, uma bater ia \nruim danifica as boas .\nOtimização da capacidade das ba terias\nGraças à Equalização Ativa, o Equaliz er garante a plena \nrecar ga e a máxima otimização da bater ia.\nAler ta par a substituir ba terias\nAtrav és da análise da cur va de impedância, pode -se \nidentificar a tendência, já na fase inicial de instalação , se \nalguma bater ia está deter iorada ou simplesmente mais \nfraca do que as outras . Quanto antes ef etuar este \ndiag nóstico , melhor será para o r estante da vida útil das \ndemais bater ias.Alarmes de ba teria\nAtrav és do monitoramento dos parâmetr os-chav e das \nbater ias e medições de limites pr eestabelecidos , o \nsistema en via avisos de alar mes automaticamente aos \nadministrador es do sistema.\nManutenção à distância \nO Equaliz er melhora a qualidade do ser viço, fornecendo \nmonitoramento r emoto atrav és da I nternet, VPN ou \noutra r ede, para faz er download de dados em tempo \nreal e acesso ao histór ico da bater ia para análise . \nManutenção sem desligar o sistema\nOs testes de bater ia individuais são possív eis \nremotamente , sem o esf orço para desligar as bater ias. \nAs manutenções e as análises  de bater ia podem ser \nrealizadas em condições r eais de operação , sem a \nnecessidade de paradas no sistema.\nOtimiza a manutenção em campo\nA equipe de manutenção se desloca somente quando \nhá inter venções cor retivas e dir etas na bater ia que \napresentar def eito na ocor rência de alar mes ou na \nanálise de diag nóstico e , é clar o, reduz enor mes custos \noperacionais .', 'Medidas de P roteção \nVitais para I nstalações \nElétr icas Hospitalar es\nFUNCIONAMENTO Sistema de Aterrament o IT Médico \nO Sistema IT Médico é um sistema de super visão de falhas de isolação nas instalações elétr icas aplicado em \nconfiguração de aterrament o tipo IT, conf orme previsão da norma NBR 13534:2008 da Anvisa. \nEsta norma visa garantir a manut enção dos equipament os de sustentação à vida, mesmo em caso de \nprimeira falha de isolação elétr ica nos Estabeleciment os Assistenciais a Saúde (EAS). \nA utilização desta proteção é compulsór ia nos ambient es hospitalar es do Grupo 2, nos quais se enquadram \nas Salas Cirúr gicas, UTIs , UTIs Neonatais e Salas de Hemodinâmica. \nA utilização do Sistema IT Médico aumenta a segurança \npara o pacient e e para o corpo clínico ,  pois a interrupção \nno forneciment o de ener gia elétr ica em caso de uma falta é evitada, pois mesmo em um caso de curto- \ncircuito fase t erra, por ex emplo , um equipament o eletr omédico pode ser usado para auxiliar ou substituir , \ntemporar iament e ou permanent ement e  funções vitais de um pacient e. \nAlém disso , ocor re uma redução nas correntes de fuga circulando pelo condut or de proteção , o que diminui \na tensão de contat o e consequent ement e a intensidade de um choque elétr ico acidental .\nO Sistema possui Dispositiv o Super visor de Isolament o (DSI), Dispositiv o Super visor de Temperatura (DST ) e \nDispositiv o Super visor de Corrente (DSC ) que mede a resist ência entre os condut ores de alimentação e o \ncondut or de proteção , sinalizando sonora e visualment e quando essa resist ência decr esce para 50 KΩ. \nCOMPOSIÇ ÃO BÁSIC A  Quadr o de Ener gia Elétrica  - Sistema IT Médico \nO sistema é compost o por: \n• Transf ormador de Separação \n• Dispositiv o Super visor de Isolament o (DSI) \n  Super visor de Temperatura (DST )\n  Super visor de Corrente (DSC ) \n• Dispositiv o Anunciador \n• Montagem em Rack\nOpcionais: \n• Gerador de Sinal BT-4000\n• Localizador Individual de Falha BT-0074/ BT 0078\n• Interface Homem-M áquina (IHM)']","As variações de tensão e corrente podem afetar significativamente o desempenho dos sistemas, especialmente em aplicações críticas como instalações elétricas hospitalares. No contexto de sistemas de equalização de baterias, por exemplo, a tensão inadequada pode levar à sulfatação e à perda de capacidade das baterias, comprometendo sua durabilidade e eficiência. 

Em sistemas de aterramento, como o IT Médico, a resistência entre os condutores de alimentação e o condutor de proteção é monitorada. Se essa resistência diminuir para níveis críticos, pode indicar falhas de isolação, aumentando o risco de choques elétricos e comprometendo a segurança dos pacientes e do corpo clínico. Portanto, a manutenção de níveis adequados de tensão e corrente é crucial para garantir a operação segura e eficiente dos sistemas.","As variações de tensão e corrente impactam as medições e o desempenho dos sistemas, afetando a precisão das medições de potência, tensão e corrente, além de influenciar a eficiência operacional dos equipamentos.",0.99999999995,1.0,0.0,0.1818181818181818,0.7665172181056698,1.0,0.43,0.7678860793655855,0.2144607843137255,0.2513661202185793,0.0,0.0,0,1,1,1,1
Quais os impacto das variaçõe de tensão e corrente nas medições elétrica e no desempenho dos sistema elétrico?,"['TECNOLOGIA  EQUALIZER\nEqualização A tiva Individual das Ba terias\n O módulo de bater ia ativ o regula individualmente a \ntensão de cada bater ia e as mantém homogêneas , \nelevando a sua durabilidade , capacidade e r esistência \ncontra cor rosão e sulfatação .\nEvita e pr otege c ontr a Ex cesso de C arga\nAtrav és da Equalização Ativa as bater ias são pr oteg idas \nindividualmente contra o ex cesso de car ga, pr evenindo -\nas contra exalação de gases , secagem do eletr ólito \ninter no e do aquecimento inter no em ex cesso .\nEvita e pr otege c ontr a Falta de C arga\nA Equalização Ativa individual das bater ias impede que \nas mesmas r ecebam menor tensão que dev eriam, \nevitando -se a sulfatação e a per da de capacidade .\nIndicador de P roblemas da Ba teria\nAtrav és da medição da Tensão , Impedância e \nTemperatura, o sistema monitora os pr oblemas típicos \ndas bater ias, tais como sulfatação , cor rosão , per da de \ngases , secagem do eletr ólito e aquecimento inter no.Elimina a Sulfa tação das Ba terias\nO pr oblema decor re dos car regador es e r etificador es de \nbater ias, que r egulam a tensão de flutuação ou \nequalização na tensão final das bater ias e não garantem \nque em algumas  bater ias elas r ecebam maior tensão e , \nem outras , menor tensão . Atrav és da Equalização Ativa, \nmantêm-se todas as bater ias com tensão equilibrada.\nProteção c ontr a contaminação de ba terias\nAtrav és da Equalização Ativa individual de cada bater ia, \nevitam-se danos de uma bater ia a outras bater ias \npróximas , o ef eito de contaminação , ou seja, uma bater ia \nruim danifica as boas .\nOtimização da capacidade das ba terias\nGraças à Equalização Ativa, o Equaliz er garante a plena \nrecar ga e a máxima otimização da bater ia.\nAler ta par a substituir ba terias\nAtrav és da análise da cur va de impedância, pode -se \nidentificar a tendência, já na fase inicial de instalação , se \nalguma bater ia está deter iorada ou simplesmente mais \nfraca do que as outras . Quanto antes ef etuar este \ndiag nóstico , melhor será para o r estante da vida útil das \ndemais bater ias.Alarmes de ba teria\nAtrav és do monitoramento dos parâmetr os-chav e das \nbater ias e medições de limites pr eestabelecidos , o \nsistema en via avisos de alar mes automaticamente aos \nadministrador es do sistema.\nManutenção à distância \nO Equaliz er melhora a qualidade do ser viço, fornecendo \nmonitoramento r emoto atrav és da I nternet, VPN ou \noutra r ede, para faz er download de dados em tempo \nreal e acesso ao histór ico da bater ia para análise . \nManutenção sem desligar o sistema\nOs testes de bater ia individuais são possív eis \nremotamente , sem o esf orço para desligar as bater ias. \nAs manutenções e as análises  de bater ia podem ser \nrealizadas em condições r eais de operação , sem a \nnecessidade de paradas no sistema.\nOtimiza a manutenção em campo\nA equipe de manutenção se desloca somente quando \nhá inter venções cor retivas e dir etas na bater ia que \napresentar def eito na ocor rência de alar mes ou na \nanálise de diag nóstico e , é clar o, reduz enor mes custos \noperacionais .', 'Medidas de P roteção \nVitais para I nstalações \nElétr icas Hospitalar es\nFUNCIONAMENTO Sistema de Aterrament o IT Médico \nO Sistema IT Médico é um sistema de super visão de falhas de isolação nas instalações elétr icas aplicado em \nconfiguração de aterrament o tipo IT, conf orme previsão da norma NBR 13534:2008 da Anvisa. \nEsta norma visa garantir a manut enção dos equipament os de sustentação à vida, mesmo em caso de \nprimeira falha de isolação elétr ica nos Estabeleciment os Assistenciais a Saúde (EAS). \nA utilização desta proteção é compulsór ia nos ambient es hospitalar es do Grupo 2, nos quais se enquadram \nas Salas Cirúr gicas, UTIs , UTIs Neonatais e Salas de Hemodinâmica. \nA utilização do Sistema IT Médico aumenta a segurança \npara o pacient e e para o corpo clínico ,  pois a interrupção \nno forneciment o de ener gia elétr ica em caso de uma falta é evitada, pois mesmo em um caso de curto- \ncircuito fase t erra, por ex emplo , um equipament o eletr omédico pode ser usado para auxiliar ou substituir , \ntemporar iament e ou permanent ement e  funções vitais de um pacient e. \nAlém disso , ocor re uma redução nas correntes de fuga circulando pelo condut or de proteção , o que diminui \na tensão de contat o e consequent ement e a intensidade de um choque elétr ico acidental .\nO Sistema possui Dispositiv o Super visor de Isolament o (DSI), Dispositiv o Super visor de Temperatura (DST ) e \nDispositiv o Super visor de Corrente (DSC ) que mede a resist ência entre os condut ores de alimentação e o \ncondut or de proteção , sinalizando sonora e visualment e quando essa resist ência decr esce para 50 KΩ. \nCOMPOSIÇ ÃO BÁSIC A  Quadr o de Ener gia Elétrica  - Sistema IT Médico \nO sistema é compost o por: \n• Transf ormador de Separação \n• Dispositiv o Super visor de Isolament o (DSI) \n  Super visor de Temperatura (DST )\n  Super visor de Corrente (DSC ) \n• Dispositiv o Anunciador \n• Montagem em Rack\nOpcionais: \n• Gerador de Sinal BT-4000\n• Localizador Individual de Falha BT-0074/ BT 0078\n• Interface Homem-M áquina (IHM)']","As variações de tensão e corrente podem afetar significativamente o desempenho dos sistemas elétricos. A tensão inadequada pode levar a problemas como a sulfatação das baterias, que ocorre quando elas não recebem a tensão correta, resultando em perda de capacidade e durabilidade. Além disso, a falta de carga pode ser causada por tensões inferiores, enquanto tensões excessivas podem provocar o aquecimento interno e a exalação de gases, comprometendo a segurança e a eficiência do sistema.

No que diz respeito à corrente, variações podem impactar a resistência entre os condutores de alimentação e o condutor de proteção, aumentando o risco de choques elétricos acidentais. A monitorização constante da tensão e corrente é essencial para identificar problemas como a corrosão e a contaminação entre baterias, garantindo a operação segura e eficiente do sistema elétrico.","As variações de tensão e corrente impactam as medições elétricas e o desempenho do sistema elétrico, afetando a potência de saída, a precisão das medições e a eficiência geral do sistema.",0.9999999999,0.5,0.0,0.5384615384615384,0.8902623815673459,0.7692307692307693,0.18,0.8170542949199044,0.1890034364261168,0.2461538461538461,0.0,0.0,0,0,1,1,1
Quais sã as implicações da xoxha de materiais e design na eficienci e funcionalidade de um eqipamento técnico?,"['TECNOLOGIA  EQUALIZER\nEqualização A tiva Individual das Ba terias\n O módulo de bater ia ativ o regula individualmente a \ntensão de cada bater ia e as mantém homogêneas , \nelevando a sua durabilidade , capacidade e r esistência \ncontra cor rosão e sulfatação .\nEvita e pr otege c ontr a Ex cesso de C arga\nAtrav és da Equalização Ativa as bater ias são pr oteg idas \nindividualmente contra o ex cesso de car ga, pr evenindo -\nas contra exalação de gases , secagem do eletr ólito \ninter no e do aquecimento inter no em ex cesso .\nEvita e pr otege c ontr a Falta de C arga\nA Equalização Ativa individual das bater ias impede que \nas mesmas r ecebam menor tensão que dev eriam, \nevitando -se a sulfatação e a per da de capacidade .\nIndicador de P roblemas da Ba teria\nAtrav és da medição da Tensão , Impedância e \nTemperatura, o sistema monitora os pr oblemas típicos \ndas bater ias, tais como sulfatação , cor rosão , per da de \ngases , secagem do eletr ólito e aquecimento inter no.Elimina a Sulfa tação das Ba terias\nO pr oblema decor re dos car regador es e r etificador es de \nbater ias, que r egulam a tensão de flutuação ou \nequalização na tensão final das bater ias e não garantem \nque em algumas  bater ias elas r ecebam maior tensão e , \nem outras , menor tensão . Atrav és da Equalização Ativa, \nmantêm-se todas as bater ias com tensão equilibrada.\nProteção c ontr a contaminação de ba terias\nAtrav és da Equalização Ativa individual de cada bater ia, \nevitam-se danos de uma bater ia a outras bater ias \npróximas , o ef eito de contaminação , ou seja, uma bater ia \nruim danifica as boas .\nOtimização da capacidade das ba terias\nGraças à Equalização Ativa, o Equaliz er garante a plena \nrecar ga e a máxima otimização da bater ia.\nAler ta par a substituir ba terias\nAtrav és da análise da cur va de impedância, pode -se \nidentificar a tendência, já na fase inicial de instalação , se \nalguma bater ia está deter iorada ou simplesmente mais \nfraca do que as outras . Quanto antes ef etuar este \ndiag nóstico , melhor será para o r estante da vida útil das \ndemais bater ias.Alarmes de ba teria\nAtrav és do monitoramento dos parâmetr os-chav e das \nbater ias e medições de limites pr eestabelecidos , o \nsistema en via avisos de alar mes automaticamente aos \nadministrador es do sistema.\nManutenção à distância \nO Equaliz er melhora a qualidade do ser viço, fornecendo \nmonitoramento r emoto atrav és da I nternet, VPN ou \noutra r ede, para faz er download de dados em tempo \nreal e acesso ao histór ico da bater ia para análise . \nManutenção sem desligar o sistema\nOs testes de bater ia individuais são possív eis \nremotamente , sem o esf orço para desligar as bater ias. \nAs manutenções e as análises  de bater ia podem ser \nrealizadas em condições r eais de operação , sem a \nnecessidade de paradas no sistema.\nOtimiza a manutenção em campo\nA equipe de manutenção se desloca somente quando \nhá inter venções cor retivas e dir etas na bater ia que \napresentar def eito na ocor rência de alar mes ou na \nanálise de diag nóstico e , é clar o, reduz enor mes custos \noperacionais .', 'Alta Tecnolog ia em\nProcessament o Dig ital\nde Sinais - DSP\nOS MAIS MODERNOS\nNO-BREAKS CORPORATIVOSVivemos em um mundo cada v ez mais ág il e prático . Um mundo conec tado por pr ocessador es, chips , softwares e \nperiféricos. Mas isso ainda não é o bastant e. Por isso , o mundo caminha para t ecnolog ias de pr ocessament o imediat o \nde dados . A CM C omandos Linear es está um passo à fr ente e of erece aos seus client es pr odut os dotados de uma \ntecnolog ia revolucionár ia, denominada P rocessament o Dig ital de Sinais - - DSP .\nToda a linha de No -Breaks  \nconta com a t ecnolog ia DSP .  Carac terística que \npropor ciona alta per formance e confiabilidade , Conception Multi Ativ o \npara aplicações de missão cr ítica. Ou seja, pr otegem as aplicações nas quais a continuidade da operação é de \nfundamental impor tância.\nequipament os pode ser atualizado , \nacrescentando novas funções em \nunidades já instaladas . Hoje , esta t ecnolog ia está pr esent e nos mais sofisticados sist emas eletr ônicos , devido à sua alta v elocidade e \nconfiabilidade . Processador es Dig itais de Sinais são capaz es de pr ocessar dez milhões de amostragens por segundo . \nIsso sig nifica pr ocessament o em t empo r eal -- o sinal é pr ocessado no mesmo instant e em que é r ecebido , sem \nretardos ou atrasos .\nProjetados com o uso int enso dos r ecursos da t ecnolog ia DSP ,  os No -Breaks C onception Multi Ativ o  ag regam nov os  \ne avançados r ecursos , que estabelecem um nov o conceit o em desen volviment o, no qual o fir mware dos \nAdquir indo No -Breaks , cont e com as \nsoluções da CM C omandos , que \nasseguram t ecnolog ia de ponta, \nmáxima pr oteção , precisão dig ital e \nprocessament o em t empo r eal.  Modelo 300kV A']","A escolha de materiais e design em equipamentos técnicos pode impactar diretamente a eficiência e funcionalidade de várias maneiras. Materiais de alta qualidade podem aumentar a durabilidade e resistência do equipamento, enquanto um design otimizado pode facilitar a manutenção e operação. Além disso, a utilização de tecnologias avançadas, como o processamento digital de sinais, pode melhorar a performance e confiabilidade, permitindo um processamento em tempo real e a atualização de funções. Um design que considera a ergonomia e a facilidade de uso também pode resultar em uma operação mais eficiente e intuitiva.","As implicações da escolha de materiais e design na eficiência e funcionalidade de um equipamento técnico incluem a utilização de estruturas metálicas e painéis de alta resistência, que contribuem para a durabilidade e a movimentação facilitada do equipamento.",0.0,0.0,0.0,0.0,0.7844815820692467,0.3333333333333333,0.43,0.8351491017596434,0.2794830371567044,0.2913907284768212,0.0,0.0,1,0,1,1,1
Quais são as implicações do material e design na eficiência de um equipamento técnico?,"['TECNOLOGIA  EQUALIZER\nEqualização A tiva Individual das Ba terias\n O módulo de bater ia ativ o regula individualmente a \ntensão de cada bater ia e as mantém homogêneas , \nelevando a sua durabilidade , capacidade e r esistência \ncontra cor rosão e sulfatação .\nEvita e pr otege c ontr a Ex cesso de C arga\nAtrav és da Equalização Ativa as bater ias são pr oteg idas \nindividualmente contra o ex cesso de car ga, pr evenindo -\nas contra exalação de gases , secagem do eletr ólito \ninter no e do aquecimento inter no em ex cesso .\nEvita e pr otege c ontr a Falta de C arga\nA Equalização Ativa individual das bater ias impede que \nas mesmas r ecebam menor tensão que dev eriam, \nevitando -se a sulfatação e a per da de capacidade .\nIndicador de P roblemas da Ba teria\nAtrav és da medição da Tensão , Impedância e \nTemperatura, o sistema monitora os pr oblemas típicos \ndas bater ias, tais como sulfatação , cor rosão , per da de \ngases , secagem do eletr ólito e aquecimento inter no.Elimina a Sulfa tação das Ba terias\nO pr oblema decor re dos car regador es e r etificador es de \nbater ias, que r egulam a tensão de flutuação ou \nequalização na tensão final das bater ias e não garantem \nque em algumas  bater ias elas r ecebam maior tensão e , \nem outras , menor tensão . Atrav és da Equalização Ativa, \nmantêm-se todas as bater ias com tensão equilibrada.\nProteção c ontr a contaminação de ba terias\nAtrav és da Equalização Ativa individual de cada bater ia, \nevitam-se danos de uma bater ia a outras bater ias \npróximas , o ef eito de contaminação , ou seja, uma bater ia \nruim danifica as boas .\nOtimização da capacidade das ba terias\nGraças à Equalização Ativa, o Equaliz er garante a plena \nrecar ga e a máxima otimização da bater ia.\nAler ta par a substituir ba terias\nAtrav és da análise da cur va de impedância, pode -se \nidentificar a tendência, já na fase inicial de instalação , se \nalguma bater ia está deter iorada ou simplesmente mais \nfraca do que as outras . Quanto antes ef etuar este \ndiag nóstico , melhor será para o r estante da vida útil das \ndemais bater ias.Alarmes de ba teria\nAtrav és do monitoramento dos parâmetr os-chav e das \nbater ias e medições de limites pr eestabelecidos , o \nsistema en via avisos de alar mes automaticamente aos \nadministrador es do sistema.\nManutenção à distância \nO Equaliz er melhora a qualidade do ser viço, fornecendo \nmonitoramento r emoto atrav és da I nternet, VPN ou \noutra r ede, para faz er download de dados em tempo \nreal e acesso ao histór ico da bater ia para análise . \nManutenção sem desligar o sistema\nOs testes de bater ia individuais são possív eis \nremotamente , sem o esf orço para desligar as bater ias. \nAs manutenções e as análises  de bater ia podem ser \nrealizadas em condições r eais de operação , sem a \nnecessidade de paradas no sistema.\nOtimiza a manutenção em campo\nA equipe de manutenção se desloca somente quando \nhá inter venções cor retivas e dir etas na bater ia que \napresentar def eito na ocor rência de alar mes ou na \nanálise de diag nóstico e , é clar o, reduz enor mes custos \noperacionais .', 'Alta Tecnolog ia em\nProcessament o Dig ital\nde Sinais - DSP\nOS MAIS MODERNOS\nNO-BREAKS CORPORATIVOSVivemos em um mundo cada v ez mais ág il e prático . Um mundo conec tado por pr ocessador es, chips , softwares e \nperiféricos. Mas isso ainda não é o bastant e. Por isso , o mundo caminha para t ecnolog ias de pr ocessament o imediat o \nde dados . A CM C omandos Linear es está um passo à fr ente e of erece aos seus client es pr odut os dotados de uma \ntecnolog ia revolucionár ia, denominada P rocessament o Dig ital de Sinais - - DSP .\nToda a linha de No -Breaks  \nconta com a t ecnolog ia DSP .  Carac terística que \npropor ciona alta per formance e confiabilidade , Conception Multi Ativ o \npara aplicações de missão cr ítica. Ou seja, pr otegem as aplicações nas quais a continuidade da operação é de \nfundamental impor tância.\nequipament os pode ser atualizado , \nacrescentando novas funções em \nunidades já instaladas . Hoje , esta t ecnolog ia está pr esent e nos mais sofisticados sist emas eletr ônicos , devido à sua alta v elocidade e \nconfiabilidade . Processador es Dig itais de Sinais são capaz es de pr ocessar dez milhões de amostragens por segundo . \nIsso sig nifica pr ocessament o em t empo r eal -- o sinal é pr ocessado no mesmo instant e em que é r ecebido , sem \nretardos ou atrasos .\nProjetados com o uso int enso dos r ecursos da t ecnolog ia DSP ,  os No -Breaks C onception Multi Ativ o  ag regam nov os  \ne avançados r ecursos , que estabelecem um nov o conceit o em desen volviment o, no qual o fir mware dos \nAdquir indo No -Breaks , cont e com as \nsoluções da CM C omandos , que \nasseguram t ecnolog ia de ponta, \nmáxima pr oteção , precisão dig ital e \nprocessament o em t empo r eal.  Modelo 300kV A']","O material e design de um equipamento técnico influenciam diretamente sua eficiência em várias maneiras. Materiais de alta qualidade podem melhorar a durabilidade e a resistência do equipamento, enquanto um design otimizado pode facilitar a manutenção e o monitoramento. Além disso, um bom design pode garantir que o equipamento opere em condições ideais, minimizando perdas de energia e maximizando a performance. A escolha de componentes e a forma como eles são integrados também afetam a capacidade de processamento e a confiabilidade do sistema, resultando em um desempenho mais eficiente e eficaz.","As implicações do material e design na eficiência de um equipamento técnico incluem a escolha de materiais como ABS de alta resistência e estruturas metálicas, que contribuem para a durabilidade e funcionalidade do equipamento.",0.0,0.0,0.0,0.0,0.9199552038140688,0.0,0.25,0.8007463057400206,0.2358803986710963,0.2589928057553956,0.0,0.0,0,0,1,1,1
como No-Breaks CM Comandos Lineares garantem continuidade operacional missão crítica,"['A EMPRESA Com mais de 38 anos de atuação, a CM Comandos é hoje \numa das maiores fabricantes de No-Breaks da América Latina. \nAlém disso, é líder absoluta em soluções para o mercado corporativo. Certificada pela \nnorma ISO-9001:2015, a CM Comandos ressalta o seu compromisso com a excelência \ndos seus produtos e a total satisfação dos seus clientes.Inovação, qualidade, tecnologia\ne confiabilidade. Marcas das\nsoluções CM Comandos Lineares\nAPLICAÇÕES Os No -Breaks da CM C omandos Linear es são indicados para \naplicações de missão cr ítica, nas mais var iadas cor porações ,  \noferecendo pr oteção contra distúr bios de ener gia elétr ica, tais como: cor tes, micr o cor tes, \nruídos , dist orção har mônica, picos , transient es, sub e sobr e tensão e var iações de fr equência.\nSUPORTE\nTÉCNICOAo escolher a mar ca CM C omandos Linear es você conta com \no melhor  supor te técnico de pr é e pós- venda da empr esa que \nse consolidou ao longo dest es 38 anos como líder de \nmercado . Instrumentação de ponta, pr ofissionais altament e qualificados , com \ncober tura nacional e disponibilidade de at endiment o 24 horas , sete dias por \nsemana, call cent er e pr ocessos cer tificados  asseguram a ex celência dos nossos \nserviços de supor te.BENEFÍCIOSOs equipament os da CM C omandos operam com maior pr ecisão , \nagregam maior númer o de funções e são os mais segur os. \nCarac terísticas que geram alta confiabilidade e pr odutividade nas mais var iadas aplicações , \nminimizam falhas e , consequent ement e, cust os de manut enção . Em r esumo ,                               \nser um client e da CM C omandos sig nifica t er o r etorno do capital in vestido e garantias            \nque só uma empr esa com amplo supor te técnico pode of erecer .\nOSD  L NI A NM EA OR C EM SCISO\n90012015', 'OSD  L NI A NM EA OR C EM SCISO\n90012015\nA EMPRESACom mais de 38 anos de atuação, a CM Comandos é hoje \numa das maiores fabricantes de No-Breaks da América Latina. \nAlém disso, é líder absoluta em soluções para o mercado corporativo. \nCertificada pela norma ISO-9001:2015 a CM Comandos ressalta o seu compromisso \ncom a preservação do meio ambiente, a excelência dos seus produtos e a total \nsatisfação dos seus clientes.\nAPLICAÇÕES Os No -Breaks da CM C omandos Linear es são indicados para \naplicações de missão cr ítica, nas mais var iadas cor porações ,  \noferecendo por teção contra distúr bios de ener gia elétr ica, tais como cor tes, micr o cor tes, \nruídos , dist orção har mônica, picos , transient es, sub e sobr e tensão e var iações de fr equência.\nSUPORTE\nTÉCNICOAo escolher a mar ca CM C omandos Linear es, você conta com o \nmelhor  supor te técnico de pr é e pós- venda da empr esa que se \nconsolidou ao longo dest es 38 anos como líder de mer cado .\nInstrumentação de ponta, pr ofissionais altament e qualificados , com cober tura \nnacional e disponibilidade de at endiment o 24 horas , sete dias da semana, call \ncent er e pr ocessos cer tificados ,  asseguram a ex celência dos nossos ser viços de \nsupor te.BENEFÍCIOSOs equipament os da CM C omandos operam com maior pr ecisão , \nagregam maior númer o de funções e são os mais segur os. \nCarac terísticas que geram alta confiabilidade e pr odutividade nas mais var iadas aplicações , \nminimizam falhas e , consequent ement e, cust os de manut enção . Em r esumo ,                               \nser um client e da CM C omandos sig nifica t er o r etorno do capital in vestido e garantias            \nque só uma empr esa com amplo supor te técnico pode of erecer .Inovação, qualidade, tecnologia\ne confiabilidade. Marcas das\nsoluções CM Comandos Lineares\nOSD  L NI A NM EA OR C EM SCISO\n90012015']","Os No-Breaks da CM Comandos Lineares garantem continuidade operacional em aplicações de missão crítica ao oferecer proteção contra diversos distúrbios de energia elétrica, como cortes, micro cortes, ruídos, distorção harmônica, picos, transientes, sub e sobre tensão, e variações de frequência. Essas características asseguram que os equipamentos operem com maior precisão e confiabilidade, minimizando falhas e, consequentemente, os custos de manutenção. Além disso, a empresa proporciona suporte técnico de alta qualidade, disponível 24 horas por dia, o que contribui para a segurança e a eficiência das operações.","Os No-Breaks da CM Comandos Lineares garantem continuidade operacional em aplicações de missão crítica, oferecendo proteção contra distúrbios de energia elétrica, como cortes, micro cortes, ruídos, distorção harmônica, picos, transientes, sub e sobre tensão e variações de frequência.",0.99999999995,1.0,0.142857142755102,0.5555555555555556,0.7524938474278627,0.8,0.71,0.9688553005035544,0.4512987012987013,0.628930817610063,0.0,0.0,1,1,1,1,1
De que maneira os No-Breaks da CM Comandos Lineares garantem a continuidade operacional em aplicações de missão crítica?,"['A EMPRESA Com mais de 38 anos de atuação, a CM Comandos é hoje \numa das maiores fabricantes de No-Breaks da América Latina. \nAlém disso, é líder absoluta em soluções para o mercado corporativo. Certificada pela \nnorma ISO-9001:2015, a CM Comandos ressalta o seu compromisso com a excelência \ndos seus produtos e a total satisfação dos seus clientes.Inovação, qualidade, tecnologia\ne confiabilidade. Marcas das\nsoluções CM Comandos Lineares\nAPLICAÇÕES Os No -Breaks da CM C omandos Linear es são indicados para \naplicações de missão cr ítica, nas mais var iadas cor porações ,  \noferecendo pr oteção contra distúr bios de ener gia elétr ica, tais como: cor tes, micr o cor tes, \nruídos , dist orção har mônica, picos , transient es, sub e sobr e tensão e var iações de fr equência.\nSUPORTE\nTÉCNICOAo escolher a mar ca CM C omandos Linear es você conta com \no melhor  supor te técnico de pr é e pós- venda da empr esa que \nse consolidou ao longo dest es 38 anos como líder de \nmercado . Instrumentação de ponta, pr ofissionais altament e qualificados , com \ncober tura nacional e disponibilidade de at endiment o 24 horas , sete dias por \nsemana, call cent er e pr ocessos cer tificados  asseguram a ex celência dos nossos \nserviços de supor te.BENEFÍCIOSOs equipament os da CM C omandos operam com maior pr ecisão , \nagregam maior númer o de funções e são os mais segur os. \nCarac terísticas que geram alta confiabilidade e pr odutividade nas mais var iadas aplicações , \nminimizam falhas e , consequent ement e, cust os de manut enção . Em r esumo ,                               \nser um client e da CM C omandos sig nifica t er o r etorno do capital in vestido e garantias            \nque só uma empr esa com amplo supor te técnico pode of erecer .\nOSD  L NI A NM EA OR C EM SCISO\n90012015', 'OSD  L NI A NM EA OR C EM SCISO\n90012015\nA EMPRESACom mais de 38 anos de atuação, a CM Comandos é hoje \numa das maiores fabricantes de No-Breaks da América Latina. \nAlém disso, é líder absoluta em soluções para o mercado corporativo. \nCertificada pela norma ISO-9001:2015 a CM Comandos ressalta o seu compromisso \ncom a preservação do meio ambiente, a excelência dos seus produtos e a total \nsatisfação dos seus clientes.\nAPLICAÇÕES Os No -Breaks da CM C omandos Linear es são indicados para \naplicações de missão cr ítica, nas mais var iadas cor porações ,  \noferecendo por teção contra distúr bios de ener gia elétr ica, tais como cor tes, micr o cor tes, \nruídos , dist orção har mônica, picos , transient es, sub e sobr e tensão e var iações de fr equência.\nSUPORTE\nTÉCNICOAo escolher a mar ca CM C omandos Linear es, você conta com o \nmelhor  supor te técnico de pr é e pós- venda da empr esa que se \nconsolidou ao longo dest es 38 anos como líder de mer cado .\nInstrumentação de ponta, pr ofissionais altament e qualificados , com cober tura \nnacional e disponibilidade de at endiment o 24 horas , sete dias da semana, call \ncent er e pr ocessos cer tificados ,  asseguram a ex celência dos nossos ser viços de \nsupor te.BENEFÍCIOSOs equipament os da CM C omandos operam com maior pr ecisão , \nagregam maior númer o de funções e são os mais segur os. \nCarac terísticas que geram alta confiabilidade e pr odutividade nas mais var iadas aplicações , \nminimizam falhas e , consequent ement e, cust os de manut enção . Em r esumo ,                               \nser um client e da CM C omandos sig nifica t er o r etorno do capital in vestido e garantias            \nque só uma empr esa com amplo supor te técnico pode of erecer .Inovação, qualidade, tecnologia\ne confiabilidade. Marcas das\nsoluções CM Comandos Lineares\nOSD  L NI A NM EA OR C EM SCISO\n90012015']","Os No-Breaks da CM Comandos Lineares garantem a continuidade operacional em aplicações de missão crítica ao oferecer proteção contra diversos distúrbios de energia elétrica, como cortes, micro cortes, ruídos, distorção harmônica, picos, transientes, sub e sobre tensão, além de variações de frequência. Essas características asseguram que os equipamentos operem com maior precisão e confiabilidade, minimizando falhas e, consequentemente, os custos de manutenção.","Os No-Breaks da CM Comandos Lineares garantem a continuidade operacional em aplicações de missão crítica ao oferecer proteção contra distúrbios de energia elétrica, como cortes, micro cortes, ruídos, distorção harmônica, picos, transientes, sub e sobre tensão e variações de frequência.",0.99999999995,1.0,0.1538461537278106,0.5,0.7554596134818755,1.0,0.83,0.9897271420660134,0.6177105831533478,0.7878787878787878,0.0,0.0,1,1,1,1,1
Quais sã as implicações do uso de comands linears na programção e automação de processos?,"['A E M P R E S ACom mais de 35 anos de atuação, a CM Comandos é hoje \numa das maiores fabricantes de No-Breaks da América \nLatina. \nAlém disso, é líder absoluta em soluções para o mercado corporativo. Certificada pela \nnorma ISO-9001:2015, a CM Comandos ressalta o seu compromisso com a excelência \ndos seus produtos e a total satisfação dos seus clientes.Inovação, qualidade, tecnologia\ne confiabilidade. Marcas das\nsoluções CM Comandos Lineares\nA P L I C A Ç Õ E SOs No Breaks  da CM Comandos Lineares são indicados para aplicações \nde missão crítica, nas mais variadas corporações, oferecendo proteção \ncontra distúrbios de energia elétrica, tais como: cortes, micro cortes, ruídos, distorção harmônica, \npicos, transientes, sub e sobre tensão e variações de frequência.\nS U P O R T E\nT É C N I C OAo  escolher  a marca  CM Comandos  Lineares  você  conta com o melhor \nsuporte  técnico  de pré e pós-venda da empresa que se consolidou ao longo \ndestes 36  anos como  líder  de  mercado.\nInstrumentação de ponta, profissionais altamente qualificados, com cobertura nacional e \ndisponibilidade de atendimento 24 horas, sete dias por semana, call center e processos certificados \nque asseguram a excelência dos  nossos serviços  de  suporte.B E N E F Í C I O SOs equipamentos da CM Comandos operam com maior precisão, \nagregam maior número de funções e são os mais seguros. \nCaracterísticas que geram alta confiabilidade e produtividade nas mais variadas aplicações, \nminimizam falhas e, consequentemente,  custos de manutenção. Em resumo,  ser um cliente da \nCM Comandos significa ter o retorno do capital investido e garantias que  só uma empresa com \namplo suporte técnico pode oferecer.\nCM COMANDOS LINEARES\nOSD L NI A NM EA OR CEM SCISO\n9001\n2015', 'Inovação, qualidade, tecnologia\ne confiabilidade. Marcas das\nsoluções CM Comandos Lineares\nCom mais de 40 anos de atuação, a CM Comandos é hoje uma das \nmaiores fabricantes de No-Breaks da América Latina. Além disso, é líder\nabsoluta em soluções para o mercado corporativo. Certiﬁ  cada pela norma ISO-900:2015, a CM Comandos \nressalta o seu compromisso com a excelência dos seus produtos e a total satisfação dos seus clientes.A EMPRESA\nOs  No-Breaks  da  CM  Comandos  são  indicados  para aplicações de  \nmissão crítica, nas mais variadas corporações, oferecendo proteção \ncontra distúrbios de energia elétrica, tais como: cortes, micro-cortes, ruídos, distorção harmônica, picos, \ntransientes, sub e sobretensão e variação de frequência.APLICAÇÕES\nOs equipamentos da CM Comandos operam com maior precisão, agre-\ngam maior número de funções e são mais seguros. Características\nque geram alta conﬁ  abilidade e produtividade nas mais variadas aplicações, minimizam falhas e,\nconsequentemente, custos de manutenção. Em resumo, ser um cliente CM Comandos signiﬁ  ca ter o \nretorno do capital investido e garantias que só uma empresa com amplo suporte técnico pode oferecer.BENEFÍCIOS\nAo escolher a marca CM Comandos Lineares você conta com o melhor supor-\nte técnico de pré e pós-venda da empresa que se consolidou ao longo  des-\ntes 40 anos como líder de mercado. Instrumentação de ponta, proﬁ  ssionais\naltamente qualiﬁ  cados, disponibilidade de atendimento 24 horas, sete dias da semana, call \ncenter e processos certiﬁ  cados que asseguram a excelência dos nossos serviços de suporte.SUPORTE\nTÉCNICO']","As soluções CM Comandos Lineares são projetadas para aplicações de missão crítica, oferecendo proteção contra distúrbios de energia elétrica, o que é essencial na programação e automação de processos. O uso desses equipamentos pode resultar em maior precisão e confiabilidade, minimizando falhas e custos de manutenção. Além disso, a empresa oferece suporte técnico de alta qualidade, com atendimento disponível 24 horas, o que pode facilitar a resolução de problemas e garantir a continuidade das operações. Isso implica que a implementação de comandos lineares pode aumentar a eficiência e a segurança dos processos automatizados.",As implicações do uso de comandos lineares na programação e automação de processos não estão claramente definidas no contexto fornecido.,0.0,0.0,0.0,0.6153846153846154,0.6308009030451035,0.6153846153846154,0.0,0.6632918636885408,0.1962025316455696,0.2043795620437956,0.0,0.0,0,1,1,0,1
Qual é a importânçia dos comands lineares na programacão e como eles influenciam a execuçãu de tarefas?,"['A E M P R E S ACom mais de 35 anos de atuação, a CM Comandos é hoje \numa das maiores fabricantes de No-Breaks da América \nLatina. \nAlém disso, é líder absoluta em soluções para o mercado corporativo. Certificada pela \nnorma ISO-9001:2015, a CM Comandos ressalta o seu compromisso com a excelência \ndos seus produtos e a total satisfação dos seus clientes.Inovação, qualidade, tecnologia\ne confiabilidade. Marcas das\nsoluções CM Comandos Lineares\nA P L I C A Ç Õ E SOs No Breaks  da CM Comandos Lineares são indicados para aplicações \nde missão crítica, nas mais variadas corporações, oferecendo proteção \ncontra distúrbios de energia elétrica, tais como: cortes, micro cortes, ruídos, distorção harmônica, \npicos, transientes, sub e sobre tensão e variações de frequência.\nS U P O R T E\nT É C N I C OAo  escolher  a marca  CM Comandos  Lineares  você  conta com o melhor \nsuporte  técnico  de pré e pós-venda da empresa que se consolidou ao longo \ndestes 36  anos como  líder  de  mercado.\nInstrumentação de ponta, profissionais altamente qualificados, com cobertura nacional e \ndisponibilidade de atendimento 24 horas, sete dias por semana, call center e processos certificados \nque asseguram a excelência dos  nossos serviços  de  suporte.B E N E F Í C I O SOs equipamentos da CM Comandos operam com maior precisão, \nagregam maior número de funções e são os mais seguros. \nCaracterísticas que geram alta confiabilidade e produtividade nas mais variadas aplicações, \nminimizam falhas e, consequentemente,  custos de manutenção. Em resumo,  ser um cliente da \nCM Comandos significa ter o retorno do capital investido e garantias que  só uma empresa com \namplo suporte técnico pode oferecer.\nCM COMANDOS LINEARES\nOSD L NI A NM EA OR CEM SCISO\n9001\n2015', 'Inovação, qualidade, tecnologia\ne confiabilidade. Marcas das\nsoluções CM Comandos Lineares\nCom mais de 40 anos de atuação, a CM Comandos é hoje uma das \nmaiores fabricantes de No-Breaks da América Latina. Além disso, é líder\nabsoluta em soluções para o mercado corporativo. Certiﬁ  cada pela norma ISO-900:2015, a CM Comandos \nressalta o seu compromisso com a excelência dos seus produtos e a total satisfação dos seus clientes.A EMPRESA\nOs  No-Breaks  da  CM  Comandos  são  indicados  para aplicações de  \nmissão crítica, nas mais variadas corporações, oferecendo proteção \ncontra distúrbios de energia elétrica, tais como: cortes, micro-cortes, ruídos, distorção harmônica, picos, \ntransientes, sub e sobretensão e variação de frequência.APLICAÇÕES\nOs equipamentos da CM Comandos operam com maior precisão, agre-\ngam maior número de funções e são mais seguros. Características\nque geram alta conﬁ  abilidade e produtividade nas mais variadas aplicações, minimizam falhas e,\nconsequentemente, custos de manutenção. Em resumo, ser um cliente CM Comandos signiﬁ  ca ter o \nretorno do capital investido e garantias que só uma empresa com amplo suporte técnico pode oferecer.BENEFÍCIOS\nAo escolher a marca CM Comandos Lineares você conta com o melhor supor-\nte técnico de pré e pós-venda da empresa que se consolidou ao longo  des-\ntes 40 anos como líder de mercado. Instrumentação de ponta, proﬁ  ssionais\naltamente qualiﬁ  cados, disponibilidade de atendimento 24 horas, sete dias da semana, call \ncenter e processos certiﬁ  cados que asseguram a excelência dos nossos serviços de suporte.SUPORTE\nTÉCNICO']","Os comandos lineares são essenciais na programação, pois permitem a execução sequencial de instruções, garantindo que as tarefas sejam realizadas de forma ordenada e previsível. Essa estrutura facilita o controle do fluxo de execução, permitindo que os programadores desenvolvam algoritmos claros e eficientes. Além disso, a precisão e a confiabilidade dos equipamentos que utilizam comandos lineares contribuem para a minimização de falhas, resultando em uma execução de tarefas mais eficiente e com menor custo de manutenção. A capacidade de operar com maior número de funções também agrega valor, permitindo que aplicações complexas sejam geridas de maneira eficaz.",A importância dos comandos lineares na programação reside na sua capacidade de influenciar a execução de tarefas de forma sequencial e organizada.,0.0,0.0,0.0,0.0,0.8512502328210033,0.0,0.46,0.8868590638418019,0.1841317365269461,0.1897810218978102,0.0,0.0,0,1,1,1,1
Qual é o impacto da abordagem Multi Ativo na diversificação de investimentos?,"['SISTEMA PARALELO MULTI ATIVO (EXCLUSIVO CM COMANDOS)\nA CM Comandos Lineares desenvolveu um sistema inovador e pioneiro no mundo de paralelismo entre no-breaks. O sistema \nParalelo Multi Ativo permite a expansão do sistema, de acordo com sua demanda de consumo, podendo paralelar quantas \nunidades forem necessárias para atender sua demanda, elevando a capacidade do sistema e a confiabilidade de sua aplicação.\nPOSSIBILIDADE DE SOMATÓRIA DE  POTÊNCIAS\nPermite a ligação para somatória de potência, utilizando dois ou mais \nNo-Breaks para atingir a demanda da carga total.\nQuando utilizado para somatória de potência, possibilita a ligação de \nNo-Breaks com potências diferentes. Quando a ligação for feita com \nNo-Breaks de potências diferentes, a carga será distribuída \nproporcionalmente. Permite a ligação em paralelo redundante N + 1,  N + 2, N + 3 … N+X,  \npossibilitando o desligamento de uma ou mais unidades, mantendo a \ncarga ativa.\nA comunicação entre os No-Breaks consiste no barramento de \ncomunicação comum, por onde transitam informações \ncontendo nível de carga, sincronismo e a condição do by pass.COMUNICAÇÃO ENTRE OS NO-BREAKSTodos os No-Breaks são autônomos, operam de forma \nindependente no sistema e possuem controle individual.NÃO EXISTE NO-BREAK MESTRE OU ESCRAVOPodem ser paraleladas quantas unidades forem necessárias, \npossibilitando expansão do sistema, de acordo com a demanda \nde consumo.QUANTIDADE ILIMITADA PARA PARALELISMO\nPARALELISMO DO BANCO DE BATERIAS\nPermite paralelismo dos bancos de baterias (quando forem de \nmesma tensão nominal).MANUTENÇÃO DO NO-BREAK\nPermite a inserção ou retirada de um No-Break no sistema, sem a \nnecessidade de parada.INTERFACES  DE  SHUTDOWN  E GERENCIAMENTO  REMOTO\nRede Elétric a\nde Entr ada\nSaídaNo-break 1\n Potência \nde 60 kV ANo-break 2\nPotência de \n100 kV ANo-break 3\nPotência de \n20 kV A\nCarga fornecida pelo sistema = 410 kV ANo-break 4\nPotência de \n30 kV ANo-break 5\nPotência de \n80 kV ANo-break 6\nPotência de \n120 kV ARede L ocal Ether netA   Inter face de Ger enciamento \n     \nC  Inter face Shutdown \n     Client \n     LANB  Inter face Shutdown \n     D   Inter face de Ger enciamento Remoto \n  \nE  Adaptador SNMP\n     \nF  Client Shutdown\nG Estação Remota\n    Sof tware com \n    conexão à I nter netMultisser vidor es\nMultiplataf ormas\nMulti-S.O .Porta M icroprocessada DB9\nPorta Contato Seco DB9\nRede Ethernet RJ45', 'TECNOLOGIA  EQUALIZER\nEqualização A tiva Individual das Ba terias\n O módulo de bater ia ativ o regula individualmente a \ntensão de cada bater ia e as mantém homogêneas , \nelevando a sua durabilidade , capacidade e r esistência \ncontra cor rosão e sulfatação .\nEvita e pr otege c ontr a Ex cesso de C arga\nAtrav és da Equalização Ativa as bater ias são pr oteg idas \nindividualmente contra o ex cesso de car ga, pr evenindo -\nas contra exalação de gases , secagem do eletr ólito \ninter no e do aquecimento inter no em ex cesso .\nEvita e pr otege c ontr a Falta de C arga\nA Equalização Ativa individual das bater ias impede que \nas mesmas r ecebam menor tensão que dev eriam, \nevitando -se a sulfatação e a per da de capacidade .\nIndicador de P roblemas da Ba teria\nAtrav és da medição da Tensão , Impedância e \nTemperatura, o sistema monitora os pr oblemas típicos \ndas bater ias, tais como sulfatação , cor rosão , per da de \ngases , secagem do eletr ólito e aquecimento inter no.Elimina a Sulfa tação das Ba terias\nO pr oblema decor re dos car regador es e r etificador es de \nbater ias, que r egulam a tensão de flutuação ou \nequalização na tensão final das bater ias e não garantem \nque em algumas  bater ias elas r ecebam maior tensão e , \nem outras , menor tensão . Atrav és da Equalização Ativa, \nmantêm-se todas as bater ias com tensão equilibrada.\nProteção c ontr a contaminação de ba terias\nAtrav és da Equalização Ativa individual de cada bater ia, \nevitam-se danos de uma bater ia a outras bater ias \npróximas , o ef eito de contaminação , ou seja, uma bater ia \nruim danifica as boas .\nOtimização da capacidade das ba terias\nGraças à Equalização Ativa, o Equaliz er garante a plena \nrecar ga e a máxima otimização da bater ia.\nAler ta par a substituir ba terias\nAtrav és da análise da cur va de impedância, pode -se \nidentificar a tendência, já na fase inicial de instalação , se \nalguma bater ia está deter iorada ou simplesmente mais \nfraca do que as outras . Quanto antes ef etuar este \ndiag nóstico , melhor será para o r estante da vida útil das \ndemais bater ias.Alarmes de ba teria\nAtrav és do monitoramento dos parâmetr os-chav e das \nbater ias e medições de limites pr eestabelecidos , o \nsistema en via avisos de alar mes automaticamente aos \nadministrador es do sistema.\nManutenção à distância \nO Equaliz er melhora a qualidade do ser viço, fornecendo \nmonitoramento r emoto atrav és da I nternet, VPN ou \noutra r ede, para faz er download de dados em tempo \nreal e acesso ao histór ico da bater ia para análise . \nManutenção sem desligar o sistema\nOs testes de bater ia individuais são possív eis \nremotamente , sem o esf orço para desligar as bater ias. \nAs manutenções e as análises  de bater ia podem ser \nrealizadas em condições r eais de operação , sem a \nnecessidade de paradas no sistema.\nOtimiza a manutenção em campo\nA equipe de manutenção se desloca somente quando \nhá inter venções cor retivas e dir etas na bater ia que \napresentar def eito na ocor rência de alar mes ou na \nanálise de diag nóstico e , é clar o, reduz enor mes custos \noperacionais .']","A abordagem Multi Ativo permite a expansão e a flexibilidade do sistema, possibilitando a paralelização de várias unidades de No-Breaks conforme a demanda de consumo. Isso resulta em uma maior capacidade e confiabilidade do sistema, o que pode ser interpretado como uma forma de diversificação, pois permite a utilização de diferentes unidades com potências variadas. Essa diversificação pode aumentar a resiliência do sistema, garantindo que, mesmo com a falha de uma unidade, as demais continuem operando, o que é um aspecto positivo em termos de gestão de riscos e otimização de recursos.",O impacto da abordagem Multi Ativo na diversificação de investimentos não é mencionado no contexto fornecido.,0.0,1.0,0.0,0.5454545454545454,0.6071766784351148,0.5454545454545454,0.0,0.5372605731663632,0.1522842639593908,0.1176470588235294,0.0,0.0,1,1,1,0,1
Qual eh o impato da abordajem Multi Ativo na diversificassao de investimentos?,"['SISTEMA PARALELO MULTI ATIVO (EXCLUSIVO CM COMANDOS)\nA CM Comandos Lineares desenvolveu um sistema inovador e pioneiro no mundo de paralelismo entre no-breaks. O sistema \nParalelo Multi Ativo permite a expansão do sistema, de acordo com sua demanda de consumo, podendo paralelar quantas \nunidades forem necessárias para atender sua demanda, elevando a capacidade do sistema e a confiabilidade de sua aplicação.\nPOSSIBILIDADE DE SOMATÓRIA DE  POTÊNCIAS\nPermite a ligação para somatória de potência, utilizando dois ou mais \nNo-Breaks para atingir a demanda da carga total.\nQuando utilizado para somatória de potência, possibilita a ligação de \nNo-Breaks com potências diferentes. Quando a ligação for feita com \nNo-Breaks de potências diferentes, a carga será distribuída \nproporcionalmente. Permite a ligação em paralelo redundante N + 1,  N + 2, N + 3 … N+X,  \npossibilitando o desligamento de uma ou mais unidades, mantendo a \ncarga ativa.\nA comunicação entre os No-Breaks consiste no barramento de \ncomunicação comum, por onde transitam informações \ncontendo nível de carga, sincronismo e a condição do by pass.COMUNICAÇÃO ENTRE OS NO-BREAKSTodos os No-Breaks são autônomos, operam de forma \nindependente no sistema e possuem controle individual.NÃO EXISTE NO-BREAK MESTRE OU ESCRAVOPodem ser paraleladas quantas unidades forem necessárias, \npossibilitando expansão do sistema, de acordo com a demanda \nde consumo.QUANTIDADE ILIMITADA PARA PARALELISMO\nPARALELISMO DO BANCO DE BATERIAS\nPermite paralelismo dos bancos de baterias (quando forem de \nmesma tensão nominal).MANUTENÇÃO DO NO-BREAK\nPermite a inserção ou retirada de um No-Break no sistema, sem a \nnecessidade de parada.INTERFACES  DE  SHUTDOWN  E GERENCIAMENTO  REMOTO\nRede Elétric a\nde Entr ada\nSaídaNo-break 1\n Potência \nde 60 kV ANo-break 2\nPotência de \n100 kV ANo-break 3\nPotência de \n20 kV A\nCarga fornecida pelo sistema = 410 kV ANo-break 4\nPotência de \n30 kV ANo-break 5\nPotência de \n80 kV ANo-break 6\nPotência de \n120 kV ARede L ocal Ether netA   Inter face de Ger enciamento \n     \nC  Inter face Shutdown \n     Client \n     LANB  Inter face Shutdown \n     D   Inter face de Ger enciamento Remoto \n  \nE  Adaptador SNMP\n     \nF  Client Shutdown\nG Estação Remota\n    Sof tware com \n    conexão à I nter netMultisser vidor es\nMultiplataf ormas\nMulti-S.O .Porta M icroprocessada DB9\nPorta Contato Seco DB9\nRede Ethernet RJ45', 'Com mais de 38 anos de atuação , a CM C omandos é hoje uma das \nmaior es fabr icant es de No -Breaks da Amér ica Latina. \nAlém disso , é líder absoluta em soluções para o mer cado cor porativ o. Certificada pela \nnorma ISO -9001:2015, a CM C omandos r essalta o seu compr omisso com a ex celência \ndos seus pr odut os e a t otal satisfação dos seus client es.Inovação , qualidade , tecnolog ia\ne confiabilidade . Marcas das\nsoluções CM C omandos Linear es\nAPLICA ÇÕES Os No -Breaks da CM C omandos Linear es são indicados para \naplicações de missão cr ítica, nas mais var iadas cor porações ,  \noferecendo pr oteção contra distúr bios de ener gia elétr ica, tais como: cor tes, micr o cor tes, \nruídos , dist orção har mônica, picos , transient es, sub e sobr etensão e var iações de fr equência.\nSUPOR TE\nTÉCNIC OAo escolher a mar ca CM C omandos Linear es você conta com o \nmelhor  supor te técnico de pr é e pós- venda da empr esa que se \nconsolidou ao longo dest es 38 anos como líder de \nmercado . Instrumentação de ponta, pr ofissionais altament e qualificados , com \ncober tura nacional e disponibilidade de at endiment o 24 horas , sete dias por \nsemana, call cent er e pr ocessos cer tificados  asseguram a ex celência dos nossos \nserviços de supor te.BENEFÍCIOS Os equipament os da CM C omandos operam com maior pr ecisão , \nagregam maior númer o de funções e são os mais segur os. \nCarac terísticas que geram alta confiabilidade e pr odutividade nas mais var iadas aplicações , \nminimizam falhas e , consequent ement e, cust os de manut enção . Em r esumo ,                               \nser um client e da CM C omandos sig nifica t er o r etorno do capital in vestido e garantias            \nque só uma empr esa com amplo supor te técnico pode of erecer .OSD  L NI A NM EA OR C EM SCISO\n90012015\nA EMPRESA']","A abordagem Multi Ativo permite a expansão do sistema de acordo com a demanda de consumo, possibilitando a paralelização de várias unidades de No-Breaks. Isso resulta em maior capacidade e confiabilidade, o que pode impactar positivamente a diversificação de investimentos ao oferecer soluções mais flexíveis e escaláveis. A possibilidade de somatória de potências e a operação autônoma dos No-Breaks garantem que diferentes potências possam ser utilizadas em conjunto, aumentando a eficiência e reduzindo riscos associados a falhas de energia. Além disso, a manutenção sem a necessidade de parada do sistema contribui para a continuidade das operações, o que é crucial em ambientes corporativos.",O impacto da abordagem Multi Ativo na diversificação de investimentos não está claramente definido no contexto fornecido.,0.0,1.0,0.0,0.0,0.8328071022671885,0.5,0.0,0.5440229195985209,0.1508620689655172,0.1294964028776978,0.0,0.0,0,1,1,1,1
importância sistema trifásico distribuição energia elétrica,"['Av. Eng . Alber to de Zagottis , 760 - 04675-085 -  São P aulo - SP\nPhone .: (11) 5696-5000\nwww.cmcomandos .com.br\nSistema de \nSustentabilidade A uditadoOSD  N LI A NM EO AC R EM SCISO\n90012015\nQ Y UALIT600.000 600,0 1835 x 1444  x 1555  1680\n700.000 700,0 1835 x 1444  x 1555  1760\n800.000 800,0 1835 x 1444  x 1555  1840\nCM MK T JAN - 24  -   As especificações estão sujeitas a alterações sem aviso pr évio e conf orme necessidades de pr ojetos customizados . Nós incentivamos a r eciclagemLinha TI - Trifásic o Isolado\n  10.000   10,0   900 x 360  x  860       180\n  15.000   15,0   900 x 360  x  860       210\n  20.000   20,0   900 x 360  x  860       235\n30.000   30,0 1300 x 360  x  988       300\n40.000   40,0 1300 x 360  x  988      370\n50.000   50,0 1300 x 360  x  988      420\n75.000   75,0 1532 x 540  x 1070      596\n100.000 100,0 1532 x 540  x 1070      730\n150.000 150,0 1532 x 720  x 1070     1050\n200.000 200,0 1532 x 720  x 1070     1150\n250.000 250,0 1835 x 1444  x 1555   1350\n300.000 300,0 1835 x 1444  x 1555   1430\n400.000 400,0 1835 x 1444  x 1555   1520\n500.000 500,0 1835 x 1444  x 1555   1600Modelo Potência\nkVAAlt x Larg x P rof Peso\nmmkg\nLinha TA - Trifásic o com A utotr afo\n* Outras potências sob consultaDIMENSÕES FÍSICAS Entr ada\n   Tensão:  \n    \n    •380/220V ou 220/127V  - modelos TI - standar d\n    \n    •Outras tensões sob consulta\n  Variação A dmissív el:\n   \n    •± 16% da tensão nominal\n   Frequência:  50 ou 60 H z \n   Variação de F requência A dmissív el:  ± 5%\n \n  Configur ação:   Trifásica: 3F + N + T\n \n Fator de P otência:   0,8\nSaída\n  Potências Disponív eis:  \n \n    • 10 / 15 / 20 / 30 / 40 / 50 / 75 / 100 / 150 / 200\n       250 / 300 / 400 / 500 / 600/ 700/ 800 kV A\n \n    • Outras potências sob consulta\nTensão:  \n \n    • 220/127V\n \n    • 380/220V\n \n    • Outras tensões sob consulta\nRegulação Estática:  ± 1% nominal \n Frequência:  50 ou 60 H z \n \n  Configur ação:  Trifásica:  3F +N +  T\n  Fator de P otência:   0,', 'TECNOLOGIA ON LINE COM BYPASS ESTÁTICO DE MANUTENÇÃO\nINTERFACE DE GERENCIAMENTO REMOTO\nAs Interfaces de Gerenciamento Remoto são compostas por diversas ferramentas, sendo elas: \n•  O Adaptador SNMP que permite gerenciar remotamente o No-Break via Internet através de um web browser,  monitorar o status \ne enviar alertas por e-mail. \n• O software, uma ferramenta de gerenciamento Windows Application e a versão Client é especíﬁ  ca para automatizar o shutdown \nde servidores, podendo desligar automática e simultaneamente vários servidores e estações. \n• O Adaptador Modbus permite integrar o No-Break, via uma porta RS485, a Sistemas de Automação Predial.\nBypass Estático\nSistema de proteção que, em caso de \nproblemas, transfere automaticamente \na carga para um circuito alternativo, sem \ninterrupção no fornecimento de energia.Bypass Estático de Manutenção\nPermite a transferência e o retorno da carga do No-Break para um circuito \nalternativo de fornecimento de energia, para atividades de manutenção. \nEm quaisquer situações, o fornecimento de energia é contínuo, sem \ninterrupções.\nBanco de Baterias\nArmazena energia reserva para alimentar o No-Break \ndurante um período predeterminado, denominado como \ntempo de autonomia do No-Break.Retificador\nConverte a energia da\nrede elétrica da concessionária\n ou do grupo gerador em\ncorrente contínua, corrigindo \nou eliminando distúrbios\nda entrada do sistema.\nCorrente alternada de entradaCorrente contínua Corrente alternada de saída\nCorrente alternada Bypass estáticoCorrente alternada Bypass estático\nde manutenção\nInversor\nConverte a corrente contínua do \nretiﬁ  cador ou das baterias em corrente \nalternada de saída, com forma de onda \nsenoidal pura, livre de distúrbios.\nRetificador\nConverte a energia da\nrede elétrica da concessionária\n ou do grupo gerador em\nInversor\nConverte a corrente contínua do \nretiﬁ  cador ou das baterias em corrente \nalternada de saída, com forma de onda']","O sistema trifásico é fundamental na distribuição de energia elétrica devido à sua eficiência e capacidade de suportar cargas elevadas. Ele permite uma melhor utilização dos condutores, reduzindo perdas de energia e melhorando a estabilidade do fornecimento. Além disso, a configuração trifásica proporciona um fornecimento contínuo e equilibrado de energia, o que é essencial para o funcionamento de equipamentos industriais e comerciais que demandam alta potência. Essa abordagem também facilita a transmissão de energia a longas distâncias, tornando-a uma escolha preferencial em sistemas de distribuição elétrica.","O sistema trifásico é importante para a distribuição de energia elétrica devido à sua capacidade de fornecer uma corrente mais estável e eficiente, permitindo a transmissão de grandes quantidades de energia com menor perda.",0.0,1.0,0.0,0.0,0.8561070853526003,0.0,0.71,0.9236486119975874,0.2917341977309562,0.3088235294117647,0.0,0.0,1,1,1,1,1
Quais sâo as implicações do conceito de trifásico em sistmas elétricos e como ele se relacona com a eficienci energética?,"['Av. Eng . Alber to de Zagottis , 760 - 04675-085 -  São P aulo - SP\nPhone .: (11) 5696-5000\nwww.cmcomandos .com.br\nSistema de \nSustentabilidade A uditadoOSD  N LI A NM EO AC R EM SCISO\n90012015\nQ Y UALIT600.000 600,0 1835 x 1444  x 1555  1680\n700.000 700,0 1835 x 1444  x 1555  1760\n800.000 800,0 1835 x 1444  x 1555  1840\nCM MK T JAN - 24  -   As especificações estão sujeitas a alterações sem aviso pr évio e conf orme necessidades de pr ojetos customizados . Nós incentivamos a r eciclagemLinha TI - Trifásic o Isolado\n  10.000   10,0   900 x 360  x  860       180\n  15.000   15,0   900 x 360  x  860       210\n  20.000   20,0   900 x 360  x  860       235\n30.000   30,0 1300 x 360  x  988       300\n40.000   40,0 1300 x 360  x  988      370\n50.000   50,0 1300 x 360  x  988      420\n75.000   75,0 1532 x 540  x 1070      596\n100.000 100,0 1532 x 540  x 1070      730\n150.000 150,0 1532 x 720  x 1070     1050\n200.000 200,0 1532 x 720  x 1070     1150\n250.000 250,0 1835 x 1444  x 1555   1350\n300.000 300,0 1835 x 1444  x 1555   1430\n400.000 400,0 1835 x 1444  x 1555   1520\n500.000 500,0 1835 x 1444  x 1555   1600Modelo Potência\nkVAAlt x Larg x P rof Peso\nmmkg\nLinha TA - Trifásic o com A utotr afo\n* Outras potências sob consultaDIMENSÕES FÍSICAS Entr ada\n   Tensão:  \n    \n    •380/220V ou 220/127V  - modelos TI - standar d\n    \n    •Outras tensões sob consulta\n  Variação A dmissív el:\n   \n    •± 16% da tensão nominal\n   Frequência:  50 ou 60 H z \n   Variação de F requência A dmissív el:  ± 5%\n \n  Configur ação:   Trifásica: 3F + N + T\n \n Fator de P otência:   0,8\nSaída\n  Potências Disponív eis:  \n \n    • 10 / 15 / 20 / 30 / 40 / 50 / 75 / 100 / 150 / 200\n       250 / 300 / 400 / 500 / 600/ 700/ 800 kV A\n \n    • Outras potências sob consulta\nTensão:  \n \n    • 220/127V\n \n    • 380/220V\n \n    • Outras tensões sob consulta\nRegulação Estática:  ± 1% nominal \n Frequência:  50 ou 60 H z \n \n  Configur ação:  Trifásica:  3F +N +  T\n  Fator de P otência:   0,', 'TECNOLOGIA ON LINE COM BYPASS ESTÁTICO DE MANUTENÇÃO\nINTERFACE DE GERENCIAMENTO REMOTO\nAs Interfaces de Gerenciamento Remoto são compostas por diversas ferramentas, sendo elas: \n•  O Adaptador SNMP que permite gerenciar remotamente o No-Break via Internet através de um web browser,  monitorar o status \ne enviar alertas por e-mail. \n• O software, uma ferramenta de gerenciamento Windows Application e a versão Client é especíﬁ  ca para automatizar o shutdown \nde servidores, podendo desligar automática e simultaneamente vários servidores e estações. \n• O Adaptador Modbus permite integrar o No-Break, via uma porta RS485, a Sistemas de Automação Predial.\nBypass Estático\nSistema de proteção que, em caso de \nproblemas, transfere automaticamente \na carga para um circuito alternativo, sem \ninterrupção no fornecimento de energia.Bypass Estático de Manutenção\nPermite a transferência e o retorno da carga do No-Break para um circuito \nalternativo de fornecimento de energia, para atividades de manutenção. \nEm quaisquer situações, o fornecimento de energia é contínuo, sem \ninterrupções.\nBanco de Baterias\nArmazena energia reserva para alimentar o No-Break \ndurante um período predeterminado, denominado como \ntempo de autonomia do No-Break.Retificador\nConverte a energia da\nrede elétrica da concessionária\n ou do grupo gerador em\ncorrente contínua, corrigindo \nou eliminando distúrbios\nda entrada do sistema.\nCorrente alternada de entradaCorrente contínua Corrente alternada de saída\nCorrente alternada Bypass estáticoCorrente alternada Bypass estático\nde manutenção\nInversor\nConverte a corrente contínua do \nretiﬁ  cador ou das baterias em corrente \nalternada de saída, com forma de onda \nsenoidal pura, livre de distúrbios.\nRetificador\nConverte a energia da\nrede elétrica da concessionária\n ou do grupo gerador em\nInversor\nConverte a corrente contínua do \nretiﬁ  cador ou das baterias em corrente \nalternada de saída, com forma de onda']","O conceito de trifásico em sistemas elétricos refere-se a uma configuração de fornecimento de energia que utiliza três condutores para transmitir eletricidade. Essa abordagem oferece várias implicações e benefícios, especialmente em termos de eficiência energética.

Primeiramente, a distribuição trifásica permite uma utilização mais equilibrada da carga elétrica, o que resulta em uma redução das perdas de energia durante a transmissão. Isso ocorre porque a corrente é distribuída de maneira mais uniforme entre os três fios, minimizando a sobrecarga em qualquer um deles e, consequentemente, diminuindo a resistência e as perdas associadas.

Além disso, sistemas trifásicos são capazes de fornecer mais potência em comparação com sistemas monofásicos, o que é particularmente vantajoso para aplicações industriais e comerciais que demandam grandes quantidades de energia. Essa capacidade de fornecer potência adicional sem a necessidade de aumentar a corrente elétrica contribui para uma operação mais eficiente e econômica.

A eficiência energética também é aprimorada pela possibilidade de utilizar motores trifásicos, que são mais eficientes e têm melhor desempenho em comparação com motores monofásicos. Esses motores operam de forma mais suave e com menos vibrações, resultando em menor desgaste e maior durabilidade.

Em resumo, a configuração trifásica em sistemas elétricos não apenas melhora a eficiência na transmissão e distribuição de energia, mas também otimiza o desempenho de equipamentos elétricos, contribuindo para uma utilização mais sustentável e econômica da energia.","O conceito de trifásico em sistemas elétricos tem implicações significativas na eficiência energética, pois permite uma distribuição mais equilibrada da carga elétrica, reduzindo perdas e melhorando o desempenho dos sistemas.",0.0,0.0,0.0,0.0,0.8158226481265148,0.0,0.38,0.9067506560726656,0.1319095477386934,0.1877022653721682,0.0,0.0,1,1,1,1,1
Qual a importancia de um no-break em lugares criticos?,"['S I S T E M A PA R A L E L O M U LT I AT I V O ( E X C L U S I V O C M C O M A N D O S )\nA CM Comandos Lineares desenvolveu um sistema inovador e pioneiro no mundo de paralelismo entre No Breaks. O sistema Paralelo \nMulti Ativo permite a expansão do sistema, de acordo com sua demanda de consumo, podendo paralelar quantas unidades forem \nnecessárias para atender sua demanda, elevando a capacidade do sistema e a confiabilidade de sua aplicação.\nP O S S I B I L I D A D E D E S O M A T Ó R I A D E  P O T Ê N C I A S\nPermite a ligação para somatória de potência, utilizando dois ou mais No \nBreaks para atingir a demanda da carga total.\nQuando utilizado para somatória de potência, possibilita a ligação de \nNo Breaks com potências diferentes. Quando a ligação for feita com No \nBreaks de potências diferentes, a carga será distribuída \nproporcionalmente. Permite a ligação em paralelo redundante N + 1,  N + 2, N + 3 … N+X,  \npossibilitando o desligamento de uma ou mais unidades mantendo a \ncarga ativa.L I G A Ç Ã O E M P A R A L E L O R E D U N D A N T E\nA comunicação entre os No Breaks consiste no barramento de \ncomunicação comum, por onde transitam informações contendo \nnível de carga, sincronismo e a condição do by pass.C O M U N I C A Ç Ã O E N T R E O S N O B R E A K STodos os No Breaks são autônomos, operam de forma \nindependente no sistema e possuem controle individual.N Ã O E X I S T E N O B R E A K M E S T R E O U E S C R A V OPodem ser paraleladas quantas unidades forem necessárias, \npossibilitando expansão do sistema, de acordo com a demanda de \nconsumo.Q U A N T I D A D E I L I M I T A D A P A R A P A R A L E L I S M O\nM A N U T E N Ç Ã O D O N O B R E A K\nPermite a inserção ou retirada de um No Break no sistema, sem a \nnecessidade de parada.Rede Elétrica\nde Entrada\nSaídaNo Break 1\n Potência de \n30 kVANo Break 2\nPotência de \n10 kVANo Break 3\nPotência de \n20 kVA\nCarga fornecida pelo sistema = 150 kVANo Break 4\nPotência de \n30 kVANo Break 5\nPotência de \n20 kVANo Break 6\nPotência de \n40 kVA\nINTERFACES DE \nGERENCIAMENTO   \nREMOTO\nSão compostas por diversas ferramentas. O \nAdaptador SNMP NetMate permite\ngerenciar remotamente o No Break via a \nInternet através de um web browser,\nmonitorar o status e enviar alertas por e-mail. \nO software IP Power é uma ferramenta de \ngerenciamento  Windows Application e a \nversão Client é específica para  automatizar o \nshutdown de servidores, podendo desligar \nautomática e simultaneamente vários\ns e r v i d o r e s  e  e s t a ç õ e s .\nO Adaptador ArmModbus permite integrar \no  N o  B r e a k ,  v i a  u m a  p o r t a\nRS485, a Sistemas de Automação Predial.', 'SISTEMA PARALELO MULTI ATIVO (EXCLUSIVO CM COMANDOS)\nA CM Comandos Lineares desenvolveu um sistema inovador e pioneiro no mundo de paralelismo entre no-breaks. O sistema \nParalelo Multi Ativo permite a expansão do sistema, de acordo com sua demanda de consumo, podendo paralelar quantas \nunidades forem necessárias para atender sua demanda, elevando a capacidade do sistema e a confiabilidade de sua aplicação.\nPOSSIBILIDADE DE SOMATÓRIA DE  POTÊNCIAS\nPermite a ligação para somatória de potência, utilizando dois ou mais \nNo-Breaks para atingir a demanda da carga total.\nQuando utilizado para somatória de potência, possibilita a ligação de \nNo-Breaks com potências diferentes. Quando a ligação for feita com \nNo-Breaks de potências diferentes, a carga será distribuída \nproporcionalmente. Permite a ligação em paralelo redundante N + 1,  N + 2, N + 3 … N+X,  \npossibilitando o desligamento de uma ou mais unidades, mantendo a \ncarga ativa.\nA comunicação entre os No-Breaks consiste no barramento de \ncomunicação comum, por onde transitam informações \ncontendo nível de carga, sincronismo e a condição do by pass.COMUNICAÇÃO ENTRE OS NO-BREAKSTodos os No-Breaks são autônomos, operam de forma \nindependente no sistema e possuem controle individual.NÃO EXISTE NO-BREAK MESTRE OU ESCRAVOPodem ser paraleladas quantas unidades forem necessárias, \npossibilitando expansão do sistema, de acordo com a demanda \nde consumo.QUANTIDADE ILIMITADA PARA PARALELISMO\nPARALELISMO DO BANCO DE BATERIAS\nPermite paralelismo dos bancos de baterias (quando forem de \nmesma tensão nominal).MANUTENÇÃO DO NO-BREAK\nPermite a inserção ou retirada de um No-Break no sistema, sem a \nnecessidade de parada.INTERFACES  DE  SHUTDOWN  E GERENCIAMENTO  REMOTO\nRede Elétric a\nde Entr ada\nSaídaNo-break 1\n Potência \nde 60 kV ANo-break 2\nPotência de \n100 kV ANo-break 3\nPotência de \n20 kV A\nCarga fornecida pelo sistema = 410 kV ANo-break 4\nPotência de \n30 kV ANo-break 5\nPotência de \n80 kV ANo-break 6\nPotência de \n120 kV ARede L ocal Ether netA   Inter face de Ger enciamento \n     \nC  Inter face Shutdown \n     Client \n     LANB  Inter face Shutdown \n     D   Inter face de Ger enciamento Remoto \n  \nE  Adaptador SNMP\n     \nF  Client Shutdown\nG Estação Remota\n    Sof tware com \n    conexão à I nter netMultisser vidor es\nMultiplataf ormas\nMulti-S.O .Porta M icroprocessada DB9\nPorta Contato Seco DB9\nRede Ethernet RJ45']","Um no-break é crucial em locais críticos porque garante a continuidade do fornecimento de energia, mesmo em situações de falhas na rede elétrica. Ele protege equipamentos sensíveis contra interrupções e picos de tensão, evitando danos e perda de dados. Além disso, sistemas de no-breaks que permitem paralelismo e somatória de potências oferecem maior confiabilidade e capacidade, assegurando que a carga permaneça ativa mesmo se uma unidade falhar. Isso é especialmente importante em ambientes onde a disponibilidade de energia é essencial, como data centers, hospitais e instalações industriais.",A importância de um no-break em lugares críticos está em garantir a continuidade de energia e proteger equipamentos sensíveis contra quedas de energia.,0.99999999995,1.0,0.0,0.0,0.9291052293573606,0.7857142857142857,0.75,0.8619804258469054,0.1842546063651591,0.2741935483870968,0.0,0.0,1,1,1,1,1
importância sistema No-Break ambientes críticos,"['S I S T E M A PA R A L E L O M U LT I AT I V O ( E X C L U S I V O C M C O M A N D O S )\nA CM Comandos Lineares desenvolveu um sistema inovador e pioneiro no mundo de paralelismo entre No Breaks. O sistema Paralelo \nMulti Ativo permite a expansão do sistema, de acordo com sua demanda de consumo, podendo paralelar quantas unidades forem \nnecessárias para atender sua demanda, elevando a capacidade do sistema e a confiabilidade de sua aplicação.\nP O S S I B I L I D A D E D E S O M A T Ó R I A D E  P O T Ê N C I A S\nPermite a ligação para somatória de potência, utilizando dois ou mais No \nBreaks para atingir a demanda da carga total.\nQuando utilizado para somatória de potência, possibilita a ligação de \nNo Breaks com potências diferentes. Quando a ligação for feita com No \nBreaks de potências diferentes, a carga será distribuída \nproporcionalmente. Permite a ligação em paralelo redundante N + 1,  N + 2, N + 3 … N+X,  \npossibilitando o desligamento de uma ou mais unidades mantendo a \ncarga ativa.L I G A Ç Ã O E M P A R A L E L O R E D U N D A N T E\nA comunicação entre os No Breaks consiste no barramento de \ncomunicação comum, por onde transitam informações contendo \nnível de carga, sincronismo e a condição do by pass.C O M U N I C A Ç Ã O E N T R E O S N O B R E A K STodos os No Breaks são autônomos, operam de forma \nindependente no sistema e possuem controle individual.N Ã O E X I S T E N O B R E A K M E S T R E O U E S C R A V OPodem ser paraleladas quantas unidades forem necessárias, \npossibilitando expansão do sistema, de acordo com a demanda de \nconsumo.Q U A N T I D A D E I L I M I T A D A P A R A P A R A L E L I S M O\nM A N U T E N Ç Ã O D O N O B R E A K\nPermite a inserção ou retirada de um No Break no sistema, sem a \nnecessidade de parada.Rede Elétrica\nde Entrada\nSaídaNo Break 1\n Potência de \n30 kVANo Break 2\nPotência de \n10 kVANo Break 3\nPotência de \n20 kVA\nCarga fornecida pelo sistema = 150 kVANo Break 4\nPotência de \n30 kVANo Break 5\nPotência de \n20 kVANo Break 6\nPotência de \n40 kVA\nINTERFACES DE \nGERENCIAMENTO   \nREMOTO\nSão compostas por diversas ferramentas. O \nAdaptador SNMP NetMate permite\ngerenciar remotamente o No Break via a \nInternet através de um web browser,\nmonitorar o status e enviar alertas por e-mail. \nO software IP Power é uma ferramenta de \ngerenciamento  Windows Application e a \nversão Client é específica para  automatizar o \nshutdown de servidores, podendo desligar \nautomática e simultaneamente vários\ns e r v i d o r e s  e  e s t a ç õ e s .\nO Adaptador ArmModbus permite integrar \no  N o  B r e a k ,  v i a  u m a  p o r t a\nRS485, a Sistemas de Automação Predial.', 'SISTEMA PARALELO MULTI ATIVO (EXCLUSIVO CM COMANDOS)\nA CM Comandos Lineares desenvolveu um sistema inovador e pioneiro no mundo de paralelismo entre no-breaks. O sistema \nParalelo Multi Ativo permite a expansão do sistema, de acordo com sua demanda de consumo, podendo paralelar quantas \nunidades forem necessárias para atender sua demanda, elevando a capacidade do sistema e a confiabilidade de sua aplicação.\nPOSSIBILIDADE DE SOMATÓRIA DE  POTÊNCIAS\nPermite a ligação para somatória de potência, utilizando dois ou mais \nNo-Breaks para atingir a demanda da carga total.\nQuando utilizado para somatória de potência, possibilita a ligação de \nNo-Breaks com potências diferentes. Quando a ligação for feita com \nNo-Breaks de potências diferentes, a carga será distribuída \nproporcionalmente. Permite a ligação em paralelo redundante N + 1,  N + 2, N + 3 … N+X,  \npossibilitando o desligamento de uma ou mais unidades, mantendo a \ncarga ativa.\nA comunicação entre os No-Breaks consiste no barramento de \ncomunicação comum, por onde transitam informações \ncontendo nível de carga, sincronismo e a condição do by pass.COMUNICAÇÃO ENTRE OS NO-BREAKSTodos os No-Breaks são autônomos, operam de forma \nindependente no sistema e possuem controle individual.NÃO EXISTE NO-BREAK MESTRE OU ESCRAVOPodem ser paraleladas quantas unidades forem necessárias, \npossibilitando expansão do sistema, de acordo com a demanda \nde consumo.QUANTIDADE ILIMITADA PARA PARALELISMO\nPARALELISMO DO BANCO DE BATERIAS\nPermite paralelismo dos bancos de baterias (quando forem de \nmesma tensão nominal).MANUTENÇÃO DO NO-BREAK\nPermite a inserção ou retirada de um No-Break no sistema, sem a \nnecessidade de parada.INTERFACES  DE  SHUTDOWN  E GERENCIAMENTO  REMOTO\nRede Elétric a\nde Entr ada\nSaídaNo-break 1\n Potência \nde 60 kV ANo-break 2\nPotência de \n100 kV ANo-break 3\nPotência de \n20 kV A\nCarga fornecida pelo sistema = 410 kV ANo-break 4\nPotência de \n30 kV ANo-break 5\nPotência de \n80 kV ANo-break 6\nPotência de \n120 kV ARede L ocal Ether netA   Inter face de Ger enciamento \n     \nC  Inter face Shutdown \n     Client \n     LANB  Inter face Shutdown \n     D   Inter face de Ger enciamento Remoto \n  \nE  Adaptador SNMP\n     \nF  Client Shutdown\nG Estação Remota\n    Sof tware com \n    conexão à I nter netMultisser vidor es\nMultiplataf ormas\nMulti-S.O .Porta M icroprocessada DB9\nPorta Contato Seco DB9\nRede Ethernet RJ45']","O sistema No-Break é crucial em ambientes críticos, pois garante a continuidade do fornecimento de energia, evitando interrupções que podem causar danos a equipamentos e perda de dados. Ele permite a operação ininterrupta de sistemas essenciais, mesmo em caso de falhas na rede elétrica. Além disso, a possibilidade de paralelismo entre múltiplas unidades aumenta a capacidade e a confiabilidade do sistema, permitindo que a carga seja distribuída de forma eficiente e que a manutenção ocorra sem interrupções. Isso é especialmente importante em ambientes onde a disponibilidade de energia é vital, como em data centers, hospitais e instalações industriais.",O sistema No-Break é importante em ambientes críticos para garantir a continuidade do fornecimento de energia e proteger equipamentos contra quedas de energia.,0.99999999995,0.0,0.0,0.5,0.8396030714456414,0.5,0.35,0.9014874967683834,0.2100456621004566,0.2615384615384615,0.0,0.0,0,1,1,1,1
"Como as diferentes tecnologias e características dos sistemas de No-Break, como a tecnologia Transformerless, Digital Signal Processor, e a modularidade dos No-Breaks Composition trifásico, se comparam em termos de confiabilidade e eficiência em ambientes críticos, conforme descrito nos relatórios?","['Alta Tecnologia em\nProcessamento Digital\nde Sinais - DSP\nO S M A I S M O D E R N O S\nN O B R E A K S C O R P O R AT I V O SVivemos em um mundo cada vez mais ágil e prático. Um mundo conectado por processadores, chips, softwares e \nperiféricos. Mas isso ainda não é o bastante. Por isso, o mundo caminha para tecnologias de processamento imediato \nde dados. A CM Comandos Lineares está um passo à frente e oferece aos seus clientes produtos dotados de uma \ntecnologia revolucionária, denominada Processamento Digital de Sinais -- DSP .\nToda a linha de No Breaks Innovation S1 Trifásico  \nTransformerless conta com a tecnologia DS P.   \nCaracterística que proporciona alta performance e \nconfiabilidade, tornando-os ideais para aplicações de missão crítica. Ou seja, protegem as aplicações nas quais a \ncontinuidade da operação é de fundamental importância.\ndos equipamentos pode ser atualizado, \nacrescentando novas funções em \nunidades já instaladas. Hoje, esta tecnologia está presente nos mais sofisticados sistemas eletrônicos, devido à sua alta velocidade e \nconfiabilidade. Processadores Digitais de Sinais são capazes de processar dez milhões de amostragens por segundo. \nIsso significa processamento em tempo real -- o sinal é processado no mesmo instante em que é recebido, sem \nretardos ou atrasos.\nProjetados com o uso intenso dos recursos da tecnologia DSP ,  os No Breaks Innovation Trifásico Transformerless  \nagregam novos  e avançados recursos, que estabelecem um novo conceito em desenvolvimento, no qual o firmware \nAo pensar em adquirir No Breaks,     \nconte com as soluções da\nCM Comandos, que asseguram \ntecnologia de ponta, máxima proteção, \nprecisão digital e processamento        \nem tempo real.', 'No-Break Composition XI\nTrifásico Modular  25 kW  30 kW  50 kW\nOs No-Breaks Composition trifásico são modulares, on line de dupla conversão e possuem rack na largura padrão informática, integrando-se \nao seu data center.  Cada módulo possui a tecnologia hotswap, que permite a substituição sem a necessidade de  paralisar todo o sistema. \nPossuem também alta conﬁ  abilidade e são disponíveis em diversos modelos e capacidades, permitindo  sua expansão escalonada confor-\nme suas necessidades.\nCARACTERÍSTICAS PRINCIPAIS \n• Topologia Online de Dupla Conversão\n• Controle DSP - Processador Digital de Sinais\n• Retiﬁ  cador e Inversor a IGBT\n• Alto Fator de Potência de Entrada (Power Factor Correction)\n• Bypass estático, automático e manual*\n• Gerenciamento Avançado de Baterias\n• Fácil Manutenção - Módulos Hot Swap\n• Set de Baterias Conﬁ  gurável (conforme modelo e capacidades)\n• Design Modular Rack Padrão informática\n• Escalável e Modular\n• Ampla Faixa de Tensão Admissível de Entrada\n• Compatível com Grupo Gerador\n• Software de Gerenciamento Remoto RS232*\n• Slot Adaptador SNMP , Contato Seco e Modbus*\n• Paralelismo Redundante dos RacksDISPLAY LCD CENTRAL DE ATÉ 10,4’’  \nTOUCH SCREEN E DISPLAY\nINDIVIDUAL POR MÓDULO RACK NO-BREAK MODULAR COM BYPASS*']","Os sistemas de No-Break, como os da linha Innovation S1 e os Composition trifásico, apresentam características distintas que impactam sua confiabilidade e eficiência em ambientes críticos. A tecnologia Transformerless nos No-Breaks Innovation S1 proporciona alta performance e confiabilidade, sendo ideal para aplicações de missão crítica, onde a continuidade da operação é essencial. Essa tecnologia permite um processamento em tempo real, garantindo que os sinais sejam processados instantaneamente, sem atrasos.

Por outro lado, os No-Breaks Composition trifásico são modulares e utilizam a topologia online de dupla conversão, o que também contribui para sua confiabilidade. A presença de um controle DSP (Processador Digital de Sinais) e a capacidade de hot-swap permitem que os módulos sejam substituídos sem interromper o funcionamento do sistema, aumentando a eficiência operacional. Além disso, a escalabilidade e a ampla faixa de tensão admissível de entrada oferecem flexibilidade para atender a diferentes necessidades.

Em resumo, ambos os sistemas são projetados para garantir alta confiabilidade e eficiência, mas cada um utiliza tecnologias específicas que atendem a diferentes requisitos e cenários em ambientes críticos.","As diferentes tecnologias e características dos sistemas de No-Break, como a tecnologia Transformerless, Digital Signal Processor e a modularidade dos No-Breaks Composition trifásico, se comparam em termos de confiabilidade e eficiência em ambientes críticos, oferecendo alta confiabilidade, proteção contra distúrbios de energia elétrica e a capacidade de expansão conforme a demanda.",0.99999999995,0.5,0.0,0.45,0.6804928590396239,0.65,0.38,0.904802899328293,0.2310177705977383,0.2068965517241379,0.0,0.0,0,0,1,1,1
"Como as diferntes abordagens e tecnologias de Processadores de Sinal Digital, como o Transformrless e o sistma de No-Breaks Composiçã trifásico, se comparam em termos de conffabilidade, escalabilidade e eficienci em ambients críticos, conforme descrito nos relatorios?","['Alta Tecnologia em\nProcessamento Digital\nde Sinais - DSP\nO S M A I S M O D E R N O S\nN O B R E A K S C O R P O R AT I V O SVivemos em um mundo cada vez mais ágil e prático. Um mundo conectado por processadores, chips, softwares e \nperiféricos. Mas isso ainda não é o bastante. Por isso, o mundo caminha para tecnologias de processamento imediato \nde dados. A CM Comandos Lineares está um passo à frente e oferece aos seus clientes produtos dotados de uma \ntecnologia revolucionária, denominada Processamento Digital de Sinais -- DSP .\nToda a linha de No Breaks Innovation S1 Trifásico  \nTransformerless conta com a tecnologia DS P.   \nCaracterística que proporciona alta performance e \nconfiabilidade, tornando-os ideais para aplicações de missão crítica. Ou seja, protegem as aplicações nas quais a \ncontinuidade da operação é de fundamental importância.\ndos equipamentos pode ser atualizado, \nacrescentando novas funções em \nunidades já instaladas. Hoje, esta tecnologia está presente nos mais sofisticados sistemas eletrônicos, devido à sua alta velocidade e \nconfiabilidade. Processadores Digitais de Sinais são capazes de processar dez milhões de amostragens por segundo. \nIsso significa processamento em tempo real -- o sinal é processado no mesmo instante em que é recebido, sem \nretardos ou atrasos.\nProjetados com o uso intenso dos recursos da tecnologia DSP ,  os No Breaks Innovation Trifásico Transformerless  \nagregam novos  e avançados recursos, que estabelecem um novo conceito em desenvolvimento, no qual o firmware \nAo pensar em adquirir No Breaks,     \nconte com as soluções da\nCM Comandos, que asseguram \ntecnologia de ponta, máxima proteção, \nprecisão digital e processamento        \nem tempo real.', 'Alta Tecnolog ia em\nProcessament o Dig ital\nde Sinais - DSP\nOS MAIS MODERNOS\nNO-BREAKS CORPORATIVOSVivemos em um mundo cada v ez mais ág il e prático . Um mundo conec tado por pr ocessador es, chips , softwares e \nperiféricos. Mas isso ainda não é o bastant e. Por isso , o mundo caminha para t ecnolog ias de pr ocessament o imediat o \nde dados . A CM C omandos Linear es está um passo à fr ente e of erece aos seus client es pr odut os dotados de uma \ntecnolog ia revolucionár ia, denominada P rocessament o Dig ital de Sinais - - DSP .\nToda a linha de No -Breaks  \nconta com a t ecnolog ia DSP .  Carac terística que \npropor ciona alta per formance e confiabilidade , Conception Multi Ativ o \npara aplicações de missão cr ítica. Ou seja, pr otegem as aplicações nas quais a continuidade da operação é de \nfundamental impor tância.\nequipament os pode ser atualizado , \nacrescentando novas funções em \nunidades já instaladas . Hoje , esta t ecnolog ia está pr esent e nos mais sofisticados sist emas eletr ônicos , devido à sua alta v elocidade e \nconfiabilidade . Processador es Dig itais de Sinais são capaz es de pr ocessar dez milhões de amostragens por segundo . \nIsso sig nifica pr ocessament o em t empo r eal -- o sinal é pr ocessado no mesmo instant e em que é r ecebido , sem \nretardos ou atrasos .\nProjetados com o uso int enso dos r ecursos da t ecnolog ia DSP ,  os No -Breaks C onception Multi Ativ o  ag regam nov os  \ne avançados r ecursos , que estabelecem um nov o conceit o em desen volviment o, no qual o fir mware dos \nAdquir indo No -Breaks , cont e com as \nsoluções da CM C omandos , que \nasseguram t ecnolog ia de ponta, \nmáxima pr oteção , precisão dig ital e \nprocessament o em t empo r eal.  Modelo 300kV A']","As abordagens e tecnologias de Processadores de Sinal Digital, como o Transformerless e os sistemas de No-Breaks Trifásico, são projetadas para oferecer alta confiabilidade e eficiência em ambientes críticos. Ambas as tecnologias utilizam DSP, que proporciona processamento em tempo real, essencial para aplicações onde a continuidade da operação é crucial.

Em termos de confiabilidade, tanto os No-Breaks Transformerless quanto os sistemas de Conception Multi Ativo garantem proteção robusta para equipamentos críticos, assegurando que não haja atrasos ou falhas no processamento dos sinais. Isso é fundamental em ambientes onde a operação ininterrupta é de extrema importância.

Quanto à escalabilidade, as soluções permitem atualizações que acrescentam novas funções a unidades já instaladas, o que facilita a adaptação a novas necessidades sem a necessidade de substituição completa do sistema. Isso é um ponto positivo para empresas que buscam expandir suas capacidades sem grandes investimentos.

Em relação à eficiência, ambas as tecnologias são capazes de processar até dez milhões de amostragens por segundo, o que demonstra uma alta capacidade de resposta e agilidade no tratamento de dados. Isso é especialmente relevante em cenários críticos, onde cada milissegundo conta.

Portanto, as tecnologias mencionadas se destacam em confiabilidade, escalabilidade e eficiência, tornando-as ideais para aplicações de missão crítica.","As diferentes abordagens e tecnologias de Processadores de Sinal Digital, como o Transformadorless e os No-Breaks Composição trifásico, se comparam em termos de confiabilidade, escalabilidade e eficiência em ambientes críticos, destacando a inovação do modelo S1 e as características modulares e de alta confiabilidade dos No-Breaks.",0.9999999999,0.0,0.0,0.5,0.6880630939206004,0.6,0.41,0.854365122116038,0.1906750173973556,0.2302158273381295,0.0,0.0,1,1,1,1,1
Como as tecnologias dos sistemas de No-Break se comparam em confiabilidade e eficiência?,"['S I S T E M A PA R A L E L O M U LT I AT I V O ( E X C L U S I V O C M C O M A N D O S )\nA CM Comandos Lineares desenvolveu um sistema inovador e pioneiro no mundo de paralelismo entre No Breaks. O sistema Paralelo \nMulti Ativo permite a expansão do sistema, de acordo com sua demanda de consumo, podendo paralelar quantas unidades forem \nnecessárias para atender sua demanda, elevando a capacidade do sistema e a confiabilidade de sua aplicação.\nP O S S I B I L I D A D E D E S O M A T Ó R I A D E  P O T Ê N C I A S\nPermite a ligação para somatória de potência, utilizando dois ou mais No \nBreaks para atingir a demanda da carga total.\nQuando utilizado para somatória de potência, possibilita a ligação de \nNo Breaks com potências diferentes. Quando a ligação for feita com No \nBreaks de potências diferentes, a carga será distribuída \nproporcionalmente. Permite a ligação em paralelo redundante N + 1,  N + 2, N + 3 … N+X,  \npossibilitando o desligamento de uma ou mais unidades mantendo a \ncarga ativa.L I G A Ç Ã O E M P A R A L E L O R E D U N D A N T E\nA comunicação entre os No Breaks consiste no barramento de \ncomunicação comum, por onde transitam informações contendo \nnível de carga, sincronismo e a condição do by pass.C O M U N I C A Ç Ã O E N T R E O S N O B R E A K STodos os No Breaks são autônomos, operam de forma \nindependente no sistema e possuem controle individual.N Ã O E X I S T E N O B R E A K M E S T R E O U E S C R A V OPodem ser paraleladas quantas unidades forem necessárias, \npossibilitando expansão do sistema, de acordo com a demanda de \nconsumo.Q U A N T I D A D E I L I M I T A D A P A R A P A R A L E L I S M O\nM A N U T E N Ç Ã O D O N O B R E A K\nPermite a inserção ou retirada de um No Break no sistema, sem a \nnecessidade de parada.Rede Elétrica\nde Entrada\nSaídaNo Break 1\n Potência de \n30 kVANo Break 2\nPotência de \n10 kVANo Break 3\nPotência de \n20 kVA\nCarga fornecida pelo sistema = 150 kVANo Break 4\nPotência de \n30 kVANo Break 5\nPotência de \n20 kVANo Break 6\nPotência de \n40 kVA\nINTERFACES DE \nGERENCIAMENTO   \nREMOTO\nSão compostas por diversas ferramentas. O \nAdaptador SNMP NetMate permite\ngerenciar remotamente o No Break via a \nInternet através de um web browser,\nmonitorar o status e enviar alertas por e-mail. \nO software IP Power é uma ferramenta de \ngerenciamento  Windows Application e a \nversão Client é específica para  automatizar o \nshutdown de servidores, podendo desligar \nautomática e simultaneamente vários\ns e r v i d o r e s  e  e s t a ç õ e s .\nO Adaptador ArmModbus permite integrar \no  N o  B r e a k ,  v i a  u m a  p o r t a\nRS485, a Sistemas de Automação Predial.', 'Alta Tecnologia em\nProcessamento Digital\nde Sinais - DSP\nO S M A I S M O D E R N O S\nN O B R E A K S C O R P O R AT I V O SVivemos em um mundo cada vez mais ágil e prático. Um mundo conectado por processadores, chips, softwares e \nperiféricos. Mas isso ainda não é o bastante. Por isso, o mundo caminha para tecnologias de processamento imediato \nde dados. A CM Comandos Lineares está um passo à frente e oferece aos seus clientes produtos dotados de uma \ntecnologia revolucionária, denominada Processamento Digital de Sinais -- DSP .\nToda a linha de No Breaks Innovation S1 Trifásico  \nTransformerless conta com a tecnologia DS P.   \nCaracterística que proporciona alta performance e \nconfiabilidade, tornando-os ideais para aplicações de missão crítica. Ou seja, protegem as aplicações nas quais a \ncontinuidade da operação é de fundamental importância.\ndos equipamentos pode ser atualizado, \nacrescentando novas funções em \nunidades já instaladas. Hoje, esta tecnologia está presente nos mais sofisticados sistemas eletrônicos, devido à sua alta velocidade e \nconfiabilidade. Processadores Digitais de Sinais são capazes de processar dez milhões de amostragens por segundo. \nIsso significa processamento em tempo real -- o sinal é processado no mesmo instante em que é recebido, sem \nretardos ou atrasos.\nProjetados com o uso intenso dos recursos da tecnologia DSP ,  os No Breaks Innovation Trifásico Transformerless  \nagregam novos  e avançados recursos, que estabelecem um novo conceito em desenvolvimento, no qual o firmware \nAo pensar em adquirir No Breaks,     \nconte com as soluções da\nCM Comandos, que asseguram \ntecnologia de ponta, máxima proteção, \nprecisão digital e processamento        \nem tempo real.']","Os sistemas de No-Break mencionados são projetados com tecnologia de Processamento Digital de Sinais (DSP), que proporciona alta performance e confiabilidade. Essa tecnologia permite o processamento em tempo real, garantindo que os sinais sejam processados instantaneamente, sem atrasos. Além disso, a possibilidade de expansão do sistema e a operação autônoma de cada unidade contribuem para a confiabilidade, pois permitem que o sistema mantenha a carga ativa mesmo com a desconexão de uma ou mais unidades. A somatória de potência entre diferentes No-Breaks também assegura que a demanda total da carga seja atendida de forma eficiente, distribuindo a carga proporcionalmente. Portanto, a combinação dessas características resulta em sistemas que oferecem alta confiabilidade e eficiência.","As tecnologias dos sistemas de No-Break, como os da CM Comandos, se destacam em confiabilidade e eficiência, oferecendo alta performance, modularidade e suporte técnico de excelência.",0.99999999995,1.0,0.0,0.9230769230769232,0.7379206339577928,0.9230769230769232,0.0,0.7695886284042188,0.1843434343434343,0.1401273885350318,0.0,0.0,1,1,1,1,1
"Como as diferentes abordagens para alta confiabilidade em sistemas de No-Break, como a tecnologia Transformerless, Digital Signal Processor, e sistemas modulares e on line de dupla conversão, se comparam em termos de desempenho e segurança em ambientes críticos, conforme descrito nos relatórios?","['Alta Tecnologia em\nProcessamento Digital\nde Sinais - DSP\nO S M A I S M O D E R N O S\nN O B R E A K S C O R P O R AT I V O SVivemos em um mundo cada vez mais ágil e prático. Um mundo conectado por processadores, chips, softwares e \nperiféricos. Mas isso ainda não é o bastante. Por isso, o mundo caminha para tecnologias de processamento imediato \nde dados. A CM Comandos Lineares está um passo à frente e oferece aos seus clientes produtos dotados de uma \ntecnologia revolucionária, denominada Processamento Digital de Sinais -- DSP .\nToda a linha de No Breaks Innovation S1 Trifásico  \nTransformerless conta com a tecnologia DS P.   \nCaracterística que proporciona alta performance e \nconfiabilidade, tornando-os ideais para aplicações de missão crítica. Ou seja, protegem as aplicações nas quais a \ncontinuidade da operação é de fundamental importância.\ndos equipamentos pode ser atualizado, \nacrescentando novas funções em \nunidades já instaladas. Hoje, esta tecnologia está presente nos mais sofisticados sistemas eletrônicos, devido à sua alta velocidade e \nconfiabilidade. Processadores Digitais de Sinais são capazes de processar dez milhões de amostragens por segundo. \nIsso significa processamento em tempo real -- o sinal é processado no mesmo instante em que é recebido, sem \nretardos ou atrasos.\nProjetados com o uso intenso dos recursos da tecnologia DSP ,  os No Breaks Innovation Trifásico Transformerless  \nagregam novos  e avançados recursos, que estabelecem um novo conceito em desenvolvimento, no qual o firmware \nAo pensar em adquirir No Breaks,     \nconte com as soluções da\nCM Comandos, que asseguram \ntecnologia de ponta, máxima proteção, \nprecisão digital e processamento        \nem tempo real.', 'Alta Tecnolog ia em\nProcessament o Dig ital\nde Sinais - DSP\nOS MAIS MODERNOS\nNO-BREAKS CORPORATIVOSVivemos em um mundo cada v ez mais ág il e prático . Um mundo conec tado por pr ocessador es, chips , softwares e \nperiféricos. Mas isso ainda não é o bastant e. Por isso , o mundo caminha para t ecnolog ias de pr ocessament o imediat o \nde dados . A CM C omandos Linear es está um passo à fr ente e of erece aos seus client es pr odut os dotados de uma \ntecnolog ia revolucionár ia, denominada P rocessament o Dig ital de Sinais - - DSP .\nToda a linha de No -Breaks  \nconta com a t ecnolog ia DSP .  Carac terística que \npropor ciona alta per formance e confiabilidade , Conception Multi Ativ o \npara aplicações de missão cr ítica. Ou seja, pr otegem as aplicações nas quais a continuidade da operação é de \nfundamental impor tância.\nequipament os pode ser atualizado , \nacrescentando novas funções em \nunidades já instaladas . Hoje , esta t ecnolog ia está pr esent e nos mais sofisticados sist emas eletr ônicos , devido à sua alta v elocidade e \nconfiabilidade . Processador es Dig itais de Sinais são capaz es de pr ocessar dez milhões de amostragens por segundo . \nIsso sig nifica pr ocessament o em t empo r eal -- o sinal é pr ocessado no mesmo instant e em que é r ecebido , sem \nretardos ou atrasos .\nProjetados com o uso int enso dos r ecursos da t ecnolog ia DSP ,  os No -Breaks C onception Multi Ativ o  ag regam nov os  \ne avançados r ecursos , que estabelecem um nov o conceit o em desen volviment o, no qual o fir mware dos \nAdquir indo No -Breaks , cont e com as \nsoluções da CM C omandos , que \nasseguram t ecnolog ia de ponta, \nmáxima pr oteção , precisão dig ital e \nprocessament o em t empo r eal.  Modelo 300kV A']","As abordagens para alta confiabilidade em sistemas de No-Break, como a tecnologia Transformerless e o Processamento Digital de Sinais (DSP), destacam-se por oferecerem alta performance e confiabilidade, especialmente em aplicações de missão crítica. A tecnologia DSP permite o processamento em tempo real, com capacidade de processar dez milhões de amostragens por segundo, garantindo que o sinal seja processado instantaneamente, sem atrasos. Isso é crucial para a continuidade da operação em ambientes onde a segurança e a performance são essenciais.

Por outro lado, sistemas modulares e on-line de dupla conversão também são projetados para maximizar a proteção e a eficiência. Esses sistemas geralmente oferecem flexibilidade e escalabilidade, permitindo atualizações e adições de funções em unidades já instaladas, o que pode ser uma vantagem em ambientes que exigem adaptações constantes.

Em resumo, enquanto a tecnologia Transformerless e DSP se concentram em processamento rápido e confiável, sistemas modulares e de dupla conversão oferecem flexibilidade e capacidade de atualização, ambos essenciais para garantir desempenho e segurança em ambientes críticos.","As diferentes abordagens para alta confiabilidade em sistemas de No-Break, como a tecnologia Transformerless, Digital Signal Processor e sistemas modulares e on line de dupla conversão, se comparam em termos de desempenho e segurança em ambientes críticos, destacando a inovação e características específicas de cada tecnologia, como a modularidade e a operação contínua sem interrupções.",0.0,0.0,0.0,0.3125,0.7313558209245387,0.25,0.33,0.8968297543133714,0.2536293766011955,0.2834645669291338,0.0,0.0,1,1,1,1,1
"Como as diferentes abordagens de gerenciamento de bateria, incluindo sistemas com processadores de sinal digital, No-Breaks modulares e tecnologia de equalização ativa, se comparam em termos de confiabilidade e eficiência em relatórios sobre soluções de energia crítica?","['Equaliz erActive Batt ery Mangement\nBENEFÍCIOS\nEstende a vida útil das baterias\nO sistema de Equalização Ativa mantém as baterias em condições \nideais, maximizando a sua vida útil. Reduz a necessidade de troca das \nbaterias e reduz o custo.\nRedução de Custo de Propriedade\nProlonga a vida útil das baterias, reduz o período de trocas e \nautomatiza a manutenção, reduzindo enormes custos com \nintervenções manuais.\nEcológico e Sustentável\nNa era da sustentabilidade, reduzir o consumo de baterias significa \nusar menos recursos e gerar menos descartes no meio ambiente.Análise da Vida Útil da Bateria\nAnalisa a curva de carga e descarga de um banco de baterias e \nacompanhe a evolução da vida útil, algo que é impraticável fazer \nmanualmente.Minimiza o Downtime por falha da bateria\nO prejuízo decorrente de uma queda do sistema por falha de bateria \ngera um valor incalculável para a sua operação.CARACTERÍSTICAS  \nPRINCIPAIS\nEqualização Ativa Individual do Banco de Baterias\nEleva a vida útil e a confiabilidade das baterias. \nPermite que as baterias atinjam a máxima vida útil de operação.\nAutomatização da Manutenção das Baterias\nO sistema mantém as baterias em condições ideais automaticamente. \nA análise e o diagnóstico são realizados à distância, individualmente e \nsem precisar desligar o sistema.\nMonitoramento em Tempo Real das Baterias\nMonitora a condição das baterias em tempo real à distância,  de \nforma eficiente e reduzindo o elevado custo com intervenções \nmanuais.Medição da Impedância da Bateria\nA Impedância interna é o parâmetro real da condição da bateria. \nAlém disso, mede a tensão e temperatura individual de cada bateria e \ngrava na memória.Previne contra quedas do sistema por defeito nas baterias\nO sistema monitora constantemente as baterias individualmente e \nenvia alarmes antes de ocorrer um problema.\nCONFIGURAÇÃO DO BANCO DE BATERIAS\nAPLICAÇÕES\nn   \nn   \n Banc os de Ba terias:\n• Sist emas No -Breaks\n• Retificador es de Telecomunicações\n• Ener gia Solar e Eólica\n• Compatív el com t odas as mar cas \nde equipament os, independent e \ndo fabr icant e.\nTipos :\n• Seladas Reguladas por Válvula VRLA\n• Estacionár ias\n• 12VDC e 2VDC', '• Analisa as curvas de carga e d escarga  das baterias, \nremotamente e s em desligar o s istema.\n• Identifica e e nvia alarmes da  bateria com defeito antes de \ncomprometer o s istema.\n• A m anutenção torna-se proativa, pois a intervenção é d ireta \nna bateria defeituosa, na ocorrência de alarmes. \n• Dashboard com duas opções de visualização, vertical e \nhorizontal.\n• Layout Responsivo, pronto para PCs, Tablets e S martphones. ANÁLISE  DA  VIDA ÚTIL CONFORME NORMA  IEEE  1188  E  1491 \n• Analisa o ciclo de vida útil das bat erias conf orme a Nor ma IEEE 1188: P ráticas r ecomendadas para manut enção , testes e substituição \nde bat erias e IEEE 1491: Guia para seleção e uso de equipament os de monit orament o de bat erias. \n• Determina a data z ero a par tir da instalação das bat erias e r egistra per iodicament e a ev olução do ciclo de vida útil das bat erias.\n• Relat ório do Ciclo de Vida com parâmetr os configurá veis.\nGERENCIAMENTO WEB \n• Medições de Impedância, Tensão e Temperatura individuais de \ncada bateria.\n• Indicadores de Status Normal, Falha e P ré-Alarme configuráveis.\n•Gráficos de Descarga com filtros dinâmicos.\n• Envio de e-mails em caso de alarmes.\n• Data Logger armazenado em Banco de Dados ANSI SQL.\n• Frequência de gravação configurável.\n• Controle de Acesso por senha em três níveis.\n• Protocolos SNMP V1 e V3 e M odbus Over IP.']","As abordagens de gerenciamento de bateria, como a equalização ativa, oferecem benefícios significativos em termos de confiabilidade e eficiência. O sistema de equalização ativa, por exemplo, mantém as baterias em condições ideais, prolongando sua vida útil e reduzindo a necessidade de trocas. Isso resulta em uma operação mais confiável, minimizando o downtime por falhas de bateria.

Além disso, a automação da manutenção e o monitoramento em tempo real permitem uma análise contínua da condição das baterias, identificando problemas antes que eles comprometam o sistema. Isso se traduz em relatórios mais precisos e proativos sobre a saúde das baterias, facilitando a tomada de decisões informadas.

Sistemas como No-Breaks modulares também contribuem para a confiabilidade, mas a tecnologia de equalização ativa se destaca pela sua capacidade de realizar diagnósticos à distância e automatizar intervenções, o que pode ser mais eficiente em ambientes críticos.","As diferentes abordagens de gerenciamento de bateria, incluindo sistemas com processadores de sinal digital, No-Breaks modulares e tecnologia de equalização ativa, se comparam em termos de confiabilidade e eficiência, destacando a alta confiabilidade dos No-Breaks modulares e a maximização da vida útil das baterias com a equalização ativa.",0.49999999995,0.3333333333333333,0.0,0.5294117647058824,0.6845937485326353,0.6470588235294118,0.17,0.8636086354171832,0.2437759336099585,0.2385321100917431,0.0,0.0,0,0,1,1,1
"Como as diferentes abordagens de gerenciamento remoto, como a tecnologia DSP, interfaces de gerenciamento remoto e sistemas de equalização ativa, se comparam em termos de confiabilidade e eficiência em relatórios sobre No-Breaks e sistemas de energia?","['S I S T E M A PA R A L E L O M U LT I AT I V O ( E X C L U S I V O C M C O M A N D O S )\nA CM Comandos Lineares desenvolveu um sistema inovador e pioneiro no mundo de paralelismo entre No Breaks. O sistema Paralelo \nMulti Ativo permite a expansão do sistema, de acordo com sua demanda de consumo, podendo paralelar quantas unidades forem \nnecessárias para atender sua demanda, elevando a capacidade do sistema e a confiabilidade de sua aplicação.\nP O S S I B I L I D A D E D E S O M A T Ó R I A D E  P O T Ê N C I A S\nPermite a ligação para somatória de potência, utilizando dois ou mais No \nBreaks para atingir a demanda da carga total.\nQuando utilizado para somatória de potência, possibilita a ligação de \nNo Breaks com potências diferentes. Quando a ligação for feita com No \nBreaks de potências diferentes, a carga será distribuída \nproporcionalmente. Permite a ligação em paralelo redundante N + 1,  N + 2, N + 3 … N+X,  \npossibilitando o desligamento de uma ou mais unidades mantendo a \ncarga ativa.L I G A Ç Ã O E M P A R A L E L O R E D U N D A N T E\nA comunicação entre os No Breaks consiste no barramento de \ncomunicação comum, por onde transitam informações contendo \nnível de carga, sincronismo e a condição do by pass.C O M U N I C A Ç Ã O E N T R E O S N O B R E A K STodos os No Breaks são autônomos, operam de forma \nindependente no sistema e possuem controle individual.N Ã O E X I S T E N O B R E A K M E S T R E O U E S C R A V OPodem ser paraleladas quantas unidades forem necessárias, \npossibilitando expansão do sistema, de acordo com a demanda de \nconsumo.Q U A N T I D A D E I L I M I T A D A P A R A P A R A L E L I S M O\nM A N U T E N Ç Ã O D O N O B R E A K\nPermite a inserção ou retirada de um No Break no sistema, sem a \nnecessidade de parada.Rede Elétrica\nde Entrada\nSaídaNo Break 1\n Potência de \n30 kVANo Break 2\nPotência de \n10 kVANo Break 3\nPotência de \n20 kVA\nCarga fornecida pelo sistema = 150 kVANo Break 4\nPotência de \n30 kVANo Break 5\nPotência de \n20 kVANo Break 6\nPotência de \n40 kVA\nINTERFACES DE \nGERENCIAMENTO   \nREMOTO\nSão compostas por diversas ferramentas. O \nAdaptador SNMP NetMate permite\ngerenciar remotamente o No Break via a \nInternet através de um web browser,\nmonitorar o status e enviar alertas por e-mail. \nO software IP Power é uma ferramenta de \ngerenciamento  Windows Application e a \nversão Client é específica para  automatizar o \nshutdown de servidores, podendo desligar \nautomática e simultaneamente vários\ns e r v i d o r e s  e  e s t a ç õ e s .\nO Adaptador ArmModbus permite integrar \no  N o  B r e a k ,  v i a  u m a  p o r t a\nRS485, a Sistemas de Automação Predial.', 'TECNOLOGIA  ON  LINE  COM  BYPASS\nESTÁTICO  DE  MANUTENÇÃO\nCARACTERÍSTICAS  PRINCIPAIS\nTecnologia Avançada \nDSP  (Digital Signal Processor)\nMedições em True RMS com Precisão de \nMultímetros\nBypass Estático de Manutenção\nSoftware de Gerenciamento Remoto Real-Time \nSistema Paralelo Multi Ativo (Exclusivo CM)Permite funções avançadas e exclusivas em \ntempo real.\nPermite que sejam rastreados para análise.\nSão ideais para a medição de cargas não lineares.\nAdicionam proteção e elevam a confiabilidade da \ncarga sensível.\nVia TCP/IP,  com proteção de senhas para acesso \nremoto, shutdown.\nPodem ser paraleladas quantas unidades forem \nnecessárias, possibilitando expansão do sistema, \nde acordo com a demanda de consumo.Memória Interna para Registro de EventosDisplay TFT 4,3"" Touch Screen\n(Item de Série)\nPossibilidade de Upgrade do Firmware do \nDSP \nAcionamentos Monitorados pelo  DSP\nControle Inteligente da Velocidade dos \nCoolersModerna tela com comandos por toque, que \npermite acesso ao No-Break pela internet.\nGarante a utilização e preservação do \ninvestimento.\nAs manobras são registradas e gravadas no \nlog de eventos.\nProlongam a vida útil dos equipamentos \ne reduzem os intervalos de manutenção. Saída Rede Elétric a\nde En trada\nCorrente Alt ernada de Entrada\nCorrente ContínuaCorrente Alternada de Saída\nCorrente Alternada B ypass Estático  Corr ente Alternada B ypass Estático \nde Manutenção Bypass Estático de Manutenção\nPermite a transf erência e o r etorno da car ga do No -Break \npara um cir cuito alter nativ o de f ornecimento de ener gia, \npara atividades de manutenção . Em quaisquer situações , \no fornecimento de ener gia é contínuo , sem \ninter rupções .\nRetificador\nConverte a ener gia da \nrede elétr ica da \nconcessionár ia ou do \ngrupo gerador em \ncorrente contínua, \ncorrigindo ou \neliminando distúr bios   \nda entrada do sistema.Inversor\nConverte a cor rente contínua do \nretificador ou das bater ias em cor rente \nalter nada de saída, com f orma de onda \nBanco de Baterias\nArmaz ena ener gia reser va para alimentar o No -Break \ndurante um per íodo pr edeter minado , denominado Bypass Estático\nSistema de pr oteção \nque, em caso de \nproblemas , transf ere \nautomaticamente a \ncarga para um \ncircuito alter nativ o, \nsem inter rupção no \nfornecimento de \nener gia. Rede Pr esente\nFalha de R ede\nBypass Estátic o\nBypass Estátic o de\n Manutenç ãoNo-Break C onception M ulti A tivo\nTrifásico\nINTERFACES DE \nGERENCIAMENTO   \nREMOTO\nSão compostas por div ersas \nferramentas . O A daptador SNMP \nNetM ate per mite ger enciar \nremotament e o No -Break via a I nternet \natravés de um w eb br owser , monit orar \no status e en viar aler tas por e -mail . \nO sof tware IP P ower é uma f erramenta \nde ger enciament o  Windows \nApplication e a v ersão Client é \nespecífica para  aut omatizar o \nshut down de ser vidor es, podendo \ndesligar aut omática e simultaneament e \nvários ser vidor es e estações . \nO Adaptador Ar mModbus per mite \nintegrar o No -Break, via uma por ta \nRS485, a Sist emas de A utomação \nPredial .DISPLAY TFT 4,3 ‘’ \nTOUCH SCREEN\nCOMANDO POR TOQUE']","As abordagens de gerenciamento remoto, como a tecnologia DSP e as interfaces de gerenciamento remoto, oferecem funcionalidades avançadas que elevam a confiabilidade e eficiência na supervisão de No-Breaks e sistemas de energia. A tecnologia DSP permite medições precisas e rastreamento em tempo real, o que é crucial para a análise de cargas não lineares e para a proteção de equipamentos sensíveis. 

As interfaces de gerenciamento remoto, como o Adaptador SNMP NetMate e o software IP Power, possibilitam o monitoramento do status dos No-Breaks via internet, enviando alertas e permitindo o controle de múltiplos servidores simultaneamente. Isso contribui para uma resposta rápida a qualquer falha ou necessidade de manutenção, aumentando a confiabilidade do sistema.

Além disso, a capacidade de realizar manutenções sem interrupções no fornecimento de energia, como o Bypass Estático de Manutenção, assegura que a operação continue ininterrupta, o que é um fator crítico para a eficiência em ambientes que dependem de energia constante. Portanto, essas tecnologias e interfaces se complementam, proporcionando um gerenciamento robusto e eficiente dos sistemas de energia.","As diferentes abordagens de gerenciamento remoto, como a tecnologia DSP, interfaces de gerenciamento remoto e sistemas de equalização ativa, se comparam em termos de confiabilidade e eficiência em relatórios sobre No-Breaks e sistemas de energia, destacando a alta confiabilidade e a capacidade de monitoramento em tempo real.",0.99999999995,0.5,0.0,0.85,0.7414225409065694,0.7,0.12,0.8201990724591071,0.2263829787234043,0.2406639004149377,0.0,0.0,1,1,1,1,1
"Como as diferentes tecnologias de proteção de energia, como No-Breaks com Processador Digital de Sinais, sistemas de Equalização Ativa de Baterias e soluções de Bypass Estático, se comparam em termos de confiabilidade e eficiência em ambientes críticos, conforme descrito nos relatórios?","['TECNOLOGIA ON LINE COM BYPASS ESTÁTICO DE MANUTENÇÃO\nINTERFACE DE GERENCIAMENTO REMOTO\nAs Interfaces de Gerenciamento Remoto são compostas por diversas ferramentas, sendo elas: \n•  O Adaptador SNMP que permite gerenciar remotamente o No-Break via Internet através de um web browser,  monitorar o status \ne enviar alertas por e-mail. \n• O software, uma ferramenta de gerenciamento Windows Application e a versão Client é especíﬁ  ca para automatizar o shutdown \nde servidores, podendo desligar automática e simultaneamente vários servidores e estações. \n• O Adaptador Modbus permite integrar o No-Break, via uma porta RS485, a Sistemas de Automação Predial.\nBypass Estático\nSistema de proteção que, em caso de \nproblemas, transfere automaticamente \na carga para um circuito alternativo, sem \ninterrupção no fornecimento de energia.Bypass Estático de Manutenção\nPermite a transferência e o retorno da carga do No-Break para um circuito \nalternativo de fornecimento de energia, para atividades de manutenção. \nEm quaisquer situações, o fornecimento de energia é contínuo, sem \ninterrupções.\nBanco de Baterias\nArmazena energia reserva para alimentar o No-Break \ndurante um período predeterminado, denominado como \ntempo de autonomia do No-Break.Retificador\nConverte a energia da\nrede elétrica da concessionária\n ou do grupo gerador em\ncorrente contínua, corrigindo \nou eliminando distúrbios\nda entrada do sistema.\nCorrente alternada de entradaCorrente contínua Corrente alternada de saída\nCorrente alternada Bypass estáticoCorrente alternada Bypass estático\nde manutenção\nInversor\nConverte a corrente contínua do \nretiﬁ  cador ou das baterias em corrente \nalternada de saída, com forma de onda \nsenoidal pura, livre de distúrbios.\nRetificador\nConverte a energia da\nrede elétrica da concessionária\n ou do grupo gerador em\nInversor\nConverte a corrente contínua do \nretiﬁ  cador ou das baterias em corrente \nalternada de saída, com forma de onda', 'DominionSP1\nCARACTERÍSTIC AS  PRINCIP AIS\nTecnologia A vançada DSP  (Digital Signal P rocessor)\nMemória Int erna par a Registr o de E ventos\nMedições em True RMS c om P recisão de Multímetr os\nCorreção do F ator de P otência de E ntr ada0.99*\nAcionament os Monit orados pelo P rocessador DSPPermite funções a vançadas e ex clusivas em t empo r eal.\nPermite que sejam rastr eados para análise .\nSão ideais para a medição de car gas não linear es.\nAtua como filtr o para as car gas não -linear es.\nAs manobras são r egistradas e g ravadas no log de ev entos.TECNOL OGIA  ON-LINE  C OM  BYP ASS  ESTÁTIC O  DE  MANUTENÇÃO\nCorr ente Alternada de Entrada\nCorr ente ContínuaCorr ente Alternada de Saída\nCorr ente Alternada B ypass Estático  Corr ente Alternada B ypass Manual de Manutenção  Saída Rede Elétric a\nde Entr adaRede P resente\nFalha de Rede\nBypass Estátic o\nBypass Manual de\n ManutençãoBypass Manual de Manutenção\nNeste modo de operação , a car ga é alimentada dir etamente pelo cir cuito \nalter nativ o de B ypass que possibilita o desligamento completo do \nequipamento , podendo assim, r ealizar uma manutenção com substituições de \npeças e placas sem a necessidade de desligamento . Com o auxílio da chav e \nestática, após a manutenção , é possív el transf erir novamente o No -Break para \no modo nor mal mantendo a car ga sempr e alimentada.\nRetificador\nConverte a ener gia da r ede elétr ica \nda concessionár ia ou do g rupo \ngerador em cor rente contínua, \ncorrigindo ou eliminando \ndistúr bios da entrada do sistema.\nBanco de Baterias\nArmaz ena ener gia reser va para alimentar o No -Break durante \num per íodo pr é-deter minado , denominado como tempo de \nautonomia do No -Break.Inversor\nConverte a cor rente contínua do r etificador ou das \nbater ias em cor rente alter nada de saída, com f orma de \nonda senoidal pura, livr e de distúr bios .Transf ormador Isolador\nIsola a tensão de saída, garantindo assim uma \nmelhor qualidade de ener gia, filtrando possív eis \nruídos ex ternos mesmo operando em modo B ypass . Bypass Estático\nSistema de pr oteção que , \nem caso de falha, transf ere \nautomaticamente a car ga \npara a linha de B ypass \nsem inter rupções na saída \ne opera em sincr onismo \nde fase . \nPossibilidade de Upgr ade do F irmwar e do DSP\nAjust es da Tensão por Sof twar e\nBypass Estátic o e Bypass M anual de M anut enção\nGerenciament o Remot o Real-Time Via Int ernet*\nCompatív el com Todos os Grupos G erador esGarant e a atualização e pr eser vação do in vestiment o.\nAsseguram elevada pr ecisão e confiabilidade .\nAdicionam pr oteção e elevam a confiabilidade da car ga sensív el.\nVia TCP/IP e fir ewalls com pr oteção de senhas para acesso r emot o.\nPrecisão e t otal pr oteção para operação com g rupos gerador es.']","As tecnologias de proteção de energia, como No-Breaks com Processador Digital de Sinais, sistemas de Equalização Ativa de Baterias e soluções de Bypass Estático, oferecem diferentes níveis de confiabilidade e eficiência em ambientes críticos. Os No-Breaks com Processador Digital de Sinais proporcionam medições precisas e correção do fator de potência, permitindo um monitoramento avançado e registro de eventos, o que contribui para uma operação mais confiável. 

Os sistemas de Equalização Ativa de Baterias garantem que as baterias operem em condições ideais, aumentando sua vida útil e eficiência, o que é crucial em situações onde a continuidade de energia é vital. Por outro lado, as soluções de Bypass Estático oferecem uma proteção robusta, permitindo a transferência automática da carga para um circuito alternativo em caso de falhas, sem interrupções no fornecimento de energia. Essa característica é essencial para manter a operação contínua em ambientes críticos.

Em resumo, cada tecnologia tem suas particularidades que, quando combinadas, podem maximizar a confiabilidade e eficiência em ambientes que exigem alta disponibilidade de energia.","As diferentes tecnologias de proteção de energia, como No-Breaks com Processador Digital de Sinais, sistemas de Equalização Ativa de Baterias e soluções de Bypass Estático, se comparam em termos de confiabilidade e eficiência em ambientes críticos, oferecendo alta performance, proteção e continuidade operacional.",0.49999999995,0.0,0.0,0.3888888888888889,0.6217858233235362,0.5,0.32,0.9419603470790512,0.2385479688850476,0.3333333333333333,0.0,0.0,0,1,1,1,1
"Como as abordagens de manutenção e as tecnologias implementadas em sistemas de No-Break, como o uso de Processadores de Sinal Digital, Bypass Estático de Manutenção e Equalização Ativa de Baterias, se comparam entre diferentes fabricantes e modelos, considerando a confiabilidade e a eficiência em aplicações críticas?","['TECNOLOGIA  EQUALIZER\nEqualização A tiva Individual das Ba terias\n O módulo de bater ia ativ o regula individualmente a \ntensão de cada bater ia e as mantém homogêneas , \nelevando a sua durabilidade , capacidade e r esistência \ncontra cor rosão e sulfatação .\nEvita e pr otege c ontr a Ex cesso de C arga\nAtrav és da Equalização Ativa as bater ias são pr oteg idas \nindividualmente contra o ex cesso de car ga, pr evenindo -\nas contra exalação de gases , secagem do eletr ólito \ninter no e do aquecimento inter no em ex cesso .\nEvita e pr otege c ontr a Falta de C arga\nA Equalização Ativa individual das bater ias impede que \nas mesmas r ecebam menor tensão que dev eriam, \nevitando -se a sulfatação e a per da de capacidade .\nIndicador de P roblemas da Ba teria\nAtrav és da medição da Tensão , Impedância e \nTemperatura, o sistema monitora os pr oblemas típicos \ndas bater ias, tais como sulfatação , cor rosão , per da de \ngases , secagem do eletr ólito e aquecimento inter no.Elimina a Sulfa tação das Ba terias\nO pr oblema decor re dos car regador es e r etificador es de \nbater ias, que r egulam a tensão de flutuação ou \nequalização na tensão final das bater ias e não garantem \nque em algumas  bater ias elas r ecebam maior tensão e , \nem outras , menor tensão . Atrav és da Equalização Ativa, \nmantêm-se todas as bater ias com tensão equilibrada.\nProteção c ontr a contaminação de ba terias\nAtrav és da Equalização Ativa individual de cada bater ia, \nevitam-se danos de uma bater ia a outras bater ias \npróximas , o ef eito de contaminação , ou seja, uma bater ia \nruim danifica as boas .\nOtimização da capacidade das ba terias\nGraças à Equalização Ativa, o Equaliz er garante a plena \nrecar ga e a máxima otimização da bater ia.\nAler ta par a substituir ba terias\nAtrav és da análise da cur va de impedância, pode -se \nidentificar a tendência, já na fase inicial de instalação , se \nalguma bater ia está deter iorada ou simplesmente mais \nfraca do que as outras . Quanto antes ef etuar este \ndiag nóstico , melhor será para o r estante da vida útil das \ndemais bater ias.Alarmes de ba teria\nAtrav és do monitoramento dos parâmetr os-chav e das \nbater ias e medições de limites pr eestabelecidos , o \nsistema en via avisos de alar mes automaticamente aos \nadministrador es do sistema.\nManutenção à distância \nO Equaliz er melhora a qualidade do ser viço, fornecendo \nmonitoramento r emoto atrav és da I nternet, VPN ou \noutra r ede, para faz er download de dados em tempo \nreal e acesso ao histór ico da bater ia para análise . \nManutenção sem desligar o sistema\nOs testes de bater ia individuais são possív eis \nremotamente , sem o esf orço para desligar as bater ias. \nAs manutenções e as análises  de bater ia podem ser \nrealizadas em condições r eais de operação , sem a \nnecessidade de paradas no sistema.\nOtimiza a manutenção em campo\nA equipe de manutenção se desloca somente quando \nhá inter venções cor retivas e dir etas na bater ia que \napresentar def eito na ocor rência de alar mes ou na \nanálise de diag nóstico e , é clar o, reduz enor mes custos \noperacionais .', 'Alta Tecnolog ia em\nProcessament o Dig ital\nde Sinais - DSP\nOS MAIS MODERNOS\nNO-BREAKS CORPORATIVOSVivemos em um mundo cada v ez mais ág il e prático . Um mundo conec tado por pr ocessador es, chips , softwares e \nperiféricos. Mas isso ainda não é o bastant e. Por isso , o mundo caminha para t ecnolog ias de pr ocessament o imediat o \nde dados . A CM C omandos Linear es está um passo à fr ente e of erece aos seus client es pr odut os dotados de uma \ntecnolog ia revolucionár ia, denominada P rocessament o Dig ital de Sinais - - DSP .\nToda a linha de No -Breaks  \nconta com a t ecnolog ia DSP .  Carac terística que \npropor ciona alta per formance e confiabilidade , Conception Multi Ativ o \npara aplicações de missão cr ítica. Ou seja, pr otegem as aplicações nas quais a continuidade da operação é de \nfundamental impor tância.\nequipament os pode ser atualizado , \nacrescentando novas funções em \nunidades já instaladas . Hoje , esta t ecnolog ia está pr esent e nos mais sofisticados sist emas eletr ônicos , devido à sua alta v elocidade e \nconfiabilidade . Processador es Dig itais de Sinais são capaz es de pr ocessar dez milhões de amostragens por segundo . \nIsso sig nifica pr ocessament o em t empo r eal -- o sinal é pr ocessado no mesmo instant e em que é r ecebido , sem \nretardos ou atrasos .\nProjetados com o uso int enso dos r ecursos da t ecnolog ia DSP ,  os No -Breaks C onception Multi Ativ o  ag regam nov os  \ne avançados r ecursos , que estabelecem um nov o conceit o em desen volviment o, no qual o fir mware dos \nAdquir indo No -Breaks , cont e com as \nsoluções da CM C omandos , que \nasseguram t ecnolog ia de ponta, \nmáxima pr oteção , precisão dig ital e \nprocessament o em t empo r eal.  Modelo 300kV A']","As abordagens de manutenção e as tecnologias implementadas em sistemas de No-Break variam entre fabricantes e modelos, refletindo diferentes níveis de confiabilidade e eficiência, especialmente em aplicações críticas. O uso de Processadores de Sinal Digital (DSP) em No-Breaks, como os da linha Conception Multi Ativo, proporciona alta performance e confiabilidade, permitindo o processamento em tempo real, o que é crucial para a continuidade das operações.

Além disso, a Equalização Ativa de Baterias é uma tecnologia que regula individualmente a tensão de cada bateria, aumentando sua durabilidade e prevenindo problemas como sulfatação e corrosão. Isso não apenas otimiza a capacidade das baterias, mas também permite a manutenção à distância, sem a necessidade de desligar o sistema, o que é uma vantagem significativa em ambientes críticos.

Por outro lado, o Bypass Estático de Manutenção, quando presente, permite que o sistema continue operando mesmo durante intervenções de manutenção, aumentando ainda mais a confiabilidade. A combinação dessas tecnologias resulta em sistemas que não apenas protegem as aplicações críticas, mas também garantem uma operação contínua e eficiente, minimizando custos operacionais e maximizando a vida útil dos equipamentos. 

Assim, a comparação entre diferentes fabricantes e modelos deve considerar como cada um implementa essas tecnologias e as suas respectivas abordagens de manutenção, pois isso impacta diretamente na confiabilidade e eficiência em aplicações críticas.","As abordagens de manutenção e tecnologias implementadas em sistemas de No-Break, como o uso de Processadores de Sinal Digital, Bypass Estático de Manutenção e Equalização Ativa de Baterias, variam entre diferentes fabricantes e modelos, com a CM Comandos se destacando pela confiabilidade e eficiência em aplicações críticas.",0.99999999995,1.0,0.0,0.1363636363636363,0.7418333494013746,0.4090909090909091,0.31,0.8997316784235836,0.2021066491112574,0.2790697674418605,0.0,0.0,0,1,1,1,1
Como se comparam os sistemas de No-Break em confiabilidade e eficiência?,"['S I S T E M A PA R A L E L O M U LT I AT I V O ( E X C L U S I V O C M C O M A N D O S )\nA CM Comandos Lineares desenvolveu um sistema inovador e pioneiro no mundo de paralelismo entre No Breaks. O sistema Paralelo \nMulti Ativo permite a expansão do sistema, de acordo com sua demanda de consumo, podendo paralelar quantas unidades forem \nnecessárias para atender sua demanda, elevando a capacidade do sistema e a confiabilidade de sua aplicação.\nP O S S I B I L I D A D E D E S O M A T Ó R I A D E  P O T Ê N C I A S\nPermite a ligação para somatória de potência, utilizando dois ou mais No \nBreaks para atingir a demanda da carga total.\nQuando utilizado para somatória de potência, possibilita a ligação de \nNo Breaks com potências diferentes. Quando a ligação for feita com No \nBreaks de potências diferentes, a carga será distribuída \nproporcionalmente. Permite a ligação em paralelo redundante N + 1,  N + 2, N + 3 … N+X,  \npossibilitando o desligamento de uma ou mais unidades mantendo a \ncarga ativa.L I G A Ç Ã O E M P A R A L E L O R E D U N D A N T E\nA comunicação entre os No Breaks consiste no barramento de \ncomunicação comum, por onde transitam informações contendo \nnível de carga, sincronismo e a condição do by pass.C O M U N I C A Ç Ã O E N T R E O S N O B R E A K STodos os No Breaks são autônomos, operam de forma \nindependente no sistema e possuem controle individual.N Ã O E X I S T E N O B R E A K M E S T R E O U E S C R A V OPodem ser paraleladas quantas unidades forem necessárias, \npossibilitando expansão do sistema, de acordo com a demanda de \nconsumo.Q U A N T I D A D E I L I M I T A D A P A R A P A R A L E L I S M O\nM A N U T E N Ç Ã O D O N O B R E A K\nPermite a inserção ou retirada de um No Break no sistema, sem a \nnecessidade de parada.Rede Elétrica\nde Entrada\nSaídaNo Break 1\n Potência de \n30 kVANo Break 2\nPotência de \n10 kVANo Break 3\nPotência de \n20 kVA\nCarga fornecida pelo sistema = 150 kVANo Break 4\nPotência de \n30 kVANo Break 5\nPotência de \n20 kVANo Break 6\nPotência de \n40 kVA\nINTERFACES DE \nGERENCIAMENTO   \nREMOTO\nSão compostas por diversas ferramentas. O \nAdaptador SNMP NetMate permite\ngerenciar remotamente o No Break via a \nInternet através de um web browser,\nmonitorar o status e enviar alertas por e-mail. \nO software IP Power é uma ferramenta de \ngerenciamento  Windows Application e a \nversão Client é específica para  automatizar o \nshutdown de servidores, podendo desligar \nautomática e simultaneamente vários\ns e r v i d o r e s  e  e s t a ç õ e s .\nO Adaptador ArmModbus permite integrar \no  N o  B r e a k ,  v i a  u m a  p o r t a\nRS485, a Sistemas de Automação Predial.', 'SISTEMA PARALELO MULTI ATIVO (EXCLUSIVO CM COMANDOS)\nA CM Comandos Lineares desenvolveu um sistema inovador e pioneiro no mundo de paralelismo entre no-breaks. O sistema \nParalelo Multi Ativo permite a expansão do sistema, de acordo com sua demanda de consumo, podendo paralelar quantas \nunidades forem necessárias para atender sua demanda, elevando a capacidade do sistema e a confiabilidade de sua aplicação.\nPOSSIBILIDADE DE SOMATÓRIA DE  POTÊNCIAS\nPermite a ligação para somatória de potência, utilizando dois ou mais \nNo-Breaks para atingir a demanda da carga total.\nQuando utilizado para somatória de potência, possibilita a ligação de \nNo-Breaks com potências diferentes. Quando a ligação for feita com \nNo-Breaks de potências diferentes, a carga será distribuída \nproporcionalmente. Permite a ligação em paralelo redundante N + 1,  N + 2, N + 3 … N+X,  \npossibilitando o desligamento de uma ou mais unidades, mantendo a \ncarga ativa.\nA comunicação entre os No-Breaks consiste no barramento de \ncomunicação comum, por onde transitam informações \ncontendo nível de carga, sincronismo e a condição do by pass.COMUNICAÇÃO ENTRE OS NO-BREAKSTodos os No-Breaks são autônomos, operam de forma \nindependente no sistema e possuem controle individual.NÃO EXISTE NO-BREAK MESTRE OU ESCRAVOPodem ser paraleladas quantas unidades forem necessárias, \npossibilitando expansão do sistema, de acordo com a demanda \nde consumo.QUANTIDADE ILIMITADA PARA PARALELISMO\nPARALELISMO DO BANCO DE BATERIAS\nPermite paralelismo dos bancos de baterias (quando forem de \nmesma tensão nominal).MANUTENÇÃO DO NO-BREAK\nPermite a inserção ou retirada de um No-Break no sistema, sem a \nnecessidade de parada.INTERFACES  DE  SHUTDOWN  E GERENCIAMENTO  REMOTO\nRede Elétric a\nde Entr ada\nSaídaNo-break 1\n Potência \nde 60 kV ANo-break 2\nPotência de \n100 kV ANo-break 3\nPotência de \n20 kV A\nCarga fornecida pelo sistema = 410 kV ANo-break 4\nPotência de \n30 kV ANo-break 5\nPotência de \n80 kV ANo-break 6\nPotência de \n120 kV ARede L ocal Ether netA   Inter face de Ger enciamento \n     \nC  Inter face Shutdown \n     Client \n     LANB  Inter face Shutdown \n     D   Inter face de Ger enciamento Remoto \n  \nE  Adaptador SNMP\n     \nF  Client Shutdown\nG Estação Remota\n    Sof tware com \n    conexão à I nter netMultisser vidor es\nMultiplataf ormas\nMulti-S.O .Porta M icroprocessada DB9\nPorta Contato Seco DB9\nRede Ethernet RJ45']","Os sistemas de No-Break apresentados oferecem alta confiabilidade e eficiência através de um design que permite a expansão conforme a demanda de consumo. A possibilidade de paralelismo entre múltiplas unidades garante que a carga seja distribuída proporcionalmente, mesmo quando se utilizam No-Breaks de potências diferentes. Além disso, a comunicação entre os No-Breaks é feita por um barramento comum, permitindo monitoramento contínuo do nível de carga e condições operacionais. A manutenção é facilitada, pois é possível inserir ou retirar unidades sem interromper o funcionamento do sistema, o que contribui para a eficiência operacional.","Os sistemas de No-Break se comparam em confiabilidade e eficiência, destacando-se pela alta confiabilidade e pela capacidade de operar em ambientes críticos, com características como tecnologia hotswap, controle DSP e gerenciamento avançado de baterias.",0.9999999999,0.0,0.0,0.6363636363636364,0.7621972065712862,0.8333333333333334,0.14,0.8169126627247918,0.2908242612752721,0.1643835616438356,0.0,0.0,1,1,1,1,1
"Como inovações tecnológicas como uso de processadores de sinal digital e sistemas de bypass estático se comparam entre diferentes modelos de No-Breaks e suas aplicaçãos em ambientes críticos, conforme descrito nos relatórios?","['Alta Tecnologia em\nProcessamento Digital\nde Sinais - DSP\nO S M A I S M O D E R N O S\nN O B R E A K S C O R P O R AT I V O SVivemos em um mundo cada vez mais ágil e prático. Um mundo conectado por processadores, chips, softwares e \nperiféricos. Mas isso ainda não é o bastante. Por isso, o mundo caminha para tecnologias de processamento imediato \nde dados. A CM Comandos Lineares está um passo à frente e oferece aos seus clientes produtos dotados de uma \ntecnologia revolucionária, denominada Processamento Digital de Sinais -- DSP .\nToda a linha de No Breaks Innovation S1 Trifásico  \nTransformerless conta com a tecnologia DS P.   \nCaracterística que proporciona alta performance e \nconfiabilidade, tornando-os ideais para aplicações de missão crítica. Ou seja, protegem as aplicações nas quais a \ncontinuidade da operação é de fundamental importância.\ndos equipamentos pode ser atualizado, \nacrescentando novas funções em \nunidades já instaladas. Hoje, esta tecnologia está presente nos mais sofisticados sistemas eletrônicos, devido à sua alta velocidade e \nconfiabilidade. Processadores Digitais de Sinais são capazes de processar dez milhões de amostragens por segundo. \nIsso significa processamento em tempo real -- o sinal é processado no mesmo instante em que é recebido, sem \nretardos ou atrasos.\nProjetados com o uso intenso dos recursos da tecnologia DSP ,  os No Breaks Innovation Trifásico Transformerless  \nagregam novos  e avançados recursos, que estabelecem um novo conceito em desenvolvimento, no qual o firmware \nAo pensar em adquirir No Breaks,     \nconte com as soluções da\nCM Comandos, que asseguram \ntecnologia de ponta, máxima proteção, \nprecisão digital e processamento        \nem tempo real.', 'Alta Tecnolog ia em\nProcessament o Dig ital\nde Sinais - DSP\nOS MAIS MODERNOS\nNO-BREAKS CORPORATIVOSVivemos em um mundo cada v ez mais ág il e prático . Um mundo conec tado por pr ocessador es, chips , softwares e \nperiféricos. Mas isso ainda não é o bastant e. Por isso , o mundo caminha para t ecnolog ias de pr ocessament o imediat o \nde dados . A CM C omandos Linear es está um passo à fr ente e of erece aos seus client es pr odut os dotados de uma \ntecnolog ia revolucionár ia, denominada P rocessament o Dig ital de Sinais - - DSP .\nToda a linha de No -Breaks  \nconta com a t ecnolog ia DSP .  Carac terística que \npropor ciona alta per formance e confiabilidade , Conception Multi Ativ o \npara aplicações de missão cr ítica. Ou seja, pr otegem as aplicações nas quais a continuidade da operação é de \nfundamental impor tância.\nequipament os pode ser atualizado , \nacrescentando novas funções em \nunidades já instaladas . Hoje , esta t ecnolog ia está pr esent e nos mais sofisticados sist emas eletr ônicos , devido à sua alta v elocidade e \nconfiabilidade . Processador es Dig itais de Sinais são capaz es de pr ocessar dez milhões de amostragens por segundo . \nIsso sig nifica pr ocessament o em t empo r eal -- o sinal é pr ocessado no mesmo instant e em que é r ecebido , sem \nretardos ou atrasos .\nProjetados com o uso int enso dos r ecursos da t ecnolog ia DSP ,  os No -Breaks C onception Multi Ativ o  ag regam nov os  \ne avançados r ecursos , que estabelecem um nov o conceit o em desen volviment o, no qual o fir mware dos \nAdquir indo No -Breaks , cont e com as \nsoluções da CM C omandos , que \nasseguram t ecnolog ia de ponta, \nmáxima pr oteção , precisão dig ital e \nprocessament o em t empo r eal.  Modelo 300kV A']","As inovações tecnológicas, como o uso de processadores de sinal digital (DSP), são fundamentais para a alta performance e confiabilidade dos No-Breaks, especialmente em aplicações de missão crítica. Ambos os modelos mencionados, No Breaks Innovation S1 Trifásico Transformerless e Conception Multi Ativo, incorporam a tecnologia DSP, permitindo processamento em tempo real, onde os sinais são processados instantaneamente, sem atrasos.

Esses sistemas são projetados para proteger aplicações onde a continuidade da operação é crucial, garantindo que os equipamentos possam ser atualizados com novas funções, aumentando sua versatilidade e eficiência. A capacidade de processar até dez milhões de amostragens por segundo destaca a velocidade e confiabilidade dos processadores digitais, tornando-os ideais para ambientes que exigem alta disponibilidade e segurança.

Embora ambos os modelos compartilhem características avançadas, a escolha entre eles pode depender de requisitos específicos do ambiente crítico em que serão utilizados, como a necessidade de recursos adicionais ou a configuração trifásica.","Inovações tecnológicas como o uso de processadores de sinal digital e sistemas de bypass estático em No-Breaks, como os modelos da CM Comandos, oferecem alta confiabilidade e eficiência em ambientes críticos, permitindo manutenção sem interrupção do fornecimento de energia.",0.99999999995,0.0,0.0,0.3076923076923077,0.6958136772752422,0.6923076923076923,0.5,0.7893459727226623,0.2142857142857143,0.2363636363636363,0.0,0.0,0,0,1,1,1
"Como as diferentes tecnologias de fornecimento de energia, como No-Breaks com Processador Digital de Sinais, sistemas de Equalização Ativa de Baterias e soluções modulares trifásicas, se comparam em termos de confiabilidade, escalabilidade e suporte técnico, conforme descrito nos relatórios?","['No-Break Composition XI\nTrifásico Modular  25 kW  30 kW  50 kW\nOs No-Breaks Composition trifásico são modulares, on line de dupla conversão e possuem rack na largura padrão informática, integrando-se \nao seu data center.  Cada módulo possui a tecnologia hotswap, que permite a substituição sem a necessidade de  paralisar todo o sistema. \nPossuem também alta conﬁ  abilidade e são disponíveis em diversos modelos e capacidades, permitindo  sua expansão escalonada confor-\nme suas necessidades.\nCARACTERÍSTICAS PRINCIPAIS \n• Topologia Online de Dupla Conversão\n• Controle DSP - Processador Digital de Sinais\n• Retiﬁ  cador e Inversor a IGBT\n• Alto Fator de Potência de Entrada (Power Factor Correction)\n• Bypass estático, automático e manual*\n• Gerenciamento Avançado de Baterias\n• Fácil Manutenção - Módulos Hot Swap\n• Set de Baterias Conﬁ  gurável (conforme modelo e capacidades)\n• Design Modular Rack Padrão informática\n• Escalável e Modular\n• Ampla Faixa de Tensão Admissível de Entrada\n• Compatível com Grupo Gerador\n• Software de Gerenciamento Remoto RS232*\n• Slot Adaptador SNMP , Contato Seco e Modbus*\n• Paralelismo Redundante dos RacksDISPLAY LCD CENTRAL DE ATÉ 10,4’’  \nTOUCH SCREEN E DISPLAY\nINDIVIDUAL POR MÓDULO RACK NO-BREAK MODULAR COM BYPASS*', 'S I S T E M A PA R A L E L O M U LT I AT I V O ( E X C L U S I V O C M C O M A N D O S )\nA CM Comandos Lineares desenvolveu um sistema inovador e pioneiro no mundo de paralelismo entre No Breaks. O sistema Paralelo \nMulti Ativo permite a expansão do sistema, de acordo com sua demanda de consumo, podendo paralelar quantas unidades forem \nnecessárias para atender sua demanda, elevando a capacidade do sistema e a confiabilidade de sua aplicação.\nP O S S I B I L I D A D E D E S O M A T Ó R I A D E  P O T Ê N C I A S\nPermite a ligação para somatória de potência, utilizando dois ou mais No \nBreaks para atingir a demanda da carga total.\nQuando utilizado para somatória de potência, possibilita a ligação de \nNo Breaks com potências diferentes. Quando a ligação for feita com No \nBreaks de potências diferentes, a carga será distribuída \nproporcionalmente. Permite a ligação em paralelo redundante N + 1,  N + 2, N + 3 … N+X,  \npossibilitando o desligamento de uma ou mais unidades mantendo a \ncarga ativa.L I G A Ç Ã O E M P A R A L E L O R E D U N D A N T E\nA comunicação entre os No Breaks consiste no barramento de \ncomunicação comum, por onde transitam informações contendo \nnível de carga, sincronismo e a condição do by pass.C O M U N I C A Ç Ã O E N T R E O S N O B R E A K STodos os No Breaks são autônomos, operam de forma \nindependente no sistema e possuem controle individual.N Ã O E X I S T E N O B R E A K M E S T R E O U E S C R A V OPodem ser paraleladas quantas unidades forem necessárias, \npossibilitando expansão do sistema, de acordo com a demanda de \nconsumo.Q U A N T I D A D E I L I M I T A D A P A R A P A R A L E L I S M O\nM A N U T E N Ç Ã O D O N O B R E A K\nPermite a inserção ou retirada de um No Break no sistema, sem a \nnecessidade de parada.Rede Elétrica\nde Entrada\nSaídaNo Break 1\n Potência de \n30 kVANo Break 2\nPotência de \n10 kVANo Break 3\nPotência de \n20 kVA\nCarga fornecida pelo sistema = 150 kVANo Break 4\nPotência de \n30 kVANo Break 5\nPotência de \n20 kVANo Break 6\nPotência de \n40 kVA\nINTERFACES DE \nGERENCIAMENTO   \nREMOTO\nSão compostas por diversas ferramentas. O \nAdaptador SNMP NetMate permite\ngerenciar remotamente o No Break via a \nInternet através de um web browser,\nmonitorar o status e enviar alertas por e-mail. \nO software IP Power é uma ferramenta de \ngerenciamento  Windows Application e a \nversão Client é específica para  automatizar o \nshutdown de servidores, podendo desligar \nautomática e simultaneamente vários\ns e r v i d o r e s  e  e s t a ç õ e s .\nO Adaptador ArmModbus permite integrar \no  N o  B r e a k ,  v i a  u m a  p o r t a\nRS485, a Sistemas de Automação Predial.']","As tecnologias de fornecimento de energia, como No-Breaks com Processador Digital de Sinais, sistemas de Equalização Ativa de Baterias e soluções modulares trifásicas, apresentam características distintas em termos de confiabilidade, escalabilidade e suporte técnico.

Os No-Breaks com Processador Digital de Sinais oferecem alta confiabilidade devido ao controle avançado e à capacidade de gerenciar eficientemente a energia. A tecnologia hotswap permite a substituição de módulos sem interromper o sistema, aumentando a confiabilidade operacional.

As soluções modulares trifásicas são escaláveis, permitindo a expansão conforme a demanda. Isso é facilitado pela possibilidade de adicionar módulos adicionais, mantendo a operação contínua e a carga ativa, mesmo durante a manutenção.

Em relação ao suporte técnico, as interfaces de gerenciamento remoto, como o Adaptador SNMP e o software de gerenciamento, proporcionam monitoramento e controle eficazes, permitindo que os usuários gerenciem o sistema de forma proativa e recebam alertas em tempo real.

Assim, cada tecnologia tem suas vantagens específicas, com foco em confiabilidade, escalabilidade e suporte técnico, adaptando-se às necessidades dos usuários e das aplicações.","As diferentes tecnologias de fornecimento de energia, como No-Breaks com Processador Digital de Sinais, sistemas de Equalização Ativa de Baterias e soluções modulares trifásicas, se comparam em termos de confiabilidade, escalabilidade e suporte técnico, destacando a alta confiabilidade dos No-Breaks modulares, a escalabilidade das soluções e o suporte técnico de excelência oferecido pela CM Comandos.",0.9999999999,0.5,0.1999999996,0.2941176470588235,0.6258505145161614,0.4375,0.52,0.9128765625531808,0.2895377128953771,0.3657587548638132,0.0,0.0,1,1,1,1,1
"Como as diferentes abordagens de monitoramento e alertas em sistemas de No-Break, como a tecnologia DSP, a equalização ativa de baterias e a supervisão de falhas de isolação, se comparam em termos de confiabilidade e eficiência em ambientes críticos, conforme descrito nos relatórios?","['TECNOLOGIA  EQUALIZER\nEqualização A tiva Individual das Ba terias\n O módulo de bater ia ativ o regula individualmente a \ntensão de cada bater ia e as mantém homogêneas , \nelevando a sua durabilidade , capacidade e r esistência \ncontra cor rosão e sulfatação .\nEvita e pr otege c ontr a Ex cesso de C arga\nAtrav és da Equalização Ativa as bater ias são pr oteg idas \nindividualmente contra o ex cesso de car ga, pr evenindo -\nas contra exalação de gases , secagem do eletr ólito \ninter no e do aquecimento inter no em ex cesso .\nEvita e pr otege c ontr a Falta de C arga\nA Equalização Ativa individual das bater ias impede que \nas mesmas r ecebam menor tensão que dev eriam, \nevitando -se a sulfatação e a per da de capacidade .\nIndicador de P roblemas da Ba teria\nAtrav és da medição da Tensão , Impedância e \nTemperatura, o sistema monitora os pr oblemas típicos \ndas bater ias, tais como sulfatação , cor rosão , per da de \ngases , secagem do eletr ólito e aquecimento inter no.Elimina a Sulfa tação das Ba terias\nO pr oblema decor re dos car regador es e r etificador es de \nbater ias, que r egulam a tensão de flutuação ou \nequalização na tensão final das bater ias e não garantem \nque em algumas  bater ias elas r ecebam maior tensão e , \nem outras , menor tensão . Atrav és da Equalização Ativa, \nmantêm-se todas as bater ias com tensão equilibrada.\nProteção c ontr a contaminação de ba terias\nAtrav és da Equalização Ativa individual de cada bater ia, \nevitam-se danos de uma bater ia a outras bater ias \npróximas , o ef eito de contaminação , ou seja, uma bater ia \nruim danifica as boas .\nOtimização da capacidade das ba terias\nGraças à Equalização Ativa, o Equaliz er garante a plena \nrecar ga e a máxima otimização da bater ia.\nAler ta par a substituir ba terias\nAtrav és da análise da cur va de impedância, pode -se \nidentificar a tendência, já na fase inicial de instalação , se \nalguma bater ia está deter iorada ou simplesmente mais \nfraca do que as outras . Quanto antes ef etuar este \ndiag nóstico , melhor será para o r estante da vida útil das \ndemais bater ias.Alarmes de ba teria\nAtrav és do monitoramento dos parâmetr os-chav e das \nbater ias e medições de limites pr eestabelecidos , o \nsistema en via avisos de alar mes automaticamente aos \nadministrador es do sistema.\nManutenção à distância \nO Equaliz er melhora a qualidade do ser viço, fornecendo \nmonitoramento r emoto atrav és da I nternet, VPN ou \noutra r ede, para faz er download de dados em tempo \nreal e acesso ao histór ico da bater ia para análise . \nManutenção sem desligar o sistema\nOs testes de bater ia individuais são possív eis \nremotamente , sem o esf orço para desligar as bater ias. \nAs manutenções e as análises  de bater ia podem ser \nrealizadas em condições r eais de operação , sem a \nnecessidade de paradas no sistema.\nOtimiza a manutenção em campo\nA equipe de manutenção se desloca somente quando \nhá inter venções cor retivas e dir etas na bater ia que \napresentar def eito na ocor rência de alar mes ou na \nanálise de diag nóstico e , é clar o, reduz enor mes custos \noperacionais .', 'n  Rendimento: 95% \nBaterias\nn  Tensão de Linha:\n• 380/400/415V : ± 240 Vdc (40 baterias)   \n• 200/208/220V : ± 120 Vdc (20 baterias)   \nn  Sistema de Recarga: controlado, automático\nn  Tempo de Recarga:  8 a 10 horas para 90% da \ncarga\nn Tipo: seladas, isentas de manutenção\nBy-pass estático \nn  Acionamento: automático controlado pelo \nDSP\nn  Tempo de Transferência: 0 ms (nulo)\nn   Retransferência ao Modo Normal:  \nautomática\nBy-pass estático de Manutenção\nPermite manutenção do No-Break sem \ndesligar a carga\nn  Acionamento:  manual através de disjuntor\nn  Reposição ao modo normal: sem interrupção\nProteções Elétricas\nn  Sub e Sobre Tensão de Entrada e Saída \nn  Sub e Sobre Tensão DC e Bateria \nn  Sobrecarga e Curto-circuito\nn  Mínima descarga de bateria\nn  Sobre temperatura \nMedições\nn  True RMS \nn  Potência de saída em kVA\nn  Potência de saída em kW\nn  Fator de Potência de saídan  Tensão de Saída\nn  Frequência de Saída \nn  Tensão de Bateria\nn  Corrente de Bateria*\nn  Fator de Potência de Entrada*\nn  Tensão de Entrada\nn  Corrente de Entrada*\nn  Frequência de Entrada\nAlarmes\nControlados pelo processador DSP\nn Tipos de Alarmes:\n• Sonoros:\n       »  Falta de Rede - 1 toque a cada 4 segundos\n       »  Pré-alarme das Baterias: 1 toque por segundo\n       »  Falha Interna do No-Break: alarme contínuo\n• Mensagens de alerta:\n       »  Display de Cristal líquido\n       »  Display em LCD\n       »  Mensagem por e-mail, celular ou pop-up:\n       - Operação Normal\n       - Falha de Rede \n       - Pré-alarme de Baterias\n       - Bypass Estático ativo\n       - Bypass Manual ativo\n       - Sobrecarga de Saída\n       - Falha Interna\nLog de Eventos\nn  Registros Armazenados:\n    •    5 mil registros em memória interna\n    •    Indicação de data, hora e ocorrência \n    •    Medições  \n    •    Status de operação e alarmes do painel \nCaracterísticas de operação\nn Ruído Audível: 55 dBA a 60 dBA a 1 metro\nn MTBF (Mean Time Between Failures): 250 mil horas   \nn MTTR (Mean Time To Repair): 30 minutos\nn Temperatura ambiente:\n   • No-Break: 20ºC a 40ºC \n   • Baterias: 0ºC a 30ºC\n   • Recomendada: 20ºC a 25ºC\nn Umidade Relativa:\n  • 0% a 95% sem condensação\n  • Recomendada: 45% a 55%\nn Atitude: até 1.000m\nn Tipo de Ambiente Recomendado:\n  • Interno, instalação abrigada\n  • Atmosfera: limpa, livre de partículas condutivas, \ngases tóxicos, líquidos e inﬂ  amáveis.']","A tecnologia DSP em sistemas de No-Break oferece um controle preciso e automatizado, permitindo a medição de diversos parâmetros elétricos e a emissão de alarmes sonoros e mensagens de alerta em tempo real. Isso garante uma resposta rápida a falhas, aumentando a confiabilidade do sistema.

Por outro lado, a equalização ativa de baterias proporciona um monitoramento individualizado, regulando a tensão de cada bateria e prevenindo problemas como sulfatação e corrosão. Essa abordagem não apenas otimiza a capacidade das baterias, mas também permite a identificação precoce de falhas, contribuindo para a eficiência e durabilidade do sistema.

A supervisão de falhas de isolação, embora não detalhada nos relatórios, geralmente complementa essas tecnologias, garantindo que qualquer problema de segurança seja detectado rapidamente, o que é crucial em ambientes críticos.

Em resumo, a combinação dessas abordagens resulta em um sistema mais confiável e eficiente, capaz de operar de forma contínua e segura em condições exigentes.","As diferentes abordagens de monitoramento e alertas em sistemas de No-Break, como a tecnologia DSP, a equalização ativa de baterias e a supervisão de falhas de isolação, se comparam em termos de confiabilidade e eficiência em ambientes críticos, destacando a alta confiabilidade dos No-Breaks com tecnologia DSP e a importância da equalização ativa para maximizar a vida útil das baterias.",0.49999999995,0.0,0.1249999998437499,0.3125,0.6849504036182683,0.5625,0.27,0.8671811329004917,0.251937984496124,0.2304526748971193,0.0,0.0,1,1,1,1,1
Como as caracteristicas fisicas e mecanicas dos No-Breaks se comparam entre fabricantes?,"['OSD  L NI A NM EA OR C EM SCISO\n90012015\nA EMPRESACom mais de 38 anos de atuação, a CM Comandos é hoje \numa das maiores fabricantes de No-Breaks da América Latina. \nAlém disso, é líder absoluta em soluções para o mercado corporativo. \nCertificada pela norma ISO-9001:2015 a CM Comandos ressalta o seu compromisso \ncom a preservação do meio ambiente, a excelência dos seus produtos e a total \nsatisfação dos seus clientes.\nAPLICAÇÕES Os No -Breaks da CM C omandos Linear es são indicados para \naplicações de missão cr ítica, nas mais var iadas cor porações ,  \noferecendo por teção contra distúr bios de ener gia elétr ica, tais como cor tes, micr o cor tes, \nruídos , dist orção har mônica, picos , transient es, sub e sobr e tensão e var iações de fr equência.\nSUPORTE\nTÉCNICOAo escolher a mar ca CM C omandos Linear es, você conta com o \nmelhor  supor te técnico de pr é e pós- venda da empr esa que se \nconsolidou ao longo dest es 38 anos como líder de mer cado .\nInstrumentação de ponta, pr ofissionais altament e qualificados , com cober tura \nnacional e disponibilidade de at endiment o 24 horas , sete dias da semana, call \ncent er e pr ocessos cer tificados ,  asseguram a ex celência dos nossos ser viços de \nsupor te.BENEFÍCIOSOs equipament os da CM C omandos operam com maior pr ecisão , \nagregam maior númer o de funções e são os mais segur os. \nCarac terísticas que geram alta confiabilidade e pr odutividade nas mais var iadas aplicações , \nminimizam falhas e , consequent ement e, cust os de manut enção . Em r esumo ,                               \nser um client e da CM C omandos sig nifica t er o r etorno do capital in vestido e garantias            \nque só uma empr esa com amplo supor te técnico pode of erecer .Inovação, qualidade, tecnologia\ne confiabilidade. Marcas das\nsoluções CM Comandos Lineares\nOSD  L NI A NM EA OR C EM SCISO\n90012015', 'S I S T E M A PA R A L E L O M U LT I AT I V O ( E X C L U S I V O C M C O M A N D O S )\nA CM Comandos Lineares desenvolveu um sistema inovador e pioneiro no mundo de paralelismo entre No Breaks. O sistema Paralelo \nMulti Ativo permite a expansão do sistema, de acordo com sua demanda de consumo, podendo paralelar quantas unidades forem \nnecessárias para atender sua demanda, elevando a capacidade do sistema e a confiabilidade de sua aplicação.\nP O S S I B I L I D A D E D E S O M A T Ó R I A D E  P O T Ê N C I A S\nPermite a ligação para somatória de potência, utilizando dois ou mais No \nBreaks para atingir a demanda da carga total.\nQuando utilizado para somatória de potência, possibilita a ligação de \nNo Breaks com potências diferentes. Quando a ligação for feita com No \nBreaks de potências diferentes, a carga será distribuída \nproporcionalmente. Permite a ligação em paralelo redundante N + 1,  N + 2, N + 3 … N+X,  \npossibilitando o desligamento de uma ou mais unidades mantendo a \ncarga ativa.L I G A Ç Ã O E M P A R A L E L O R E D U N D A N T E\nA comunicação entre os No Breaks consiste no barramento de \ncomunicação comum, por onde transitam informações contendo \nnível de carga, sincronismo e a condição do by pass.C O M U N I C A Ç Ã O E N T R E O S N O B R E A K STodos os No Breaks são autônomos, operam de forma \nindependente no sistema e possuem controle individual.N Ã O E X I S T E N O B R E A K M E S T R E O U E S C R A V OPodem ser paraleladas quantas unidades forem necessárias, \npossibilitando expansão do sistema, de acordo com a demanda de \nconsumo.Q U A N T I D A D E I L I M I T A D A P A R A P A R A L E L I S M O\nM A N U T E N Ç Ã O D O N O B R E A K\nPermite a inserção ou retirada de um No Break no sistema, sem a \nnecessidade de parada.Rede Elétrica\nde Entrada\nSaídaNo Break 1\n Potência de \n30 kVANo Break 2\nPotência de \n10 kVANo Break 3\nPotência de \n20 kVA\nCarga fornecida pelo sistema = 150 kVANo Break 4\nPotência de \n30 kVANo Break 5\nPotência de \n20 kVANo Break 6\nPotência de \n40 kVA\nINTERFACES DE \nGERENCIAMENTO   \nREMOTO\nSão compostas por diversas ferramentas. O \nAdaptador SNMP NetMate permite\ngerenciar remotamente o No Break via a \nInternet através de um web browser,\nmonitorar o status e enviar alertas por e-mail. \nO software IP Power é uma ferramenta de \ngerenciamento  Windows Application e a \nversão Client é específica para  automatizar o \nshutdown de servidores, podendo desligar \nautomática e simultaneamente vários\ns e r v i d o r e s  e  e s t a ç õ e s .\nO Adaptador ArmModbus permite integrar \no  N o  B r e a k ,  v i a  u m a  p o r t a\nRS485, a Sistemas de Automação Predial.']","Não há informações específicas sobre as características físicas e mecânicas dos No-Breaks em comparação entre diferentes fabricantes. O foco está nas soluções e benefícios oferecidos pela CM Comandos, como a confiabilidade, a precisão e a capacidade de operar em diversas aplicações críticas. Para uma comparação detalhada, seria necessário consultar as especificações de produtos de outros fabricantes.","As características físicas e mecânicas dos No-Breaks variam entre fabricantes, com a CM Comandos se destacando pela inovação, qualidade e confiabilidade de seus produtos, que incluem tecnologia de Processamento Digital de Sinais (DSP) e sistemas modulares.",0.99999999995,0.5,0.3999999992,0.6,0.0,0.4,0.4,0.8638122490703583,0.3796526054590571,0.3539823008849558,0.0,0.0,1,1,1,0,0
Como as tecnologias de No-Breaks e baterias se comparam em confiabilidade?,"['Equaliz erActive Batt ery Mangement\nBENEFÍCIOS\nEstende a vida útil das baterias\nO sistema de Equalização Ativa mantém as baterias em condições \nideais, maximizando a sua vida útil. Reduz a necessidade de troca das \nbaterias e reduz o custo.\nRedução de Custo de Propriedade\nProlonga a vida útil das baterias, reduz o período de trocas e \nautomatiza a manutenção, reduzindo enormes custos com \nintervenções manuais.\nEcológico e Sustentável\nNa era da sustentabilidade, reduzir o consumo de baterias significa \nusar menos recursos e gerar menos descartes no meio ambiente.Análise da Vida Útil da Bateria\nAnalisa a curva de carga e descarga de um banco de baterias e \nacompanhe a evolução da vida útil, algo que é impraticável fazer \nmanualmente.Minimiza o Downtime por falha da bateria\nO prejuízo decorrente de uma queda do sistema por falha de bateria \ngera um valor incalculável para a sua operação.CARACTERÍSTICAS  \nPRINCIPAIS\nEqualização Ativa Individual do Banco de Baterias\nEleva a vida útil e a confiabilidade das baterias. \nPermite que as baterias atinjam a máxima vida útil de operação.\nAutomatização da Manutenção das Baterias\nO sistema mantém as baterias em condições ideais automaticamente. \nA análise e o diagnóstico são realizados à distância, individualmente e \nsem precisar desligar o sistema.\nMonitoramento em Tempo Real das Baterias\nMonitora a condição das baterias em tempo real à distância,  de \nforma eficiente e reduzindo o elevado custo com intervenções \nmanuais.Medição da Impedância da Bateria\nA Impedância interna é o parâmetro real da condição da bateria. \nAlém disso, mede a tensão e temperatura individual de cada bateria e \ngrava na memória.Previne contra quedas do sistema por defeito nas baterias\nO sistema monitora constantemente as baterias individualmente e \nenvia alarmes antes de ocorrer um problema.\nCONFIGURAÇÃO DO BANCO DE BATERIAS\nAPLICAÇÕES\nn   \nn   \n Banc os de Ba terias:\n• Sist emas No -Breaks\n• Retificador es de Telecomunicações\n• Ener gia Solar e Eólica\n• Compatív el com t odas as mar cas \nde equipament os, independent e \ndo fabr icant e.\nTipos :\n• Seladas Reguladas por Válvula VRLA\n• Estacionár ias\n• 12VDC e 2VDC', 'n  Rendimento: 95% \nBaterias\nn  Tensão de Linha:\n• 380/400/415V : ± 240 Vdc (40 baterias)   \n• 200/208/220V : ± 120 Vdc (20 baterias)   \nn  Sistema de Recarga: controlado, automático\nn  Tempo de Recarga:  8 a 10 horas para 90% da \ncarga\nn Tipo: seladas, isentas de manutenção\nBy-pass estático \nn  Acionamento: automático controlado pelo \nDSP\nn  Tempo de Transferência: 0 ms (nulo)\nn   Retransferência ao Modo Normal:  \nautomática\nBy-pass estático de Manutenção\nPermite manutenção do No-Break sem \ndesligar a carga\nn  Acionamento:  manual através de disjuntor\nn  Reposição ao modo normal: sem interrupção\nProteções Elétricas\nn  Sub e Sobre Tensão de Entrada e Saída \nn  Sub e Sobre Tensão DC e Bateria \nn  Sobrecarga e Curto-circuito\nn  Mínima descarga de bateria\nn  Sobre temperatura \nMedições\nn  True RMS \nn  Potência de saída em kVA\nn  Potência de saída em kW\nn  Fator de Potência de saídan  Tensão de Saída\nn  Frequência de Saída \nn  Tensão de Bateria\nn  Corrente de Bateria*\nn  Fator de Potência de Entrada*\nn  Tensão de Entrada\nn  Corrente de Entrada*\nn  Frequência de Entrada\nAlarmes\nControlados pelo processador DSP\nn Tipos de Alarmes:\n• Sonoros:\n       »  Falta de Rede - 1 toque a cada 4 segundos\n       »  Pré-alarme das Baterias: 1 toque por segundo\n       »  Falha Interna do No-Break: alarme contínuo\n• Mensagens de alerta:\n       »  Display de Cristal líquido\n       »  Display em LCD\n       »  Mensagem por e-mail, celular ou pop-up:\n       - Operação Normal\n       - Falha de Rede \n       - Pré-alarme de Baterias\n       - Bypass Estático ativo\n       - Bypass Manual ativo\n       - Sobrecarga de Saída\n       - Falha Interna\nLog de Eventos\nn  Registros Armazenados:\n    •    5 mil registros em memória interna\n    •    Indicação de data, hora e ocorrência \n    •    Medições  \n    •    Status de operação e alarmes do painel \nCaracterísticas de operação\nn Ruído Audível: 55 dBA a 60 dBA a 1 metro\nn MTBF (Mean Time Between Failures): 250 mil horas   \nn MTTR (Mean Time To Repair): 30 minutos\nn Temperatura ambiente:\n   • No-Break: 20ºC a 40ºC \n   • Baterias: 0ºC a 30ºC\n   • Recomendada: 20ºC a 25ºC\nn Umidade Relativa:\n  • 0% a 95% sem condensação\n  • Recomendada: 45% a 55%\nn Atitude: até 1.000m\nn Tipo de Ambiente Recomendado:\n  • Interno, instalação abrigada\n  • Atmosfera: limpa, livre de partículas condutivas, \ngases tóxicos, líquidos e inﬂ  amáveis.']","As tecnologias de No-Breaks e baterias se destacam em confiabilidade por meio de características específicas. Os No-Breaks, com acionamento automático e tempo de transferência nulo, garantem continuidade na operação sem interrupções. Além disso, possuem proteções elétricas contra sub e sobrecargas, curto-circuitos e temperaturas extremas, aumentando a segurança do sistema.

Por outro lado, as baterias, especialmente com sistemas de equalização ativa, são monitoradas em tempo real, permitindo a análise da condição individual de cada bateria. Isso previne falhas e minimiza o downtime, contribuindo para a confiabilidade geral do sistema. A combinação dessas tecnologias resulta em um desempenho robusto e eficiente, assegurando a operação contínua e segura dos equipamentos.","As tecnologias de No-Breaks são projetadas para alta confiabilidade, com características como modularidade, tecnologia hotswap e gerenciamento avançado de baterias, enquanto as baterias são otimizadas para maximizar sua vida útil e reduzir custos de manutenção.",0.9999999999,0.5,0.0,0.6470588235294118,0.838296547279303,0.7647058823529411,0.1,0.8366685586280986,0.2541720154043645,0.2023809523809523,0.0,0.0,1,1,1,1,1
comparação tecnologias No-Break confiabilidade eficiência ambientes críticos,"['TECNOLOGIA  ON  LINE  COM  BYPASS\nESTÁTICO  DE  MANUTENÇÃO\nCARACTERÍSTICAS  PRINCIPAIS\nTecnologia Avançada \nDSP  (Digital Signal Processor)\nMedições em True RMS com Precisão de \nMultímetros\nBypass Estático de Manutenção\nSoftware de Gerenciamento Remoto Real-Time \nSistema Paralelo Multi Ativo (Exclusivo CM)Permite funções avançadas e exclusivas em \ntempo real.\nPermite que sejam rastreados para análise.\nSão ideais para a medição de cargas não lineares.\nAdicionam proteção e elevam a confiabilidade da \ncarga sensível.\nVia TCP/IP,  com proteção de senhas para acesso \nremoto, shutdown.\nPodem ser paraleladas quantas unidades forem \nnecessárias, possibilitando expansão do sistema, \nde acordo com a demanda de consumo.Memória Interna para Registro de EventosDisplay TFT 4,3"" Touch Screen\n(Item de Série)\nPossibilidade de Upgrade do Firmware do \nDSP \nAcionamentos Monitorados pelo  DSP\nControle Inteligente da Velocidade dos \nCoolersModerna tela com comandos por toque, que \npermite acesso ao No-Break pela internet.\nGarante a utilização e preservação do \ninvestimento.\nAs manobras são registradas e gravadas no \nlog de eventos.\nProlongam a vida útil dos equipamentos \ne reduzem os intervalos de manutenção. Saída Rede Elétric a\nde En trada\nCorrente Alt ernada de Entrada\nCorrente ContínuaCorrente Alternada de Saída\nCorrente Alternada B ypass Estático  Corr ente Alternada B ypass Estático \nde Manutenção Bypass Estático de Manutenção\nPermite a transf erência e o r etorno da car ga do No -Break \npara um cir cuito alter nativ o de f ornecimento de ener gia, \npara atividades de manutenção . Em quaisquer situações , \no fornecimento de ener gia é contínuo , sem \ninter rupções .\nRetificador\nConverte a ener gia da \nrede elétr ica da \nconcessionár ia ou do \ngrupo gerador em \ncorrente contínua, \ncorrigindo ou \neliminando distúr bios   \nda entrada do sistema.Inversor\nConverte a cor rente contínua do \nretificador ou das bater ias em cor rente \nalter nada de saída, com f orma de onda \nBanco de Baterias\nArmaz ena ener gia reser va para alimentar o No -Break \ndurante um per íodo pr edeter minado , denominado Bypass Estático\nSistema de pr oteção \nque, em caso de \nproblemas , transf ere \nautomaticamente a \ncarga para um \ncircuito alter nativ o, \nsem inter rupção no \nfornecimento de \nener gia. Rede Pr esente\nFalha de R ede\nBypass Estátic o\nBypass Estátic o de\n Manutenç ãoNo-Break C onception M ulti A tivo\nTrifásico\nINTERFACES DE \nGERENCIAMENTO   \nREMOTO\nSão compostas por div ersas \nferramentas . O A daptador SNMP \nNetM ate per mite ger enciar \nremotament e o No -Break via a I nternet \natravés de um w eb br owser , monit orar \no status e en viar aler tas por e -mail . \nO sof tware IP P ower é uma f erramenta \nde ger enciament o  Windows \nApplication e a v ersão Client é \nespecífica para  aut omatizar o \nshut down de ser vidor es, podendo \ndesligar aut omática e simultaneament e \nvários ser vidor es e estações . \nO Adaptador Ar mModbus per mite \nintegrar o No -Break, via uma por ta \nRS485, a Sist emas de A utomação \nPredial .DISPLAY TFT 4,3 ‘’ \nTOUCH SCREEN\nCOMANDO POR TOQUE', 'SISTEMA PARALELO MULTI ATIVO (EXCLUSIVO CM COMANDOS)\nA CM Comandos Lineares desenvolveu um sistema inovador e pioneiro no mundo de paralelismo entre no-breaks. O sistema \nParalelo Multi Ativo permite a expansão do sistema, de acordo com sua demanda de consumo, podendo paralelar quantas \nunidades forem necessárias para atender sua demanda, elevando a capacidade do sistema e a confiabilidade de sua aplicação.\nPOSSIBILIDADE DE SOMATÓRIA DE  POTÊNCIAS\nPermite a ligação para somatória de potência, utilizando dois ou mais \nNo-Breaks para atingir a demanda da carga total.\nQuando utilizado para somatória de potência, possibilita a ligação de \nNo-Breaks com potências diferentes. Quando a ligação for feita com \nNo-Breaks de potências diferentes, a carga será distribuída \nproporcionalmente. Permite a ligação em paralelo redundante N + 1,  N + 2, N + 3 … N+X,  \npossibilitando o desligamento de uma ou mais unidades, mantendo a \ncarga ativa.\nA comunicação entre os No-Breaks consiste no barramento de \ncomunicação comum, por onde transitam informações \ncontendo nível de carga, sincronismo e a condição do by pass.COMUNICAÇÃO ENTRE OS NO-BREAKSTodos os No-Breaks são autônomos, operam de forma \nindependente no sistema e possuem controle individual.NÃO EXISTE NO-BREAK MESTRE OU ESCRAVOPodem ser paraleladas quantas unidades forem necessárias, \npossibilitando expansão do sistema, de acordo com a demanda \nde consumo.QUANTIDADE ILIMITADA PARA PARALELISMO\nPARALELISMO DO BANCO DE BATERIAS\nPermite paralelismo dos bancos de baterias (quando forem de \nmesma tensão nominal).MANUTENÇÃO DO NO-BREAK\nPermite a inserção ou retirada de um No-Break no sistema, sem a \nnecessidade de parada.INTERFACES  DE  SHUTDOWN  E GERENCIAMENTO  REMOTO\nRede Elétric a\nde Entr ada\nSaídaNo-break 1\n Potência \nde 60 kV ANo-break 2\nPotência de \n100 kV ANo-break 3\nPotência de \n20 kV A\nCarga fornecida pelo sistema = 410 kV ANo-break 4\nPotência de \n30 kV ANo-break 5\nPotência de \n80 kV ANo-break 6\nPotência de \n120 kV ARede L ocal Ether netA   Inter face de Ger enciamento \n     \nC  Inter face Shutdown \n     Client \n     LANB  Inter face Shutdown \n     D   Inter face de Ger enciamento Remoto \n  \nE  Adaptador SNMP\n     \nF  Client Shutdown\nG Estação Remota\n    Sof tware com \n    conexão à I nter netMultisser vidor es\nMultiplataf ormas\nMulti-S.O .Porta M icroprocessada DB9\nPorta Contato Seco DB9\nRede Ethernet RJ45']","A tecnologia de No-Break com Bypass Estático de Manutenção oferece alta confiabilidade e eficiência, especialmente em ambientes críticos. Com recursos como medições em True RMS e um sistema de proteção que garante a transferência automática da carga para um circuito alternativo, o fornecimento de energia permanece contínuo, mesmo durante manutenções. 

Além disso, a possibilidade de paralelismo entre múltiplas unidades permite a expansão do sistema conforme a demanda, aumentando a capacidade e a confiabilidade. O sistema também é projetado para lidar com cargas não lineares, o que é crucial em ambientes onde a qualidade da energia é essencial. 

A interface de gerenciamento remoto e a memória interna para registro de eventos contribuem para um monitoramento eficaz, permitindo que as manobras sejam registradas e analisadas, o que é vital para a manutenção e operação em ambientes críticos.","Os No-Breaks Composition trifásico oferecem alta confiabilidade e eficiência, sendo projetados para ambientes críticos como data centers e hospitais, com características como tecnologia hotswap, controle DSP e gerenciamento avançado de baterias.",0.9999999999,0.5,0.0,0.0,0.5894102733792106,0.8125,0.0,0.761371720004436,0.2055555555555556,0.1595744680851063,0.0,0.0,1,1,1,1,1
"Como as abordagens de isolamento e aterramento em sistemas de No-Breaks, como os modelos Transformerless e Multi Ativo Trifásico, se comparam em termos de segurança e confiabilidade, conforme descrito nos relatórios sobre tecnologia DSP e supervisão de falhas de isolação?","['DominionSP1\nCARACTERÍSTIC AS  PRINCIP AIS\nTecnologia A vançada DSP  (Digital Signal P rocessor)\nMemória Int erna par a Registr o de E ventos\nMedições em True RMS c om P recisão de Multímetr os\nCorreção do F ator de P otência de E ntr ada0.99*\nAcionament os Monit orados pelo P rocessador DSPPermite funções a vançadas e ex clusivas em t empo r eal.\nPermite que sejam rastr eados para análise .\nSão ideais para a medição de car gas não linear es.\nAtua como filtr o para as car gas não -linear es.\nAs manobras são r egistradas e g ravadas no log de ev entos.TECNOL OGIA  ON-LINE  C OM  BYP ASS  ESTÁTIC O  DE  MANUTENÇÃO\nCorr ente Alternada de Entrada\nCorr ente ContínuaCorr ente Alternada de Saída\nCorr ente Alternada B ypass Estático  Corr ente Alternada B ypass Manual de Manutenção  Saída Rede Elétric a\nde Entr adaRede P resente\nFalha de Rede\nBypass Estátic o\nBypass Manual de\n ManutençãoBypass Manual de Manutenção\nNeste modo de operação , a car ga é alimentada dir etamente pelo cir cuito \nalter nativ o de B ypass que possibilita o desligamento completo do \nequipamento , podendo assim, r ealizar uma manutenção com substituições de \npeças e placas sem a necessidade de desligamento . Com o auxílio da chav e \nestática, após a manutenção , é possív el transf erir novamente o No -Break para \no modo nor mal mantendo a car ga sempr e alimentada.\nRetificador\nConverte a ener gia da r ede elétr ica \nda concessionár ia ou do g rupo \ngerador em cor rente contínua, \ncorrigindo ou eliminando \ndistúr bios da entrada do sistema.\nBanco de Baterias\nArmaz ena ener gia reser va para alimentar o No -Break durante \num per íodo pr é-deter minado , denominado como tempo de \nautonomia do No -Break.Inversor\nConverte a cor rente contínua do r etificador ou das \nbater ias em cor rente alter nada de saída, com f orma de \nonda senoidal pura, livr e de distúr bios .Transf ormador Isolador\nIsola a tensão de saída, garantindo assim uma \nmelhor qualidade de ener gia, filtrando possív eis \nruídos ex ternos mesmo operando em modo B ypass . Bypass Estático\nSistema de pr oteção que , \nem caso de falha, transf ere \nautomaticamente a car ga \npara a linha de B ypass \nsem inter rupções na saída \ne opera em sincr onismo \nde fase . \nPossibilidade de Upgr ade do F irmwar e do DSP\nAjust es da Tensão por Sof twar e\nBypass Estátic o e Bypass M anual de M anut enção\nGerenciament o Remot o Real-Time Via Int ernet*\nCompatív el com Todos os Grupos G erador esGarant e a atualização e pr eser vação do in vestiment o.\nAsseguram elevada pr ecisão e confiabilidade .\nAdicionam pr oteção e elevam a confiabilidade da car ga sensív el.\nVia TCP/IP e fir ewalls com pr oteção de senhas para acesso r emot o.\nPrecisão e t otal pr oteção para operação com g rupos gerador es.', 'Alta Tecnologia em\nProcessamento Digital\nde Sinais - DSP\nO S M A I S M O D E R N O S\nN O B R E A K S C O R P O R AT I V O SVivemos em um mundo cada vez mais ágil e prático. Um mundo conectado por processadores, chips, softwares e \nperiféricos. Mas isso ainda não é o bastante. Por isso, o mundo caminha para tecnologias de processamento imediato \nde dados. A CM Comandos Lineares está um passo à frente e oferece aos seus clientes produtos dotados de uma \ntecnologia revolucionária, denominada Processamento Digital de Sinais -- DSP .\nToda a linha de No Breaks Innovation S1 Trifásico  \nTransformerless conta com a tecnologia DS P.   \nCaracterística que proporciona alta performance e \nconfiabilidade, tornando-os ideais para aplicações de missão crítica. Ou seja, protegem as aplicações nas quais a \ncontinuidade da operação é de fundamental importância.\ndos equipamentos pode ser atualizado, \nacrescentando novas funções em \nunidades já instaladas. Hoje, esta tecnologia está presente nos mais sofisticados sistemas eletrônicos, devido à sua alta velocidade e \nconfiabilidade. Processadores Digitais de Sinais são capazes de processar dez milhões de amostragens por segundo. \nIsso significa processamento em tempo real -- o sinal é processado no mesmo instante em que é recebido, sem \nretardos ou atrasos.\nProjetados com o uso intenso dos recursos da tecnologia DSP ,  os No Breaks Innovation Trifásico Transformerless  \nagregam novos  e avançados recursos, que estabelecem um novo conceito em desenvolvimento, no qual o firmware \nAo pensar em adquirir No Breaks,     \nconte com as soluções da\nCM Comandos, que asseguram \ntecnologia de ponta, máxima proteção, \nprecisão digital e processamento        \nem tempo real.']","As abordagens de isolamento e aterramento em sistemas de No-Breaks, como os modelos Transformerless e Multi Ativo Trifásico, são projetadas para garantir segurança e confiabilidade. O modelo Transformerless utiliza tecnologia DSP, que proporciona alta performance e confiabilidade, ideal para aplicações críticas. Essa tecnologia permite um processamento em tempo real, o que contribui para a supervisão eficaz de falhas de isolação.

Por outro lado, os sistemas Multi Ativo Trifásico também focam na proteção e confiabilidade, utilizando métodos de isolamento que garantem a qualidade da energia e a segurança dos equipamentos conectados. Ambos os modelos asseguram que a continuidade da operação não seja comprometida, mesmo em situações de falha, através de sistemas de bypass que transferem automaticamente a carga sem interrupções.

Em resumo, tanto os modelos Transformerless quanto os Multi Ativo Trifásico oferecem abordagens robustas de isolamento e aterramento, com ênfase na segurança e confiabilidade, suportadas por tecnologias avançadas de monitoramento e processamento digital.","As abordagens de isolamento e aterramento em sistemas de No-Breaks, como os modelos Transformerless e Multi Ativo Trifásico, se comparam em termos de segurança e confiabilidade, destacando a inovação do modelo S1 e suas características de comando linear e operação trifásica, além da supervisão de falhas de isolação que aumenta a segurança ao evitar interrupções no fornecimento de energia elétrica.",0.99999999995,0.0,0.1428571426530612,0.2,0.7582849823593402,0.36,0.29,0.9064694988945614,0.3003663003663004,0.3414634146341463,0.0,0.0,1,1,1,1,1
"Como as diferent abordagens de interface do usuario em sistemas de No-Break, como uso de Processadores de Sinal Digital, tecnologia hotswap e gerenciamento remoto, se comparam em termos de confiabilidade e eficiencia em ambientes criticos, conforme descrito nos relatorios?","['Alta Tecnolog ia em\nProcessament o Dig ital\nde Sinais - DSP\nOS MAIS MODERNOS\nNO-BREAKS CORPORATIVOSVivemos em um mundo cada v ez mais ág il e prático . Um mundo conec tado por pr ocessador es, chips , softwares e \nperiféricos. Mas isso ainda não é o bastant e. Por isso , o mundo caminha para t ecnolog ias de pr ocessament o imediat o \nde dados . A CM C omandos Linear es está um passo à fr ente e of erece aos seus client es pr odut os dotados de uma \ntecnolog ia revolucionár ia, denominada P rocessament o Dig ital de Sinais - - DSP .\nToda a linha de No -Breaks  \nconta com a t ecnolog ia DSP .  Carac terística que \npropor ciona alta per formance e confiabilidade , Conception Multi Ativ o \npara aplicações de missão cr ítica. Ou seja, pr otegem as aplicações nas quais a continuidade da operação é de \nfundamental impor tância.\nequipament os pode ser atualizado , \nacrescentando novas funções em \nunidades já instaladas . Hoje , esta t ecnolog ia está pr esent e nos mais sofisticados sist emas eletr ônicos , devido à sua alta v elocidade e \nconfiabilidade . Processador es Dig itais de Sinais são capaz es de pr ocessar dez milhões de amostragens por segundo . \nIsso sig nifica pr ocessament o em t empo r eal -- o sinal é pr ocessado no mesmo instant e em que é r ecebido , sem \nretardos ou atrasos .\nProjetados com o uso int enso dos r ecursos da t ecnolog ia DSP ,  os No -Breaks C onception Multi Ativ o  ag regam nov os  \ne avançados r ecursos , que estabelecem um nov o conceit o em desen volviment o, no qual o fir mware dos \nAdquir indo No -Breaks , cont e com as \nsoluções da CM C omandos , que \nasseguram t ecnolog ia de ponta, \nmáxima pr oteção , precisão dig ital e \nprocessament o em t empo r eal.  Modelo 300kV A', 'Alta Tecnologia em\nProcessamento Digital de Sinais - DSP\nHoje esta tecnologia está presente nos mais soﬁ  sticados sistemas eletrônicos devido a sua alta velocidade e conﬁ  abil-\ndade. Processadores Digitais de Sinais são capazes de processar dez milhões de amostragens por segundo. Isso signiﬁ  -\nca processamento em tempo real - o sinal é processado no mesmo instante em que é recebido, sem retardos ou atrasos.Vivemos  em um mundo cada vez mais ágil e prático. Um mundo conectado por processadores, chips, softwares e periféricos.  Mas \nainda não é o bastante, por isso, o mundo caminha para tecnologias de processamento imediato de dados. A CM Comandos está \num passo à frente e oferece aos seus clientes produtos dotados de uma tecnologia revolucionária, denominada Processamento \nDigital de Sinais - DSP .\nToda linha de No-Breaks Composition conta com a tecno-\nlogia DSP . Característica que proporciona alta performa-\nce e conﬁ  abilidade, tornando-os ideais para aplicações de \nmissão crítica. Ou seja, protegem as aplicações nas quais a  \ncontinuidade da operação é de fundamental importância. \nProjetados com o uso intenso dos recursos da tecnologia\nDSP , os No-Breaks Composition agregam novos e avançados \nrecursos que estabelecem um novo conceito em desenvolvi-\nmento, no qual o ﬁ  rmware dos equipamentos pode ser atuali-\nzado acrescentando novas funções em  unidades já instaladas.\nAo pensar em adquirir No-Breaks, conte com as soluções da \nCM Comandos, que asseguram tecnologia de ponta, máxima \nproteção, precisão digital e processamento em tempo real.OS MAIS MODERNOS NO-BREAKS CORPORATIVOS']","As abordagens de interface do usuário em sistemas de No-Break, como o uso de Processadores de Sinal Digital (DSP), são projetadas para oferecer alta confiabilidade e eficiência em ambientes críticos. A tecnologia DSP permite o processamento em tempo real, garantindo que os sinais sejam processados instantaneamente, sem atrasos, o que é crucial para aplicações onde a continuidade da operação é fundamental.

Além disso, a possibilidade de atualização do firmware em unidades já instaladas, característica dos sistemas, contribui para a confiabilidade, pois permite a adição de novas funções sem a necessidade de substituir o equipamento. Isso assegura que os sistemas permaneçam atualizados e eficientes ao longo do tempo.

Embora a tecnologia hotswap e o gerenciamento remoto não sejam especificamente mencionados, a integração de recursos avançados e a capacidade de adaptação dos sistemas de No-Break indicam um foco em maximizar a eficiência e a confiabilidade, especialmente em situações críticas onde a proteção e a continuidade são essenciais.","As diferentes abordagens de interface do usuário em sistemas de No-Break, como o uso de Processadores de Sinal Digital, tecnologia hotswap e gerenciamento remoto, se comparam em termos de confiabilidade e eficiência em ambientes críticos, destacando a alta confiabilidade e a capacidade de manutenção sem interrupção do sistema.",0.99999999995,0.0,0.1111111109876543,0.0,0.6989663617873519,0.625,0.25,0.8805655561650657,0.2538022813688213,0.3130434782608695,0.0,0.0,0,1,1,1,1
"Como as diferentes abordagens de eficiência energética, como sistemas Transformerless, Digital Signal Processor e No-Breaks modulares, se comparam em termos de confiabilidade e desempenho em ambientes críticos, conforme descrito nos relatórios?","['Alta Tecnologia em\nProcessamento Digital\nde Sinais - DSP\nO S M A I S M O D E R N O S\nN O B R E A K S C O R P O R AT I V O SVivemos em um mundo cada vez mais ágil e prático. Um mundo conectado por processadores, chips, softwares e \nperiféricos. Mas isso ainda não é o bastante. Por isso, o mundo caminha para tecnologias de processamento imediato \nde dados. A CM Comandos Lineares está um passo à frente e oferece aos seus clientes produtos dotados de uma \ntecnologia revolucionária, denominada Processamento Digital de Sinais -- DSP .\nToda a linha de No Breaks Innovation S1 Trifásico  \nTransformerless conta com a tecnologia DS P.   \nCaracterística que proporciona alta performance e \nconfiabilidade, tornando-os ideais para aplicações de missão crítica. Ou seja, protegem as aplicações nas quais a \ncontinuidade da operação é de fundamental importância.\ndos equipamentos pode ser atualizado, \nacrescentando novas funções em \nunidades já instaladas. Hoje, esta tecnologia está presente nos mais sofisticados sistemas eletrônicos, devido à sua alta velocidade e \nconfiabilidade. Processadores Digitais de Sinais são capazes de processar dez milhões de amostragens por segundo. \nIsso significa processamento em tempo real -- o sinal é processado no mesmo instante em que é recebido, sem \nretardos ou atrasos.\nProjetados com o uso intenso dos recursos da tecnologia DSP ,  os No Breaks Innovation Trifásico Transformerless  \nagregam novos  e avançados recursos, que estabelecem um novo conceito em desenvolvimento, no qual o firmware \nAo pensar em adquirir No Breaks,     \nconte com as soluções da\nCM Comandos, que asseguram \ntecnologia de ponta, máxima proteção, \nprecisão digital e processamento        \nem tempo real.', 'Alta Tecnolog ia em\nProcessament o Dig ital\nde Sinais - DSP\nOS MAIS MODERNOS\nNO-BREAKS CORPORATIVOSVivemos em um mundo cada v ez mais ág il e prático . Um mundo conec tado por pr ocessador es, chips , softwares e \nperiféricos. Mas isso ainda não é o bastant e. Por isso , o mundo caminha para t ecnolog ias de pr ocessament o imediat o \nde dados . A CM C omandos Linear es está um passo à fr ente e of erece aos seus client es pr odut os dotados de uma \ntecnolog ia revolucionár ia, denominada P rocessament o Dig ital de Sinais - - DSP .\nToda a linha de No -Breaks  \nconta com a t ecnolog ia DSP .  Carac terística que \npropor ciona alta per formance e confiabilidade , Conception Multi Ativ o \npara aplicações de missão cr ítica. Ou seja, pr otegem as aplicações nas quais a continuidade da operação é de \nfundamental impor tância.\nequipament os pode ser atualizado , \nacrescentando novas funções em \nunidades já instaladas . Hoje , esta t ecnolog ia está pr esent e nos mais sofisticados sist emas eletr ônicos , devido à sua alta v elocidade e \nconfiabilidade . Processador es Dig itais de Sinais são capaz es de pr ocessar dez milhões de amostragens por segundo . \nIsso sig nifica pr ocessament o em t empo r eal -- o sinal é pr ocessado no mesmo instant e em que é r ecebido , sem \nretardos ou atrasos .\nProjetados com o uso int enso dos r ecursos da t ecnolog ia DSP ,  os No -Breaks C onception Multi Ativ o  ag regam nov os  \ne avançados r ecursos , que estabelecem um nov o conceit o em desen volviment o, no qual o fir mware dos \nAdquir indo No -Breaks , cont e com as \nsoluções da CM C omandos , que \nasseguram t ecnolog ia de ponta, \nmáxima pr oteção , precisão dig ital e \nprocessament o em t empo r eal.  Modelo 300kV A']","As abordagens de eficiência energética, como sistemas Transformerless e Digital Signal Processor (DSP), são projetadas para oferecer alta performance e confiabilidade, especialmente em ambientes críticos. Os sistemas Transformerless, por exemplo, eliminam a necessidade de transformadores, resultando em um design mais compacto e eficiente. Já a tecnologia DSP permite o processamento de sinais em tempo real, com capacidade de realizar dez milhões de amostragens por segundo, o que garante que os sinais sejam processados instantaneamente, sem atrasos.

No que diz respeito aos No-Breaks modulares, eles também incorporam a tecnologia DSP, proporcionando proteção e continuidade operacional em aplicações de missão crítica. A possibilidade de atualizar o firmware em unidades já instaladas agrega valor, permitindo a adição de novas funções e melhorias ao longo do tempo.

Em resumo, tanto os sistemas Transformerless quanto os que utilizam DSP e No-Breaks modulares são projetados para maximizar a confiabilidade e o desempenho, tornando-os ideais para ambientes onde a continuidade da operação é essencial.","As diferentes abordagens de eficiência energética, como sistemas Transformerless, Digital Signal Processor e No-Breaks modulares, se comparam em termos de confiabilidade e desempenho em ambientes críticos, destacando a alta confiabilidade dos No-Breaks modulares, que são projetados para integração em data centers e oferecem tecnologia hotswap, além de controle DSP e gerenciamento avançado de baterias.",0.49999999995,0.0,0.0909090908264462,0.0,0.7291370604324885,0.45,0.42,0.8871365273495477,0.2642019837691614,0.2457627118644067,0.0,0.0,0,1,1,1,1
comparação abordagens manutenção suporte técnico contratos redução degradação manutenção preventiva,"['Vantagens do C ontrat o de M anut enção \nAtravés do contrat o de manut enção , técnicos e gest ores de manut enção podem r eduzir a deg radação dos seus equipament os, prolongando \no tempo de vida útil e evitando int ervenções cor retivas , que geram cust os elevados e t êm impac tos negativ os.\nn   Supor te técnico por t elefone, durant e 24hs/dia\nn   Minimizar os r iscos e pr ejuíz os de t er um equipament o parado\nn   Prioridade no at endiment o no caso de uma parada \nn Redução da necessidade de manut enção cor retivas em at é 80% e \nconsequent e  redução de cust os\nn  Serviços de cor retivas , quando  inclusos no contrat o \nn Redução de cust o: equipament os com manut enção pr eventiva \nadequada sofr em menos desgast es e, por tanto \ntem sua vida útil ampliada. \nAv. Eng . Alber to de Zagottis , 760 - 04675-085 -  São P aulo - SP\nTel.: (11) 5696-5033 \nwww.cmcomandos .com.br\nSistema de \nSustentabilidade A uditadoIdentifique Nossa E quipe \nUniforme P adrão \nCamisa azul   Calça azul   Crachá  \nPedro\nSuporte Técnico0000000000001Nome:\nRG:\nSetor:João P edro \nMatrícula:\n1111 25.613.810-2\nAssistência Técnica\n1.Uso... \nJOÃO PEDRO \nSuporte Técnico Supor te Técnico\nCall C enter int egrado ao sist ema de gestão ERP\nTécnicos Treinados e Qualificados\nEquipados com I nstrumentação de P onta\nAnalisador de Har mônicos\nAtendiment o 24 horas - 7 dias da semana via C ontrat os\nde M anut enção P reditiva, P reventiva e C orretiva\n  Supor te Pleno de P ré e P ós-V enda\nAmpla cober tura em t odo o paísn   \nn  \nn  \nn  \nn  \nn\nn  \nCM MK T SET 2021  -   As especificações estão sujeitas a alterações sem pr évio aviso . Nós incentivamos a r eciclagem\nAtendiment o em t odo\n o Território Nacional\ncom filiais e r epresentant es nas pr incipais \ncidades e capitais , otimizando o t empo , \ncusto e buscando a ex celência\n na pr estação de ser viços\nEscaneie e saiba mais sobr e o\n contrat o de manut enção \nOSD  N LI A NM EO AC R EMSCISO\n90012015 OSD  N LI A NM EO AC R EMSC', 'Manut enção e \nSupor te Técnico  \nNo-Breaks , Estabilizador es \ne demais S oluções  \n Serviços C O N T R A T O S  D E  M A N U T E N Ç Ã O']","A abordagem de manutenção através de contratos de manutenção preventiva oferece várias vantagens em comparação com outras formas de suporte técnico. A manutenção preventiva é projetada para reduzir a degradação dos equipamentos, prolongando sua vida útil e minimizando a necessidade de intervenções corretivas, que podem ser custosas e impactar negativamente a operação.

Os contratos de manutenção preventiva incluem suporte técnico disponível 24 horas por dia, o que ajuda a minimizar os riscos de paradas inesperadas. Além disso, esses contratos podem resultar em uma redução de até 80% na necessidade de manutenção corretiva, levando a uma diminuição significativa nos custos operacionais.

Outra vantagem é a prioridade no atendimento em caso de paradas, garantindo que os problemas sejam resolvidos rapidamente. Equipamentos que recebem manutenção preventiva adequada tendem a sofrer menos desgastes, o que também contribui para a redução de custos e a ampliação da vida útil dos ativos.","A comparação entre abordagens de manutenção e suporte técnico destaca que contratos de manutenção reduzem a degradação dos equipamentos e a necessidade de manutenções corretivas, resultando em economia e prolongando a vida útil dos equipamentos.",0.9999999999,1.0,0.0,0.625,0.717275071054685,0.625,0.5,0.8182901883128942,0.2064451158106747,0.262135922330097,0.0,0.0,1,1,1,1,1
"Como as abordagens sobre suporte técnico e manutenção preventiva se comparam em diferentes relatórios, considerando aspectos como a redução da degradação dos equipamentos, a importância de contratos de manutenção e a disponibilidade de suporte técnico 24 horas?","['Vantagens do C ontrat o de M anut enção \nAtravés do contrat o de manut enção , técnicos e gest ores de manut enção podem r eduzir a deg radação dos seus equipament os, prolongando \no tempo de vida útil e evitando int ervenções cor retivas , que geram cust os elevados e t êm impac tos negativ os.\nn   Supor te técnico por t elefone, durant e 24hs/dia\nn   Minimizar os r iscos e pr ejuíz os de t er um equipament o parado\nn   Prioridade no at endiment o no caso de uma parada \nn Redução da necessidade de manut enção cor retivas em at é 80% e \nconsequent e  redução de cust os\nn  Serviços de cor retivas , quando  inclusos no contrat o \nn Redução de cust o: equipament os com manut enção pr eventiva \nadequada sofr em menos desgast es e, por tanto \ntem sua vida útil ampliada. \nAv. Eng . Alber to de Zagottis , 760 - 04675-085 -  São P aulo - SP\nTel.: (11) 5696-5033 \nwww.cmcomandos .com.br\nSistema de \nSustentabilidade A uditadoIdentifique Nossa E quipe \nUniforme P adrão \nCamisa azul   Calça azul   Crachá  \nPedro\nSuporte Técnico0000000000001Nome:\nRG:\nSetor:João P edro \nMatrícula:\n1111 25.613.810-2\nAssistência Técnica\n1.Uso... \nJOÃO PEDRO \nSuporte Técnico Supor te Técnico\nCall C enter int egrado ao sist ema de gestão ERP\nTécnicos Treinados e Qualificados\nEquipados com I nstrumentação de P onta\nAnalisador de Har mônicos\nAtendiment o 24 horas - 7 dias da semana via C ontrat os\nde M anut enção P reditiva, P reventiva e C orretiva\n  Supor te Pleno de P ré e P ós-V enda\nAmpla cober tura em t odo o paísn   \nn  \nn  \nn  \nn  \nn\nn  \nCM MK T SET 2021  -   As especificações estão sujeitas a alterações sem pr évio aviso . Nós incentivamos a r eciclagem\nAtendiment o em t odo\n o Território Nacional\ncom filiais e r epresentant es nas pr incipais \ncidades e capitais , otimizando o t empo , \ncusto e buscando a ex celência\n na pr estação de ser viços\nEscaneie e saiba mais sobr e o\n contrat o de manut enção \nOSD  N LI A NM EO AC R EMSCISO\n90012015 OSD  N LI A NM EO AC R EMSC', 'TECNOLOGIA  EQUALIZER\nEqualização A tiva Individual das Ba terias\n O módulo de bater ia ativ o regula individualmente a \ntensão de cada bater ia e as mantém homogêneas , \nelevando a sua durabilidade , capacidade e r esistência \ncontra cor rosão e sulfatação .\nEvita e pr otege c ontr a Ex cesso de C arga\nAtrav és da Equalização Ativa as bater ias são pr oteg idas \nindividualmente contra o ex cesso de car ga, pr evenindo -\nas contra exalação de gases , secagem do eletr ólito \ninter no e do aquecimento inter no em ex cesso .\nEvita e pr otege c ontr a Falta de C arga\nA Equalização Ativa individual das bater ias impede que \nas mesmas r ecebam menor tensão que dev eriam, \nevitando -se a sulfatação e a per da de capacidade .\nIndicador de P roblemas da Ba teria\nAtrav és da medição da Tensão , Impedância e \nTemperatura, o sistema monitora os pr oblemas típicos \ndas bater ias, tais como sulfatação , cor rosão , per da de \ngases , secagem do eletr ólito e aquecimento inter no.Elimina a Sulfa tação das Ba terias\nO pr oblema decor re dos car regador es e r etificador es de \nbater ias, que r egulam a tensão de flutuação ou \nequalização na tensão final das bater ias e não garantem \nque em algumas  bater ias elas r ecebam maior tensão e , \nem outras , menor tensão . Atrav és da Equalização Ativa, \nmantêm-se todas as bater ias com tensão equilibrada.\nProteção c ontr a contaminação de ba terias\nAtrav és da Equalização Ativa individual de cada bater ia, \nevitam-se danos de uma bater ia a outras bater ias \npróximas , o ef eito de contaminação , ou seja, uma bater ia \nruim danifica as boas .\nOtimização da capacidade das ba terias\nGraças à Equalização Ativa, o Equaliz er garante a plena \nrecar ga e a máxima otimização da bater ia.\nAler ta par a substituir ba terias\nAtrav és da análise da cur va de impedância, pode -se \nidentificar a tendência, já na fase inicial de instalação , se \nalguma bater ia está deter iorada ou simplesmente mais \nfraca do que as outras . Quanto antes ef etuar este \ndiag nóstico , melhor será para o r estante da vida útil das \ndemais bater ias.Alarmes de ba teria\nAtrav és do monitoramento dos parâmetr os-chav e das \nbater ias e medições de limites pr eestabelecidos , o \nsistema en via avisos de alar mes automaticamente aos \nadministrador es do sistema.\nManutenção à distância \nO Equaliz er melhora a qualidade do ser viço, fornecendo \nmonitoramento r emoto atrav és da I nternet, VPN ou \noutra r ede, para faz er download de dados em tempo \nreal e acesso ao histór ico da bater ia para análise . \nManutenção sem desligar o sistema\nOs testes de bater ia individuais são possív eis \nremotamente , sem o esf orço para desligar as bater ias. \nAs manutenções e as análises  de bater ia podem ser \nrealizadas em condições r eais de operação , sem a \nnecessidade de paradas no sistema.\nOtimiza a manutenção em campo\nA equipe de manutenção se desloca somente quando \nhá inter venções cor retivas e dir etas na bater ia que \napresentar def eito na ocor rência de alar mes ou na \nanálise de diag nóstico e , é clar o, reduz enor mes custos \noperacionais .']","As abordagens sobre suporte técnico e manutenção preventiva destacam a importância de contratos de manutenção para prolongar a vida útil dos equipamentos e minimizar a degradação. A manutenção preventiva é eficaz na redução da necessidade de intervenções corretivas, podendo diminuir esses custos em até 80%. Além disso, a disponibilidade de suporte técnico 24 horas é um aspecto crucial, pois permite que problemas sejam resolvidos rapidamente, evitando paradas prolongadas e prejuízos associados. A combinação de manutenção preventiva com suporte técnico contínuo resulta em uma gestão mais eficiente dos equipamentos, garantindo sua operação otimizada e reduzindo riscos de falhas.","As abordagens sobre suporte técnico e manutenção preventiva se comparam em diferentes relatórios ao destacar a redução da degradação dos equipamentos, a importância de contratos de manutenção e a disponibilidade de suporte técnico 24 horas, evidenciando que o contrato de manutenção prolonga a vida útil dos equipamentos e minimiza custos com intervenções corretivas.",0.9999999999,1.0,0.0,0.0833333333333333,0.7619132653873929,1.0,0.24,0.9114766766285384,0.3786549707602339,0.3999999999999999,0.0,0.0,1,0,1,1,1
De que maneira as abordagens sobre gestao de energia e os benefcios dos contratos de manutencao se comparam?,"['TECNOLOGIA ON LINE COM BYPASS ESTÁTICO DE MANUTENÇÃO\nINTERFACE DE GERENCIAMENTO REMOTO\nAs Interfaces de Gerenciamento Remoto são compostas por diversas ferramentas, sendo elas: \n•  O Adaptador SNMP que permite gerenciar remotamente o No-Break via Internet através de um web browser,  monitorar o status \ne enviar alertas por e-mail. \n• O software, uma ferramenta de gerenciamento Windows Application e a versão Client é especíﬁ  ca para automatizar o shutdown \nde servidores, podendo desligar automática e simultaneamente vários servidores e estações. \n• O Adaptador Modbus permite integrar o No-Break, via uma porta RS485, a Sistemas de Automação Predial.\nBypass Estático\nSistema de proteção que, em caso de \nproblemas, transfere automaticamente \na carga para um circuito alternativo, sem \ninterrupção no fornecimento de energia.Bypass Estático de Manutenção\nPermite a transferência e o retorno da carga do No-Break para um circuito \nalternativo de fornecimento de energia, para atividades de manutenção. \nEm quaisquer situações, o fornecimento de energia é contínuo, sem \ninterrupções.\nBanco de Baterias\nArmazena energia reserva para alimentar o No-Break \ndurante um período predeterminado, denominado como \ntempo de autonomia do No-Break.Retificador\nConverte a energia da\nrede elétrica da concessionária\n ou do grupo gerador em\ncorrente contínua, corrigindo \nou eliminando distúrbios\nda entrada do sistema.\nCorrente alternada de entradaCorrente contínua Corrente alternada de saída\nCorrente alternada Bypass estáticoCorrente alternada Bypass estático\nde manutenção\nInversor\nConverte a corrente contínua do \nretiﬁ  cador ou das baterias em corrente \nalternada de saída, com forma de onda \nsenoidal pura, livre de distúrbios.\nRetificador\nConverte a energia da\nrede elétrica da concessionária\n ou do grupo gerador em\nInversor\nConverte a corrente contínua do \nretiﬁ  cador ou das baterias em corrente \nalternada de saída, com forma de onda', 'Manut enção e \nSupor te Técnico  \nNo-Breaks , Estabilizador es \ne demais S oluções  \n Serviços C O N T R A T O S  D E  M A N U T E N Ç Ã O']","As abordagens sobre gestão de energia focam em garantir a continuidade do fornecimento de energia e a proteção dos equipamentos, utilizando tecnologias como adaptadores SNMP e Modbus, além de sistemas de bypass estático. Esses sistemas permitem a transferência automática da carga para circuitos alternativos, assegurando que não haja interrupções no fornecimento de energia, mesmo durante manutenções.

Por outro lado, os contratos de manutenção oferecem suporte técnico para No-Breaks e estabilizadores, garantindo que esses sistemas funcionem de maneira eficiente e confiável. A manutenção regular pode prevenir falhas e prolongar a vida útil dos equipamentos, complementando as soluções de gestão de energia ao assegurar que os sistemas estejam sempre operacionais e prontos para responder a qualquer situação de emergência.

Em resumo, enquanto a gestão de energia se concentra na operação contínua e na proteção contra falhas, os contratos de manutenção garantem que os equipamentos estejam em condições ideais para desempenhar essas funções. Ambas as abordagens são complementares e essenciais para a eficiência e segurança dos sistemas de energia.","As abordagens sobre gestão de energia e os benefícios dos contratos de manutenção se comparam na medida em que ambos visam otimizar o desempenho e a durabilidade dos equipamentos, com os contratos de manutenção oferecendo vantagens como a redução da degradação dos equipamentos e a economia em manutenções corretivas.",0.0,0.0,0.0,0.0,0.881799467369516,0.3636363636363636,0.41,0.8164868437698637,0.2225108225108225,0.216,0.0,0.0,1,0,1,1,1
"De que maneira as estratégias de redução de custos relacionadas à manutenção e suporte técnico se comparam em diferentes relatórios, considerando aspectos como contratos de manutenção, redução da degradação dos equipamentos e a eficácia da manutenção preventiva adequada?","['Vantagens do C ontrat o de M anut enção \nAtravés do contrat o de manut enção , técnicos e gest ores de manut enção podem r eduzir a deg radação dos seus equipament os, prolongando \no tempo de vida útil e evitando int ervenções cor retivas , que geram cust os elevados e t êm impac tos negativ os.\nn   Supor te técnico por t elefone, durant e 24hs/dia\nn   Minimizar os r iscos e pr ejuíz os de t er um equipament o parado\nn   Prioridade no at endiment o no caso de uma parada \nn Redução da necessidade de manut enção cor retivas em at é 80% e \nconsequent e  redução de cust os\nn  Serviços de cor retivas , quando  inclusos no contrat o \nn Redução de cust o: equipament os com manut enção pr eventiva \nadequada sofr em menos desgast es e, por tanto \ntem sua vida útil ampliada. \nAv. Eng . Alber to de Zagottis , 760 - 04675-085 -  São P aulo - SP\nTel.: (11) 5696-5033 \nwww.cmcomandos .com.br\nSistema de \nSustentabilidade A uditadoIdentifique Nossa E quipe \nUniforme P adrão \nCamisa azul   Calça azul   Crachá  \nPedro\nSuporte Técnico0000000000001Nome:\nRG:\nSetor:João P edro \nMatrícula:\n1111 25.613.810-2\nAssistência Técnica\n1.Uso... \nJOÃO PEDRO \nSuporte Técnico Supor te Técnico\nCall C enter int egrado ao sist ema de gestão ERP\nTécnicos Treinados e Qualificados\nEquipados com I nstrumentação de P onta\nAnalisador de Har mônicos\nAtendiment o 24 horas - 7 dias da semana via C ontrat os\nde M anut enção P reditiva, P reventiva e C orretiva\n  Supor te Pleno de P ré e P ós-V enda\nAmpla cober tura em t odo o paísn   \nn  \nn  \nn  \nn  \nn\nn  \nCM MK T SET 2021  -   As especificações estão sujeitas a alterações sem pr évio aviso . Nós incentivamos a r eciclagem\nAtendiment o em t odo\n o Território Nacional\ncom filiais e r epresentant es nas pr incipais \ncidades e capitais , otimizando o t empo , \ncusto e buscando a ex celência\n na pr estação de ser viços\nEscaneie e saiba mais sobr e o\n contrat o de manut enção \nOSD  N LI A NM EO AC R EMSCISO\n90012015 OSD  N LI A NM EO AC R EMSC', 'TECNOLOGIA  EQUALIZER\nEqualização A tiva Individual das Ba terias\n O módulo de bater ia ativ o regula individualmente a \ntensão de cada bater ia e as mantém homogêneas , \nelevando a sua durabilidade , capacidade e r esistência \ncontra cor rosão e sulfatação .\nEvita e pr otege c ontr a Ex cesso de C arga\nAtrav és da Equalização Ativa as bater ias são pr oteg idas \nindividualmente contra o ex cesso de car ga, pr evenindo -\nas contra exalação de gases , secagem do eletr ólito \ninter no e do aquecimento inter no em ex cesso .\nEvita e pr otege c ontr a Falta de C arga\nA Equalização Ativa individual das bater ias impede que \nas mesmas r ecebam menor tensão que dev eriam, \nevitando -se a sulfatação e a per da de capacidade .\nIndicador de P roblemas da Ba teria\nAtrav és da medição da Tensão , Impedância e \nTemperatura, o sistema monitora os pr oblemas típicos \ndas bater ias, tais como sulfatação , cor rosão , per da de \ngases , secagem do eletr ólito e aquecimento inter no.Elimina a Sulfa tação das Ba terias\nO pr oblema decor re dos car regador es e r etificador es de \nbater ias, que r egulam a tensão de flutuação ou \nequalização na tensão final das bater ias e não garantem \nque em algumas  bater ias elas r ecebam maior tensão e , \nem outras , menor tensão . Atrav és da Equalização Ativa, \nmantêm-se todas as bater ias com tensão equilibrada.\nProteção c ontr a contaminação de ba terias\nAtrav és da Equalização Ativa individual de cada bater ia, \nevitam-se danos de uma bater ia a outras bater ias \npróximas , o ef eito de contaminação , ou seja, uma bater ia \nruim danifica as boas .\nOtimização da capacidade das ba terias\nGraças à Equalização Ativa, o Equaliz er garante a plena \nrecar ga e a máxima otimização da bater ia.\nAler ta par a substituir ba terias\nAtrav és da análise da cur va de impedância, pode -se \nidentificar a tendência, já na fase inicial de instalação , se \nalguma bater ia está deter iorada ou simplesmente mais \nfraca do que as outras . Quanto antes ef etuar este \ndiag nóstico , melhor será para o r estante da vida útil das \ndemais bater ias.Alarmes de ba teria\nAtrav és do monitoramento dos parâmetr os-chav e das \nbater ias e medições de limites pr eestabelecidos , o \nsistema en via avisos de alar mes automaticamente aos \nadministrador es do sistema.\nManutenção à distância \nO Equaliz er melhora a qualidade do ser viço, fornecendo \nmonitoramento r emoto atrav és da I nternet, VPN ou \noutra r ede, para faz er download de dados em tempo \nreal e acesso ao histór ico da bater ia para análise . \nManutenção sem desligar o sistema\nOs testes de bater ia individuais são possív eis \nremotamente , sem o esf orço para desligar as bater ias. \nAs manutenções e as análises  de bater ia podem ser \nrealizadas em condições r eais de operação , sem a \nnecessidade de paradas no sistema.\nOtimiza a manutenção em campo\nA equipe de manutenção se desloca somente quando \nhá inter venções cor retivas e dir etas na bater ia que \napresentar def eito na ocor rência de alar mes ou na \nanálise de diag nóstico e , é clar o, reduz enor mes custos \noperacionais .']","As estratégias de redução de custos relacionadas à manutenção e suporte técnico destacam-se pela implementação de contratos de manutenção que visam prolongar a vida útil dos equipamentos e minimizar a necessidade de intervenções corretivas. A manutenção preventiva adequada é fundamental, pois reduz a degradação dos equipamentos em até 80%, resultando em custos significativamente menores. Além disso, a prioridade no atendimento em caso de paradas e o suporte técnico disponível 24 horas contribuem para a minimização de riscos e prejuízos associados à inatividade dos equipamentos. A combinação dessas abordagens não apenas otimiza os custos operacionais, mas também assegura um desempenho mais eficiente e duradouro dos sistemas em uso.","As estratégias de redução de custos relacionadas à manutenção e suporte técnico se comparam em diferentes relatórios ao destacar a importância dos contratos de manutenção, que reduzem a degradação dos equipamentos e aumentam a eficácia da manutenção preventiva, resultando em economia significativa.",0.9999999999,1.0,0.0,0.3333333333333333,0.8474621555491227,0.6666666666666666,0.29,0.8793491732937146,0.322972972972973,0.3583815028901733,0.0,0.0,1,1,1,1,1
"De que maneira as abordagens sobre manutençã e suport tecnico em diferent relatorios se comparam, especilamente em relacao a contratos de manutençã, reduçã da degradação dos equipamentus e suport tecnico 24 horas?","['Vantagens do C ontrat o de M anut enção \nAtravés do contrat o de manut enção , técnicos e gest ores de manut enção podem r eduzir a deg radação dos seus equipament os, prolongando \no tempo de vida útil e evitando int ervenções cor retivas , que geram cust os elevados e t êm impac tos negativ os.\nn   Supor te técnico por t elefone, durant e 24hs/dia\nn   Minimizar os r iscos e pr ejuíz os de t er um equipament o parado\nn   Prioridade no at endiment o no caso de uma parada \nn Redução da necessidade de manut enção cor retivas em at é 80% e \nconsequent e  redução de cust os\nn  Serviços de cor retivas , quando  inclusos no contrat o \nn Redução de cust o: equipament os com manut enção pr eventiva \nadequada sofr em menos desgast es e, por tanto \ntem sua vida útil ampliada. \nAv. Eng . Alber to de Zagottis , 760 - 04675-085 -  São P aulo - SP\nTel.: (11) 5696-5033 \nwww.cmcomandos .com.br\nSistema de \nSustentabilidade A uditadoIdentifique Nossa E quipe \nUniforme P adrão \nCamisa azul   Calça azul   Crachá  \nPedro\nSuporte Técnico0000000000001Nome:\nRG:\nSetor:João P edro \nMatrícula:\n1111 25.613.810-2\nAssistência Técnica\n1.Uso... \nJOÃO PEDRO \nSuporte Técnico Supor te Técnico\nCall C enter int egrado ao sist ema de gestão ERP\nTécnicos Treinados e Qualificados\nEquipados com I nstrumentação de P onta\nAnalisador de Har mônicos\nAtendiment o 24 horas - 7 dias da semana via C ontrat os\nde M anut enção P reditiva, P reventiva e C orretiva\n  Supor te Pleno de P ré e P ós-V enda\nAmpla cober tura em t odo o paísn   \nn  \nn  \nn  \nn  \nn\nn  \nCM MK T SET 2021  -   As especificações estão sujeitas a alterações sem pr évio aviso . Nós incentivamos a r eciclagem\nAtendiment o em t odo\n o Território Nacional\ncom filiais e r epresentant es nas pr incipais \ncidades e capitais , otimizando o t empo , \ncusto e buscando a ex celência\n na pr estação de ser viços\nEscaneie e saiba mais sobr e o\n contrat o de manut enção \nOSD  N LI A NM EO AC R EMSCISO\n90012015 OSD  N LI A NM EO AC R EMSC', 'Manut enção e \nSupor te Técnico  \nNo-Breaks , Estabilizador es \ne demais S oluções  \n Serviços C O N T R A T O S  D E  M A N U T E N Ç Ã O']","As abordagens sobre manutenção e suporte técnico em diferentes relatórios destacam a importância dos contratos de manutenção para a redução da degradação dos equipamentos e a disponibilidade de suporte técnico 24 horas. Os contratos de manutenção são apresentados como uma solução eficaz para prolongar a vida útil dos equipamentos, minimizando a necessidade de intervenções corretivas e, consequentemente, reduzindo custos. Além disso, o suporte técnico disponível 24 horas por dia é enfatizado como um recurso valioso para garantir a operação contínua dos equipamentos, oferecendo assistência imediata em caso de paradas. Essa combinação de manutenção preventiva e suporte técnico constante contribui para a eficiência operacional e a mitigação de riscos associados à inatividade dos equipamentos.","As abordagens sobre manutenção e suporte técnico se comparam ao destacar a importância dos contratos de manutenção, que reduzem a degradação dos equipamentos e oferecem suporte técnico 24 horas, minimizando riscos de paradas e garantindo prioridade no atendimento.",0.99999999995,1.0,0.0,0.2727272727272727,0.718100462738733,0.4545454545454545,0.4,0.9003430155390146,0.2966207759699625,0.3595505617977528,0.0,0.0,1,1,1,1,1
Como abordagens manutenção suporte técnico relatórios se comparam contratos manutenção redução degradação equipamentos eficácia manutenção preventiva?,"['Vantagens do C ontrat o de M anut enção \nAtravés do contrat o de manut enção , técnicos e gest ores de manut enção podem r eduzir a deg radação dos seus equipament os, prolongando \no tempo de vida útil e evitando int ervenções cor retivas , que geram cust os elevados e t êm impac tos negativ os.\nn   Supor te técnico por t elefone, durant e 24hs/dia\nn   Minimizar os r iscos e pr ejuíz os de t er um equipament o parado\nn   Prioridade no at endiment o no caso de uma parada \nn Redução da necessidade de manut enção cor retivas em at é 80% e \nconsequent e  redução de cust os\nn  Serviços de cor retivas , quando  inclusos no contrat o \nn Redução de cust o: equipament os com manut enção pr eventiva \nadequada sofr em menos desgast es e, por tanto \ntem sua vida útil ampliada. \nAv. Eng . Alber to de Zagottis , 760 - 04675-085 -  São P aulo - SP\nTel.: (11) 5696-5033 \nwww.cmcomandos .com.br\nSistema de \nSustentabilidade A uditadoIdentifique Nossa E quipe \nUniforme P adrão \nCamisa azul   Calça azul   Crachá  \nPedro\nSuporte Técnico0000000000001Nome:\nRG:\nSetor:João P edro \nMatrícula:\n1111 25.613.810-2\nAssistência Técnica\n1.Uso... \nJOÃO PEDRO \nSuporte Técnico Supor te Técnico\nCall C enter int egrado ao sist ema de gestão ERP\nTécnicos Treinados e Qualificados\nEquipados com I nstrumentação de P onta\nAnalisador de Har mônicos\nAtendiment o 24 horas - 7 dias da semana via C ontrat os\nde M anut enção P reditiva, P reventiva e C orretiva\n  Supor te Pleno de P ré e P ós-V enda\nAmpla cober tura em t odo o paísn   \nn  \nn  \nn  \nn  \nn\nn  \nCM MK T SET 2021  -   As especificações estão sujeitas a alterações sem pr évio aviso . Nós incentivamos a r eciclagem\nAtendiment o em t odo\n o Território Nacional\ncom filiais e r epresentant es nas pr incipais \ncidades e capitais , otimizando o t empo , \ncusto e buscando a ex celência\n na pr estação de ser viços\nEscaneie e saiba mais sobr e o\n contrat o de manut enção \nOSD  N LI A NM EO AC R EMSCISO\n90012015 OSD  N LI A NM EO AC R EMSC', 'Manut enção e \nSupor te Técnico  \nNo-Breaks , Estabilizador es \ne demais S oluções  \n Serviços C O N T R A T O S  D E  M A N U T E N Ç Ã O']","As abordagens de manutenção e suporte técnico, especialmente em contratos de manutenção, focam na redução da degradação dos equipamentos e na eficácia da manutenção preventiva. Através de suporte técnico disponível 24 horas por dia e a implementação de manutenção preventiva, é possível minimizar os riscos de paradas e reduzir a necessidade de intervenções corretivas em até 80%. Isso não apenas prolonga a vida útil dos equipamentos, mas também resulta em uma significativa redução de custos, uma vez que equipamentos bem mantidos sofrem menos desgastes. Além disso, a prioridade no atendimento em caso de paradas e a cobertura nacional garantem um serviço eficiente e eficaz.","As abordagens de manutenção e suporte técnico, especialmente através de contratos de manutenção, se comparam positivamente à manutenção preventiva, pois reduzem a degradação dos equipamentos e aumentam a eficácia da manutenção, podendo diminuir a necessidade de manutenções corretivas em até 80%.",0.9999999999,1.0,0.0,0.5384615384615384,0.7402510223184168,0.6153846153846154,0.15,0.86632772240072,0.3451327433628318,0.3859649122807017,0.0,0.0,1,0,1,1,1
Como se comparam as abordagens de manutenção e suporte técnico?,"['Vantagens do C ontrat o de M anut enção \nAtravés do contrat o de manut enção , técnicos e gest ores de manut enção podem r eduzir a deg radação dos seus equipament os, prolongando \no tempo de vida útil e evitando int ervenções cor retivas , que geram cust os elevados e t êm impac tos negativ os.\nn   Supor te técnico por t elefone, durant e 24hs/dia\nn   Minimizar os r iscos e pr ejuíz os de t er um equipament o parado\nn   Prioridade no at endiment o no caso de uma parada \nn Redução da necessidade de manut enção cor retivas em at é 80% e \nconsequent e  redução de cust os\nn  Serviços de cor retivas , quando  inclusos no contrat o \nn Redução de cust o: equipament os com manut enção pr eventiva \nadequada sofr em menos desgast es e, por tanto \ntem sua vida útil ampliada. \nAv. Eng . Alber to de Zagottis , 760 - 04675-085 -  São P aulo - SP\nTel.: (11) 5696-5033 \nwww.cmcomandos .com.br\nSistema de \nSustentabilidade A uditadoIdentifique Nossa E quipe \nUniforme P adrão \nCamisa azul   Calça azul   Crachá  \nPedro\nSuporte Técnico0000000000001Nome:\nRG:\nSetor:João P edro \nMatrícula:\n1111 25.613.810-2\nAssistência Técnica\n1.Uso... \nJOÃO PEDRO \nSuporte Técnico Supor te Técnico\nCall C enter int egrado ao sist ema de gestão ERP\nTécnicos Treinados e Qualificados\nEquipados com I nstrumentação de P onta\nAnalisador de Har mônicos\nAtendiment o 24 horas - 7 dias da semana via C ontrat os\nde M anut enção P reditiva, P reventiva e C orretiva\n  Supor te Pleno de P ré e P ós-V enda\nAmpla cober tura em t odo o paísn   \nn  \nn  \nn  \nn  \nn\nn  \nCM MK T SET 2021  -   As especificações estão sujeitas a alterações sem pr évio aviso . Nós incentivamos a r eciclagem\nAtendiment o em t odo\n o Território Nacional\ncom filiais e r epresentant es nas pr incipais \ncidades e capitais , otimizando o t empo , \ncusto e buscando a ex celência\n na pr estação de ser viços\nEscaneie e saiba mais sobr e o\n contrat o de manut enção \nOSD  N LI A NM EO AC R EMSCISO\n90012015 OSD  N LI A NM EO AC R EMSC', 'TECNOLOGIA  EQUALIZER\nEqualização A tiva Individual das Ba terias\n O módulo de bater ia ativ o regula individualmente a \ntensão de cada bater ia e as mantém homogêneas , \nelevando a sua durabilidade , capacidade e r esistência \ncontra cor rosão e sulfatação .\nEvita e pr otege c ontr a Ex cesso de C arga\nAtrav és da Equalização Ativa as bater ias são pr oteg idas \nindividualmente contra o ex cesso de car ga, pr evenindo -\nas contra exalação de gases , secagem do eletr ólito \ninter no e do aquecimento inter no em ex cesso .\nEvita e pr otege c ontr a Falta de C arga\nA Equalização Ativa individual das bater ias impede que \nas mesmas r ecebam menor tensão que dev eriam, \nevitando -se a sulfatação e a per da de capacidade .\nIndicador de P roblemas da Ba teria\nAtrav és da medição da Tensão , Impedância e \nTemperatura, o sistema monitora os pr oblemas típicos \ndas bater ias, tais como sulfatação , cor rosão , per da de \ngases , secagem do eletr ólito e aquecimento inter no.Elimina a Sulfa tação das Ba terias\nO pr oblema decor re dos car regador es e r etificador es de \nbater ias, que r egulam a tensão de flutuação ou \nequalização na tensão final das bater ias e não garantem \nque em algumas  bater ias elas r ecebam maior tensão e , \nem outras , menor tensão . Atrav és da Equalização Ativa, \nmantêm-se todas as bater ias com tensão equilibrada.\nProteção c ontr a contaminação de ba terias\nAtrav és da Equalização Ativa individual de cada bater ia, \nevitam-se danos de uma bater ia a outras bater ias \npróximas , o ef eito de contaminação , ou seja, uma bater ia \nruim danifica as boas .\nOtimização da capacidade das ba terias\nGraças à Equalização Ativa, o Equaliz er garante a plena \nrecar ga e a máxima otimização da bater ia.\nAler ta par a substituir ba terias\nAtrav és da análise da cur va de impedância, pode -se \nidentificar a tendência, já na fase inicial de instalação , se \nalguma bater ia está deter iorada ou simplesmente mais \nfraca do que as outras . Quanto antes ef etuar este \ndiag nóstico , melhor será para o r estante da vida útil das \ndemais bater ias.Alarmes de ba teria\nAtrav és do monitoramento dos parâmetr os-chav e das \nbater ias e medições de limites pr eestabelecidos , o \nsistema en via avisos de alar mes automaticamente aos \nadministrador es do sistema.\nManutenção à distância \nO Equaliz er melhora a qualidade do ser viço, fornecendo \nmonitoramento r emoto atrav és da I nternet, VPN ou \noutra r ede, para faz er download de dados em tempo \nreal e acesso ao histór ico da bater ia para análise . \nManutenção sem desligar o sistema\nOs testes de bater ia individuais são possív eis \nremotamente , sem o esf orço para desligar as bater ias. \nAs manutenções e as análises  de bater ia podem ser \nrealizadas em condições r eais de operação , sem a \nnecessidade de paradas no sistema.\nOtimiza a manutenção em campo\nA equipe de manutenção se desloca somente quando \nhá inter venções cor retivas e dir etas na bater ia que \napresentar def eito na ocor rência de alar mes ou na \nanálise de diag nóstico e , é clar o, reduz enor mes custos \noperacionais .']","As abordagens de manutenção e suporte técnico se diferenciam principalmente em seus focos e métodos de operação. A manutenção, especialmente a preventiva e preditiva, visa reduzir a degradação dos equipamentos, prolongar sua vida útil e minimizar a necessidade de intervenções corretivas, resultando em uma redução significativa de custos. Por outro lado, o suporte técnico oferece assistência contínua, como atendimento 24 horas por dia, para resolver problemas que possam surgir, garantindo que os equipamentos permaneçam operacionais e evitando paradas.

Além disso, a manutenção pode incluir serviços corretivos quando estão inclusos em um contrato, enquanto o suporte técnico pode envolver a utilização de tecnologias avançadas, como monitoramento remoto e diagnósticos em tempo real, para otimizar a operação e a manutenção dos sistemas. Ambas as abordagens são complementares, com a manutenção focando na prevenção e o suporte técnico garantindo a resolução rápida de problemas.","As abordagens de manutenção e suporte técnico se comparam pela importância dos contratos de manutenção, que oferecem vantagens como a redução da degradação dos equipamentos, prolongando sua vida útil e evitando custos elevados com intervenções corretivas.",0.9999999999,1.0,0.0,0.2777777777777778,0.8854386621691734,0.6111111111111112,0.17,0.8600944801403037,0.2152284263959391,0.2358490566037736,0.0,0.0,1,0,1,1,1
"De que maneira as abordagens sobre manutenção e suporte técnico em diferentes relatórios se comparam, especialmente no que diz respeito a contratos de manutenção, redução da degradação dos equipamentos e suporte técnico 24 horas?","['Vantagens do C ontrat o de M anut enção \nAtravés do contrat o de manut enção , técnicos e gest ores de manut enção podem r eduzir a deg radação dos seus equipament os, prolongando \no tempo de vida útil e evitando int ervenções cor retivas , que geram cust os elevados e t êm impac tos negativ os.\nn   Supor te técnico por t elefone, durant e 24hs/dia\nn   Minimizar os r iscos e pr ejuíz os de t er um equipament o parado\nn   Prioridade no at endiment o no caso de uma parada \nn Redução da necessidade de manut enção cor retivas em at é 80% e \nconsequent e  redução de cust os\nn  Serviços de cor retivas , quando  inclusos no contrat o \nn Redução de cust o: equipament os com manut enção pr eventiva \nadequada sofr em menos desgast es e, por tanto \ntem sua vida útil ampliada. \nAv. Eng . Alber to de Zagottis , 760 - 04675-085 -  São P aulo - SP\nTel.: (11) 5696-5033 \nwww.cmcomandos .com.br\nSistema de \nSustentabilidade A uditadoIdentifique Nossa E quipe \nUniforme P adrão \nCamisa azul   Calça azul   Crachá  \nPedro\nSuporte Técnico0000000000001Nome:\nRG:\nSetor:João P edro \nMatrícula:\n1111 25.613.810-2\nAssistência Técnica\n1.Uso... \nJOÃO PEDRO \nSuporte Técnico Supor te Técnico\nCall C enter int egrado ao sist ema de gestão ERP\nTécnicos Treinados e Qualificados\nEquipados com I nstrumentação de P onta\nAnalisador de Har mônicos\nAtendiment o 24 horas - 7 dias da semana via C ontrat os\nde M anut enção P reditiva, P reventiva e C orretiva\n  Supor te Pleno de P ré e P ós-V enda\nAmpla cober tura em t odo o paísn   \nn  \nn  \nn  \nn  \nn\nn  \nCM MK T SET 2021  -   As especificações estão sujeitas a alterações sem pr évio aviso . Nós incentivamos a r eciclagem\nAtendiment o em t odo\n o Território Nacional\ncom filiais e r epresentant es nas pr incipais \ncidades e capitais , otimizando o t empo , \ncusto e buscando a ex celência\n na pr estação de ser viços\nEscaneie e saiba mais sobr e o\n contrat o de manut enção \nOSD  N LI A NM EO AC R EMSCISO\n90012015 OSD  N LI A NM EO AC R EMSC', 'Manut enção e \nSupor te Técnico  \nNo-Breaks , Estabilizador es \ne demais S oluções  \n Serviços C O N T R A T O S  D E  M A N U T E N Ç Ã O']","As abordagens sobre manutenção e suporte técnico destacam a importância dos contratos de manutenção para a redução da degradação dos equipamentos e a oferta de suporte técnico contínuo. Os contratos de manutenção são apresentados como uma solução eficaz para prolongar a vida útil dos equipamentos, minimizando a necessidade de intervenções corretivas, que podem ser custosas. Além disso, o suporte técnico é garantido 24 horas por dia, permitindo uma resposta rápida em caso de paradas, o que ajuda a evitar prejuízos associados à inatividade dos equipamentos. Essa combinação de manutenção preventiva e suporte técnico integral contribui para a eficiência operacional e a redução de custos a longo prazo.","As abordagens sobre manutenção e suporte técnico se comparam ao destacar a importância de contratos de manutenção, que reduzem a degradação dos equipamentos, prolongam sua vida útil e oferecem suporte técnico 24 horas, minimizando riscos de paradas e garantindo prioridade no atendimento.",0.99999999995,1.0,0.0,0.2727272727272727,0.7342694989944399,0.8181818181818182,0.67,0.9235908061795804,0.3286118980169972,0.3563218390804597,0.0,0.0,1,1,1,1,1
Como as abordagens de manutenção e suporte técnico se comparam em relação a contratos e suporte 24 horas?,"['Vantagens do C ontrat o de M anut enção \nAtravés do contrat o de manut enção , técnicos e gest ores de manut enção podem r eduzir a deg radação dos seus equipament os, prolongando \no tempo de vida útil e evitando int ervenções cor retivas , que geram cust os elevados e t êm impac tos negativ os.\nn   Supor te técnico por t elefone, durant e 24hs/dia\nn   Minimizar os r iscos e pr ejuíz os de t er um equipament o parado\nn   Prioridade no at endiment o no caso de uma parada \nn Redução da necessidade de manut enção cor retivas em at é 80% e \nconsequent e  redução de cust os\nn  Serviços de cor retivas , quando  inclusos no contrat o \nn Redução de cust o: equipament os com manut enção pr eventiva \nadequada sofr em menos desgast es e, por tanto \ntem sua vida útil ampliada. \nAv. Eng . Alber to de Zagottis , 760 - 04675-085 -  São P aulo - SP\nTel.: (11) 5696-5033 \nwww.cmcomandos .com.br\nSistema de \nSustentabilidade A uditadoIdentifique Nossa E quipe \nUniforme P adrão \nCamisa azul   Calça azul   Crachá  \nPedro\nSuporte Técnico0000000000001Nome:\nRG:\nSetor:João P edro \nMatrícula:\n1111 25.613.810-2\nAssistência Técnica\n1.Uso... \nJOÃO PEDRO \nSuporte Técnico Supor te Técnico\nCall C enter int egrado ao sist ema de gestão ERP\nTécnicos Treinados e Qualificados\nEquipados com I nstrumentação de P onta\nAnalisador de Har mônicos\nAtendiment o 24 horas - 7 dias da semana via C ontrat os\nde M anut enção P reditiva, P reventiva e C orretiva\n  Supor te Pleno de P ré e P ós-V enda\nAmpla cober tura em t odo o paísn   \nn  \nn  \nn  \nn  \nn\nn  \nCM MK T SET 2021  -   As especificações estão sujeitas a alterações sem pr évio aviso . Nós incentivamos a r eciclagem\nAtendiment o em t odo\n o Território Nacional\ncom filiais e r epresentant es nas pr incipais \ncidades e capitais , otimizando o t empo , \ncusto e buscando a ex celência\n na pr estação de ser viços\nEscaneie e saiba mais sobr e o\n contrat o de manut enção \nOSD  N LI A NM EO AC R EMSCISO\n90012015 OSD  N LI A NM EO AC R EMSC', 'Manut enção e \nSupor te Técnico  \nNo-Breaks , Estabilizador es \ne demais S oluções  \n Serviços C O N T R A T O S  D E  M A N U T E N Ç Ã O']","As abordagens de manutenção e suporte técnico, especialmente em contratos, oferecem suporte contínuo, com atendimento disponível 24 horas por dia. Isso minimiza os riscos de equipamentos parados e prioriza o atendimento em caso de paradas. Além disso, a manutenção preventiva, que é frequentemente incluída nos contratos, pode reduzir a necessidade de intervenções corretivas em até 80%, resultando em custos menores e prolongando a vida útil dos equipamentos. O suporte técnico é realizado por profissionais treinados e qualificados, garantindo um serviço eficiente e eficaz.","As abordagens de manutenção e suporte técnico se comparam em relação a contratos e suporte 24 horas, onde o contrato de manutenção oferece vantagens como redução da degradação dos equipamentos, suporte técnico 24 horas, minimização de riscos de paradas e prioridade no atendimento.",0.9999999999,1.0,0.0,0.8,0.8321246305233013,0.9,0.4,0.8906001371579536,0.3350694444444444,0.3661971830985915,0.0,0.0,1,1,1,1,1
Como se comparam as abordagens de manutenção em relatórios?,"['• Analisa as curvas de carga e d escarga  das baterias, \nremotamente e s em desligar o s istema.\n• Identifica e e nvia alarmes da  bateria com defeito antes de \ncomprometer o s istema.\n• A m anutenção torna-se proativa, pois a intervenção é d ireta \nna bateria defeituosa, na ocorrência de alarmes. \n• Dashboard com duas opções de visualização, vertical e \nhorizontal.\n• Layout Responsivo, pronto para PCs, Tablets e S martphones. ANÁLISE  DA  VIDA ÚTIL CONFORME NORMA  IEEE  1188  E  1491 \n• Analisa o ciclo de vida útil das bat erias conf orme a Nor ma IEEE 1188: P ráticas r ecomendadas para manut enção , testes e substituição \nde bat erias e IEEE 1491: Guia para seleção e uso de equipament os de monit orament o de bat erias. \n• Determina a data z ero a par tir da instalação das bat erias e r egistra per iodicament e a ev olução do ciclo de vida útil das bat erias.\n• Relat ório do Ciclo de Vida com parâmetr os configurá veis.\nGERENCIAMENTO WEB \n• Medições de Impedância, Tensão e Temperatura individuais de \ncada bateria.\n• Indicadores de Status Normal, Falha e P ré-Alarme configuráveis.\n•Gráficos de Descarga com filtros dinâmicos.\n• Envio de e-mails em caso de alarmes.\n• Data Logger armazenado em Banco de Dados ANSI SQL.\n• Frequência de gravação configurável.\n• Controle de Acesso por senha em três níveis.\n• Protocolos SNMP V1 e V3 e M odbus Over IP.', 'Vantagens do C ontrat o de M anut enção \nAtravés do contrat o de manut enção , técnicos e gest ores de manut enção podem r eduzir a deg radação dos seus equipament os, prolongando \no tempo de vida útil e evitando int ervenções cor retivas , que geram cust os elevados e t êm impac tos negativ os.\nn   Supor te técnico por t elefone, durant e 24hs/dia\nn   Minimizar os r iscos e pr ejuíz os de t er um equipament o parado\nn   Prioridade no at endiment o no caso de uma parada \nn Redução da necessidade de manut enção cor retivas em at é 80% e \nconsequent e  redução de cust os\nn  Serviços de cor retivas , quando  inclusos no contrat o \nn Redução de cust o: equipament os com manut enção pr eventiva \nadequada sofr em menos desgast es e, por tanto \ntem sua vida útil ampliada. \nAv. Eng . Alber to de Zagottis , 760 - 04675-085 -  São P aulo - SP\nTel.: (11) 5696-5033 \nwww.cmcomandos .com.br\nSistema de \nSustentabilidade A uditadoIdentifique Nossa E quipe \nUniforme P adrão \nCamisa azul   Calça azul   Crachá  \nPedro\nSuporte Técnico0000000000001Nome:\nRG:\nSetor:João P edro \nMatrícula:\n1111 25.613.810-2\nAssistência Técnica\n1.Uso... \nJOÃO PEDRO \nSuporte Técnico Supor te Técnico\nCall C enter int egrado ao sist ema de gestão ERP\nTécnicos Treinados e Qualificados\nEquipados com I nstrumentação de P onta\nAnalisador de Har mônicos\nAtendiment o 24 horas - 7 dias da semana via C ontrat os\nde M anut enção P reditiva, P reventiva e C orretiva\n  Supor te Pleno de P ré e P ós-V enda\nAmpla cober tura em t odo o paísn   \nn  \nn  \nn  \nn  \nn\nn  \nCM MK T SET 2021  -   As especificações estão sujeitas a alterações sem pr évio aviso . Nós incentivamos a r eciclagem\nAtendiment o em t odo\n o Território Nacional\ncom filiais e r epresentant es nas pr incipais \ncidades e capitais , otimizando o t empo , \ncusto e buscando a ex celência\n na pr estação de ser viços\nEscaneie e saiba mais sobr e o\n contrat o de manut enção \nOSD  N LI A NM EO AC R EMSCISO\n90012015 OSD  N LI A NM EO AC R EMSC']","As abordagens de manutenção em relatórios podem ser comparadas em termos de proatividade e reatividade. A manutenção proativa, como a que é promovida por um sistema de monitoramento de baterias, permite a identificação e o envio de alarmes para baterias com defeito antes que comprometam o sistema, resultando em intervenções diretas e planejadas. Isso é complementado por análises do ciclo de vida útil das baterias, conforme normas específicas, e relatórios configuráveis que ajudam a monitorar a evolução do estado das baterias.

Por outro lado, a manutenção corretiva, frequentemente abordada em contratos de manutenção, foca na redução de intervenções corretivas e na minimização de custos associados a paradas inesperadas. Essa abordagem prioriza o suporte técnico contínuo e a manutenção preventiva, visando prolongar a vida útil dos equipamentos e reduzir a degradação.

Em resumo, enquanto a manutenção proativa se concentra na prevenção e monitoramento contínuo, a manutenção corretiva busca minimizar os impactos de falhas e reduzir custos através de intervenções planejadas.","As abordagens de manutenção em relatórios se comparam pela importância dos contratos de manutenção, que oferecem vantagens como a redução da degradação dos equipamentos e a minimização de custos com intervenções corretivas.",0.49999999995,1.0,0.0,0.35,0.808184353387391,0.65,0.0,0.7800631285772246,0.1850828729281768,0.2252252252252252,0.0,0.0,1,1,1,1,1
Como os aspectos de manutençã e suporte técnico se comparam em eficácia e custo?,"['Vantagens do C ontrat o de M anut enção \nAtravés do contrat o de manut enção , técnicos e gest ores de manut enção podem r eduzir a deg radação dos seus equipament os, prolongando \no tempo de vida útil e evitando int ervenções cor retivas , que geram cust os elevados e t êm impac tos negativ os.\nn   Supor te técnico por t elefone, durant e 24hs/dia\nn   Minimizar os r iscos e pr ejuíz os de t er um equipament o parado\nn   Prioridade no at endiment o no caso de uma parada \nn Redução da necessidade de manut enção cor retivas em at é 80% e \nconsequent e  redução de cust os\nn  Serviços de cor retivas , quando  inclusos no contrat o \nn Redução de cust o: equipament os com manut enção pr eventiva \nadequada sofr em menos desgast es e, por tanto \ntem sua vida útil ampliada. \nAv. Eng . Alber to de Zagottis , 760 - 04675-085 -  São P aulo - SP\nTel.: (11) 5696-5033 \nwww.cmcomandos .com.br\nSistema de \nSustentabilidade A uditadoIdentifique Nossa E quipe \nUniforme P adrão \nCamisa azul   Calça azul   Crachá  \nPedro\nSuporte Técnico0000000000001Nome:\nRG:\nSetor:João P edro \nMatrícula:\n1111 25.613.810-2\nAssistência Técnica\n1.Uso... \nJOÃO PEDRO \nSuporte Técnico Supor te Técnico\nCall C enter int egrado ao sist ema de gestão ERP\nTécnicos Treinados e Qualificados\nEquipados com I nstrumentação de P onta\nAnalisador de Har mônicos\nAtendiment o 24 horas - 7 dias da semana via C ontrat os\nde M anut enção P reditiva, P reventiva e C orretiva\n  Supor te Pleno de P ré e P ós-V enda\nAmpla cober tura em t odo o paísn   \nn  \nn  \nn  \nn  \nn\nn  \nCM MK T SET 2021  -   As especificações estão sujeitas a alterações sem pr évio aviso . Nós incentivamos a r eciclagem\nAtendiment o em t odo\n o Território Nacional\ncom filiais e r epresentant es nas pr incipais \ncidades e capitais , otimizando o t empo , \ncusto e buscando a ex celência\n na pr estação de ser viços\nEscaneie e saiba mais sobr e o\n contrat o de manut enção \nOSD  N LI A NM EO AC R EMSCISO\n90012015 OSD  N LI A NM EO AC R EMSC', 'TECNOLOGIA  EQUALIZER\nEqualização A tiva Individual das Ba terias\n O módulo de bater ia ativ o regula individualmente a \ntensão de cada bater ia e as mantém homogêneas , \nelevando a sua durabilidade , capacidade e r esistência \ncontra cor rosão e sulfatação .\nEvita e pr otege c ontr a Ex cesso de C arga\nAtrav és da Equalização Ativa as bater ias são pr oteg idas \nindividualmente contra o ex cesso de car ga, pr evenindo -\nas contra exalação de gases , secagem do eletr ólito \ninter no e do aquecimento inter no em ex cesso .\nEvita e pr otege c ontr a Falta de C arga\nA Equalização Ativa individual das bater ias impede que \nas mesmas r ecebam menor tensão que dev eriam, \nevitando -se a sulfatação e a per da de capacidade .\nIndicador de P roblemas da Ba teria\nAtrav és da medição da Tensão , Impedância e \nTemperatura, o sistema monitora os pr oblemas típicos \ndas bater ias, tais como sulfatação , cor rosão , per da de \ngases , secagem do eletr ólito e aquecimento inter no.Elimina a Sulfa tação das Ba terias\nO pr oblema decor re dos car regador es e r etificador es de \nbater ias, que r egulam a tensão de flutuação ou \nequalização na tensão final das bater ias e não garantem \nque em algumas  bater ias elas r ecebam maior tensão e , \nem outras , menor tensão . Atrav és da Equalização Ativa, \nmantêm-se todas as bater ias com tensão equilibrada.\nProteção c ontr a contaminação de ba terias\nAtrav és da Equalização Ativa individual de cada bater ia, \nevitam-se danos de uma bater ia a outras bater ias \npróximas , o ef eito de contaminação , ou seja, uma bater ia \nruim danifica as boas .\nOtimização da capacidade das ba terias\nGraças à Equalização Ativa, o Equaliz er garante a plena \nrecar ga e a máxima otimização da bater ia.\nAler ta par a substituir ba terias\nAtrav és da análise da cur va de impedância, pode -se \nidentificar a tendência, já na fase inicial de instalação , se \nalguma bater ia está deter iorada ou simplesmente mais \nfraca do que as outras . Quanto antes ef etuar este \ndiag nóstico , melhor será para o r estante da vida útil das \ndemais bater ias.Alarmes de ba teria\nAtrav és do monitoramento dos parâmetr os-chav e das \nbater ias e medições de limites pr eestabelecidos , o \nsistema en via avisos de alar mes automaticamente aos \nadministrador es do sistema.\nManutenção à distância \nO Equaliz er melhora a qualidade do ser viço, fornecendo \nmonitoramento r emoto atrav és da I nternet, VPN ou \noutra r ede, para faz er download de dados em tempo \nreal e acesso ao histór ico da bater ia para análise . \nManutenção sem desligar o sistema\nOs testes de bater ia individuais são possív eis \nremotamente , sem o esf orço para desligar as bater ias. \nAs manutenções e as análises  de bater ia podem ser \nrealizadas em condições r eais de operação , sem a \nnecessidade de paradas no sistema.\nOtimiza a manutenção em campo\nA equipe de manutenção se desloca somente quando \nhá inter venções cor retivas e dir etas na bater ia que \napresentar def eito na ocor rência de alar mes ou na \nanálise de diag nóstico e , é clar o, reduz enor mes custos \noperacionais .']","Os aspectos de manutenção e suporte técnico são projetados para maximizar a eficiência e reduzir custos. A manutenção preventiva, por exemplo, pode reduzir a necessidade de intervenções corretivas em até 80%, o que resulta em uma diminuição significativa dos custos operacionais. Além disso, o suporte técnico disponível 24 horas por dia minimiza o tempo de inatividade dos equipamentos, priorizando o atendimento em caso de paradas. Isso não apenas protege os ativos, mas também otimiza a operação, garantindo que os técnicos qualificados estejam prontos para resolver problemas rapidamente. A combinação de manutenção adequada e suporte técnico eficaz contribui para a longevidade dos equipamentos e a redução de despesas imprevistas.","Os aspectos de manutenção e suporte técnico se comparam em eficácia e custo, pois o contrato de manutenção reduz a degradação dos equipamentos, prolonga sua vida útil e evita custos elevados com intervenções corretivas, além de oferecer suporte técnico 24 horas e minimizar riscos de paradas.",0.99999999995,1.0,0.0,0.3636363636363636,0.8383137045426629,0.4545454545454545,0.36,0.8831724025561964,0.2948369565217391,0.2888888888888888,0.0,0.0,1,0,1,1,1
"De que maneira as abordagens sobre manutençã e suport tecnico em diferent relatorios se comparam, especilamente em relacao a contratos de manutençã, reduçã da degradaçã dos equipamentus e a eficacía da manutençã preventiva adequad?","['Vantagens do C ontrat o de M anut enção \nAtravés do contrat o de manut enção , técnicos e gest ores de manut enção podem r eduzir a deg radação dos seus equipament os, prolongando \no tempo de vida útil e evitando int ervenções cor retivas , que geram cust os elevados e t êm impac tos negativ os.\nn   Supor te técnico por t elefone, durant e 24hs/dia\nn   Minimizar os r iscos e pr ejuíz os de t er um equipament o parado\nn   Prioridade no at endiment o no caso de uma parada \nn Redução da necessidade de manut enção cor retivas em at é 80% e \nconsequent e  redução de cust os\nn  Serviços de cor retivas , quando  inclusos no contrat o \nn Redução de cust o: equipament os com manut enção pr eventiva \nadequada sofr em menos desgast es e, por tanto \ntem sua vida útil ampliada. \nAv. Eng . Alber to de Zagottis , 760 - 04675-085 -  São P aulo - SP\nTel.: (11) 5696-5033 \nwww.cmcomandos .com.br\nSistema de \nSustentabilidade A uditadoIdentifique Nossa E quipe \nUniforme P adrão \nCamisa azul   Calça azul   Crachá  \nPedro\nSuporte Técnico0000000000001Nome:\nRG:\nSetor:João P edro \nMatrícula:\n1111 25.613.810-2\nAssistência Técnica\n1.Uso... \nJOÃO PEDRO \nSuporte Técnico Supor te Técnico\nCall C enter int egrado ao sist ema de gestão ERP\nTécnicos Treinados e Qualificados\nEquipados com I nstrumentação de P onta\nAnalisador de Har mônicos\nAtendiment o 24 horas - 7 dias da semana via C ontrat os\nde M anut enção P reditiva, P reventiva e C orretiva\n  Supor te Pleno de P ré e P ós-V enda\nAmpla cober tura em t odo o paísn   \nn  \nn  \nn  \nn  \nn\nn  \nCM MK T SET 2021  -   As especificações estão sujeitas a alterações sem pr évio aviso . Nós incentivamos a r eciclagem\nAtendiment o em t odo\n o Território Nacional\ncom filiais e r epresentant es nas pr incipais \ncidades e capitais , otimizando o t empo , \ncusto e buscando a ex celência\n na pr estação de ser viços\nEscaneie e saiba mais sobr e o\n contrat o de manut enção \nOSD  N LI A NM EO AC R EMSCISO\n90012015 OSD  N LI A NM EO AC R EMSC', 'Manut enção e \nSupor te Técnico  \nNo-Breaks , Estabilizador es \ne demais S oluções  \n Serviços C O N T R A T O S  D E  M A N U T E N Ç Ã O']","As abordagens sobre manutenção e suporte técnico em diferentes relatórios destacam a importância dos contratos de manutenção como uma estratégia eficaz para reduzir a degradação dos equipamentos. A manutenção preventiva adequada é enfatizada como um meio de prolongar a vida útil dos equipamentos, minimizando a necessidade de intervenções corretivas, que podem ser custosas e impactar negativamente a operação. Além disso, a prioridade no atendimento e o suporte técnico disponível 24 horas por dia são mencionados como benefícios significativos, contribuindo para a eficiência e a continuidade das operações. A redução de custos associada à manutenção preventiva é um ponto central, com a possibilidade de diminuir a necessidade de manutenção corretiva em até 80%.","As abordagens sobre manutenção e suporte técnico se comparam ao destacar a importância dos contratos de manutenção, que reduzem a degradação dos equipamentos e aumentam a eficácia da manutenção preventiva, podendo reduzir a necessidade de manutenções corretivas em até 80%.",0.9999999999,1.0,0.0,0.5,0.6547316345368004,0.8,0.4,0.8986145222689397,0.3185378590078329,0.3954802259887006,0.0,0.0,1,1,1,1,1
"De que maneira as abordagens sobre manutençao e suporte tecniq em diferent relatorios se comparam, espeçialmente no que diz respeito a contratos de manutençao, reduçao da degradaçao dos equipamentus e suporte tecniq 24 horas?","['Vantagens do C ontrat o de M anut enção \nAtravés do contrat o de manut enção , técnicos e gest ores de manut enção podem r eduzir a deg radação dos seus equipament os, prolongando \no tempo de vida útil e evitando int ervenções cor retivas , que geram cust os elevados e t êm impac tos negativ os.\nn   Supor te técnico por t elefone, durant e 24hs/dia\nn   Minimizar os r iscos e pr ejuíz os de t er um equipament o parado\nn   Prioridade no at endiment o no caso de uma parada \nn Redução da necessidade de manut enção cor retivas em at é 80% e \nconsequent e  redução de cust os\nn  Serviços de cor retivas , quando  inclusos no contrat o \nn Redução de cust o: equipament os com manut enção pr eventiva \nadequada sofr em menos desgast es e, por tanto \ntem sua vida útil ampliada. \nAv. Eng . Alber to de Zagottis , 760 - 04675-085 -  São P aulo - SP\nTel.: (11) 5696-5033 \nwww.cmcomandos .com.br\nSistema de \nSustentabilidade A uditadoIdentifique Nossa E quipe \nUniforme P adrão \nCamisa azul   Calça azul   Crachá  \nPedro\nSuporte Técnico0000000000001Nome:\nRG:\nSetor:João P edro \nMatrícula:\n1111 25.613.810-2\nAssistência Técnica\n1.Uso... \nJOÃO PEDRO \nSuporte Técnico Supor te Técnico\nCall C enter int egrado ao sist ema de gestão ERP\nTécnicos Treinados e Qualificados\nEquipados com I nstrumentação de P onta\nAnalisador de Har mônicos\nAtendiment o 24 horas - 7 dias da semana via C ontrat os\nde M anut enção P reditiva, P reventiva e C orretiva\n  Supor te Pleno de P ré e P ós-V enda\nAmpla cober tura em t odo o paísn   \nn  \nn  \nn  \nn  \nn\nn  \nCM MK T SET 2021  -   As especificações estão sujeitas a alterações sem pr évio aviso . Nós incentivamos a r eciclagem\nAtendiment o em t odo\n o Território Nacional\ncom filiais e r epresentant es nas pr incipais \ncidades e capitais , otimizando o t empo , \ncusto e buscando a ex celência\n na pr estação de ser viços\nEscaneie e saiba mais sobr e o\n contrat o de manut enção \nOSD  N LI A NM EO AC R EMSCISO\n90012015 OSD  N LI A NM EO AC R EMSC', 'Manut enção e \nSupor te Técnico  \nNo-Breaks , Estabilizador es \ne demais S oluções  \n Serviços C O N T R A T O S  D E  M A N U T E N Ç Ã O']","As abordagens sobre manutenção e suporte técnico em diferentes relatórios destacam a importância dos contratos de manutenção para a redução da degradação dos equipamentos e a disponibilidade de suporte técnico 24 horas. Os contratos de manutenção são apresentados como uma solução eficaz para prolongar a vida útil dos equipamentos, minimizando a necessidade de intervenções corretivas e, consequentemente, reduzindo custos. Além disso, o suporte técnico é garantido 24 horas por dia, permitindo que os usuários tenham assistência contínua, o que é crucial para evitar paradas e prejuízos associados. Essa combinação de manutenção preventiva e suporte técnico integral é fundamental para otimizar o desempenho dos equipamentos e garantir a eficiência operacional.","As abordagens sobre manutenção e suporte técnico se comparam ao oferecer contratos que reduzem a degradação dos equipamentos, proporcionam suporte técnico 24 horas e minimizam riscos de paradas, garantindo prioridade no atendimento.",0.99999999995,1.0,0.0,0.2727272727272727,0.7303452704638781,0.5833333333333334,0.46,0.8611129970029419,0.2621231979030144,0.2682926829268293,0.0,0.0,1,1,1,1,1
"De que maneira as abordagens sobre manutençao e suporte tecniq em diferent relatorios se comparam, espeçialmente no que diz respeito a contratos de manutençao, reduçao da degradaçao dos equipamentus e suporte tecniq 24 horas?","['Vantagens do C ontrat o de M anut enção \nAtravés do contrat o de manut enção , técnicos e gest ores de manut enção podem r eduzir a deg radação dos seus equipament os, prolongando \no tempo de vida útil e evitando int ervenções cor retivas , que geram cust os elevados e t êm impac tos negativ os.\nn   Supor te técnico por t elefone, durant e 24hs/dia\nn   Minimizar os r iscos e pr ejuíz os de t er um equipament o parado\nn   Prioridade no at endiment o no caso de uma parada \nn Redução da necessidade de manut enção cor retivas em at é 80% e \nconsequent e  redução de cust os\nn  Serviços de cor retivas , quando  inclusos no contrat o \nn Redução de cust o: equipament os com manut enção pr eventiva \nadequada sofr em menos desgast es e, por tanto \ntem sua vida útil ampliada. \nAv. Eng . Alber to de Zagottis , 760 - 04675-085 -  São P aulo - SP\nTel.: (11) 5696-5033 \nwww.cmcomandos .com.br\nSistema de \nSustentabilidade A uditadoIdentifique Nossa E quipe \nUniforme P adrão \nCamisa azul   Calça azul   Crachá  \nPedro\nSuporte Técnico0000000000001Nome:\nRG:\nSetor:João P edro \nMatrícula:\n1111 25.613.810-2\nAssistência Técnica\n1.Uso... \nJOÃO PEDRO \nSuporte Técnico Supor te Técnico\nCall C enter int egrado ao sist ema de gestão ERP\nTécnicos Treinados e Qualificados\nEquipados com I nstrumentação de P onta\nAnalisador de Har mônicos\nAtendiment o 24 horas - 7 dias da semana via C ontrat os\nde M anut enção P reditiva, P reventiva e C orretiva\n  Supor te Pleno de P ré e P ós-V enda\nAmpla cober tura em t odo o paísn   \nn  \nn  \nn  \nn  \nn\nn  \nCM MK T SET 2021  -   As especificações estão sujeitas a alterações sem pr évio aviso . Nós incentivamos a r eciclagem\nAtendiment o em t odo\n o Território Nacional\ncom filiais e r epresentant es nas pr incipais \ncidades e capitais , otimizando o t empo , \ncusto e buscando a ex celência\n na pr estação de ser viços\nEscaneie e saiba mais sobr e o\n contrat o de manut enção \nOSD  N LI A NM EO AC R EMSCISO\n90012015 OSD  N LI A NM EO AC R EMSC', 'Manut enção e \nSupor te Técnico  \nNo-Breaks , Estabilizador es \ne demais S oluções  \n Serviços C O N T R A T O S  D E  M A N U T E N Ç Ã O']","As abordagens sobre manutenção e suporte técnico em diferentes relatórios destacam a importância dos contratos de manutenção para a redução da degradação dos equipamentos e a disponibilidade de suporte técnico 24 horas. Os contratos de manutenção são apresentados como uma solução eficaz para prolongar a vida útil dos equipamentos, minimizando a necessidade de intervenções corretivas e, consequentemente, reduzindo custos. Além disso, o suporte técnico é garantido 24 horas por dia, proporcionando assistência contínua e priorização no atendimento em caso de paradas, o que é crucial para evitar prejuízos associados à inatividade dos equipamentos. Essa combinação de manutenção preventiva e suporte técnico abrangente é fundamental para otimizar a operação e a eficiência dos sistemas.","As abordagens sobre manutenção e suporte técnico se comparam ao oferecer contratos que reduzem a degradação dos equipamentos, prolongam sua vida útil e garantem suporte técnico 24 horas, minimizando riscos de paradas e custos elevados com intervenções corretivas.",0.99999999995,1.0,0.0,0.1538461538461538,0.6928596017182677,0.6153846153846154,0.67,0.8940145767259373,0.2880710659898476,0.2971428571428571,0.0,0.0,1,1,1,1,1
vantagens equipamentos CM Comandos precisão confiabilidade,"['Inovação, qualidade, tecnologia\ne confiabilidade. Marcas das\nsoluções CM Comandos Lineares\nCom mais de 40 anos de atuação, a CM Comandos é hoje uma das \nmaiores fabricantes de No-Breaks da América Latina. Além disso, é líder\nabsoluta em soluções para o mercado corporativo. Certiﬁ  cada pela norma ISO-900:2015, a CM Comandos \nressalta o seu compromisso com a excelência dos seus produtos e a total satisfação dos seus clientes.A EMPRESA\nOs  No-Breaks  da  CM  Comandos  são  indicados  para aplicações de  \nmissão crítica, nas mais variadas corporações, oferecendo proteção \ncontra distúrbios de energia elétrica, tais como: cortes, micro-cortes, ruídos, distorção harmônica, picos, \ntransientes, sub e sobretensão e variação de frequência.APLICAÇÕES\nOs equipamentos da CM Comandos operam com maior precisão, agre-\ngam maior número de funções e são mais seguros. Características\nque geram alta conﬁ  abilidade e produtividade nas mais variadas aplicações, minimizam falhas e,\nconsequentemente, custos de manutenção. Em resumo, ser um cliente CM Comandos signiﬁ  ca ter o \nretorno do capital investido e garantias que só uma empresa com amplo suporte técnico pode oferecer.BENEFÍCIOS\nAo escolher a marca CM Comandos Lineares você conta com o melhor supor-\nte técnico de pré e pós-venda da empresa que se consolidou ao longo  des-\ntes 40 anos como líder de mercado. Instrumentação de ponta, proﬁ  ssionais\naltamente qualiﬁ  cados, disponibilidade de atendimento 24 horas, sete dias da semana, call \ncenter e processos certiﬁ  cados que asseguram a excelência dos nossos serviços de suporte.SUPORTE\nTÉCNICO', 'OSD  L NI A NM EA OR C EM SCISO\n90012015\nInovação , qualidade , tecnolo gia\ne confiabilidade . Marcas das\nsoluções CM C omandos Linear es\nCom mais de 40 anos de atuação , a CM Comandos é hoje uma das \nmaior es fabricant es de No-Breaks da Amér ica Latina. Além disso , é líder\nabsoluta em soluções para o mercado corporativ o. Certificada pela norma ISO-900:2015, a CM Comandos \nressalta o seu compr omisso com a excelência dos seus produt os e a total satisfação dos seus client es.A EMPRESA\nOs    No-Breaks   da   CM     Comandos  são  indicados   para    aplicações \nde  missã o crítica, nas mais variadas corporações , oferecendo proteção \ncontra distúr bios de ener gia elétr ica, tais como: cortes, micr o-cortes, ruídos , distorção harmônica, picos , \ntransient es, sub e sobr etensão e var iação de fr equência.APLICAÇÕES\nOs equipament os da CM Comandos operam com maior precisão , agre-\ngam maior númer o de funções e são mais segur os. Carac terísticas\nque geram alta confiabilidade e produtividade nas mais variadas aplicações , minimizam falhas e,\nconsequent ement e, cust os de manut enção . Em resumo , ser um client e CM Comandos significa ter o \nretorno do capital investido e garantias que só uma empr esa com amplo supor te técnico pode oferecer .BENEFÍCIOS\nAo escolher a marca CM Comandos Linear es você conta com o melhor supor -\nte técnico de pré e pós- venda da empr esa que se consolidou ao longo  des-\ntes 40 anos como líder de mercado . Instrumentação de ponta, profissionais\naltament e qualificados , disponibilidade de atendiment o 24 horas , sete dias da semana, call \ncent er e processos certificados que asseguram a excelência dos nossos serviços de supor te.SUPORTE\nTÉCNIC O']","Os equipamentos da CM Comandos oferecem alta precisão e confiabilidade, características que geram produtividade nas mais variadas aplicações. Eles minimizam falhas e, consequentemente, reduzem os custos de manutenção, proporcionando um retorno do capital investido. Além disso, a empresa destaca seu compromisso com a excelência e a satisfação total dos clientes.","As vantagens dos equipamentos da CM Comandos incluem maior precisão, confiabilidade e produtividade, minimizando falhas e custos de manutenção.",0.99999999995,1.0,0.9999999900000002,0.5,0.7538192143631915,1.0,0.71,0.8949678123032664,0.2672176308539945,0.358974358974359,0.0,0.0,1,0,1,1,1
Quais sã as vantagens de utilizr a ligacão de No Braks com potências diferntes para a somatóri de potênci?,"['SISTEMA PARALELO MULTI ATIVO (EXCLUSIVO CM COMANDOS)\nA CM Comandos Lineares desenvolveu um sistema inovador e pioneiro no mundo de paralelismo entre no-breaks. O sistema \nParalelo Multi Ativo permite a expansão do sistema, de acordo com sua demanda de consumo, podendo paralelar quantas \nunidades forem necessárias para atender sua demanda, elevando a capacidade do sistema e a confiabilidade de sua aplicação.\nPOSSIBILIDADE DE SOMATÓRIA DE  POTÊNCIAS\nPermite a ligação para somatória de potência, utilizando dois ou mais \nNo-Breaks para atingir a demanda da carga total.\nQuando utilizado para somatória de potência, possibilita a ligação de \nNo-Breaks com potências diferentes. Quando a ligação for feita com \nNo-Breaks de potências diferentes, a carga será distribuída \nproporcionalmente. Permite a ligação em paralelo redundante N + 1,  N + 2, N + 3 … N+X,  \npossibilitando o desligamento de uma ou mais unidades, mantendo a \ncarga ativa.\nA comunicação entre os No-Breaks consiste no barramento de \ncomunicação comum, por onde transitam informações \ncontendo nível de carga, sincronismo e a condição do by pass.COMUNICAÇÃO ENTRE OS NO-BREAKSTodos os No-Breaks são autônomos, operam de forma \nindependente no sistema e possuem controle individual.NÃO EXISTE NO-BREAK MESTRE OU ESCRAVOPodem ser paraleladas quantas unidades forem necessárias, \npossibilitando expansão do sistema, de acordo com a demanda \nde consumo.QUANTIDADE ILIMITADA PARA PARALELISMO\nPARALELISMO DO BANCO DE BATERIAS\nPermite paralelismo dos bancos de baterias (quando forem de \nmesma tensão nominal).MANUTENÇÃO DO NO-BREAK\nPermite a inserção ou retirada de um No-Break no sistema, sem a \nnecessidade de parada.INTERFACES  DE  SHUTDOWN  E GERENCIAMENTO  REMOTO\nRede Elétric a\nde Entr ada\nSaídaNo-break 1\n Potência \nde 60 kV ANo-break 2\nPotência de \n100 kV ANo-break 3\nPotência de \n20 kV A\nCarga fornecida pelo sistema = 410 kV ANo-break 4\nPotência de \n30 kV ANo-break 5\nPotência de \n80 kV ANo-break 6\nPotência de \n120 kV ARede L ocal Ether netA   Inter face de Ger enciamento \n     \nC  Inter face Shutdown \n     Client \n     LANB  Inter face Shutdown \n     D   Inter face de Ger enciamento Remoto \n  \nE  Adaptador SNMP\n     \nF  Client Shutdown\nG Estação Remota\n    Sof tware com \n    conexão à I nter netMultisser vidor es\nMultiplataf ormas\nMulti-S.O .Porta M icroprocessada DB9\nPorta Contato Seco DB9\nRede Ethernet RJ45', 'S I S T E M A PA R A L E L O M U LT I AT I V O ( E X C L U S I V O C M C O M A N D O S )\nA CM Comandos Lineares desenvolveu um sistema inovador e pioneiro no mundo de paralelismo entre No Breaks. O sistema Paralelo \nMulti Ativo permite a expansão do sistema, de acordo com sua demanda de consumo, podendo paralelar quantas unidades forem \nnecessárias para atender sua demanda, elevando a capacidade do sistema e a confiabilidade de sua aplicação.\nP O S S I B I L I D A D E D E S O M A T Ó R I A D E  P O T Ê N C I A S\nPermite a ligação para somatória de potência, utilizando dois ou mais No \nBreaks para atingir a demanda da carga total.\nQuando utilizado para somatória de potência, possibilita a ligação de \nNo Breaks com potências diferentes. Quando a ligação for feita com No \nBreaks de potências diferentes, a carga será distribuída \nproporcionalmente. Permite a ligação em paralelo redundante N + 1,  N + 2, N + 3 … N+X,  \npossibilitando o desligamento de uma ou mais unidades mantendo a \ncarga ativa.L I G A Ç Ã O E M P A R A L E L O R E D U N D A N T E\nA comunicação entre os No Breaks consiste no barramento de \ncomunicação comum, por onde transitam informações contendo \nnível de carga, sincronismo e a condição do by pass.C O M U N I C A Ç Ã O E N T R E O S N O B R E A K STodos os No Breaks são autônomos, operam de forma \nindependente no sistema e possuem controle individual.N Ã O E X I S T E N O B R E A K M E S T R E O U E S C R A V OPodem ser paraleladas quantas unidades forem necessárias, \npossibilitando expansão do sistema, de acordo com a demanda de \nconsumo.Q U A N T I D A D E I L I M I T A D A P A R A P A R A L E L I S M O\nM A N U T E N Ç Ã O D O N O B R E A K\nPermite a inserção ou retirada de um No Break no sistema, sem a \nnecessidade de parada.Rede Elétrica\nde Entrada\nSaídaNo Break 1\n Potência de \n30 kVANo Break 2\nPotência de \n10 kVANo Break 3\nPotência de \n20 kVA\nCarga fornecida pelo sistema = 150 kVANo Break 4\nPotência de \n30 kVANo Break 5\nPotência de \n20 kVANo Break 6\nPotência de \n40 kVA\nINTERFACES DE \nGERENCIAMENTO   \nREMOTO\nSão compostas por diversas ferramentas. O \nAdaptador SNMP NetMate permite\ngerenciar remotamente o No Break via a \nInternet através de um web browser,\nmonitorar o status e enviar alertas por e-mail. \nO software IP Power é uma ferramenta de \ngerenciamento  Windows Application e a \nversão Client é específica para  automatizar o \nshutdown de servidores, podendo desligar \nautomática e simultaneamente vários\ns e r v i d o r e s  e  e s t a ç õ e s .\nO Adaptador ArmModbus permite integrar \no  N o  B r e a k ,  v i a  u m a  p o r t a\nRS485, a Sistemas de Automação Predial.']","As vantagens de utilizar a ligação de No-Breaks com potências diferentes para a somatória de potência incluem a possibilidade de atingir a demanda total da carga de forma eficiente, permitindo que a carga seja distribuída proporcionalmente entre os No-Breaks. Além disso, essa configuração possibilita a ligação em paralelo redundante, como N + 1, N + 2, N + 3, etc., o que permite o desligamento de uma ou mais unidades sem comprometer a carga ativa. Isso aumenta a confiabilidade do sistema e proporciona flexibilidade na expansão de acordo com a demanda de consumo.",As vantagens de utilizar a ligação de No Breaks com potências diferentes para a somatória de potência incluem a possibilidade de atingir a demanda da carga total e a distribuição proporcional da carga entre os No Breaks conectados.,0.99999999995,1.0,0.0,0.5,0.8021865529165226,0.5,0.5,0.9092108301409207,0.3820422535211267,0.5,0.0,0.0,1,1,1,1,1
Quais são os benefícios da tecnologia DSP em relação à alta performance e confiabilidade dos no-breaks corporativos?,"['Alta Tecnologia em\nProcessamento Digital de Sinais - DSP\nHoje esta tecnologia está presente nos mais soﬁ  sticados sistemas eletrônicos devido a sua alta velocidade e conﬁ  abil-\ndade. Processadores Digitais de Sinais são capazes de processar dez milhões de amostragens por segundo. Isso signiﬁ  -\nca processamento em tempo real - o sinal é processado no mesmo instante em que é recebido, sem retardos ou atrasos.Vivemos  em um mundo cada vez mais ágil e prático. Um mundo conectado por processadores, chips, softwares e periféricos.  Mas \nainda não é o bastante, por isso, o mundo caminha para tecnologias de processamento imediato de dados. A CM Comandos está \num passo à frente e oferece aos seus clientes produtos dotados de uma tecnologia revolucionária, denominada Processamento \nDigital de Sinais - DSP .\nToda linha de No-Breaks Composition conta com a tecno-\nlogia DSP . Característica que proporciona alta performa-\nce e conﬁ  abilidade, tornando-os ideais para aplicações de \nmissão crítica. Ou seja, protegem as aplicações nas quais a  \ncontinuidade da operação é de fundamental importância. \nProjetados com o uso intenso dos recursos da tecnologia\nDSP , os No-Breaks Composition agregam novos e avançados \nrecursos que estabelecem um novo conceito em desenvolvi-\nmento, no qual o ﬁ  rmware dos equipamentos pode ser atuali-\nzado acrescentando novas funções em  unidades já instaladas.\nAo pensar em adquirir No-Breaks, conte com as soluções da \nCM Comandos, que asseguram tecnologia de ponta, máxima \nproteção, precisão digital e processamento em tempo real.OS MAIS MODERNOS NO-BREAKS CORPORATIVOS', 'Alta Tecnologia em\nProcessamento Digital\nde Sinais - DSP\nO S M A I S M O D E R N O S\nN O B R E A K S C O R P O R AT I V O SVivemos em um mundo cada vez mais ágil e prático. Um mundo conectado por processadores, chips, softwares e \nperiféricos. Mas isso ainda não é o bastante. Por isso, o mundo caminha para tecnologias de processamento imediato \nde dados. A CM Comandos Lineares está um passo à frente e oferece aos seus clientes produtos dotados de uma \ntecnologia revolucionária, denominada Processamento Digital de Sinais -- DSP .\nToda a linha de No Breaks Innovation S1 Trifásico  \nTransformerless conta com a tecnologia DS P.   \nCaracterística que proporciona alta performance e \nconfiabilidade, tornando-os ideais para aplicações de missão crítica. Ou seja, protegem as aplicações nas quais a \ncontinuidade da operação é de fundamental importância.\ndos equipamentos pode ser atualizado, \nacrescentando novas funções em \nunidades já instaladas. Hoje, esta tecnologia está presente nos mais sofisticados sistemas eletrônicos, devido à sua alta velocidade e \nconfiabilidade. Processadores Digitais de Sinais são capazes de processar dez milhões de amostragens por segundo. \nIsso significa processamento em tempo real -- o sinal é processado no mesmo instante em que é recebido, sem \nretardos ou atrasos.\nProjetados com o uso intenso dos recursos da tecnologia DSP ,  os No Breaks Innovation Trifásico Transformerless  \nagregam novos  e avançados recursos, que estabelecem um novo conceito em desenvolvimento, no qual o firmware \nAo pensar em adquirir No Breaks,     \nconte com as soluções da\nCM Comandos, que asseguram \ntecnologia de ponta, máxima proteção, \nprecisão digital e processamento        \nem tempo real.']","A tecnologia DSP proporciona alta performance e confiabilidade nos no-breaks corporativos ao permitir processamento em tempo real, onde o sinal é processado instantaneamente, sem retardos ou atrasos. Isso é crucial para aplicações de missão crítica, garantindo a continuidade da operação. Além disso, os no-breaks equipados com DSP podem ter seu firmware atualizado, permitindo a adição de novas funções em unidades já instaladas, o que agrega valor e flexibilidade ao equipamento.",Os benefícios da tecnologia DSP em relação à alta performance e confiabilidade dos no-breaks corporativos incluem a capacidade de proporcionar alta performance e confiabilidade.,0.99999999995,1.0,0.249999999375,0.6666666666666666,0.913837029437234,0.8333333333333334,0.22,0.907413765895274,0.2474012474012473,0.2330097087378641,0.0,0.0,1,1,1,1,1
Quais são as dimensões físicas e a potência dos modelos mencionados nas certificações técnicas?,"['• Grau de Proteção: IP-20\nCaracterísticas Físicas e Mecânicas \nn Dimensões Compactas\nn Display LCD - cristal líquido retro-iluminado\nn Estrutura do Gabinete:\n  • Rack: metálico\n  • Acabamento: pintura epóxi-pó na cor graﬁ  te\ncom tratamento térmico e anti-corrosivo\n  • Ventilação: forçada, com controle digital de\nvelocidade pelo DSP  \n  • Porta de Comunicação:\n    » Serial RS232C IsoladaInterfaces de Gerenciamento\nn Mono e multi-usuário, client-server e\nmultiservidores \nn Ferramentas de Shutdown e Gerenciamento\nn  Protocolos:\n    • Serial Rs232\n    • Serial Rs485*\n    • Modbus*\n    • SNMP / Telnet / http / TCP/IP*\nn Softwares de Gerenciamento*\n    • Adaptador SNMP* V1, V2, V3.\nn Ambientes e Sistemas Operacionais\n   • Windows 10  \n   • Linux\n(Marcas dos respectivos fabricantes)\nCM MKT  JAN 24 - *As especiﬁ  cações  técnicas estão sujeitas a alterações sem aviso prévio e conforme necessidades de projetos customizados.                 Nós incentivamos a reciclagem.\nCM MKT  JAN 24 - *As especiﬁ  cações  técnicas estão sujeitas a alterações sem aviso prévio e conforme necessidades de projetos customizados.                 Nós incentivamos a reciclagem.\nAv. Eng. Alberto de Zagottis , 760 - 04675-085 - São Paulo - SP\nTel.:(11) 5696-5000\nwww.cmcomandos.com.brSistema de \nSustentabilidade AuditadaModelo Peso\n (sem baterias)\nkg Dimensões Físicas \nlarg x alt x prof \nmm Potência \nkVA\n 25000      25,0         436 x 85 x 677           18Módulo No-Break 25 kW - 380/400/415V\nModelo Peso\n (sem baterias)\nkg Dimensões Físicas \nlarg x alt x prof \nmm Potência \nkVA\n 150000   150,0       482 x 931 x 916        150Gabinete para Módulo 25kW - 380/400/415V\nModelo Peso\n (sem baterias)\nkg Dimensões Físicas \nlarg x alt x prof \nmm Potência \nkVA\n 50000      50,0        510 x 178 x 700         45Módulo No-Break 50 kW - 380/400/415V\nModelo Peso\n (sem baterias)\nkg Dimensões Físicas \nlarg x alt x prof \nmm Potência \nkVA\n 100000   100,0      600 x 1150 x 980      120Gabinete para Módulo 50kW - 380/400/415V\n 200000   200,0      650 x 1600 x 960      170\n 300000   300,0      650 x 2000 x 970      220\n 500000   500,0    1300 x 2000 x 1100    450Modelo Peso\n (sem baterias)\nkg Dimensões Físicas \nlarg x alt x prof \nmm Potência \nkVA\n 30000      30,0        510 x 178 x 700         45Módulo No-Break 30 kW - 200/208/220V\nModelo Peso\n (sem baterias)\nkg Dimensões Físicas \nlarg x alt x prof \nmm Potência \nkVA\n  60000    100,0      600 x 1150 x 980      120Gabinete para Módulo 30 kW - 200/208/220V\n 120000   120,0      650 x 1600 x 960      170\n 180000   180,0      650 x 2000 x 970      220\n 300000   300,0    1300 x 2000 x 1100    450DIMENSÕES FÍSICAS', '000m\nTipo de Ambiente Recomendado:\n• Interno, instalação abrigada\n• Atmosfera: limpa, livre de partículas condutivas, \ngases tóxicos, líquidos e inflamáveis.\nGrau de Proteção: IP-20 Umidade Relativa:\n• 0% a 95% sem condensação\n• Recomendada: 45% a 55%Potência\nkVAModelo Tensão\nVDimensões Físicas\nalt x larg x prof \nmmPeso (sem \nbateria)\nkgModelos sem  baterias   \n10000     10,0   680 X 415 X 835      80  220/ 380       \n15000     15,0 680 X 415 X 835      80 220/380       \n20000    20,0     830 X 415 X 940      95 220           \n20000    20,0     680 X 415 X 835      80 380\n30000    30,0     830 X 415 X 940      95     220/380\n40000     40,0   830 X 415 X 940      95  380   10000     10,0       680 X 415 X 835     178 380      \n15000     15,0         680 X 415 X 835     196 380      \n20000    20,0     680 X 415 X 835     196            380Modelo Tensão\nVPotência\nkVADimensões Físicas\nalt x larg x prof \nmmPeso (com \nbateria)\nkgModelos com baterias internas 10000     10,0       680 X 415 X 835     138 220          \n15000     15,0         680 X 415 X 835     196 220       \n20000    20,0     830 X 415 X 940     196 220       \n30000      30,0     830 X 415 X 940     253           220      Modelo Tensão\nVPotência\nkVADimensões Físicas\nalt x larg x prof \nmmPeso (com \nbateria)\nkgModelos com baterias internas']","As dimensões físicas e a potência dos modelos mencionados nas certificações técnicas são as seguintes:

1. Módulo No-Break 25 kW - 380/400/415V
   - Dimensões: 436 x 85 x 677 mm
   - Potência: 25 kVA

2. Módulo No-Break 50 kW - 380/400/415V
   - Dimensões: 510 x 178 x 700 mm
   - Potência: 50 kVA

3. Módulo No-Break 30 kW - 200/208/220V
   - Dimensões: 510 x 178 x 700 mm
   - Potência: 30 kVA

4. Gabinete para Módulo 25 kW - 380/400/415V
   - Dimensões: 482 x 931 x 916 mm
   - Potência: 150 kVA

5. Gabinete para Módulo 50 kW - 380/400/415V
   - Dimensões: 600 x 1150 x 980 mm
   - Potência: 100 kVA

6. Gabinete para Módulo 30 kW - 200/208/220V
   - Dimensões: 600 x 1150 x 980 mm
   - Potência: 100 kVA

7. Módulo No-Break 20 kW - 220V
   - Dimensões: 830 x 415 x 940 mm
   - Potência: 20 kVA

8. Módulo No-Break 40 kW - 380V
   - Dimensões: 830 x 415 x 940 mm
   - Potência: 40 kVA

9. Módulo No-Break 10 kW - 220V
   - Dimensões: 680 x 415 x 835 mm
   - Potência: 10 kVA

10. Módulo No-Break 15 kW - 220V
    - Dimensões: 680 x 415 x 835 mm
    - Potência: 15 kVA

Essas informações incluem tanto as dimensões físicas em milímetros quanto a potência em kVA.","As dimensões físicas e a potência dos modelos mencionados nas certificações técnicas variam conforme o modelo, com dimensões que vão de 900 x 480 x 980 mm a 2010 x 2050 x 1000 mm e potências que vão de 5,0 kVA a 300,0 kVA.",0.9999999999,0.0,0.0,0.0,0.6222248679666272,1.0,0.15,0.7449580082467357,0.1646655231560891,0.2084690553745928,0.0,0.0,1,1,1,1,1
De que maneira os equipamentos da CM Comandos minimizam falhas e quais são os benefícios disso para os clientes?,"['Inovação, qualidade, tecnologia\ne confiabilidade. Marcas das\nsoluções CM Comandos Lineares\nCom mais de 40 anos de atuação, a CM Comandos é hoje uma das \nmaiores fabricantes de No-Breaks da América Latina. Além disso, é líder\nabsoluta em soluções para o mercado corporativo. Certiﬁ  cada pela norma ISO-900:2015, a CM Comandos \nressalta o seu compromisso com a excelência dos seus produtos e a total satisfação dos seus clientes.A EMPRESA\nOs  No-Breaks  da  CM  Comandos  são  indicados  para aplicações de  \nmissão crítica, nas mais variadas corporações, oferecendo proteção \ncontra distúrbios de energia elétrica, tais como: cortes, micro-cortes, ruídos, distorção harmônica, picos, \ntransientes, sub e sobretensão e variação de frequência.APLICAÇÕES\nOs equipamentos da CM Comandos operam com maior precisão, agre-\ngam maior número de funções e são mais seguros. Características\nque geram alta conﬁ  abilidade e produtividade nas mais variadas aplicações, minimizam falhas e,\nconsequentemente, custos de manutenção. Em resumo, ser um cliente CM Comandos signiﬁ  ca ter o \nretorno do capital investido e garantias que só uma empresa com amplo suporte técnico pode oferecer.BENEFÍCIOS\nAo escolher a marca CM Comandos Lineares você conta com o melhor supor-\nte técnico de pré e pós-venda da empresa que se consolidou ao longo  des-\ntes 40 anos como líder de mercado. Instrumentação de ponta, proﬁ  ssionais\naltamente qualiﬁ  cados, disponibilidade de atendimento 24 horas, sete dias da semana, call \ncenter e processos certiﬁ  cados que asseguram a excelência dos nossos serviços de suporte.SUPORTE\nTÉCNICO', 'OSD  L NI A NM EA OR C EM SCISO\n90012015\nInovação , qualidade , tecnolo gia\ne confiabilidade . Marcas das\nsoluções CM C omandos Linear es\nCom mais de 40 anos de atuação , a CM Comandos é hoje uma das \nmaior es fabricant es de No-Breaks da Amér ica Latina. Além disso , é líder\nabsoluta em soluções para o mercado corporativ o. Certificada pela norma ISO-900:2015, a CM Comandos \nressalta o seu compr omisso com a excelência dos seus produt os e a total satisfação dos seus client es.A EMPRESA\nOs    No-Breaks   da   CM     Comandos  são  indicados  para aplicações \nde  missã o crítica, nas mais variadas corporações , oferecendo proteção \ncontra distúr bios de ener gia elétr ica, tais como: cortes, micr o-cortes, ruídos , distorção harmônica, picos , \ntransient es, sub e sobr etensão e var iação de fr equência.APLICAÇÕES\nOs equipament os da CM Comandos operam com maior precisão , agre-\ngam maior númer o de funções e são mais segur os. Carac terísticas\nque geram alta confiabilidade e produtividade nas mais variadas aplicações , minimizam falhas e,\nconsequent ement e, cust os de manut enção . Em resumo , ser um client e CM Comandos significa ter o \nretorno do capital investido e garantias que só uma empr esa com amplo supor te técnico pode oferecer .BENEFÍCIOS\nAo escolher a marca CM Comandos Linear es você conta com o melhor supor -\nte técnico de pré e pós- venda da empr esa que se consolidou ao longo  des-\ntes 40 anos como líder de mercado . Instrumentação de ponta, profissionais\naltament e qualificados , disponibilidade de atendiment o 24 horas , sete dias da semana, call \ncent er e processos certificados que asseguram a excelência dos nossos serviços de supor te.SUPORTE\nTÉCNIC O']","Os equipamentos da CM Comandos operam com maior precisão e agregam um maior número de funções, o que resulta em alta confiabilidade e produtividade nas diversas aplicações. Essa confiabilidade minimiza falhas, o que, por sua vez, reduz os custos de manutenção. Para os clientes, isso significa um retorno do capital investido e garantias que apenas uma empresa com amplo suporte técnico pode oferecer.","Os equipamentos da CM Comandos minimizam falhas operando com maior precisão e agregando um maior número de funções, o que resulta em alta confiabilidade e produtividade, além de reduzir custos de manutenção para os clientes.",0.99999999995,1.0,0.9999999900000002,0.3333333333333333,0.7965579885587747,1.0,0.77,0.948817381789722,0.4339152119700747,0.5871559633027522,0.0,0.0,1,1,1,1,1
Quais são os principais fatores que contribuíram para a CM Comandos se tornar líder em soluções corporativas?,"['Inovação, qualidade, tecnologia\ne confiabilidade. Marcas das\nsoluções CM Comandos Lineares\nCom mais de 40 anos de atuação, a CM Comandos é hoje uma das \nmaiores fabricantes de No-Breaks da América Latina. Além disso, é líder\nabsoluta em soluções para o mercado corporativo. Certiﬁ  cada pela norma ISO-900:2015, a CM Comandos \nressalta o seu compromisso com a excelência dos seus produtos e a total satisfação dos seus clientes.A EMPRESA\nOs  No-Breaks  da  CM  Comandos  são  indicados  para aplicações de  \nmissão crítica, nas mais variadas corporações, oferecendo proteção \ncontra distúrbios de energia elétrica, tais como: cortes, micro-cortes, ruídos, distorção harmônica, picos, \ntransientes, sub e sobretensão e variação de frequência.APLICAÇÕES\nOs equipamentos da CM Comandos operam com maior precisão, agre-\ngam maior número de funções e são mais seguros. Características\nque geram alta conﬁ  abilidade e produtividade nas mais variadas aplicações, minimizam falhas e,\nconsequentemente, custos de manutenção. Em resumo, ser um cliente CM Comandos signiﬁ  ca ter o \nretorno do capital investido e garantias que só uma empresa com amplo suporte técnico pode oferecer.BENEFÍCIOS\nAo escolher a marca CM Comandos Lineares você conta com o melhor supor-\nte técnico de pré e pós-venda da empresa que se consolidou ao longo  des-\ntes 40 anos como líder de mercado. Instrumentação de ponta, proﬁ  ssionais\naltamente qualiﬁ  cados, disponibilidade de atendimento 24 horas, sete dias da semana, call \ncenter e processos certiﬁ  cados que asseguram a excelência dos nossos serviços de suporte.SUPORTE\nTÉCNICO', 'A E M P R E S ACom mais de 35 anos de atuação, a CM Comandos é hoje \numa das maiores fabricantes de No-Breaks da América \nLatina. \nAlém disso, é líder absoluta em soluções para o mercado corporativo. Certificada pela \nnorma ISO-9001:2015, a CM Comandos ressalta o seu compromisso com a excelência \ndos seus produtos e a total satisfação dos seus clientes.Inovação, qualidade, tecnologia\ne confiabilidade. Marcas das\nsoluções CM Comandos Lineares\nA P L I C A Ç Õ E SOs No Breaks  da CM Comandos Lineares são indicados para aplicações \nde missão crítica, nas mais variadas corporações, oferecendo proteção \ncontra distúrbios de energia elétrica, tais como: cortes, micro cortes, ruídos, distorção harmônica, \npicos, transientes, sub e sobre tensão e variações de frequência.\nS U P O R T E\nT É C N I C OAo  escolher  a marca  CM Comandos  Lineares  você  conta com o melhor \nsuporte  técnico  de pré e pós-venda da empresa que se consolidou ao longo \ndestes 36  anos como  líder  de  mercado.\nInstrumentação de ponta, profissionais altamente qualificados, com cobertura nacional e \ndisponibilidade de atendimento 24 horas, sete dias por semana, call center e processos certificados \nque asseguram a excelência dos  nossos serviços  de  suporte.B E N E F Í C I O SOs equipamentos da CM Comandos operam com maior precisão, \nagregam maior número de funções e são os mais seguros. \nCaracterísticas que geram alta confiabilidade e produtividade nas mais variadas aplicações, \nminimizam falhas e, consequentemente,  custos de manutenção. Em resumo,  ser um cliente da \nCM Comandos significa ter o retorno do capital investido e garantias que  só uma empresa com \namplo suporte técnico pode oferecer.\nCM COMANDOS LINEARES\nOSD L NI A NM EA OR CEM SCISO\n9001\n2015']","Os principais fatores que contribuíram para a CM Comandos se tornar líder em soluções corporativas incluem mais de 40 anos de experiência no mercado, a certificação pela norma ISO-9001:2015, o compromisso com a excelência dos produtos, e a oferta de suporte técnico de alta qualidade, tanto no pré quanto no pós-venda. Além disso, a empresa se destaca pela inovação, qualidade, tecnologia e confiabilidade de seus No-Breaks, que são projetados para aplicações de missão crítica, garantindo proteção contra diversos distúrbios de energia elétrica. A combinação dessas características resulta em alta confiabilidade e produtividade, minimizando falhas e custos de manutenção para os clientes.","Os principais fatores que contribuíram para a CM Comandos se tornar líder em soluções corporativas incluem mais de 38 anos de atuação, certificação pela norma ISO-9001:2015, compromisso com a preservação do meio ambiente, excelência dos produtos e total satisfação dos clientes.",0.99999999995,0.5,0.49999999875,0.8571428571428571,0.9933542940779576,1.0,0.29,0.8448137971612171,0.3710144927536232,0.4545454545454546,0.0,0.0,0,1,1,1,1
Quais são as ferramentas e protocolos utilizados no gerenciamento de No-Break?,"['S I S T E M A PA R A L E L O M U LT I AT I V O ( E X C L U S I V O C M C O M A N D O S )\nA CM Comandos Lineares desenvolveu um sistema inovador e pioneiro no mundo de paralelismo entre No Breaks. O sistema Paralelo \nMulti Ativo permite a expansão do sistema, de acordo com sua demanda de consumo, podendo paralelar quantas unidades forem \nnecessárias para atender sua demanda, elevando a capacidade do sistema e a confiabilidade de sua aplicação.\nP O S S I B I L I D A D E D E S O M A T Ó R I A D E  P O T Ê N C I A S\nPermite a ligação para somatória de potência, utilizando dois ou mais No \nBreaks para atingir a demanda da carga total.\nQuando utilizado para somatória de potência, possibilita a ligação de \nNo Breaks com potências diferentes. Quando a ligação for feita com No \nBreaks de potências diferentes, a carga será distribuída \nproporcionalmente. Permite a ligação em paralelo redundante N + 1,  N + 2, N + 3 … N+X,  \npossibilitando o desligamento de uma ou mais unidades mantendo a \ncarga ativa.L I G A Ç Ã O E M P A R A L E L O R E D U N D A N T E\nA comunicação entre os No Breaks consiste no barramento de \ncomunicação comum, por onde transitam informações contendo \nnível de carga, sincronismo e a condição do by pass.C O M U N I C A Ç Ã O E N T R E O S N O B R E A K STodos os No Breaks são autônomos, operam de forma \nindependente no sistema e possuem controle individual.N Ã O E X I S T E N O B R E A K M E S T R E O U E S C R A V OPodem ser paraleladas quantas unidades forem necessárias, \npossibilitando expansão do sistema, de acordo com a demanda de \nconsumo.Q U A N T I D A D E I L I M I T A D A P A R A P A R A L E L I S M O\nM A N U T E N Ç Ã O D O N O B R E A K\nPermite a inserção ou retirada de um No Break no sistema, sem a \nnecessidade de parada.Rede Elétrica\nde Entrada\nSaídaNo Break 1\n Potência de \n30 kVANo Break 2\nPotência de \n10 kVANo Break 3\nPotência de \n20 kVA\nCarga fornecida pelo sistema = 150 kVANo Break 4\nPotência de \n30 kVANo Break 5\nPotência de \n20 kVANo Break 6\nPotência de \n40 kVA\nINTERFACES DE \nGERENCIAMENTO   \nREMOTO\nSão compostas por diversas ferramentas. O \nAdaptador SNMP NetMate permite\ngerenciar remotamente o No Break via a \nInternet através de um web browser,\nmonitorar o status e enviar alertas por e-mail. \nO software IP Power é uma ferramenta de \ngerenciamento  Windows Application e a \nversão Client é específica para  automatizar o \nshutdown de servidores, podendo desligar \nautomática e simultaneamente vários\ns e r v i d o r e s  e  e s t a ç õ e s .\nO Adaptador ArmModbus permite integrar \no  N o  B r e a k ,  v i a  u m a  p o r t a\nRS485, a Sistemas de Automação Predial.', 'SISTEMA PARALELO MULTI ATIVO (EXCLUSIVO CM COMANDOS)\nA CM Comandos Lineares desenvolveu um sistema inovador e pioneiro no mundo de paralelismo entre no-breaks. O sistema \nParalelo Multi Ativo permite a expansão do sistema, de acordo com sua demanda de consumo, podendo paralelar quantas \nunidades forem necessárias para atender sua demanda, elevando a capacidade do sistema e a confiabilidade de sua aplicação.\nPOSSIBILIDADE DE SOMATÓRIA DE  POTÊNCIAS\nPermite a ligação para somatória de potência, utilizando dois ou mais \nNo-Breaks para atingir a demanda da carga total.\nQuando utilizado para somatória de potência, possibilita a ligação de \nNo-Breaks com potências diferentes. Quando a ligação for feita com \nNo-Breaks de potências diferentes, a carga será distribuída \nproporcionalmente. Permite a ligação em paralelo redundante N + 1,  N + 2, N + 3 … N+X,  \npossibilitando o desligamento de uma ou mais unidades, mantendo a \ncarga ativa.\nA comunicação entre os No-Breaks consiste no barramento de \ncomunicação comum, por onde transitam informações \ncontendo nível de carga, sincronismo e a condição do by pass.COMUNICAÇÃO ENTRE OS NO-BREAKSTodos os No-Breaks são autônomos, operam de forma \nindependente no sistema e possuem controle individual.NÃO EXISTE NO-BREAK MESTRE OU ESCRAVOPodem ser paraleladas quantas unidades forem necessárias, \npossibilitando expansão do sistema, de acordo com a demanda \nde consumo.QUANTIDADE ILIMITADA PARA PARALELISMO\nPARALELISMO DO BANCO DE BATERIAS\nPermite paralelismo dos bancos de baterias (quando forem de \nmesma tensão nominal).MANUTENÇÃO DO NO-BREAK\nPermite a inserção ou retirada de um No-Break no sistema, sem a \nnecessidade de parada.INTERFACES  DE  SHUTDOWN  E GERENCIAMENTO  REMOTO\nRede Elétric a\nde Entr ada\nSaídaNo-break 1\n Potência \nde 60 kV ANo-break 2\nPotência de \n100 kV ANo-break 3\nPotência de \n20 kV A\nCarga fornecida pelo sistema = 410 kV ANo-break 4\nPotência de \n30 kV ANo-break 5\nPotência de \n80 kV ANo-break 6\nPotência de \n120 kV ARede L ocal Ether netA   Inter face de Ger enciamento \n     \nC  Inter face Shutdown \n     Client \n     LANB  Inter face Shutdown \n     D   Inter face de Ger enciamento Remoto \n  \nE  Adaptador SNMP\n     \nF  Client Shutdown\nG Estação Remota\n    Sof tware com \n    conexão à I nter netMultisser vidor es\nMultiplataf ormas\nMulti-S.O .Porta M icroprocessada DB9\nPorta Contato Seco DB9\nRede Ethernet RJ45']","As ferramentas e protocolos utilizados no gerenciamento de No-Break incluem o Adaptador SNMP NetMate, que permite gerenciar remotamente o No-Break via Internet através de um web browser, monitorando o status e enviando alertas por e-mail. O software IP Power é uma ferramenta de gerenciamento para Windows, específica para automatizar o shutdown de servidores, permitindo desligar automática e simultaneamente vários servidores e estações. Além disso, o Adaptador ArmModbus permite integrar o No-Break a Sistemas de Automação Predial via uma porta RS485.","As ferramentas e protocolos utilizados no gerenciamento de No-Break incluem: ferramentas de shutdown e gerenciamento, protocolos como Serial RS232, Serial RS485, SNMP, Telnet, http e TCP/IP, além de softwares como IP Power e IP Power SE, e adaptadores como SNMP NetMate e ArmModbus RS485.",0.99999999995,0.3333333333333333,0.0,0.6363636363636364,0.9943442802167948,0.8181818181818182,0.0,0.8941440196148627,0.3393501805054152,0.3211678832116788,0.0,0.0,1,1,1,1,1
Quais são as características que tornam a CM Comandos líder em soluções para o mercado corporativo?,"['Inovação, qualidade, tecnologia\ne confiabilidade. Marcas das\nsoluções CM Comandos Lineares\nCom mais de 40 anos de atuação, a CM Comandos é hoje uma das \nmaiores fabricantes de No-Breaks da América Latina. Além disso, é líder\nabsoluta em soluções para o mercado corporativo. Certiﬁ  cada pela norma ISO-900:2015, a CM Comandos \nressalta o seu compromisso com a excelência dos seus produtos e a total satisfação dos seus clientes.A EMPRESA\nOs  No-Breaks  da  CM  Comandos  são  indicados  para aplicações de  \nmissão crítica, nas mais variadas corporações, oferecendo proteção \ncontra distúrbios de energia elétrica, tais como: cortes, micro-cortes, ruídos, distorção harmônica, picos, \ntransientes, sub e sobretensão e variação de frequência.APLICAÇÕES\nOs equipamentos da CM Comandos operam com maior precisão, agre-\ngam maior número de funções e são mais seguros. Características\nque geram alta conﬁ  abilidade e produtividade nas mais variadas aplicações, minimizam falhas e,\nconsequentemente, custos de manutenção. Em resumo, ser um cliente CM Comandos signiﬁ  ca ter o \nretorno do capital investido e garantias que só uma empresa com amplo suporte técnico pode oferecer.BENEFÍCIOS\nAo escolher a marca CM Comandos Lineares você conta com o melhor supor-\nte técnico de pré e pós-venda da empresa que se consolidou ao longo  des-\ntes 40 anos como líder de mercado. Instrumentação de ponta, proﬁ  ssionais\naltamente qualiﬁ  cados, disponibilidade de atendimento 24 horas, sete dias da semana, call \ncenter e processos certiﬁ  cados que asseguram a excelência dos nossos serviços de suporte.SUPORTE\nTÉCNICO', 'A E M P R E S ACom mais de 35 anos de atuação, a CM Comandos é hoje \numa das maiores fabricantes de No-Breaks da América \nLatina. \nAlém disso, é líder absoluta em soluções para o mercado corporativo. Certificada pela \nnorma ISO-9001:2015, a CM Comandos ressalta o seu compromisso com a excelência \ndos seus produtos e a total satisfação dos seus clientes.Inovação, qualidade, tecnologia\ne confiabilidade. Marcas das\nsoluções CM Comandos Lineares\nA P L I C A Ç Õ E SOs No Breaks  da CM Comandos Lineares são indicados para aplicações \nde missão crítica, nas mais variadas corporações, oferecendo proteção \ncontra distúrbios de energia elétrica, tais como: cortes, micro cortes, ruídos, distorção harmônica, \npicos, transientes, sub e sobre tensão e variações de frequência.\nS U P O R T E\nT É C N I C OAo  escolher  a marca  CM Comandos  Lineares  você  conta com o melhor \nsuporte  técnico  de pré e pós-venda da empresa que se consolidou ao longo \ndestes 36  anos como  líder  de  mercado.\nInstrumentação de ponta, profissionais altamente qualificados, com cobertura nacional e \ndisponibilidade de atendimento 24 horas, sete dias por semana, call center e processos certificados \nque asseguram a excelência dos  nossos serviços  de  suporte.B E N E F Í C I O SOs equipamentos da CM Comandos operam com maior precisão, \nagregam maior número de funções e são os mais seguros. \nCaracterísticas que geram alta confiabilidade e produtividade nas mais variadas aplicações, \nminimizam falhas e, consequentemente,  custos de manutenção. Em resumo,  ser um cliente da \nCM Comandos significa ter o retorno do capital investido e garantias que  só uma empresa com \namplo suporte técnico pode oferecer.\nCM COMANDOS LINEARES\nOSD L NI A NM EA OR CEM SCISO\n9001\n2015']","A CM Comandos se destaca como líder em soluções para o mercado corporativo devido a várias características. A empresa possui mais de 40 anos de experiência no setor, é certificada pela norma ISO-9001:2015, o que demonstra seu compromisso com a excelência e a satisfação do cliente. Seus No-Breaks são projetados para aplicações de missão crítica, oferecendo proteção contra diversos distúrbios de energia elétrica. Além disso, os equipamentos operam com alta precisão, agregam múltiplas funções e são considerados seguros, resultando em alta confiabilidade e produtividade. A empresa também oferece um suporte técnico de pré e pós-venda de alta qualidade, com profissionais qualificados e atendimento disponível 24 horas por dia, sete dias por semana. Essas características contribuem para minimizar falhas e custos de manutenção, garantindo um bom retorno sobre o capital investido.","As características que tornam a CM Comandos líder em soluções para o mercado corporativo incluem inovação, qualidade, tecnologia e confiabilidade, além de ser certificada pela norma ISO-9001:2015, destacando seu compromisso com a excelência dos produtos e a total satisfação dos clientes.",0.99999999995,1.0,0.6666666659259258,0.7368421052631579,0.9271198544848788,0.8421052631578947,0.27,0.7784637131648204,0.2140430351075878,0.2884615384615384,0.0,0.0,1,1,1,1,1
Qual é a função do Display de Cristal Líquido nas mensagens de alerta do No-Break?,"['DISPOSITIV O ANUNCIADOR\nO\nenfermarias de plantão ou salas de médicos ,  e per mitem a imediata sinalização visual e audív el da ocor rência de alar mes . \nPodem ser instalados at é 4  Dispositiv os Anunciador es em vár ios locais ao mesmo t empo e não necessitam de alimentação auxiliar . s alar mes det ectados pelo Dispositiv o DSI / DST / DSC são en viados ao Dispositiv o Anunciador , instalados em locais estrat égicos tais como  \nCARACTERÍSTIC AS  \nPara sinalização dos alar mes a distância, de acor do com a Nor ma NBR 13534:\n• Led v erde: equipament o ligado ·  \n• Led v ermelho: sobr ecar ga\n• Led amar elo: sinalização de falha\n• Botão silenciar : para desligar o alar me acústico sobr e o quadr o de sinalização à\n   distância, ativado quando f or ultrapassado o nív el de int ervenção\n• Botão de t este: para v erificar per iodicament e a eficiência do  dispositiv o como  \n   recomendado pela Nor ma\n• Tipo de Alar me: Sonor o\nO dispositiv o Gerador de Sinais BT4000 é um dispositiv o de localização de falha  \nde isolação individual , per mitindo identificar em qual leit o ocor reu a falha, por \nexemplo .  \nO Gerador de Sinal injeta um sinal inf erior a 1mA, suficient e para que seja \ndetectada a falha de isolação e atua em conjunt o com os Dispositiv o \nLocalizador de F alha I ndividual e o Dispositiv o DSI / DST / DSC , conf orme as \nespecificações  exig idas pela nor ma IEC 61557.DISPOSITIV O GER ADOR DE SINAL 1mA - B T4000  \nESPECIFIC AÇÃO MECÂNIC A  \n·\npadrão DIN. Ideal para painel modular 18mm. O cupa o espaço de um disjunt or tr ipolar \nDISPOSITIV O LOCALIZADOR DE F ALHA - B T0074 e B T0078\nINTERF ACE HOMEM-MÁQUINA (IHM)\nO displa y / painel de contr ole IHM possibilita a visualização dos parâmetr os pr é-\nestabelecidos de isolament o, temperatura e cor rente em t empo r eal e é ideal para \nmonit orar instalações de múltiplos Sist emas IT .\nPRINCIP AIS C ARACTERÍSTIC AS Inter face Homem Máquina (IHM)• \n•  Medidor es textos móv eis\n•  Manuseio de Alar meTela g ráfica t ouch scr een 7,0”  • Proteção por P assw ord  \n• Ether net e P orta USB\nDispositivo AnunciadorDispositivo  Gerador de Sinal 1mA - BT4000\nO dispositiv o localizador de falhas BT0074 com 4 circuitos \nlocalizador es) e (BT0078 com 8 localizador es) tem por finalidade a \nlocalização de falha de isolação em um sistema de aterrament o IT \nMédico , de acor do com as carac terísticas exig idas pela norma \nIEC61557. O dispositivo é dotado de toróides que foram \nespecialmente projetados para a detecção de baixíssimas \ncorrentes na ordem de 0,5 mA e placa eletr ônica que sinaliza e \nemit e um sinal digital que pode ser conec tado , por exemplo , a um \nCLP.\nDispositivo L ocalizador de falha BT 0074\nDispositivo L ocalizador de falha BT 0078', 'Bypass Estátic o\nAcionamento:  automático , contr olado pelo DSP\nTempo de Transf erência:  0ms (nulo)\nRetr ansf erência ao Modo Normal:  automática \nBypass Manual de Manutenção\nAcionamento:  manual , atrav és de disjuntorn   \nn   \nn   \nn   \nn   \nn   Permite manutenção do No -Break, sem desligar a\n   car ga\nReposição ao Modo Normal:  sem inter rupção\nAlarmes\nContr olados pelo pr ocessador DSP\nTipos de Alarmes:\n    •Sonor os:\n       »  F alta de Rede: 1 toque por segundo  \n       »  P ré-alar me das Bater ias: 2 toques por segundo  \n       »  F alha I nterna do No -Break\n    \n    •Mensagens de Aler ta:\n       »  Display de Cr istal Líquido\n       »  Sof tware IP P ower via TCP/IP*\n       »  M ensagem por e -mail*:\n           -  Operação Nor mal\n           -  F alha de Rede\n           -  P ré-alar me de Bater ias\n           -  B ypass Estático \n           -  B ypass M anual \n           -  Sobr ecar ga de Saída\n           -  F alha I nterna n   \nn   \n   Log de E ventos\nRegistr os Armaz enados:\n    •Reg istro em memór ia EEPR OM\n    \n    •Indicação de data, hora e ocor rência\n    \n    •Medições\n    \n    •Status de operação e alar mes do painel\n   \n    •Status chav es inter nasn   \n   \nProteção Elétricas\nSub e Sobr etensão de Entrada e Saída\nSub e Sobr etensão DC e Bater ia\nSobr ecar ga e C urto-Circuito\nMínima Descar ga de Bater ian     \nn     \nn     \nn     \nMedições\nTrue RMS\nPotência de Saída em kV A\n Potência de Saída em kW\nFator de P otência de Saída\nTensão de Saída\nCorrente de Saída\nFrequência de Saída\nTensão de Bater ia\nTensão de Entrada\nFrequência de Entradan   \nn   \nn  \nn   \nn   \nn   \nn   \nn   \nn   \nn   Características Físicas e Mecânicas\nDimensões Compac tas \n Display : LCD - cr istal líquido r etroiluminado\nEstrutura do G abinete: \n    •Rack: metálico \n    \n    •Painel F rontal: em ABS de alta r esistência \n    \n    •Tampas laterais e super ior removív eis \n    \n    •Acabamento: pintura epó xi-pó na cor g rafite\n       com tratamento tér mico e anticor rosivo \n Movimentação: por r odízios autossustentáv eis \nRodízios com travas*\nTransf ormador Isolador (blindagem eletr ostática*)\nPorta de Comunicação\n    \n    •Serial RS232C Isolada F ull Duplex -DB9 F êmea\n   \n    •Contato Seco DB9 F êmea\nInter faces de G erenciamento\n Mono e multiusuár io, cliente -server e multi-ser ver\nVários ser vidor es em um único No -Break\nFerramentas de Shutdown e Ger enciamento\nProtocolos:\n   \n    •Ser ial RS232 \n    \n    •Serial RS485*\n    \n    •SNMP / Telnet / http / TCP/IP*\nSoftwares de Ger enciamento*\n   \n    •IP P ower e IP P ower SE\n    \n    •Adaptador SNMP NetM ate \n    \n    •Adaptador Ar mModbus RS485\nAmbientes e Sistemas Operacionais\n   \n    •W indows 8 / 10 / 2010 \n    \n    •Linux * \n       (Mar cas dos r espec tivos fabricantes)n   \nn  \nn   \nn   \nn    \nn    \nn     \nn  \nn   \nn   \nn   \nn   \nn       \n    5000       5,00      X 280 X 647         97\n    7500       7,']","O Display de Cristal Líquido é utilizado para apresentar mensagens de alerta relacionadas ao funcionamento do No-Break, permitindo que o usuário visualize informações sobre o status de operação, falhas e pré-alarmes das baterias, entre outros eventos.","A função do Display de Cristal Líquido nas mensagens de alerta do No-Break é exibir informações sobre o estado do equipamento, como falhas internas e condições de operação.",0.49999999995,1.0,0.4999999975,0.4,0.8567093004543009,0.8,0.57,0.9032822437800504,0.3904382470119522,0.5135135135135135,0.0,0.0,1,0,1,1,1
Qual eh a funcao da interfase mencionada no contexto do Shutdown?,"['REGISTRO PERMANENTE\nDE E VENT OSCORREÇÃO DO  F ATOR DE*POTÊNCIA\nO DSP ar maz ena os ev entos em sua memór ia EEPR OM. \nFunciona como uma “caixa-pr eta”, sendo possív el rastr ear os \nvalor es das medições e a posição das cha ves int ernas, \ndenunciando ev entuais er ros de operação .Conhecido pela sigla PFC - P ower Factor Correction, est e \nsistema per mite que o F ator de P otência de Entrada do \nNo-Break seja 0.99 - cor rigindo os ef eitos das car gas não \nlinear es e har mônicas conec tadas na saída do No -Break.-INTERF ACES DE GERENCIAMENT O\nREMO TO\nSão compostas por div ersas f erramentas . O A daptador SNMP NetM ate \npermite ger enciar r emotament e o No -Break via a I nternet atra vés de \num w eb br owser , monit orar o status e en viar aler tas por e -mail . \nO sof tware IP P ower é uma f erramenta de ger enciament o  Windows \nApplication e a v ersão Client é específica para  aut omatizar o shut down \nde ser vidor es, podendo desligar aut omática e simultaneament e vár ios \nservidor es e estações . \nO Adaptador Ar mModbus per mite int egrar o No -Break, via um\nRS485, a Sist emas de A utomação P redial atra vés do pr otocolo M odbus .a por ta INTERF ACES  DE  SHUTDO WN  \nE GERENCIAMENT O  REMO TO\nPorta M icroprocessada DB9A   Inter face de Ger enciamento Remoto \n  \nB   Adaptador SNMP\n     \nMultisser vidor es\nMultiplataf ormas\nMulti-S.O .C   Client Shutdown\nD  Estação Remota\n     Sof tware com \n     conexão à I nter net\nRede Ethernet RJ45', 'SISTEMA PARALELO MULTI ATIVO (EXCLUSIVO CM COMANDOS)\nA CM Comandos Lineares desenvolveu um sistema inovador e pioneiro no mundo de paralelismo entre no-breaks. O sistema \nParalelo Multi Ativo permite a expansão do sistema, de acordo com sua demanda de consumo, podendo paralelar quantas \nunidades forem necessárias para atender sua demanda, elevando a capacidade do sistema e a confiabilidade de sua aplicação.\nPOSSIBILIDADE DE SOMATÓRIA DE  POTÊNCIAS\nPermite a ligação para somatória de potência, utilizando dois ou mais \nNo-Breaks para atingir a demanda da carga total.\nQuando utilizado para somatória de potência, possibilita a ligação de \nNo-Breaks com potências diferentes. Quando a ligação for feita com \nNo-Breaks de potências diferentes, a carga será distribuída \nproporcionalmente. Permite a ligação em paralelo redundante N + 1,  N + 2, N + 3 … N+X,  \npossibilitando o desligamento de uma ou mais unidades, mantendo a \ncarga ativa.\nA comunicação entre os No-Breaks consiste no barramento de \ncomunicação comum, por onde transitam informações \ncontendo nível de carga, sincronismo e a condição do by pass.COMUNICAÇÃO ENTRE OS NO-BREAKSTodos os No-Breaks são autônomos, operam de forma \nindependente no sistema e possuem controle individual.NÃO EXISTE NO-BREAK MESTRE OU ESCRAVOPodem ser paraleladas quantas unidades forem necessárias, \npossibilitando expansão do sistema, de acordo com a demanda \nde consumo.QUANTIDADE ILIMITADA PARA PARALELISMO\nPARALELISMO DO BANCO DE BATERIAS\nPermite paralelismo dos bancos de baterias (quando forem de \nmesma tensão nominal).MANUTENÇÃO DO NO-BREAK\nPermite a inserção ou retirada de um No-Break no sistema, sem a \nnecessidade de parada.INTERFACES  DE  SHUTDOWN  E GERENCIAMENTO  REMOTO\nRede Elétric a\nde Entr ada\nSaídaNo-break 1\n Potência \nde 60 kV ANo-break 2\nPotência de \n100 kV ANo-break 3\nPotência de \n20 kV A\nCarga fornecida pelo sistema = 410 kV ANo-break 4\nPotência de \n30 kV ANo-break 5\nPotência de \n80 kV ANo-break 6\nPotência de \n120 kV ARede L ocal Ether netA   Inter face de Ger enciamento \n     \nC  Inter face Shutdown \n     Client \n     LANB  Inter face Shutdown \n     D   Inter face de Ger enciamento Remoto \n  \nE  Adaptador SNMP\n     \nF  Client Shutdown\nG Estação Remota\n    Sof tware com \n    conexão à I nter netMultisser vidor es\nMultiplataf ormas\nMulti-S.O .Porta M icroprocessada DB9\nPorta Contato Seco DB9\nRede Ethernet RJ45']","A interface mencionada no contexto do Shutdown permite a automação do desligamento de servidores, possibilitando que vários servidores e estações sejam desligados automática e simultaneamente. Essa funcionalidade é parte de um sistema de gerenciamento remoto que facilita o controle e a supervisão das operações do No-Break.",A função da interface mencionada no contexto do Shutdown não está claramente definida no texto fornecido.,0.99999999995,1.0,0.0,1.0,0.8712054312231773,1.0,0.0,0.6503369098922162,0.2376543209876542,0.2571428571428571,0.0,0.0,1,1,1,1,1
Qual é a função principal de um retificador na conversão de energia elétrica?,"['TECNOLOGIA ON LINE COM BYPASS ESTÁTICO DE MANUTENÇÃO\nINTERFACE DE GERENCIAMENTO REMOTO\nAs Interfaces de Gerenciamento Remoto são compostas por diversas ferramentas, sendo elas: \n•  O Adaptador SNMP que permite gerenciar remotamente o No-Break via Internet através de um web browser,  monitorar o status \ne enviar alertas por e-mail. \n• O software, uma ferramenta de gerenciamento Windows Application e a versão Client é especíﬁ  ca para automatizar o shutdown \nde servidores, podendo desligar automática e simultaneamente vários servidores e estações. \n• O Adaptador Modbus permite integrar o No-Break, via uma porta RS485, a Sistemas de Automação Predial.\nBypass Estático\nSistema de proteção que, em caso de \nproblemas, transfere automaticamente \na carga para um circuito alternativo, sem \ninterrupção no fornecimento de energia.Bypass Estático de Manutenção\nPermite a transferência e o retorno da carga do No-Break para um circuito \nalternativo de fornecimento de energia, para atividades de manutenção. \nEm quaisquer situações, o fornecimento de energia é contínuo, sem \ninterrupções.\nBanco de Baterias\nArmazena energia reserva para alimentar o No-Break \ndurante um período predeterminado, denominado como \ntempo de autonomia do No-Break.Retificador\nConverte a energia da\nrede elétrica da concessionária\n ou do grupo gerador em\ncorrente contínua, corrigindo \nou eliminando distúrbios\nda entrada do sistema.\nCorrente alternada de entradaCorrente contínua Corrente alternada de saída\nCorrente alternada Bypass estáticoCorrente alternada Bypass estático\nde manutenção\nInversor\nConverte a corrente contínua do \nretiﬁ  cador ou das baterias em corrente \nalternada de saída, com forma de onda \nsenoidal pura, livre de distúrbios.\nRetificador\nConverte a energia da\nrede elétrica da concessionária\n ou do grupo gerador em\nInversor\nConverte a corrente contínua do \nretiﬁ  cador ou das baterias em corrente \nalternada de saída, com forma de onda', 'ESPECIFICAÇÕES TÉCNICAS \nTecnologia \nn Online -Dupla conversão\nn Forma de Onda: Senoidal pura \nn Retificador - Inversor - Banco de Baterias \nn Bypass Estático \nn Controle Digital Microprocessador DSP\nn Inversor a Módulo IGBT de Alta Frequência\nn Upgrade de firmware\nn Com transformador isolador e blindagem \neletrostática\nEntrada\nn Tensão: \n    •  110 ou 220 V - Bivolt Automático \nn Variação Admissível:\n    • ± 15% da tensão nominal\nn Freqüência: 50 ou 60 Hz                           \nn Variação de Freqüência Admissível:  \n    • 40-70Hz\nn  Configuração:\n• Monofásica: F+N+T\n• Bifásica: F+F+T\nn Fator de Potência:\n   • 0.99*\nSaída\nnTensão: \n• 110 \nn Potências Disponíveis:  \n• 1,25 kVA 0,9 Kw \nn Regulação Estática:   ± 1% \nn Freqüência:   50 ou 60 Hz \nn Variação de Freqüência: \n• 0,5% em modo bateria\nn Configuração:   \n Monofásica f+n+t \nn Forma de Onda:   Senoidal \nn Distorção Harmônica THD:  \n •   Menor igual a 2% para carga linear\n •   Menor igual a 4% para carga não linear\nn Fator de Crista: 3:1 \nn Capacidade de Sobrecarga: 130% durante 30 \nsegundos \nn Rendimento: Até 96% em modo ECOBaterias\nn  Tensão de Linha: 41 VDC ±1% / 54,8 VDC ±1%\nn  Sistema de Recarga:  Controlado,']","A função principal de um retificador na conversão de energia elétrica é converter a energia da rede elétrica da concessionária ou do grupo gerador em corrente contínua, corrigindo ou eliminando distúrbios da entrada do sistema.","A função principal de um retificador na conversão de energia elétrica é converter a energia da rede elétrica em corrente contínua, corrigindo ou eliminando distúrbios da entrada do sistema.",0.9999999999,1.0,0.1999999996,0.5,0.9999999999999996,0.75,1.0,0.9734600025956806,0.8325991189427313,0.9066666666666668,0.0,0.0,1,0,1,1,1
Quais as vantagens dos equipamentos da CM Comandos em termos de precisao e confiabilidade?,"['Inovação, qualidade, tecnologia\ne confiabilidade. Marcas das\nsoluções CM Comandos Lineares\nCom mais de 40 anos de atuação, a CM Comandos é hoje uma das \nmaiores fabricantes de No-Breaks da América Latina. Além disso, é líder\nabsoluta em soluções para o mercado corporativo. Certiﬁ  cada pela norma ISO-900:2015, a CM Comandos \nressalta o seu compromisso com a excelência dos seus produtos e a total satisfação dos seus clientes.A EMPRESA\nOs  No-Breaks  da  CM  Comandos  são  indicados  para aplicações de  \nmissão crítica, nas mais variadas corporações, oferecendo proteção \ncontra distúrbios de energia elétrica, tais como: cortes, micro-cortes, ruídos, distorção harmônica, picos, \ntransientes, sub e sobretensão e variação de frequência.APLICAÇÕES\nOs equipamentos da CM Comandos operam com maior precisão, agre-\ngam maior número de funções e são mais seguros. Características\nque geram alta conﬁ  abilidade e produtividade nas mais variadas aplicações, minimizam falhas e,\nconsequentemente, custos de manutenção. Em resumo, ser um cliente CM Comandos signiﬁ  ca ter o \nretorno do capital investido e garantias que só uma empresa com amplo suporte técnico pode oferecer.BENEFÍCIOS\nAo escolher a marca CM Comandos Lineares você conta com o melhor supor-\nte técnico de pré e pós-venda da empresa que se consolidou ao longo  des-\ntes 40 anos como líder de mercado. Instrumentação de ponta, proﬁ  ssionais\naltamente qualiﬁ  cados, disponibilidade de atendimento 24 horas, sete dias da semana, call \ncenter e processos certiﬁ  cados que asseguram a excelência dos nossos serviços de suporte.SUPORTE\nTÉCNICO', 'OSD  L NI A NM EA OR C EM SCISO\n90012015\nInovação , qualidade , tecnolo gia\ne confiabilidade . Marcas das\nsoluções CM C omandos Linear es\nCom mais de 40 anos de atuação , a CM Comandos é hoje uma das \nmaior es fabricant es de No-Breaks da Amér ica Latina. Além disso , é líder\nabsoluta em soluções para o mercado corporativ o. Certificada pela norma ISO-900:2015, a CM Comandos \nressalta o seu compr omisso com a excelência dos seus produt os e a total satisfação dos seus client es.A EMPRESA\nOs    No-Breaks   da   CM     Comandos  são  indicados   para    aplicações \nde  missã o crítica, nas mais variadas corporações , oferecendo proteção \ncontra distúr bios de ener gia elétr ica, tais como: cortes, micr o-cortes, ruídos , distorção harmônica, picos , \ntransient es, sub e sobr etensão e var iação de fr equência.APLICAÇÕES\nOs equipament os da CM Comandos operam com maior precisão , agre-\ngam maior númer o de funções e são mais segur os. Carac terísticas\nque geram alta confiabilidade e produtividade nas mais variadas aplicações , minimizam falhas e,\nconsequent ement e, cust os de manut enção . Em resumo , ser um client e CM Comandos significa ter o \nretorno do capital investido e garantias que só uma empr esa com amplo supor te técnico pode oferecer .BENEFÍCIOS\nAo escolher a marca CM Comandos Linear es você conta com o melhor supor -\nte técnico de pré e pós- venda da empr esa que se consolidou ao longo  des-\ntes 40 anos como líder de mercado . Instrumentação de ponta, profissionais\naltament e qualificados , disponibilidade de atendiment o 24 horas , sete dias da semana, call \ncent er e processos certificados que asseguram a excelência dos nossos serviços de supor te.SUPORTE\nTÉCNIC O']","Os equipamentos da CM Comandos operam com maior precisão e agregam um maior número de funções, o que resulta em alta confiabilidade e produtividade nas diversas aplicações. Essas características ajudam a minimizar falhas e, consequentemente, reduzem os custos de manutenção. Além disso, a empresa oferece garantias que só um suporte técnico amplo pode proporcionar, assegurando um retorno do capital investido.","Os equipamentos da CM Comandos operam com maior precisão e confiabilidade, minimizando falhas e custos de manutenção.",0.99999999995,1.0,0.9999999900000002,0.6666666666666666,0.8865366688081,1.0,0.57,0.9246388799159906,0.2707317073170732,0.4137931034482758,0.0,0.0,1,0,1,1,1
Quais são os principais softwares de gerenciamento mencionados no texto e quais ambientes e sistemas operacionais eles suportam?,"['000m\nn  Tipo de Ambiente Recomendado:\n    •    Interno, instalação abrigada\n    •    Atmosfera: limpa, livre de partículas conduti -\nvas, gases tóxicos, líquidos e inflamáveis.\nn  Grau de Proteção: IP-20\nInterface de Gerenciamento\nn Mono e multiusuário, cliente-server e multi -\n-server\nn  Vários servidores em um único No-Break\nn  Ferramentas de Shutdown e Gerenciamento\nn  Protocolos:\n    •    Serial RS232\n    •    Serial RS485*  \n    •    SNMP/Telnet/http/TCP/IP*\nn  Softwares de Gerenciamento*\n    •    View Power\n    •    View Power Pro \n    •    SNMP Web Manager \nn  Ambientes e Sistemas Operacionais: \n    •    Windows 8/ 10 / 2010  \n    •    View Power Pro \n    •    Linux*\n(Marcas dos respectivos fabricantes)\n*Opcional\nCM MKT AGO 24 - As especificações estão sujeitas a alterações sem prévio aviso.                   Nós incentivamos a reciclagem.\nAv. Eng. Alberto de Zagottis , 760 - 04675-085 - São Paulo - SP\nTel.:(11) 5696-5000\nwww.cmcomandos.com.brSistema de \nSustentabilidade Auditada  Modelo Peso (com \nbaterias)\nkg Dimensões Físicas \nalt x larg x prof \nmm Potência \nkVA\n1250         1,25         421 x 190 x 318       15,3          \n2000          2,0           421 x 190 x 319       15,3', 'S I S T E M A PA R A L E L O M U LT I AT I V O ( E X C L U S I V O C M C O M A N D O S )\nA CM Comandos Lineares desenvolveu um sistema inovador e pioneiro no mundo de paralelismo entre No Breaks. O sistema Paralelo \nMulti Ativo permite a expansão do sistema, de acordo com sua demanda de consumo, podendo paralelar quantas unidades forem \nnecessárias para atender sua demanda, elevando a capacidade do sistema e a confiabilidade de sua aplicação.\nP O S S I B I L I D A D E D E S O M A T Ó R I A D E  P O T Ê N C I A S\nPermite a ligação para somatória de potência, utilizando dois ou mais No \nBreaks para atingir a demanda da carga total.\nQuando utilizado para somatória de potência, possibilita a ligação de \nNo Breaks com potências diferentes. Quando a ligação for feita com No \nBreaks de potências diferentes, a carga será distribuída \nproporcionalmente. Permite a ligação em paralelo redundante N + 1,  N + 2, N + 3 … N+X,  \npossibilitando o desligamento de uma ou mais unidades mantendo a \ncarga ativa.L I G A Ç Ã O E M P A R A L E L O R E D U N D A N T E\nA comunicação entre os No Breaks consiste no barramento de \ncomunicação comum, por onde transitam informações contendo \nnível de carga, sincronismo e a condição do by pass.C O M U N I C A Ç Ã O E N T R E O S N O B R E A K STodos os No Breaks são autônomos, operam de forma \nindependente no sistema e possuem controle individual.N Ã O E X I S T E N O B R E A K M E S T R E O U E S C R A V OPodem ser paraleladas quantas unidades forem necessárias, \npossibilitando expansão do sistema, de acordo com a demanda de \nconsumo.Q U A N T I D A D E I L I M I T A D A P A R A P A R A L E L I S M O\nM A N U T E N Ç Ã O D O N O B R E A K\nPermite a inserção ou retirada de um No Break no sistema, sem a \nnecessidade de parada.Rede Elétrica\nde Entrada\nSaídaNo Break 1\n Potência de \n30 kVANo Break 2\nPotência de \n10 kVANo Break 3\nPotência de \n20 kVA\nCarga fornecida pelo sistema = 150 kVANo Break 4\nPotência de \n30 kVANo Break 5\nPotência de \n20 kVANo Break 6\nPotência de \n40 kVA\nINTERFACES DE \nGERENCIAMENTO   \nREMOTO\nSão compostas por diversas ferramentas. O \nAdaptador SNMP NetMate permite\ngerenciar remotamente o No Break via a \nInternet através de um web browser,\nmonitorar o status e enviar alertas por e-mail. \nO software IP Power é uma ferramenta de \ngerenciamento  Windows Application e a \nversão Client é específica para  automatizar o \nshutdown de servidores, podendo desligar \nautomática e simultaneamente vários\ns e r v i d o r e s  e  e s t a ç õ e s .\nO Adaptador ArmModbus permite integrar \no  N o  B r e a k ,  v i a  u m a  p o r t a\nRS485, a Sistemas de Automação Predial.']","Os principais softwares de gerenciamento mencionados são:

1. View Power
2. View Power Pro
3. SNMP Web Manager

Esses softwares suportam os seguintes ambientes e sistemas operacionais:

- Windows 8
- Windows 10
- Windows 2010
- Linux (opcional)","Os principais softwares de gerenciamento mencionados no texto são: IP Power, IP Power SE, Adaptador SNMP NetMate e Adaptador ArmModbus RS485. Eles suportam os ambientes e sistemas operacionais Windows 8, Windows 10, e Linux.",0.0,0.5,0.7142857132653061,1.0,0.8690308507820528,1.0,0.5,0.84085647880681,0.5491803278688525,0.619718309859155,0.0,0.0,1,1,1,0,1
"Qual é a importância do fator de potência de 0,7 na configuração do sistema elétrico mencionado?","['ESPECIFICAÇÕES TÉCNICAS \nEntrada\nn Tensão: \n    •  3kVA \n100/110/115/120/127 VAC 120V (standard) ou  \n200/208/220/230/240 VAC 220V (standard) \n    •  6kVA / 10kVA\n 200/208/220/230/240 VAC 220V (standard)\nn Variação Admissível:\n   •   3kVA \n55-150 VAC ou 110-300 VAC @ 50% de Carga\n80-150 VAC ou 160-300 VAC @ 100% de Carga\n   •   6kVA / 10kVA \n110-300 VAC @ 50% de Carga\n176-300 VAC @ 100% de Carga \nn Freqüência: 50/60 Hz                           \nn Variação de Freqüência Admissível:   \n    •    3kVA  \n40-70Hz\n    •    6kVA / 10 kVA \n46-54Hz @50Hz e 56-64Hz @60Hz\nn  Configuração:\nMonofásica \nn Fator de Potência:\n≥ 0.99 Tensão nominal (100% de Carga)\nn Distorção Harmônica THDi:\n    •    3kVA\n ≤ 5% @ Tensão de Entrada nominal\n    •    6kVA / 10kVA\n<4% @100% de Carga, <6% @50% de Carga\nSaída\nnTensão: \n    •   3kVA \n100/110/115/120/127 VAC 115V (standard) ou \n200/208/220/230/240 VAC 220V (standard) \n    •   6kVA / 10kVA \n200/208/220/230/240 VAC 220V (standard) \nn Fator de Potência:  1,0\nn Regulação Estática:   ± 1% nominal modo \nbateria\nn Freqüência:   50 / 60 Hz \nn Variação de Freqüência: \n± 0,1Hz em modo bateria\nn Sincronismo com a Rede:   Sim\nn Configuração:   \n Monofásica f+n+t \nn Forma de Onda:   Onda senoidal pura\nn Distorção Harmônica THD:  \n •   3kVA \n    ≤ 2% carga linear \n    ≤ 4% carga não-linear \n •   6kVA / 10kVA \n    ≤ 1% carga linear \n    ≤ 4% carga não-linearBaterias\nn  Composição:  \n    •    72  VDC - 3,0 kVA \n    •     240 VDC - 6,0 kVA \n    •     240 VDC - 10,0 kVA \nn  Sistema de Recarga: \ncontrolado, automático\nn Tempo de Recarga:  \n8 a 10 horas para 90% da carga\nn Tipo: \nseladas, isentas de manutenção\nn  Paralelismo Redundante (N+1) \n»  Disponível nas potências de 6 e 10kVA\nn By-pass estático (inteligente):  \nO termo inteligente aplica-se, visto que a linha \nComposition XV  possui desligamento da saída da \nchave estática em condições que, a tensão da rede \napresenta variações fora da faixa de trabalho, prote -\ngendo a carga contra sub ou sobre tensão mesmo \nna condição de by-pass estático.', 'ESPECIFICAÇÕES TÉCNICAS \nEntrada\nn Tensão: \n• 380/400/415V\n• 200/208/220V\nn Variação Admissível:\n± 25% da tensão nominal\nn Freqüência: 50/60 Hz                           \nn Variação de Freqüência Admissível:  ± 8%\nnCon/f_i  guração: 3F + N + T\nn Fator de Potência: 0,99\nSaída\nn Tensão: \n• 380/400/415V\n• 200/208/220V\nn Potências Disponíveis:\n• 380/400/415V - 25 e 50 kW Modular\n• 200/208/220V- 30 kW Modular\nnRegulação Estática:  ± 1% nominal \nnFreqüência:  50 / 60 Hz \nnVariação de Freqüência:  0,10%\nnCon/f_i  guração:  3F + N + T \nn  Forma de Onda:  senoidal\nn  Distorção Harmônica THD:  ≤ 1% carga linear \nn Fator de Crista:   3:1 \nn  Capacidade de Sobrecarga: \n• 110% por 1 hora; 125% por 10 minutos; \n• 150% por 1min; 150% por 200 ms.']","O fator de potência de 0,7 não é mencionado nas especificações técnicas fornecidas. No entanto, é importante entender que um fator de potência inferior a 1, como 0,7, indica que uma parte da energia elétrica está sendo desperdiçada, resultando em eficiência reduzida. Em sistemas elétricos, um fator de potência mais alto é desejável, pois significa que a energia está sendo utilizada de forma mais eficaz. Isso pode impactar a capacidade do sistema, a necessidade de dimensionamento de equipamentos e a qualidade da energia fornecida. Portanto, um fator de potência de 0,7 pode levar a penalidades em tarifas de energia e a necessidade de correção para melhorar a eficiência do sistema.","O fator de potência de 0,7 é importante na configuração do sistema elétrico mencionado, pois indica a eficiência com que a energia elétrica é utilizada, afetando a capacidade de carga e a qualidade da energia fornecida.",0.0,0.0,0.0,0.0,0.7975378026919676,0.1,0.84,0.8925803061907733,0.2576419213973799,0.3170731707317073,0.0,0.0,1,0,1,1,1
Quais são as implicações de as especificações estarem sujeitas a alterações em projetos customizados dentro do Sistema de Sustentabilidade Auditada?,"['Av. Eng . Alber to de Zagottis , 760 - 04675-085 -  São P aulo - SP\nTel.: (11) 5696-5000\nwww.cmcomandos .com.brOSD  N LI A NM EO AC R EM SCISO\n90012015\nSistema de \nSustentabilidade A uditado\nMEDIDAS DE PRO TEÇÃO VITAIS P ARA INST ALAÇÕES ELÉTRIC AS HOSPIT ALARES \nO Transf ormador de Separação possui alta isolação galvânica e gera um \ncircuito elétr ico isolado com sist ema de at errament o IT. \nEste cir cuito ex clusiv o  é monit orado pelo DSI.  Na ocor rência de qualquer \nfalha de isolação das car gas sensív eis alimentadas , o DSI imediatament e \naciona um alar me  para  a equipe de manut enção .       Sist ema IT \nSistema IT c om IHM e L ocalizador de F alhas Exemplos de Diagr amas de Aplicações  \n Imagens Ilus trativas\n Imagens Ilus trativas\nCM MK T  JAN 24 - *As especificações  técnicas estão sujeitas a alterações sem aviso pr évio e conf orme necessidades de pr ojetos customizados .                 Nós incentivamos a r eciclagem.', 'CM COMANDOS LINEARES\nOSDN LI A NM EO AC REM SCISO\n9001\n2015\nSistema de \nSustentabilidade AuditadaAv. Eng. Alberto de Zagottis, 760 - 04675-085 - São Paulo - SP\nTel.: (11) 5696-5000 - Fax: (11) 5696-5055\nwww.cmcomandos.com.brOSD L NI A NM EA OR CEM SCISO\n9001\n2015']","As especificações estarem sujeitas a alterações em projetos customizados dentro do Sistema de Sustentabilidade Auditada indicam que os detalhes técnicos podem ser ajustados conforme as necessidades específicas de cada projeto. Isso permite flexibilidade e adaptação às exigências dos clientes ou às condições do ambiente, mas também implica que os usuários devem estar cientes de que as informações podem mudar e que é importante verificar as especificações atualizadas antes da implementação. Além disso, essa prática pode garantir que as soluções oferecidas sejam sempre as mais adequadas e eficientes para cada situação particular.",As implicações de as especificações estarem sujeitas a alterações em projetos customizados dentro do Sistema de Sustentabilidade Auditada incluem a necessidade de adaptação contínua e a possibilidade de ajustes nos processos e requisitos dos projetos.,0.9999999999,0.0,0.0,0.0,0.0,0.5,0.67,0.8874023516460345,0.3107255520504731,0.3150684931506849,0.0,0.0,1,1,1,1,1
Quais são as consequências de não respeitar as condições de temperatura ambiente para a utilização das baterias?,"['Banco de Baterias  \n \n \n \nCuidados com as Baterias  \n \nAs baterias são componentes eletroquímicos e a sua utilização \ndeve ser realizada exclusivamente por técnicos treinados e habilitados.  \nA armazenagem e utilização deve respeitar as condições de \ntemperatur a ambiente, nunca superior a 30° C, sob pena de reduzir as \nsuas características eletroquímicas e consequentemente, a sua vida \nútil. \nAlém disso, possuem em seu interior, componentes químicos \nque podem contaminar o meio ambiente e causar danos à saúde \nhumana.  \nPor este motivo, jamais devem ser abertas e suas partes \ninternas desmontadas.   \nAo término da sua vida útil, após a sua reposição, deve ser realizado o \ndescarte apropriado, enviado o produt o à reciclagem adequada.  \nInforme -se sobre postos de coleta e descarte de baterias na sua \nregião ou se preferir, entre em contato com a nossa Assistência \nTécnica.', 'Equaliz erActive Batt ery Mangement\nBENEFÍCIOS\nEstende a vida útil das baterias\nO sistema de Equalização Ativa mantém as baterias em condições \nideais, maximizando a sua vida útil. Reduz a necessidade de troca das \nbaterias e reduz o custo.\nRedução de Custo de Propriedade\nProlonga a vida útil das baterias, reduz o período de trocas e \nautomatiza a manutenção, reduzindo enormes custos com \nintervenções manuais.\nEcológico e Sustentável\nNa era da sustentabilidade, reduzir o consumo de baterias significa \nusar menos recursos e gerar menos descartes no meio ambiente.Análise da Vida Útil da Bateria\nAnalisa a curva de carga e descarga de um banco de baterias e \nacompanhe a evolução da vida útil, algo que é impraticável fazer \nmanualmente.Minimiza o Downtime por falha da bateria\nO prejuízo decorrente de uma queda do sistema por falha de bateria \ngera um valor incalculável para a sua operação.CARACTERÍSTICAS  \nPRINCIPAIS\nEqualização Ativa Individual do Banco de Baterias\nEleva a vida útil e a confiabilidade das baterias. \nPermite que as baterias atinjam a máxima vida útil de operação.\nAutomatização da Manutenção das Baterias\nO sistema mantém as baterias em condições ideais automaticamente. \nA análise e o diagnóstico são realizados à distância, individualmente e \nsem precisar desligar o sistema.\nMonitoramento em Tempo Real das Baterias\nMonitora a condição das baterias em tempo real à distância,  de \nforma eficiente e reduzindo o elevado custo com intervenções \nmanuais.Medição da Impedância da Bateria\nA Impedância interna é o parâmetro real da condição da bateria. \nAlém disso, mede a tensão e temperatura individual de cada bateria e \ngrava na memória.Previne contra quedas do sistema por defeito nas baterias\nO sistema monitora constantemente as baterias individualmente e \nenvia alarmes antes de ocorrer um problema.\nCONFIGURAÇÃO DO BANCO DE BATERIAS\nAPLICAÇÕES\nn   \nn   \n Banc os de Ba terias:\n• Sist emas No -Breaks\n• Retificador es de Telecomunicações\n• Ener gia Solar e Eólica\n• Compatív el com t odas as mar cas \nde equipament os, independent e \ndo fabr icant e.\nTipos :\n• Seladas Reguladas por Válvula VRLA\n• Estacionár ias\n• 12VDC e 2VDC']","Não respeitar as condições de temperatura ambiente para a utilização das baterias pode resultar na redução das características eletroquímicas das baterias, o que, por sua vez, compromete a sua vida útil.","As consequências de não respeitar as condições de temperatura ambiente para a utilização das baterias incluem a redução das características eletroquímicas e, consequentemente, a diminuição da sua vida útil.",0.9999999999,1.0,0.0,0.0,0.931191342701448,1.0,1.0,0.9371489437201816,0.6553398058252426,0.7027027027027027,0.0,0.0,0,0,1,1,1
Quais são os principais aspectos a serem considerados na configuração do banco de baterias?,"['Banco de Baterias  \n \n \n \nCuidados com as Baterias  \n \nAs baterias são componentes eletroquímicos e a sua utilização \ndeve ser realizada exclusivamente por técnicos treinados e habilitados.  \nA armazenagem e utilização deve respeitar as condições de \ntemperatur a ambiente, nunca superior a 30° C, sob pena de reduzir as \nsuas características eletroquímicas e consequentemente, a sua vida \nútil. \nAlém disso, possuem em seu interior, componentes químicos \nque podem contaminar o meio ambiente e causar danos à saúde \nhumana.  \nPor este motivo, jamais devem ser abertas e suas partes \ninternas desmontadas.   \nAo término da sua vida útil, após a sua reposição, deve ser realizado o \ndescarte apropriado, enviado o produt o à reciclagem adequada.  \nInforme -se sobre postos de coleta e descarte de baterias na sua \nregião ou se preferir, entre em contato com a nossa Assistência \nTécnica.', 'Equaliz erActive Batt ery Mangement\nBENEFÍCIOS\nEstende a vida útil das baterias\nO sistema de Equalização Ativa mantém as baterias em condições \nideais, maximizando a sua vida útil. Reduz a necessidade de troca das \nbaterias e reduz o custo.\nRedução de Custo de Propriedade\nProlonga a vida útil das baterias, reduz o período de trocas e \nautomatiza a manutenção, reduzindo enormes custos com \nintervenções manuais.\nEcológico e Sustentável\nNa era da sustentabilidade, reduzir o consumo de baterias significa \nusar menos recursos e gerar menos descartes no meio ambiente.Análise da Vida Útil da Bateria\nAnalisa a curva de carga e descarga de um banco de baterias e \nacompanhe a evolução da vida útil, algo que é impraticável fazer \nmanualmente.Minimiza o Downtime por falha da bateria\nO prejuízo decorrente de uma queda do sistema por falha de bateria \ngera um valor incalculável para a sua operação.CARACTERÍSTICAS  \nPRINCIPAIS\nEqualização Ativa Individual do Banco de Baterias\nEleva a vida útil e a confiabilidade das baterias. \nPermite que as baterias atinjam a máxima vida útil de operação.\nAutomatização da Manutenção das Baterias\nO sistema mantém as baterias em condições ideais automaticamente. \nA análise e o diagnóstico são realizados à distância, individualmente e \nsem precisar desligar o sistema.\nMonitoramento em Tempo Real das Baterias\nMonitora a condição das baterias em tempo real à distância,  de \nforma eficiente e reduzindo o elevado custo com intervenções \nmanuais.Medição da Impedância da Bateria\nA Impedância interna é o parâmetro real da condição da bateria. \nAlém disso, mede a tensão e temperatura individual de cada bateria e \ngrava na memória.Previne contra quedas do sistema por defeito nas baterias\nO sistema monitora constantemente as baterias individualmente e \nenvia alarmes antes de ocorrer um problema.\nCONFIGURAÇÃO DO BANCO DE BATERIAS\nAPLICAÇÕES\nn   \nn   \n Banc os de Ba terias:\n• Sist emas No -Breaks\n• Retificador es de Telecomunicações\n• Ener gia Solar e Eólica\n• Compatív el com t odas as mar cas \nde equipament os, independent e \ndo fabr icant e.\nTipos :\n• Seladas Reguladas por Válvula VRLA\n• Estacionár ias\n• 12VDC e 2VDC']","Na configuração do banco de baterias, é importante considerar os seguintes aspectos:

1. **Tipo de Baterias**: Escolher entre baterias seladas reguladas por válvula (VRLA), estacionárias, e as tensões adequadas, como 12VDC e 2VDC.

2. **Aplicações**: Definir o uso do banco de baterias, que pode incluir sistemas no-break, retificadores de telecomunicações, e aplicações em energia solar e eólica.

3. **Compatibilidade**: Garantir que o sistema seja compatível com todas as marcas de equipamentos, independentemente do fabricante.

4. **Manutenção e Monitoramento**: Implementar um sistema que permita a automação da manutenção e o monitoramento em tempo real das condições das baterias, para maximizar a vida útil e prevenir falhas.

5. **Condições Ambientais**: Respeitar as condições de temperatura ambiente, que não devem ultrapassar 30°C, para preservar as características eletroquímicas das baterias.

Esses aspectos são fundamentais para garantir a eficiência e a durabilidade do banco de baterias.","Os principais aspectos a serem considerados na configuração do banco de baterias incluem a capacidade, a tensão, a química das baterias, o balanceamento, a segurança e a manutenção.",0.49999999995,0.0,0.0,0.0,0.9763836430371642,0.6923076923076923,0.36,0.8119853794708078,0.1510934393638171,0.1743589743589743,0.0,0.0,0,1,1,1,1
Quais são as consequências de uma sobrecarga em sistemas de proteção elétrica?,"['ESPECIFICAÇÕES TÉCNICAS \nEntrada\nn Tensão: \n    •  3kVA \n100/110/115/120/127 VAC 120V (standard) ou  \n200/208/220/230/240 VAC 220V (standard) \n    •  6kVA / 10kVA\n 200/208/220/230/240 VAC 220V (standard)\nn Variação Admissível:\n   •   3kVA \n55-150 VAC ou 110-300 VAC @ 50% de Carga\n80-150 VAC ou 160-300 VAC @ 100% de Carga\n   •   6kVA / 10kVA \n110-300 VAC @ 50% de Carga\n176-300 VAC @ 100% de Carga \nn Freqüência: 50/60 Hz                           \nn Variação de Freqüência Admissível:   \n    •    3kVA  \n40-70Hz\n    •    6kVA / 10 kVA \n46-54Hz @50Hz e 56-64Hz @60Hz\nn  Configuração:\nMonofásica \nn Fator de Potência:\n≥ 0.99 Tensão nominal (100% de Carga)\nn Distorção Harmônica THDi:\n    •    3kVA\n ≤ 5% @ Tensão de Entrada nominal\n    •    6kVA / 10kVA\n<4% @100% de Carga, <6% @50% de Carga\nSaída\nnTensão: \n    •   3kVA \n100/110/115/120/127 VAC 115V (standard) ou \n200/208/220/230/240 VAC 220V (standard) \n    •   6kVA / 10kVA \n200/208/220/230/240 VAC 220V (standard) \nn Fator de Potência:  1,0\nn Regulação Estática:   ± 1% nominal modo \nbateria\nn Freqüência:   50 / 60 Hz \nn Variação de Freqüência: \n± 0,1Hz em modo bateria\nn Sincronismo com a Rede:   Sim\nn Configuração:   \n Monofásica f+n+t \nn Forma de Onda:   Onda senoidal pura\nn Distorção Harmônica THD:  \n •   3kVA \n    ≤ 2% carga linear \n    ≤ 4% carga não-linear \n •   6kVA / 10kVA \n    ≤ 1% carga linear \n    ≤ 4% carga não-linearBaterias\nn  Composição:  \n    •    72  VDC - 3,0 kVA \n    •     240 VDC - 6,0 kVA \n    •     240 VDC - 10,0 kVA \nn  Sistema de Recarga: \ncontrolado, automático\nn Tempo de Recarga:  \n8 a 10 horas para 90% da carga\nn Tipo: \nseladas, isentas de manutenção\nn  Paralelismo Redundante (N+1) \n»  Disponível nas potências de 6 e 10kVA\nn By-pass estático (inteligente):  \nO termo inteligente aplica-se, visto que a linha \nComposition XV  possui desligamento da saída da \nchave estática em condições que, a tensão da rede \napresenta variações fora da faixa de trabalho, prote -\ngendo a carga contra sub ou sobre tensão mesmo \nna condição de by-pass estático.', 'Medidas de P roteção \nVitais para I nstalações \nElétr icas Hospitalar es\nFUNCIONAMENTO Sistema de Aterrament o IT Médico \nO Sistema IT Médico é um sistema de super visão de falhas de isolação nas instalações elétr icas aplicado em \nconfiguração de aterrament o tipo IT, conf orme previsão da norma NBR 13534:2008 da Anvisa. \nEsta norma visa garantir a manut enção dos equipament os de sustentação à vida, mesmo em caso de \nprimeira falha de isolação elétr ica nos Estabeleciment os Assistenciais a Saúde (EAS). \nA utilização desta proteção é compulsór ia nos ambient es hospitalar es do Grupo 2, nos quais se enquadram \nas Salas Cirúr gicas, UTIs , UTIs Neonatais e Salas de Hemodinâmica. \nA utilização do Sistema IT Médico aumenta a segurança \npara o pacient e e para o corpo clínico ,  pois a interrupção \nno forneciment o de ener gia elétr ica em caso de uma falta é evitada, pois mesmo em um caso de curto- \ncircuito fase t erra, por ex emplo , um equipament o eletr omédico pode ser usado para auxiliar ou substituir , \ntemporar iament e ou permanent ement e  funções vitais de um pacient e. \nAlém disso , ocor re uma redução nas correntes de fuga circulando pelo condut or de proteção , o que diminui \na tensão de contat o e consequent ement e a intensidade de um choque elétr ico acidental .\nO Sistema possui Dispositiv o Super visor de Isolament o (DSI), Dispositiv o Super visor de Temperatura (DST ) e \nDispositiv o Super visor de Corrente (DSC ) que mede a resist ência entre os condut ores de alimentação e o \ncondut or de proteção , sinalizando sonora e visualment e quando essa resist ência decr esce para 50 KΩ. \nCOMPOSIÇ ÃO BÁSIC A  Quadr o de Ener gia Elétrica  - Sistema IT Médico \nO sistema é compost o por: \n• Transf ormador de Separação \n• Dispositiv o Super visor de Isolament o (DSI) \n  Super visor de Temperatura (DST )\n  Super visor de Corrente (DSC ) \n• Dispositiv o Anunciador \n• Montagem em Rack\nOpcionais: \n• Gerador de Sinal BT-4000\n• Localizador Individual de Falha BT-0074/ BT 0078\n• Interface Homem-M áquina (IHM)']","As consequências de uma sobrecarga em sistemas de proteção elétrica podem incluir a interrupção do fornecimento de energia elétrica, o que pode afetar o funcionamento de equipamentos essenciais, especialmente em ambientes críticos como hospitais. Além disso, uma sobrecarga pode levar ao aumento da temperatura nos condutores, resultando em danos aos equipamentos e riscos de incêndio. Em sistemas projetados para garantir a segurança, como o Sistema IT Médico, a proteção contra sobrecargas é crucial para manter a operação contínua e segura dos dispositivos médicos, evitando falhas que poderiam comprometer a vida dos pacientes.","As consequências de uma sobrecarga em sistemas de proteção elétrica podem incluir danos aos equipamentos, falhas no sistema e riscos de incêndio.",0.0,0.0,0.0,0.0,0.9999999999999992,0.2222222222222222,0.0,0.8417466074236537,0.2218700475435816,0.3511450381679388,0.0,0.0,1,0,1,1,1
Qual a importância da calça azul no uniforme da equipe?,"['Vantagens do C ontrat o de M anut enção \nAtravés do contrat o de manut enção , técnicos e gest ores de manut enção podem r eduzir a deg radação dos seus equipament os, prolongando \no tempo de vida útil e evitando int ervenções cor retivas , que geram cust os elevados e t êm impac tos negativ os.\nn   Supor te técnico por t elefone, durant e 24hs/dia\nn   Minimizar os r iscos e pr ejuíz os de t er um equipament o parado\nn   Prioridade no at endiment o no caso de uma parada \nn Redução da necessidade de manut enção cor retivas em at é 80% e \nconsequent e  redução de cust os\nn  Serviços de cor retivas , quando  inclusos no contrat o \nn Redução de cust o: equipament os com manut enção pr eventiva \nadequada sofr em menos desgast es e, por tanto \ntem sua vida útil ampliada. \nAv. Eng . Alber to de Zagottis , 760 - 04675-085 -  São P aulo - SP\nTel.: (11) 5696-5033 \nwww.cmcomandos .com.br\nSistema de \nSustentabilidade A uditadoIdentifique Nossa E quipe \nUniforme P adrão \nCamisa azul   Calça azul   Crachá  \nPedro\nSuporte Técnico0000000000001Nome:\nRG:\nSetor:João P edro \nMatrícula:\n1111 25.613.810-2\nAssistência Técnica\n1.Uso... \nJOÃO PEDRO \nSuporte Técnico Supor te Técnico\nCall C enter int egrado ao sist ema de gestão ERP\nTécnicos Treinados e Qualificados\nEquipados com I nstrumentação de P onta\nAnalisador de Har mônicos\nAtendiment o 24 horas - 7 dias da semana via C ontrat os\nde M anut enção P reditiva, P reventiva e C orretiva\n  Supor te Pleno de P ré e P ós-V enda\nAmpla cober tura em t odo o paísn   \nn  \nn  \nn  \nn  \nn\nn  \nCM MK T SET 2021  -   As especificações estão sujeitas a alterações sem pr évio aviso . Nós incentivamos a r eciclagem\nAtendiment o em t odo\n o Território Nacional\ncom filiais e r epresentant es nas pr incipais \ncidades e capitais , otimizando o t empo , \ncusto e buscando a ex celência\n na pr estação de ser viços\nEscaneie e saiba mais sobr e o\n contrat o de manut enção \nOSD  N LI A NM EO AC R EMSCISO\n90012015 OSD  N LI A NM EO AC R EMSC', 'Medidas de P roteção \nVitais para I nstalações \nElétr icas Hospitalar es\nFUNCIONAMENTO Sistema de Aterrament o IT Médico \nO Sistema IT Médico é um sistema de super visão de falhas de isolação nas instalações elétr icas aplicado em \nconfiguração de aterrament o tipo IT, conf orme previsão da norma NBR 13534:2008 da Anvisa. \nEsta norma visa garantir a manut enção dos equipament os de sustentação à vida, mesmo em caso de \nprimeira falha de isolação elétr ica nos Estabeleciment os Assistenciais a Saúde (EAS). \nA utilização desta proteção é compulsór ia nos ambient es hospitalar es do Grupo 2, nos quais se enquadram \nas Salas Cirúr gicas, UTIs , UTIs Neonatais e Salas de Hemodinâmica. \nA utilização do Sistema IT Médico aumenta a segurança \npara o pacient e e para o corpo clínico ,  pois a interrupção \nno forneciment o de ener gia elétr ica em caso de uma falta é evitada, pois mesmo em um caso de curto- \ncircuito fase t erra, por ex emplo , um equipament o eletr omédico pode ser usado para auxiliar ou substituir , \ntemporar iament e ou permanent ement e  funções vitais de um pacient e. \nAlém disso , ocor re uma redução nas correntes de fuga circulando pelo condut or de proteção , o que diminui \na tensão de contat o e consequent ement e a intensidade de um choque elétr ico acidental .\nO Sistema possui Dispositiv o Super visor de Isolament o (DSI), Dispositiv o Super visor de Temperatura (DST ) e \nDispositiv o Super visor de Corrente (DSC ) que mede a resist ência entre os condut ores de alimentação e o \ncondut or de proteção , sinalizando sonora e visualment e quando essa resist ência decr esce para 50 KΩ. \nCOMPOSIÇ ÃO BÁSIC A  Quadr o de Ener gia Elétrica  - Sistema IT Médico \nO sistema é compost o por: \n• Transf ormador de Separação \n• Dispositiv o Super visor de Isolament o (DSI) \n  Super visor de Temperatura (DST )\n  Super visor de Corrente (DSC ) \n• Dispositiv o Anunciador \n• Montagem em Rack\nOpcionais: \n• Gerador de Sinal BT-4000\n• Localizador Individual de Falha BT-0074/ BT 0078\n• Interface Homem-M áquina (IHM)']","A calça azul no uniforme da equipe é parte do padrão de vestimenta que contribui para a identificação e profissionalismo dos membros da equipe, além de promover uma imagem coesa e organizada.","A calça azul é parte do uniforme padrão da equipe, que inclui também a camisa azul e o crachá, indicando a identidade e a organização da equipe.",0.9999999999,1.0,0.0,0.0,0.99615361508872,0.2,0.4,0.884635979712397,0.3874345549738219,0.4307692307692308,0.0,0.0,0,0,1,1,1
características aplicações sistemas elétricos 30 kV ANo,"['Possui isolação galvânica reforçada, blindagem eletrostática \nentre enrolamentos primário e secundár io, conectados a um \nterminal própr io e com caracter ísticas elétricas e mecânicas que \ngarantem sua qualidade e confiabilidade.\nPossui sensores de temperatura do tipo PT-100 os quais são \nconectados ao módulo DST para super visão de temperatura.\nO transformador garante a confiabilidade das condições do \nisolamento do circuito elétrico sendo imprescindível para a \nsegurança nas aplicações cirúrgicas.\n       5,0 - 7,5   1135 X 456 X 466    130\n     7,5 - 7,5      1135 X 456 X 466    150\n     7,5 -10,0     1135 X 456 X 466        170Potência\nkVAPeso \nkgDimensões Físicas\nalt x lar g x prof \nmm\n  10,0 -10,0    1135 X 456 X 466       190\n      3,0 - 3,0   900 X 440 X 400     105\n     3,0 - 5,0    900 X 440 X 400     105\n     5,0 - 5,0    900 X 440 X 400         105Potência\nkVAPeso \nkgDimensões Físicas\nalt x lar g x prof \nmmGabinete duplo Gabinete duplo intermediário\n• Nor mas: 61557-8, IEC EN 64-8/7 - 710 and UNE 20615.\n*', 'Classe de Isolação:  \nF (150°C )\n Elev ação de Temper atur a:\nF (80°C )\nRuído audív el:\n    40 dB @ 1 metr o\nFreqüência :  \n60 H z  (Standar d)  \n50 H z  (Opcional)\nPotência Monofásica\nAté 10,0 kV A \nTensão P rimária\nAté 1000 VTRANSFORMADOR DE SEP ARAÇÃO CARACTERÍSTIC AS TÉCNIC AS \nO transf ormador de Separação é fabr icado de acor do com as nor mas \nIEC 61558-2-15 e NBR 13534.\nDISPOSITIV O SUPER VISOR DE ISOLAMENT O (DSI)  O DSI é o módulo de comando central do sist ema e r ealiza o monit orament o continuo do isolament o da r ede elétr ica ex clusiva, atra vés da injeção \nde sinais entr e a linha de alimentação do dispositiv o e o at errament o. \nO sinal injetado é compost o por component es ôhmicos adequados para um nív el máximo de dispersão t otal,  estabelecidos pela nor ma. \nCaso ocor ram nív eis maior es do que o nor mal,  o dispositiv o de super visão imediatament e atua, emitindo um sinal de alar me, para a int ervenção \ndas equipes de manut enção . \nO módulo DSI possui um micr oprocessador int erno, comunicação M odbus via RS485 e é pr ojetado dentr o dos cr itérios tecnológ icos mais \navançados ,  sendo pr eciso , segur o e confiá vel, carac terísticas exig idas pelas  aplicações médico -hospitalar es.']","As características dos sistemas elétricos até 30 kVA incluem a presença de isolamento galvânico reforçado, blindagem eletrostática entre os enrolamentos primário e secundário, e sensores de temperatura do tipo PT-100 para supervisão de temperatura. Esses sistemas são projetados para garantir a confiabilidade do isolamento do circuito elétrico, sendo essenciais para a segurança em aplicações cirúrgicas. Além disso, os transformadores utilizados são fabricados de acordo com normas específicas, como IEC 61558-2-15 e NBR 13534, e possuem um dispositivo de supervisão de isolamento que monitora continuamente a rede elétrica, emitindo alarmes em caso de anomalias.",As características e aplicações de sistemas elétricos de 30 kV ANo incluem a capacidade de operar com potência de 30 kV.,0.0,0.0,0.0,0.0,0.7289912829596105,1.0,0.0,0.6768053857005141,0.1488721804511278,0.1714285714285714,0.0,0.0,1,1,1,1,1
Quais são as implicações de uma Falha Interna em um sistema?,"['Medidas de P roteção \nVitais para I nstalações \nElétr icas Hospitalar es\nFUNCIONAMENTO Sistema de Aterrament o IT Médico \nO Sistema IT Médico é um sistema de super visão de falhas de isolação nas instalações elétr icas aplicado em \nconfiguração de aterrament o tipo IT, conf orme previsão da norma NBR 13534:2008 da Anvisa. \nEsta norma visa garantir a manut enção dos equipament os de sustentação à vida, mesmo em caso de \nprimeira falha de isolação elétr ica nos Estabeleciment os Assistenciais a Saúde (EAS). \nA utilização desta proteção é compulsór ia nos ambient es hospitalar es do Grupo 2, nos quais se enquadram \nas Salas Cirúr gicas, UTIs , UTIs Neonatais e Salas de Hemodinâmica. \nA utilização do Sistema IT Médico aumenta a segurança \npara o pacient e e para o corpo clínico ,  pois a interrupção \nno forneciment o de ener gia elétr ica em caso de uma falta é evitada, pois mesmo em um caso de curto- \ncircuito fase t erra, por ex emplo , um equipament o eletr omédico pode ser usado para auxiliar ou substituir , \ntemporar iament e ou permanent ement e  funções vitais de um pacient e. \nAlém disso , ocor re uma redução nas correntes de fuga circulando pelo condut or de proteção , o que diminui \na tensão de contat o e consequent ement e a intensidade de um choque elétr ico acidental .\nO Sistema possui Dispositiv o Super visor de Isolament o (DSI), Dispositiv o Super visor de Temperatura (DST ) e \nDispositiv o Super visor de Corrente (DSC ) que mede a resist ência entre os condut ores de alimentação e o \ncondut or de proteção , sinalizando sonora e visualment e quando essa resist ência decr esce para 50 KΩ. \nCOMPOSIÇ ÃO BÁSIC A  Quadr o de Ener gia Elétrica  - Sistema IT Médico \nO sistema é compost o por: \n• Transf ormador de Separação \n• Dispositiv o Super visor de Isolament o (DSI) \n  Super visor de Temperatura (DST )\n  Super visor de Corrente (DSC ) \n• Dispositiv o Anunciador \n• Montagem em Rack\nOpcionais: \n• Gerador de Sinal BT-4000\n• Localizador Individual de Falha BT-0074/ BT 0078\n• Interface Homem-M áquina (IHM)', 'S I S T E M A PA R A L E L O M U LT I AT I V O ( E X C L U S I V O C M C O M A N D O S )\nA CM Comandos Lineares desenvolveu um sistema inovador e pioneiro no mundo de paralelismo entre No Breaks. O sistema Paralelo \nMulti Ativo permite a expansão do sistema, de acordo com sua demanda de consumo, podendo paralelar quantas unidades forem \nnecessárias para atender sua demanda, elevando a capacidade do sistema e a confiabilidade de sua aplicação.\nP O S S I B I L I D A D E D E S O M A T Ó R I A D E  P O T Ê N C I A S\nPermite a ligação para somatória de potência, utilizando dois ou mais No \nBreaks para atingir a demanda da carga total.\nQuando utilizado para somatória de potência, possibilita a ligação de \nNo Breaks com potências diferentes. Quando a ligação for feita com No \nBreaks de potências diferentes, a carga será distribuída \nproporcionalmente. Permite a ligação em paralelo redundante N + 1,  N + 2, N + 3 … N+X,  \npossibilitando o desligamento de uma ou mais unidades mantendo a \ncarga ativa.L I G A Ç Ã O E M P A R A L E L O R E D U N D A N T E\nA comunicação entre os No Breaks consiste no barramento de \ncomunicação comum, por onde transitam informações contendo \nnível de carga, sincronismo e a condição do by pass.C O M U N I C A Ç Ã O E N T R E O S N O B R E A K STodos os No Breaks são autônomos, operam de forma \nindependente no sistema e possuem controle individual.N Ã O E X I S T E N O B R E A K M E S T R E O U E S C R A V OPodem ser paraleladas quantas unidades forem necessárias, \npossibilitando expansão do sistema, de acordo com a demanda de \nconsumo.Q U A N T I D A D E I L I M I T A D A P A R A P A R A L E L I S M O\nM A N U T E N Ç Ã O D O N O B R E A K\nPermite a inserção ou retirada de um No Break no sistema, sem a \nnecessidade de parada.Rede Elétrica\nde Entrada\nSaídaNo Break 1\n Potência de \n30 kVANo Break 2\nPotência de \n10 kVANo Break 3\nPotência de \n20 kVA\nCarga fornecida pelo sistema = 150 kVANo Break 4\nPotência de \n30 kVANo Break 5\nPotência de \n20 kVANo Break 6\nPotência de \n40 kVA\nINTERFACES DE \nGERENCIAMENTO   \nREMOTO\nSão compostas por diversas ferramentas. O \nAdaptador SNMP NetMate permite\ngerenciar remotamente o No Break via a \nInternet através de um web browser,\nmonitorar o status e enviar alertas por e-mail. \nO software IP Power é uma ferramenta de \ngerenciamento  Windows Application e a \nversão Client é específica para  automatizar o \nshutdown de servidores, podendo desligar \nautomática e simultaneamente vários\ns e r v i d o r e s  e  e s t a ç õ e s .\nO Adaptador ArmModbus permite integrar \no  N o  B r e a k ,  v i a  u m a  p o r t a\nRS485, a Sistemas de Automação Predial.']","As implicações de uma falha interna em um sistema podem incluir a interrupção do fornecimento de energia elétrica, o que pode comprometer o funcionamento de equipamentos essenciais, especialmente em ambientes críticos como hospitais. Isso pode resultar em riscos à segurança do paciente e à eficácia do atendimento médico, uma vez que equipamentos de suporte à vida podem ser afetados. Além disso, a falha pode gerar correntes de fuga que aumentam a tensão de contato, elevando o risco de choques elétricos acidentais. A implementação de sistemas de supervisão e proteção, como os mencionados, é crucial para mitigar esses riscos e garantir a continuidade das operações.","As implicações de uma Falha Interna em um sistema podem incluir interrupções nos serviços, perda de dados e a necessidade de diagnósticos e correções, afetando a operação e a confiabilidade do sistema.",0.9999999999,0.0,0.0,0.0,0.9823143111164592,1.0,0.0,0.7637051104385902,0.253731343283582,0.2763157894736842,0.0,0.0,1,1,1,1,1
Quais são as principais características de proteção do Estabilizador Eletrônico Perfection MI S2?,"['monobloco\n   \n    •Painel F rontal: em ABS de alta r esistência\n  \n    • A cabamento: pintura epó xi-pó na cor g rafite\n       com tratamento tér mico e anti- corrosivo\nTransf ormador Isolador : com blindagem\n    eletr ostátican  \nn  \nn   Alarmes\nContr olados pelo pr ocessador DSP\nTipos de Alarmes:\n   \n    •Sonor os: \n       »  A utocheck I nicialização\n       »  Tensão da Rede F ora da F aixa\n       »  Sobr ecar ga de Saída\n       »  F alha I nterna do Estabilizador\n       »  F reqüência da Rede F ora de F aixa\n   \n     •Sinalização: L eds de Status do P ainel\n       »  Rede Nor mal\n       »  Saída Nor mal\n       »  F alhan   \nn   Características de Oper ação\nRuído A udív el: 55 dBA a 60 dBA a 1 metr o\n MTBF (M ean Time Bet ween F ailur es): 50 mil horas\nMTTR (M ean Time To Repair): 30 minutos\nTemperatura Ambiente: \n   \n•Mínimo: 0ºC / M áximo 40ºC\n   \n    •Recomendada: 20ºC a 25ºC\nUmidade Relativa:\n   \n    •0% a 95% sem condensação\n   \n    •Recomendada: 45% a 55%\nAltitude: até 1.800m\n Tipo de Ambiente Recomendado:\n   \n    •Interno, instalação abr igada\n   \n    •Atmosf era: limpa, livr e de par tículas condutivas , \n      gases tó xicos , líquidos e inflamáv eis.\nGrau de P roteção: IP -20n   \nn  \nn   \nn   \n   \nn   \nn    \nn  \nn    \n   2000    2,0       620 X 200 X 600        41  \n   3000    3,0       620 X 200 X 600        43\n   5000    5,0       620 X 200 X 600           47\n   7500    7,5       620 X 200 X 600           61\n 10000  10,0       790 X 400 X 775        119\n 15000  15,0       790 X 400 X 775        147Modelo Potência \nkVADimensões Físicas\nalt x lar g x prof \nmmPeso \nkg\n* Opcional\nCM.MK T MAR 22  -   As especificações estão sujeitas a alterações sem pr évio aviso . Nós incentivamos a r eciclagem\nCertificação de \nSustentabilidade A uditadaESPECIFIC AÇÕES  TÉCNIC ASOs Estabilizador es de Tensão M icroprocessados P erfection MI S2 possuem uma tecnolog ia inédita de duplos con versor es estáticos com módulos IGBT s, de última geração . \nTotalmente contr olado por micr oprocessador DSP – Dig ital Sig nal P rocessor , o estabilizador cor rige instantaneamente qualquer var iação de tensão da r ede elétr ica da \nconcessionár ia, além de atenuar distor ção har mônica, var iações de fr equência e distúr bios elétr icos, gerando uma f orma de onda senoidal pura, e f ornecendo uma linha \nestabilizada ex clusiva e isolada para as aplicações sensív eis.\nA tecnolog ia DSP r ealiza medições em True RMS g raças à amostragem dig ital, sem r etardos ou desvios , com alta v elocidade e confiabilidade . Isso sig nifica que podemos \nproduzir sistemas cada v ez menor es e capaz es de r ealizar mais funções , com elevada confiabilidade .', 'Perfection S erie Premium Estabilizador a IGBT s  com  Sist ema B ypass A utomático\nCOMO FUNCIONA ?\nCARACTERÍSTICAS  PRINCIPAIS\nAlta Tecnologia DSP - Digital Signal Processor\nPermite funções avançadas e exclusivas em Real Time.\nQualquer variação é instantaneamente detectada e corrigida, sem \natrasos.\nSistema de Proteção de Sub e Sobretensão\nO DSP supervisiona e desliga automaticamente a saída em caso de \ndetecção de sub ou sobretensão. Rearma automaticamente quando \nretornar à condição normal.Medidores Digitais e em True RMS\nCom plena utilização dos recursos do processador DSP,  realizam \nmedições digitais com a precisão de multímetros.Processo de Regulação por Conversor a IGBTs\nProvê regulação estática de saída de ±1%, sem degraus de tensão, \ncom baixa impedância e alto rendimento elétrico, ou seja, é um \nestabilizador ideal com performance e precisão absolutas.Registro de Eventos Log\nO DSP registra permanentemente na memória não volátil E2PROM, \nos últimos 25.500 registros, possibilitando rastreabilidade total dos \neventos ocorridos no sistema.\nAlta Performance e Velocidade de Resposta\nCom  velocidade de correção inferior a 4 milissegundos, possui \nexcelente performance para cargas com altos picos de corrente.Sistema Bypass Automático\nSistema de proteção que, em caso de problemas, transfere \nautomaticamente a carga para um circuito alternativo, sem interrupção \nno fornecimento de energia.Alto Rendimento Elétrico\nGera menor dissipação térmica e proporciona economia no \nconsumo de energia elétrica.O Estabilizador Perfection SP é um equipamento que corrige as variações de tensão através de uma inovadora tecnologia de Conversores a IGBTs, \ncontrolados por chips DSP - sistema inovador no mercado mundial,  desenvolvido pela CM Comandos.\nSistema de Correção a IGBTs\nUm sofisticado con versor a módulos IGBT s gera a f orma de onda necessár ia para \ncorrigir as variações de tensão . O resultado é uma precisão de saída de ±1%, sem a \nutilização de taps ou degraus de tensão . \nPossui elevado rendimento elétr ico e alta capacidade de corrente , sendo indicado \npara aplicações exigentes com altos degraus de carga e picos de corrente .\nDSPMódulo de\nCorreção\nInversor\nIGB TRetificador\nIGB TTrafo\nIsolador *\nDispla y LCD\nInter face de sinalização , status de operação , \nalarmes e comandos contr olados pelo DSP.\nTecnologia DSP\nTodas as funções de contr ole e regulação ,  \nTrue RMS, comandos ,  alarmes , inter faces e registro log de \neventos , são realizadas pelo sofisticado micr oprocessador \nDSP, em Tempo Real .medições em Conversor a IGBTs\nUtiliza o estado da arte em conversor , Retificador e \nInversor . A IGBT s, e tecnolog ia PWM de Alta Frequência.Registro Log de Eventos\nGrava os últimos 25.500 registros, permitindo \nrastr eabilidade do histór ico de operação .Transf ormador Isolador\nCria uma linha exclusiva, isolada e não \ncompar tilhada com outras cargas não essenciais .Módulo de C orreção\nCorrige estaticamente as var iações de tensão .\nProteção de Sub e Sobretensão\nDesconec ta e protege a carga sensív el \nem caso de situação anor mal. \nSaída\nRede Elétr ica\nde Entr adaSistema de Bypass Automático\nPermite a continuidade da operação em caso de falhas e \nsobr ecar ga sem inter rupção .\n* Opcional']","As principais características de proteção do Estabilizador Eletrônico Perfection MI S2 incluem um sistema de alarmes controlados por um processador DSP, que detecta e sinaliza condições como tensão da rede fora da faixa, sobrecarga de saída, falha interna do estabilizador e frequência da rede fora da faixa. Além disso, o estabilizador possui um transformador isolador com blindagem eletrostática, garantindo uma linha estabilizada e isolada para aplicações sensíveis. O equipamento também opera em um ambiente recomendado que deve ser limpo e livre de partículas condutivas, gases tóxicos, líquidos e inflamáveis, contribuindo para a proteção do sistema.","As principais características de proteção do Estabilizador Eletrônico Perfection MI S2 incluem proteção contra sobrecarga, curto-circuito, sub e sobre tensão de entrada e saída, e sobre temperatura. Além disso, possui acionamento automático controlado pelo DSP e tempo de transferência nulo.",0.99999999995,0.0,0.0,,0.9999999999999994,1.0,0.0,0.9102636920420826,0.3460365853658537,0.345679012345679,0.0,0.0,0,0,1,1,1
Quais são as principais funções dos sistemas de energia ininterrupta em um Digital Signal Processor?,"['Alta Tecnolog ia em\nProcessament o Dig ital\nde Sinais - DSP\nOS MAIS MODERNOS\nNO-BREAKS CORPORATIVOSVivemos em um mundo cada v ez mais ág il e prático . Um mundo conec tado por pr ocessador es, chips , softwares e \nperiféricos. Mas isso ainda não é o bastant e. Por isso , o mundo caminha para t ecnolog ias de pr ocessament o imediat o \nde dados . A CM C omandos Linear es está um passo à fr ente e of erece aos seus client es pr odut os dotados de uma \ntecnolog ia revolucionár ia, denominada P rocessament o Dig ital de Sinais - - DSP .\nToda a linha de No -Breaks  \nconta com a t ecnolog ia DSP .  Carac terística que \npropor ciona alta per formance e confiabilidade , Conception Multi Ativ o \npara aplicações de missão cr ítica. Ou seja, pr otegem as aplicações nas quais a continuidade da operação é de \nfundamental impor tância.\nequipament os pode ser atualizado , \nacrescentando novas funções em \nunidades já instaladas . Hoje , esta t ecnolog ia está pr esent e nos mais sofisticados sist emas eletr ônicos , devido à sua alta v elocidade e \nconfiabilidade . Processador es Dig itais de Sinais são capaz es de pr ocessar dez milhões de amostragens por segundo . \nIsso sig nifica pr ocessament o em t empo r eal -- o sinal é pr ocessado no mesmo instant e em que é r ecebido , sem \nretardos ou atrasos .\nProjetados com o uso int enso dos r ecursos da t ecnolog ia DSP ,  os No -Breaks C onception Multi Ativ o  ag regam nov os  \ne avançados r ecursos , que estabelecem um nov o conceit o em desen volviment o, no qual o fir mware dos \nAdquir indo No -Breaks , cont e com as \nsoluções da CM C omandos , que \nasseguram t ecnolog ia de ponta, \nmáxima pr oteção , precisão dig ital e \nprocessament o em t empo r eal.  Modelo 300kV A', 'Alta Tecnologia em\nProcessamento Digital\nde Sinais - DSP\nO S M A I S M O D E R N O S\nN O B R E A K S C O R P O R AT I V O SVivemos em um mundo cada vez mais ágil e prático. Um mundo conectado por processadores, chips, softwares e \nperiféricos. Mas isso ainda não é o bastante. Por isso, o mundo caminha para tecnologias de processamento imediato \nde dados. A CM Comandos Lineares está um passo à frente e oferece aos seus clientes produtos dotados de uma \ntecnologia revolucionária, denominada Processamento Digital de Sinais -- DSP .\nToda a linha de No Breaks Innovation S1 Trifásico  \nTransformerless conta com a tecnologia DS P.   \nCaracterística que proporciona alta performance e \nconfiabilidade, tornando-os ideais para aplicações de missão crítica. Ou seja, protegem as aplicações nas quais a \ncontinuidade da operação é de fundamental importância.\ndos equipamentos pode ser atualizado, \nacrescentando novas funções em \nunidades já instaladas. Hoje, esta tecnologia está presente nos mais sofisticados sistemas eletrônicos, devido à sua alta velocidade e \nconfiabilidade. Processadores Digitais de Sinais são capazes de processar dez milhões de amostragens por segundo. \nIsso significa processamento em tempo real -- o sinal é processado no mesmo instante em que é recebido, sem \nretardos ou atrasos.\nProjetados com o uso intenso dos recursos da tecnologia DSP ,  os No Breaks Innovation Trifásico Transformerless  \nagregam novos  e avançados recursos, que estabelecem um novo conceito em desenvolvimento, no qual o firmware \nAo pensar em adquirir No Breaks,     \nconte com as soluções da\nCM Comandos, que asseguram \ntecnologia de ponta, máxima proteção, \nprecisão digital e processamento        \nem tempo real.']","Os sistemas de energia ininterrupta (No-Breaks) em um Processador Digital de Sinais (DSP) desempenham funções essenciais, como garantir a continuidade da operação em aplicações de missão crítica, proporcionando alta performance e confiabilidade. Eles são projetados para proteger as aplicações, assegurando que o processamento de dados ocorra em tempo real, sem retardos ou atrasos. Além disso, esses sistemas podem ser atualizados para adicionar novas funções, mantendo-se alinhados com as tecnologias mais sofisticadas e garantindo máxima proteção e precisão digital.",As principais funções dos sistemas de energia ininterrupta em um Digital Signal Processor incluem garantir a continuidade do fornecimento de energia e proteger o processador contra interrupções e flutuações de energia.,0.99999999995,1.0,0.0,0.6666666666666666,0.9033098481787344,1.0,0.46,0.8341653589825002,0.2407732864674868,0.2539682539682539,0.0,0.0,1,0,1,1,1
papel auditoria OSD sistema sustentabilidade,"['CM COMANDOS LINEARES\nOSDN LI A NM EO AC REM SCISO\n9001\n2015\nSistema de \nSustentabilidade AuditadaAv. Eng. Alberto de Zagottis, 760 - 04675-085 - São Paulo - SP\nTel.: (11) 5696-5000 - Fax: (11) 5696-5055\nwww.cmcomandos.com.brOSD L NI A NM EA OR CEM SCISO\n9001\n2015', 'Av. Eng . Alber to de Zagottis , 760 - 04675-085 -  São P aulo - SP\nTel.: (11) 5696-5000\nwww.cmcomandos .com.brOSD  N LI A NM EO AC R EM SCISO\n90012015\nSistema de \nSustentabilidade A uditado\nMEDIDAS DE PRO TEÇÃO VITAIS P ARA INST ALAÇÕES ELÉTRIC AS HOSPIT ALARES \nO Transf ormador de Separação possui alta isolação galvânica e gera um \ncircuito elétr ico isolado com sist ema de at errament o IT. \nEste cir cuito ex clusiv o  é monit orado pelo DSI.  Na ocor rência de qualquer \nfalha de isolação das car gas sensív eis alimentadas , o DSI imediatament e \naciona um alar me  para  a equipe de manut enção .       Sist ema IT \nSistema IT c om IHM e L ocalizador de F alhas Exemplos de Diagr amas de Aplicações  \n Imagens Ilus trativas\n Imagens Ilus trativas\nCM MK T  JAN 24 - *As especificações  técnicas estão sujeitas a alterações sem aviso pr évio e conf orme necessidades de pr ojetos customizados .                 Nós incentivamos a r eciclagem.']","O papel da auditoria no sistema de sustentabilidade envolve a verificação e validação dos processos e práticas adotados para garantir que estejam em conformidade com as normas e diretrizes estabelecidas. Isso inclui a avaliação da eficácia das medidas implementadas, a identificação de áreas de melhoria e a promoção de práticas que favoreçam a sustentabilidade ambiental e operacional. A auditoria assegura que os sistemas estejam funcionando corretamente e que os objetivos de sustentabilidade sejam alcançados de maneira eficiente.",O papel da auditoria no sistema de sustentabilidade é garantir que as especificações e práticas estejam em conformidade com as normas e promovam a reciclagem.,0.0,0.0,0.0,0.0,0.6425042678839057,0.0,0.4,0.8721762310480139,0.2528089887640449,0.336283185840708,0.0,0.0,1,0,1,1,1
Qual é a função principal de um adaptador SNMP em redes de computadores?,"['REGISTRO PERMANENTE\nDE E VENT OSCORREÇÃO DO  F ATOR DE*POTÊNCIA\nO DSP ar maz ena os ev entos em sua memór ia EEPR OM. \nFunciona como uma “caixa-pr eta”, sendo possív el rastr ear os \nvalor es das medições e a posição das cha ves int ernas, \ndenunciando ev entuais er ros de operação .Conhecido pela sigla PFC - P ower Factor Correction, est e \nsistema per mite que o F ator de P otência de Entrada do \nNo-Break seja 0.99 - cor rigindo os ef eitos das car gas não \nlinear es e har mônicas conec tadas na saída do No -Break.-INTERF ACES DE GERENCIAMENT O\nREMO TO\nSão compostas por div ersas f erramentas . O A daptador SNMP NetM ate \npermite ger enciar r emotament e o No -Break via a I nternet atra vés de \num w eb br owser , monit orar o status e en viar aler tas por e -mail . \nO sof tware IP P ower é uma f erramenta de ger enciament o  Windows \nApplication e a v ersão Client é específica para  aut omatizar o shut down \nde ser vidor es, podendo desligar aut omática e simultaneament e vár ios \nservidor es e estações . \nO Adaptador Ar mModbus per mite int egrar o No -Break, via um\nRS485, a Sist emas de A utomação P redial atra vés do pr otocolo M odbus .a por ta INTERF ACES  DE  SHUTDO WN  \nE GERENCIAMENT O  REMO TO\nPorta M icroprocessada DB9A   Inter face de Ger enciamento Remoto \n  \nB   Adaptador SNMP\n     \nMultisser vidor es\nMultiplataf ormas\nMulti-S.O .C   Client Shutdown\nD  Estação Remota\n     Sof tware com \n     conexão à I nter net\nRede Ethernet RJ45', 'TECNOLOGIA  ON  LINE  COM  BYPASS\nESTÁTICO  DE  MANUTENÇÃO\nCARACTERÍSTICAS  PRINCIPAIS\nTecnologia Avançada \nDSP  (Digital Signal Processor)\nMedições em True RMS com Precisão de \nMultímetros\nBypass Estático de Manutenção\nSoftware de Gerenciamento Remoto Real-Time \nSistema Paralelo Multi Ativo (Exclusivo CM)Permite funções avançadas e exclusivas em \ntempo real.\nPermite que sejam rastreados para análise.\nSão ideais para a medição de cargas não lineares.\nAdicionam proteção e elevam a confiabilidade da \ncarga sensível.\nVia TCP/IP,  com proteção de senhas para acesso \nremoto, shutdown.\nPodem ser paraleladas quantas unidades forem \nnecessárias, possibilitando expansão do sistema, \nde acordo com a demanda de consumo.Memória Interna para Registro de EventosDisplay TFT 4,3"" Touch Screen\n(Item de Série)\nPossibilidade de Upgrade do Firmware do \nDSP \nAcionamentos Monitorados pelo  DSP\nControle Inteligente da Velocidade dos \nCoolersModerna tela com comandos por toque, que \npermite acesso ao No-Break pela internet.\nGarante a utilização e preservação do \ninvestimento.\nAs manobras são registradas e gravadas no \nlog de eventos.\nProlongam a vida útil dos equipamentos \ne reduzem os intervalos de manutenção. Saída Rede Elétric a\nde En trada\nCorrente Alt ernada de Entrada\nCorrente ContínuaCorrente Alternada de Saída\nCorrente Alternada B ypass Estático  Corr ente Alternada B ypass Estático \nde Manutenção Bypass Estático de Manutenção\nPermite a transf erência e o r etorno da car ga do No -Break \npara um cir cuito alter nativ o de f ornecimento de ener gia, \npara atividades de manutenção . Em quaisquer situações , \no fornecimento de ener gia é contínuo , sem \ninter rupções .\nRetificador\nConverte a ener gia da \nrede elétr ica da \nconcessionár ia ou do \ngrupo gerador em \ncorrente contínua, \ncorrigindo ou \neliminando distúr bios   \nda entrada do sistema.Inversor\nConverte a cor rente contínua do \nretificador ou das bater ias em cor rente \nalter nada de saída, com f orma de onda \nBanco de Baterias\nArmaz ena ener gia reser va para alimentar o No -Break \ndurante um per íodo pr edeter minado , denominado Bypass Estático\nSistema de pr oteção \nque, em caso de \nproblemas , transf ere \nautomaticamente a \ncarga para um \ncircuito alter nativ o, \nsem inter rupção no \nfornecimento de \nener gia. Rede Pr esente\nFalha de R ede\nBypass Estátic o\nBypass Estátic o de\n Manutenç ãoNo-Break C onception M ulti A tivo\nTrifásico\nINTERFACES DE \nGERENCIAMENTO   \nREMOTO\nSão compostas por div ersas \nferramentas . O A daptador SNMP \nNetM ate per mite ger enciar \nremotament e o No -Break via a I nternet \natravés de um w eb br owser , monit orar \no status e en viar aler tas por e -mail . \nO sof tware IP P ower é uma f erramenta \nde ger enciament o  Windows \nApplication e a v ersão Client é \nespecífica para  aut omatizar o \nshut down de ser vidor es, podendo \ndesligar aut omática e simultaneament e \nvários ser vidor es e estações . \nO Adaptador Ar mModbus per mite \nintegrar o No -Break, via uma por ta \nRS485, a Sist emas de A utomação \nPredial .DISPLAY TFT 4,3 ‘’ \nTOUCH SCREEN\nCOMANDO POR TOQUE']","A função principal de um adaptador SNMP em redes de computadores é permitir o gerenciamento remoto de dispositivos, como No-Breaks, via internet. Ele possibilita a monitoração do status dos dispositivos e o envio de alertas por e-mail.","A função principal de um adaptador SNMP em redes de computadores é gerenciar e monitorar dispositivos de rede, permitindo a comunicação entre eles e a coleta de informações sobre seu desempenho.",0.99999999995,0.0,0.0,0.5,1.0,1.0,0.29,0.867533236496016,0.5191489361702128,0.4657534246575342,0.0,0.0,1,0,1,1,1
Qual a importancia do 'Re' no rta Contato Seco DB9?,"['DominionSP1\nCARACTERÍSTIC AS  PRINCIP AIS\nTecnologia A vançada DSP  (Digital Signal P rocessor)\nMemória Int erna par a Registr o de E ventos\nMedições em True RMS c om P recisão de Multímetr os\nCorreção do F ator de P otência de E ntr ada0.99*\nAcionament os Monit orados pelo P rocessador DSPPermite funções a vançadas e ex clusivas em t empo r eal.\nPermite que sejam rastr eados para análise .\nSão ideais para a medição de car gas não linear es.\nAtua como filtr o para as car gas não -linear es.\nAs manobras são r egistradas e g ravadas no log de ev entos.TECNOL OGIA  ON-LINE  C OM  BYP ASS  ESTÁTIC O  DE  MANUTENÇÃO\nCorr ente Alternada de Entrada\nCorr ente ContínuaCorr ente Alternada de Saída\nCorr ente Alternada B ypass Estático  Corr ente Alternada B ypass Manual de Manutenção  Saída Rede Elétric a\nde Entr adaRede P resente\nFalha de Rede\nBypass Estátic o\nBypass Manual de\n ManutençãoBypass Manual de Manutenção\nNeste modo de operação , a car ga é alimentada dir etamente pelo cir cuito \nalter nativ o de B ypass que possibilita o desligamento completo do \nequipamento , podendo assim, r ealizar uma manutenção com substituições de \npeças e placas sem a necessidade de desligamento . Com o auxílio da chav e \nestática, após a manutenção , é possív el transf erir novamente o No -Break para \no modo nor mal mantendo a car ga sempr e alimentada.\nRetificador\nConverte a ener gia da r ede elétr ica \nda concessionár ia ou do g rupo \ngerador em cor rente contínua, \ncorrigindo ou eliminando \ndistúr bios da entrada do sistema.\nBanco de Baterias\nArmaz ena ener gia reser va para alimentar o No -Break durante \num per íodo pr é-deter minado , denominado como tempo de \nautonomia do No -Break.Inversor\nConverte a cor rente contínua do r etificador ou das \nbater ias em cor rente alter nada de saída, com f orma de \nonda senoidal pura, livr e de distúr bios .Transf ormador Isolador\nIsola a tensão de saída, garantindo assim uma \nmelhor qualidade de ener gia, filtrando possív eis \nruídos ex ternos mesmo operando em modo B ypass . Bypass Estático\nSistema de pr oteção que , \nem caso de falha, transf ere \nautomaticamente a car ga \npara a linha de B ypass \nsem inter rupções na saída \ne opera em sincr onismo \nde fase . \nPossibilidade de Upgr ade do F irmwar e do DSP\nAjust es da Tensão por Sof twar e\nBypass Estátic o e Bypass M anual de M anut enção\nGerenciament o Remot o Real-Time Via Int ernet*\nCompatív el com Todos os Grupos G erador esGarant e a atualização e pr eser vação do in vestiment o.\nAsseguram elevada pr ecisão e confiabilidade .\nAdicionam pr oteção e elevam a confiabilidade da car ga sensív el.\nVia TCP/IP e fir ewalls com pr oteção de senhas para acesso r emot o.\nPrecisão e t otal pr oteção para operação com g rupos gerador es.', 'Memória:   Flash ar maz ena até 12 meses conf orme quantidade de bater ias.\nCapacidade:   até 256 str ings de bater ias\nCada string:    até 256 módulos Equaliz er por str ing\nCapacidade total:   até 65.536 módulos Equaliz er\nRTC:  Relóg io em Tempo Real e Watchdog inter no\n Inter faces:  \n    •1 Porta RJ11 - Comunicação   \n    •1 Porta RJ45 10/100 Mbit - Ether net \n Dimensões:   28 x 97 x 111 mm - 180 g\no\nAmbiente:   abrigado , IP-20, 0 a 60 C, umidade r elativa de 20% a 90% não condensante .\nAlimentação:   5 VDC, estabilizada.\nFonte:\n   Adaptador ex terno de 110/220V AC para 5VDC estabilizada -  r equer tomada com No -Break.n   \nn   \nn   \nn   \nn   \nn   \nn   \nn  \nn  \nn   \nn   \nn     \nn     \nn   \nn   \nn   \nn    \nn  \nn    \nn   \nn   \nn   \nn   \nn    \nn   \nn    \nn    \nn    \nn    \nn   \n \nn   \nn    Software:\n Sistema Operacional Embar cado\nWeb Ser ver Integ rado \nContr ole de A cesso por Senha em dois nív eis\nAcesso por Nav egador Web\n Layout Responsiv o, pronto para PCs , Tablets e \n   Smar tphones \nEnvia E-mails de Aler ta\nAcesso Ser vidor E-mail com Senha Cr iptog rafada\nProtocolo SSL Secur e Sock et Lay er \nRelóg io Interno em Tempo Real – R TC \nSincr onismo com Time Ser ver ex terno\nGráficos de P erformance dir eto no Nav egador\nProtocolo SNMP V1, V3 e M odbus O ver IP \nArmaz ena L og de Ev entos de Alar mes\nArmaz ena Data L ogger M edições da Bater ia\nBanco de Dados ANSI SQL\nCapacidade de Ar maz enamento 1 Ano\nFrequência de Gravação no Banco de Dados\n   Configuráv el\nOpção salvar Banco de Dados via TCP/IP\nRotinas de manutenção do Banco de Dados .\nMódulo de Ba teria Equaliz er\nProcessador:   DSP\nInter faces:  2 Portas RJ11\nSensor Temper atura:  Interno\nGabinete:   ABS\nDimensões:   12 x 65 x 113 mm - 50 g\no\n  Ambiente:   abrigado , IP-20, 0 a 60 C, umidade\n  relativa máx 90% não condensante .\nModelo Equaliz er M12 - MB02 \nTensão nominal:   12 VDC - 02VDC \nCapacidade:  7 a 600 Ah - 7 a 5.000 Ah n   \nn    \nn    \nn    \nn   \nn \nn   \nn   \nn   \nMódulo de C orrente \n Descrição:\nAcessório (opcional) destinado à medição da \ncorrente elétrica que circula pelo banco de \nbaterias com indicação do sentido da corrente \nelétrica (C arga ou Descar ga).\nEspecificações:\nTensão de alimentação:  5V\nErro:  ≤ 1,5% @ corrente nominal\nComunicação:  RS-232 (Nív el TTL)n \nn']","A informação sobre a importância do 'Re' no rta Contato Seco DB9 não está disponível no material fornecido. Para obter detalhes específicos sobre esse componente, seria necessário consultar documentação técnica ou especificações relacionadas ao dispositivo em questão.",A importância do 'Re' no rta Contato Seco DB9 não está clara no contexto fornecido.,0.0,1.0,,0.25,0.0,0.0,1.0,0.9006734729921486,0.2947761194029851,0.46875,0.0,0.0,1,1,1,1,1
Quais situacões que email é mandado no texto sobre rmes?,"['OSD  L NI A NM EA OR C EM SCISO\n90012015\nInovação , qualidade , tecnolo gia\ne confiabilidade . Marcas das\nsoluções CM C omandos Linear es\nCom mais de 40 anos de atuação , a CM Comandos é hoje uma das \nmaior es fabricant es de No-Breaks da Amér ica Latina. Além disso , é líder\nabsoluta em soluções para o mercado corporativ o. Certificada pela norma ISO-900:2015, a CM Comandos \nressalta o seu compr omisso com a excelência dos seus produt os e a total satisfação dos seus client es.A EMPRESA\nOs    No-Breaks   da   CM     Comandos  são  indicados   para    aplicações \nde  missã o crítica, nas mais variadas corporações , oferecendo proteção \ncontra distúr bios de ener gia elétr ica, tais como: cortes, micr o-cortes, ruídos , distorção harmônica, picos , \ntransient es, sub e sobr etensão e var iação de fr equência.APLICAÇÕES\nOs equipament os da CM Comandos operam com maior precisão , agre-\ngam maior númer o de funções e são mais segur os. Carac terísticas\nque geram alta confiabilidade e produtividade nas mais variadas aplicações , minimizam falhas e,\nconsequent ement e, cust os de manut enção . Em resumo , ser um client e CM Comandos significa ter o \nretorno do capital investido e garantias que só uma empr esa com amplo supor te técnico pode oferecer .BENEFÍCIOS\nAo escolher a marca CM Comandos Linear es você conta com o melhor supor -\nte técnico de pré e pós- venda da empr esa que se consolidou ao longo  des-\ntes 40 anos como líder de mercado . Instrumentação de ponta, profissionais\naltament e qualificados , disponibilidade de atendiment o 24 horas , sete dias da semana, call \ncent er e processos certificados que asseguram a excelência dos nossos serviços de supor te.SUPORTE\nTÉCNIC O', 'Vantagens do C ontrat o de M anut enção \nAtravés do contrat o de manut enção , técnicos e gest ores de manut enção podem r eduzir a deg radação dos seus equipament os, prolongando \no tempo de vida útil e evitando int ervenções cor retivas , que geram cust os elevados e t êm impac tos negativ os.\nn   Supor te técnico por t elefone, durant e 24hs/dia\nn   Minimizar os r iscos e pr ejuíz os de t er um equipament o parado\nn   Prioridade no at endiment o no caso de uma parada \nn Redução da necessidade de manut enção cor retivas em at é 80% e \nconsequent e  redução de cust os\nn  Serviços de cor retivas , quando  inclusos no contrat o \nn Redução de cust o: equipament os com manut enção pr eventiva \nadequada sofr em menos desgast es e, por tanto \ntem sua vida útil ampliada. \nAv. Eng . Alber to de Zagottis , 760 - 04675-085 -  São P aulo - SP\nTel.: (11) 5696-5033 \nwww.cmcomandos .com.br\nSistema de \nSustentabilidade A uditadoIdentifique Nossa E quipe \nUniforme P adrão \nCamisa azul   Calça azul   Crachá  \nPedro\nSuporte Técnico0000000000001Nome:\nRG:\nSetor:João P edro \nMatrícula:\n1111 25.613.810-2\nAssistência Técnica\n1.Uso... \nJOÃO PEDRO \nSuporte Técnico Supor te Técnico\nCall C enter int egrado ao sist ema de gestão ERP\nTécnicos Treinados e Qualificados\nEquipados com I nstrumentação de P onta\nAnalisador de Har mônicos\nAtendiment o 24 horas - 7 dias da semana via C ontrat os\nde M anut enção P reditiva, P reventiva e C orretiva\n  Supor te Pleno de P ré e P ós-V enda\nAmpla cober tura em t odo o paísn   \nn  \nn  \nn  \nn  \nn\nn  \nCM MK T SET 2021  -   As especificações estão sujeitas a alterações sem pr évio aviso . Nós incentivamos a r eciclagem\nAtendiment o em t odo\n o Território Nacional\ncom filiais e r epresentant es nas pr incipais \ncidades e capitais , otimizando o t empo , \ncusto e buscando a ex celência\n na pr estação de ser viços\nEscaneie e saiba mais sobr e o\n contrat o de manut enção \nOSD  N LI A NM EO AC R EMSCISO\n90012015 OSD  N LI A NM EO AC R EMSC']","O texto não menciona situações específicas em que um e-mail é enviado. Ele se concentra em informações sobre a empresa CM Comandos, seus produtos, benefícios do suporte técnico e vantagens do contrato de manutenção.","As situações em que um e-mail é enviado no texto sobre rmes incluem: operação normal, falha de rede, pré-alarme de baterias, bypass estático, bypass manual, sobrecarga de saída e falha interna.",0.0,0.0,0.0,0.0,0.7540239945404982,1.0,0.0,0.5704418994623295,0.2930232558139535,0.2597402597402597,0.0,0.0,1,1,1,1,1
Quais sã as vantajis do uso de um painel frontl em ABS de alta resistncia?,"['Bypass Estátic o\nAcionamento:  automático , contr olado pelo DSP\nTempo de Transf erência:  0ms (nulo)\nRetr ansf erência ao Modo Normal:  automática \nBypass Manual de Manutenção\nAcionamento:  manual , atrav és de disjuntorn   \nn   \nn   \nn   \nn   \nn   Permite manutenção do No -Break, sem desligar a\n   car ga\nReposição ao Modo Normal:  sem inter rupção\nAlarmes\nContr olados pelo pr ocessador DSP\nTipos de Alarmes:\n    •Sonor os:\n       »  F alta de Rede: 1 toque por segundo  \n       »  P ré-alar me das Bater ias: 2 toques por segundo  \n       »  F alha I nterna do No -Break\n    \n    •Mensagens de Aler ta:\n       »  Display de Cr istal Líquido\n       »  Sof tware IP P ower via TCP/IP*\n       »  M ensagem por e -mail*:\n           -  Operação Nor mal\n           -  F alha de Rede\n           -  P ré-alar me de Bater ias\n           -  B ypass Estático \n           -  B ypass M anual \n           -  Sobr ecar ga de Saída\n           -  F alha I nterna n   \nn   \n   Log de E ventos\nRegistr os Armaz enados:\n    •Reg istro em memór ia EEPR OM\n    \n    •Indicação de data, hora e ocor rência\n    \n    •Medições\n    \n    •Status de operação e alar mes do painel\n   \n    •Status chav es inter nasn   \n   \nProteção Elétricas\nSub e Sobr etensão de Entrada e Saída\nSub e Sobr etensão DC e Bater ia\nSobr ecar ga e C urto-Circuito\nMínima Descar ga de Bater ian     \nn     \nn     \nn     \nMedições\nTrue RMS\nPotência de Saída em kV A\n Potência de Saída em kW\nFator de P otência de Saída\nTensão de Saída\nCorrente de Saída\nFrequência de Saída\nTensão de Bater ia\nTensão de Entrada\nFrequência de Entradan   \nn   \nn  \nn   \nn   \nn   \nn   \nn   \nn   \nn   Características Físicas e Mecânicas\nDimensões Compac tas \n Display : LCD - cr istal líquido r etroiluminado\nEstrutura do G abinete: \n    •Rack: metálico \n    \n    •Painel F rontal: em ABS de alta r esistência \n    \n    •Tampas laterais e super ior removív eis \n    \n    •Acabamento: pintura epó xi-pó na cor g rafite\n       com tratamento tér mico e anticor rosivo \n Movimentação: por r odízios autossustentáv eis \nRodízios com travas*\nTransf ormador Isolador (blindagem eletr ostática*)\nPorta de Comunicação\n    \n    •Serial RS232C Isolada F ull Duplex -DB9 F êmea\n   \n    •Contato Seco DB9 F êmea\nInter faces de G erenciamento\n Mono e multiusuár io, cliente -server e multi-ser ver\nVários ser vidor es em um único No -Break\nFerramentas de Shutdown e Ger enciamento\nProtocolos:\n   \n    •Ser ial RS232 \n    \n    •Serial RS485*\n    \n    •SNMP / Telnet / http / TCP/IP*\nSoftwares de Ger enciamento*\n   \n    •IP P ower e IP P ower SE\n    \n    •Adaptador SNMP NetM ate \n    \n    •Adaptador Ar mModbus RS485\nAmbientes e Sistemas Operacionais\n   \n    •W indows 8 / 10 / 2010 \n    \n    •Linux * \n       (Mar cas dos r espec tivos fabricantes)n   \nn  \nn   \nn   \nn    \nn    \nn     \nn  \nn   \nn   \nn   \nn   \nn       \n    5000       5,00      X 280 X 647         97\n    7500       7,', 'monobloco\n   \n    •Painel F rontal: em ABS de alta r esistência\n  \n    • A cabamento: pintura epó xi-pó na cor g rafite\n       com tratamento tér mico e anti- corrosivo\nTransf ormador Isolador : com blindagem\n    eletr ostátican  \nn  \nn   Alarmes\nContr olados pelo pr ocessador DSP\nTipos de Alarmes:\n   \n    •Sonor os: \n       »  A utocheck I nicialização\n       »  Tensão da Rede F ora da F aixa\n       »  Sobr ecar ga de Saída\n       »  F alha I nterna do Estabilizador\n       »  F reqüência da Rede F ora de F aixa\n   \n     •Sinalização: L eds de Status do P ainel\n       »  Rede Nor mal\n       »  Saída Nor mal\n       »  F alhan   \nn   Características de Oper ação\nRuído A udív el: 55 dBA a 60 dBA a 1 metr o\n MTBF (M ean Time Bet ween F ailur es): 50 mil horas\nMTTR (M ean Time To Repair): 30 minutos\nTemperatura Ambiente: \n   \n•Mínimo: 0ºC / M áximo 40ºC\n   \n    •Recomendada: 20ºC a 25ºC\nUmidade Relativa:\n   \n    •0% a 95% sem condensação\n   \n    •Recomendada: 45% a 55%\nAltitude: até 1.800m\n Tipo de Ambiente Recomendado:\n   \n    •Interno, instalação abr igada\n   \n    •Atmosf era: limpa, livr e de par tículas condutivas , \n      gases tó xicos , líquidos e inflamáv eis.\nGrau de P roteção: IP -20n   \nn  \nn   \nn   \n   \nn   \nn    \nn  \nn    \n   2000    2,0       620 X 200 X 600        41  \n   3000    3,0       620 X 200 X 600        43\n   5000    5,0       620 X 200 X 600           47\n   7500    7,5       620 X 200 X 600           61\n 10000  10,0       790 X 400 X 775        119\n 15000  15,0       790 X 400 X 775        147Modelo Potência \nkVADimensões Físicas\nalt x lar g x prof \nmmPeso \nkg\n* Opcional\nCM.MK T MAR 22  -   As especificações estão sujeitas a alterações sem pr évio aviso . Nós incentivamos a r eciclagem\nCertificação de \nSustentabilidade A uditadaESPECIFIC AÇÕES  TÉCNIC ASOs Estabilizador es de Tensão M icroprocessados P erfection MI S2 possuem uma tecnolog ia inédita de duplos con versor es estáticos com módulos IGBT s, de última geração . \nTotalmente contr olado por micr oprocessador DSP – Dig ital Sig nal P rocessor , o estabilizador cor rige instantaneamente qualquer var iação de tensão da r ede elétr ica da \nconcessionár ia, além de atenuar distor ção har mônica, var iações de fr equência e distúr bios elétr icos, gerando uma f orma de onda senoidal pura, e f ornecendo uma linha \nestabilizada ex clusiva e isolada para as aplicações sensív eis.\nA tecnolog ia DSP r ealiza medições em True RMS g raças à amostragem dig ital, sem r etardos ou desvios , com alta v elocidade e confiabilidade . Isso sig nifica que podemos \nproduzir sistemas cada v ez menor es e capaz es de r ealizar mais funções , com elevada confiabilidade .']","As vantagens do uso de um painel frontal em ABS de alta resistência incluem a durabilidade e a resistência a impactos, o que contribui para a proteção interna do equipamento. Além disso, o acabamento em pintura epóxi-pó na cor grafite, com tratamento térmico e anticorrosivo, proporciona uma maior proteção contra corrosão e desgaste, aumentando a vida útil do produto. Essa combinação de características torna o painel adequado para ambientes exigentes, garantindo a integridade e a funcionalidade do equipamento ao longo do tempo.","As vantagens do uso de um painel frontal em ABS de alta resistência incluem durabilidade, resistência a impactos e um acabamento que proporciona proteção contra corrosão.",0.0,0.0,0.0,0.0,0.9633241387466634,0.1,0.4,0.9052169199405964,0.3157894736842105,0.4390243902439024,0.0,0.0,1,1,1,1,1
Quais sã as principais caracteristicas da rta M icroprocessada mencionadas no txt?,"['Alta Tecnolog ia em\nProcessament o Dig ital\nde Sinais - DSP\nOS MAIS MODERNOS\nNO-BREAKS CORPORATIVOSVivemos em um mundo cada v ez mais ág il e prático . Um mundo conec tado por pr ocessador es, chips , softwares e \nperiféricos. Mas isso ainda não é o bastant e. Por isso , o mundo caminha para t ecnolog ias de pr ocessament o imediat o \nde dados . A CM C omandos Linear es está um passo à fr ente e of erece aos seus client es pr odut os dotados de uma \ntecnolog ia revolucionár ia, denominada P rocessament o Dig ital de Sinais - - DSP .\nToda a linha de No -Breaks  \nconta com a t ecnolog ia DSP .  Carac terística que \npropor ciona alta per formance e confiabilidade , Conception Multi Ativ o \npara aplicações de missão cr ítica. Ou seja, pr otegem as aplicações nas quais a continuidade da operação é de \nfundamental impor tância.\nequipament os pode ser atualizado , \nacrescentando novas funções em \nunidades já instaladas . Hoje , esta t ecnolog ia está pr esent e nos mais sofisticados sist emas eletr ônicos , devido à sua alta v elocidade e \nconfiabilidade . Processador es Dig itais de Sinais são capaz es de pr ocessar dez milhões de amostragens por segundo . \nIsso sig nifica pr ocessament o em t empo r eal -- o sinal é pr ocessado no mesmo instant e em que é r ecebido , sem \nretardos ou atrasos .\nProjetados com o uso int enso dos r ecursos da t ecnolog ia DSP ,  os No -Breaks C onception Multi Ativ o  ag regam nov os  \ne avançados r ecursos , que estabelecem um nov o conceit o em desen volviment o, no qual o fir mware dos \nAdquir indo No -Breaks , cont e com as \nsoluções da CM C omandos , que \nasseguram t ecnolog ia de ponta, \nmáxima pr oteção , precisão dig ital e \nprocessament o em t empo r eal.  Modelo 300kV A', 'Alta Tecnologia em\nProcessamento Digital\nde Sinais - DSP\nO S M A I S M O D E R N O S\nN O B R E A K S C O R P O R AT I V O SVivemos em um mundo cada vez mais ágil e prático. Um mundo conectado por processadores, chips, softwares e \nperiféricos. Mas isso ainda não é o bastante. Por isso, o mundo caminha para tecnologias de processamento imediato \nde dados. A CM Comandos Lineares está um passo à frente e oferece aos seus clientes produtos dotados de uma \ntecnologia revolucionária, denominada Processamento Digital de Sinais -- DSP .\nToda a linha de No Breaks Innovation S1 Trifásico  \nTransformerless conta com a tecnologia DS P.   \nCaracterística que proporciona alta performance e \nconfiabilidade, tornando-os ideais para aplicações de missão crítica. Ou seja, protegem as aplicações nas quais a \ncontinuidade da operação é de fundamental importância.\ndos equipamentos pode ser atualizado, \nacrescentando novas funções em \nunidades já instaladas. Hoje, esta tecnologia está presente nos mais sofisticados sistemas eletrônicos, devido à sua alta velocidade e \nconfiabilidade. Processadores Digitais de Sinais são capazes de processar dez milhões de amostragens por segundo. \nIsso significa processamento em tempo real -- o sinal é processado no mesmo instante em que é recebido, sem \nretardos ou atrasos.\nProjetados com o uso intenso dos recursos da tecnologia DSP ,  os No Breaks Innovation Trifásico Transformerless  \nagregam novos  e avançados recursos, que estabelecem um novo conceito em desenvolvimento, no qual o firmware \nAo pensar em adquirir No Breaks,     \nconte com as soluções da\nCM Comandos, que asseguram \ntecnologia de ponta, máxima proteção, \nprecisão digital e processamento        \nem tempo real.']","As principais características da rta Microprocessada mencionadas incluem:

1. **Tecnologia DSP**: A rta utiliza Processamento Digital de Sinais, que proporciona alta performance e confiabilidade.
2. **Aplicações de missão crítica**: É ideal para proteger aplicações onde a continuidade da operação é fundamental.
3. **Atualização de equipamentos**: Permite a adição de novas funções em unidades já instaladas.
4. **Alta velocidade**: Os processadores são capazes de processar até dez milhões de amostragens por segundo, possibilitando processamento em tempo real.
5. **Processamento em tempo real**: O sinal é processado instantaneamente, sem retardos ou atrasos.
6. **Firmware avançado**: O desenvolvimento inclui firmware que assegura tecnologia de ponta e máxima proteção.","As principais características da rta Microprocessada mencionadas no texto não estão claramente especificadas, pois o contexto fornecido é insuficiente.",0.0,1.0,0.0,0.0,0.852637709475515,0.5,0.0,0.6370013368573377,0.1819354838709677,0.1605839416058394,0.0,0.0,1,0,1,1,1
O que significa o termo 'Multi Ativo' no contexto financeiro?,"['SISTEMA PARALELO MULTI ATIVO (EXCLUSIVO CM COMANDOS)\nA CM Comandos Lineares desenvolveu um sistema inovador e pioneiro no mundo de paralelismo entre no-breaks. O sistema \nParalelo Multi Ativo permite a expansão do sistema, de acordo com sua demanda de consumo, podendo paralelar quantas \nunidades forem necessárias para atender sua demanda, elevando a capacidade do sistema e a confiabilidade de sua aplicação.\nPOSSIBILIDADE DE SOMATÓRIA DE  POTÊNCIAS\nPermite a ligação para somatória de potência, utilizando dois ou mais \nNo-Breaks para atingir a demanda da carga total.\nQuando utilizado para somatória de potência, possibilita a ligação de \nNo-Breaks com potências diferentes. Quando a ligação for feita com \nNo-Breaks de potências diferentes, a carga será distribuída \nproporcionalmente. Permite a ligação em paralelo redundante N + 1,  N + 2, N + 3 … N+X,  \npossibilitando o desligamento de uma ou mais unidades, mantendo a \ncarga ativa.\nA comunicação entre os No-Breaks consiste no barramento de \ncomunicação comum, por onde transitam informações \ncontendo nível de carga, sincronismo e a condição do by pass.COMUNICAÇÃO ENTRE OS NO-BREAKSTodos os No-Breaks são autônomos, operam de forma \nindependente no sistema e possuem controle individual.NÃO EXISTE NO-BREAK MESTRE OU ESCRAVOPodem ser paraleladas quantas unidades forem necessárias, \npossibilitando expansão do sistema, de acordo com a demanda \nde consumo.QUANTIDADE ILIMITADA PARA PARALELISMO\nPARALELISMO DO BANCO DE BATERIAS\nPermite paralelismo dos bancos de baterias (quando forem de \nmesma tensão nominal).MANUTENÇÃO DO NO-BREAK\nPermite a inserção ou retirada de um No-Break no sistema, sem a \nnecessidade de parada.INTERFACES  DE  SHUTDOWN  E GERENCIAMENTO  REMOTO\nRede Elétric a\nde Entr ada\nSaídaNo-break 1\n Potência \nde 60 kV ANo-break 2\nPotência de \n100 kV ANo-break 3\nPotência de \n20 kV A\nCarga fornecida pelo sistema = 410 kV ANo-break 4\nPotência de \n30 kV ANo-break 5\nPotência de \n80 kV ANo-break 6\nPotência de \n120 kV ARede L ocal Ether netA   Inter face de Ger enciamento \n     \nC  Inter face Shutdown \n     Client \n     LANB  Inter face Shutdown \n     D   Inter face de Ger enciamento Remoto \n  \nE  Adaptador SNMP\n     \nF  Client Shutdown\nG Estação Remota\n    Sof tware com \n    conexão à I nter netMultisser vidor es\nMultiplataf ormas\nMulti-S.O .Porta M icroprocessada DB9\nPorta Contato Seco DB9\nRede Ethernet RJ45', 'S I S T E M A PA R A L E L O M U LT I AT I V O ( E X C L U S I V O C M C O M A N D O S )\nA CM Comandos Lineares desenvolveu um sistema inovador e pioneiro no mundo de paralelismo entre No Breaks. O sistema Paralelo \nMulti Ativo permite a expansão do sistema, de acordo com sua demanda de consumo, podendo paralelar quantas unidades forem \nnecessárias para atender sua demanda, elevando a capacidade do sistema e a confiabilidade de sua aplicação.\nP O S S I B I L I D A D E D E S O M A T Ó R I A D E  P O T Ê N C I A S\nPermite a ligação para somatória de potência, utilizando dois ou mais No \nBreaks para atingir a demanda da carga total.\nQuando utilizado para somatória de potência, possibilita a ligação de \nNo Breaks com potências diferentes. Quando a ligação for feita com No \nBreaks de potências diferentes, a carga será distribuída \nproporcionalmente. Permite a ligação em paralelo redundante N + 1,  N + 2, N + 3 … N+X,  \npossibilitando o desligamento de uma ou mais unidades mantendo a \ncarga ativa.L I G A Ç Ã O E M P A R A L E L O R E D U N D A N T E\nA comunicação entre os No Breaks consiste no barramento de \ncomunicação comum, por onde transitam informações contendo \nnível de carga, sincronismo e a condição do by pass.C O M U N I C A Ç Ã O E N T R E O S N O B R E A K STodos os No Breaks são autônomos, operam de forma \nindependente no sistema e possuem controle individual.N Ã O E X I S T E N O B R E A K M E S T R E O U E S C R A V OPodem ser paraleladas quantas unidades forem necessárias, \npossibilitando expansão do sistema, de acordo com a demanda de \nconsumo.Q U A N T I D A D E I L I M I T A D A P A R A P A R A L E L I S M O\nM A N U T E N Ç Ã O D O N O B R E A K\nPermite a inserção ou retirada de um No Break no sistema, sem a \nnecessidade de parada.Rede Elétrica\nde Entrada\nSaídaNo Break 1\n Potência de \n30 kVANo Break 2\nPotência de \n10 kVANo Break 3\nPotência de \n20 kVA\nCarga fornecida pelo sistema = 150 kVANo Break 4\nPotência de \n30 kVANo Break 5\nPotência de \n20 kVANo Break 6\nPotência de \n40 kVA\nINTERFACES DE \nGERENCIAMENTO   \nREMOTO\nSão compostas por diversas ferramentas. O \nAdaptador SNMP NetMate permite\ngerenciar remotamente o No Break via a \nInternet através de um web browser,\nmonitorar o status e enviar alertas por e-mail. \nO software IP Power é uma ferramenta de \ngerenciamento  Windows Application e a \nversão Client é específica para  automatizar o \nshutdown de servidores, podendo desligar \nautomática e simultaneamente vários\ns e r v i d o r e s  e  e s t a ç õ e s .\nO Adaptador ArmModbus permite integrar \no  N o  B r e a k ,  v i a  u m a  p o r t a\nRS485, a Sistemas de Automação Predial.']","O termo 'Multi Ativo' refere-se a um sistema que permite a utilização de diferentes unidades de No-Breaks em paralelo, possibilitando a expansão e a somatória de potências de acordo com a demanda de consumo. Isso implica que o sistema pode operar com múltiplas fontes de energia, aumentando a capacidade e a confiabilidade, mas não está diretamente relacionado ao contexto financeiro.","O termo 'Multi Ativo' no contexto financeiro refere-se a uma estratégia de investimento que envolve a alocação de recursos em diferentes classes de ativos, como ações, títulos, imóveis e commodities, visando diversificação e otimização de retornos.",0.0,0.0,0.0,0.0,0.97001016136394,0.8333333333333334,0.0,0.7595616806901994,0.3151041666666666,0.3214285714285714,0.0,0.0,1,0,1,0,0
Quais vantagens tem usar somatória de potências com No-Breaks diferentes?,"['SISTEMA PARALELO MULTI ATIVO (EXCLUSIVO CM COMANDOS)\nA CM Comandos Lineares desenvolveu um sistema inovador e pioneiro no mundo de paralelismo entre no-breaks. O sistema \nParalelo Multi Ativo permite a expansão do sistema, de acordo com sua demanda de consumo, podendo paralelar quantas \nunidades forem necessárias para atender sua demanda, elevando a capacidade do sistema e a confiabilidade de sua aplicação.\nPOSSIBILIDADE DE SOMATÓRIA DE  POTÊNCIAS\nPermite a ligação para somatória de potência, utilizando dois ou mais \nNo-Breaks para atingir a demanda da carga total.\nQuando utilizado para somatória de potência, possibilita a ligação de \nNo-Breaks com potências diferentes. Quando a ligação for feita com \nNo-Breaks de potências diferentes, a carga será distribuída \nproporcionalmente. Permite a ligação em paralelo redundante N + 1,  N + 2, N + 3 … N+X,  \npossibilitando o desligamento de uma ou mais unidades, mantendo a \ncarga ativa.\nA comunicação entre os No-Breaks consiste no barramento de \ncomunicação comum, por onde transitam informações \ncontendo nível de carga, sincronismo e a condição do by pass.COMUNICAÇÃO ENTRE OS NO-BREAKSTodos os No-Breaks são autônomos, operam de forma \nindependente no sistema e possuem controle individual.NÃO EXISTE NO-BREAK MESTRE OU ESCRAVOPodem ser paraleladas quantas unidades forem necessárias, \npossibilitando expansão do sistema, de acordo com a demanda \nde consumo.QUANTIDADE ILIMITADA PARA PARALELISMO\nPARALELISMO DO BANCO DE BATERIAS\nPermite paralelismo dos bancos de baterias (quando forem de \nmesma tensão nominal).MANUTENÇÃO DO NO-BREAK\nPermite a inserção ou retirada de um No-Break no sistema, sem a \nnecessidade de parada.INTERFACES  DE  SHUTDOWN  E GERENCIAMENTO  REMOTO\nRede Elétric a\nde Entr ada\nSaídaNo-break 1\n Potência \nde 60 kV ANo-break 2\nPotência de \n100 kV ANo-break 3\nPotência de \n20 kV A\nCarga fornecida pelo sistema = 410 kV ANo-break 4\nPotência de \n30 kV ANo-break 5\nPotência de \n80 kV ANo-break 6\nPotência de \n120 kV ARede L ocal Ether netA   Inter face de Ger enciamento \n     \nC  Inter face Shutdown \n     Client \n     LANB  Inter face Shutdown \n     D   Inter face de Ger enciamento Remoto \n  \nE  Adaptador SNMP\n     \nF  Client Shutdown\nG Estação Remota\n    Sof tware com \n    conexão à I nter netMultisser vidor es\nMultiplataf ormas\nMulti-S.O .Porta M icroprocessada DB9\nPorta Contato Seco DB9\nRede Ethernet RJ45', 'S I S T E M A PA R A L E L O M U LT I AT I V O ( E X C L U S I V O C M C O M A N D O S )\nA CM Comandos Lineares desenvolveu um sistema inovador e pioneiro no mundo de paralelismo entre No Breaks. O sistema Paralelo \nMulti Ativo permite a expansão do sistema, de acordo com sua demanda de consumo, podendo paralelar quantas unidades forem \nnecessárias para atender sua demanda, elevando a capacidade do sistema e a confiabilidade de sua aplicação.\nP O S S I B I L I D A D E D E S O M A T Ó R I A D E  P O T Ê N C I A S\nPermite a ligação para somatória de potência, utilizando dois ou mais No \nBreaks para atingir a demanda da carga total.\nQuando utilizado para somatória de potência, possibilita a ligação de \nNo Breaks com potências diferentes. Quando a ligação for feita com No \nBreaks de potências diferentes, a carga será distribuída \nproporcionalmente. Permite a ligação em paralelo redundante N + 1,  N + 2, N + 3 … N+X,  \npossibilitando o desligamento de uma ou mais unidades mantendo a \ncarga ativa.L I G A Ç Ã O E M P A R A L E L O R E D U N D A N T E\nA comunicação entre os No Breaks consiste no barramento de \ncomunicação comum, por onde transitam informações contendo \nnível de carga, sincronismo e a condição do by pass.C O M U N I C A Ç Ã O E N T R E O S N O B R E A K STodos os No Breaks são autônomos, operam de forma \nindependente no sistema e possuem controle individual.N Ã O E X I S T E N O B R E A K M E S T R E O U E S C R A V OPodem ser paraleladas quantas unidades forem necessárias, \npossibilitando expansão do sistema, de acordo com a demanda de \nconsumo.Q U A N T I D A D E I L I M I T A D A P A R A P A R A L E L I S M O\nM A N U T E N Ç Ã O D O N O B R E A K\nPermite a inserção ou retirada de um No Break no sistema, sem a \nnecessidade de parada.Rede Elétrica\nde Entrada\nSaídaNo Break 1\n Potência de \n30 kVANo Break 2\nPotência de \n10 kVANo Break 3\nPotência de \n20 kVA\nCarga fornecida pelo sistema = 150 kVANo Break 4\nPotência de \n30 kVANo Break 5\nPotência de \n20 kVANo Break 6\nPotência de \n40 kVA\nINTERFACES DE \nGERENCIAMENTO   \nREMOTO\nSão compostas por diversas ferramentas. O \nAdaptador SNMP NetMate permite\ngerenciar remotamente o No Break via a \nInternet através de um web browser,\nmonitorar o status e enviar alertas por e-mail. \nO software IP Power é uma ferramenta de \ngerenciamento  Windows Application e a \nversão Client é específica para  automatizar o \nshutdown de servidores, podendo desligar \nautomática e simultaneamente vários\ns e r v i d o r e s  e  e s t a ç õ e s .\nO Adaptador ArmModbus permite integrar \no  N o  B r e a k ,  v i a  u m a  p o r t a\nRS485, a Sistemas de Automação Predial.']","Usar somatória de potências com No-Breaks diferentes permite a ligação de unidades com potências variadas, o que possibilita a distribuição proporcional da carga. Isso significa que, mesmo que os No-Breaks tenham capacidades diferentes, eles podem trabalhar juntos para atender a demanda total de carga. Além disso, essa configuração permite a implementação de um sistema redundante, onde é possível desligar uma ou mais unidades sem interromper a carga ativa, aumentando a confiabilidade do sistema.","As vantagens de usar somatória de potências com No-Breaks diferentes incluem a possibilidade de distribuir a carga proporcionalmente e a capacidade de realizar ligações em paralelo redundante, permitindo o desligamento de uma ou mais unidades enquanto mantém a carga ativa.",0.99999999995,1.0,0.249999999375,0.2857142857142857,0.8000834934745636,1.0,0.67,0.9017038450905536,0.354,0.390625,0.0,0.0,1,1,1,1,1
O que significa a potência de 60 kV ANo em termos de capacidade elétrica?,"['ESPECIFICAÇÕES TÉCNICAS \nEntrada\nn Tensão: \n    •  3kVA \n100/110/115/120/127 VAC 120V (standard) ou  \n200/208/220/230/240 VAC 220V (standard) \n    •  6kVA / 10kVA\n 200/208/220/230/240 VAC 220V (standard)\nn Variação Admissível:\n   •   3kVA \n55-150 VAC ou 110-300 VAC @ 50% de Carga\n80-150 VAC ou 160-300 VAC @ 100% de Carga\n   •   6kVA / 10kVA \n110-300 VAC @ 50% de Carga\n176-300 VAC @ 100% de Carga \nn Freqüência: 50/60 Hz                           \nn Variação de Freqüência Admissível:   \n    •    3kVA  \n40-70Hz\n    •    6kVA / 10 kVA \n46-54Hz @50Hz e 56-64Hz @60Hz\nn  Configuração:\nMonofásica \nn Fator de Potência:\n≥ 0.99 Tensão nominal (100% de Carga)\nn Distorção Harmônica THDi:\n    •    3kVA\n ≤ 5% @ Tensão de Entrada nominal\n    •    6kVA / 10kVA\n<4% @100% de Carga, <6% @50% de Carga\nSaída\nnTensão: \n    •   3kVA \n100/110/115/120/127 VAC 115V (standard) ou \n200/208/220/230/240 VAC 220V (standard) \n    •   6kVA / 10kVA \n200/208/220/230/240 VAC 220V (standard) \nn Fator de Potência:  1,0\nn Regulação Estática:   ± 1% nominal modo \nbateria\nn Freqüência:   50 / 60 Hz \nn Variação de Freqüência: \n± 0,1Hz em modo bateria\nn Sincronismo com a Rede:   Sim\nn Configuração:   \n Monofásica f+n+t \nn Forma de Onda:   Onda senoidal pura\nn Distorção Harmônica THD:  \n •   3kVA \n    ≤ 2% carga linear \n    ≤ 4% carga não-linear \n •   6kVA / 10kVA \n    ≤ 1% carga linear \n    ≤ 4% carga não-linearBaterias\nn  Composição:  \n    •    72  VDC - 3,0 kVA \n    •     240 VDC - 6,0 kVA \n    •     240 VDC - 10,0 kVA \nn  Sistema de Recarga: \ncontrolado, automático\nn Tempo de Recarga:  \n8 a 10 horas para 90% da carga\nn Tipo: \nseladas, isentas de manutenção\nn  Paralelismo Redundante (N+1) \n»  Disponível nas potências de 6 e 10kVA\nn By-pass estático (inteligente):  \nO termo inteligente aplica-se, visto que a linha \nComposition XV  possui desligamento da saída da \nchave estática em condições que, a tensão da rede \napresenta variações fora da faixa de trabalho, prote -\ngendo a carga contra sub ou sobre tensão mesmo \nna condição de by-pass estático.', 'Av. Eng . Alber to de Zagottis , 760 - 04675-085 -  São P aulo - SP\nPhone .: (11) 5696-5000\nwww.cmcomandos .com.br\nSistema de \nSustentabilidade A uditadoOSD  N LI A NM EO AC R EM SCISO\n90012015\nQ Y UALIT600.000 600,0 1835 x 1444  x 1555  1680\n700.000 700,0 1835 x 1444  x 1555  1760\n800.000 800,0 1835 x 1444  x 1555  1840\nCM MK T JAN - 24  -   As especificações estão sujeitas a alterações sem aviso pr évio e conf orme necessidades de pr ojetos customizados . Nós incentivamos a r eciclagemLinha TI - Trifásic o Isolado\n  10.000   10,0   900 x 360  x  860       180\n  15.000   15,0   900 x 360  x  860       210\n  20.000   20,0   900 x 360  x  860       235\n30.000   30,0 1300 x 360  x  988       300\n40.000   40,0 1300 x 360  x  988      370\n50.000   50,0 1300 x 360  x  988      420\n75.000   75,0 1532 x 540  x 1070      596\n100.000 100,0 1532 x 540  x 1070      730\n150.000 150,0 1532 x 720  x 1070     1050\n200.000 200,0 1532 x 720  x 1070     1150\n250.000 250,0 1835 x 1444  x 1555   1350\n300.000 300,0 1835 x 1444  x 1555   1430\n400.000 400,0 1835 x 1444  x 1555   1520\n500.000 500,0 1835 x 1444  x 1555   1600Modelo Potência\nkVAAlt x Larg x P rof Peso\nmmkg\nLinha TA - Trifásic o com A utotr afo\n* Outras potências sob consultaDIMENSÕES FÍSICAS Entr ada\n   Tensão:  \n    \n    •380/220V ou 220/127V  - modelos TI - standar d\n    \n    •Outras tensões sob consulta\n  Variação A dmissív el:\n   \n    •± 16% da tensão nominal\n   Frequência:  50 ou 60 H z \n   Variação de F requência A dmissív el:  ± 5%\n \n  Configur ação:   Trifásica: 3F + N + T\n \n Fator de P otência:   0,8\nSaída\n  Potências Disponív eis:  \n \n    • 10 / 15 / 20 / 30 / 40 / 50 / 75 / 100 / 150 / 200\n       250 / 300 / 400 / 500 / 600/ 700/ 800 kV A\n \n    • Outras potências sob consulta\nTensão:  \n \n    • 220/127V\n \n    • 380/220V\n \n    • Outras tensões sob consulta\nRegulação Estática:  ± 1% nominal \n Frequência:  50 ou 60 H z \n \n  Configur ação:  Trifásica:  3F +N +  T\n  Fator de P otência:   0,']","A potência de 60 kVA refere-se à capacidade elétrica de um sistema, indicando a quantidade máxima de energia que pode ser fornecida. Essa medida é utilizada para descrever a potência aparente em circuitos elétricos, que é a combinação da potência ativa (real) e da potência reativa. Em termos práticos, um sistema com essa potência pode alimentar equipamentos que requerem essa quantidade de energia, considerando também o fator de potência do sistema.","A potência de 60 kV ANo refere-se a uma capacidade elétrica de 60 quilovolt-amperes, que é uma medida de potência aparente em sistemas elétricos.",0.0,0.0,0.0,0.0,0.7960487563788862,0.0,0.44,0.7248519504498454,0.25,0.3454545454545454,0.0,0.0,1,0,1,1,1
Quais são os principais valores que a CM Comandos destaca em seus produtos e soluções?,"['Inovação, qualidade, tecnologia\ne confiabilidade. Marcas das\nsoluções CM Comandos Lineares\nCom mais de 40 anos de atuação, a CM Comandos é hoje uma das \nmaiores fabricantes de No-Breaks da América Latina. Além disso, é líder\nabsoluta em soluções para o mercado corporativo. Certiﬁ  cada pela norma ISO-900:2015, a CM Comandos \nressalta o seu compromisso com a excelência dos seus produtos e a total satisfação dos seus clientes.A EMPRESA\nOs  No-Breaks  da  CM  Comandos  são  indicados  para aplicações de  \nmissão crítica, nas mais variadas corporações, oferecendo proteção \ncontra distúrbios de energia elétrica, tais como: cortes, micro-cortes, ruídos, distorção harmônica, picos, \ntransientes, sub e sobretensão e variação de frequência.APLICAÇÕES\nOs equipamentos da CM Comandos operam com maior precisão, agre-\ngam maior número de funções e são mais seguros. Características\nque geram alta conﬁ  abilidade e produtividade nas mais variadas aplicações, minimizam falhas e,\nconsequentemente, custos de manutenção. Em resumo, ser um cliente CM Comandos signiﬁ  ca ter o \nretorno do capital investido e garantias que só uma empresa com amplo suporte técnico pode oferecer.BENEFÍCIOS\nAo escolher a marca CM Comandos Lineares você conta com o melhor supor-\nte técnico de pré e pós-venda da empresa que se consolidou ao longo  des-\ntes 40 anos como líder de mercado. Instrumentação de ponta, proﬁ  ssionais\naltamente qualiﬁ  cados, disponibilidade de atendimento 24 horas, sete dias da semana, call \ncenter e processos certiﬁ  cados que asseguram a excelência dos nossos serviços de suporte.SUPORTE\nTÉCNICO', 'A E M P R E S ACom mais de 35 anos de atuação, a CM Comandos é hoje \numa das maiores fabricantes de No-Breaks da América \nLatina. \nAlém disso, é líder absoluta em soluções para o mercado corporativo. Certificada pela \nnorma ISO-9001:2015, a CM Comandos ressalta o seu compromisso com a excelência \ndos seus produtos e a total satisfação dos seus clientes.Inovação, qualidade, tecnologia\ne confiabilidade. Marcas das\nsoluções CM Comandos Lineares\nA P L I C A Ç Õ E SOs No Breaks  da CM Comandos Lineares são indicados para aplicações \nde missão crítica, nas mais variadas corporações, oferecendo proteção \ncontra distúrbios de energia elétrica, tais como: cortes, micro cortes, ruídos, distorção harmônica, \npicos, transientes, sub e sobre tensão e variações de frequência.\nS U P O R T E\nT É C N I C OAo  escolher  a marca  CM Comandos  Lineares  você  conta com o melhor \nsuporte  técnico  de pré e pós-venda da empresa que se consolidou ao longo \ndestes 36  anos como  líder  de  mercado.\nInstrumentação de ponta, profissionais altamente qualificados, com cobertura nacional e \ndisponibilidade de atendimento 24 horas, sete dias por semana, call center e processos certificados \nque asseguram a excelência dos  nossos serviços  de  suporte.B E N E F Í C I O SOs equipamentos da CM Comandos operam com maior precisão, \nagregam maior número de funções e são os mais seguros. \nCaracterísticas que geram alta confiabilidade e produtividade nas mais variadas aplicações, \nminimizam falhas e, consequentemente,  custos de manutenção. Em resumo,  ser um cliente da \nCM Comandos significa ter o retorno do capital investido e garantias que  só uma empresa com \namplo suporte técnico pode oferecer.\nCM COMANDOS LINEARES\nOSD L NI A NM EA OR CEM SCISO\n9001\n2015']","Os principais valores que a CM Comandos destaca em seus produtos e soluções são inovação, qualidade, tecnologia e confiabilidade. Além disso, a empresa enfatiza seu compromisso com a excelência dos produtos e a total satisfação dos clientes.","Os principais valores que a CM Comandos destaca em seus produtos e soluções são inovação, qualidade, tecnologia e confiabilidade.",0.99999999995,1.0,0.999999998,0.3333333333333333,0.9645030993130096,1.0,0.8,0.969581212826853,0.5352697095435685,0.676923076923077,1.0,0.0,1,1,1,1,1
Qual é a relação entre o adaptador SNMP e a letra C mencionada no texto?,"['REGISTRO PERMANENTE\nDE E VENT OSCORREÇÃO DO  F ATOR DE*POTÊNCIA\nO DSP ar maz ena os ev entos em sua memór ia EEPR OM. \nFunciona como uma “caixa-pr eta”, sendo possív el rastr ear os \nvalor es das medições e a posição das cha ves int ernas, \ndenunciando ev entuais er ros de operação .Conhecido pela sigla PFC - P ower Factor Correction, est e \nsistema per mite que o F ator de P otência de Entrada do \nNo-Break seja 0.99 - cor rigindo os ef eitos das car gas não \nlinear es e har mônicas conec tadas na saída do No -Break.-INTERF ACES DE GERENCIAMENT O\nREMO TO\nSão compostas por div ersas f erramentas . O A daptador SNMP NetM ate \npermite ger enciar r emotament e o No -Break via a I nternet atra vés de \num w eb br owser , monit orar o status e en viar aler tas por e -mail . \nO sof tware IP P ower é uma f erramenta de ger enciament o  Windows \nApplication e a v ersão Client é específica para  aut omatizar o shut down \nde ser vidor es, podendo desligar aut omática e simultaneament e vár ios \nservidor es e estações . \nO Adaptador Ar mModbus per mite int egrar o No -Break, via um\nRS485, a Sist emas de A utomação P redial atra vés do pr otocolo M odbus .a por ta INTERF ACES  DE  SHUTDO WN  \nE GERENCIAMENT O  REMO TO\nPorta M icroprocessada DB9A   Inter face de Ger enciamento Remoto \n  \nB   Adaptador SNMP\n     \nMultisser vidor es\nMultiplataf ormas\nMulti-S.O .C   Client Shutdown\nD  Estação Remota\n     Sof tware com \n     conexão à I nter net\nRede Ethernet RJ45', '000m\nn  Tipo de Ambiente Recomendado:\n    •    Interno, instalação abrigada\n    •    Atmosfera: limpa, livre de partículas conduti -\nvas, gases tóxicos, líquidos e inflamáveis.\nn  Grau de Proteção: IP-20\nInterface de Gerenciamento\nn Mono e multiusuário, cliente-server e multi -\n-server\nn  Vários servidores em um único No-Break\nn  Ferramentas de Shutdown e Gerenciamento\nn  Protocolos:\n    •    Serial RS232\n    •    Serial RS485*  \n    •    SNMP/Telnet/http/TCP/IP*\nn  Softwares de Gerenciamento*\n    •    View Power\n    •    View Power Pro \n    •    SNMP Web Manager \nn  Ambientes e Sistemas Operacionais: \n    •    Windows 8/ 10 / 2010  \n    •    View Power Pro \n    •    Linux*\n(Marcas dos respectivos fabricantes)\n*Opcional\nCM MKT AGO 24 - As especificações estão sujeitas a alterações sem prévio aviso.                   Nós incentivamos a reciclagem.\nAv. Eng. Alberto de Zagottis , 760 - 04675-085 - São Paulo - SP\nTel.:(11) 5696-5000\nwww.cmcomandos.com.brSistema de \nSustentabilidade Auditada  Modelo Peso (com \nbaterias)\nkg Dimensões Físicas \nalt x larg x prof \nmm Potência \nkVA\n1250         1,25         421 x 190 x 318       15,3          \n2000          2,0           421 x 190 x 319       15,3']","A letra C mencionada no texto refere-se à interface de gerenciamento remoto, que inclui um software de conexão à Internet. O adaptador SNMP permite gerenciar remotamente o No-Break via a Internet, possibilitando monitorar o status e enviar alertas por e-mail. Portanto, a relação entre o adaptador SNMP e a letra C é que ambos estão associados à funcionalidade de gerenciamento remoto do No-Break.","A relação entre o adaptador SNMP e a letra C mencionada no texto não é clara, pois o contexto fornecido é muito limitado.",0.49999999995,1.0,0.0,0.5,0.4295646485417226,0.5,0.0,0.7059519988845077,0.2216624685138538,0.2696629213483146,0.0,0.0,1,0,1,1,1
Qual é a importância do fator de potência de 0.99* nas especificações técnicas do equipamento?,"['ESPECIFICAÇÕES TÉCNICAS \nEntrada\nn Tensão: \n• 380/400/415V\n• 200/208/220V\nn Variação Admissível:\n± 25% da tensão nominal\nn Freqüência: 50/60 Hz                           \nn Variação de Freqüência Admissível:  ± 8%\nnCon/f_i  guração: 3F + N + T\nn Fator de Potência: 0,99\nSaída\nn Tensão: \n• 380/400/415V\n• 200/208/220V\nn Potências Disponíveis:\n• 380/400/415V - 25 e 50 kW Modular\n• 200/208/220V- 30 kW Modular\nnRegulação Estática:  ± 1% nominal \nnFreqüência:  50 / 60 Hz \nnVariação de Freqüência:  0,10%\nnCon/f_i  guração:  3F + N + T \nn  Forma de Onda:  senoidal\nn  Distorção Harmônica THD:  ≤ 1% carga linear \nn Fator de Crista:   3:1 \nn  Capacidade de Sobrecarga: \n• 110% por 1 hora; 125% por 10 minutos; \n• 150% por 1min; 150% por 200 ms.', '00      X 280 X 647         97\n    7500       7,50     787 X 280 X 647        116\n   10000    10,00     815 X 480 X 875        204\n   15000    15,00     815 X 480 X 875        259787Peso (com \nbaterias)\nkgn    \nn   \nn   \nn  \nn   \nn   Upg rade de F irmware   On-Line - Dupla Con versão\nRetificador - I nversor - Banco de Bater ias\nBypass Estático \n Contr ole Dig ital M icroprocessador DSP\nInversor a M ódulo IGBT de Alta F requência \nCertificação de \nSustentabilidade A uditadaOSD  N LI A NM EO AC R EM SCISO\n90012015\nAv. Eng . Alber to de Zagottis , 760 - 04675-085 -  São P aulo - SP\nTel.: (11) 5696-5000 \nwww.cmcomandos .com.brEntr ada\nTensão:  \n    •220 V \n Variação A dmissív el:\n   \n    •± 15% da tensão nominal\nFrequência:  50 ou 60 H z\nVariação de F requência A dmissív el:   + 6%  - 4% \nConfigur ação:\n    \n    •Monofásico : F + N + T\n    \n    •Bifásica: F + F + T\nFator de P otência:\n    \n    •0,8     \n    •0,99*\nPotências Disponív eis:  \n   \n    •5 kV A / 3,5 kW\n   \n    •7,5 kV A / 5,25 kW\n   \n    •10 kV A / 7,0 kW\n   \n    •15 kV A / 10,5 kW\nRegulação Estática:  ± 1% nominal\nFrequência:  50 ou 60 H z\n \nVariação de F requência:  • ± 0,05% em modo bater ia\nConfigur ação:\n     \n    • Monofásico: F + N + T\n     \n    • Bifásica: F + F + T\nFator de P otência:  0,7\nForma de Onda:  senoidal\n Distorção Harmônica THD:  inferior a 1%, total\n  Fator de Crista:  3:1\nCapacidade de Sobr ecar ga:  125% durante25s\nRendimento:  90%\nBaterias\n \nTensão de Linha: 192 VDC\nSistema de Recar ga: contr olado , automático\nTempo de Recar ga: 8 a 10 horas para 90% da car ga\nTipo:  seladas , isentas de manutençãon   \nn  \n \nn    \nn   \nn   \nn   \nn\nn   \nn   \nn    \nn   \nn   \nn   \nn   \nn  \nn \nn   \nn   \nn    \nn   \nn   \nn       \nSaída\nTensão:  \n    • 220 V ( standar d )   Tecnologia\nCM.MK T SET 2021 - As especificações estão sujeitas a alterações sem pr évio aviso . Nós incentivamos a r eciclagem\n * Opcional']","O fator de potência de 0,99* nas especificações técnicas do equipamento indica uma eficiência elevada na utilização da energia elétrica. Um fator de potência próximo de 1 significa que a maior parte da energia consumida está sendo convertida em trabalho útil, minimizando perdas de energia. Isso é importante para garantir um desempenho otimizado do equipamento, reduzir custos operacionais e evitar penalizações em tarifas de energia elétrica, além de contribuir para a sustentabilidade ao diminuir o desperdício de energia.","O fator de potência de 0.99* é importante nas especificações técnicas do equipamento porque indica uma alta eficiência na utilização da energia, reduzindo perdas e melhorando o desempenho do sistema.",0.99999999995,0.0,0.0,0.0,0.919659521602571,1.0,0.73,0.9213248707524702,0.28,0.432,0.0,0.0,1,0,1,1,1
Quais tipos de evento pode gerar uma Mensagem por e-mail no sistema mencionado?,"['APLICAÇÕES\nREGISTRO  PERMANENTE\nDE  EVENTOS  INTERNOSATUALIZAÇÃO DE FIRMWARE\nEste recurso permite que a Rede de Assistência Técnica realiz e \na atualização da versão do firmware que roda no chip DSP. \nCom isto, pode implementar melhor ias, agregar novos \nrecursos, customizar as características e preservar o \ninvestiment o mant endo -o atualizado . O DSP armaz ena os últimos 25.500 registros em sua memór ia \ninterna. Mesmo com o Estabilizador de T ensão desligado , os \ndados continuam gravados .\nFunciona como uma ""caixa-pr eta"", sendo possív el rastr ear os \nvalor es das medições e status de alarmes , auxiliando a equipe \nde supor te nas manut enções preventivas e corretivas . Os \neventos são registrados com rubr ica de data e hora, através do \nRTC Real Time Clock - Relóg io em Tempo Real interno.\nPorta Serial\n• RS232:Inter face Remota:\n• Upg rade fir mware\n• Acesso a ev entos\n• Configuração e SetupnAutomação Bancár ia\nn Automação C omer cial\nnAutomação I ndustr ial\nnAutomação de P rocessos Gráficos\nnSistemas M édicos de Diag nóstico e I magem\nnTelecomunicações\nnTecnolog ia da I nformação\nnTomóg rafos e Ressonâncias M agnéticas\nnTornos e F resas de C omando Numér ico - CNC\nnEquipament os de Eletr oerosão\nn Puncionadeiras e C orte a Laser CNC\nn Conversor es de F requência\nn Impr essoras a Laser \nn Fotocopiadoras\nn Transmissor es\nn PDVs\nn Mainframes\nn Microfilmagem\nDISPLAY - LCD - CRISTAL LÍQUIDO \nRETROILUMINADO', 'Bypass Estátic o\nAcionamento:  automático , contr olado pelo DSP\nTempo de Transf erência:  0ms (nulo)\nRetr ansf erência ao Modo Normal:  automática \nBypass Manual de Manutenção\nAcionamento:  manual , atrav és de disjuntorn   \nn   \nn   \nn   \nn   \nn   Permite manutenção do No -Break, sem desligar a\n   car ga\nReposição ao Modo Normal:  sem inter rupção\nAlarmes\nContr olados pelo pr ocessador DSP\nTipos de Alarmes:\n    •Sonor os:\n       »  F alta de Rede: 1 toque por segundo  \n       »  P ré-alar me das Bater ias: 2 toques por segundo  \n       »  F alha I nterna do No -Break\n    \n    •Mensagens de Aler ta:\n       »  Display de Cr istal Líquido\n       »  Sof tware IP P ower via TCP/IP*\n       »  M ensagem por e -mail*:\n           -  Operação Nor mal\n           -  F alha de Rede\n           -  P ré-alar me de Bater ias\n           -  B ypass Estático \n           -  B ypass M anual \n           -  Sobr ecar ga de Saída\n           -  F alha I nterna n   \nn   \n   Log de E ventos\nRegistr os Armaz enados:\n    •Reg istro em memór ia EEPR OM\n    \n    •Indicação de data, hora e ocor rência\n    \n    •Medições\n    \n    •Status de operação e alar mes do painel\n   \n    •Status chav es inter nasn   \n   \nProteção Elétricas\nSub e Sobr etensão de Entrada e Saída\nSub e Sobr etensão DC e Bater ia\nSobr ecar ga e C urto-Circuito\nMínima Descar ga de Bater ian     \nn     \nn     \nn     \nMedições\nTrue RMS\nPotência de Saída em kV A\n Potência de Saída em kW\nFator de P otência de Saída\nTensão de Saída\nCorrente de Saída\nFrequência de Saída\nTensão de Bater ia\nTensão de Entrada\nFrequência de Entradan   \nn   \nn  \nn   \nn   \nn   \nn   \nn   \nn   \nn   Características Físicas e Mecânicas\nDimensões Compac tas \n Display : LCD - cr istal líquido r etroiluminado\nEstrutura do G abinete: \n    •Rack: metálico \n    \n    •Painel F rontal: em ABS de alta r esistência \n    \n    •Tampas laterais e super ior removív eis \n    \n    •Acabamento: pintura epó xi-pó na cor g rafite\n       com tratamento tér mico e anticor rosivo \n Movimentação: por r odízios autossustentáv eis \nRodízios com travas*\nTransf ormador Isolador (blindagem eletr ostática*)\nPorta de Comunicação\n    \n    •Serial RS232C Isolada F ull Duplex -DB9 F êmea\n   \n    •Contato Seco DB9 F êmea\nInter faces de G erenciamento\n Mono e multiusuár io, cliente -server e multi-ser ver\nVários ser vidor es em um único No -Break\nFerramentas de Shutdown e Ger enciamento\nProtocolos:\n   \n    •Ser ial RS232 \n    \n    •Serial RS485*\n    \n    •SNMP / Telnet / http / TCP/IP*\nSoftwares de Ger enciamento*\n   \n    •IP P ower e IP P ower SE\n    \n    •Adaptador SNMP NetM ate \n    \n    •Adaptador Ar mModbus RS485\nAmbientes e Sistemas Operacionais\n   \n    •W indows 8 / 10 / 2010 \n    \n    •Linux * \n       (Mar cas dos r espec tivos fabricantes)n   \nn  \nn   \nn   \nn    \nn    \nn     \nn  \nn   \nn   \nn   \nn   \nn       \n    5000       5,00      X 280 X 647         97\n    7500       7,']","Os tipos de evento que podem gerar uma Mensagem por e-mail no sistema mencionado incluem:

- Operação Normal
- Falha de Rede
- Pré-alarme de Baterias
- Bypass Estático
- Bypass Manual
- Sobrecarga de Saída
- Falha Interna","Os tipos de evento que podem gerar uma Mensagem por e-mail no sistema mencionado incluem: Operação Normal, Falha de Rede, Pré-alarme de Baterias, Bypass Estático, Bypass Manual e Sobrecarga de Saída.",0.49999999995,1.0,0.2857142853061225,0.1428571428571428,0.9774636536444882,1.0,0.92,0.975784767291808,0.8687782805429864,0.9589041095890412,0.0,0.0,0,1,1,1,1
O que 'CONCEPTION' quer dizer no texto?,"['Digital Signal ProcessorNo-BreakMulti Ativo\nTrifásico\nCM COMANDOS LINEARESCONCEPTION', 'Alta Tecnolog ia em\nProcessament o Dig ital\nde Sinais - DSP\nOS MAIS MODERNOS\nNO-BREAKS CORPORATIVOSVivemos em um mundo cada v ez mais ág il e prático . Um mundo conec tado por pr ocessador es, chips , softwares e \nperiféricos. Mas isso ainda não é o bastant e. Por isso , o mundo caminha para t ecnolog ias de pr ocessament o imediat o \nde dados . A CM C omandos Linear es está um passo à fr ente e of erece aos seus client es pr odut os dotados de uma \ntecnolog ia revolucionár ia, denominada P rocessament o Dig ital de Sinais - - DSP .\nToda a linha de No -Breaks  \nconta com a t ecnolog ia DSP .  Carac terística que \npropor ciona alta per formance e confiabilidade , Conception Multi Ativ o \npara aplicações de missão cr ítica. Ou seja, pr otegem as aplicações nas quais a continuidade da operação é de \nfundamental impor tância.\nequipament os pode ser atualizado , \nacrescentando novas funções em \nunidades já instaladas . Hoje , esta t ecnolog ia está pr esent e nos mais sofisticados sist emas eletr ônicos , devido à sua alta v elocidade e \nconfiabilidade . Processador es Dig itais de Sinais são capaz es de pr ocessar dez milhões de amostragens por segundo . \nIsso sig nifica pr ocessament o em t empo r eal -- o sinal é pr ocessado no mesmo instant e em que é r ecebido , sem \nretardos ou atrasos .\nProjetados com o uso int enso dos r ecursos da t ecnolog ia DSP ,  os No -Breaks C onception Multi Ativ o  ag regam nov os  \ne avançados r ecursos , que estabelecem um nov o conceit o em desen volviment o, no qual o fir mware dos \nAdquir indo No -Breaks , cont e com as \nsoluções da CM C omandos , que \nasseguram t ecnolog ia de ponta, \nmáxima pr oteção , precisão dig ital e \nprocessament o em t empo r eal.  Modelo 300kV A']","No texto, 'CONCEPTION' refere-se a uma linha de produtos de No-Breaks desenvolvidos pela CM Comandos Lineares, que utilizam tecnologia de Processamento Digital de Sinais (DSP) para oferecer alta performance e confiabilidade em aplicações críticas.","'CONCEPTION' refere-se ao ato ou processo de conceber, que pode incluir a formação de ideias ou a criação de algo novo.",0.0,0.0,0.0,0.0,0.8949625852430451,1.0,0.0,0.5101604179301538,0.3238866396761133,0.2258064516129032,0.0,0.0,1,1,1,1,1
O que significa o termo 'Transformerless' e quais são suas implicações?,"['TECNOLOGIA ON LINE COM BYPASS ESTÁTICO DE MANUTENÇÃO\nINTERFACE DE GERENCIAMENTO REMOTO\nAs Interfaces de Gerenciamento Remoto são compostas por diversas ferramentas, sendo elas: \n•  O Adaptador SNMP que permite gerenciar remotamente o No-Break via Internet através de um web browser,  monitorar o status \ne enviar alertas por e-mail. \n• O software, uma ferramenta de gerenciamento Windows Application e a versão Client é especíﬁ  ca para automatizar o shutdown \nde servidores, podendo desligar automática e simultaneamente vários servidores e estações. \n• O Adaptador Modbus permite integrar o No-Break, via uma porta RS485, a Sistemas de Automação Predial.\nBypass Estático\nSistema de proteção que, em caso de \nproblemas, transfere automaticamente \na carga para um circuito alternativo, sem \ninterrupção no fornecimento de energia.Bypass Estático de Manutenção\nPermite a transferência e o retorno da carga do No-Break para um circuito \nalternativo de fornecimento de energia, para atividades de manutenção. \nEm quaisquer situações, o fornecimento de energia é contínuo, sem \ninterrupções.\nBanco de Baterias\nArmazena energia reserva para alimentar o No-Break \ndurante um período predeterminado, denominado como \ntempo de autonomia do No-Break.Retificador\nConverte a energia da\nrede elétrica da concessionária\n ou do grupo gerador em\ncorrente contínua, corrigindo \nou eliminando distúrbios\nda entrada do sistema.\nCorrente alternada de entradaCorrente contínua Corrente alternada de saída\nCorrente alternada Bypass estáticoCorrente alternada Bypass estático\nde manutenção\nInversor\nConverte a corrente contínua do \nretiﬁ  cador ou das baterias em corrente \nalternada de saída, com forma de onda \nsenoidal pura, livre de distúrbios.\nRetificador\nConverte a energia da\nrede elétrica da concessionária\n ou do grupo gerador em\nInversor\nConverte a corrente contínua do \nretiﬁ  cador ou das baterias em corrente \nalternada de saída, com forma de onda', 'Alta Tecnologia em\nProcessamento Digital\nde Sinais - DSP\nO S M A I S M O D E R N O S\nN O B R E A K S C O R P O R AT I V O SVivemos em um mundo cada vez mais ágil e prático. Um mundo conectado por processadores, chips, softwares e \nperiféricos. Mas isso ainda não é o bastante. Por isso, o mundo caminha para tecnologias de processamento imediato \nde dados. A CM Comandos Lineares está um passo à frente e oferece aos seus clientes produtos dotados de uma \ntecnologia revolucionária, denominada Processamento Digital de Sinais -- DSP .\nToda a linha de No Breaks Innovation S1 Trifásico  \nTransformerless conta com a tecnologia DS P.   \nCaracterística que proporciona alta performance e \nconfiabilidade, tornando-os ideais para aplicações de missão crítica. Ou seja, protegem as aplicações nas quais a \ncontinuidade da operação é de fundamental importância.\ndos equipamentos pode ser atualizado, \nacrescentando novas funções em \nunidades já instaladas. Hoje, esta tecnologia está presente nos mais sofisticados sistemas eletrônicos, devido à sua alta velocidade e \nconfiabilidade. Processadores Digitais de Sinais são capazes de processar dez milhões de amostragens por segundo. \nIsso significa processamento em tempo real -- o sinal é processado no mesmo instante em que é recebido, sem \nretardos ou atrasos.\nProjetados com o uso intenso dos recursos da tecnologia DSP ,  os No Breaks Innovation Trifásico Transformerless  \nagregam novos  e avançados recursos, que estabelecem um novo conceito em desenvolvimento, no qual o firmware \nAo pensar em adquirir No Breaks,     \nconte com as soluções da\nCM Comandos, que asseguram \ntecnologia de ponta, máxima proteção, \nprecisão digital e processamento        \nem tempo real.']","O termo 'Transformerless' refere-se a uma tecnologia utilizada em sistemas de No Breaks que elimina a necessidade de transformadores tradicionais na conversão de energia. As implicações dessa abordagem incluem uma redução no tamanho e peso do equipamento, maior eficiência energética e uma resposta mais rápida às variações de carga. Isso resulta em um desempenho superior, especialmente em aplicações críticas onde a continuidade da operação é essencial. Além disso, a tecnologia permite um design mais compacto e facilita a integração em ambientes onde o espaço é limitado.","O termo 'Transformerless' refere-se a sistemas ou circuitos que operam sem o uso de transformadores. As implicações incluem a redução de tamanho e peso dos dispositivos, além de potencialmente aumentar a eficiência, mas também podem resultar em desafios relacionados à isolação elétrica e à gestão de tensões.",0.49999999995,0.0,0.0,0.3636363636363636,0.7909298271289695,0.4545454545454545,0.63,0.8796857044091024,0.3704347826086956,0.326797385620915,0.0,0.0,1,0,1,1,1
benefícios aplicações missão crítica No Breaks CM Comandos Lineares,"['A EMPRESA Com mais de 38 anos de atuação, a CM Comandos é hoje \numa das maiores fabricantes de No-Breaks da América Latina. \nAlém disso, é líder absoluta em soluções para o mercado corporativo. Certificada pela \nnorma ISO-9001:2015, a CM Comandos ressalta o seu compromisso com a excelência \ndos seus produtos e a total satisfação dos seus clientes.Inovação, qualidade, tecnologia\ne confiabilidade. Marcas das\nsoluções CM Comandos Lineares\nAPLICAÇÕES Os No -Breaks da CM C omandos Linear es são indicados para \naplicações de missão cr ítica, nas mais var iadas cor porações ,  \noferecendo pr oteção contra distúr bios de ener gia elétr ica, tais como: cor tes, micr o cor tes, \nruídos , dist orção har mônica, picos , transient es, sub e sobr e tensão e var iações de fr equência.\nSUPORTE\nTÉCNICOAo escolher a mar ca CM C omandos Linear es você conta com \no melhor  supor te técnico de pr é e pós- venda da empr esa que \nse consolidou ao longo dest es 38 anos como líder de \nmercado . Instrumentação de ponta, pr ofissionais altament e qualificados , com \ncober tura nacional e disponibilidade de at endiment o 24 horas , sete dias por \nsemana, call cent er e pr ocessos cer tificados  asseguram a ex celência dos nossos \nserviços de supor te.BENEFÍCIOSOs equipament os da CM C omandos operam com maior pr ecisão , \nagregam maior númer o de funções e são os mais segur os. \nCarac terísticas que geram alta confiabilidade e pr odutividade nas mais var iadas aplicações , \nminimizam falhas e , consequent ement e, cust os de manut enção . Em r esumo ,                               \nser um client e da CM C omandos sig nifica t er o r etorno do capital in vestido e garantias            \nque só uma empr esa com amplo supor te técnico pode of erecer .\nOSD  L NI A NM EA OR C EM SCISO\n90012015', 'OSD  L NI A NM EA OR C EM SCISO\n90012015\nA EMPRESACom mais de 38 anos de atuação, a CM Comandos é hoje \numa das maiores fabricantes de No-Breaks da América Latina. \nAlém disso, é líder absoluta em soluções para o mercado corporativo. \nCertificada pela norma ISO-9001:2015 a CM Comandos ressalta o seu compromisso \ncom a preservação do meio ambiente, a excelência dos seus produtos e a total \nsatisfação dos seus clientes.\nAPLICAÇÕES Os No -Breaks da CM C omandos Linear es são indicados para \naplicações de missão cr ítica, nas mais var iadas cor porações ,  \noferecendo por teção contra distúr bios de ener gia elétr ica, tais como cor tes, micr o cor tes, \nruídos , dist orção har mônica, picos , transient es, sub e sobr e tensão e var iações de fr equência.\nSUPORTE\nTÉCNICOAo escolher a mar ca CM C omandos Linear es, você conta com o \nmelhor  supor te técnico de pr é e pós- venda da empr esa que se \nconsolidou ao longo dest es 38 anos como líder de mer cado .\nInstrumentação de ponta, pr ofissionais altament e qualificados , com cober tura \nnacional e disponibilidade de at endiment o 24 horas , sete dias da semana, call \ncent er e pr ocessos cer tificados ,  asseguram a ex celência dos nossos ser viços de \nsupor te.BENEFÍCIOSOs equipament os da CM C omandos operam com maior pr ecisão , \nagregam maior númer o de funções e são os mais segur os. \nCarac terísticas que geram alta confiabilidade e pr odutividade nas mais var iadas aplicações , \nminimizam falhas e , consequent ement e, cust os de manut enção . Em r esumo ,                               \nser um client e da CM C omandos sig nifica t er o r etorno do capital in vestido e garantias            \nque só uma empr esa com amplo supor te técnico pode of erecer .Inovação, qualidade, tecnologia\ne confiabilidade. Marcas das\nsoluções CM Comandos Lineares\nOSD  L NI A NM EA OR C EM SCISO\n90012015']","Os No-Breaks da CM Comandos Lineares são projetados para aplicações de missão crítica, oferecendo proteção contra diversos distúrbios de energia elétrica, como cortes, micro cortes, ruídos, distorção harmônica, picos, transientes, sub e sobre tensão, e variações de frequência. Os benefícios incluem maior precisão no funcionamento, um número elevado de funções, e alta segurança, resultando em confiabilidade e produtividade nas mais variadas aplicações. Isso minimiza falhas e, consequentemente, os custos de manutenção, garantindo um retorno do capital investido.","Os No Breaks da CM Comandos Lineares oferecem proteção contra distúrbios de energia elétrica, sendo indicados para aplicações de missão crítica em diversas corporações.",0.99999999995,1.0,0.1999999996,0.6666666666666666,0.7188079873350307,0.8888888888888888,0.19,0.8750128293997457,0.2614840989399293,0.3255813953488372,0.0,0.0,1,1,1,1,1
Quais são as especificações dos cabos de medição utilizados para a medição de impedância dos módulos Equalizer?,"['Manutenção sem desligar o sistema\nOs testes de bater ia individuais são possív eis \nremotamente , sem o esf orço para desligar as bater ias. \nAs manutenções e as análises  de bater ia podem ser \nrealizadas em condições r eais de operação , sem a \nnecessidade de paradas no sistema.\nOtimiza a manutenção em campo\nA equipe de manutenção se desloca somente quando \nhá inter venções cor retivas e dir etas na bater ia que \napresentar def eito na ocor rência de alar mes ou na \nanálise de diag nóstico e , é clar o, reduz enor mes custos \noperacionais .\nOSD  N LI A NM EO AC R EM SCISO\n90012015\nAv. Eng . Alber to de Zagottis , 760 - 04675-085 -  São P aulo - SP\nTel.: (11) 5696-5000 \nwww.cmcomandos .com.br\nSistema de \nSustentabilidade A uditado\nCM MK T FEV 2022 - As especificações estão sujeitas a alterações sem pr évio aviso . Nós incentivamos a r eciclagemESPECIFICAÇÕES  TÉCNICAS\nCabos de Medição\nPara medição de impedância dos módulos Equaliz er \nMódulos M12 - 12VDC ( Terminais M6,  M8 e M10) \nCabos de C omunicação\nCabos para comunicação entre os módulos Equaliz er (025m \na 10m)Master C ontr oller \nContr ola os módulos de bater ias e f ornece a inter face para ger enciamento r emoto .\nHar dware:  \nProcessador:   ARM Cor tex A7 696 MH z • 512 MB memór ia RAM e 8GB F lash.\nMemória:   Flash ar maz ena até 12 meses conf orme quantidade de bater ias.\nCapacidade:   até 256 str ings de bater ias\nCada string:    até 256 módulos Equaliz er por str ing\nCapacidade total:   até 65.536 módulos Equaliz er\nRTC:  Relóg io em Tempo Real e Watchdog inter no\n Inter faces:  \n    •1 Porta RJ11 - Comunicação   \n    •1 Porta RJ45 10/100 Mbit - Ether net \n Dimensões:   28 x 97 x 111 mm - 180 g\no\nAmbiente:   abrigado , IP-20, 0 a 60 C, umidade r elativa de 20% a 90% não condensante .\nAlimentação:   5 VDC, estabilizada.', 'Memória:   Flash ar maz ena até 12 meses conf orme quantidade de bater ias.\nCapacidade:   até 256 str ings de bater ias\nCada string:    até 256 módulos Equaliz er por str ing\nCapacidade total:   até 65.536 módulos Equaliz er\nRTC:  Relóg io em Tempo Real e Watchdog inter no\n Inter faces:  \n    •1 Porta RJ11 - Comunicação   \n    •1 Porta RJ45 10/100 Mbit - Ether net \n Dimensões:   28 x 97 x 111 mm - 180 g\no\nAmbiente:   abrigado , IP-20, 0 a 60 C, umidade r elativa de 20% a 90% não condensante .\nAlimentação:   5 VDC, estabilizada.\nFonte:\n   Adaptador ex terno de 110/220V AC para 5VDC estabilizada -  r equer tomada com No -Break.n   \nn   \nn   \nn   \nn   \nn   \nn   \nn  \nn  \nn   \nn   \nn     \nn     \nn   \nn   \nn   \nn    \nn  \nn    \nn   \nn   \nn   \nn   \nn    \nn   \nn    \nn    \nn    \nn    \nn   \n \nn   \nn    Software:\n Sistema Operacional Embar cado\nWeb Ser ver Integ rado \nContr ole de A cesso por Senha em dois nív eis\nAcesso por Nav egador Web\n Layout Responsiv o, pronto para PCs , Tablets e \n   Smar tphones \nEnvia E-mails de Aler ta\nAcesso Ser vidor E-mail com Senha Cr iptog rafada\nProtocolo SSL Secur e Sock et Lay er \nRelóg io Interno em Tempo Real – R TC \nSincr onismo com Time Ser ver ex terno\nGráficos de P erformance dir eto no Nav egador\nProtocolo SNMP V1, V3 e M odbus O ver IP \nArmaz ena L og de Ev entos de Alar mes\nArmaz ena Data L ogger M edições da Bater ia\nBanco de Dados ANSI SQL\nCapacidade de Ar maz enamento 1 Ano\nFrequência de Gravação no Banco de Dados\n   Configuráv el\nOpção salvar Banco de Dados via TCP/IP\nRotinas de manutenção do Banco de Dados .\nMódulo de Ba teria Equaliz er\nProcessador:   DSP\nInter faces:  2 Portas RJ11\nSensor Temper atura:  Interno\nGabinete:   ABS\nDimensões:   12 x 65 x 113 mm - 50 g\no\n  Ambiente:   abrigado , IP-20, 0 a 60 C, umidade\n  relativa máx 90% não condensante .\nModelo Equaliz er M12 - MB02 \nTensão nominal:   12 VDC - 02VDC \nCapacidade:  7 a 600 Ah - 7 a 5.000 Ah n   \nn    \nn    \nn    \nn   \nn \nn   \nn   \nn   \nMódulo de C orrente \n Descrição:\nAcessório (opcional) destinado à medição da \ncorrente elétrica que circula pelo banco de \nbaterias com indicação do sentido da corrente \nelétrica (C arga ou Descar ga).\nEspecificações:\nTensão de alimentação:  5V\nErro:  ≤ 1,5% @ corrente nominal\nComunicação:  RS-232 (Nív el TTL)n \nn']",As especificações dos cabos de medição utilizados para a medição de impedância dos módulos Equalizer não estão detalhadas no texto fornecido.,As especificações dos cabos de medição utilizados para a medição de impedância dos módulos Equalizer não estão detalhadas no texto fornecido.,0.99999999995,0.0,0.0,0.0,0.0,1.0,1.0,1.0,1.0,1.0,1.0,1.0,1,1,0,1,1
Quais implicações especificações CM MKT OUT 23 sujeitas alterações prévio aviso?,"['• Grau de Proteção: IP-20\nCaracterísticas Físicas e Mecânicas \nn Dimensões Compactas\nn Display LCD - cristal líquido retro-iluminado\nn Estrutura do Gabinete:\n  • Rack: metálico\n  • Acabamento: pintura epóxi-pó na cor graﬁ  te\ncom tratamento térmico e anti-corrosivo\n  • Ventilação: forçada, com controle digital de\nvelocidade pelo DSP  \n  • Porta de Comunicação:\n    » Serial RS232C IsoladaInterfaces de Gerenciamento\nn Mono e multi-usuário, client-server e\nmultiservidores \nn Ferramentas de Shutdown e Gerenciamento\nn  Protocolos:\n    • Serial Rs232\n    • Serial Rs485*\n    • Modbus*\n    • SNMP / Telnet / http / TCP/IP*\nn Softwares de Gerenciamento*\n    • Adaptador SNMP* V1, V2, V3.\nn Ambientes e Sistemas Operacionais\n   • Windows 10  \n   • Linux\n(Marcas dos respectivos fabricantes)\nCM MKT  JAN 24 - *As especiﬁ  cações  técnicas estão sujeitas a alterações sem aviso prévio e conforme necessidades de projetos customizados.                 Nós incentivamos a reciclagem.\nCM MKT  JAN 24 - *As especiﬁ  cações  técnicas estão sujeitas a alterações sem aviso prévio e conforme necessidades de projetos customizados.                 Nós incentivamos a reciclagem.\nAv. Eng. Alberto de Zagottis , 760 - 04675-085 - São Paulo - SP\nTel.:(11) 5696-5000\nwww.cmcomandos.com.brSistema de \nSustentabilidade AuditadaModelo Peso\n (sem baterias)\nkg Dimensões Físicas \nlarg x alt x prof \nmm Potência \nkVA\n 25000      25,0         436 x 85 x 677           18Módulo No-Break 25 kW - 380/400/415V\nModelo Peso\n (sem baterias)\nkg Dimensões Físicas \nlarg x alt x prof \nmm Potência \nkVA\n 150000   150,0       482 x 931 x 916        150Gabinete para Módulo 25kW - 380/400/415V\nModelo Peso\n (sem baterias)\nkg Dimensões Físicas \nlarg x alt x prof \nmm Potência \nkVA\n 50000      50,0        510 x 178 x 700         45Módulo No-Break 50 kW - 380/400/415V\nModelo Peso\n (sem baterias)\nkg Dimensões Físicas \nlarg x alt x prof \nmm Potência \nkVA\n 100000   100,0      600 x 1150 x 980      120Gabinete para Módulo 50kW - 380/400/415V\n 200000   200,0      650 x 1600 x 960      170\n 300000   300,0      650 x 2000 x 970      220\n 500000   500,0    1300 x 2000 x 1100    450Modelo Peso\n (sem baterias)\nkg Dimensões Físicas \nlarg x alt x prof \nmm Potência \nkVA\n 30000      30,0        510 x 178 x 700         45Módulo No-Break 30 kW - 200/208/220V\nModelo Peso\n (sem baterias)\nkg Dimensões Físicas \nlarg x alt x prof \nmm Potência \nkVA\n  60000    100,0      600 x 1150 x 980      120Gabinete para Módulo 30 kW - 200/208/220V\n 120000   120,0      650 x 1600 x 960      170\n 180000   180,0      650 x 2000 x 970      220\n 300000   300,0    1300 x 2000 x 1100    450DIMENSÕES FÍSICAS', 'CM MK T SET 21 As especificações estão sujeitas a alterações sem pr évio aviso . Nós incentivamos a r eciclagem\nSistema de \nSustentabilidade A uditadoAv. Eng . Alber to de Zagottis , 760 - 04675-085 - São P aulo - SP\nTel.: (11) 5696-5000 - F ax: (11) 5696-5055\nwww.cmcomandos .com.brOSD  N LI A NM EO AC R EM SCISO\n90012015Entr ada\nTensão:  \n    \n    •Trifásica: 208 / 220 / 380 / 400 / 440V\nVariação A dmissív el:\n   \n    •± 15% da tensão nominal\nFrequência:  50 ou 60 H z\nVariação de F requência A dmissív el:  ± 5%\nConfigur ação:\n    \n    •Trifásica: 3F + N + T\n Fator de P otência:\n    \n    •0,8\n    \n    •0,99*\nSaída\nTensão:  \n \n    • Trifásica: 208 / 220 / 380 / 400 / 440V\nPotências Disponív eis:  \n \n    • 5/10/15/20/30/40/60/80/100/120/160/200/300 kV A\nRegulação Estática:  ± 1% nominal\n Frequência:  50 ou 60 H z\nVariação de F requência:  \n \n    • ± 0,05% em modo bater ia\nConfigur ação:\n     \n    • Trifásica:  3F +N +  T\nFator de P otência:       \n•0,8\n    \n    •0,9*\nForma de Onda:  senoidal\nDistorção Harmônica THD:  inferior a 1%, total\nFator de Crista:  3:1\n Capacidade de Sobr ecar ga:  125% durante 25s\nRendimento:  94%\nTransf ormador Isolador\nBaterias\nTensão de Linha:  \n     \n    • 288VDC (5 a 30 kV A) \n     \n    • 384VDC (40 a 80 kV A)\n    \n    •480 VDC (100 a 300 kV A)\nSistema de Recar ga: contr olado , automático\nTempo de Recar ga: \n \n    • 8 a 10 horas para 90% da  carga\nTipo:  seladas , isentas de manutenção\nBypass Estátic o\nAcionamento:  automático , contr olado pelo DSP\nTempo de Transf erência:  0ms (nulo)\nRetr ansf erência ao Modo Normal:   automática\nBypass Estátic o de Manutenção\nPermite manutenção do No -Break, sem desligar a car ga\nAcionamento:  manual , atrav és de disjuntor\nReposição ao Modo Normal:  sem inter rupção\nProteções Elétricas\nSub e Sobr etensão de Entrada e Saída\nSub e Sobr etensão DC e Bater ia\n Sobr ecar ga e C urto-Circuito\nMínima Descar ga de Bater ia\nSobr etemperaturan   \nn   \nn    \nn   \nn   \nn  \nn   \nn   \nn   \nn   \nn   \nn   \nn   \nn   \nn   \nn   \nn  \nn   \nn   \nn   \nn   \nn   \nn   \nn   \nn   \nn    \nn   \nn   \nn   \nn   \nn    \nn  \nn   \nn   ESPECIFICAÇÕES  TÉCNICAS\nCaracterísticas Físicas e Mecânicas\nDimensões Compac tas \nDisplay TFT 4,3"" Touch Scr een \nEstrutura  do G abinete: \n    \n    •Rack: metálico\n    \n    •Tampas laterais e super ior removív eis\n    \n    •Acabamento: pintura epó xi-pó na cor g rafite\n       com tratamento tér mico e anticor rosivo \nVentilação: f orçada ,']","As especificações técnicas estão sujeitas a alterações sem aviso prévio, conforme as necessidades de projetos customizados. Isso implica que as informações fornecidas podem ser atualizadas ou modificadas a qualquer momento, o que pode afetar a escolha e a implementação de produtos ou sistemas baseados nessas especificações.",As especificações CM MKT OUT 23 estão sujeitas a alterações sem prévio aviso.,0.99999999995,1.0,0.0,0.2,0.0,0.6,0.33,0.6255212890847144,0.1784615384615384,0.3380281690140845,0.0,0.0,0,1,1,0,1
Qual é a importância da calça azul no uniforme padrão da equipe identificada no sistema de sustentabilidade auditado?,"['Vantagens do C ontrat o de M anut enção \nAtravés do contrat o de manut enção , técnicos e gest ores de manut enção podem r eduzir a deg radação dos seus equipament os, prolongando \no tempo de vida útil e evitando int ervenções cor retivas , que geram cust os elevados e t êm impac tos negativ os.\nn   Supor te técnico por t elefone, durant e 24hs/dia\nn   Minimizar os r iscos e pr ejuíz os de t er um equipament o parado\nn   Prioridade no at endiment o no caso de uma parada \nn Redução da necessidade de manut enção cor retivas em at é 80% e \nconsequent e  redução de cust os\nn  Serviços de cor retivas , quando  inclusos no contrat o \nn Redução de cust o: equipament os com manut enção pr eventiva \nadequada sofr em menos desgast es e, por tanto \ntem sua vida útil ampliada. \nAv. Eng . Alber to de Zagottis , 760 - 04675-085 -  São P aulo - SP\nTel.: (11) 5696-5033 \nwww.cmcomandos .com.br\nSistema de \nSustentabilidade A uditadoIdentifique Nossa E quipe \nUniforme P adrão \nCamisa azul   Calça azul   Crachá  \nPedro\nSuporte Técnico0000000000001Nome:\nRG:\nSetor:João P edro \nMatrícula:\n1111 25.613.810-2\nAssistência Técnica\n1.Uso... \nJOÃO PEDRO \nSuporte Técnico Supor te Técnico\nCall C enter int egrado ao sist ema de gestão ERP\nTécnicos Treinados e Qualificados\nEquipados com I nstrumentação de P onta\nAnalisador de Har mônicos\nAtendiment o 24 horas - 7 dias da semana via C ontrat os\nde M anut enção P reditiva, P reventiva e C orretiva\n  Supor te Pleno de P ré e P ós-V enda\nAmpla cober tura em t odo o paísn   \nn  \nn  \nn  \nn  \nn\nn  \nCM MK T SET 2021  -   As especificações estão sujeitas a alterações sem pr évio aviso . Nós incentivamos a r eciclagem\nAtendiment o em t odo\n o Território Nacional\ncom filiais e r epresentant es nas pr incipais \ncidades e capitais , otimizando o t empo , \ncusto e buscando a ex celência\n na pr estação de ser viços\nEscaneie e saiba mais sobr e o\n contrat o de manut enção \nOSD  N LI A NM EO AC R EMSCISO\n90012015 OSD  N LI A NM EO AC R EMSC', 'CM COMANDOS LINEARES\nOSDN LI A NM EO AC REM SCISO\n9001\n2015\nSistema de \nSustentabilidade AuditadaAv. Eng. Alberto de Zagottis, 760 - 04675-085 - São Paulo - SP\nTel.: (11) 5696-5000 - Fax: (11) 5696-5055\nwww.cmcomandos.com.brOSD L NI A NM EA OR CEM SCISO\n9001\n2015']","A calça azul faz parte do uniforme padrão da equipe, que inclui também a camisa azul e o crachá. O uso de um uniforme padronizado é importante para a identificação e profissionalismo da equipe, além de contribuir para a imagem da empresa e a confiança dos clientes nos serviços prestados.",A calça azul é parte do uniforme padrão da equipe identificada no sistema de sustentabilidade auditado.,0.9999999999,1.0,0.0,0.4285714285714285,0.5743826875068039,0.4285714285714285,0.22,0.7976011324460021,0.3055555555555556,0.3287671232876712,0.0,0.0,1,1,1,1,1
Quais são os diferentes tipos de proteções elétricas que são mencionados no texto?,"['Medidas de P roteção \nVitais para I nstalações \nElétr icas Hospitalar es\nFUNCIONAMENTO Sistema de Aterrament o IT Médico \nO Sistema IT Médico é um sistema de super visão de falhas de isolação nas instalações elétr icas aplicado em \nconfiguração de aterrament o tipo IT, conf orme previsão da norma NBR 13534:2008 da Anvisa. \nEsta norma visa garantir a manut enção dos equipament os de sustentação à vida, mesmo em caso de \nprimeira falha de isolação elétr ica nos Estabeleciment os Assistenciais a Saúde (EAS). \nA utilização desta proteção é compulsór ia nos ambient es hospitalar es do Grupo 2, nos quais se enquadram \nas Salas Cirúr gicas, UTIs , UTIs Neonatais e Salas de Hemodinâmica. \nA utilização do Sistema IT Médico aumenta a segurança \npara o pacient e e para o corpo clínico ,  pois a interrupção \nno forneciment o de ener gia elétr ica em caso de uma falta é evitada, pois mesmo em um caso de curto- \ncircuito fase t erra, por ex emplo , um equipament o eletr omédico pode ser usado para auxiliar ou substituir , \ntemporar iament e ou permanent ement e  funções vitais de um pacient e. \nAlém disso , ocor re uma redução nas correntes de fuga circulando pelo condut or de proteção , o que diminui \na tensão de contat o e consequent ement e a intensidade de um choque elétr ico acidental .\nO Sistema possui Dispositiv o Super visor de Isolament o (DSI), Dispositiv o Super visor de Temperatura (DST ) e \nDispositiv o Super visor de Corrente (DSC ) que mede a resist ência entre os condut ores de alimentação e o \ncondut or de proteção , sinalizando sonora e visualment e quando essa resist ência decr esce para 50 KΩ. \nCOMPOSIÇ ÃO BÁSIC A  Quadr o de Ener gia Elétrica  - Sistema IT Médico \nO sistema é compost o por: \n• Transf ormador de Separação \n• Dispositiv o Super visor de Isolament o (DSI) \n  Super visor de Temperatura (DST )\n  Super visor de Corrente (DSC ) \n• Dispositiv o Anunciador \n• Montagem em Rack\nOpcionais: \n• Gerador de Sinal BT-4000\n• Localizador Individual de Falha BT-0074/ BT 0078\n• Interface Homem-M áquina (IHM)', 'SISTEMA IT MÉDIC O \nElétr ica Hospitalar Proteção']","Os diferentes tipos de proteções elétricas mencionados no texto incluem o Dispositivo Supervisor de Isolamento (DSI), o Dispositivo Supervisor de Temperatura (DST) e o Dispositivo Supervisor de Corrente (DSC). Além disso, há a menção de um Gerador de Sinal BT-4000 e Localizador Individual de Falha BT-0074/BT 0078 como opcionais.",Os diferentes tipos de proteções elétricas mencionados no texto incluem: Sobrecarga e Descarga Bateria Baixa.,0.0,0.0,0.0,0.0,0.9831373982460324,1.0,0.0,0.6812837806516594,0.296969696969697,0.3561643835616438,0.0,0.0,1,0,1,1,1
Qual é o signficado da abrev 'Sa' no contexto do txt 'de Elétric a'?,"['DISPOSITIV O ANUNCIADOR\nO\nenfermarias de plantão ou salas de médicos ,  e per mitem a imediata sinalização visual e audív el da ocor rência de alar mes . \nPodem ser instalados at é 4  Dispositiv os Anunciador es em vár ios locais ao mesmo t empo e não necessitam de alimentação auxiliar . s alar mes det ectados pelo Dispositiv o DSI / DST / DSC são en viados ao Dispositiv o Anunciador , instalados em locais estrat égicos tais como  \nCARACTERÍSTIC AS  \nPara sinalização dos alar mes a distância, de acor do com a Nor ma NBR 13534:\n• Led v erde: equipament o ligado ·  \n• Led v ermelho: sobr ecar ga\n• Led amar elo: sinalização de falha\n• Botão silenciar : para desligar o alar me acústico sobr e o quadr o de sinalização à\n   distância, ativado quando f or ultrapassado o nív el de int ervenção\n• Botão de t este: para v erificar per iodicament e a eficiência do  dispositiv o como  \n   recomendado pela Nor ma\n• Tipo de Alar me: Sonor o\nO dispositiv o Gerador de Sinais BT4000 é um dispositiv o de localização de falha  \nde isolação individual , per mitindo identificar em qual leit o ocor reu a falha, por \nexemplo .  \nO Gerador de Sinal injeta um sinal inf erior a 1mA, suficient e para que seja \ndetectada a falha de isolação e atua em conjunt o com os Dispositiv o \nLocalizador de F alha I ndividual e o Dispositiv o DSI / DST / DSC , conf orme as \nespecificações  exig idas pela nor ma IEC 61557.DISPOSITIV O GER ADOR DE SINAL 1mA - B T4000  \nESPECIFIC AÇÃO MECÂNIC A  \n·\npadrão DIN. Ideal para painel modular 18mm. O cupa o espaço de um disjunt or tr ipolar \nDISPOSITIV O LOCALIZADOR DE F ALHA - B T0074 e B T0078\nINTERF ACE HOMEM-MÁQUINA (IHM)\nO displa y / painel de contr ole IHM possibilita a visualização dos parâmetr os pr é-\nestabelecidos de isolament o, temperatura e cor rente em t empo r eal e é ideal para \nmonit orar instalações de múltiplos Sist emas IT .\nPRINCIP AIS C ARACTERÍSTIC AS Inter face Homem Máquina (IHM)• \n•  Medidor es textos móv eis\n•  Manuseio de Alar meTela g ráfica t ouch scr een 7,0”  • Proteção por P assw ord  \n• Ether net e P orta USB\nDispositivo AnunciadorDispositivo  Gerador de Sinal 1mA - BT4000\nO dispositiv o localizador de falhas BT0074 com 4 circuitos \nlocalizador es) e (BT0078 com 8 localizador es) tem por finalidade a \nlocalização de falha de isolação em um sistema de aterrament o IT \nMédico , de acor do com as carac terísticas exig idas pela norma \nIEC61557. O dispositivo é dotado de toróides que foram \nespecialmente projetados para a detecção de baixíssimas \ncorrentes na ordem de 0,5 mA e placa eletr ônica que sinaliza e \nemit e um sinal digital que pode ser conec tado , por exemplo , a um \nCLP.\nDispositivo L ocalizador de falha BT 0074\nDispositivo L ocalizador de falha BT 0078', 'CM MK T SET 21 As especificações estão sujeitas a alterações sem pr évio aviso . Nós incentivamos a r eciclagem\nSistema de \nSustentabilidade A uditadoAv. Eng . Alber to de Zagottis , 760 - 04675-085 - São P aulo - SP\nTel.: (11) 5696-5000 - F ax: (11) 5696-5055\nwww.cmcomandos .com.brOSD  N LI A NM EO AC R EM SCISO\n90012015Entr ada\nTensão:  \n    \n    •Trifásica: 208 / 220 / 380 / 400 / 440V\nVariação A dmissív el:\n   \n    •± 15% da tensão nominal\nFrequência:  50 ou 60 H z\nVariação de F requência A dmissív el:  ± 5%\nConfigur ação:\n    \n    •Trifásica: 3F + N + T\n Fator de P otência:\n    \n    •0,8\n    \n    •0,99*\nSaída\nTensão:  \n \n    • Trifásica: 208 / 220 / 380 / 400 / 440V\nPotências Disponív eis:  \n \n    • 5/10/15/20/30/40/60/80/100/120/160/200/300 kV A\nRegulação Estática:  ± 1% nominal\n Frequência:  50 ou 60 H z\nVariação de F requência:  \n \n    • ± 0,05% em modo bater ia\nConfigur ação:\n     \n    • Trifásica:  3F +N +  T\nFator de P otência:       \n•0,8\n    \n    •0,9*\nForma de Onda:  senoidal\nDistorção Harmônica THD:  inferior a 1%, total\nFator de Crista:  3:1\n Capacidade de Sobr ecar ga:  125% durante 25s\nRendimento:  94%\nTransf ormador Isolador\nBaterias\nTensão de Linha:  \n     \n    • 288VDC (5 a 30 kV A) \n     \n    • 384VDC (40 a 80 kV A)\n    \n    •480 VDC (100 a 300 kV A)\nSistema de Recar ga: contr olado , automático\nTempo de Recar ga: \n \n    • 8 a 10 horas para 90% da  carga\nTipo:  seladas , isentas de manutenção\nBypass Estátic o\nAcionamento:  automático , contr olado pelo DSP\nTempo de Transf erência:  0ms (nulo)\nRetr ansf erência ao Modo Normal:   automática\nBypass Estátic o de Manutenção\nPermite manutenção do No -Break, sem desligar a car ga\nAcionamento:  manual , atrav és de disjuntor\nReposição ao Modo Normal:  sem inter rupção\nProteções Elétricas\nSub e Sobr etensão de Entrada e Saída\nSub e Sobr etensão DC e Bater ia\n Sobr ecar ga e C urto-Circuito\nMínima Descar ga de Bater ia\nSobr etemperaturan   \nn   \nn    \nn   \nn   \nn  \nn   \nn   \nn   \nn   \nn   \nn   \nn   \nn   \nn   \nn   \nn  \nn   \nn   \nn   \nn   \nn   \nn   \nn   \nn   \nn    \nn   \nn   \nn   \nn   \nn    \nn  \nn   \nn   ESPECIFICAÇÕES  TÉCNICAS\nCaracterísticas Físicas e Mecânicas\nDimensões Compac tas \nDisplay TFT 4,3"" Touch Scr een \nEstrutura  do G abinete: \n    \n    •Rack: metálico\n    \n    •Tampas laterais e super ior removív eis\n    \n    •Acabamento: pintura epó xi-pó na cor g rafite\n       com tratamento tér mico e anticor rosivo \nVentilação: f orçada ,']",A abreviação 'Sa' no contexto de 'de Elétrica' refere-se a 'Sinal de Alarme'.,"No contexto do texto 'de Elétric a', a abreviação 'Sa' pode se referir a 'S.A.', que significa 'Sociedade Anônima'.",0.0,0.0,0.0,0.0,0.8547752416773312,0.0,0.0,0.7674868949713003,0.2782608695652173,0.3076923076923076,0.0,0.0,1,1,1,0,1
condições para paralelismo banco de baterias RALELISMO,"['Equaliz erActive Batt ery Mangement\nBENEFÍCIOS\nEstende a vida útil das baterias\nO sistema de Equalização Ativa mantém as baterias em condições \nideais, maximizando a sua vida útil. Reduz a necessidade de troca das \nbaterias e reduz o custo.\nRedução de Custo de Propriedade\nProlonga a vida útil das baterias, reduz o período de trocas e \nautomatiza a manutenção, reduzindo enormes custos com \nintervenções manuais.\nEcológico e Sustentável\nNa era da sustentabilidade, reduzir o consumo de baterias significa \nusar menos recursos e gerar menos descartes no meio ambiente.Análise da Vida Útil da Bateria\nAnalisa a curva de carga e descarga de um banco de baterias e \nacompanhe a evolução da vida útil, algo que é impraticável fazer \nmanualmente.Minimiza o Downtime por falha da bateria\nO prejuízo decorrente de uma queda do sistema por falha de bateria \ngera um valor incalculável para a sua operação.CARACTERÍSTICAS  \nPRINCIPAIS\nEqualização Ativa Individual do Banco de Baterias\nEleva a vida útil e a confiabilidade das baterias. \nPermite que as baterias atinjam a máxima vida útil de operação.\nAutomatização da Manutenção das Baterias\nO sistema mantém as baterias em condições ideais automaticamente. \nA análise e o diagnóstico são realizados à distância, individualmente e \nsem precisar desligar o sistema.\nMonitoramento em Tempo Real das Baterias\nMonitora a condição das baterias em tempo real à distância,  de \nforma eficiente e reduzindo o elevado custo com intervenções \nmanuais.Medição da Impedância da Bateria\nA Impedância interna é o parâmetro real da condição da bateria. \nAlém disso, mede a tensão e temperatura individual de cada bateria e \ngrava na memória.Previne contra quedas do sistema por defeito nas baterias\nO sistema monitora constantemente as baterias individualmente e \nenvia alarmes antes de ocorrer um problema.\nCONFIGURAÇÃO DO BANCO DE BATERIAS\nAPLICAÇÕES\nn   \nn   \n Banc os de Ba terias:\n• Sist emas No -Breaks\n• Retificador es de Telecomunicações\n• Ener gia Solar e Eólica\n• Compatív el com t odas as mar cas \nde equipament os, independent e \ndo fabr icant e.\nTipos :\n• Seladas Reguladas por Válvula VRLA\n• Estacionár ias\n• 12VDC e 2VDC', 'SISTEMA PARALELO MULTI ATIVO (EXCLUSIVO CM COMANDOS)\nA CM Comandos Lineares desenvolveu um sistema inovador e pioneiro no mundo de paralelismo entre no-breaks. O sistema \nParalelo Multi Ativo permite a expansão do sistema, de acordo com sua demanda de consumo, podendo paralelar quantas \nunidades forem necessárias para atender sua demanda, elevando a capacidade do sistema e a confiabilidade de sua aplicação.\nPOSSIBILIDADE DE SOMATÓRIA DE  POTÊNCIAS\nPermite a ligação para somatória de potência, utilizando dois ou mais \nNo-Breaks para atingir a demanda da carga total.\nQuando utilizado para somatória de potência, possibilita a ligação de \nNo-Breaks com potências diferentes. Quando a ligação for feita com \nNo-Breaks de potências diferentes, a carga será distribuída \nproporcionalmente. Permite a ligação em paralelo redundante N + 1,  N + 2, N + 3 … N+X,  \npossibilitando o desligamento de uma ou mais unidades, mantendo a \ncarga ativa.\nA comunicação entre os No-Breaks consiste no barramento de \ncomunicação comum, por onde transitam informações \ncontendo nível de carga, sincronismo e a condição do by pass.COMUNICAÇÃO ENTRE OS NO-BREAKSTodos os No-Breaks são autônomos, operam de forma \nindependente no sistema e possuem controle individual.NÃO EXISTE NO-BREAK MESTRE OU ESCRAVOPodem ser paraleladas quantas unidades forem necessárias, \npossibilitando expansão do sistema, de acordo com a demanda \nde consumo.QUANTIDADE ILIMITADA PARA PARALELISMO\nPARALELISMO DO BANCO DE BATERIAS\nPermite paralelismo dos bancos de baterias (quando forem de \nmesma tensão nominal).MANUTENÇÃO DO NO-BREAK\nPermite a inserção ou retirada de um No-Break no sistema, sem a \nnecessidade de parada.INTERFACES  DE  SHUTDOWN  E GERENCIAMENTO  REMOTO\nRede Elétric a\nde Entr ada\nSaídaNo-break 1\n Potência \nde 60 kV ANo-break 2\nPotência de \n100 kV ANo-break 3\nPotência de \n20 kV A\nCarga fornecida pelo sistema = 410 kV ANo-break 4\nPotência de \n30 kV ANo-break 5\nPotência de \n80 kV ANo-break 6\nPotência de \n120 kV ARede L ocal Ether netA   Inter face de Ger enciamento \n     \nC  Inter face Shutdown \n     Client \n     LANB  Inter face Shutdown \n     D   Inter face de Ger enciamento Remoto \n  \nE  Adaptador SNMP\n     \nF  Client Shutdown\nG Estação Remota\n    Sof tware com \n    conexão à I nter netMultisser vidor es\nMultiplataf ormas\nMulti-S.O .Porta M icroprocessada DB9\nPorta Contato Seco DB9\nRede Ethernet RJ45']","Para o paralelismo do banco de baterias, é necessário que as baterias sejam de mesma tensão nominal. Isso garante que o sistema funcione de maneira eficiente e segura.",As condições para o paralelismo do banco de baterias RALELISMO são que os bancos de baterias devem ser de mesma tensão nominal.,0.49999999995,1.0,0.0,0.0,0.842347262116911,0.3333333333333333,0.67,0.8541174304490821,0.3832335329341317,0.5185185185185185,0.0,0.0,1,0,1,1,1
Qual eh o signficado de BEN no contexto do orte tecnco?,"['Alta Tecnolog ia em\nProcessament o Dig ital\nde Sinais - DSP\nOS MAIS MODERNOS\nNO-BREAKS CORPORATIVOSVivemos em um mundo cada v ez mais ág il e prático . Um mundo conec tado por pr ocessador es, chips , softwares e \nperiféricos. Mas isso ainda não é o bastant e. Por isso , o mundo caminha para t ecnolog ias de pr ocessament o imediat o \nde dados . A CM C omandos Linear es está um passo à fr ente e of erece aos seus client es pr odut os dotados de uma \ntecnolog ia revolucionár ia, denominada P rocessament o Dig ital de Sinais - - DSP .\nToda a linha de No -Breaks  \nconta com a t ecnolog ia DSP .  Carac terística que \npropor ciona alta per formance e confiabilidade , Conception Multi Ativ o \npara aplicações de missão cr ítica. Ou seja, pr otegem as aplicações nas quais a continuidade da operação é de \nfundamental impor tância.\nequipament os pode ser atualizado , \nacrescentando novas funções em \nunidades já instaladas . Hoje , esta t ecnolog ia está pr esent e nos mais sofisticados sist emas eletr ônicos , devido à sua alta v elocidade e \nconfiabilidade . Processador es Dig itais de Sinais são capaz es de pr ocessar dez milhões de amostragens por segundo . \nIsso sig nifica pr ocessament o em t empo r eal -- o sinal é pr ocessado no mesmo instant e em que é r ecebido , sem \nretardos ou atrasos .\nProjetados com o uso int enso dos r ecursos da t ecnolog ia DSP ,  os No -Breaks C onception Multi Ativ o  ag regam nov os  \ne avançados r ecursos , que estabelecem um nov o conceit o em desen volviment o, no qual o fir mware dos \nAdquir indo No -Breaks , cont e com as \nsoluções da CM C omandos , que \nasseguram t ecnolog ia de ponta, \nmáxima pr oteção , precisão dig ital e \nprocessament o em t empo r eal.  Modelo 300kV A', 'Vantagens do C ontrat o de M anut enção \nAtravés do contrat o de manut enção , técnicos e gest ores de manut enção podem r eduzir a deg radação dos seus equipament os, prolongando \no tempo de vida útil e evitando int ervenções cor retivas , que geram cust os elevados e t êm impac tos negativ os.\nn   Supor te técnico por t elefone, durant e 24hs/dia\nn   Minimizar os r iscos e pr ejuíz os de t er um equipament o parado\nn   Prioridade no at endiment o no caso de uma parada \nn Redução da necessidade de manut enção cor retivas em at é 80% e \nconsequent e  redução de cust os\nn  Serviços de cor retivas , quando  inclusos no contrat o \nn Redução de cust o: equipament os com manut enção pr eventiva \nadequada sofr em menos desgast es e, por tanto \ntem sua vida útil ampliada. \nAv. Eng . Alber to de Zagottis , 760 - 04675-085 -  São P aulo - SP\nTel.: (11) 5696-5033 \nwww.cmcomandos .com.br\nSistema de \nSustentabilidade A uditadoIdentifique Nossa E quipe \nUniforme P adrão \nCamisa azul   Calça azul   Crachá  \nPedro\nSuporte Técnico0000000000001Nome:\nRG:\nSetor:João P edro \nMatrícula:\n1111 25.613.810-2\nAssistência Técnica\n1.Uso... \nJOÃO PEDRO \nSuporte Técnico Supor te Técnico\nCall C enter int egrado ao sist ema de gestão ERP\nTécnicos Treinados e Qualificados\nEquipados com I nstrumentação de P onta\nAnalisador de Har mônicos\nAtendiment o 24 horas - 7 dias da semana via C ontrat os\nde M anut enção P reditiva, P reventiva e C orretiva\n  Supor te Pleno de P ré e P ós-V enda\nAmpla cober tura em t odo o paísn   \nn  \nn  \nn  \nn  \nn\nn  \nCM MK T SET 2021  -   As especificações estão sujeitas a alterações sem pr évio aviso . Nós incentivamos a r eciclagem\nAtendiment o em t odo\n o Território Nacional\ncom filiais e r epresentant es nas pr incipais \ncidades e capitais , otimizando o t empo , \ncusto e buscando a ex celência\n na pr estação de ser viços\nEscaneie e saiba mais sobr e o\n contrat o de manut enção \nOSD  N LI A NM EO AC R EMSCISO\n90012015 OSD  N LI A NM EO AC R EMSC']","O termo ""BEN"" não é mencionado no contexto fornecido, portanto, não é possível determinar seu significado específico nesse cenário. Se houver mais informações ou um contexto diferente, ficarei feliz em ajudar.","O significado de BEN no contexto do orte técnico não está claro, pois a frase fornecida é incompleta.",0.0,1.0,0.0,0.25,0.0,0.5,0.4,0.7697161315884264,0.2966507177033493,0.2222222222222222,0.0,0.0,1,1,1,1,0
Qual é a importncia do 'Status chaves internas' no funcinamento do painel?,"['Bypass Estátic o\nAcionamento:  automático , contr olado pelo DSP\nTempo de Transf erência:  0ms (nulo)\nRetr ansf erência ao Modo Normal:  automática \nBypass Manual de Manutenção\nAcionamento:  manual , atrav és de disjuntorn   \nn   \nn   \nn   \nn   \nn   Permite manutenção do No -Break, sem desligar a\n   car ga\nReposição ao Modo Normal:  sem inter rupção\nAlarmes\nContr olados pelo pr ocessador DSP\nTipos de Alarmes:\n    •Sonor os:\n       »  F alta de Rede: 1 toque por segundo  \n       »  P ré-alar me das Bater ias: 2 toques por segundo  \n       »  F alha I nterna do No -Break\n    \n    •Mensagens de Aler ta:\n       »  Display de Cr istal Líquido\n       »  Sof tware IP P ower via TCP/IP*\n       »  M ensagem por e -mail*:\n           -  Operação Nor mal\n           -  F alha de Rede\n           -  P ré-alar me de Bater ias\n           -  B ypass Estático \n           -  B ypass M anual \n           -  Sobr ecar ga de Saída\n           -  F alha I nterna n   \nn   \n   Log de E ventos\nRegistr os Armaz enados:\n    •Reg istro em memór ia EEPR OM\n    \n    •Indicação de data, hora e ocor rência\n    \n    •Medições\n    \n    •Status de operação e alar mes do painel\n   \n    •Status chav es inter nasn   \n   \nProteção Elétricas\nSub e Sobr etensão de Entrada e Saída\nSub e Sobr etensão DC e Bater ia\nSobr ecar ga e C urto-Circuito\nMínima Descar ga de Bater ian     \nn     \nn     \nn     \nMedições\nTrue RMS\nPotência de Saída em kV A\n Potência de Saída em kW\nFator de P otência de Saída\nTensão de Saída\nCorrente de Saída\nFrequência de Saída\nTensão de Bater ia\nTensão de Entrada\nFrequência de Entradan   \nn   \nn  \nn   \nn   \nn   \nn   \nn   \nn   \nn   Características Físicas e Mecânicas\nDimensões Compac tas \n Display : LCD - cr istal líquido r etroiluminado\nEstrutura do G abinete: \n    •Rack: metálico \n    \n    •Painel F rontal: em ABS de alta r esistência \n    \n    •Tampas laterais e super ior removív eis \n    \n    •Acabamento: pintura epó xi-pó na cor g rafite\n       com tratamento tér mico e anticor rosivo \n Movimentação: por r odízios autossustentáv eis \nRodízios com travas*\nTransf ormador Isolador (blindagem eletr ostática*)\nPorta de Comunicação\n    \n    •Serial RS232C Isolada F ull Duplex -DB9 F êmea\n   \n    •Contato Seco DB9 F êmea\nInter faces de G erenciamento\n Mono e multiusuár io, cliente -server e multi-ser ver\nVários ser vidor es em um único No -Break\nFerramentas de Shutdown e Ger enciamento\nProtocolos:\n   \n    •Ser ial RS232 \n    \n    •Serial RS485*\n    \n    •SNMP / Telnet / http / TCP/IP*\nSoftwares de Ger enciamento*\n   \n    •IP P ower e IP P ower SE\n    \n    •Adaptador SNMP NetM ate \n    \n    •Adaptador Ar mModbus RS485\nAmbientes e Sistemas Operacionais\n   \n    •W indows 8 / 10 / 2010 \n    \n    •Linux * \n       (Mar cas dos r espec tivos fabricantes)n   \nn  \nn   \nn   \nn    \nn    \nn     \nn  \nn   \nn   \nn   \nn   \nn       \n    5000       5,00      X 280 X 647         97\n    7500       7,', 'TECNOLOGIA  ON  LINE  COM  BYPASS\nESTÁTICO  DE  MANUTENÇÃO\nCARACTERÍSTICAS  PRINCIPAIS\nTecnologia Avançada \nDSP  (Digital Signal Processor)\nMedições em True RMS com Precisão de \nMultímetros\nBypass Estático de Manutenção\nSoftware de Gerenciamento Remoto Real-Time \nSistema Paralelo Multi Ativo (Exclusivo CM)Permite funções avançadas e exclusivas em \ntempo real.\nPermite que sejam rastreados para análise.\nSão ideais para a medição de cargas não lineares.\nAdicionam proteção e elevam a confiabilidade da \ncarga sensível.\nVia TCP/IP,  com proteção de senhas para acesso \nremoto, shutdown.\nPodem ser paraleladas quantas unidades forem \nnecessárias, possibilitando expansão do sistema, \nde acordo com a demanda de consumo.Memória Interna para Registro de EventosDisplay TFT 4,3"" Touch Screen\n(Item de Série)\nPossibilidade de Upgrade do Firmware do \nDSP \nAcionamentos Monitorados pelo  DSP\nControle Inteligente da Velocidade dos \nCoolersModerna tela com comandos por toque, que \npermite acesso ao No-Break pela internet.\nGarante a utilização e preservação do \ninvestimento.\nAs manobras são registradas e gravadas no \nlog de eventos.\nProlongam a vida útil dos equipamentos \ne reduzem os intervalos de manutenção. Saída Rede Elétric a\nde En trada\nCorrente Alt ernada de Entrada\nCorrente ContínuaCorrente Alternada de Saída\nCorrente Alternada B ypass Estático  Corr ente Alternada B ypass Estático \nde Manutenção Bypass Estático de Manutenção\nPermite a transf erência e o r etorno da car ga do No -Break \npara um cir cuito alter nativ o de f ornecimento de ener gia, \npara atividades de manutenção . Em quaisquer situações , \no fornecimento de ener gia é contínuo , sem \ninter rupções .\nRetificador\nConverte a ener gia da \nrede elétr ica da \nconcessionár ia ou do \ngrupo gerador em \ncorrente contínua, \ncorrigindo ou \neliminando distúr bios   \nda entrada do sistema.Inversor\nConverte a cor rente contínua do \nretificador ou das bater ias em cor rente \nalter nada de saída, com f orma de onda \nBanco de Baterias\nArmaz ena ener gia reser va para alimentar o No -Break \ndurante um per íodo pr edeter minado , denominado Bypass Estático\nSistema de pr oteção \nque, em caso de \nproblemas , transf ere \nautomaticamente a \ncarga para um \ncircuito alter nativ o, \nsem inter rupção no \nfornecimento de \nener gia. Rede Pr esente\nFalha de R ede\nBypass Estátic o\nBypass Estátic o de\n Manutenç ãoNo-Break C onception M ulti A tivo\nTrifásico\nINTERFACES DE \nGERENCIAMENTO   \nREMOTO\nSão compostas por div ersas \nferramentas . O A daptador SNMP \nNetM ate per mite ger enciar \nremotament e o No -Break via a I nternet \natravés de um w eb br owser , monit orar \no status e en viar aler tas por e -mail . \nO sof tware IP P ower é uma f erramenta \nde ger enciament o  Windows \nApplication e a v ersão Client é \nespecífica para  aut omatizar o \nshut down de ser vidor es, podendo \ndesligar aut omática e simultaneament e \nvários ser vidor es e estações . \nO Adaptador Ar mModbus per mite \nintegrar o No -Break, via uma por ta \nRS485, a Sist emas de A utomação \nPredial .DISPLAY TFT 4,3 ‘’ \nTOUCH SCREEN\nCOMANDO POR TOQUE']","O 'Status chaves internas' é crucial para o funcionamento do painel, pois fornece informações sobre a condição operacional do sistema. Ele permite monitorar o estado das chaves internas, que podem afetar a operação e a segurança do No-Break. Essa informação é essencial para garantir que o sistema esteja funcionando corretamente e para identificar rapidamente qualquer problema que possa surgir, contribuindo assim para a manutenção e a confiabilidade do equipamento.","O 'Status chaves internas' é importante para o funcionamento do painel, pois indica o status de operação e alarme do painel.",0.9999999999,1.0,0.0,0.0,0.983142532708332,0.1428571428571428,0.46,0.8822528566541492,0.2371794871794872,0.3157894736842105,0.0,0.0,1,0,1,1,1
Quais sã as vantagens dos eqipamentos da CM Comandos em precisã e confiabilidade?,"['Inovação, qualidade, tecnologia\ne confiabilidade. Marcas das\nsoluções CM Comandos Lineares\nCom mais de 40 anos de atuação, a CM Comandos é hoje uma das \nmaiores fabricantes de No-Breaks da América Latina. Além disso, é líder\nabsoluta em soluções para o mercado corporativo. Certiﬁ  cada pela norma ISO-900:2015, a CM Comandos \nressalta o seu compromisso com a excelência dos seus produtos e a total satisfação dos seus clientes.A EMPRESA\nOs  No-Breaks  da  CM  Comandos  são  indicados  para aplicações de  \nmissão crítica, nas mais variadas corporações, oferecendo proteção \ncontra distúrbios de energia elétrica, tais como: cortes, micro-cortes, ruídos, distorção harmônica, picos, \ntransientes, sub e sobretensão e variação de frequência.APLICAÇÕES\nOs equipamentos da CM Comandos operam com maior precisão, agre-\ngam maior número de funções e são mais seguros. Características\nque geram alta conﬁ  abilidade e produtividade nas mais variadas aplicações, minimizam falhas e,\nconsequentemente, custos de manutenção. Em resumo, ser um cliente CM Comandos signiﬁ  ca ter o \nretorno do capital investido e garantias que só uma empresa com amplo suporte técnico pode oferecer.BENEFÍCIOS\nAo escolher a marca CM Comandos Lineares você conta com o melhor supor-\nte técnico de pré e pós-venda da empresa que se consolidou ao longo  des-\ntes 40 anos como líder de mercado. Instrumentação de ponta, proﬁ  ssionais\naltamente qualiﬁ  cados, disponibilidade de atendimento 24 horas, sete dias da semana, call \ncenter e processos certiﬁ  cados que asseguram a excelência dos nossos serviços de suporte.SUPORTE\nTÉCNICO', 'OSD  L NI A NM EA OR C EM SCISO\n90012015\nInovação , qualidade , tecnolo gia\ne confiabilidade . Marcas das\nsoluções CM C omandos Linear es\nCom mais de 40 anos de atuação , a CM Comandos é hoje uma das \nmaior es fabricant es de No-Breaks da Amér ica Latina. Além disso , é líder\nabsoluta em soluções para o mercado corporativ o. Certificada pela norma ISO-900:2015, a CM Comandos \nressalta o seu compr omisso com a excelência dos seus produt os e a total satisfação dos seus client es.A EMPRESA\nOs    No-Breaks   da   CM     Comandos  são  indicados  para aplicações \nde  missã o crítica, nas mais variadas corporações , oferecendo proteção \ncontra distúr bios de ener gia elétr ica, tais como: cortes, micr o-cortes, ruídos , distorção harmônica, picos , \ntransient es, sub e sobr etensão e var iação de fr equência.APLICAÇÕES\nOs equipament os da CM Comandos operam com maior precisão , agre-\ngam maior númer o de funções e são mais segur os. Carac terísticas\nque geram alta confiabilidade e produtividade nas mais variadas aplicações , minimizam falhas e,\nconsequent ement e, cust os de manut enção . Em resumo , ser um client e CM Comandos significa ter o \nretorno do capital investido e garantias que só uma empr esa com amplo supor te técnico pode oferecer .BENEFÍCIOS\nAo escolher a marca CM Comandos Linear es você conta com o melhor supor -\nte técnico de pré e pós- venda da empr esa que se consolidou ao longo  des-\ntes 40 anos como líder de mercado . Instrumentação de ponta, profissionais\naltament e qualificados , disponibilidade de atendiment o 24 horas , sete dias da semana, call \ncent er e processos certificados que asseguram a excelência dos nossos serviços de supor te.SUPORTE\nTÉCNIC O']","Os equipamentos da CM Comandos oferecem várias vantagens em termos de precisão e confiabilidade. Eles operam com maior precisão, agregam um maior número de funções e são mais seguros. Essas características resultam em alta confiabilidade e produtividade nas diversas aplicações, minimizando falhas e, consequentemente, reduzindo os custos de manutenção. Além disso, a empresa garante um retorno do capital investido e oferece garantias que só uma empresa com amplo suporte técnico pode proporcionar.","As vantagens dos equipamentos da CM Comandos incluem maior precisão, um maior número de funções, alta confiabilidade e produtividade, minimizando falhas e custos de manutenção.",0.99999999995,1.0,0.9999999900000002,0.6666666666666666,0.8877455559437762,1.0,0.82,0.925653704045316,0.3046092184368737,0.4464285714285714,0.0,0.0,1,1,1,1,1
Quais os benefícios do atendimento 24 horas da CM Comandos Lineares?,"['Inovação, qualidade, tecnologia\ne confiabilidade. Marcas das\nsoluções CM Comandos Lineares\nCom mais de 40 anos de atuação, a CM Comandos é hoje uma das \nmaiores fabricantes de No-Breaks da América Latina. Além disso, é líder\nabsoluta em soluções para o mercado corporativo. Certiﬁ  cada pela norma ISO-900:2015, a CM Comandos \nressalta o seu compromisso com a excelência dos seus produtos e a total satisfação dos seus clientes.A EMPRESA\nOs  No-Breaks  da  CM  Comandos  são  indicados  para aplicações de  \nmissão crítica, nas mais variadas corporações, oferecendo proteção \ncontra distúrbios de energia elétrica, tais como: cortes, micro-cortes, ruídos, distorção harmônica, picos, \ntransientes, sub e sobretensão e variação de frequência.APLICAÇÕES\nOs equipamentos da CM Comandos operam com maior precisão, agre-\ngam maior número de funções e são mais seguros. Características\nque geram alta conﬁ  abilidade e produtividade nas mais variadas aplicações, minimizam falhas e,\nconsequentemente, custos de manutenção. Em resumo, ser um cliente CM Comandos signiﬁ  ca ter o \nretorno do capital investido e garantias que só uma empresa com amplo suporte técnico pode oferecer.BENEFÍCIOS\nAo escolher a marca CM Comandos Lineares você conta com o melhor supor-\nte técnico de pré e pós-venda da empresa que se consolidou ao longo  des-\ntes 40 anos como líder de mercado. Instrumentação de ponta, proﬁ  ssionais\naltamente qualiﬁ  cados, disponibilidade de atendimento 24 horas, sete dias da semana, call \ncenter e processos certiﬁ  cados que asseguram a excelência dos nossos serviços de suporte.SUPORTE\nTÉCNICO', 'A E M P R E S ACom mais de 35 anos de atuação, a CM Comandos é hoje \numa das maiores fabricantes de No-Breaks da América \nLatina. \nAlém disso, é líder absoluta em soluções para o mercado corporativo. Certificada pela \nnorma ISO-9001:2015, a CM Comandos ressalta o seu compromisso com a excelência \ndos seus produtos e a total satisfação dos seus clientes.Inovação, qualidade, tecnologia\ne confiabilidade. Marcas das\nsoluções CM Comandos Lineares\nA P L I C A Ç Õ E SOs No Breaks  da CM Comandos Lineares são indicados para aplicações \nde missão crítica, nas mais variadas corporações, oferecendo proteção \ncontra distúrbios de energia elétrica, tais como: cortes, micro cortes, ruídos, distorção harmônica, \npicos, transientes, sub e sobre tensão e variações de frequência.\nS U P O R T E\nT É C N I C OAo  escolher  a marca  CM Comandos  Lineares  você  conta com o melhor \nsuporte  técnico  de pré e pós-venda da empresa que se consolidou ao longo \ndestes 36  anos como  líder  de  mercado.\nInstrumentação de ponta, profissionais altamente qualificados, com cobertura nacional e \ndisponibilidade de atendimento 24 horas, sete dias por semana, call center e processos certificados \nque asseguram a excelência dos  nossos serviços  de  suporte.B E N E F Í C I O SOs equipamentos da CM Comandos operam com maior precisão, \nagregam maior número de funções e são os mais seguros. \nCaracterísticas que geram alta confiabilidade e produtividade nas mais variadas aplicações, \nminimizam falhas e, consequentemente,  custos de manutenção. Em resumo,  ser um cliente da \nCM Comandos significa ter o retorno do capital investido e garantias que  só uma empresa com \namplo suporte técnico pode oferecer.\nCM COMANDOS LINEARES\nOSD L NI A NM EA OR CEM SCISO\n9001\n2015']","Os benefícios do atendimento 24 horas da CM Comandos Lineares incluem a disponibilidade constante de suporte técnico, que garante assistência imediata em qualquer momento, minimizando o tempo de inatividade em situações críticas. Isso proporciona maior segurança e confiabilidade para os clientes, assegurando que problemas possam ser resolvidos rapidamente, o que contribui para a continuidade das operações e a satisfação do cliente. Além disso, a cobertura nacional e a equipe de profissionais altamente qualificados garantem que os clientes recebam um serviço de qualidade, independentemente da localização.","Os benefícios do atendimento 24 horas da CM Comandos Lineares incluem suporte técnico de alta qualidade, disponibilidade contínua e processos certificados que asseguram a excelência dos serviços.",0.99999999995,1.0,0.5999999988,0.1,0.9970153591296328,0.1,0.17,0.9373431441477084,0.2831423895253683,0.3125,0.0,0.0,1,1,1,1,1
"Qual é a importância do fator de potência de 0,7 na configuração do sistema elétrico mencionado?","['ESPECIFICAÇÕES TÉCNICAS \nEntrada\nn Tensão: \n    •  3kVA \n100/110/115/120/127 VAC 120V (standard) ou  \n200/208/220/230/240 VAC 220V (standard) \n    •  6kVA / 10kVA\n 200/208/220/230/240 VAC 220V (standard)\nn Variação Admissível:\n   •   3kVA \n55-150 VAC ou 110-300 VAC @ 50% de Carga\n80-150 VAC ou 160-300 VAC @ 100% de Carga\n   •   6kVA / 10kVA \n110-300 VAC @ 50% de Carga\n176-300 VAC @ 100% de Carga \nn Freqüência: 50/60 Hz                           \nn Variação de Freqüência Admissível:   \n    •    3kVA  \n40-70Hz\n    •    6kVA / 10 kVA \n46-54Hz @50Hz e 56-64Hz @60Hz\nn  Configuração:\nMonofásica \nn Fator de Potência:\n≥ 0.99 Tensão nominal (100% de Carga)\nn Distorção Harmônica THDi:\n    •    3kVA\n ≤ 5% @ Tensão de Entrada nominal\n    •    6kVA / 10kVA\n<4% @100% de Carga, <6% @50% de Carga\nSaída\nnTensão: \n    •   3kVA \n100/110/115/120/127 VAC 115V (standard) ou \n200/208/220/230/240 VAC 220V (standard) \n    •   6kVA / 10kVA \n200/208/220/230/240 VAC 220V (standard) \nn Fator de Potência:  1,0\nn Regulação Estática:   ± 1% nominal modo \nbateria\nn Freqüência:   50 / 60 Hz \nn Variação de Freqüência: \n± 0,1Hz em modo bateria\nn Sincronismo com a Rede:   Sim\nn Configuração:   \n Monofásica f+n+t \nn Forma de Onda:   Onda senoidal pura\nn Distorção Harmônica THD:  \n •   3kVA \n    ≤ 2% carga linear \n    ≤ 4% carga não-linear \n •   6kVA / 10kVA \n    ≤ 1% carga linear \n    ≤ 4% carga não-linearBaterias\nn  Composição:  \n    •    72  VDC - 3,0 kVA \n    •     240 VDC - 6,0 kVA \n    •     240 VDC - 10,0 kVA \nn  Sistema de Recarga: \ncontrolado, automático\nn Tempo de Recarga:  \n8 a 10 horas para 90% da carga\nn Tipo: \nseladas, isentas de manutenção\nn  Paralelismo Redundante (N+1) \n»  Disponível nas potências de 6 e 10kVA\nn By-pass estático (inteligente):  \nO termo inteligente aplica-se, visto que a linha \nComposition XV  possui desligamento da saída da \nchave estática em condições que, a tensão da rede \napresenta variações fora da faixa de trabalho, prote -\ngendo a carga contra sub ou sobre tensão mesmo \nna condição de by-pass estático.', 'ESPECIFICAÇÕES TÉCNICAS \nEntrada\nn Tensão: \n• 380/400/415V\n• 200/208/220V\nn Variação Admissível:\n± 25% da tensão nominal\nn Freqüência: 50/60 Hz                           \nn Variação de Freqüência Admissível:  ± 8%\nnCon/f_i  guração: 3F + N + T\nn Fator de Potência: 0,99\nSaída\nn Tensão: \n• 380/400/415V\n• 200/208/220V\nn Potências Disponíveis:\n• 380/400/415V - 25 e 50 kW Modular\n• 200/208/220V- 30 kW Modular\nnRegulação Estática:  ± 1% nominal \nnFreqüência:  50 / 60 Hz \nnVariação de Freqüência:  0,10%\nnCon/f_i  guração:  3F + N + T \nn  Forma de Onda:  senoidal\nn  Distorção Harmônica THD:  ≤ 1% carga linear \nn Fator de Crista:   3:1 \nn  Capacidade de Sobrecarga: \n• 110% por 1 hora; 125% por 10 minutos; \n• 150% por 1min; 150% por 200 ms.']","O fator de potência de 0,7 não é mencionado nas especificações técnicas fornecidas. No entanto, um fator de potência inferior a 1,0 indica que a eficiência do sistema elétrico pode ser comprometida, resultando em perdas de energia e potencialmente exigindo um dimensionamento maior dos componentes do sistema. Um fator de potência mais baixo pode levar a custos adicionais com energia e a necessidade de correção do fator de potência para otimizar o desempenho do sistema.","O fator de potência de 0,7 é importante na configuração do sistema elétrico mencionado, pois indica a eficiência com que a energia elétrica é utilizada, afetando a capacidade de carga e a qualidade da energia fornecida.",0.0,0.0,0.0,0.0,0.8588518648322317,1.0,0.77,0.8711755723834262,0.3177966101694915,0.3015873015873015,0.0,0.0,1,1,1,1,1
Quais são os benefícios de ter profissionais qualificados na CM Comandos Linear?,"['Inovação, qualidade, tecnologia\ne confiabilidade. Marcas das\nsoluções CM Comandos Lineares\nCom mais de 40 anos de atuação, a CM Comandos é hoje uma das \nmaiores fabricantes de No-Breaks da América Latina. Além disso, é líder\nabsoluta em soluções para o mercado corporativo. Certiﬁ  cada pela norma ISO-900:2015, a CM Comandos \nressalta o seu compromisso com a excelência dos seus produtos e a total satisfação dos seus clientes.A EMPRESA\nOs  No-Breaks  da  CM  Comandos  são  indicados  para aplicações de  \nmissão crítica, nas mais variadas corporações, oferecendo proteção \ncontra distúrbios de energia elétrica, tais como: cortes, micro-cortes, ruídos, distorção harmônica, picos, \ntransientes, sub e sobretensão e variação de frequência.APLICAÇÕES\nOs equipamentos da CM Comandos operam com maior precisão, agre-\ngam maior número de funções e são mais seguros. Características\nque geram alta conﬁ  abilidade e produtividade nas mais variadas aplicações, minimizam falhas e,\nconsequentemente, custos de manutenção. Em resumo, ser um cliente CM Comandos signiﬁ  ca ter o \nretorno do capital investido e garantias que só uma empresa com amplo suporte técnico pode oferecer.BENEFÍCIOS\nAo escolher a marca CM Comandos Lineares você conta com o melhor supor-\nte técnico de pré e pós-venda da empresa que se consolidou ao longo  des-\ntes 40 anos como líder de mercado. Instrumentação de ponta, proﬁ  ssionais\naltamente qualiﬁ  cados, disponibilidade de atendimento 24 horas, sete dias da semana, call \ncenter e processos certiﬁ  cados que asseguram a excelência dos nossos serviços de suporte.SUPORTE\nTÉCNICO', 'OSD  L NI A NM EA OR C EM SCISO\n90012015\nInovação , qualidade , tecnolo gia\ne confiabilidade . Marcas das\nsoluções CM C omandos Linear es\nCom mais de 40 anos de atuação , a CM Comandos é hoje uma das \nmaior es fabricant es de No-Breaks da Amér ica Latina. Além disso , é líder\nabsoluta em soluções para o mercado corporativ o. Certificada pela norma ISO-900:2015, a CM Comandos \nressalta o seu compr omisso com a excelência dos seus produt os e a total satisfação dos seus client es.A EMPRESA\nOs    No-Breaks   da   CM     Comandos  são  indicados  para aplicações \nde  missã o crítica, nas mais variadas corporações , oferecendo proteção \ncontra distúr bios de ener gia elétr ica, tais como: cortes, micr o-cortes, ruídos , distorção harmônica, picos , \ntransient es, sub e sobr etensão e var iação de fr equência.APLICAÇÕES\nOs equipament os da CM Comandos operam com maior precisão , agre-\ngam maior númer o de funções e são mais segur os. Carac terísticas\nque geram alta confiabilidade e produtividade nas mais variadas aplicações , minimizam falhas e,\nconsequent ement e, cust os de manut enção . Em resumo , ser um client e CM Comandos significa ter o \nretorno do capital investido e garantias que só uma empr esa com amplo supor te técnico pode oferecer .BENEFÍCIOS\nAo escolher a marca CM Comandos Linear es você conta com o melhor supor -\nte técnico de pré e pós- venda da empr esa que se consolidou ao longo  des-\ntes 40 anos como líder de mercado . Instrumentação de ponta, profissionais\naltament e qualificados , disponibilidade de atendiment o 24 horas , sete dias da semana, call \ncent er e processos certificados que asseguram a excelência dos nossos serviços de supor te.SUPORTE\nTÉCNIC O']","Os benefícios de ter profissionais qualificados na CM Comandos Linear incluem a operação com maior precisão dos equipamentos, a agregação de um maior número de funções e um aumento na segurança. Essas características contribuem para alta confiabilidade e produtividade nas diversas aplicações, minimizando falhas e, consequentemente, os custos de manutenção. Além disso, a empresa oferece suporte técnico de pré e pós-venda, com atendimento disponível 24 horas por dia, sete dias por semana, garantindo excelência nos serviços prestados.","Os benefícios de ter profissionais qualificados na CM Comandos Linear incluem suporte técnico de alta qualidade, disponibilidade 24 horas por dia, processos certificados e a garantia de excelência nos serviços de suporte.",0.99999999995,1.0,0.0,0.8181818181818182,1.0,1.0,0.14,0.9102495208255528,0.3370577281191806,0.3846153846153846,0.0,0.0,1,0,1,1,1
Quais são as implicações de as especificações estarem sujeitas a alterações em projetos customizados dentro do Sistema de Sustentabilidade Auditada?,"['Av. Eng . Alber to de Zagottis , 760 - 04675-085 -  São P aulo - SP\nTel.: (11) 5696-5000\nwww.cmcomandos .com.brOSD  N LI A NM EO AC R EM SCISO\n90012015\nSistema de \nSustentabilidade A uditado\nMEDIDAS DE PRO TEÇÃO VITAIS P ARA INST ALAÇÕES ELÉTRIC AS HOSPIT ALARES \nO Transf ormador de Separação possui alta isolação galvânica e gera um \ncircuito elétr ico isolado com sist ema de at errament o IT. \nEste cir cuito ex clusiv o  é monit orado pelo DSI.  Na ocor rência de qualquer \nfalha de isolação das car gas sensív eis alimentadas , o DSI imediatament e \naciona um alar me  para  a equipe de manut enção .       Sist ema IT \nSistema IT c om IHM e L ocalizador de F alhas Exemplos de Diagr amas de Aplicações  \n Imagens Ilus trativas\n Imagens Ilus trativas\nCM MK T  JAN 24 - *As especificações  técnicas estão sujeitas a alterações sem aviso pr évio e conf orme necessidades de pr ojetos customizados .                 Nós incentivamos a r eciclagem.', 'CM COMANDOS LINEARES\nOSDN LI A NM EO AC REM SCISO\n9001\n2015\nSistema de \nSustentabilidade AuditadaAv. Eng. Alberto de Zagottis, 760 - 04675-085 - São Paulo - SP\nTel.: (11) 5696-5000 - Fax: (11) 5696-5055\nwww.cmcomandos.com.brOSD L NI A NM EA OR CEM SCISO\n9001\n2015']","As especificações estarem sujeitas a alterações em projetos customizados dentro do Sistema de Sustentabilidade Auditada implicam que os clientes e usuários devem estar cientes de que as características e funcionalidades dos produtos ou serviços podem ser modificadas para atender a necessidades específicas. Isso pode afetar o planejamento, a implementação e a expectativa de desempenho, exigindo uma comunicação contínua entre as partes envolvidas para garantir que as alterações atendam às exigências do projeto e mantenham a conformidade com os padrões de qualidade. Além disso, pode haver a necessidade de revisões nos cronogramas e orçamentos, dependendo das mudanças realizadas.","As implicações de as especificações estarem sujeitas a alterações em projetos customizados dentro do Sistema de Sustentabilidade Auditada incluem a necessidade de adaptação contínua e a possibilidade de ajustes nos processos, o que pode impactar a execução e a eficácia dos projetos.",0.9999999999,1.0,0.1428571426530612,0.0,0.9543697656515996,0.1428571428571428,0.55,0.8987822658369818,0.3026315789473685,0.3580246913580247,0.0,0.0,0,1,1,1,1
Quais são as principais características dos no-breaks modernos utilizados em ambientes corporativos?,"['Alta Tecnologia em\nProcessamento Digital de Sinais - DSP\nHoje esta tecnologia está presente nos mais soﬁ  sticados sistemas eletrônicos devido a sua alta velocidade e conﬁ  abil-\ndade. Processadores Digitais de Sinais são capazes de processar dez milhões de amostragens por segundo. Isso signiﬁ  -\nca processamento em tempo real - o sinal é processado no mesmo instante em que é recebido, sem retardos ou atrasos.Vivemos  em um mundo cada vez mais ágil e prático. Um mundo conectado por processadores, chips, softwares e periféricos.  Mas \nainda não é o bastante, por isso, o mundo caminha para tecnologias de processamento imediato de dados. A CM Comandos está \num passo à frente e oferece aos seus clientes produtos dotados de uma tecnologia revolucionária, denominada Processamento \nDigital de Sinais - DSP .\nToda linha de No-Breaks Composition conta com a tecno-\nlogia DSP . Característica que proporciona alta performa-\nce e conﬁ  abilidade, tornando-os ideais para aplicações de \nmissão crítica. Ou seja, protegem as aplicações nas quais a  \ncontinuidade da operação é de fundamental importância. \nProjetados com o uso intenso dos recursos da tecnologia\nDSP , os No-Breaks Composition agregam novos e avançados \nrecursos que estabelecem um novo conceito em desenvolvi-\nmento, no qual o ﬁ  rmware dos equipamentos pode ser atuali-\nzado acrescentando novas funções em  unidades já instaladas.\nAo pensar em adquirir No-Breaks, conte com as soluções da \nCM Comandos, que asseguram tecnologia de ponta, máxima \nproteção, precisão digital e processamento em tempo real.OS MAIS MODERNOS NO-BREAKS CORPORATIVOS', 'S I S T E M A PA R A L E L O M U LT I AT I V O ( E X C L U S I V O C M C O M A N D O S )\nA CM Comandos Lineares desenvolveu um sistema inovador e pioneiro no mundo de paralelismo entre No Breaks. O sistema Paralelo \nMulti Ativo permite a expansão do sistema, de acordo com sua demanda de consumo, podendo paralelar quantas unidades forem \nnecessárias para atender sua demanda, elevando a capacidade do sistema e a confiabilidade de sua aplicação.\nP O S S I B I L I D A D E D E S O M A T Ó R I A D E  P O T Ê N C I A S\nPermite a ligação para somatória de potência, utilizando dois ou mais No \nBreaks para atingir a demanda da carga total.\nQuando utilizado para somatória de potência, possibilita a ligação de \nNo Breaks com potências diferentes. Quando a ligação for feita com No \nBreaks de potências diferentes, a carga será distribuída \nproporcionalmente. Permite a ligação em paralelo redundante N + 1,  N + 2, N + 3 … N+X,  \npossibilitando o desligamento de uma ou mais unidades mantendo a \ncarga ativa.L I G A Ç Ã O E M P A R A L E L O R E D U N D A N T E\nA comunicação entre os No Breaks consiste no barramento de \ncomunicação comum, por onde transitam informações contendo \nnível de carga, sincronismo e a condição do by pass.C O M U N I C A Ç Ã O E N T R E O S N O B R E A K STodos os No Breaks são autônomos, operam de forma \nindependente no sistema e possuem controle individual.N Ã O E X I S T E N O B R E A K M E S T R E O U E S C R A V OPodem ser paraleladas quantas unidades forem necessárias, \npossibilitando expansão do sistema, de acordo com a demanda de \nconsumo.Q U A N T I D A D E I L I M I T A D A P A R A P A R A L E L I S M O\nM A N U T E N Ç Ã O D O N O B R E A K\nPermite a inserção ou retirada de um No Break no sistema, sem a \nnecessidade de parada.Rede Elétrica\nde Entrada\nSaídaNo Break 1\n Potência de \n30 kVANo Break 2\nPotência de \n10 kVANo Break 3\nPotência de \n20 kVA\nCarga fornecida pelo sistema = 150 kVANo Break 4\nPotência de \n30 kVANo Break 5\nPotência de \n20 kVANo Break 6\nPotência de \n40 kVA\nINTERFACES DE \nGERENCIAMENTO   \nREMOTO\nSão compostas por diversas ferramentas. O \nAdaptador SNMP NetMate permite\ngerenciar remotamente o No Break via a \nInternet através de um web browser,\nmonitorar o status e enviar alertas por e-mail. \nO software IP Power é uma ferramenta de \ngerenciamento  Windows Application e a \nversão Client é específica para  automatizar o \nshutdown de servidores, podendo desligar \nautomática e simultaneamente vários\ns e r v i d o r e s  e  e s t a ç õ e s .\nO Adaptador ArmModbus permite integrar \no  N o  B r e a k ,  v i a  u m a  p o r t a\nRS485, a Sistemas de Automação Predial.']","Os no-breaks modernos utilizados em ambientes corporativos apresentam várias características importantes. Eles são equipados com tecnologia de Processamento Digital de Sinais (DSP), que proporciona alta performance e confiabilidade, sendo ideais para aplicações de missão crítica. Essa tecnologia permite o processamento em tempo real, garantindo que o sinal seja processado instantaneamente, sem atrasos.

Além disso, os no-breaks contam com um sistema inovador de paralelismo, permitindo a expansão do sistema conforme a demanda de consumo. Isso possibilita a ligação de múltiplas unidades, mesmo com potências diferentes, para somar a capacidade total necessária. A comunicação entre os no-breaks é feita através de um barramento comum, onde informações sobre carga e sincronismo são compartilhadas, e cada unidade opera de forma autônoma, sem a necessidade de um no-break mestre.

Outra característica relevante é a manutenção facilitada, que permite a inserção ou retirada de unidades do sistema sem a necessidade de interrupção. Por fim, as interfaces de gerenciamento remoto possibilitam o controle e monitoramento dos no-breaks via internet, com ferramentas que permitem o envio de alertas e a automação do desligamento de servidores.","Os no-breaks modernos utilizados em ambientes corporativos possuem características como alta capacidade de carga, tempo de autonomia prolongado, monitoramento remoto, proteção contra surtos de energia e eficiência energética.",0.99999999995,0.2,0.0,0.6818181818181818,0.9818229236758744,1.0,0.1,0.8242166788922839,0.1666666666666666,0.1617021276595744,0.0,0.0,1,1,1,1,1
Quais são as principais maneiras pelas quais a Redução de Custo de Propriedade é alcançada no gerenciamento de baterias?,"['Equaliz erActive Batt ery Mangement\nBENEFÍCIOS\nEstende a vida útil das baterias\nO sistema de Equalização Ativa mantém as baterias em condições \nideais, maximizando a sua vida útil. Reduz a necessidade de troca das \nbaterias e reduz o custo.\nRedução de Custo de Propriedade\nProlonga a vida útil das baterias, reduz o período de trocas e \nautomatiza a manutenção, reduzindo enormes custos com \nintervenções manuais.\nEcológico e Sustentável\nNa era da sustentabilidade, reduzir o consumo de baterias significa \nusar menos recursos e gerar menos descartes no meio ambiente.Análise da Vida Útil da Bateria\nAnalisa a curva de carga e descarga de um banco de baterias e \nacompanhe a evolução da vida útil, algo que é impraticável fazer \nmanualmente.Minimiza o Downtime por falha da bateria\nO prejuízo decorrente de uma queda do sistema por falha de bateria \ngera um valor incalculável para a sua operação.CARACTERÍSTICAS  \nPRINCIPAIS\nEqualização Ativa Individual do Banco de Baterias\nEleva a vida útil e a confiabilidade das baterias. \nPermite que as baterias atinjam a máxima vida útil de operação.\nAutomatização da Manutenção das Baterias\nO sistema mantém as baterias em condições ideais automaticamente. \nA análise e o diagnóstico são realizados à distância, individualmente e \nsem precisar desligar o sistema.\nMonitoramento em Tempo Real das Baterias\nMonitora a condição das baterias em tempo real à distância,  de \nforma eficiente e reduzindo o elevado custo com intervenções \nmanuais.Medição da Impedância da Bateria\nA Impedância interna é o parâmetro real da condição da bateria. \nAlém disso, mede a tensão e temperatura individual de cada bateria e \ngrava na memória.Previne contra quedas do sistema por defeito nas baterias\nO sistema monitora constantemente as baterias individualmente e \nenvia alarmes antes de ocorrer um problema.\nCONFIGURAÇÃO DO BANCO DE BATERIAS\nAPLICAÇÕES\nn   \nn   \n Banc os de Ba terias:\n• Sist emas No -Breaks\n• Retificador es de Telecomunicações\n• Ener gia Solar e Eólica\n• Compatív el com t odas as mar cas \nde equipament os, independent e \ndo fabr icant e.\nTipos :\n• Seladas Reguladas por Válvula VRLA\n• Estacionár ias\n• 12VDC e 2VDC', 'Banco de Baterias  \n \n \n \nCuidados com as Baterias  \n \nAs baterias são componentes eletroquímicos e a sua utilização \ndeve ser realizada exclusivamente por técnicos treinados e habilitados.  \nA armazenagem e utilização deve respeitar as condições de \ntemperatur a ambiente, nunca superior a 30° C, sob pena de reduzir as \nsuas características eletroquímicas e consequentemente, a sua vida \nútil. \nAlém disso, possuem em seu interior, componentes químicos \nque podem contaminar o meio ambiente e causar danos à saúde \nhumana.  \nPor este motivo, jamais devem ser abertas e suas partes \ninternas desmontadas.   \nAo término da sua vida útil, após a sua reposição, deve ser realizado o \ndescarte apropriado, enviado o produt o à reciclagem adequada.  \nInforme -se sobre postos de coleta e descarte de baterias na sua \nregião ou se preferir, entre em contato com a nossa Assistência \nTécnica.']","A Redução de Custo de Propriedade no gerenciamento de baterias é alcançada principalmente através do prolongamento da vida útil das baterias, que diminui a frequência de trocas. Além disso, a automatização da manutenção reduz a necessidade de intervenções manuais, resultando em custos significativamente menores.","A Redução de Custo de Propriedade no gerenciamento de baterias é alcançada prolongando a vida útil das baterias, reduzindo o período de trocas e automatizando a manutenção, o que diminui custos com intervenções manuais.",0.9999999999,1.0,0.0,0.5,0.9567235385927066,1.0,0.67,0.9768700836455192,0.5814696485623003,0.5617977528089888,0.0,0.0,1,1,1,1,1
Quais as implicações de especificações estarem sujeitas a mudanças sem aviso no contexto do CM. MKT OUT 23?,"['Inovação, qualidade, tecnologia\ne confiabilidade. Marcas das\nsoluções CM Comandos Lineares\nCom mais de 40 anos de atuação, a CM Comandos é hoje uma das \nmaiores fabricantes de No-Breaks da América Latina. Além disso, é líder\nabsoluta em soluções para o mercado corporativo. Certiﬁ  cada pela norma ISO-900:2015, a CM Comandos \nressalta o seu compromisso com a excelência dos seus produtos e a total satisfação dos seus clientes.A EMPRESA\nOs  No-Breaks  da  CM  Comandos  são  indicados  para aplicações de  \nmissão crítica, nas mais variadas corporações, oferecendo proteção \ncontra distúrbios de energia elétrica, tais como: cortes, micro-cortes, ruídos, distorção harmônica, picos, \ntransientes, sub e sobretensão e variação de frequência.APLICAÇÕES\nOs equipamentos da CM Comandos operam com maior precisão, agre-\ngam maior número de funções e são mais seguros. Características\nque geram alta conﬁ  abilidade e produtividade nas mais variadas aplicações, minimizam falhas e,\nconsequentemente, custos de manutenção. Em resumo, ser um cliente CM Comandos signiﬁ  ca ter o \nretorno do capital investido e garantias que só uma empresa com amplo suporte técnico pode oferecer.BENEFÍCIOS\nAo escolher a marca CM Comandos Lineares você conta com o melhor supor-\nte técnico de pré e pós-venda da empresa que se consolidou ao longo  des-\ntes 40 anos como líder de mercado. Instrumentação de ponta, proﬁ  ssionais\naltamente qualiﬁ  cados, disponibilidade de atendimento 24 horas, sete dias da semana, call \ncenter e processos certiﬁ  cados que asseguram a excelência dos nossos serviços de suporte.SUPORTE\nTÉCNICO', 'OSD  L NI A NM EA OR C EM SCISO\n90012015\nA EMPRESACom mais de 38 anos de atuação, a CM Comandos é hoje \numa das maiores fabricantes de No-Breaks da América Latina. \nAlém disso, é líder absoluta em soluções para o mercado corporativo. \nCertificada pela norma ISO-9001:2015 a CM Comandos ressalta o seu compromisso \ncom a preservação do meio ambiente, a excelência dos seus produtos e a total \nsatisfação dos seus clientes.\nAPLICAÇÕES Os No -Breaks da CM C omandos Linear es são indicados para \naplicações de missão cr ítica, nas mais var iadas cor porações ,  \noferecendo por teção contra distúr bios de ener gia elétr ica, tais como cor tes, micr o cor tes, \nruídos , dist orção har mônica, picos , transient es, sub e sobr e tensão e var iações de fr equência.\nSUPORTE\nTÉCNICOAo escolher a mar ca CM C omandos Linear es, você conta com o \nmelhor  supor te técnico de pr é e pós- venda da empr esa que se \nconsolidou ao longo dest es 38 anos como líder de mer cado .\nInstrumentação de ponta, pr ofissionais altament e qualificados , com cober tura \nnacional e disponibilidade de at endiment o 24 horas , sete dias da semana, call \ncent er e pr ocessos cer tificados ,  asseguram a ex celência dos nossos ser viços de \nsupor te.BENEFÍCIOSOs equipament os da CM C omandos operam com maior pr ecisão , \nagregam maior númer o de funções e são os mais segur os. \nCarac terísticas que geram alta confiabilidade e pr odutividade nas mais var iadas aplicações , \nminimizam falhas e , consequent ement e, cust os de manut enção . Em r esumo ,                               \nser um client e da CM C omandos sig nifica t er o r etorno do capital in vestido e garantias            \nque só uma empr esa com amplo supor te técnico pode of erecer .Inovação, qualidade, tecnologia\ne confiabilidade. Marcas das\nsoluções CM Comandos Lineares\nOSD  L NI A NM EA OR C EM SCISO\n90012015']","As especificações sujeitas a mudanças sem aviso podem impactar a confiança dos clientes na marca, uma vez que a consistência e a previsibilidade são fundamentais para a satisfação do consumidor. Isso pode levar a incertezas em relação à qualidade e à confiabilidade dos produtos, especialmente em aplicações de missão crítica, onde a proteção contra distúrbios de energia elétrica é essencial. Além disso, a falta de comunicação sobre alterações pode resultar em dificuldades para os clientes na adaptação a novas características ou funcionalidades, afetando a experiência de suporte técnico e a percepção geral da empresa no mercado.","As implicações de especificações estarem sujeitas a mudanças sem aviso no contexto do CM. MKT OUT 23 incluem a necessidade de adaptação rápida por parte dos envolvidos, o que pode impactar o planejamento e a execução de estratégias.",0.0,0.0,0.0,0.0,0.605214335379391,0.1,0.0,0.639753824281349,0.2381703470031545,0.2389937106918238,0.0,0.0,0,0,1,1,1
Quais são as principais funções do Bypass Estático em um sistema de proteção de energia?,"['TECNOLOGIA ON LINE COM BYPASS ESTÁTICO DE MANUTENÇÃO\nINTERFACE DE GERENCIAMENTO REMOTO\nAs Interfaces de Gerenciamento Remoto são compostas por diversas ferramentas, sendo elas: \n•  O Adaptador SNMP que permite gerenciar remotamente o No-Break via Internet através de um web browser,  monitorar o status \ne enviar alertas por e-mail. \n• O software, uma ferramenta de gerenciamento Windows Application e a versão Client é especíﬁ  ca para automatizar o shutdown \nde servidores, podendo desligar automática e simultaneamente vários servidores e estações. \n• O Adaptador Modbus permite integrar o No-Break, via uma porta RS485, a Sistemas de Automação Predial.\nBypass Estático\nSistema de proteção que, em caso de \nproblemas, transfere automaticamente \na carga para um circuito alternativo, sem \ninterrupção no fornecimento de energia.Bypass Estático de Manutenção\nPermite a transferência e o retorno da carga do No-Break para um circuito \nalternativo de fornecimento de energia, para atividades de manutenção. \nEm quaisquer situações, o fornecimento de energia é contínuo, sem \ninterrupções.\nBanco de Baterias\nArmazena energia reserva para alimentar o No-Break \ndurante um período predeterminado, denominado como \ntempo de autonomia do No-Break.Retificador\nConverte a energia da\nrede elétrica da concessionária\n ou do grupo gerador em\ncorrente contínua, corrigindo \nou eliminando distúrbios\nda entrada do sistema.\nCorrente alternada de entradaCorrente contínua Corrente alternada de saída\nCorrente alternada Bypass estáticoCorrente alternada Bypass estático\nde manutenção\nInversor\nConverte a corrente contínua do \nretiﬁ  cador ou das baterias em corrente \nalternada de saída, com forma de onda \nsenoidal pura, livre de distúrbios.\nRetificador\nConverte a energia da\nrede elétrica da concessionária\n ou do grupo gerador em\nInversor\nConverte a corrente contínua do \nretiﬁ  cador ou das baterias em corrente \nalternada de saída, com forma de onda', 'DominionSP1\nCARACTERÍSTIC AS  PRINCIP AIS\nTecnologia A vançada DSP  (Digital Signal P rocessor)\nMemória Int erna par a Registr o de E ventos\nMedições em True RMS c om P recisão de Multímetr os\nCorreção do F ator de P otência de E ntr ada0.99*\nAcionament os Monit orados pelo P rocessador DSPPermite funções a vançadas e ex clusivas em t empo r eal.\nPermite que sejam rastr eados para análise .\nSão ideais para a medição de car gas não linear es.\nAtua como filtr o para as car gas não -linear es.\nAs manobras são r egistradas e g ravadas no log de ev entos.TECNOL OGIA  ON-LINE  C OM  BYP ASS  ESTÁTIC O  DE  MANUTENÇÃO\nCorr ente Alternada de Entrada\nCorr ente ContínuaCorr ente Alternada de Saída\nCorr ente Alternada B ypass Estático  Corr ente Alternada B ypass Manual de Manutenção  Saída Rede Elétric a\nde Entr adaRede P resente\nFalha de Rede\nBypass Estátic o\nBypass Manual de\n ManutençãoBypass Manual de Manutenção\nNeste modo de operação , a car ga é alimentada dir etamente pelo cir cuito \nalter nativ o de B ypass que possibilita o desligamento completo do \nequipamento , podendo assim, r ealizar uma manutenção com substituições de \npeças e placas sem a necessidade de desligamento . Com o auxílio da chav e \nestática, após a manutenção , é possív el transf erir novamente o No -Break para \no modo nor mal mantendo a car ga sempr e alimentada.\nRetificador\nConverte a ener gia da r ede elétr ica \nda concessionár ia ou do g rupo \ngerador em cor rente contínua, \ncorrigindo ou eliminando \ndistúr bios da entrada do sistema.\nBanco de Baterias\nArmaz ena ener gia reser va para alimentar o No -Break durante \num per íodo pr é-deter minado , denominado como tempo de \nautonomia do No -Break.Inversor\nConverte a cor rente contínua do r etificador ou das \nbater ias em cor rente alter nada de saída, com f orma de \nonda senoidal pura, livr e de distúr bios .Transf ormador Isolador\nIsola a tensão de saída, garantindo assim uma \nmelhor qualidade de ener gia, filtrando possív eis \nruídos ex ternos mesmo operando em modo B ypass . Bypass Estático\nSistema de pr oteção que , \nem caso de falha, transf ere \nautomaticamente a car ga \npara a linha de B ypass \nsem inter rupções na saída \ne opera em sincr onismo \nde fase . \nPossibilidade de Upgr ade do F irmwar e do DSP\nAjust es da Tensão por Sof twar e\nBypass Estátic o e Bypass M anual de M anut enção\nGerenciament o Remot o Real-Time Via Int ernet*\nCompatív el com Todos os Grupos G erador esGarant e a atualização e pr eser vação do in vestiment o.\nAsseguram elevada pr ecisão e confiabilidade .\nAdicionam pr oteção e elevam a confiabilidade da car ga sensív el.\nVia TCP/IP e fir ewalls com pr oteção de senhas para acesso r emot o.\nPrecisão e t otal pr oteção para operação com g rupos gerador es.']","As principais funções do Bypass Estático em um sistema de proteção de energia incluem a transferência automática da carga para um circuito alternativo em caso de falha, garantindo que não haja interrupções no fornecimento de energia. Além disso, permite a manutenção do sistema sem desligar a carga, possibilitando a transferência e o retorno da carga do No-Break para um circuito alternativo durante atividades de manutenção, assegurando um fornecimento contínuo de energia.","As principais funções do Bypass Estático em um sistema de proteção de energia são transferir automaticamente a carga para um circuito alternativo em caso de problemas, sem interrupção no fornecimento de energia.",0.99999999995,,0.3333333322222222,0.4,0.9999999999999992,1.0,0.89,0.9665281778103404,0.4063157894736842,0.5123966942148761,0.0,0.0,1,1,1,1,1
Qual é a função do dispositivo localizador de falha de isolação em um sistema de aterramento IT médico?,"['Medidas de P roteção \nVitais para I nstalações \nElétr icas Hospitalar es\nFUNCIONAMENTO Sistema de Aterrament o IT Médico \nO Sistema IT Médico é um sistema de super visão de falhas de isolação nas instalações elétr icas aplicado em \nconfiguração de aterrament o tipo IT, conf orme previsão da norma NBR 13534:2008 da Anvisa. \nEsta norma visa garantir a manut enção dos equipament os de sustentação à vida, mesmo em caso de \nprimeira falha de isolação elétr ica nos Estabeleciment os Assistenciais a Saúde (EAS). \nA utilização desta proteção é compulsór ia nos ambient es hospitalar es do Grupo 2, nos quais se enquadram \nas Salas Cirúr gicas, UTIs , UTIs Neonatais e Salas de Hemodinâmica. \nA utilização do Sistema IT Médico aumenta a segurança \npara o pacient e e para o corpo clínico ,  pois a interrupção \nno forneciment o de ener gia elétr ica em caso de uma falta é evitada, pois mesmo em um caso de curto- \ncircuito fase t erra, por ex emplo , um equipament o eletr omédico pode ser usado para auxiliar ou substituir , \ntemporar iament e ou permanent ement e  funções vitais de um pacient e. \nAlém disso , ocor re uma redução nas correntes de fuga circulando pelo condut or de proteção , o que diminui \na tensão de contat o e consequent ement e a intensidade de um choque elétr ico acidental .\nO Sistema possui Dispositiv o Super visor de Isolament o (DSI), Dispositiv o Super visor de Temperatura (DST ) e \nDispositiv o Super visor de Corrente (DSC ) que mede a resist ência entre os condut ores de alimentação e o \ncondut or de proteção , sinalizando sonora e visualment e quando essa resist ência decr esce para 50 KΩ. \nCOMPOSIÇ ÃO BÁSIC A  Quadr o de Ener gia Elétrica  - Sistema IT Médico \nO sistema é compost o por: \n• Transf ormador de Separação \n• Dispositiv o Super visor de Isolament o (DSI) \n  Super visor de Temperatura (DST )\n  Super visor de Corrente (DSC ) \n• Dispositiv o Anunciador \n• Montagem em Rack\nOpcionais: \n• Gerador de Sinal BT-4000\n• Localizador Individual de Falha BT-0074/ BT 0078\n• Interface Homem-M áquina (IHM)', 'DISPOSITIV O ANUNCIADOR\nO\nenfermarias de plantão ou salas de médicos ,  e per mitem a imediata sinalização visual e audív el da ocor rência de alar mes . \nPodem ser instalados at é 4  Dispositiv os Anunciador es em vár ios locais ao mesmo t empo e não necessitam de alimentação auxiliar . s alar mes det ectados pelo Dispositiv o DSI / DST / DSC são en viados ao Dispositiv o Anunciador , instalados em locais estrat égicos tais como  \nCARACTERÍSTIC AS  \nPara sinalização dos alar mes a distância, de acor do com a Nor ma NBR 13534:\n• Led v erde: equipament o ligado ·  \n• Led v ermelho: sobr ecar ga\n• Led amar elo: sinalização de falha\n• Botão silenciar : para desligar o alar me acústico sobr e o quadr o de sinalização à\n   distância, ativado quando f or ultrapassado o nív el de int ervenção\n• Botão de t este: para v erificar per iodicament e a eficiência do  dispositiv o como  \n   recomendado pela Nor ma\n• Tipo de Alar me: Sonor o\nO dispositiv o Gerador de Sinais BT4000 é um dispositiv o de localização de falha  \nde isolação individual , per mitindo identificar em qual leit o ocor reu a falha, por \nexemplo .  \nO Gerador de Sinal injeta um sinal inf erior a 1mA, suficient e para que seja \ndetectada a falha de isolação e atua em conjunt o com os Dispositiv o \nLocalizador de F alha I ndividual e o Dispositiv o DSI / DST / DSC , conf orme as \nespecificações  exig idas pela nor ma IEC 61557.DISPOSITIV O GER ADOR DE SINAL 1mA - B T4000  \nESPECIFIC AÇÃO MECÂNIC A  \n·\npadrão DIN. Ideal para painel modular 18mm. O cupa o espaço de um disjunt or tr ipolar \nDISPOSITIV O LOCALIZADOR DE F ALHA - B T0074 e B T0078\nINTERF ACE HOMEM-MÁQUINA (IHM)\nO displa y / painel de contr ole IHM possibilita a visualização dos parâmetr os pr é-\nestabelecidos de isolament o, temperatura e cor rente em t empo r eal e é ideal para \nmonit orar instalações de múltiplos Sist emas IT .\nPRINCIP AIS C ARACTERÍSTIC AS Inter face Homem Máquina (IHM)• \n•  Medidor es textos móv eis\n•  Manuseio de Alar meTela g ráfica t ouch scr een 7,0”  • Proteção por P assw ord  \n• Ether net e P orta USB\nDispositivo AnunciadorDispositivo  Gerador de Sinal 1mA - BT4000\nO dispositiv o localizador de falhas BT0074 com 4 circuitos \nlocalizador es) e (BT0078 com 8 localizador es) tem por finalidade a \nlocalização de falha de isolação em um sistema de aterrament o IT \nMédico , de acor do com as carac terísticas exig idas pela norma \nIEC61557. O dispositivo é dotado de toróides que foram \nespecialmente projetados para a detecção de baixíssimas \ncorrentes na ordem de 0,5 mA e placa eletr ônica que sinaliza e \nemit e um sinal digital que pode ser conec tado , por exemplo , a um \nCLP.\nDispositivo L ocalizador de falha BT 0074\nDispositivo L ocalizador de falha BT 0078']","A função do dispositivo localizador de falha de isolação em um sistema de aterramento IT médico é identificar a localização específica de falhas de isolação. Ele opera em conformidade com as características exigidas pela norma IEC 61557 e é projetado para detectar correntes muito baixas, na ordem de 0,5 mA. O dispositivo emite um sinal digital que pode ser conectado a outros sistemas, como um CLP, facilitando a identificação e a resolução de problemas nas instalações elétricas hospitalares.","A função do dispositivo localizador de falha de isolação em um sistema de aterramento IT médico é localizar falhas de isolação, permitindo identificar em qual circuito ocorreu a falha, conforme as características exigidas pela norma IEC 61557.",0.99999999995,1.0,0.0,0.5,0.9999995295512488,0.8333333333333334,0.44,0.9389086966422836,0.3898989898989898,0.496124031007752,0.0,0.0,1,1,1,1,1
Qual eh o signficado da letra 'A' no contexto de Local Ethernet AI?,"['DISPOSITIV O ANUNCIADOR\nO\nenfermarias de plantão ou salas de médicos ,  e per mitem a imediata sinalização visual e audív el da ocor rência de alar mes . \nPodem ser instalados at é 4  Dispositiv os Anunciador es em vár ios locais ao mesmo t empo e não necessitam de alimentação auxiliar . s alar mes det ectados pelo Dispositiv o DSI / DST / DSC são en viados ao Dispositiv o Anunciador , instalados em locais estrat égicos tais como  \nCARACTERÍSTIC AS  \nPara sinalização dos alar mes a distância, de acor do com a Nor ma NBR 13534:\n• Led v erde: equipament o ligado ·  \n• Led v ermelho: sobr ecar ga\n• Led amar elo: sinalização de falha\n• Botão silenciar : para desligar o alar me acústico sobr e o quadr o de sinalização à\n   distância, ativado quando f or ultrapassado o nív el de int ervenção\n• Botão de t este: para v erificar per iodicament e a eficiência do  dispositiv o como  \n   recomendado pela Nor ma\n• Tipo de Alar me: Sonor o\nO dispositiv o Gerador de Sinais BT4000 é um dispositiv o de localização de falha  \nde isolação individual , per mitindo identificar em qual leit o ocor reu a falha, por \nexemplo .  \nO Gerador de Sinal injeta um sinal inf erior a 1mA, suficient e para que seja \ndetectada a falha de isolação e atua em conjunt o com os Dispositiv o \nLocalizador de F alha I ndividual e o Dispositiv o DSI / DST / DSC , conf orme as \nespecificações  exig idas pela nor ma IEC 61557.DISPOSITIV O GER ADOR DE SINAL 1mA - B T4000  \nESPECIFIC AÇÃO MECÂNIC A  \n·\npadrão DIN. Ideal para painel modular 18mm. O cupa o espaço de um disjunt or tr ipolar \nDISPOSITIV O LOCALIZADOR DE F ALHA - B T0074 e B T0078\nINTERF ACE HOMEM-MÁQUINA (IHM)\nO displa y / painel de contr ole IHM possibilita a visualização dos parâmetr os pr é-\nestabelecidos de isolament o, temperatura e cor rente em t empo r eal e é ideal para \nmonit orar instalações de múltiplos Sist emas IT .\nPRINCIP AIS C ARACTERÍSTIC AS Inter face Homem Máquina (IHM)• \n•  Medidor es textos móv eis\n•  Manuseio de Alar meTela g ráfica t ouch scr een 7,0”  • Proteção por P assw ord  \n• Ether net e P orta USB\nDispositivo AnunciadorDispositivo  Gerador de Sinal 1mA - BT4000\nO dispositiv o localizador de falhas BT0074 com 4 circuitos \nlocalizador es) e (BT0078 com 8 localizador es) tem por finalidade a \nlocalização de falha de isolação em um sistema de aterrament o IT \nMédico , de acor do com as carac terísticas exig idas pela norma \nIEC61557. O dispositivo é dotado de toróides que foram \nespecialmente projetados para a detecção de baixíssimas \ncorrentes na ordem de 0,5 mA e placa eletr ônica que sinaliza e \nemit e um sinal digital que pode ser conec tado , por exemplo , a um \nCLP.\nDispositivo L ocalizador de falha BT 0074\nDispositivo L ocalizador de falha BT 0078', 'APLICAÇÕES\nREGISTRO  PERMANENTE\nDE  EVENTOS  INTERNOSATUALIZAÇÃO DE FIRMWARE\nEste recurso permite que a Rede de Assistência Técnica realiz e \na atualização da versão do firmware que roda no chip DSP. \nCom isto, pode implementar melhor ias, agregar novos \nrecursos, customizar as características e preservar o \ninvestiment o mant endo -o atualizado . O DSP armaz ena os últimos 25.500 registros em sua memór ia \ninterna. Mesmo com o Estabilizador de T ensão desligado , os \ndados continuam gravados .\nFunciona como uma ""caixa-pr eta"", sendo possív el rastr ear os \nvalor es das medições e status de alarmes , auxiliando a equipe \nde supor te nas manut enções preventivas e corretivas . Os \neventos são registrados com rubr ica de data e hora, através do \nRTC Real Time Clock - Relóg io em Tempo Real interno.\nPorta Serial\n• RS232:Inter face Remota:\n• Upg rade fir mware\n• Acesso a ev entos\n• Configuração e SetupnAutomação Bancár ia\nn Automação C omer cial\nnAutomação I ndustr ial\nnAutomação de P rocessos Gráficos\nnSistemas M édicos de Diag nóstico e I magem\nnTelecomunicações\nnTecnolog ia da I nformação\nnTomóg rafos e Ressonâncias M agnéticas\nnTornos e F resas de C omando Numér ico - CNC\nnEquipament os de Eletr oerosão\nn Puncionadeiras e C orte a Laser CNC\nn Conversor es de F requência\nn Impr essoras a Laser \nn Fotocopiadoras\nn Transmissor es\nn PDVs\nn Mainframes\nn Microfilmagem\nDISPLAY - LCD - CRISTAL LÍQUIDO \nRETROILUMINADO']","A letra 'A' no contexto de Local Ethernet AI não é mencionada nas informações fornecidas. Portanto, não é possível determinar seu significado a partir do conteúdo apresentado.","No contexto de Local Ethernet AI, a letra 'A' significa 'Artificial'.",0.0,0.0,0.0,0.0,0.0,1.0,0.0,0.8368473278231862,0.3257142857142857,0.3414634146341463,0.0,0.0,1,1,1,1,0
Qual é a importância da frequência de 50 ou 60 Hz na configuração de sistemas elétricos?,"['ESPECIFICAÇÕES TÉCNICAS \nEntrada\nn Tensão: \n    •  3kVA \n100/110/115/120/127 VAC 120V (standard) ou  \n200/208/220/230/240 VAC 220V (standard) \n    •  6kVA / 10kVA\n 200/208/220/230/240 VAC 220V (standard)\nn Variação Admissível:\n   •   3kVA \n55-150 VAC ou 110-300 VAC @ 50% de Carga\n80-150 VAC ou 160-300 VAC @ 100% de Carga\n   •   6kVA / 10kVA \n110-300 VAC @ 50% de Carga\n176-300 VAC @ 100% de Carga \nn Freqüência: 50/60 Hz                           \nn Variação de Freqüência Admissível:   \n    •    3kVA  \n40-70Hz\n    •    6kVA / 10 kVA \n46-54Hz @50Hz e 56-64Hz @60Hz\nn  Configuração:\nMonofásica \nn Fator de Potência:\n≥ 0.99 Tensão nominal (100% de Carga)\nn Distorção Harmônica THDi:\n    •    3kVA\n ≤ 5% @ Tensão de Entrada nominal\n    •    6kVA / 10kVA\n<4% @100% de Carga, <6% @50% de Carga\nSaída\nnTensão: \n    •   3kVA \n100/110/115/120/127 VAC 115V (standard) ou \n200/208/220/230/240 VAC 220V (standard) \n    •   6kVA / 10kVA \n200/208/220/230/240 VAC 220V (standard) \nn Fator de Potência:  1,0\nn Regulação Estática:   ± 1% nominal modo \nbateria\nn Freqüência:   50 / 60 Hz \nn Variação de Freqüência: \n± 0,1Hz em modo bateria\nn Sincronismo com a Rede:   Sim\nn Configuração:   \n Monofásica f+n+t \nn Forma de Onda:   Onda senoidal pura\nn Distorção Harmônica THD:  \n •   3kVA \n    ≤ 2% carga linear \n    ≤ 4% carga não-linear \n •   6kVA / 10kVA \n    ≤ 1% carga linear \n    ≤ 4% carga não-linearBaterias\nn  Composição:  \n    •    72  VDC - 3,0 kVA \n    •     240 VDC - 6,0 kVA \n    •     240 VDC - 10,0 kVA \nn  Sistema de Recarga: \ncontrolado, automático\nn Tempo de Recarga:  \n8 a 10 horas para 90% da carga\nn Tipo: \nseladas, isentas de manutenção\nn  Paralelismo Redundante (N+1) \n»  Disponível nas potências de 6 e 10kVA\nn By-pass estático (inteligente):  \nO termo inteligente aplica-se, visto que a linha \nComposition XV  possui desligamento da saída da \nchave estática em condições que, a tensão da rede \napresenta variações fora da faixa de trabalho, prote -\ngendo a carga contra sub ou sobre tensão mesmo \nna condição de by-pass estático.', 'Retificador\nConverte a ener gia da r ede elétrica da \nconcessionária ou do g rupo gerador em \ncorrente contínua, corrig indo ou eliminando \ndistúr bios da entrada do sistema .Inversor\nConverte a corr ente contínua do r etificador \nou das baterias em corr ente alternada de \nsaída, com f orma de onda senoidal pura, \nlivre de distúr bios .Bypass Estático *\nSistema de pr oteção que , em caso de pr oblemas , \ntransf ere automaticamente a car ga para um cir cuito \nalternativo , sem interrupção no f ornecimento de ener gia. \nSaída Rede Elétric a\nde Entr ada\nCorr ente Alternada de Entrada Corrente Alternada de Saída Corr ente Contínua Corrente Alternada Bypass Estático \nOSD  N LI A NM EO AC R EM SCISO\n90012015\nAv. Eng . Alber to de Zagottis , 760 - 04675-085 -  São P aulo - SP\nTel.: (11) 5696-5000  \nwww.cmcomandos .com.brESTABILIZADOR ELETRÔNIC O PERFECTION MI S2\nSaída\nTensão:  \n• 110 V ( standar d )\n    • 220 V ( standar d )\n    • 110 +110 V ( standar d )\nPotências Disponív eis:  \n   \n    •2 kV A \n  \n    •3 kV A \n   \n    •5 kV A \n   \n    •7,5 kV A\n   \n    •10 kV A\n   \n    •15 kV A \nRegulação Estática:   ±1% nominal\nTempo de Resposta:  0\n Freqüência:  50 ou 60 H z \nVariação de F reqüência:  ±0,05%\nConfigur ação:  monofásica   F + N + T ou F + F + T\nForma de Onda:   senoidal\nDistorção Harmônica THD:  inferior a 1%, total\nFator de Crista:  3:1\nFator de P otência:  0,7\nCapacidade de Sobr ecar ga:  125% durante25s\nProteção de C urto-Cir cuito:   Simn   \n    \nn   \n \nn   \nn   \nn  \nn    \nn   \nn   \nn   \nn   \nn   \nn   \nn   \nn   Corrente de C urto-Cir cuito:   2 x I nominalProteções Elétricas\nSub e Sobr e Tensão de Entrada e Saída \nSobr ecar ga e C urto-Circuito\nSobr e Temperaturan   \nn   \nn   Bypass Estátic o*\nAcionamento:  automático contr olado pelo DSP\nTempo de Transf erência:  0 milissegundos ( nulo)\nRetr ansf erência ao Modo Normal:  automátican   \nn   \nn  Entr ada\nTensão:  \n  \n    •Biv olt 110 e 220 V ( automático ) 2 e 3kV A\n  \n    •220V ( standar d ) 5 a 15 kV A\n  \n    •110 V ( Opicional )\n \nVariação A dmissív el: ± 20% da tensão nominal\nFreqüência:  50 ou 60 H z \n \nVariação de F reqüência A dmissív el: ± 6%\n     \n Configur ação:  monofásica: F + N + Tou F + F + Tn   \nn   \nn   \nn   \nn  \nCaracterísticas Físicas e Mecânicas\n Dimensões Compac tas \n Estrutura  do G abinete: \n   \n    •Rack: metálico ,']","A frequência de 50 ou 60 Hz é crucial na configuração de sistemas elétricos, pois determina a compatibilidade e o funcionamento adequado dos equipamentos conectados à rede elétrica. Essa frequência é padrão em muitos países e influencia a operação de dispositivos elétricos, como transformadores e motores, garantindo eficiência e segurança. Além disso, a variação da frequência admissível é importante para a estabilidade do sistema, evitando danos a equipamentos sensíveis e assegurando um fornecimento de energia confiável.","A frequência de 50 ou 60 Hz é importante na configuração de sistemas elétricos para garantir a compatibilidade e o funcionamento adequado dos equipamentos, além de manter a estabilidade e a eficiência do sistema elétrico.",0.9999999999,0.0,0.0,0.0,0.9479031332203856,0.0,0.4,0.9043803767278504,0.3574144486692014,0.4496124031007752,0.0,0.0,1,0,1,1,1
Qual é a importância do termo 'BEN' no contexto apresentado?,"['TECNOLOGIA  EQUALIZER\nEqualização A tiva Individual das Ba terias\n O módulo de bater ia ativ o regula individualmente a \ntensão de cada bater ia e as mantém homogêneas , \nelevando a sua durabilidade , capacidade e r esistência \ncontra cor rosão e sulfatação .\nEvita e pr otege c ontr a Ex cesso de C arga\nAtrav és da Equalização Ativa as bater ias são pr oteg idas \nindividualmente contra o ex cesso de car ga, pr evenindo -\nas contra exalação de gases , secagem do eletr ólito \ninter no e do aquecimento inter no em ex cesso .\nEvita e pr otege c ontr a Falta de C arga\nA Equalização Ativa individual das bater ias impede que \nas mesmas r ecebam menor tensão que dev eriam, \nevitando -se a sulfatação e a per da de capacidade .\nIndicador de P roblemas da Ba teria\nAtrav és da medição da Tensão , Impedância e \nTemperatura, o sistema monitora os pr oblemas típicos \ndas bater ias, tais como sulfatação , cor rosão , per da de \ngases , secagem do eletr ólito e aquecimento inter no.Elimina a Sulfa tação das Ba terias\nO pr oblema decor re dos car regador es e r etificador es de \nbater ias, que r egulam a tensão de flutuação ou \nequalização na tensão final das bater ias e não garantem \nque em algumas  bater ias elas r ecebam maior tensão e , \nem outras , menor tensão . Atrav és da Equalização Ativa, \nmantêm-se todas as bater ias com tensão equilibrada.\nProteção c ontr a contaminação de ba terias\nAtrav és da Equalização Ativa individual de cada bater ia, \nevitam-se danos de uma bater ia a outras bater ias \npróximas , o ef eito de contaminação , ou seja, uma bater ia \nruim danifica as boas .\nOtimização da capacidade das ba terias\nGraças à Equalização Ativa, o Equaliz er garante a plena \nrecar ga e a máxima otimização da bater ia.\nAler ta par a substituir ba terias\nAtrav és da análise da cur va de impedância, pode -se \nidentificar a tendência, já na fase inicial de instalação , se \nalguma bater ia está deter iorada ou simplesmente mais \nfraca do que as outras . Quanto antes ef etuar este \ndiag nóstico , melhor será para o r estante da vida útil das \ndemais bater ias.Alarmes de ba teria\nAtrav és do monitoramento dos parâmetr os-chav e das \nbater ias e medições de limites pr eestabelecidos , o \nsistema en via avisos de alar mes automaticamente aos \nadministrador es do sistema.\nManutenção à distância \nO Equaliz er melhora a qualidade do ser viço, fornecendo \nmonitoramento r emoto atrav és da I nternet, VPN ou \noutra r ede, para faz er download de dados em tempo \nreal e acesso ao histór ico da bater ia para análise . \nManutenção sem desligar o sistema\nOs testes de bater ia individuais são possív eis \nremotamente , sem o esf orço para desligar as bater ias. \nAs manutenções e as análises  de bater ia podem ser \nrealizadas em condições r eais de operação , sem a \nnecessidade de paradas no sistema.\nOtimiza a manutenção em campo\nA equipe de manutenção se desloca somente quando \nhá inter venções cor retivas e dir etas na bater ia que \napresentar def eito na ocor rência de alar mes ou na \nanálise de diag nóstico e , é clar o, reduz enor mes custos \noperacionais .', 'Equaliz erActive Batt ery Mangement\nBENEFÍCIOS\nEstende a vida útil das baterias\nO sistema de Equalização Ativa mantém as baterias em condições \nideais, maximizando a sua vida útil. Reduz a necessidade de troca das \nbaterias e reduz o custo.\nRedução de Custo de Propriedade\nProlonga a vida útil das baterias, reduz o período de trocas e \nautomatiza a manutenção, reduzindo enormes custos com \nintervenções manuais.\nEcológico e Sustentável\nNa era da sustentabilidade, reduzir o consumo de baterias significa \nusar menos recursos e gerar menos descartes no meio ambiente.Análise da Vida Útil da Bateria\nAnalisa a curva de carga e descarga de um banco de baterias e \nacompanhe a evolução da vida útil, algo que é impraticável fazer \nmanualmente.Minimiza o Downtime por falha da bateria\nO prejuízo decorrente de uma queda do sistema por falha de bateria \ngera um valor incalculável para a sua operação.CARACTERÍSTICAS  \nPRINCIPAIS\nEqualização Ativa Individual do Banco de Baterias\nEleva a vida útil e a confiabilidade das baterias. \nPermite que as baterias atinjam a máxima vida útil de operação.\nAutomatização da Manutenção das Baterias\nO sistema mantém as baterias em condições ideais automaticamente. \nA análise e o diagnóstico são realizados à distância, individualmente e \nsem precisar desligar o sistema.\nMonitoramento em Tempo Real das Baterias\nMonitora a condição das baterias em tempo real à distância,  de \nforma eficiente e reduzindo o elevado custo com intervenções \nmanuais.Medição da Impedância da Bateria\nA Impedância interna é o parâmetro real da condição da bateria. \nAlém disso, mede a tensão e temperatura individual de cada bateria e \ngrava na memória.Previne contra quedas do sistema por defeito nas baterias\nO sistema monitora constantemente as baterias individualmente e \nenvia alarmes antes de ocorrer um problema.\nCONFIGURAÇÃO DO BANCO DE BATERIAS\nAPLICAÇÕES\nn   \nn   \n Banc os de Ba terias:\n• Sist emas No -Breaks\n• Retificador es de Telecomunicações\n• Ener gia Solar e Eólica\n• Compatív el com t odas as mar cas \nde equipament os, independent e \ndo fabr icant e.\nTipos :\n• Seladas Reguladas por Válvula VRLA\n• Estacionár ias\n• 12VDC e 2VDC']","O termo 'BEN' não é mencionado no contexto apresentado, portanto, não há informações disponíveis sobre sua importância.","O termo 'BEN' é mencionado em um contexto técnico, mas a importância específica não é clara a partir do texto fornecido.",0.49999999995,0.0,0.0,0.5,0.999999467919912,1.0,0.5,0.8595593977118869,0.4083333333333333,0.3181818181818182,0.0,0.0,1,1,0,1,1
Qual é a função do disjuntor no processo de manutenção do No-Break descrito no manual?,"['TECNOLOGIA ON LINE COM BYPASS ESTÁTICO DE MANUTENÇÃO\nINTERFACE DE GERENCIAMENTO REMOTO\nAs Interfaces de Gerenciamento Remoto são compostas por diversas ferramentas, sendo elas: \n•  O Adaptador SNMP que permite gerenciar remotamente o No-Break via Internet através de um web browser,  monitorar o status \ne enviar alertas por e-mail. \n• O software, uma ferramenta de gerenciamento Windows Application e a versão Client é especíﬁ  ca para automatizar o shutdown \nde servidores, podendo desligar automática e simultaneamente vários servidores e estações. \n• O Adaptador Modbus permite integrar o No-Break, via uma porta RS485, a Sistemas de Automação Predial.\nBypass Estático\nSistema de proteção que, em caso de \nproblemas, transfere automaticamente \na carga para um circuito alternativo, sem \ninterrupção no fornecimento de energia.Bypass Estático de Manutenção\nPermite a transferência e o retorno da carga do No-Break para um circuito \nalternativo de fornecimento de energia, para atividades de manutenção. \nEm quaisquer situações, o fornecimento de energia é contínuo, sem \ninterrupções.\nBanco de Baterias\nArmazena energia reserva para alimentar o No-Break \ndurante um período predeterminado, denominado como \ntempo de autonomia do No-Break.Retificador\nConverte a energia da\nrede elétrica da concessionária\n ou do grupo gerador em\ncorrente contínua, corrigindo \nou eliminando distúrbios\nda entrada do sistema.\nCorrente alternada de entradaCorrente contínua Corrente alternada de saída\nCorrente alternada Bypass estáticoCorrente alternada Bypass estático\nde manutenção\nInversor\nConverte a corrente contínua do \nretiﬁ  cador ou das baterias em corrente \nalternada de saída, com forma de onda \nsenoidal pura, livre de distúrbios.\nRetificador\nConverte a energia da\nrede elétrica da concessionária\n ou do grupo gerador em\nInversor\nConverte a corrente contínua do \nretiﬁ  cador ou das baterias em corrente \nalternada de saída, com forma de onda', 'S I S T E M A PA R A L E L O M U LT I AT I V O ( E X C L U S I V O C M C O M A N D O S )\nA CM Comandos Lineares desenvolveu um sistema inovador e pioneiro no mundo de paralelismo entre No Breaks. O sistema Paralelo \nMulti Ativo permite a expansão do sistema, de acordo com sua demanda de consumo, podendo paralelar quantas unidades forem \nnecessárias para atender sua demanda, elevando a capacidade do sistema e a confiabilidade de sua aplicação.\nP O S S I B I L I D A D E D E S O M A T Ó R I A D E  P O T Ê N C I A S\nPermite a ligação para somatória de potência, utilizando dois ou mais No \nBreaks para atingir a demanda da carga total.\nQuando utilizado para somatória de potência, possibilita a ligação de \nNo Breaks com potências diferentes. Quando a ligação for feita com No \nBreaks de potências diferentes, a carga será distribuída \nproporcionalmente. Permite a ligação em paralelo redundante N + 1,  N + 2, N + 3 … N+X,  \npossibilitando o desligamento de uma ou mais unidades mantendo a \ncarga ativa.L I G A Ç Ã O E M P A R A L E L O R E D U N D A N T E\nA comunicação entre os No Breaks consiste no barramento de \ncomunicação comum, por onde transitam informações contendo \nnível de carga, sincronismo e a condição do by pass.C O M U N I C A Ç Ã O E N T R E O S N O B R E A K STodos os No Breaks são autônomos, operam de forma \nindependente no sistema e possuem controle individual.N Ã O E X I S T E N O B R E A K M E S T R E O U E S C R A V OPodem ser paraleladas quantas unidades forem necessárias, \npossibilitando expansão do sistema, de acordo com a demanda de \nconsumo.Q U A N T I D A D E I L I M I T A D A P A R A P A R A L E L I S M O\nM A N U T E N Ç Ã O D O N O B R E A K\nPermite a inserção ou retirada de um No Break no sistema, sem a \nnecessidade de parada.Rede Elétrica\nde Entrada\nSaídaNo Break 1\n Potência de \n30 kVANo Break 2\nPotência de \n10 kVANo Break 3\nPotência de \n20 kVA\nCarga fornecida pelo sistema = 150 kVANo Break 4\nPotência de \n30 kVANo Break 5\nPotência de \n20 kVANo Break 6\nPotência de \n40 kVA\nINTERFACES DE \nGERENCIAMENTO   \nREMOTO\nSão compostas por diversas ferramentas. O \nAdaptador SNMP NetMate permite\ngerenciar remotamente o No Break via a \nInternet através de um web browser,\nmonitorar o status e enviar alertas por e-mail. \nO software IP Power é uma ferramenta de \ngerenciamento  Windows Application e a \nversão Client é específica para  automatizar o \nshutdown de servidores, podendo desligar \nautomática e simultaneamente vários\ns e r v i d o r e s  e  e s t a ç õ e s .\nO Adaptador ArmModbus permite integrar \no  N o  B r e a k ,  v i a  u m a  p o r t a\nRS485, a Sistemas de Automação Predial.']","A função do disjuntor no processo de manutenção do No-Break é permitir a transferência e o retorno da carga do No-Break para um circuito alternativo de fornecimento de energia, garantindo que o fornecimento de energia seja contínuo e sem interrupções durante as atividades de manutenção.","A função do disjuntor no processo de manutenção do No-Break é permitir a manutenção sem desligar a carga, acionando manualmente o disjuntor.",0.0,,0.249999999375,0.0,0.957291364896086,0.0,0.0,0.9309750089454408,0.4111498257839721,0.4675324675324676,0.0,0.0,1,0,1,1,1
Quais são as aplicações mais modernas do DSP no processamento digital de sinais?,"['Alta Tecnologia em\nProcessamento Digital de Sinais - DSP\nHoje esta tecnologia está presente nos mais soﬁ  sticados sistemas eletrônicos devido a sua alta velocidade e conﬁ  abil-\ndade. Processadores Digitais de Sinais são capazes de processar dez milhões de amostragens por segundo. Isso signiﬁ  -\nca processamento em tempo real - o sinal é processado no mesmo instante em que é recebido, sem retardos ou atrasos.Vivemos  em um mundo cada vez mais ágil e prático. Um mundo conectado por processadores, chips, softwares e periféricos.  Mas \nainda não é o bastante, por isso, o mundo caminha para tecnologias de processamento imediato de dados. A CM Comandos está \num passo à frente e oferece aos seus clientes produtos dotados de uma tecnologia revolucionária, denominada Processamento \nDigital de Sinais - DSP .\nToda linha de No-Breaks Composition conta com a tecno-\nlogia DSP . Característica que proporciona alta performa-\nce e conﬁ  abilidade, tornando-os ideais para aplicações de \nmissão crítica. Ou seja, protegem as aplicações nas quais a  \ncontinuidade da operação é de fundamental importância. \nProjetados com o uso intenso dos recursos da tecnologia\nDSP , os No-Breaks Composition agregam novos e avançados \nrecursos que estabelecem um novo conceito em desenvolvi-\nmento, no qual o ﬁ  rmware dos equipamentos pode ser atuali-\nzado acrescentando novas funções em  unidades já instaladas.\nAo pensar em adquirir No-Breaks, conte com as soluções da \nCM Comandos, que asseguram tecnologia de ponta, máxima \nproteção, precisão digital e processamento em tempo real.OS MAIS MODERNOS NO-BREAKS CORPORATIVOS', 'Alta Tecnolog ia em\nProcessament o Dig ital\nde Sinais - DSP\nOS MAIS MODERNOS\nNO-BREAKS CORPORATIVOSVivemos em um mundo cada v ez mais ág il e prático . Um mundo conec tado por pr ocessador es, chips , softwares e \nperiféricos. Mas isso ainda não é o bastant e. Por isso , o mundo caminha para t ecnolog ias de pr ocessament o imediat o \nde dados . A CM C omandos Linear es está um passo à fr ente e of erece aos seus client es pr odut os dotados de uma \ntecnolog ia revolucionár ia, denominada P rocessament o Dig ital de Sinais - - DSP .\nToda a linha de No -Breaks  \nconta com a t ecnolog ia DSP .  Carac terística que \npropor ciona alta per formance e confiabilidade , Conception Multi Ativ o \npara aplicações de missão cr ítica. Ou seja, pr otegem as aplicações nas quais a continuidade da operação é de \nfundamental impor tância.\nequipament os pode ser atualizado , \nacrescentando novas funções em \nunidades já instaladas . Hoje , esta t ecnolog ia está pr esent e nos mais sofisticados sist emas eletr ônicos , devido à sua alta v elocidade e \nconfiabilidade . Processador es Dig itais de Sinais são capaz es de pr ocessar dez milhões de amostragens por segundo . \nIsso sig nifica pr ocessament o em t empo r eal -- o sinal é pr ocessado no mesmo instant e em que é r ecebido , sem \nretardos ou atrasos .\nProjetados com o uso int enso dos r ecursos da t ecnolog ia DSP ,  os No -Breaks C onception Multi Ativ o  ag regam nov os  \ne avançados r ecursos , que estabelecem um nov o conceit o em desen volviment o, no qual o fir mware dos \nAdquir indo No -Breaks , cont e com as \nsoluções da CM C omandos , que \nasseguram t ecnolog ia de ponta, \nmáxima pr oteção , precisão dig ital e \nprocessament o em t empo r eal.  Modelo 300kV A']","As aplicações mais modernas do DSP no processamento digital de sinais incluem sistemas eletrônicos sofisticados que exigem alta velocidade e confiabilidade. Isso abrange áreas críticas onde a continuidade da operação é essencial, como em No-Breaks que protegem aplicações de missão crítica. Além disso, a tecnologia permite o processamento em tempo real, possibilitando que sinais sejam processados instantaneamente, sem retardos ou atrasos. Os dispositivos equipados com DSP também podem ter seu firmware atualizado, adicionando novas funções a unidades já instaladas, o que representa um avanço significativo no desenvolvimento tecnológico.","As aplicações mais modernas do DSP no processamento digital de sinais incluem diversas tecnologias avançadas, embora o contexto fornecido não detalhe especificamente quais são essas aplicações.",0.0,1.0,0.3333333322222222,1.0,0.9948017716936308,1.0,0.0,0.8291572277429369,0.2570093457943925,0.2595419847328244,0.0,0.0,1,0,1,1,1
Quais são as vantagens do modelo cliente-server em sistemas de gerenciamento?,"['TECNOLOGIA  ON  LINE  COM  BYPASS\nESTÁTICO  DE  MANUTENÇÃO\nCARACTERÍSTICAS  PRINCIPAIS\nTecnologia Avançada \nDSP  (Digital Signal Processor)\nMedições em True RMS com Precisão de \nMultímetros\nBypass Estático de Manutenção\nSoftware de Gerenciamento Remoto Real-Time \nSistema Paralelo Multi Ativo (Exclusivo CM)Permite funções avançadas e exclusivas em \ntempo real.\nPermite que sejam rastreados para análise.\nSão ideais para a medição de cargas não lineares.\nAdicionam proteção e elevam a confiabilidade da \ncarga sensível.\nVia TCP/IP,  com proteção de senhas para acesso \nremoto, shutdown.\nPodem ser paraleladas quantas unidades forem \nnecessárias, possibilitando expansão do sistema, \nde acordo com a demanda de consumo.Memória Interna para Registro de EventosDisplay TFT 4,3"" Touch Screen\n(Item de Série)\nPossibilidade de Upgrade do Firmware do \nDSP \nAcionamentos Monitorados pelo  DSP\nControle Inteligente da Velocidade dos \nCoolersModerna tela com comandos por toque, que \npermite acesso ao No-Break pela internet.\nGarante a utilização e preservação do \ninvestimento.\nAs manobras são registradas e gravadas no \nlog de eventos.\nProlongam a vida útil dos equipamentos \ne reduzem os intervalos de manutenção. Saída Rede Elétric a\nde En trada\nCorrente Alt ernada de Entrada\nCorrente ContínuaCorrente Alternada de Saída\nCorrente Alternada B ypass Estático  Corr ente Alternada B ypass Estático \nde Manutenção Bypass Estático de Manutenção\nPermite a transf erência e o r etorno da car ga do No -Break \npara um cir cuito alter nativ o de f ornecimento de ener gia, \npara atividades de manutenção . Em quaisquer situações , \no fornecimento de ener gia é contínuo , sem \ninter rupções .\nRetificador\nConverte a ener gia da \nrede elétr ica da \nconcessionár ia ou do \ngrupo gerador em \ncorrente contínua, \ncorrigindo ou \neliminando distúr bios   \nda entrada do sistema.Inversor\nConverte a cor rente contínua do \nretificador ou das bater ias em cor rente \nalter nada de saída, com f orma de onda \nBanco de Baterias\nArmaz ena ener gia reser va para alimentar o No -Break \ndurante um per íodo pr edeter minado , denominado Bypass Estático\nSistema de pr oteção \nque, em caso de \nproblemas , transf ere \nautomaticamente a \ncarga para um \ncircuito alter nativ o, \nsem inter rupção no \nfornecimento de \nener gia. Rede Pr esente\nFalha de R ede\nBypass Estátic o\nBypass Estátic o de\n Manutenç ãoNo-Break C onception M ulti A tivo\nTrifásico\nINTERFACES DE \nGERENCIAMENTO   \nREMOTO\nSão compostas por div ersas \nferramentas . O A daptador SNMP \nNetM ate per mite ger enciar \nremotament e o No -Break via a I nternet \natravés de um w eb br owser , monit orar \no status e en viar aler tas por e -mail . \nO sof tware IP P ower é uma f erramenta \nde ger enciament o  Windows \nApplication e a v ersão Client é \nespecífica para  aut omatizar o \nshut down de ser vidor es, podendo \ndesligar aut omática e simultaneament e \nvários ser vidor es e estações . \nO Adaptador Ar mModbus per mite \nintegrar o No -Break, via uma por ta \nRS485, a Sist emas de A utomação \nPredial .DISPLAY TFT 4,3 ‘’ \nTOUCH SCREEN\nCOMANDO POR TOQUE', 'S I S T E M A PA R A L E L O M U LT I AT I V O ( E X C L U S I V O C M C O M A N D O S )\nA CM Comandos Lineares desenvolveu um sistema inovador e pioneiro no mundo de paralelismo entre No Breaks. O sistema Paralelo \nMulti Ativo permite a expansão do sistema, de acordo com sua demanda de consumo, podendo paralelar quantas unidades forem \nnecessárias para atender sua demanda, elevando a capacidade do sistema e a confiabilidade de sua aplicação.\nP O S S I B I L I D A D E D E S O M A T Ó R I A D E  P O T Ê N C I A S\nPermite a ligação para somatória de potência, utilizando dois ou mais No \nBreaks para atingir a demanda da carga total.\nQuando utilizado para somatória de potência, possibilita a ligação de \nNo Breaks com potências diferentes. Quando a ligação for feita com No \nBreaks de potências diferentes, a carga será distribuída \nproporcionalmente. Permite a ligação em paralelo redundante N + 1,  N + 2, N + 3 … N+X,  \npossibilitando o desligamento de uma ou mais unidades mantendo a \ncarga ativa.L I G A Ç Ã O E M P A R A L E L O R E D U N D A N T E\nA comunicação entre os No Breaks consiste no barramento de \ncomunicação comum, por onde transitam informações contendo \nnível de carga, sincronismo e a condição do by pass.C O M U N I C A Ç Ã O E N T R E O S N O B R E A K STodos os No Breaks são autônomos, operam de forma \nindependente no sistema e possuem controle individual.N Ã O E X I S T E N O B R E A K M E S T R E O U E S C R A V OPodem ser paraleladas quantas unidades forem necessárias, \npossibilitando expansão do sistema, de acordo com a demanda de \nconsumo.Q U A N T I D A D E I L I M I T A D A P A R A P A R A L E L I S M O\nM A N U T E N Ç Ã O D O N O B R E A K\nPermite a inserção ou retirada de um No Break no sistema, sem a \nnecessidade de parada.Rede Elétrica\nde Entrada\nSaídaNo Break 1\n Potência de \n30 kVANo Break 2\nPotência de \n10 kVANo Break 3\nPotência de \n20 kVA\nCarga fornecida pelo sistema = 150 kVANo Break 4\nPotência de \n30 kVANo Break 5\nPotência de \n20 kVANo Break 6\nPotência de \n40 kVA\nINTERFACES DE \nGERENCIAMENTO   \nREMOTO\nSão compostas por diversas ferramentas. O \nAdaptador SNMP NetMate permite\ngerenciar remotamente o No Break via a \nInternet através de um web browser,\nmonitorar o status e enviar alertas por e-mail. \nO software IP Power é uma ferramenta de \ngerenciamento  Windows Application e a \nversão Client é específica para  automatizar o \nshutdown de servidores, podendo desligar \nautomática e simultaneamente vários\ns e r v i d o r e s  e  e s t a ç õ e s .\nO Adaptador ArmModbus permite integrar \no  N o  B r e a k ,  v i a  u m a  p o r t a\nRS485, a Sistemas de Automação Predial.']","O modelo cliente-servidor em sistemas de gerenciamento oferece várias vantagens, incluindo a capacidade de gerenciar remotamente dispositivos, como No Breaks, através da internet. Isso permite monitorar o status dos sistemas e enviar alertas em tempo real. Além disso, a automação de processos, como o desligamento simultâneo de servidores e estações, melhora a eficiência operacional. A integração com sistemas de automação predial também é facilitada, permitindo uma gestão mais centralizada e eficaz dos recursos.","As vantagens do modelo cliente-servidor em sistemas de gerenciamento incluem a capacidade de suportar múltiplos usuários e a centralização dos recursos em servidores, o que facilita o gerenciamento e a manutenção do sistema.",0.0,0.0,0.0,0.0,0.9569488135410168,0.625,0.17,0.7684792184595015,0.2926356589147286,0.3114754098360656,0.0,0.0,1,1,1,1,1
significado de 'Po' lti-S.O,"['Digital Signal ProcessorNo-BreakMulti Ativo\nTrifásico\nCM COMANDOS LINEARESCONCEPTION', 'CM COMANDOS LINEARES\nOSDN LI A NM EO AC REM SCISO\n9001\n2015\nSistema de \nSustentabilidade AuditadaAv. Eng. Alberto de Zagottis, 760 - 04675-085 - São Paulo - SP\nTel.: (11) 5696-5000 - Fax: (11) 5696-5055\nwww.cmcomandos.com.brOSD L NI A NM EA OR CEM SCISO\n9001\n2015']","O termo ""Po"" lti-S.O não é explicado diretamente nas informações fornecidas. Para entender seu significado, seria necessário consultar uma fonte adicional que forneça definições ou explicações sobre esse termo específico.","O significado de 'Po' lti-S.O não é claro no contexto fornecido, que apenas menciona 'lti-S.O .Po'.",0.0,1.0,0.0,0.3333333333333333,0.0,1.0,0.86,0.8526428804965691,0.2398190045248869,0.2758620689655172,0.0,0.0,1,1,1,1,0
